100 	 102 	 6.2418109767e-01 	 3.4682149918e-02
200 	 205 	 5.9228141542e-01 	 1.4644114225e-02
300 	 307 	 5.8566849146e-01 	 1.3228344246e-02
400 	 408 	 5.8360208017e-01 	 8.2265752379e-03
500 	 512 	 5.8283990976e-01 	 3.6387032366e-03
600 	 616 	 5.8257842916e-01 	 1.4751508223e-03
700 	 718 	 5.8250203584e-01 	 1.1069954091e-03
800 	 820 	 5.8248206833e-01 	 3.3634174961e-04
900 	 923 	 5.8247165576e-01 	 3.6131164593e-04
1000 	 1025 	 5.8246210278e-01 	 6.7455788228e-04
1100 	 1126 	 5.8245187895e-01 	 4.6547937121e-04
1200 	 1228 	 5.8244235571e-01 	 3.2523304809e-04
1300 	 1329 	 5.8243637587e-01 	 2.6213731763e-04
1400 	 1431 	 5.8243065284e-01 	 4.9772055303e-04
1500 	 1533 	 5.8242609535e-01 	 2.7510838226e-04
1600 	 1634 	 5.8242302647e-01 	 3.4849101365e-04
1700 	 1736 	 5.8241979028e-01 	 2.1146580796e-04
1800 	 1838 	 5.8241615191e-01 	 2.9289793554e-04
1900 	 1944 	 5.8241359102e-01 	 2.6810448084e-04
2000 	 2047 	 5.8241127971e-01 	 1.7650217839e-04
2100 	 2149 	 5.8240892024e-01 	 1.7657069576e-04
2200 	 2249 	 5.8240699028e-01 	 2.0532330433e-04
2300 	 2350 	 5.8240560479e-01 	 1.2051054995e-04
2400 	 2453 	 5.8240402240e-01 	 2.1809794949e-04
2500 	 2556 	 5.8240296831e-01 	 1.5110259628e-04
2600 	 2659 	 5.8240204022e-01 	 8.5370358405e-05
2700 	 2761 	 5.8240094218e-01 	 1.7911898173e-04
2800 	 2861 	 5.8239990857e-01 	 2.3951052870e-04
2900 	 2964 	 5.8239879357e-01 	 2.3108710420e-04
3000 	 3066 	 5.8239766533e-01 	 2.1937240415e-04
3100 	 3170 	 5.8239690199e-01 	 1.0550367101e-04
3200 	 3274 	 5.8239633153e-01 	 1.0355812986e-04
3300 	 3378 	 5.8239573688e-01 	 7.1196135434e-05
3400 	 3481 	 5.8239497934e-01 	 9.0655992570e-05
3500 	 3582 	 5.8239448787e-01 	 1.0828037783e-04
3600 	 3683 	 5.8239412877e-01 	 6.6705463599e-05
3700 	 3786 	 5.8239386215e-01 	 6.3646620241e-05
3800 	 3888 	 5.8239363399e-01 	 5.7071795123e-05
3900 	 3992 	 5.8239341703e-01 	 3.8506666383e-05
4000 	 4094 	 5.8239318701e-01 	 5.1577302979e-05
4100 	 4197 	 5.8239299252e-01 	 4.8312212319e-05
4200 	 4299 	 5.8239279580e-01 	 3.8299297612e-05
4300 	 4401 	 5.8239251217e-01 	 6.9591525506e-05
4400 	 4503 	 5.8239218009e-01 	 4.8123574693e-05
4500 	 4606 	 5.8239190187e-01 	 7.6035454854e-05
4600 	 4708 	 5.8239169149e-01 	 1.4870760925e-04
4700 	 4810 	 5.8239150377e-01 	 7.6737097949e-05
4800 	 4910 	 5.8239135669e-01 	 4.8072133734e-05
4900 	 5012 	 5.8239124549e-01 	 3.4275377309e-05
5000 	 5113 	 5.8239112091e-01 	 3.7198217306e-05
5100 	 5216 	 5.8239101479e-01 	 8.4015879082e-05
5200 	 5318 	 5.8239093748e-01 	 2.8715777619e-05
5300 	 5419 	 5.8239089316e-01 	 2.9872531916e-05
5400 	 5523 	 5.8239085284e-01 	 1.8560271519e-05
5500 	 5626 	 5.8239081284e-01 	 2.4769446113e-05
5600 	 5728 	 5.8239077634e-01 	 1.9788730962e-05
5700 	 5831 	 5.8239074073e-01 	 1.6034636432e-05
5800 	 5932 	 5.8239071173e-01 	 1.4350851691e-05
5900 	 6034 	 5.8239068874e-01 	 4.0104276951e-05
6000 	 6137 	 5.8239066845e-01 	 2.0560474251e-05
6100 	 6240 	 5.8239065246e-01 	 1.4176533900e-05
6200 	 6342 	 5.8239063460e-01 	 1.4431033113e-05
6300 	 6444 	 5.8239062000e-01 	 1.8744797987e-05
6400 	 6546 	 5.8239060848e-01 	 1.3442430821e-05
6500 	 6647 	 5.8239059891e-01 	 1.6389931701e-05
6600 	 6750 	 5.8239058829e-01 	 1.2685443194e-05
6700 	 6852 	 5.8239057865e-01 	 1.6170313598e-05
6800 	 6953 	 5.8239056925e-01 	 1.1570016288e-05
6900 	 7057 	 5.8239055967e-01 	 8.9403875651e-06
7000 	 7159 	 5.8239055075e-01 	 9.8752930137e-06
7100 	 7261 	 5.8239054230e-01 	 9.9054520969e-06
7200 	 7363 	 5.8239053525e-01 	 1.6571452986e-05
7300 	 7463 	 5.8239052833e-01 	 9.3619437663e-06
7400 	 7566 	 5.8239052372e-01 	 6.9565555140e-06
7500 	 7668 	 5.8239052015e-01 	 6.1960434881e-06
7600 	 7769 	 5.8239051614e-01 	 6.1997803034e-06
7700 	 7872 	 5.8239051242e-01 	 5.8699450121e-06
7800 	 7973 	 5.8239050917e-01 	 8.3734566672e-06
7900 	 8074 	 5.8239050603e-01 	 7.1532475294e-06
8000 	 8175 	 5.8239050252e-01 	 7.0548777998e-06
8100 	 8276 	 5.8239049843e-01 	 6.3314566014e-06
8200 	 8379 	 5.8239049426e-01 	 5.9450512490e-06
8300 	 8482 	 5.8239048864e-01 	 8.6937559555e-06
8400 	 8584 	 5.8239048412e-01 	 1.4254368178e-05
8500 	 8687 	 5.8239047909e-01 	 5.7409355888e-06
8600 	 8789 	 5.8239047490e-01 	 7.6563014260e-06
8700 	 8890 	 5.8239047131e-01 	 8.7643200212e-06
8800 	 8992 	 5.8239046786e-01 	 7.9335385742e-06
8900 	 9095 	 5.8239046436e-01 	 8.0209320257e-06
9000 	 9197 	 5.8239045981e-01 	 6.0129458441e-06
9100 	 9301 	 5.8239045685e-01 	 7.1993271431e-06
9200 	 9404 	 5.8239045458e-01 	 4.3029602528e-06
9300 	 9507 	 5.8239045232e-01 	 5.4568054195e-06
9400 	 9609 	 5.8239044994e-01 	 4.3211082458e-06
9500 	 9711 	 5.8239044744e-01 	 6.1035585494e-06
9600 	 9816 	 5.8239044497e-01 	 4.1689427776e-06
9700 	 9918 	 5.8239044279e-01 	 5.7701268230e-06
9800 	 10022 	 5.8239044071e-01 	 4.2367129188e-06
9900 	 10125 	 5.8239043890e-01 	 5.0402378034e-06
10000 	 10226 	 5.8239043736e-01 	 8.8271810203e-06
10100 	 10330 	 5.8239043625e-01 	 5.0171938805e-06
10200 	 10433 	 5.8239043492e-01 	 3.8340648787e-06
10300 	 10534 	 5.8239043331e-01 	 3.6854559813e-06
10400 	 10636 	 5.8239043095e-01 	 7.0594913003e-06
10500 	 10736 	 5.8239042844e-01 	 1.0549156313e-05
10600 	 10839 	 5.8239042591e-01 	 4.5579657578e-06
10700 	 10943 	 5.8239042360e-01 	 4.2793140262e-06
10800 	 11045 	 5.8239042157e-01 	 7.0891025903e-06
10900 	 11147 	 5.8239041842e-01 	 5.3124756714e-06
11000 	 11250 	 5.8239041570e-01 	 6.1682369349e-06
11100 	 11353 	 5.8239041224e-01 	 8.6883464000e-06
11200 	 11455 	 5.8239040960e-01 	 5.1924491092e-06
11300 	 11555 	 5.8239040588e-01 	 2.1077662913e-05
11400 	 11656 	 5.8239040061e-01 	 1.9473872518e-05
11500 	 11756 	 5.8239039551e-01 	 2.0717350703e-05
11600 	 11860 	 5.8239039158e-01 	 1.1102398965e-05
11700 	 11961 	 5.8239038683e-01 	 7.6208308070e-06
11800 	 12063 	 5.8239038228e-01 	 1.6542885039e-05
11900 	 12166 	 5.8239037958e-01 	 4.5813894423e-06
12000 	 12267 	 5.8239037786e-01 	 3.9364581482e-06
12100 	 12372 	 5.8239037669e-01 	 3.7516346130e-06
12200 	 12475 	 5.8239037533e-01 	 8.6265025965e-06
12300 	 12577 	 5.8239037384e-01 	 7.4963610938e-06
12400 	 12679 	 5.8239037224e-01 	 4.2475492395e-06
12500 	 12784 	 5.8239037022e-01 	 4.3745494235e-06
12600 	 12884 	 5.8239036863e-01 	 3.9975464307e-06
12700 	 12987 	 5.8239036710e-01 	 7.7630057404e-06
12800 	 13091 	 5.8239036563e-01 	 4.4198105305e-06
12900 	 13196 	 5.8239036405e-01 	 4.4484646963e-06
13000 	 13298 	 5.8239036267e-01 	 5.5323282094e-06
13100 	 13399 	 5.8239036162e-01 	 2.9149100469e-06
13200 	 13503 	 5.8239036079e-01 	 3.2131664765e-06
13300 	 13605 	 5.8239035996e-01 	 3.8754448554e-06
13400 	 13707 	 5.8239035924e-01 	 3.2643230307e-06
13500 	 13808 	 5.8239035853e-01 	 3.1430141261e-06
13600 	 13912 	 5.8239035784e-01 	 2.8576299980e-06
13700 	 14013 	 5.8239035722e-01 	 4.1070127571e-06
13800 	 14117 	 5.8239035661e-01 	 3.5723197143e-06
13900 	 14218 	 5.8239035603e-01 	 4.1880256645e-06
14000 	 14320 	 5.8239035551e-01 	 2.7014620479e-06
14100 	 14423 	 5.8239035500e-01 	 2.1294076197e-06
14200 	 14526 	 5.8239035475e-01 	 1.3004603834e-06
14300 	 14628 	 5.8239035459e-01 	 1.7729008413e-06
14400 	 14729 	 5.8239035437e-01 	 1.3397313572e-06
14500 	 14834 	 5.8239035409e-01 	 1.6260904119e-06
14600 	 14938 	 5.8239035385e-01 	 2.9610677832e-06
14700 	 15042 	 5.8239035355e-01 	 2.9737830656e-06
14800 	 15145 	 5.8239035318e-01 	 2.2729601363e-06
14900 	 15249 	 5.8239035286e-01 	 2.0048600405e-06
15000 	 15351 	 5.8239035246e-01 	 1.5165935126e-06
15100 	 15452 	 5.8239035215e-01 	 2.3133721856e-06
15200 	 15554 	 5.8239035172e-01 	 1.4990019615e-06
15300 	 15657 	 5.8239035124e-01 	 2.5456784045e-06
15400 	 15761 	 5.8239035060e-01 	 3.5421566206e-06
15500 	 15864 	 5.8239034996e-01 	 2.5783315892e-06
15600 	 15967 	 5.8239034933e-01 	 3.5762002183e-06
15700 	 16069 	 5.8239034889e-01 	 1.8526082548e-06
15800 	 16170 	 5.8239034850e-01 	 3.0354693621e-06
15900 	 16270 	 5.8239034816e-01 	 1.7778212856e-06
16000 	 16373 	 5.8239034779e-01 	 1.7903092321e-06
16100 	 16477 	 5.8239034741e-01 	 1.6690263567e-06
16200 	 16581 	 5.8239034699e-01 	 2.8288567280e-06
16300 	 16685 	 5.8239034655e-01 	 1.7625488255e-06
16400 	 16790 	 5.8239034613e-01 	 2.3818166559e-06
16500 	 16892 	 5.8239034580e-01 	 2.1157256152e-06
16600 	 16993 	 5.8239034557e-01 	 1.5223008420e-06
16700 	 17097 	 5.8239034545e-01 	 1.0968848394e-06
16800 	 17199 	 5.8239034534e-01 	 1.5277320046e-06
16900 	 17303 	 5.8239034521e-01 	 1.7334805843e-06
17000 	 17405 	 5.8239034506e-01 	 1.9827535028e-06
17100 	 17508 	 5.8239034495e-01 	 9.5871614958e-07
17200 	 17608 	 5.8239034485e-01 	 1.2196994808e-06
17300 	 17710 	 5.8239034469e-01 	 1.1141813439e-06
17400 	 17812 	 5.8239034448e-01 	 1.6984086394e-06
17500 	 17915 	 5.8239034416e-01 	 3.8929593105e-06
17600 	 18017 	 5.8239034386e-01 	 2.7666690828e-06
17700 	 18121 	 5.8239034359e-01 	 1.4059682050e-06
17800 	 18223 	 5.8239034340e-01 	 1.6490534829e-06
17900 	 18327 	 5.8239034320e-01 	 2.2130433680e-06
18000 	 18431 	 5.8239034299e-01 	 1.0699919922e-06
18100 	 18532 	 5.8239034276e-01 	 1.8983777812e-06
18200 	 18635 	 5.8239034251e-01 	 1.6049525411e-06
18300 	 18738 	 5.8239034228e-01 	 1.9998558242e-06
18400 	 18842 	 5.8239034214e-01 	 1.0417992629e-06
18500 	 18945 	 5.8239034204e-01 	 9.4121494143e-07
18600 	 19049 	 5.8239034195e-01 	 1.5837893982e-06
18700 	 19150 	 5.8239034180e-01 	 1.4545732334e-06
18800 	 19254 	 5.8239034157e-01 	 3.3138135345e-06
18900 	 19356 	 5.8239034132e-01 	 1.9752689895e-06
19000 	 19459 	 5.8239034110e-01 	 1.4276803196e-06
19100 	 19565 	 5.8239034091e-01 	 1.4774292599e-06
19200 	 19668 	 5.8239034077e-01 	 9.5575421571e-07
19300 	 19773 	 5.8239034068e-01 	 1.6445947609e-06
19400 	 19874 	 5.8239034059e-01 	 1.2542387398e-06
19500 	 19975 	 5.8239034052e-01 	 7.4666192382e-07
19600 	 20075 	 5.8239034047e-01 	 8.8834261869e-07
19700 	 20177 	 5.8239034039e-01 	 1.6247311647e-06
19800 	 20278 	 5.8239034031e-01 	 1.0301940479e-06
19900 	 20380 	 5.8239034024e-01 	 1.9990695786e-06
20000 	 20483 	 5.8239034018e-01 	 6.3182877622e-07
20100 	 20589 	 5.8239034013e-01 	 7.1587340072e-07
20200 	 20692 	 5.8239034006e-01 	 8.1950174043e-07
20300 	 20795 	 5.8239033999e-01 	 1.4589416332e-06
20400 	 20896 	 5.8239033992e-01 	 1.3808211177e-06
20500 	 20997 	 5.8239033986e-01 	 1.0392920845e-06
20600 	 21100 	 5.8239033979e-01 	 8.3202048744e-07
20700 	 21202 	 5.8239033971e-01 	 1.0155616351e-06
20800 	 21305 	 5.8239033961e-01 	 1.1197221508e-06
20900 	 21407 	 5.8239033947e-01 	 1.2016230090e-06
21000 	 21510 	 5.8239033931e-01 	 1.0872532511e-06
21100 	 21613 	 5.8239033917e-01 	 1.5764411148e-06
21200 	 21714 	 5.8239033903e-01 	 1.3728983354e-06
21300 	 21817 	 5.8239033882e-01 	 1.7642525676e-06
21400 	 21919 	 5.8239033861e-01 	 2.6639995777e-06
21500 	 22022 	 5.8239033838e-01 	 1.8280945553e-06
21600 	 22125 	 5.8239033822e-01 	 1.0598658625e-06
21700 	 22228 	 5.8239033813e-01 	 6.5061987047e-07
21800 	 22332 	 5.8239033807e-01 	 1.6053499601e-06
21900 	 22433 	 5.8239033800e-01 	 7.8671780760e-07
22000 	 22537 	 5.8239033795e-01 	 7.0862779702e-07
22100 	 22639 	 5.8239033789e-01 	 1.1967714865e-06
22200 	 22741 	 5.8239033785e-01 	 5.5671572451e-07
22300 	 22843 	 5.8239033781e-01 	 6.3175074751e-07
22400 	 22946 	 5.8239033778e-01 	 1.0735000499e-06
22500 	 23048 	 5.8239033776e-01 	 3.4540350911e-07
22600 	 23150 	 5.8239033774e-01 	 3.6564033287e-07
22700 	 23251 	 5.8239033773e-01 	 4.7027804003e-07
22800 	 23354 	 5.8239033771e-01 	 3.9587686793e-07
22900 	 23456 	 5.8239033770e-01 	 4.1757756740e-07
23000 	 23560 	 5.8239033768e-01 	 3.6906383458e-07
23100 	 23663 	 5.8239033767e-01 	 4.0630203373e-07
23200 	 23767 	 5.8239033765e-01 	 4.4849193877e-07
23300 	 23870 	 5.8239033763e-01 	 6.2526259130e-07
23400 	 23975 	 5.8239033760e-01 	 3.9383925316e-07
23500 	 24077 	 5.8239033758e-01 	 7.0539267817e-07
23600 	 24178 	 5.8239033756e-01 	 5.5524195805e-07
23700 	 24280 	 5.8239033754e-01 	 1.0357419611e-06
23800 	 24380 	 5.8239033752e-01 	 5.3729917994e-07
23900 	 24482 	 5.8239033749e-01 	 5.3088088581e-07
24000 	 24584 	 5.8239033747e-01 	 5.1974550713e-07
24100 	 24688 	 5.8239033746e-01 	 2.8209231856e-07
24200 	 24790 	 5.8239033745e-01 	 2.7332032003e-07
24300 	 24893 	 5.8239033744e-01 	 3.2909987103e-07
24400 	 24995 	 5.8239033742e-01 	 8.0202670306e-07
24500 	 25097 	 5.8239033741e-01 	 4.1082967738e-07
24600 	 25199 	 5.8239033740e-01 	 3.7490681446e-07
24700 	 25299 	 5.8239033739e-01 	 3.1919046683e-07
24800 	 25402 	 5.8239033738e-01 	 3.2376855559e-07
24900 	 25505 	 5.8239033737e-01 	 3.0480086657e-07
25000 	 25609 	 5.8239033736e-01 	 3.4340773126e-07
25100 	 25712 	 5.8239033735e-01 	 4.8025337143e-07
25200 	 25815 	 5.8239033734e-01 	 3.5121164406e-07
25300 	 25916 	 5.8239033733e-01 	 4.1335044661e-07
25400 	 26019 	 5.8239033732e-01 	 4.4405600509e-07
25500 	 26122 	 5.8239033732e-01 	 3.6744481737e-07
25600 	 26225 	 5.8239033731e-01 	 1.7271237233e-07
25700 	 26328 	 5.8239033731e-01 	 7.0367608616e-07
25800 	 26430 	 5.8239033730e-01 	 2.7169460049e-07
25900 	 26532 	 5.8239033729e-01 	 2.7457474313e-07
26000 	 26634 	 5.8239033729e-01 	 3.6099552530e-07
26100 	 26736 	 5.8239033727e-01 	 3.7797318918e-07
26200 	 26841 	 5.8239033726e-01 	 5.5653240274e-07
26300 	 26942 	 5.8239033725e-01 	 4.9558024750e-07
26400 	 27045 	 5.8239033724e-01 	 2.7001031580e-07
26500 	 27147 	 5.8239033723e-01 	 4.2157853765e-07
26600 	 27250 	 5.8239033722e-01 	 4.5884427579e-07
26700 	 27352 	 5.8239033721e-01 	 3.4971065139e-07
26800 	 27453 	 5.8239033720e-01 	 3.7122068714e-07
26900 	 27556 	 5.8239033718e-01 	 3.2391358179e-07
27000 	 27658 	 5.8239033716e-01 	 4.4253020346e-07
27100 	 27760 	 5.8239033715e-01 	 4.1022798416e-07
27200 	 27865 	 5.8239033714e-01 	 3.8664409554e-07
27300 	 27968 	 5.8239033713e-01 	 2.3455068346e-07
27400 	 28070 	 5.8239033713e-01 	 4.4347057083e-07
27500 	 28172 	 5.8239033712e-01 	 2.1417709999e-07
27600 	 28276 	 5.8239033712e-01 	 2.4040667654e-07
27700 	 28379 	 5.8239033711e-01 	 4.5234572356e-07
27800 	 28482 	 5.8239033711e-01 	 1.6825945590e-07
27900 	 28586 	 5.8239033710e-01 	 2.7703764877e-07
28000 	 28689 	 5.8239033710e-01 	 3.3128153575e-07
28100 	 28789 	 5.8239033709e-01 	 2.8675081852e-07
28200 	 28890 	 5.8239033708e-01 	 2.8425669473e-07
28300 	 28993 	 5.8239033708e-01 	 2.7858719205e-07
28400 	 29097 	 5.8239033707e-01 	 5.2227432509e-07
28500 	 29200 	 5.8239033707e-01 	 1.6295288671e-07
28600 	 29303 	 5.8239033706e-01 	 1.8367407197e-07
28700 	 29407 	 5.8239033706e-01 	 1.3125738069e-07
28800 	 29511 	 5.8239033706e-01 	 1.7930098624e-07
28900 	 29616 	 5.8239033706e-01 	 1.2838150391e-07
29000 	 29719 	 5.8239033706e-01 	 1.2339402842e-07
29100 	 29824 	 5.8239033706e-01 	 1.0207516186e-07
29200 	 29928 	 5.8239033706e-01 	 1.3839879099e-07
29300 	 30031 	 5.8239033706e-01 	 9.4722545401e-08
29400 	 30132 	 5.8239033705e-01 	 1.1165811135e-07
29500 	 30239 	 5.8239033705e-01 	 1.6421010080e-07
29600 	 30343 	 5.8239033705e-01 	 6.0937852484e-08
29700 	 30450 	 5.8239033705e-01 	 1.8475864760e-07
29800 	 30557 	 5.8239033705e-01 	 6.7090125493e-08
29900 	 30664 	 5.8239033705e-01 	 9.5046438426e-08
30000 	 30775 	 5.8239033705e-01 	 1.8219086797e-07
30100 	 30883 	 5.8239033705e-01 	 6.4836003486e-08
30200 	 30990 	 5.8239033705e-01 	 6.4133979442e-08
30300 	 31095 	 5.8239033705e-01 	 7.3457387109e-08
30400 	 31204 	 5.8239033705e-01 	 4.8198365486e-08
30500 	 31315 	 5.8239033705e-01 	 5.3283263406e-08
30600 	 31424 	 5.8239033705e-01 	 3.9508331543e-08
30700 	 31536 	 5.8239033705e-01 	 3.4509625223e-08
30800 	 31658 	 5.8239033705e-01 	 6.2591632851e-08
30900 	 31771 	 5.8239033705e-01 	 4.3745381985e-08
31000 	 31889 	 5.8239033705e-01 	 2.9494268938e-08
# ---- 
 1 		 31077 	 31987 		 1.2276464541e+00 	 5.8239033705e-01 	 5.9216110809e-08
# ---- 
100 	 103 	 2.4242545682e+00 	 2.2612672210e-02
200 	 204 	 2.4089329989e+00 	 1.2313157243e-02
300 	 308 	 2.4017038199e+00 	 1.0070600840e-02
400 	 413 	 2.3971769565e+00 	 1.2387547808e-02
500 	 515 	 2.3958160759e+00 	 6.7210183466e-03
600 	 617 	 2.3953828498e+00 	 2.7001514109e-03
700 	 718 	 2.3952576189e+00 	 2.4708455838e-03
800 	 819 	 2.3952168351e+00 	 7.7520957851e-04
900 	 923 	 2.3952014700e+00 	 4.7380086699e-04
1000 	 1026 	 2.3951923984e+00 	 3.3574439776e-04
1100 	 1129 	 2.3951879049e+00 	 1.7842314822e-04
1200 	 1231 	 2.3951852800e+00 	 1.4960017746e-04
1300 	 1331 	 2.3951832676e+00 	 2.0124096158e-04
1400 	 1433 	 2.3951811682e+00 	 1.8517537372e-04
1500 	 1536 	 2.3951785740e+00 	 4.9626897215e-04
1600 	 1638 	 2.3951766224e+00 	 2.8398620487e-04
1700 	 1741 	 2.3951749402e+00 	 2.5692721849e-04
1800 	 1844 	 2.3951729941e+00 	 1.5452598619e-04
1900 	 1948 	 2.3951709615e+00 	 1.2558572328e-04
2000 	 2050 	 2.3951695146e+00 	 1.6292100093e-04
2100 	 2152 	 2.3951685803e+00 	 9.2450436356e-05
2200 	 2256 	 2.3951677082e+00 	 9.8539002602e-05
2300 	 2358 	 2.3951668559e+00 	 1.1735354451e-04
2400 	 2459 	 2.3951663468e+00 	 1.3938289182e-04
2500 	 2559 	 2.3951660982e+00 	 6.4380758259e-05
2600 	 2660 	 2.3951658890e+00 	 5.4317435143e-05
2700 	 2762 	 2.3951656899e+00 	 4.3145961644e-05
2800 	 2867 	 2.3951655216e+00 	 8.4587780878e-05
2900 	 2970 	 2.3951654004e+00 	 8.9089552960e-05
3000 	 3074 	 2.3951652723e+00 	 2.9227047666e-05
3100 	 3177 	 2.3951651459e+00 	 2.8248492561e-05
3200 	 3277 	 2.3951650314e+00 	 3.4869158282e-05
3300 	 3382 	 2.3951649322e+00 	 3.6752154053e-05
3400 	 3486 	 2.3951648282e+00 	 4.9558045194e-05
3500 	 3586 	 2.3951647316e+00 	 2.7297739138e-05
3600 	 3689 	 2.3951646490e+00 	 5.5706890551e-05
3700 	 3792 	 2.3951645590e+00 	 3.6017739011e-05
3800 	 3896 	 2.3951644658e+00 	 3.0347168838e-05
3900 	 3998 	 2.3951643955e+00 	 2.7803100360e-05
4000 	 4102 	 2.3951643187e+00 	 2.9568466955e-05
4100 	 4204 	 2.3951642421e+00 	 3.2848907123e-05
4200 	 4305 	 2.3951641656e+00 	 7.2348679260e-05
4300 	 4409 	 2.3951641139e+00 	 2.8234209864e-05
4400 	 4512 	 2.3951640659e+00 	 2.0871928812e-05
4500 	 4616 	 2.3951639907e+00 	 2.8835693741e-05
4600 	 4719 	 2.3951639128e+00 	 6.6273474914e-05
4700 	 4819 	 2.3951638500e+00 	 2.0616075042e-05
4800 	 4923 	 2.3951637972e+00 	 2.3822267869e-05
4900 	 5028 	 2.3951637553e+00 	 2.3029813709e-05
5000 	 5129 	 2.3951637130e+00 	 2.0618026036e-05
5100 	 5230 	 2.3951636687e+00 	 2.2524076789e-05
5200 	 5331 	 2.3951636316e+00 	 1.7590409059e-05
5300 	 5432 	 2.3951635913e+00 	 1.9692773303e-05
5400 	 5536 	 2.3951635443e+00 	 2.5919906770e-05
5500 	 5640 	 2.3951635112e+00 	 3.7504830364e-05
5600 	 5742 	 2.3951634788e+00 	 3.0933846385e-05
5700 	 5844 	 2.3951634514e+00 	 3.5751397265e-05
5800 	 5947 	 2.3951634263e+00 	 1.5402494845e-05
5900 	 6050 	 2.3951634021e+00 	 5.7900920165e-05
6000 	 6152 	 2.3951633780e+00 	 1.4301425784e-05
6100 	 6254 	 2.3951633587e+00 	 1.7518668021e-05
6200 	 6357 	 2.3951633354e+00 	 2.0336913827e-05
6300 	 6460 	 2.3951633139e+00 	 1.3129954710e-05
6400 	 6561 	 2.3951632950e+00 	 1.5362919550e-05
6500 	 6663 	 2.3951632765e+00 	 2.6117358487e-05
6600 	 6767 	 2.3951632595e+00 	 2.1714624803e-05
6700 	 6869 	 2.3951632363e+00 	 1.5111852299e-05
6800 	 6971 	 2.3951632180e+00 	 1.6383490048e-05
6900 	 7074 	 2.3951632066e+00 	 1.5020909619e-05
7000 	 7176 	 2.3951631984e+00 	 7.8162002715e-06
7100 	 7279 	 2.3951631909e+00 	 9.2780436032e-06
7200 	 7383 	 2.3951631801e+00 	 8.4992721520e-06
7300 	 7487 	 2.3951631691e+00 	 1.4952602928e-05
7400 	 7590 	 2.3951631536e+00 	 1.4715424362e-05
7500 	 7691 	 2.3951631383e+00 	 2.0511333530e-05
7600 	 7792 	 2.3951631267e+00 	 1.0550885633e-05
7700 	 7894 	 2.3951631131e+00 	 1.4277418698e-05
7800 	 7997 	 2.3951630973e+00 	 2.9715619257e-05
7900 	 8100 	 2.3951630807e+00 	 9.5051607455e-06
8000 	 8202 	 2.3951630698e+00 	 1.6299215484e-05
8100 	 8303 	 2.3951630615e+00 	 7.4985064594e-06
8200 	 8405 	 2.3951630509e+00 	 1.0842633830e-05
8300 	 8509 	 2.3951630410e+00 	 1.0249678205e-05
8400 	 8610 	 2.3951630329e+00 	 8.0861751225e-06
8500 	 8716 	 2.3951630264e+00 	 8.7358988135e-06
8600 	 8819 	 2.3951630215e+00 	 8.9770869532e-06
8700 	 8921 	 2.3951630168e+00 	 9.8186155130e-06
8800 	 9026 	 2.3951630124e+00 	 6.7219386531e-06
8900 	 9128 	 2.3951630092e+00 	 8.1501353541e-06
9000 	 9230 	 2.3951630068e+00 	 7.2018106986e-06
9100 	 9332 	 2.3951630035e+00 	 6.0242241512e-06
9200 	 9433 	 2.3951630000e+00 	 6.6590533870e-06
9300 	 9535 	 2.3951629976e+00 	 4.4262805196e-06
9400 	 9638 	 2.3951629947e+00 	 8.7054689443e-06
9500 	 9742 	 2.3951629928e+00 	 5.7012796126e-06
9600 	 9844 	 2.3951629912e+00 	 3.9716035020e-06
9700 	 9945 	 2.3951629895e+00 	 8.6640621253e-06
9800 	 10047 	 2.3951629874e+00 	 5.7488253880e-06
9900 	 10149 	 2.3951629847e+00 	 5.2163217329e-06
10000 	 10253 	 2.3951629822e+00 	 8.6761812151e-06
10100 	 10355 	 2.3951629798e+00 	 4.7163546241e-06
10200 	 10458 	 2.3951629780e+00 	 1.2209055431e-05
10300 	 10563 	 2.3951629754e+00 	 4.9621926388e-06
10400 	 10664 	 2.3951629730e+00 	 4.8821443543e-06
10500 	 10767 	 2.3951629713e+00 	 3.0514653395e-06
10600 	 10870 	 2.3951629698e+00 	 1.2187591493e-05
10700 	 10970 	 2.3951629679e+00 	 3.8808046087e-06
10800 	 11071 	 2.3951629660e+00 	 4.6939271711e-06
10900 	 11173 	 2.3951629643e+00 	 4.3469035773e-06
11000 	 11277 	 2.3951629627e+00 	 3.4217437917e-06
11100 	 11379 	 2.3951629611e+00 	 1.2936975573e-05
11200 	 11482 	 2.3951629590e+00 	 3.9978425118e-06
11300 	 11583 	 2.3951629564e+00 	 6.0854361094e-06
11400 	 11686 	 2.3951629537e+00 	 7.0812737198e-06
11500 	 11787 	 2.3951629507e+00 	 5.8887859209e-06
11600 	 11893 	 2.3951629481e+00 	 5.7087442744e-06
11700 	 11998 	 2.3951629460e+00 	 5.2229691181e-06
11800 	 12101 	 2.3951629447e+00 	 3.6799162420e-06
11900 	 12204 	 2.3951629436e+00 	 2.4632977302e-06
12000 	 12306 	 2.3951629428e+00 	 3.9548288305e-06
12100 	 12406 	 2.3951629422e+00 	 8.8152733458e-06
12200 	 12509 	 2.3951629418e+00 	 2.1753890344e-06
12300 	 12613 	 2.3951629414e+00 	 2.4562153260e-06
12400 	 12718 	 2.3951629411e+00 	 1.9846880117e-06
12500 	 12821 	 2.3951629410e+00 	 1.5151546675e-06
12600 	 12922 	 2.3951629409e+00 	 1.4412964812e-06
12700 	 13024 	 2.3951629407e+00 	 1.3016341978e-06
12800 	 13128 	 2.3951629406e+00 	 1.1854570986e-06
12900 	 13231 	 2.3951629405e+00 	 1.1529713974e-06
13000 	 13334 	 2.3951629403e+00 	 1.8134490530e-06
13100 	 13439 	 2.3951629402e+00 	 9.0871109143e-07
13200 	 13541 	 2.3951629401e+00 	 9.9429790512e-07
13300 	 13642 	 2.3951629399e+00 	 1.7098149366e-06
13400 	 13745 	 2.3951629398e+00 	 1.0327237302e-06
13500 	 13845 	 2.3951629396e+00 	 1.3584824044e-06
13600 	 13947 	 2.3951629395e+00 	 2.2833017184e-06
13700 	 14050 	 2.3951629394e+00 	 1.0947826379e-06
13800 	 14152 	 2.3951629393e+00 	 1.2405536544e-06
13900 	 14257 	 2.3951629391e+00 	 1.0162881561e-06
14000 	 14359 	 2.3951629390e+00 	 9.0570510618e-07
14100 	 14462 	 2.3951629389e+00 	 1.1130179643e-06
14200 	 14564 	 2.3951629388e+00 	 1.3505078304e-06
14300 	 14667 	 2.3951629387e+00 	 1.1997874854e-06
14400 	 14767 	 2.3951629386e+00 	 1.2900728838e-06
14500 	 14869 	 2.3951629384e+00 	 1.0375891200e-06
14600 	 14971 	 2.3951629383e+00 	 9.0113605977e-07
14700 	 15074 	 2.3951629382e+00 	 3.0079508667e-06
14800 	 15176 	 2.3951629381e+00 	 1.2812526499e-06
14900 	 15277 	 2.3951629381e+00 	 8.4285080601e-07
15000 	 15381 	 2.3951629380e+00 	 8.8505428951e-07
15100 	 15483 	 2.3951629380e+00 	 9.2854585238e-07
15200 	 15586 	 2.3951629380e+00 	 8.7783949100e-07
15300 	 15689 	 2.3951629380e+00 	 5.0388063125e-07
15400 	 15791 	 2.3951629379e+00 	 1.0288897843e-06
15500 	 15892 	 2.3951629379e+00 	 4.7475526211e-07
15600 	 15993 	 2.3951629379e+00 	 3.7115287661e-07
15700 	 16094 	 2.3951629379e+00 	 5.4893226720e-07
15800 	 16194 	 2.3951629379e+00 	 3.9702569949e-07
15900 	 16295 	 2.3951629378e+00 	 8.0676902411e-07
16000 	 16396 	 2.3951629378e+00 	 5.6396706491e-07
16100 	 16502 	 2.3951629378e+00 	 1.1399425804e-06
16200 	 16604 	 2.3951629377e+00 	 6.1127139091e-07
16300 	 16708 	 2.3951629377e+00 	 1.2229374219e-06
16400 	 16809 	 2.3951629377e+00 	 6.7574515867e-07
16500 	 16911 	 2.3951629377e+00 	 5.2954086078e-07
16600 	 17014 	 2.3951629376e+00 	 4.1907743812e-07
16700 	 17117 	 2.3951629376e+00 	 4.1761383299e-07
16800 	 17219 	 2.3951629376e+00 	 6.3298282350e-07
16900 	 17324 	 2.3951629376e+00 	 5.3538613588e-07
17000 	 17429 	 2.3951629375e+00 	 4.7240506593e-07
17100 	 17531 	 2.3951629375e+00 	 3.4521009364e-07
17200 	 17633 	 2.3951629375e+00 	 3.0223150904e-07
17300 	 17737 	 2.3951629375e+00 	 2.9084347446e-07
17400 	 17839 	 2.3951629375e+00 	 5.3357148741e-07
17500 	 17943 	 2.3951629375e+00 	 3.7781143888e-07
17600 	 18045 	 2.3951629375e+00 	 3.1396851654e-07
17700 	 18147 	 2.3951629375e+00 	 2.7818688611e-07
17800 	 18248 	 2.3951629375e+00 	 3.3736267454e-07
17900 	 18350 	 2.3951629375e+00 	 3.3613317670e-07
18000 	 18450 	 2.3951629375e+00 	 3.8515121812e-07
18100 	 18550 	 2.3951629374e+00 	 2.7324518544e-07
18200 	 18656 	 2.3951629374e+00 	 2.5711841753e-07
18300 	 18759 	 2.3951629374e+00 	 2.3058910409e-07
18400 	 18860 	 2.3951629374e+00 	 2.2973908594e-07
18500 	 18963 	 2.3951629374e+00 	 3.4953252527e-07
18600 	 19069 	 2.3951629374e+00 	 1.9567898012e-07
18700 	 19170 	 2.3951629374e+00 	 1.7842734795e-07
18800 	 19272 	 2.3951629374e+00 	 1.9504284538e-07
18900 	 19377 	 2.3951629374e+00 	 1.9467596221e-07
19000 	 19483 	 2.3951629374e+00 	 3.1636900130e-07
19100 	 19586 	 2.3951629374e+00 	 3.8423935584e-07
19200 	 19688 	 2.3951629374e+00 	 2.2573838305e-07
19300 	 19793 	 2.3951629374e+00 	 2.1966007697e-07
19400 	 19895 	 2.3951629374e+00 	 3.2868444254e-07
19500 	 20000 	 2.3951629374e+00 	 1.5162894517e-07
19600 	 20108 	 2.3951629374e+00 	 1.3402942503e-07
19700 	 20213 	 2.3951629374e+00 	 2.2721203502e-07
19800 	 20315 	 2.3951629374e+00 	 1.7980341016e-07
19900 	 20420 	 2.3951629374e+00 	 2.2160124478e-07
20000 	 20524 	 2.3951629374e+00 	 2.2081577912e-07
20100 	 20627 	 2.3951629374e+00 	 1.9234602707e-07
20200 	 20730 	 2.3951629374e+00 	 1.0986840608e-07
20300 	 20835 	 2.3951629374e+00 	 1.7072525725e-07
20400 	 20943 	 2.3951629374e+00 	 2.1177336918e-07
20500 	 21050 	 2.3951629374e+00 	 1.2365951112e-07
20600 	 21157 	 2.3951629374e+00 	 1.4953260138e-07
20700 	 21269 	 2.3951629374e+00 	 1.3282061308e-07
20800 	 21374 	 2.3951629373e+00 	 1.3366209685e-07
20900 	 21482 	 2.3951629373e+00 	 6.4799921351e-08
21000 	 21592 	 2.3951629373e+00 	 8.2165502822e-08
21100 	 21703 	 2.3951629373e+00 	 2.0542543010e-07
21200 	 21824 	 2.3951629373e+00 	 6.4029538625e-08
# ---- 
 1 		 21249 	 21904 		 2.9938102651e+00 	 2.3951629373e+00 	 6.4746878793e-08
# ---- 
100 	 104 	 5.5302353250e+00 	 2.5422723381e-02
200 	 206 	 5.5187909937e+00 	 1.2891177816e-02
300 	 308 	 5.5107354630e+00 	 1.7469046573e-02
400 	 413 	 5.5053034983e+00 	 6.3927253668e-03
500 	 516 	 5.5033983818e+00 	 4.4604184994e-03
600 	 618 	 5.5027555497e+00 	 2.8561785822e-03
700 	 720 	 5.5025708106e+00 	 1.2260352967e-03
800 	 825 	 5.5025114280e+00 	 7.2506501943e-04
900 	 926 	 5.5024788681e+00 	 9.8071139969e-04
1000 	 1030 	 5.5024434621e+00 	 5.7984465085e-04
1100 	 1132 	 5.5024184267e+00 	 6.2991756897e-04
1200 	 1235 	 5.5023962097e+00 	 6.1595638818e-04
1300 	 1337 	 5.5023763603e+00 	 4.8500926968e-04
1400 	 1440 	 5.5023529849e+00 	 1.5470934461e-03
1500 	 1540 	 5.5023300445e+00 	 1.0299802110e-03
1600 	 1642 	 5.5023135531e+00 	 3.6075009416e-04
1700 	 1745 	 5.5022975600e+00 	 4.6749466953e-04
1800 	 1848 	 5.5022845056e+00 	 4.4766888199e-04
1900 	 1950 	 5.5022654883e+00 	 5.6708772809e-04
2000 	 2052 	 5.5022489174e+00 	 6.6339626427e-04
2100 	 2156 	 5.5022370052e+00 	 4.2570135382e-04
2200 	 2257 	 5.5022282775e+00 	 3.3277755328e-04
2300 	 2359 	 5.5022230921e+00 	 1.7430136439e-04
2400 	 2464 	 5.5022194271e+00 	 2.8042596581e-04
2500 	 2566 	 5.5022158406e+00 	 2.0558951817e-04
2600 	 2667 	 5.5022112657e+00 	 7.3569209525e-04
2700 	 2770 	 5.5022062230e+00 	 2.1988371831e-04
2800 	 2871 	 5.5022003441e+00 	 5.5360599072e-04
2900 	 2973 	 5.5021943683e+00 	 8.7791255228e-04
3000 	 3074 	 5.5021866591e+00 	 3.9047579669e-04
3100 	 3177 	 5.5021790928e+00 	 3.3295509978e-04
3200 	 3281 	 5.5021728717e+00 	 1.9421982089e-04
3300 	 3385 	 5.5021679399e+00 	 5.2501977525e-04
3400 	 3485 	 5.5021626415e+00 	 2.7956210638e-04
3500 	 3589 	 5.5021595322e+00 	 1.9709260718e-04
3600 	 3691 	 5.5021571740e+00 	 1.1007906986e-04
3700 	 3793 	 5.5021556368e+00 	 1.1724506293e-04
3800 	 3897 	 5.5021541690e+00 	 2.9489482405e-04
3900 	 3999 	 5.5021530975e+00 	 8.7352864623e-05
4000 	 4103 	 5.5021516274e+00 	 1.2673179195e-04
4100 	 4206 	 5.5021500870e+00 	 1.7284723220e-04
4200 	 4309 	 5.5021485692e+00 	 1.1791031002e-04
4300 	 4410 	 5.5021470812e+00 	 1.0563165078e-04
4400 	 4514 	 5.5021459370e+00 	 1.1132304639e-04
4500 	 4618 	 5.5021448447e+00 	 2.3714695638e-04
4600 	 4722 	 5.5021435871e+00 	 1.4089857365e-04
4700 	 4824 	 5.5021424301e+00 	 1.3272230550e-04
4800 	 4927 	 5.5021414668e+00 	 1.1768215092e-04
4900 	 5027 	 5.5021404194e+00 	 1.3684377419e-04
5000 	 5127 	 5.5021394204e+00 	 1.1001356414e-04
5100 	 5230 	 5.5021383572e+00 	 1.2108232360e-04
5200 	 5335 	 5.5021372732e+00 	 1.3154096283e-04
5300 	 5437 	 5.5021362072e+00 	 9.6330321429e-05
5400 	 5540 	 5.5021354729e+00 	 9.4260218343e-05
5500 	 5641 	 5.5021349230e+00 	 1.1741936352e-04
5600 	 5744 	 5.5021343872e+00 	 6.7902376881e-05
5700 	 5845 	 5.5021337211e+00 	 8.0389654470e-05
5800 	 5947 	 5.5021331014e+00 	 9.9930130772e-05
5900 	 6050 	 5.5021325493e+00 	 8.2540190330e-05
6000 	 6153 	 5.5021321057e+00 	 6.6684089255e-05
6100 	 6257 	 5.5021317093e+00 	 7.4173590750e-05
6200 	 6361 	 5.5021313687e+00 	 4.7013936111e-05
6300 	 6463 	 5.5021311064e+00 	 4.8042789220e-05
6400 	 6563 	 5.5021309207e+00 	 3.9478459040e-05
6500 	 6666 	 5.5021307720e+00 	 7.1248685947e-05
6600 	 6768 	 5.5021306813e+00 	 2.8957944620e-05
6700 	 6872 	 5.5021305859e+00 	 3.0624597242e-05
6800 	 6973 	 5.5021304981e+00 	 4.0116627526e-05
6900 	 7076 	 5.5021303723e+00 	 8.9623969471e-05
7000 	 7179 	 5.5021302421e+00 	 3.5345033387e-05
7100 	 7284 	 5.5021300863e+00 	 3.6065438635e-05
7200 	 7384 	 5.5021299561e+00 	 3.3179976637e-05
7300 	 7484 	 5.5021298844e+00 	 4.2749892280e-05
7400 	 7585 	 5.5021298411e+00 	 1.8173661304e-05
7500 	 7688 	 5.5021297899e+00 	 3.4961901870e-05
7600 	 7788 	 5.5021297367e+00 	 3.2075291026e-05
7700 	 7892 	 5.5021296891e+00 	 3.4970867614e-05
7800 	 7993 	 5.5021296261e+00 	 2.2999384712e-05
7900 	 8095 	 5.5021295743e+00 	 2.6051103596e-05
8000 	 8197 	 5.5021295143e+00 	 5.0221807179e-05
8100 	 8297 	 5.5021294341e+00 	 6.5320074119e-05
8200 	 8400 	 5.5021293650e+00 	 5.2707867521e-05
8300 	 8503 	 5.5021293035e+00 	 4.8075846362e-05
8400 	 8606 	 5.5021292369e+00 	 4.9069321349e-05
8500 	 8709 	 5.5021291909e+00 	 2.0878871902e-05
8600 	 8811 	 5.5021291569e+00 	 1.5948911365e-05
8700 	 8912 	 5.5021291256e+00 	 1.8574400458e-05
8800 	 9013 	 5.5021290951e+00 	 1.7846109639e-05
8900 	 9115 	 5.5021290643e+00 	 1.5375210839e-05
9000 	 9219 	 5.5021290379e+00 	 1.8277190967e-05
9100 	 9319 	 5.5021290156e+00 	 1.9211315039e-05
9200 	 9421 	 5.5021289970e+00 	 1.2603867828e-05
9300 	 9526 	 5.5021289819e+00 	 2.0650683299e-05
9400 	 9628 	 5.5021289665e+00 	 1.6208247506e-05
9500 	 9729 	 5.5021289529e+00 	 1.1953458835e-05
9600 	 9833 	 5.5021289415e+00 	 1.8944512994e-05
9700 	 9938 	 5.5021289295e+00 	 1.1010987121e-05
9800 	 10041 	 5.5021289190e+00 	 1.2489332188e-05
9900 	 10143 	 5.5021289040e+00 	 2.8124457533e-05
10000 	 10247 	 5.5021288903e+00 	 1.6865437984e-05
10100 	 10349 	 5.5021288762e+00 	 1.4001789616e-05
10200 	 10451 	 5.5021288645e+00 	 2.7161074225e-05
10300 	 10554 	 5.5021288537e+00 	 1.1568238845e-05
10400 	 10656 	 5.5021288405e+00 	 9.7206667325e-06
10500 	 10759 	 5.5021288302e+00 	 9.8253528055e-06
10600 	 10861 	 5.5021288188e+00 	 1.3061985154e-05
10700 	 10964 	 5.5021288056e+00 	 1.2550390359e-05
10800 	 11069 	 5.5021287946e+00 	 9.3291629448e-06
10900 	 11173 	 5.5021287865e+00 	 8.0474088395e-06
11000 	 11276 	 5.5021287787e+00 	 1.3999609689e-05
11100 	 11379 	 5.5021287726e+00 	 6.9006807709e-06
11200 	 11483 	 5.5021287690e+00 	 1.2103566281e-05
11300 	 11584 	 5.5021287673e+00 	 3.9614722793e-06
11400 	 11688 	 5.5021287660e+00 	 6.6035371415e-06
11500 	 11793 	 5.5021287644e+00 	 3.7071779331e-06
11600 	 11896 	 5.5021287629e+00 	 7.3538548290e-06
11700 	 11997 	 5.5021287616e+00 	 3.8209367355e-06
11800 	 12099 	 5.5021287604e+00 	 4.3417242752e-06
11900 	 12204 	 5.5021287595e+00 	 2.6413535432e-06
12000 	 12307 	 5.5021287585e+00 	 4.1978853270e-06
12100 	 12410 	 5.5021287577e+00 	 2.8443572935e-06
12200 	 12511 	 5.5021287569e+00 	 3.9811599615e-06
12300 	 12615 	 5.5021287558e+00 	 3.9585245595e-06
12400 	 12718 	 5.5021287542e+00 	 3.6892559586e-06
12500 	 12824 	 5.5021287524e+00 	 3.9794867728e-06
12600 	 12927 	 5.5021287508e+00 	 4.4438066020e-06
12700 	 13029 	 5.5021287493e+00 	 7.0746706249e-06
12800 	 13131 	 5.5021287475e+00 	 4.2704685495e-06
12900 	 13237 	 5.5021287464e+00 	 3.5480321146e-06
13000 	 13341 	 5.5021287457e+00 	 2.2656509056e-06
13100 	 13442 	 5.5021287450e+00 	 7.0879603616e-06
13200 	 13543 	 5.5021287444e+00 	 2.5129215974e-06
13300 	 13646 	 5.5021287439e+00 	 2.2207355571e-06
13400 	 13748 	 5.5021287436e+00 	 1.7535235445e-06
13500 	 13849 	 5.5021287434e+00 	 1.4460773473e-06
13600 	 13951 	 5.5021287432e+00 	 1.1156293564e-06
13700 	 14052 	 5.5021287431e+00 	 1.2737229949e-06
13800 	 14156 	 5.5021287430e+00 	 1.3202986987e-06
13900 	 14259 	 5.5021287428e+00 	 1.2448897439e-06
14000 	 14361 	 5.5021287427e+00 	 1.0512640308e-06
14100 	 14466 	 5.5021287426e+00 	 1.3525953451e-06
14200 	 14567 	 5.5021287425e+00 	 8.6971004875e-07
14300 	 14669 	 5.5021287424e+00 	 9.9151005494e-07
14400 	 14770 	 5.5021287423e+00 	 6.5915175583e-07
14500 	 14874 	 5.5021287423e+00 	 8.5792236839e-07
14600 	 14976 	 5.5021287422e+00 	 8.2720489376e-07
14700 	 15076 	 5.5021287421e+00 	 7.5995970430e-07
14800 	 15180 	 5.5021287421e+00 	 1.6094023903e-06
14900 	 15282 	 5.5021287420e+00 	 1.1266722759e-06
15000 	 15385 	 5.5021287420e+00 	 1.5455146251e-06
15100 	 15487 	 5.5021287419e+00 	 9.8587238971e-07
15200 	 15589 	 5.5021287418e+00 	 9.0422070914e-07
15300 	 15691 	 5.5021287417e+00 	 7.3373437145e-07
15400 	 15793 	 5.5021287417e+00 	 1.2381946745e-06
15500 	 15894 	 5.5021287416e+00 	 6.5091260077e-07
15600 	 15996 	 5.5021287416e+00 	 7.8987548346e-07
15700 	 16098 	 5.5021287415e+00 	 6.7399914384e-07
15800 	 16199 	 5.5021287415e+00 	 5.2386301023e-07
15900 	 16299 	 5.5021287415e+00 	 7.0121174088e-07
16000 	 16401 	 5.5021287414e+00 	 4.0253000152e-07
16100 	 16503 	 5.5021287414e+00 	 3.3654414014e-07
16200 	 16603 	 5.5021287414e+00 	 1.0607086301e-06
16300 	 16706 	 5.5021287414e+00 	 3.0377184575e-07
16400 	 16808 	 5.5021287414e+00 	 4.4347868152e-07
16500 	 16909 	 5.5021287414e+00 	 6.6009620649e-07
16600 	 17013 	 5.5021287413e+00 	 3.2314996923e-07
16700 	 17117 	 5.5021287413e+00 	 2.3862434389e-07
16800 	 17220 	 5.5021287413e+00 	 3.9876012285e-07
16900 	 17326 	 5.5021287413e+00 	 2.2109744010e-07
17000 	 17432 	 5.5021287413e+00 	 2.5270940368e-07
17100 	 17536 	 5.5021287413e+00 	 2.1217059589e-07
17200 	 17640 	 5.5021287413e+00 	 3.7791282119e-07
17300 	 17748 	 5.5021287413e+00 	 3.7301890611e-07
17400 	 17851 	 5.5021287413e+00 	 2.6278802392e-07
17500 	 17958 	 5.5021287413e+00 	 2.3565502620e-07
17600 	 18064 	 5.5021287413e+00 	 2.7203765181e-07
17700 	 18171 	 5.5021287413e+00 	 3.6115029116e-07
17800 	 18278 	 5.5021287413e+00 	 2.3182050262e-07
17900 	 18383 	 5.5021287413e+00 	 1.5679404118e-07
18000 	 18496 	 5.5021287413e+00 	 3.0796632185e-07
18100 	 18610 	 5.5021287413e+00 	 1.3348133146e-07
18200 	 18715 	 5.5021287413e+00 	 1.8572360659e-07
18300 	 18823 	 5.5021287413e+00 	 1.6464164305e-07
18400 	 18931 	 5.5021287413e+00 	 1.5147985038e-07
18500 	 19036 	 5.5021287413e+00 	 2.4635253911e-07
18600 	 19145 	 5.5021287413e+00 	 8.9929006678e-08
18700 	 19257 	 5.5021287413e+00 	 1.6070726430e-07
18800 	 19368 	 5.5021287413e+00 	 8.2227312670e-08
18900 	 19476 	 5.5021287413e+00 	 1.1074127889e-07
19000 	 19587 	 5.5021287413e+00 	 8.0233449806e-08
19100 	 19702 	 5.5021287413e+00 	 8.5463939732e-08
19200 	 19820 	 5.5021287413e+00 	 3.2364545931e-08
# ---- 
 1 		 19252 	 19892 		 6.0774136537e+00 	 5.5021287413e+00 	 1.1418501980e-07
# ---- 
100 	 104 	 9.9643666100e+00 	 1.1412721189e-02
200 	 207 	 9.9548307399e+00 	 1.0083265254e-02
300 	 311 	 9.9470739828e+00 	 1.0190619322e-02
400 	 413 	 9.9417919952e+00 	 1.0405267540e-02
500 	 515 	 9.9394556793e+00 	 3.9579631220e-03
600 	 619 	 9.9385979332e+00 	 2.5446391622e-03
700 	 720 	 9.9382900230e+00 	 1.7197357672e-03
800 	 822 	 9.9381864069e+00 	 1.1262670835e-03
900 	 923 	 9.9380973550e+00 	 2.1129200240e-03
1000 	 1026 	 9.9380116158e+00 	 9.7889280317e-04
1100 	 1128 	 9.9379506565e+00 	 8.2313901837e-04
1200 	 1231 	 9.9379123305e+00 	 7.0908248500e-04
1300 	 1334 	 9.9378769994e+00 	 1.4220257409e-03
1400 	 1436 	 9.9378444123e+00 	 5.1770275958e-04
1500 	 1539 	 9.9378187672e+00 	 4.8878404936e-04
1600 	 1641 	 9.9377954344e+00 	 4.7612770464e-04
1700 	 1745 	 9.9377737932e+00 	 5.8682173563e-04
1800 	 1846 	 9.9377476889e+00 	 1.2966786510e-03
1900 	 1950 	 9.9377312468e+00 	 5.1679791337e-04
2000 	 2052 	 9.9377195983e+00 	 4.6338394988e-04
2100 	 2156 	 9.9377127802e+00 	 2.1238216024e-04
2200 	 2257 	 9.9377084288e+00 	 4.6199842700e-04
2300 	 2361 	 9.9377048864e+00 	 1.8706461387e-04
2400 	 2462 	 9.9377015879e+00 	 2.4502401926e-04
2500 	 2563 	 9.9376968624e+00 	 4.2892932698e-04
2600 	 2666 	 9.9376912921e+00 	 3.4739314788e-04
2700 	 2771 	 9.9376863577e+00 	 2.5785265092e-04
2800 	 2873 	 9.9376825356e+00 	 2.8221879048e-04
2900 	 2975 	 9.9376795886e+00 	 1.8880334530e-04
3000 	 3078 	 9.9376767675e+00 	 2.2249899947e-04
3100 	 3180 	 9.9376734054e+00 	 3.5190677546e-04
3200 	 3282 	 9.9376708277e+00 	 1.2834596553e-04
3300 	 3382 	 9.9376687855e+00 	 1.6026382129e-04
3400 	 3484 	 9.9376671039e+00 	 2.1030918541e-04
3500 	 3588 	 9.9376655583e+00 	 1.5034439512e-04
3600 	 3689 	 9.9376635905e+00 	 1.7466749410e-04
3700 	 3792 	 9.9376624600e+00 	 1.1458094148e-04
3800 	 3893 	 9.9376614099e+00 	 1.0245705389e-04
3900 	 3997 	 9.9376605793e+00 	 1.6103755783e-04
4000 	 4101 	 9.9376599239e+00 	 8.0741398372e-05
4100 	 4205 	 9.9376592079e+00 	 1.6725008284e-04
4200 	 4307 	 9.9376583284e+00 	 9.5899329412e-05
4300 	 4409 	 9.9376574426e+00 	 1.3302686683e-04
4400 	 4511 	 9.9376566562e+00 	 7.0938395114e-05
4500 	 4614 	 9.9376560173e+00 	 7.9442554198e-05
4600 	 4717 	 9.9376552843e+00 	 2.0875224284e-04
4700 	 4820 	 9.9376547360e+00 	 6.7845202551e-05
4800 	 4922 	 9.9376542474e+00 	 6.9513755668e-05
4900 	 5026 	 9.9376538857e+00 	 9.9771978310e-05
5000 	 5130 	 9.9376535392e+00 	 1.0066757923e-04
5100 	 5232 	 9.9376531711e+00 	 7.7878784440e-05
5200 	 5336 	 9.9376527656e+00 	 8.4250049263e-05
5300 	 5440 	 9.9376524288e+00 	 6.0402322196e-05
5400 	 5543 	 9.9376521942e+00 	 5.8287075944e-05
5500 	 5644 	 9.9376520433e+00 	 3.6917971200e-05
5600 	 5748 	 9.9376518901e+00 	 4.4419305725e-05
5700 	 5851 	 9.9376517598e+00 	 5.3729625779e-05
5800 	 5954 	 9.9376516614e+00 	 2.2511541448e-05
5900 	 6056 	 9.9376515957e+00 	 3.1755152447e-05
6000 	 6159 	 9.9376515337e+00 	 2.0137262622e-05
6100 	 6260 	 9.9376514808e+00 	 2.7583605778e-05
6200 	 6362 	 9.9376514448e+00 	 1.8685448756e-05
6300 	 6464 	 9.9376513939e+00 	 6.4418308847e-05
6400 	 6568 	 9.9376513293e+00 	 2.7672704321e-05
6500 	 6671 	 9.9376512769e+00 	 1.8796010684e-05
6600 	 6774 	 9.9376512456e+00 	 2.4896392777e-05
6700 	 6876 	 9.9376512237e+00 	 1.2478502546e-05
6800 	 6977 	 9.9376511991e+00 	 1.2533680799e-05
6900 	 7081 	 9.9376511817e+00 	 2.1603611914e-05
7000 	 7185 	 9.9376511691e+00 	 1.3683849922e-05
7100 	 7286 	 9.9376511553e+00 	 1.1906226613e-05
7200 	 7389 	 9.9376511395e+00 	 2.0312870094e-05
7300 	 7491 	 9.9376511209e+00 	 1.8181844993e-05
7400 	 7593 	 9.9376510992e+00 	 1.6693757392e-05
7500 	 7695 	 9.9376510771e+00 	 1.5288709098e-05
7600 	 7796 	 9.9376510567e+00 	 1.4526357188e-05
7700 	 7898 	 9.9376510408e+00 	 1.8313634668e-05
7800 	 8001 	 9.9376510331e+00 	 7.2998995623e-06
7900 	 8104 	 9.9376510273e+00 	 7.3087356413e-06
8000 	 8206 	 9.9376510226e+00 	 9.2541764852e-06
8100 	 8307 	 9.9376510187e+00 	 1.6493176531e-05
8200 	 8410 	 9.9376510133e+00 	 7.4120405302e-06
8300 	 8514 	 9.9376510067e+00 	 9.5726111131e-06
8400 	 8616 	 9.9376509984e+00 	 8.2192401288e-06
8500 	 8720 	 9.9376509909e+00 	 8.2412244313e-06
8600 	 8822 	 9.9376509842e+00 	 9.1027583934e-06
8700 	 8923 	 9.9376509772e+00 	 9.1421141838e-06
8800 	 9026 	 9.9376509697e+00 	 1.1237551029e-05
8900 	 9129 	 9.9376509631e+00 	 1.6091925641e-05
9000 	 9232 	 9.9376509575e+00 	 1.1157688556e-05
9100 	 9334 	 9.9376509519e+00 	 1.9364766468e-05
9200 	 9436 	 9.9376509480e+00 	 4.8971620105e-06
9300 	 9540 	 9.9376509453e+00 	 5.0529334748e-06
9400 	 9641 	 9.9376509435e+00 	 4.2386489116e-06
9500 	 9742 	 9.9376509424e+00 	 2.1425628638e-06
9600 	 9845 	 9.9376509416e+00 	 2.7523912155e-06
9700 	 9947 	 9.9376509406e+00 	 3.3355173900e-06
9800 	 10049 	 9.9376509396e+00 	 3.2390935234e-06
9900 	 10152 	 9.9376509389e+00 	 3.8649183039e-06
10000 	 10256 	 9.9376509385e+00 	 2.9625037687e-06
10100 	 10357 	 9.9376509382e+00 	 2.1612064788e-06
10200 	 10461 	 9.9376509379e+00 	 1.2533588453e-06
10300 	 10565 	 9.9376509377e+00 	 1.4227501671e-06
10400 	 10667 	 9.9376509375e+00 	 1.8624032342e-06
10500 	 10768 	 9.9376509373e+00 	 1.3217761050e-06
10600 	 10871 	 9.9376509370e+00 	 1.7934204592e-06
10700 	 10974 	 9.9376509367e+00 	 4.6637164340e-06
10800 	 11078 	 9.9376509363e+00 	 2.2273485794e-06
10900 	 11181 	 9.9376509359e+00 	 2.4011781010e-06
11000 	 11285 	 9.9376509356e+00 	 1.6589400632e-06
11100 	 11388 	 9.9376509354e+00 	 1.9774786213e-06
11200 	 11492 	 9.9376509351e+00 	 1.5892831991e-06
11300 	 11596 	 9.9376509349e+00 	 1.4569325495e-06
11400 	 11698 	 9.9376509347e+00 	 1.4565969180e-06
11500 	 11799 	 9.9376509346e+00 	 1.5125831061e-06
11600 	 11900 	 9.9376509345e+00 	 1.1046502682e-06
11700 	 12001 	 9.9376509343e+00 	 1.1107506476e-06
11800 	 12104 	 9.9376509342e+00 	 9.7539085573e-07
11900 	 12205 	 9.9376509341e+00 	 1.0808426938e-06
12000 	 12305 	 9.9376509341e+00 	 1.8961852860e-06
12100 	 12407 	 9.9376509341e+00 	 6.2842906472e-07
12200 	 12512 	 9.9376509340e+00 	 5.0001978830e-07
12300 	 12613 	 9.9376509340e+00 	 6.1379910630e-07
12400 	 12715 	 9.9376509340e+00 	 4.8332220250e-07
12500 	 12818 	 9.9376509340e+00 	 5.1135764683e-07
12600 	 12922 	 9.9376509339e+00 	 5.5760106608e-07
12700 	 13023 	 9.9376509339e+00 	 5.1386004080e-07
12800 	 13129 	 9.9376509339e+00 	 4.4515907893e-07
12900 	 13230 	 9.9376509339e+00 	 4.7397124811e-07
13000 	 13336 	 9.9376509339e+00 	 5.1603082986e-07
13100 	 13441 	 9.9376509338e+00 	 4.2006180332e-07
13200 	 13543 	 9.9376509338e+00 	 4.3259462468e-07
13300 	 13646 	 9.9376509338e+00 	 6.7821713380e-07
13400 	 13750 	 9.9376509338e+00 	 8.2868640695e-07
13500 	 13852 	 9.9376509338e+00 	 3.2561976949e-07
13600 	 13959 	 9.9376509338e+00 	 2.0771555353e-07
13700 	 14066 	 9.9376509338e+00 	 2.4014604295e-07
13800 	 14176 	 9.9376509337e+00 	 3.6952902788e-07
13900 	 14289 	 9.9376509337e+00 	 1.8920070596e-07
14000 	 14401 	 9.9376509337e+00 	 7.3292383093e-08
# ---- 
 1 		 14054 	 14479 		 1.0499918579e+01 	 9.9376509337e+00 	 1.2596874820e-07
# ---- 
100 	 104 	 1.5748978118e+01 	 1.8893951872e-02
200 	 204 	 1.5740914411e+01 	 1.1414671008e-02
300 	 308 	 1.5734252205e+01 	 1.5233913696e-02
400 	 409 	 1.5729120776e+01 	 7.6930417406e-03
500 	 512 	 1.5726372494e+01 	 1.1039188737e-02
600 	 612 	 1.5725276142e+01 	 3.4603545723e-03
700 	 714 	 1.5724860516e+01 	 1.7853494957e-03
800 	 817 	 1.5724720185e+01 	 1.1270939223e-03
900 	 919 	 1.5724603217e+01 	 1.7815051957e-03
1000 	 1020 	 1.5724494261e+01 	 9.1394072852e-04
1100 	 1121 	 1.5724437288e+01 	 4.7575681107e-04
1200 	 1224 	 1.5724407550e+01 	 1.9818980865e-03
1300 	 1325 	 1.5724379685e+01 	 2.3300806956e-03
1400 	 1428 	 1.5724347391e+01 	 4.5353689719e-04
1500 	 1531 	 1.5724325220e+01 	 5.1956925154e-04
1600 	 1634 	 1.5724307824e+01 	 8.6047291279e-04
1700 	 1735 	 1.5724286920e+01 	 4.5229060898e-04
1800 	 1839 	 1.5724273673e+01 	 3.1711343629e-04
1900 	 1942 	 1.5724266227e+01 	 2.9451939158e-04
2000 	 2044 	 1.5724261708e+01 	 1.8823845202e-04
2100 	 2147 	 1.5724259461e+01 	 1.5704505795e-04
2200 	 2250 	 1.5724257146e+01 	 1.9242812688e-04
2300 	 2353 	 1.5724254778e+01 	 1.3180298408e-04
2400 	 2456 	 1.5724252545e+01 	 1.7418146758e-04
2500 	 2556 	 1.5724250004e+01 	 1.9115826398e-04
2600 	 2659 	 1.5724247648e+01 	 1.7550003804e-04
2700 	 2759 	 1.5724245812e+01 	 2.0162973825e-04
2800 	 2863 	 1.5724243829e+01 	 2.4553871526e-04
2900 	 2967 	 1.5724241858e+01 	 1.3772011124e-04
3000 	 3070 	 1.5724240267e+01 	 1.3071519192e-04
3100 	 3171 	 1.5724239206e+01 	 1.1157910136e-04
3200 	 3272 	 1.5724238519e+01 	 9.8980159416e-05
3300 	 3374 	 1.5724237778e+01 	 1.0773332965e-04
3400 	 3476 	 1.5724236761e+01 	 1.3050942782e-04
3500 	 3576 	 1.5724236144e+01 	 8.3443708496e-05
3600 	 3680 	 1.5724235541e+01 	 2.2092504568e-04
3700 	 3784 	 1.5724234994e+01 	 9.0392742383e-05
3800 	 3885 	 1.5724234633e+01 	 6.2509229618e-05
3900 	 3986 	 1.5724234379e+01 	 6.1957897432e-05
4000 	 4091 	 1.5724234154e+01 	 4.5516100033e-05
4100 	 4195 	 1.5724233896e+01 	 5.2533780546e-05
4200 	 4297 	 1.5724233708e+01 	 6.3832883506e-05
4300 	 4400 	 1.5724233523e+01 	 4.7033095254e-05
4400 	 4502 	 1.5724233303e+01 	 6.7626844945e-05
4500 	 4605 	 1.5724233015e+01 	 3.8881098348e-05
4600 	 4706 	 1.5724232735e+01 	 5.5293343068e-05
4700 	 4809 	 1.5724232454e+01 	 6.9293868212e-05
4800 	 4911 	 1.5724232255e+01 	 8.5685084639e-05
4900 	 5011 	 1.5724232138e+01 	 3.2422588900e-05
5000 	 5115 	 1.5724232040e+01 	 3.6946902805e-05
5100 	 5217 	 1.5724231968e+01 	 2.3752343888e-05
5200 	 5318 	 1.5724231914e+01 	 1.7766272445e-05
5300 	 5420 	 1.5724231871e+01 	 2.0382262247e-05
5400 	 5521 	 1.5724231827e+01 	 2.4619083448e-05
5500 	 5623 	 1.5724231785e+01 	 1.7121370526e-05
5600 	 5726 	 1.5724231752e+01 	 4.0263868520e-05
5700 	 5829 	 1.5724231730e+01 	 1.4948506524e-05
5800 	 5935 	 1.5724231713e+01 	 1.3589552647e-05
5900 	 6035 	 1.5724231701e+01 	 2.8225716981e-05
6000 	 6137 	 1.5724231694e+01 	 7.6933904068e-06
6100 	 6239 	 1.5724231688e+01 	 1.0990882039e-05
6200 	 6342 	 1.5724231682e+01 	 1.3452198702e-05
6300 	 6446 	 1.5724231677e+01 	 7.8750977134e-06
6400 	 6550 	 1.5724231672e+01 	 1.0096891808e-05
6500 	 6651 	 1.5724231668e+01 	 5.7107647804e-06
6600 	 6756 	 1.5724231665e+01 	 7.4729624158e-06
6700 	 6856 	 1.5724231663e+01 	 6.2289496063e-06
6800 	 6957 	 1.5724231660e+01 	 6.6764744453e-06
6900 	 7061 	 1.5724231655e+01 	 1.4969120181e-05
7000 	 7164 	 1.5724231649e+01 	 7.7639061537e-06
7100 	 7265 	 1.5724231645e+01 	 1.0019668565e-05
7200 	 7367 	 1.5724231639e+01 	 7.6658814336e-06
7300 	 7468 	 1.5724231633e+01 	 1.0854812732e-05
7400 	 7572 	 1.5724231627e+01 	 6.2008470156e-06
7500 	 7673 	 1.5724231622e+01 	 8.1350855869e-06
7600 	 7775 	 1.5724231618e+01 	 6.6491275689e-06
7700 	 7875 	 1.5724231615e+01 	 6.9199039393e-06
7800 	 7977 	 1.5724231613e+01 	 4.4049673292e-06
7900 	 8081 	 1.5724231612e+01 	 4.4857215641e-06
8000 	 8183 	 1.5724231611e+01 	 2.3665006577e-06
8100 	 8286 	 1.5724231611e+01 	 1.5819667943e-06
8200 	 8389 	 1.5724231611e+01 	 1.9752958104e-06
8300 	 8493 	 1.5724231610e+01 	 1.9209382238e-06
8400 	 8597 	 1.5724231610e+01 	 1.8836834803e-06
8500 	 8698 	 1.5724231610e+01 	 1.8718016601e-06
8600 	 8800 	 1.5724231609e+01 	 6.7696682093e-06
8700 	 8903 	 1.5724231609e+01 	 1.4039892276e-06
8800 	 9006 	 1.5724231609e+01 	 1.7121032065e-06
8900 	 9107 	 1.5724231609e+01 	 1.8077397092e-06
9000 	 9207 	 1.5724231608e+01 	 2.3943692072e-06
9100 	 9309 	 1.5724231608e+01 	 1.5066412171e-06
9200 	 9413 	 1.5724231608e+01 	 1.8279710772e-06
9300 	 9514 	 1.5724231608e+01 	 2.1793875371e-06
9400 	 9615 	 1.5724231607e+01 	 1.7941940092e-06
9500 	 9717 	 1.5724231607e+01 	 1.4956733358e-06
9600 	 9820 	 1.5724231607e+01 	 1.7392521255e-06
9700 	 9922 	 1.5724231607e+01 	 9.4868887772e-07
9800 	 10024 	 1.5724231607e+01 	 2.3206990101e-06
9900 	 10125 	 1.5724231607e+01 	 1.7535684334e-06
10000 	 10225 	 1.5724231607e+01 	 1.1675120492e-06
10100 	 10328 	 1.5724231606e+01 	 6.8928119226e-07
10200 	 10429 	 1.5724231606e+01 	 8.2463053822e-07
10300 	 10534 	 1.5724231606e+01 	 6.4709710892e-07
10400 	 10636 	 1.5724231606e+01 	 5.3857413244e-07
10500 	 10740 	 1.5724231606e+01 	 4.8211573716e-07
10600 	 10842 	 1.5724231606e+01 	 3.3725107027e-07
10700 	 10948 	 1.5724231606e+01 	 2.8238294391e-07
10800 	 11051 	 1.5724231606e+01 	 5.2600235058e-07
10900 	 11155 	 1.5724231606e+01 	 3.6134011322e-07
11000 	 11263 	 1.5724231606e+01 	 7.4773852440e-07
11100 	 11369 	 1.5724231606e+01 	 2.4906919079e-07
11200 	 11475 	 1.5724231606e+01 	 4.7872814736e-07
11300 	 11582 	 1.5724231606e+01 	 3.9282403644e-07
11400 	 11694 	 1.5724231606e+01 	 2.4762233227e-07
11500 	 11801 	 1.5724231606e+01 	 4.6392479832e-07
11600 	 11907 	 1.5724231606e+01 	 3.2574894392e-07
11700 	 12010 	 1.5724231606e+01 	 2.8959650827e-07
11800 	 12119 	 1.5724231606e+01 	 4.7503473192e-07
11900 	 12230 	 1.5724231606e+01 	 2.0103342018e-07
# ---- 
 1 		 11949 	 12303 		 1.6277921035e+01 	 1.5724231606e+01 	 2.1918615786e-07
# ---- 
100 	 103 	 2.2901039776e+01 	 1.1881873610e-02
200 	 205 	 2.2894129645e+01 	 9.7795222376e-03
300 	 310 	 2.2888176888e+01 	 9.3941525488e-03
400 	 412 	 2.2883525424e+01 	 7.9088941674e-03
500 	 513 	 2.2880396924e+01 	 8.6899683861e-03
600 	 613 	 2.2879169865e+01 	 3.6785228635e-03
700 	 715 	 2.2878691561e+01 	 4.8164153237e-03
800 	 817 	 2.2878536904e+01 	 1.2857626198e-03
900 	 921 	 2.2878393998e+01 	 2.1229929057e-03
1000 	 1022 	 2.2878294056e+01 	 9.2408598789e-04
1100 	 1124 	 2.2878253584e+01 	 7.0128324927e-04
1200 	 1225 	 2.2878225308e+01 	 5.5887521767e-04
1300 	 1327 	 2.2878193978e+01 	 5.8874336239e-04
1400 	 1432 	 2.2878171902e+01 	 4.2221860446e-04
1500 	 1532 	 2.2878153317e+01 	 4.5356433159e-04
1600 	 1635 	 2.2878137707e+01 	 4.1846037470e-04
1700 	 1738 	 2.2878125689e+01 	 3.7505213982e-04
1800 	 1840 	 2.2878117467e+01 	 2.7965983281e-04
1900 	 1942 	 2.2878113301e+01 	 2.2792521820e-04
2000 	 2045 	 2.2878111286e+01 	 4.6524060419e-04
2100 	 2149 	 2.2878109872e+01 	 1.5913083289e-04
2200 	 2251 	 2.2878108666e+01 	 1.6524336177e-04
2300 	 2352 	 2.2878107408e+01 	 1.3953427261e-04
2400 	 2453 	 2.2878105817e+01 	 1.6033242716e-04
2500 	 2554 	 2.2878104635e+01 	 1.2665168422e-04
2600 	 2656 	 2.2878103795e+01 	 9.8190997985e-05
2700 	 2759 	 2.2878102878e+01 	 1.2017782954e-04
2800 	 2860 	 2.2878101882e+01 	 9.8303850159e-05
2900 	 2963 	 2.2878101101e+01 	 1.5727965727e-04
3000 	 3067 	 2.2878100464e+01 	 9.1952798312e-05
3100 	 3168 	 2.2878099928e+01 	 1.0971714341e-04
3200 	 3270 	 2.2878099301e+01 	 9.1878244773e-05
3300 	 3370 	 2.2878098851e+01 	 1.3226978803e-04
3400 	 3473 	 2.2878098429e+01 	 9.6129575239e-05
3500 	 3576 	 2.2878098159e+01 	 4.9986372962e-05
3600 	 3680 	 2.2878097922e+01 	 8.3725913069e-05
3700 	 3780 	 2.2878097742e+01 	 6.8564127977e-05
3800 	 3883 	 2.2878097586e+01 	 1.3774813826e-04
3900 	 3983 	 2.2878097438e+01 	 3.1556989500e-05
4000 	 4085 	 2.2878097311e+01 	 3.5943228048e-05
4100 	 4190 	 2.2878097216e+01 	 3.4632249509e-05
4200 	 4292 	 2.2878097134e+01 	 3.2010432146e-05
4300 	 4393 	 2.2878097058e+01 	 3.3476715681e-05
4400 	 4494 	 2.2878096952e+01 	 3.4592897419e-05
4500 	 4597 	 2.2878096830e+01 	 4.0934921882e-05
4600 	 4699 	 2.2878096730e+01 	 3.3108865846e-05
4700 	 4802 	 2.2878096663e+01 	 7.7657703154e-05
4800 	 4904 	 2.2878096605e+01 	 2.5798481019e-05
4900 	 5006 	 2.2878096568e+01 	 1.8856669995e-05
5000 	 5109 	 2.2878096539e+01 	 2.1329279743e-05
5100 	 5211 	 2.2878096519e+01 	 9.5767845258e-06
5200 	 5315 	 2.2878096506e+01 	 1.3717017666e-05
5300 	 5417 	 2.2878096492e+01 	 1.1086775016e-05
5400 	 5519 	 2.2878096476e+01 	 1.5536754560e-05
5500 	 5622 	 2.2878096466e+01 	 9.8391145363e-06
5600 	 5722 	 2.2878096459e+01 	 8.2868897476e-06
5700 	 5827 	 2.2878096455e+01 	 6.1463709832e-06
5800 	 5929 	 2.2878096452e+01 	 5.7413796876e-06
5900 	 6031 	 2.2878096449e+01 	 4.2261431055e-06
6000 	 6133 	 2.2878096448e+01 	 4.0388284116e-06
6100 	 6236 	 2.2878096446e+01 	 6.0075653852e-06
6200 	 6338 	 2.2878096444e+01 	 4.4239632062e-06
6300 	 6439 	 2.2878096442e+01 	 1.0772202987e-05
6400 	 6543 	 2.2878096441e+01 	 6.3070928894e-06
6500 	 6646 	 2.2878096439e+01 	 1.1337964890e-05
6600 	 6747 	 2.2878096436e+01 	 1.2544059986e-05
6700 	 6848 	 2.2878096433e+01 	 6.7592546869e-06
6800 	 6952 	 2.2878096431e+01 	 3.3021229531e-06
6900 	 7057 	 2.2878096429e+01 	 3.3818366303e-06
7000 	 7160 	 2.2878096428e+01 	 3.0948697626e-06
7100 	 7262 	 2.2878096427e+01 	 2.5111859502e-06
7200 	 7365 	 2.2878096427e+01 	 1.8606437139e-06
7300 	 7467 	 2.2878096427e+01 	 1.7680398378e-06
7400 	 7570 	 2.2878096426e+01 	 6.0604422605e-06
7500 	 7673 	 2.2878096426e+01 	 1.4579364059e-06
7600 	 7776 	 2.2878096426e+01 	 1.8375263991e-06
7700 	 7878 	 2.2878096426e+01 	 2.2396599074e-06
7800 	 7979 	 2.2878096426e+01 	 9.6883349131e-07
7900 	 8082 	 2.2878096425e+01 	 1.3579074329e-06
8000 	 8187 	 2.2878096425e+01 	 1.6141222163e-06
8100 	 8289 	 2.2878096425e+01 	 1.4764361044e-06
8200 	 8392 	 2.2878096425e+01 	 2.1404324141e-06
8300 	 8493 	 2.2878096425e+01 	 1.3684114162e-06
8400 	 8595 	 2.2878096424e+01 	 1.4864313530e-06
8500 	 8699 	 2.2878096424e+01 	 1.3220870402e-06
8600 	 8800 	 2.2878096424e+01 	 1.2993303494e-06
8700 	 8904 	 2.2878096424e+01 	 9.1624443441e-07
8800 	 9007 	 2.2878096424e+01 	 1.8414022075e-06
8900 	 9108 	 2.2878096424e+01 	 7.7248507999e-07
9000 	 9211 	 2.2878096424e+01 	 1.7698842327e-06
9100 	 9311 	 2.2878096424e+01 	 1.3875962472e-06
9200 	 9413 	 2.2878096424e+01 	 9.2655392107e-07
9300 	 9517 	 2.2878096424e+01 	 6.2628837102e-07
9400 	 9620 	 2.2878096424e+01 	 4.6652394422e-07
9500 	 9722 	 2.2878096424e+01 	 9.0056143343e-07
9600 	 9830 	 2.2878096424e+01 	 2.8124084865e-07
9700 	 9936 	 2.2878096424e+01 	 2.6738135600e-07
9800 	 10043 	 2.2878096424e+01 	 4.9102873860e-07
# ---- 
 1 		 9856 	 10120 		 2.3425808530e+01 	 2.2878096424e+01 	 3.3734681411e-07
# ---- 
100 	 102 	 3.1432708991e+01 	 1.1119925780e-02
200 	 203 	 3.1426550045e+01 	 1.6310740168e-02
300 	 306 	 3.1421435896e+01 	 6.7042768538e-03
400 	 408 	 3.1417224460e+01 	 1.0169267634e-02
500 	 511 	 3.1414044485e+01 	 1.0443608971e-02
600 	 612 	 3.1412629289e+01 	 4.1569996422e-03
700 	 716 	 3.1412130207e+01 	 5.8470114516e-03
800 	 817 	 3.1411934052e+01 	 3.4569713648e-03
900 	 919 	 3.1411793274e+01 	 1.1331709760e-03
1000 	 1020 	 3.1411705812e+01 	 1.2325272788e-03
1100 	 1121 	 3.1411666445e+01 	 5.7881231097e-04
1200 	 1224 	 3.1411627918e+01 	 7.4860885927e-04
1300 	 1326 	 3.1411602660e+01 	 6.1091396115e-04
1400 	 1430 	 3.1411584869e+01 	 9.2204137258e-04
1500 	 1532 	 3.1411568288e+01 	 3.7624330552e-04
1600 	 1635 	 3.1411556137e+01 	 5.7817909486e-04
1700 	 1737 	 3.1411546947e+01 	 3.2085118876e-04
1800 	 1842 	 3.1411540083e+01 	 2.4005908828e-04
1900 	 1946 	 3.1411536125e+01 	 1.5756514627e-04
2000 	 2046 	 3.1411533656e+01 	 1.4827155472e-04
2100 	 2151 	 3.1411532501e+01 	 1.4873336670e-04
2200 	 2254 	 3.1411531467e+01 	 2.4639729827e-04
2300 	 2355 	 3.1411530417e+01 	 2.1879027374e-04
2400 	 2459 	 3.1411529844e+01 	 1.1363377062e-04
2500 	 2562 	 3.1411529627e+01 	 7.2819910200e-05
2600 	 2667 	 3.1411529216e+01 	 6.7835644441e-05
2700 	 2770 	 3.1411528739e+01 	 1.0637013752e-04
2800 	 2873 	 3.1411528186e+01 	 1.3255688622e-04
2900 	 2976 	 3.1411527763e+01 	 8.1561312365e-05
3000 	 3078 	 3.1411527447e+01 	 4.3730821871e-05
3100 	 3181 	 3.1411527221e+01 	 3.9477767719e-05
3200 	 3284 	 3.1411527028e+01 	 5.7031162615e-05
3300 	 3386 	 3.1411526841e+01 	 1.1832599120e-04
3400 	 3490 	 3.1411526673e+01 	 4.0781817234e-05
3500 	 3591 	 3.1411526432e+01 	 8.2575949403e-05
3600 	 3693 	 3.1411526261e+01 	 4.1957088829e-05
3700 	 3794 	 3.1411526165e+01 	 4.6447044915e-05
3800 	 3896 	 3.1411526082e+01 	 2.7875764988e-05
3900 	 3996 	 3.1411526013e+01 	 2.7791923653e-05
4000 	 4099 	 3.1411525954e+01 	 2.8311701997e-05
4100 	 4199 	 3.1411525904e+01 	 2.2237057600e-05
4200 	 4301 	 3.1411525847e+01 	 4.0663171587e-05
4300 	 4402 	 3.1411525776e+01 	 7.5214406144e-05
4400 	 4504 	 3.1411525719e+01 	 6.2285482759e-05
4500 	 4608 	 3.1411525682e+01 	 1.9952470714e-05
4600 	 4711 	 3.1411525655e+01 	 1.5595081616e-05
4700 	 4813 	 3.1411525630e+01 	 1.9343511430e-05
4800 	 4917 	 3.1411525605e+01 	 2.8772464527e-05
4900 	 5019 	 3.1411525590e+01 	 2.1601799281e-05
5000 	 5120 	 3.1411525580e+01 	 2.5068677679e-05
5100 	 5225 	 3.1411525573e+01 	 6.5617055733e-06
5200 	 5328 	 3.1411525566e+01 	 1.2377994100e-05
5300 	 5432 	 3.1411525560e+01 	 2.2561565924e-05
5400 	 5534 	 3.1411525556e+01 	 7.0041814325e-06
5500 	 5635 	 3.1411525553e+01 	 5.2198324114e-06
5600 	 5736 	 3.1411525550e+01 	 4.7141054543e-06
5700 	 5838 	 3.1411525549e+01 	 5.9604614831e-06
5800 	 5940 	 3.1411525548e+01 	 3.3620738243e-06
5900 	 6044 	 3.1411525548e+01 	 2.9728460083e-06
6000 	 6145 	 3.1411525547e+01 	 2.3780008750e-06
6100 	 6246 	 3.1411525547e+01 	 4.1283279740e-06
6200 	 6349 	 3.1411525546e+01 	 3.7158976447e-06
6300 	 6450 	 3.1411525545e+01 	 3.6132649112e-06
6400 	 6551 	 3.1411525544e+01 	 6.5480823765e-06
6500 	 6653 	 3.1411525543e+01 	 7.4908514660e-06
6600 	 6754 	 3.1411525543e+01 	 1.5418323310e-06
6700 	 6854 	 3.1411525542e+01 	 1.6580426630e-06
6800 	 6954 	 3.1411525542e+01 	 2.0708675578e-06
6900 	 7058 	 3.1411525542e+01 	 1.2214186791e-06
7000 	 7161 	 3.1411525542e+01 	 1.0931605627e-06
7100 	 7264 	 3.1411525542e+01 	 2.7740247354e-06
7200 	 7366 	 3.1411525542e+01 	 9.6107633504e-07
7300 	 7468 	 3.1411525541e+01 	 1.7842867154e-06
7400 	 7570 	 3.1411525541e+01 	 1.8671801713e-06
7500 	 7671 	 3.1411525541e+01 	 9.1632062856e-07
7600 	 7774 	 3.1411525541e+01 	 1.8376309205e-06
7700 	 7876 	 3.1411525541e+01 	 1.5017255000e-06
7800 	 7976 	 3.1411525541e+01 	 1.1164422084e-06
7900 	 8081 	 3.1411525541e+01 	 1.0212684602e-06
8000 	 8184 	 3.1411525541e+01 	 1.0274958237e-06
8100 	 8285 	 3.1411525541e+01 	 1.3035650565e-06
8200 	 8388 	 3.1411525541e+01 	 1.0602357394e-06
8300 	 8496 	 3.1411525541e+01 	 5.0176067666e-07
8400 	 8598 	 3.1411525541e+01 	 3.0069474097e-07
8500 	 8703 	 3.1411525541e+01 	 6.1934156991e-07
8600 	 8811 	 3.1411525541e+01 	 6.0161750576e-07
8700 	 8916 	 3.1411525540e+01 	 5.6424249607e-07
8800 	 9022 	 3.1411525540e+01 	 3.3017742569e-07
8900 	 9132 	 3.1411525540e+01 	 9.2467702238e-07
9000 	 9245 	 3.1411525540e+01 	 5.8022517988e-07
9100 	 9354 	 3.1411525540e+01 	 3.6204115341e-07
9200 	 9460 	 3.1411525540e+01 	 4.4849008500e-07
9300 	 9576 	 3.1411525540e+01 	 3.0205619487e-07
9400 	 9689 	 3.1411525540e+01 	 2.5827356914e-07
9500 	 9797 	 3.1411525540e+01 	 8.6137963621e-07
9600 	 9909 	 3.1411525540e+01 	 2.5650378068e-07
9700 	 10042 	 3.1411525540e+01 	 3.2734111188e-07
# ---- 
 1 		 9753 	 10123 		 3.1954934592e+01 	 3.1411525540e+01 	 1.3035200843e-07
# ---- 
100 	 103 	 4.1353816067e+01 	 1.3598960028e-02
200 	 206 	 4.1348280532e+01 	 1.4018889031e-02
300 	 310 	 4.1343672521e+01 	 9.0863253920e-03
400 	 413 	 4.1339821805e+01 	 9.0084566057e-03
500 	 514 	 4.1336609897e+01 	 4.3356769053e-03
600 	 615 	 4.1335220688e+01 	 3.2221090873e-03
700 	 716 	 4.1334709835e+01 	 2.0311476988e-03
800 	 818 	 4.1334526523e+01 	 2.8647607175e-03
900 	 920 	 4.1334378834e+01 	 1.6131878756e-03
1000 	 1023 	 4.1334288244e+01 	 7.7386319946e-04
1100 	 1124 	 4.1334242792e+01 	 5.7544324545e-04
1200 	 1225 	 4.1334210783e+01 	 5.4584497396e-04
1300 	 1327 	 4.1334186080e+01 	 7.9375674031e-04
1400 	 1429 	 4.1334167482e+01 	 3.8248289471e-04
1500 	 1533 	 4.1334154876e+01 	 3.9763726551e-04
1600 	 1635 	 4.1334147096e+01 	 3.4580873284e-04
1700 	 1736 	 4.1334139635e+01 	 4.6202046973e-04
1800 	 1837 	 4.1334136417e+01 	 4.1823838320e-04
1900 	 1940 	 4.1334134131e+01 	 1.7630111480e-04
2000 	 2042 	 4.1334132697e+01 	 3.8720344159e-04
2100 	 2144 	 4.1334131826e+01 	 1.5623514220e-04
2200 	 2247 	 4.1334131217e+01 	 7.4392714029e-05
2300 	 2349 	 4.1334130717e+01 	 8.6051932048e-05
2400 	 2452 	 4.1334130439e+01 	 5.8086895499e-05
2500 	 2555 	 4.1334130288e+01 	 2.7274378605e-05
2600 	 2658 	 4.1334130200e+01 	 3.8063317204e-05
2700 	 2760 	 4.1334130102e+01 	 3.5727468755e-05
2800 	 2863 	 4.1334129996e+01 	 5.0554652984e-05
2900 	 2965 	 4.1334129915e+01 	 9.9163006889e-05
3000 	 3068 	 4.1334129855e+01 	 2.8041723233e-05
3100 	 3170 	 4.1334129793e+01 	 3.7445647528e-05
3200 	 3271 	 4.1334129734e+01 	 2.8446862872e-05
3300 	 3374 	 4.1334129661e+01 	 2.8313424487e-05
3400 	 3479 	 4.1334129586e+01 	 3.0736005384e-05
3500 	 3583 	 4.1334129520e+01 	 3.3813872211e-05
3600 	 3684 	 4.1334129469e+01 	 1.7203474803e-05
3700 	 3789 	 4.1334129431e+01 	 1.9490253114e-05
3800 	 3892 	 4.1334129397e+01 	 2.9378974679e-05
3900 	 3997 	 4.1334129373e+01 	 1.3431350760e-05
4000 	 4099 	 4.1334129356e+01 	 1.2470602486e-05
4100 	 4201 	 4.1334129341e+01 	 1.7159453702e-05
4200 	 4304 	 4.1334129328e+01 	 1.2825053909e-05
4300 	 4407 	 4.1334129317e+01 	 1.0542297680e-05
4400 	 4510 	 4.1334129312e+01 	 7.6913327960e-06
4500 	 4612 	 4.1334129308e+01 	 9.1375239884e-06
4600 	 4716 	 4.1334129304e+01 	 1.2124672118e-05
4700 	 4819 	 4.1334129300e+01 	 6.0971390947e-06
4800 	 4921 	 4.1334129296e+01 	 1.1149205255e-05
4900 	 5025 	 4.1334129293e+01 	 7.0612086780e-06
5000 	 5128 	 4.1334129291e+01 	 3.6970557877e-06
5100 	 5232 	 4.1334129290e+01 	 5.6037330532e-06
5200 	 5337 	 4.1334129287e+01 	 5.4365567786e-06
5300 	 5439 	 4.1334129285e+01 	 5.1552117712e-06
5400 	 5541 	 4.1334129284e+01 	 9.0485636553e-06
5500 	 5645 	 4.1334129283e+01 	 3.0586167949e-06
5600 	 5750 	 4.1334129282e+01 	 2.6726689475e-06
5700 	 5852 	 4.1334129282e+01 	 1.6948252749e-06
5800 	 5953 	 4.1334129282e+01 	 2.8715278803e-06
5900 	 6057 	 4.1334129282e+01 	 1.4745071252e-06
6000 	 6161 	 4.1334129282e+01 	 1.3694985566e-06
6100 	 6264 	 4.1334129281e+01 	 2.1278303767e-06
6200 	 6367 	 4.1334129281e+01 	 1.6076924687e-06
6300 	 6471 	 4.1334129281e+01 	 1.6809312502e-06
6400 	 6575 	 4.1334129281e+01 	 3.2512344503e-06
6500 	 6679 	 4.1334129281e+01 	 1.0859858355e-06
6600 	 6781 	 4.1334129281e+01 	 7.3404958893e-07
6700 	 6886 	 4.1334129280e+01 	 5.9279108642e-07
6800 	 6988 	 4.1334129280e+01 	 9.5264572927e-07
6900 	 7095 	 4.1334129280e+01 	 5.4773512243e-07
7000 	 7210 	 4.1334129280e+01 	 5.1167959409e-07
7100 	 7319 	 4.1334129280e+01 	 5.5619734060e-07
7200 	 7425 	 4.1334129280e+01 	 5.5372911236e-07
7300 	 7534 	 4.1334129280e+01 	 6.4082017821e-07
7400 	 7640 	 4.1334129280e+01 	 5.3775558970e-07
7500 	 7768 	 4.1334129280e+01 	 4.9162578566e-07
# ---- 
 1 		 7500 	 7768 		 4.1874388580e+01 	 4.1334129280e+01 	 4.9162578566e-07
# ---- 
100 	 103 	 5.2672103342e+01 	 1.1236800189e-02
200 	 203 	 5.2666988713e+01 	 1.2528205733e-02
300 	 307 	 5.2663054993e+01 	 1.5204017500e-02
400 	 409 	 5.2659434478e+01 	 7.7173587039e-03
500 	 513 	 5.2656301986e+01 	 8.7507863617e-03
600 	 616 	 5.2654720914e+01 	 5.3539191721e-03
700 	 719 	 5.2654140098e+01 	 2.0335670377e-03
800 	 821 	 5.2653950275e+01 	 3.2304099243e-03
900 	 924 	 5.2653831038e+01 	 1.5665052857e-03
1000 	 1026 	 5.2653750073e+01 	 8.9175522202e-04
1100 	 1128 	 5.2653701729e+01 	 7.1941047867e-04
1200 	 1230 	 5.2653671297e+01 	 5.7021492137e-04
1300 	 1331 	 5.2653647820e+01 	 5.5047004640e-04
100 	 102 	 6.2418112237e-01 	 3.4680974475e-02
200 	 205 	 5.9234425970e-01 	 3.1118688489e-02
300 	 308 	 5.8573593730e-01 	 1.2151500335e-02
400 	 409 	 5.8361241075e-01 	 3.4016313843e-03
500 	 512 	 5.8283921493e-01 	 2.0450182136e-03
600 	 613 	 5.8258089625e-01 	 1.3999736982e-03
700 	 717 	 5.8250220019e-01 	 1.1748005563e-03
800 	 818 	 5.8248176731e-01 	 6.9044750658e-04
900 	 921 	 5.8247111312e-01 	 3.4052126835e-04
1000 	 1023 	 5.8246189903e-01 	 3.1459235358e-04
1100 	 1123 	 5.8245166713e-01 	 2.7712634900e-04
1200 	 1227 	 5.8244247911e-01 	 2.2621234858e-04
1300 	 1328 	 5.8243642316e-01 	 2.8565778858e-04
1400 	 1430 	 5.8243001063e-01 	 3.5373092445e-04
1500 	 1532 	 5.8242539141e-01 	 2.2054806065e-04
1600 	 1633 	 5.8242221579e-01 	 2.3162162798e-04
1700 	 1734 	 5.8241876917e-01 	 2.2459408290e-04
1800 	 1836 	 5.8241554654e-01 	 2.1042176697e-04
1900 	 1941 	 5.8241313982e-01 	 1.7232261404e-04
2000 	 2042 	 5.8241112069e-01 	 3.9500186531e-04
2100 	 2145 	 5.8240904951e-01 	 1.8021614826e-04
2200 	 2247 	 5.8240706054e-01 	 1.5408352292e-04
2300 	 2350 	 5.8240575767e-01 	 2.5515737774e-04
2400 	 2453 	 5.8240414481e-01 	 1.3901752880e-04
2500 	 2555 	 5.8240290041e-01 	 1.3697626751e-04
2600 	 2657 	 5.8240172998e-01 	 1.1557993493e-04
2700 	 2758 	 5.8240068749e-01 	 1.3700604003e-04
2800 	 2862 	 5.8239967337e-01 	 1.2112046711e-04
2900 	 2963 	 5.8239862737e-01 	 1.0075513119e-04
3000 	 3065 	 5.8239765193e-01 	 1.0590816648e-04
3100 	 3165 	 5.8239695081e-01 	 1.4920909729e-04
3200 	 3267 	 5.8239642417e-01 	 5.4973442077e-05
3300 	 3371 	 5.8239580782e-01 	 7.8295656177e-05
3400 	 3473 	 5.8239504889e-01 	 9.5471698748e-05
3500 	 3574 	 5.8239453488e-01 	 5.6625434662e-05
3600 	 3677 	 5.8239419962e-01 	 1.1999977471e-04
3700 	 3778 	 5.8239393588e-01 	 5.3520286708e-05
3800 	 3880 	 5.8239367037e-01 	 6.8787130146e-05
3900 	 3981 	 5.8239340642e-01 	 5.9694148948e-05
4000 	 4085 	 5.8239317659e-01 	 1.3858017787e-04
4100 	 4189 	 5.8239296921e-01 	 4.5786562769e-05
4200 	 4291 	 5.8239277024e-01 	 7.3339878291e-05
4300 	 4394 	 5.8239257086e-01 	 8.5301199392e-05
4400 	 4498 	 5.8239234923e-01 	 4.5965465361e-05
4500 	 4599 	 5.8239210833e-01 	 4.9957059362e-05
4600 	 4703 	 5.8239192643e-01 	 3.7664466989e-05
4700 	 4803 	 5.8239173530e-01 	 5.3273724879e-05
4800 	 4905 	 5.8239155970e-01 	 3.5083595775e-05
4900 	 5007 	 5.8239139465e-01 	 4.3514342141e-05
5000 	 5110 	 5.8239125166e-01 	 7.4121737827e-05
5100 	 5211 	 5.8239110951e-01 	 7.0742029789e-05
5200 	 5315 	 5.8239102820e-01 	 3.0745494274e-05
5300 	 5418 	 5.8239096331e-01 	 2.8358283678e-05
5400 	 5518 	 5.8239091798e-01 	 2.0290153349e-05
5500 	 5621 	 5.8239087548e-01 	 2.8679796495e-05
5600 	 5724 	 5.8239083354e-01 	 1.5750291775e-05
5700 	 5826 	 5.8239080315e-01 	 3.0826429811e-05
5800 	 5928 	 5.8239077875e-01 	 1.8482756581e-05
5900 	 6030 	 5.8239075430e-01 	 5.1971622253e-05
6000 	 6133 	 5.8239073127e-01 	 1.4734816213e-05
6100 	 6236 	 5.8239070183e-01 	 1.4233675680e-05
6200 	 6338 	 5.8239067560e-01 	 1.3469820139e-05
6300 	 6443 	 5.8239065863e-01 	 1.2583170559e-05
6400 	 6546 	 5.8239064203e-01 	 2.1501832134e-05
6500 	 6650 	 5.8239062807e-01 	 1.0874365851e-05
6600 	 6753 	 5.8239061568e-01 	 1.5115553428e-05
6700 	 6854 	 5.8239060572e-01 	 2.5338841331e-05
6800 	 6957 	 5.8239059594e-01 	 3.3759454754e-05
6900 	 7058 	 5.8239058472e-01 	 1.1521684503e-05
7000 	 7161 	 5.8239057779e-01 	 6.7244673413e-06
7100 	 7264 	 5.8239057003e-01 	 9.6650399478e-06
7200 	 7368 	 5.8239056075e-01 	 9.1311999743e-06
7300 	 7468 	 5.8239055110e-01 	 2.6384626069e-05
7400 	 7569 	 5.8239053976e-01 	 1.2947114689e-05
7500 	 7670 	 5.8239052882e-01 	 1.1023705914e-05
7600 	 7771 	 5.8239052204e-01 	 9.9186083328e-06
7700 	 7874 	 5.8239051563e-01 	 1.0413160790e-05
7800 	 7976 	 5.8239051088e-01 	 7.2727946551e-06
7900 	 8078 	 5.8239050733e-01 	 5.9228236466e-06
8000 	 8181 	 5.8239050396e-01 	 7.6044558570e-06
8100 	 8285 	 5.8239049903e-01 	 6.8984244221e-06
8200 	 8385 	 5.8239049479e-01 	 6.4791593599e-06
8300 	 8489 	 5.8239049132e-01 	 1.3170957428e-05
8400 	 8593 	 5.8239048851e-01 	 5.8037631745e-06
8500 	 8695 	 5.8239048529e-01 	 6.8207232352e-06
8600 	 8796 	 5.8239048116e-01 	 1.0762575343e-05
8700 	 8898 	 5.8239047627e-01 	 1.4114282548e-05
8800 	 9000 	 5.8239047134e-01 	 7.6920943665e-06
8900 	 9101 	 5.8239046598e-01 	 9.6650737849e-06
9000 	 9206 	 5.8239046185e-01 	 4.8955220118e-06
9100 	 9307 	 5.8239045840e-01 	 5.3557820638e-06
9200 	 9409 	 5.8239045615e-01 	 6.3143113301e-06
9300 	 9512 	 5.8239045378e-01 	 6.8012100669e-06
9400 	 9615 	 5.8239045198e-01 	 4.5358189157e-06
9500 	 9718 	 5.8239045018e-01 	 5.2055351155e-06
9600 	 9819 	 5.8239044813e-01 	 5.3010638510e-06
9700 	 9923 	 5.8239044608e-01 	 6.5253078700e-06
9800 	 10024 	 5.8239044375e-01 	 7.2008406929e-06
9900 	 10126 	 5.8239044109e-01 	 5.1240922587e-06
10000 	 10229 	 5.8239043767e-01 	 5.3626864172e-06
10100 	 10334 	 5.8239043513e-01 	 6.6731918465e-06
10200 	 10435 	 5.8239043291e-01 	 6.0794835581e-06
10300 	 10540 	 5.8239043058e-01 	 8.1270496115e-06
10400 	 10641 	 5.8239042825e-01 	 4.5476116714e-06
10500 	 10742 	 5.8239042580e-01 	 6.3124553298e-06
10600 	 10845 	 5.8239042285e-01 	 8.5368507253e-06
10700 	 10946 	 5.8239041864e-01 	 7.3928385890e-06
10800 	 11049 	 5.8239041451e-01 	 6.9882942638e-06
10900 	 11150 	 5.8239041052e-01 	 6.2447162138e-06
11000 	 11251 	 5.8239040743e-01 	 4.8202625579e-06
11100 	 11353 	 5.8239040419e-01 	 7.7704964557e-06
11200 	 11456 	 5.8239040050e-01 	 6.0577491858e-06
11300 	 11560 	 5.8239039712e-01 	 5.5386098372e-06
11400 	 11662 	 5.8239039480e-01 	 4.7397891669e-06
11500 	 11766 	 5.8239039281e-01 	 5.0522240264e-06
11600 	 11869 	 5.8239039092e-01 	 3.9729887267e-06
11700 	 11972 	 5.8239038948e-01 	 3.5288000606e-06
11800 	 12073 	 5.8239038816e-01 	 4.4478852163e-06
11900 	 12177 	 5.8239038662e-01 	 4.0549522858e-06
12000 	 12280 	 5.8239038505e-01 	 3.6145078210e-06
12100 	 12381 	 5.8239038346e-01 	 3.7698308680e-06
12200 	 12482 	 5.8239038187e-01 	 3.6276521365e-06
12300 	 12584 	 5.8239038065e-01 	 4.5711533533e-06
12400 	 12688 	 5.8239037933e-01 	 7.0458802547e-06
12500 	 12789 	 5.8239037795e-01 	 3.1383667985e-06
12600 	 12892 	 5.8239037676e-01 	 4.4330995167e-06
12700 	 12995 	 5.8239037475e-01 	 4.9068153868e-06
12800 	 13100 	 5.8239037263e-01 	 4.6124080709e-06
12900 	 13201 	 5.8239037075e-01 	 6.1779816405e-06
13000 	 13304 	 5.8239036829e-01 	 4.5763842998e-06
13100 	 13408 	 5.8239036632e-01 	 3.1327654784e-06
13200 	 13510 	 5.8239036467e-01 	 4.1211699760e-06
13300 	 13612 	 5.8239036361e-01 	 4.3794925471e-06
13400 	 13714 	 5.8239036285e-01 	 2.2546948340e-06
13500 	 13819 	 5.8239036226e-01 	 4.2284029199e-06
13600 	 13921 	 5.8239036174e-01 	 3.4248431742e-06
13700 	 14022 	 5.8239036105e-01 	 2.8890820985e-06
13800 	 14124 	 5.8239036056e-01 	 3.4120660333e-06
13900 	 14228 	 5.8239036010e-01 	 2.5024025542e-06
14000 	 14332 	 5.8239035963e-01 	 3.1048597925e-06
14100 	 14435 	 5.8239035928e-01 	 2.4422678263e-06
14200 	 14538 	 5.8239035886e-01 	 2.4437584499e-06
14300 	 14642 	 5.8239035844e-01 	 3.2483762831e-06
14400 	 14745 	 5.8239035804e-01 	 3.3753896037e-06
14500 	 14846 	 5.8239035756e-01 	 2.4197556243e-06
14600 	 14949 	 5.8239035689e-01 	 5.0503359877e-06
14700 	 15051 	 5.8239035622e-01 	 2.6941812342e-06
14800 	 15155 	 5.8239035552e-01 	 3.0603222198e-06
14900 	 15256 	 5.8239035485e-01 	 4.0717952753e-06
15000 	 15359 	 5.8239035429e-01 	 2.8880780066e-06
15100 	 15461 	 5.8239035374e-01 	 4.8099546164e-06
15200 	 15563 	 5.8239035322e-01 	 2.2771765953e-06
15300 	 15667 	 5.8239035271e-01 	 2.8586155150e-06
15400 	 15769 	 5.8239035216e-01 	 2.6038095608e-06
15500 	 15872 	 5.8239035173e-01 	 2.1273721214e-06
15600 	 15975 	 5.8239035123e-01 	 2.6573516877e-06
15700 	 16076 	 5.8239035070e-01 	 1.8972988443e-06
15800 	 16179 	 5.8239035033e-01 	 2.0024688902e-06
15900 	 16282 	 5.8239034995e-01 	 2.9065198833e-06
16000 	 16384 	 5.8239034958e-01 	 1.8398426148e-06
16100 	 16487 	 5.8239034914e-01 	 2.1574393294e-06
16200 	 16588 	 5.8239034868e-01 	 2.8847205484e-06
16300 	 16692 	 5.8239034808e-01 	 3.0556662140e-06
16400 	 16795 	 5.8239034740e-01 	 4.4501962326e-06
16500 	 16898 	 5.8239034650e-01 	 2.6230167254e-06
16600 	 17002 	 5.8239034575e-01 	 2.3021851236e-06
16700 	 17104 	 5.8239034516e-01 	 2.8457409665e-06
16800 	 17205 	 5.8239034453e-01 	 5.4621244677e-06
16900 	 17307 	 5.8239034393e-01 	 4.9961956599e-06
17000 	 17409 	 5.8239034333e-01 	 2.1339058863e-06
17100 	 17513 	 5.8239034285e-01 	 2.1676353846e-06
17200 	 17616 	 5.8239034251e-01 	 2.0047356803e-06
17300 	 17720 	 5.8239034222e-01 	 2.3702062083e-06
17400 	 17824 	 5.8239034186e-01 	 1.7449655499e-06
17500 	 17927 	 5.8239034146e-01 	 2.4557347575e-06
17600 	 18030 	 5.8239034113e-01 	 1.9976292679e-06
17700 	 18133 	 5.8239034088e-01 	 4.9444550358e-06
17800 	 18238 	 5.8239034061e-01 	 1.6568684057e-06
17900 	 18339 	 5.8239034034e-01 	 4.5580061741e-06
18000 	 18441 	 5.8239034011e-01 	 3.0929670583e-06
18100 	 18544 	 5.8239033996e-01 	 1.2185824880e-06
18200 	 18644 	 5.8239033981e-01 	 1.4958576507e-06
18300 	 18749 	 5.8239033967e-01 	 1.1270496167e-06
18400 	 18853 	 5.8239033955e-01 	 1.1092427207e-06
18500 	 18955 	 5.8239033943e-01 	 1.1889790441e-06
18600 	 19060 	 5.8239033934e-01 	 7.8784231179e-07
18700 	 19162 	 5.8239033927e-01 	 2.0348139161e-06
18800 	 19264 	 5.8239033920e-01 	 1.7946481781e-06
18900 	 19367 	 5.8239033911e-01 	 1.6829191349e-06
19000 	 19470 	 5.8239033904e-01 	 7.1063703011e-07
19100 	 19571 	 5.8239033899e-01 	 8.3009730413e-07
19200 	 19674 	 5.8239033894e-01 	 6.3077166394e-07
19300 	 19777 	 5.8239033891e-01 	 6.6586910301e-07
19400 	 19879 	 5.8239033887e-01 	 1.1099508129e-06
19500 	 19984 	 5.8239033883e-01 	 7.7335838122e-07
19600 	 20088 	 5.8239033878e-01 	 8.3099990466e-07
19700 	 20188 	 5.8239033872e-01 	 7.7940431968e-07
19800 	 20290 	 5.8239033866e-01 	 8.1065220280e-07
19900 	 20396 	 5.8239033861e-01 	 4.4376263649e-07
20000 	 20500 	 5.8239033858e-01 	 7.7670521969e-07
20100 	 20603 	 5.8239033855e-01 	 5.2558526560e-07
20200 	 20704 	 5.8239033851e-01 	 6.6022621218e-07
20300 	 20807 	 5.8239033846e-01 	 9.9916549410e-07
20400 	 20912 	 5.8239033840e-01 	 1.0022205942e-06
20500 	 21017 	 5.8239033833e-01 	 1.3283240565e-06
20600 	 21120 	 5.8239033827e-01 	 7.9790651941e-07
20700 	 21222 	 5.8239033821e-01 	 8.5769528974e-07
20800 	 21326 	 5.8239033815e-01 	 1.0016776038e-06
20900 	 21428 	 5.8239033809e-01 	 9.0930249177e-07
21000 	 21528 	 5.8239033804e-01 	 1.1760372122e-06
21100 	 21633 	 5.8239033799e-01 	 1.1930457578e-06
21200 	 21738 	 5.8239033794e-01 	 1.0248036294e-06
21300 	 21842 	 5.8239033791e-01 	 5.5645436069e-07
21400 	 21943 	 5.8239033789e-01 	 8.5146815310e-07
21500 	 22045 	 5.8239033787e-01 	 3.5057097357e-07
21600 	 22147 	 5.8239033785e-01 	 8.6640944243e-07
21700 	 22250 	 5.8239033782e-01 	 4.5345458496e-07
21800 	 22351 	 5.8239033780e-01 	 4.8151858580e-07
21900 	 22455 	 5.8239033777e-01 	 5.3981146598e-07
22000 	 22559 	 5.8239033774e-01 	 4.7504263656e-07
22100 	 22664 	 5.8239033771e-01 	 1.0072216184e-06
22200 	 22766 	 5.8239033767e-01 	 6.4043857111e-07
22300 	 22867 	 5.8239033764e-01 	 7.1617025965e-07
22400 	 22971 	 5.8239033759e-01 	 7.6096057348e-07
22500 	 23073 	 5.8239033754e-01 	 6.0828035811e-07
22600 	 23174 	 5.8239033750e-01 	 6.3317587725e-07
22700 	 23277 	 5.8239033746e-01 	 7.0483630954e-07
22800 	 23380 	 5.8239033743e-01 	 5.3300092110e-07
22900 	 23482 	 5.8239033740e-01 	 5.5829389680e-07
23000 	 23584 	 5.8239033738e-01 	 5.0420424314e-07
23100 	 23687 	 5.8239033736e-01 	 8.1210289226e-07
23200 	 23790 	 5.8239033734e-01 	 5.6735250294e-07
23300 	 23894 	 5.8239033733e-01 	 3.2608359634e-07
23400 	 23995 	 5.8239033732e-01 	 5.1990364535e-07
23500 	 24098 	 5.8239033731e-01 	 3.0365406402e-07
23600 	 24199 	 5.8239033730e-01 	 4.7230546561e-07
23700 	 24301 	 5.8239033729e-01 	 5.1104632317e-07
23800 	 24406 	 5.8239033728e-01 	 3.8254165146e-07
23900 	 24507 	 5.8239033727e-01 	 3.3527313861e-07
24000 	 24609 	 5.8239033726e-01 	 4.1214792177e-07
24100 	 24710 	 5.8239033726e-01 	 2.2013028742e-07
24200 	 24812 	 5.8239033725e-01 	 2.6060588926e-07
24300 	 24913 	 5.8239033725e-01 	 2.5554449635e-07
24400 	 25017 	 5.8239033724e-01 	 2.6093673180e-07
24500 	 25119 	 5.8239033724e-01 	 2.6748212310e-07
24600 	 25221 	 5.8239033723e-01 	 3.4714214954e-07
24700 	 25324 	 5.8239033722e-01 	 5.8576784128e-07
24800 	 25428 	 5.8239033722e-01 	 1.8923034933e-07
24900 	 25531 	 5.8239033721e-01 	 6.3120113391e-07
25000 	 25635 	 5.8239033721e-01 	 3.2336116847e-07
25100 	 25738 	 5.8239033720e-01 	 5.1191332768e-07
25200 	 25843 	 5.8239033719e-01 	 2.2767607119e-07
25300 	 25947 	 5.8239033719e-01 	 2.4482028519e-07
25400 	 26051 	 5.8239033718e-01 	 2.2768933189e-07
25500 	 26155 	 5.8239033718e-01 	 1.9605951419e-07
25600 	 26258 	 5.8239033717e-01 	 4.1613016785e-07
25700 	 26361 	 5.8239033717e-01 	 3.6223272146e-07
25800 	 26465 	 5.8239033716e-01 	 1.9183758943e-07
25900 	 26569 	 5.8239033716e-01 	 1.6258477494e-07
26000 	 26671 	 5.8239033715e-01 	 3.2090650138e-07
26100 	 26772 	 5.8239033715e-01 	 2.0098669717e-07
26200 	 26875 	 5.8239033715e-01 	 1.4546068139e-07
26300 	 26975 	 5.8239033715e-01 	 1.5384213108e-07
26400 	 27078 	 5.8239033714e-01 	 1.5125275499e-07
26500 	 27182 	 5.8239033714e-01 	 1.2401733228e-07
26600 	 27284 	 5.8239033714e-01 	 1.6598695824e-07
26700 	 27385 	 5.8239033714e-01 	 1.5317815002e-07
26800 	 27487 	 5.8239033713e-01 	 2.0915829855e-07
26900 	 27587 	 5.8239033713e-01 	 1.8801051221e-07
27000 	 27690 	 5.8239033712e-01 	 2.1731072717e-07
27100 	 27793 	 5.8239033712e-01 	 2.7310196502e-07
27200 	 27897 	 5.8239033712e-01 	 2.0495916005e-07
27300 	 28000 	 5.8239033711e-01 	 3.3201962157e-07
27400 	 28103 	 5.8239033711e-01 	 1.9908975715e-07
27500 	 28205 	 5.8239033710e-01 	 2.2096208181e-07
27600 	 28306 	 5.8239033710e-01 	 1.9230758522e-07
27700 	 28409 	 5.8239033710e-01 	 2.2623894085e-07
27800 	 28513 	 5.8239033709e-01 	 2.2357263616e-07
27900 	 28618 	 5.8239033709e-01 	 4.5495138137e-07
28000 	 28719 	 5.8239033708e-01 	 2.0316352774e-07
28100 	 28821 	 5.8239033708e-01 	 3.0520044839e-07
28200 	 28922 	 5.8239033708e-01 	 1.5539264438e-07
28300 	 29023 	 5.8239033707e-01 	 2.0479618295e-07
28400 	 29123 	 5.8239033707e-01 	 2.8892624639e-07
28500 	 29225 	 5.8239033707e-01 	 2.0026844019e-07
28600 	 29327 	 5.8239033706e-01 	 1.5915973131e-07
28700 	 29428 	 5.8239033706e-01 	 1.2823345663e-07
28800 	 29531 	 5.8239033706e-01 	 1.0890910233e-07
28900 	 29634 	 5.8239033706e-01 	 7.3974189632e-08
29000 	 29738 	 5.8239033706e-01 	 9.0731850420e-08
29100 	 29840 	 5.8239033706e-01 	 1.4603023826e-07
29200 	 29947 	 5.8239033706e-01 	 1.1911023143e-07
29300 	 30048 	 5.8239033706e-01 	 9.6858329332e-08
29400 	 30150 	 5.8239033705e-01 	 1.0908260523e-07
29500 	 30259 	 5.8239033705e-01 	 7.5164039744e-08
29600 	 30367 	 5.8239033705e-01 	 5.8357396456e-08
29700 	 30471 	 5.8239033705e-01 	 5.2687131876e-08
29800 	 30581 	 5.8239033705e-01 	 5.9386833505e-08
29900 	 30691 	 5.8239033705e-01 	 9.0887083026e-08
30000 	 30805 	 5.8239033705e-01 	 9.6136748241e-08
30100 	 30921 	 5.8239033705e-01 	 4.6704931959e-08
30200 	 31028 	 5.8239033705e-01 	 8.0226065391e-08
30300 	 31135 	 5.8239033705e-01 	 6.4621050152e-08
30400 	 31248 	 5.8239033705e-01 	 1.1165357236e-07
30500 	 31360 	 5.8239033705e-01 	 4.0142303017e-08
30600 	 31470 	 5.8239033705e-01 	 5.3511289533e-08
30700 	 31573 	 5.8239033705e-01 	 1.4481878356e-07
30800 	 31675 	 5.8239033705e-01 	 6.6819682039e-08
30900 	 31782 	 5.8239033705e-01 	 8.2589016449e-08
31000 	 31890 	 5.8239033705e-01 	 7.8621094437e-08
31100 	 32000 	 5.8239033705e-01 	 5.9872176363e-08
31200 	 32112 	 5.8239033705e-01 	 5.5410294538e-08
31300 	 32223 	 5.8239033705e-01 	 5.5830488209e-08
31400 	 32332 	 5.8239033705e-01 	 7.7591174873e-08
31500 	 32443 	 5.8239033705e-01 	 6.7235223151e-08
31600 	 32558 	 5.8239033705e-01 	 5.2046535865e-08
31700 	 32670 	 5.8239033705e-01 	 3.8777486676e-08
31800 	 32778 	 5.8239033705e-01 	 6.4874725294e-08
31900 	 32891 	 5.8239033704e-01 	 3.5116322037e-08
32000 	 33003 	 5.8239033704e-01 	 2.9602279714e-08
32100 	 33120 	 5.8239033704e-01 	 9.9491708502e-08
32200 	 33231 	 5.8239033704e-01 	 8.6485042960e-08
# ---- 
 1 		 32292 	 33350 		 1.2276464541e+00 	 5.8239033704e-01 	 5.2704100649e-08
# ---- 
100 	 103 	 2.4241059507e+00 	 3.0765210029e-02
200 	 206 	 2.4088489406e+00 	 1.1778911310e-02
300 	 306 	 2.4018131043e+00 	 1.2454562630e-02
400 	 407 	 2.3970684687e+00 	 5.1011810923e-03
500 	 509 	 2.3957952108e+00 	 2.9986832108e-03
600 	 611 	 2.3953791704e+00 	 1.3020094886e-03
700 	 711 	 2.3952515130e+00 	 9.7864750921e-04
800 	 812 	 2.3952148239e+00 	 4.1933898894e-04
900 	 913 	 2.3952006656e+00 	 4.8724548543e-04
1000 	 1015 	 2.3951919922e+00 	 3.0209427231e-04
1100 	 1116 	 2.3951876689e+00 	 5.1145604071e-04
1200 	 1219 	 2.3951852023e+00 	 1.6710057075e-04
1300 	 1319 	 2.3951831448e+00 	 1.7066108642e-04
1400 	 1422 	 2.3951808537e+00 	 3.0239308024e-04
1500 	 1525 	 2.3951785731e+00 	 1.7564841892e-04
1600 	 1626 	 2.3951765932e+00 	 2.0167359047e-04
1700 	 1728 	 2.3951746876e+00 	 3.2585329710e-04
1800 	 1830 	 2.3951724702e+00 	 1.7336627593e-04
1900 	 1933 	 2.3951707999e+00 	 1.1301959632e-04
2000 	 2036 	 2.3951696063e+00 	 1.0510583879e-04
2100 	 2141 	 2.3951685701e+00 	 1.1164987439e-04
2200 	 2243 	 2.3951675856e+00 	 1.1059929675e-04
2300 	 2346 	 2.3951668270e+00 	 7.0170231996e-05
2400 	 2447 	 2.3951663951e+00 	 7.7925123675e-05
2500 	 2550 	 2.3951661322e+00 	 5.3182989584e-05
2600 	 2651 	 2.3951659276e+00 	 7.1533579570e-05
2700 	 2754 	 2.3951657273e+00 	 7.2396941637e-05
2800 	 2860 	 2.3951655844e+00 	 7.3463814456e-05
2900 	 2964 	 2.3951654527e+00 	 5.1374352197e-05
3000 	 3067 	 2.3951653179e+00 	 3.5182437000e-05
3100 	 3170 	 2.3951651738e+00 	 3.2695542468e-05
3200 	 3272 	 2.3951650523e+00 	 3.6655516343e-05
3300 	 3374 	 2.3951649445e+00 	 2.9515360778e-05
3400 	 3480 	 2.3951648488e+00 	 3.1890212411e-05
3500 	 3585 	 2.3951647411e+00 	 6.7334697048e-05
3600 	 3688 	 2.3951646432e+00 	 5.5200781146e-05
3700 	 3791 	 2.3951645686e+00 	 2.3829392683e-05
3800 	 3894 	 2.3951644850e+00 	 2.7878098481e-05
3900 	 3996 	 2.3951644013e+00 	 6.0974545695e-05
4000 	 4100 	 2.3951643306e+00 	 2.4870732543e-05
4100 	 4203 	 2.3951642652e+00 	 3.2886469683e-05
4200 	 4304 	 2.3951641861e+00 	 3.0558340394e-05
4300 	 4405 	 2.3951641267e+00 	 1.4987931017e-05
4400 	 4508 	 2.3951640851e+00 	 2.3984439302e-05
4500 	 4610 	 2.3951640319e+00 	 2.1363065076e-05
4600 	 4713 	 2.3951639693e+00 	 2.8416713469e-05
4700 	 4817 	 2.3951639139e+00 	 2.5096137944e-05
4800 	 4918 	 2.3951638605e+00 	 1.8340524589e-05
4900 	 5022 	 2.3951638113e+00 	 3.9095029455e-05
5000 	 5124 	 2.3951637503e+00 	 3.6186362986e-05
5100 	 5226 	 2.3951636875e+00 	 6.0124170745e-05
5200 	 5326 	 2.3951636380e+00 	 3.4286961272e-05
5300 	 5427 	 2.3951635903e+00 	 2.3938141823e-05
5400 	 5529 	 2.3951635501e+00 	 1.8618823003e-05
5500 	 5633 	 2.3951635122e+00 	 2.5535105130e-05
5600 	 5735 	 2.3951634663e+00 	 1.7885204848e-05
5700 	 5837 	 2.3951634311e+00 	 2.0800549019e-05
5800 	 5941 	 2.3951634036e+00 	 2.0262812480e-05
5900 	 6043 	 2.3951633762e+00 	 2.5457709488e-05
6000 	 6146 	 2.3951633529e+00 	 1.2028166970e-05
6100 	 6248 	 2.3951633344e+00 	 1.5485579370e-05
6200 	 6351 	 2.3951633146e+00 	 2.6073712522e-05
6300 	 6455 	 2.3951632922e+00 	 1.6652562335e-05
6400 	 6558 	 2.3951632707e+00 	 1.3524170029e-05
6500 	 6661 	 2.3951632590e+00 	 1.0794539200e-05
6600 	 6764 	 2.3951632492e+00 	 2.4158453495e-05
6700 	 6867 	 2.3951632356e+00 	 1.3627859612e-05
6800 	 6969 	 2.3951632243e+00 	 1.8299332800e-05
6900 	 7071 	 2.3951632152e+00 	 1.3625754535e-05
7000 	 7172 	 2.3951632064e+00 	 3.0852485133e-05
7100 	 7274 	 2.3951631951e+00 	 3.2907702870e-05
7200 	 7377 	 2.3951631764e+00 	 1.5921238452e-05
7300 	 7478 	 2.3951631592e+00 	 1.8475566637e-05
7400 	 7583 	 2.3951631410e+00 	 2.8472391434e-05
7500 	 7685 	 2.3951631201e+00 	 1.2175687541e-05
7600 	 7788 	 2.3951631036e+00 	 2.1979286005e-05
7700 	 7892 	 2.3951630914e+00 	 1.0773411771e-05
7800 	 7994 	 2.3951630819e+00 	 2.2923172193e-05
7900 	 8095 	 2.3951630750e+00 	 8.3336859526e-06
8000 	 8197 	 2.3951630708e+00 	 7.2849340881e-06
8100 	 8299 	 2.3951630667e+00 	 1.2083326823e-05
8200 	 8401 	 2.3951630608e+00 	 9.2356758515e-06
8300 	 8503 	 2.3951630523e+00 	 1.1699879886e-05
8400 	 8606 	 2.3951630400e+00 	 1.0171220848e-05
8500 	 8709 	 2.3951630313e+00 	 8.5335281646e-06
8600 	 8810 	 2.3951630255e+00 	 5.6255785463e-06
8700 	 8912 	 2.3951630205e+00 	 7.6681421171e-06
8800 	 9015 	 2.3951630153e+00 	 8.5949592680e-06
8900 	 9117 	 2.3951630089e+00 	 7.8927668617e-06
9000 	 9220 	 2.3951630021e+00 	 9.2209802543e-06
9100 	 9323 	 2.3951629967e+00 	 1.0474012281e-05
9200 	 9424 	 2.3951629926e+00 	 5.5287151348e-06
9300 	 9527 	 2.3951629897e+00 	 6.6322307946e-06
9400 	 9630 	 2.3951629872e+00 	 5.7953835935e-06
9500 	 9734 	 2.3951629850e+00 	 4.4306266231e-06
9600 	 9836 	 2.3951629831e+00 	 4.8963043171e-06
9700 	 9938 	 2.3951629810e+00 	 3.5703851705e-06
9800 	 10042 	 2.3951629787e+00 	 1.3668142027e-05
9900 	 10145 	 2.3951629770e+00 	 4.6174514244e-06
10000 	 10247 	 2.3951629756e+00 	 5.1348719536e-06
10100 	 10350 	 2.3951629739e+00 	 4.3515326767e-06
10200 	 10452 	 2.3951629722e+00 	 5.9122440074e-06
10300 	 10555 	 2.3951629704e+00 	 4.7327593755e-06
10400 	 10659 	 2.3951629681e+00 	 4.2227568270e-06
10500 	 10762 	 2.3951629665e+00 	 4.7433590357e-06
10600 	 10865 	 2.3951629652e+00 	 3.9980901586e-06
10700 	 10965 	 2.3951629641e+00 	 3.1903964659e-06
10800 	 11067 	 2.3951629628e+00 	 3.6507439666e-06
10900 	 11170 	 2.3951629616e+00 	 9.7965136132e-06
11000 	 11272 	 2.3951629606e+00 	 3.7658346433e-06
11100 	 11374 	 2.3951629595e+00 	 2.4762186226e-06
11200 	 11478 	 2.3951629586e+00 	 3.0512225739e-06
11300 	 11581 	 2.3951629576e+00 	 2.5211918876e-06
11400 	 11684 	 2.3951629566e+00 	 9.2247200033e-06
11500 	 11786 	 2.3951629554e+00 	 4.4648634061e-06
11600 	 11887 	 2.3951629540e+00 	 5.9357509962e-06
11700 	 11989 	 2.3951629527e+00 	 3.8878516842e-06
11800 	 12091 	 2.3951629511e+00 	 4.2478022383e-06
11900 	 12194 	 2.3951629495e+00 	 6.4266295742e-06
12000 	 12297 	 2.3951629481e+00 	 6.7223128665e-06
12100 	 12399 	 2.3951629466e+00 	 4.5099869832e-06
12200 	 12502 	 2.3951629453e+00 	 6.0463998597e-06
12300 	 12604 	 2.3951629442e+00 	 4.2790794879e-06
12400 	 12706 	 2.3951629436e+00 	 2.7290058524e-06
12500 	 12810 	 2.3951629430e+00 	 4.8107227975e-06
12600 	 12912 	 2.3951629426e+00 	 1.5956646390e-06
12700 	 13015 	 2.3951629423e+00 	 3.2467089413e-06
12800 	 13117 	 2.3951629420e+00 	 2.8228383950e-06
12900 	 13220 	 2.3951629417e+00 	 1.7106490575e-06
13000 	 13321 	 2.3951629414e+00 	 1.7490022511e-06
13100 	 13424 	 2.3951629411e+00 	 1.2903420201e-06
13200 	 13528 	 2.3951629409e+00 	 1.4903189246e-06
13300 	 13630 	 2.3951629408e+00 	 1.6348563569e-06
13400 	 13732 	 2.3951629405e+00 	 1.7311606092e-06
13500 	 13833 	 2.3951629403e+00 	 1.4619110597e-06
13600 	 13938 	 2.3951629402e+00 	 1.8017952903e-06
13700 	 14039 	 2.3951629400e+00 	 1.0944898576e-06
13800 	 14141 	 2.3951629399e+00 	 1.9070074318e-06
13900 	 14242 	 2.3951629398e+00 	 1.3692071167e-06
14000 	 14342 	 2.3951629396e+00 	 1.2155289991e-06
14100 	 14444 	 2.3951629395e+00 	 3.3034816336e-06
14200 	 14546 	 2.3951629393e+00 	 1.6883235942e-06
14300 	 14649 	 2.3951629392e+00 	 9.8931132229e-07
14400 	 14752 	 2.3951629391e+00 	 7.0029696415e-07
14500 	 14854 	 2.3951629390e+00 	 8.0896776655e-07
14600 	 14954 	 2.3951629389e+00 	 9.9733576946e-07
14700 	 15058 	 2.3951629388e+00 	 9.7986169616e-07
14800 	 15160 	 2.3951629388e+00 	 7.9474179262e-07
14900 	 15263 	 2.3951629387e+00 	 1.2674164675e-06
15000 	 15364 	 2.3951629385e+00 	 1.0447503872e-06
15100 	 15468 	 2.3951629385e+00 	 1.1297304948e-06
15200 	 15570 	 2.3951629384e+00 	 9.0548835475e-07
15300 	 15672 	 2.3951629383e+00 	 1.7050478288e-06
15400 	 15774 	 2.3951629382e+00 	 1.8166225829e-06
15500 	 15875 	 2.3951629381e+00 	 7.8741484647e-07
15600 	 15977 	 2.3951629381e+00 	 6.4000802081e-07
15700 	 16080 	 2.3951629380e+00 	 9.1394575410e-07
15800 	 16183 	 2.3951629379e+00 	 1.0562987607e-06
15900 	 16287 	 2.3951629379e+00 	 6.3357359327e-07
16000 	 16391 	 2.3951629379e+00 	 4.7539833633e-07
16100 	 16493 	 2.3951629378e+00 	 5.7539439036e-07
16200 	 16595 	 2.3951629378e+00 	 1.0964240482e-06
16300 	 16700 	 2.3951629378e+00 	 6.5575922974e-07
16400 	 16801 	 2.3951629378e+00 	 3.6176021855e-07
16500 	 16902 	 2.3951629378e+00 	 3.2033668924e-07
16600 	 17009 	 2.3951629377e+00 	 6.4567103086e-07
16700 	 17112 	 2.3951629377e+00 	 4.3170525140e-07
16800 	 17215 	 2.3951629377e+00 	 5.7039477136e-07
16900 	 17317 	 2.3951629377e+00 	 4.9614103530e-07
17000 	 17420 	 2.3951629377e+00 	 5.6670381188e-07
17100 	 17524 	 2.3951629376e+00 	 5.3016524089e-07
17200 	 17627 	 2.3951629376e+00 	 4.2833934626e-07
17300 	 17731 	 2.3951629376e+00 	 3.2952810298e-07
17400 	 17833 	 2.3951629376e+00 	 3.9537151766e-07
17500 	 17936 	 2.3951629376e+00 	 2.7568238491e-07
17600 	 18039 	 2.3951629376e+00 	 3.5321941052e-07
17700 	 18144 	 2.3951629375e+00 	 2.5115919243e-07
17800 	 18248 	 2.3951629375e+00 	 3.1170108978e-07
17900 	 18351 	 2.3951629375e+00 	 3.5396600104e-07
18000 	 18455 	 2.3951629375e+00 	 2.9116078470e-07
18100 	 18556 	 2.3951629375e+00 	 3.4268637225e-07
18200 	 18659 	 2.3951629375e+00 	 4.3391289104e-07
18300 	 18760 	 2.3951629375e+00 	 7.2296958100e-07
18400 	 18864 	 2.3951629375e+00 	 3.0724779520e-07
18500 	 18964 	 2.3951629375e+00 	 3.8157961266e-07
18600 	 19069 	 2.3951629374e+00 	 4.9732896267e-07
18700 	 19171 	 2.3951629374e+00 	 6.2230060695e-07
18800 	 19273 	 2.3951629374e+00 	 1.0303251170e-06
18900 	 19377 	 2.3951629374e+00 	 3.1275162905e-07
19000 	 19479 	 2.3951629374e+00 	 4.1644506515e-07
19100 	 19580 	 2.3951629374e+00 	 3.4297425712e-07
19200 	 19683 	 2.3951629374e+00 	 1.9107706373e-07
19300 	 19788 	 2.3951629374e+00 	 1.6010764205e-07
19400 	 19889 	 2.3951629374e+00 	 1.6976174118e-07
19500 	 19992 	 2.3951629374e+00 	 1.9412106205e-07
19600 	 20097 	 2.3951629374e+00 	 1.7348369049e-07
19700 	 20204 	 2.3951629374e+00 	 1.6017739442e-07
19800 	 20310 	 2.3951629374e+00 	 3.4885368277e-07
19900 	 20418 	 2.3951629374e+00 	 1.4207818398e-07
20000 	 20526 	 2.3951629374e+00 	 1.1968913694e-07
20100 	 20632 	 2.3951629374e+00 	 1.2680948073e-07
20200 	 20740 	 2.3951629374e+00 	 1.8686309183e-07
20300 	 20860 	 2.3951629374e+00 	 1.2043769218e-07
20400 	 20969 	 2.3951629374e+00 	 8.7793369550e-08
20500 	 21081 	 2.3951629374e+00 	 1.8597279003e-07
20600 	 21186 	 2.3951629374e+00 	 1.6344641547e-07
20700 	 21294 	 2.3951629374e+00 	 2.4092726600e-07
20800 	 21407 	 2.3951629374e+00 	 1.0911141427e-07
# ---- 
 1 		 20876 	 21515 		 2.9938102791e+00 	 2.3951629374e+00 	 1.3956736251e-07
# ---- 
100 	 104 	 5.5301722617e+00 	 2.3869640221e-02
200 	 205 	 5.5187175507e+00 	 1.2763497513e-02
300 	 308 	 5.5106325795e+00 	 2.4300788966e-02
400 	 410 	 5.5053692329e+00 	 7.3200533820e-03
500 	 511 	 5.5034283340e+00 	 3.3002757730e-03
600 	 613 	 5.5028159885e+00 	 2.2066228138e-03
700 	 715 	 5.5026049370e+00 	 2.5726524264e-03
800 	 817 	 5.5025320225e+00 	 1.1253518747e-03
900 	 917 	 5.5024815861e+00 	 9.2644878801e-04
1000 	 1017 	 5.5024450461e+00 	 7.5830914227e-04
1100 	 1119 	 5.5024236112e+00 	 5.2913228648e-04
1200 	 1222 	 5.5024057953e+00 	 1.1823754669e-03
1300 	 1324 	 5.5023820459e+00 	 4.7187540779e-04
1400 	 1426 	 5.5023542500e+00 	 7.5791929102e-04
1500 	 1528 	 5.5023321855e+00 	 3.9246347192e-04
1600 	 1630 	 5.5023176963e+00 	 3.4851510257e-04
1700 	 1732 	 5.5023026236e+00 	 5.0965142009e-04
1800 	 1834 	 5.5022861714e+00 	 8.5619923947e-04
1900 	 1937 	 5.5022672784e+00 	 8.6075772994e-04
2000 	 2039 	 5.5022526947e+00 	 6.8186909545e-04
2100 	 2140 	 5.5022416071e+00 	 5.0348390993e-04
2200 	 2244 	 5.5022317569e+00 	 2.8340002846e-04
2300 	 2348 	 5.5022251341e+00 	 2.2588091346e-04
2400 	 2452 	 5.5022201270e+00 	 2.8260746786e-04
2500 	 2555 	 5.5022160583e+00 	 2.0210357909e-04
2600 	 2656 	 5.5022122531e+00 	 2.2030457147e-04
2700 	 2759 	 5.5022063636e+00 	 2.6788416202e-04
2800 	 2862 	 5.5022000743e+00 	 4.0549134089e-04
2900 	 2965 	 5.5021936080e+00 	 3.6357942620e-04
3000 	 3067 	 5.5021881499e+00 	 6.6804675571e-04
3100 	 3170 	 5.5021819295e+00 	 3.0190377042e-04
3200 	 3274 	 5.5021753090e+00 	 2.7079793838e-04
3300 	 3377 	 5.5021692228e+00 	 3.1776021452e-04
3400 	 3481 	 5.5021644074e+00 	 2.0518128589e-04
3500 	 3584 	 5.5021611625e+00 	 3.1407836000e-04
3600 	 3686 	 5.5021578513e+00 	 5.4889763224e-04
3700 	 3789 	 5.5021554811e+00 	 1.4140020766e-04
3800 	 3891 	 5.5021539442e+00 	 1.4067847914e-04
3900 	 3994 	 5.5021520522e+00 	 2.3263707100e-04
4000 	 4096 	 5.5021502094e+00 	 1.6323349530e-04
4100 	 4199 	 5.5021482174e+00 	 1.4665811421e-04
4200 	 4302 	 5.5021467775e+00 	 1.3432964608e-04
4300 	 4403 	 5.5021458974e+00 	 1.1193788613e-04
4400 	 4506 	 5.5021450315e+00 	 1.6139337260e-04
4500 	 4606 	 5.5021438542e+00 	 2.5969986097e-04
4600 	 4707 	 5.5021424560e+00 	 1.3482981139e-04
4700 	 4810 	 5.5021411802e+00 	 1.0982093196e-04
4800 	 4914 	 5.5021401419e+00 	 1.0485484901e-04
4900 	 5016 	 5.5021391041e+00 	 1.4268521338e-04
5000 	 5118 	 5.5021382521e+00 	 1.3191005568e-04
5100 	 5220 	 5.5021374815e+00 	 1.8149507096e-04
5200 	 5322 	 5.5021369580e+00 	 9.2614630672e-05
5300 	 5426 	 5.5021365631e+00 	 1.1052348968e-04
5400 	 5528 	 5.5021362030e+00 	 7.9404792488e-05
5500 	 5631 	 5.5021358359e+00 	 1.9319717920e-04
5600 	 5734 	 5.5021353767e+00 	 5.0436413933e-05
5700 	 5838 	 5.5021349322e+00 	 9.4563249757e-05
5800 	 5940 	 5.5021341811e+00 	 1.1165486616e-04
5900 	 6042 	 5.5021335061e+00 	 9.2874040044e-05
6000 	 6144 	 5.5021330484e+00 	 2.1004467371e-04
6100 	 6249 	 5.5021326324e+00 	 1.1567491126e-04
6200 	 6351 	 5.5021322948e+00 	 7.3289534288e-05
6300 	 6456 	 5.5021320185e+00 	 7.9900553422e-05
6400 	 6558 	 5.5021317165e+00 	 7.2650804349e-05
6500 	 6659 	 5.5021314380e+00 	 4.4907271337e-05
6600 	 6761 	 5.5021311618e+00 	 1.2515929257e-04
6700 	 6862 	 5.5021309171e+00 	 7.9409707730e-05
6800 	 6964 	 5.5021307071e+00 	 3.6729197454e-05
6900 	 7067 	 5.5021305066e+00 	 4.1608796395e-05
7000 	 7168 	 5.5021303025e+00 	 4.3121393218e-05
7100 	 7271 	 5.5021301693e+00 	 3.8326152000e-05
7200 	 7373 	 5.5021300758e+00 	 2.9877939236e-05
7300 	 7475 	 5.5021300012e+00 	 3.1973792752e-05
7400 	 7577 	 5.5021299336e+00 	 4.3681562822e-05
7500 	 7678 	 5.5021298597e+00 	 8.1295614213e-05
7600 	 7780 	 5.5021297773e+00 	 2.8276064365e-05
7700 	 7883 	 5.5021296784e+00 	 4.7391625375e-05
7800 	 7984 	 5.5021295649e+00 	 3.6130416391e-05
7900 	 8085 	 5.5021294681e+00 	 7.1505567347e-05
8000 	 8189 	 5.5021293829e+00 	 3.2013407953e-05
8100 	 8291 	 5.5021293159e+00 	 5.2192474655e-05
8200 	 8394 	 5.5021292463e+00 	 2.2016982328e-05
8300 	 8497 	 5.5021291925e+00 	 1.7462822854e-05
8400 	 8599 	 5.5021291543e+00 	 1.9998570126e-05
8500 	 8701 	 5.5021291209e+00 	 2.0927328758e-05
8600 	 8805 	 5.5021290981e+00 	 1.2371772946e-05
8700 	 8907 	 5.5021290693e+00 	 2.0107106176e-05
8800 	 9010 	 5.5021290256e+00 	 2.3142776605e-05
8900 	 9113 	 5.5021289942e+00 	 1.7162008270e-05
9000 	 9214 	 5.5021289739e+00 	 1.5244136363e-05
9100 	 9317 	 5.5021289597e+00 	 1.3247069233e-05
9200 	 9419 	 5.5021289436e+00 	 1.3309892593e-05
9300 	 9519 	 5.5021289285e+00 	 1.2791416424e-05
9400 	 9623 	 5.5021289144e+00 	 3.5200349237e-05
9500 	 9726 	 5.5021288981e+00 	 1.6808893873e-05
9600 	 9827 	 5.5021288815e+00 	 2.2101128015e-05
9700 	 9929 	 5.5021288652e+00 	 1.7139179777e-05
9800 	 10033 	 5.5021288550e+00 	 1.5631507597e-05
9900 	 10137 	 5.5021288431e+00 	 1.1361085888e-05
10000 	 10240 	 5.5021288342e+00 	 1.1542448782e-05
10100 	 10342 	 5.5021288250e+00 	 1.4319443398e-05
10200 	 10444 	 5.5021288145e+00 	 1.2034761758e-05
10300 	 10547 	 5.5021288060e+00 	 1.4152210815e-05
10400 	 10650 	 5.5021287991e+00 	 9.4484216181e-06
10500 	 10750 	 5.5021287935e+00 	 8.9786151165e-06
10600 	 10852 	 5.5021287880e+00 	 8.4391988323e-06
10700 	 10954 	 5.5021287841e+00 	 5.9284155695e-06
10800 	 11060 	 5.5021287814e+00 	 3.7419415306e-06
10900 	 11162 	 5.5021287796e+00 	 1.2301463739e-05
11000 	 11263 	 5.5021287777e+00 	 5.0195734181e-06
11100 	 11364 	 5.5021287756e+00 	 4.9595796306e-06
11200 	 11467 	 5.5021287738e+00 	 3.6768655725e-06
11300 	 11570 	 5.5021287720e+00 	 5.5287999897e-06
11400 	 11674 	 5.5021287702e+00 	 6.5201147065e-06
11500 	 11776 	 5.5021287685e+00 	 7.0557932787e-06
11600 	 11878 	 5.5021287664e+00 	 5.5100459513e-06
11700 	 11978 	 5.5021287641e+00 	 5.6018091798e-06
11800 	 12079 	 5.5021287618e+00 	 5.2033623795e-06
11900 	 12184 	 5.5021287596e+00 	 6.8573443429e-06
12000 	 12286 	 5.5021287575e+00 	 4.2806396322e-06
12100 	 12389 	 5.5021287556e+00 	 9.0836407498e-06
12200 	 12494 	 5.5021287538e+00 	 3.4006670304e-06
12300 	 12597 	 5.5021287524e+00 	 4.9948711642e-06
12400 	 12701 	 5.5021287509e+00 	 3.6716979165e-06
12500 	 12804 	 5.5021287498e+00 	 2.7645814813e-06
12600 	 12905 	 5.5021287488e+00 	 2.5779109936e-06
12700 	 13007 	 5.5021287477e+00 	 5.0799033668e-06
12800 	 13108 	 5.5021287468e+00 	 5.3046035861e-06
12900 	 13212 	 5.5021287461e+00 	 3.2947402196e-06
13000 	 13313 	 5.5021287455e+00 	 2.0126931372e-06
13100 	 13415 	 5.5021287449e+00 	 2.6902234076e-06
13200 	 13518 	 5.5021287445e+00 	 1.7238400335e-06
13300 	 13622 	 5.5021287442e+00 	 1.6132760500e-06
13400 	 13724 	 5.5021287440e+00 	 2.5611502614e-06
13500 	 13827 	 5.5021287438e+00 	 1.4991450324e-06
13600 	 13929 	 5.5021287436e+00 	 1.3055745720e-06
13700 	 14032 	 5.5021287435e+00 	 8.4667880257e-07
13800 	 14134 	 5.5021287434e+00 	 8.9483275208e-07
13900 	 14236 	 5.5021287433e+00 	 1.2141194134e-06
14000 	 14340 	 5.5021287432e+00 	 9.6149406572e-07
14100 	 14444 	 5.5021287431e+00 	 1.1738946547e-06
14200 	 14545 	 5.5021287430e+00 	 9.0415547084e-07
14300 	 14649 	 5.5021287428e+00 	 1.4051595644e-06
14400 	 14752 	 5.5021287427e+00 	 2.0040295138e-06
14500 	 14855 	 5.5021287425e+00 	 4.9772444844e-06
14600 	 14956 	 5.5021287423e+00 	 1.5346978746e-06
14700 	 15058 	 5.5021287422e+00 	 1.0466098037e-06
14800 	 15160 	 5.5021287420e+00 	 1.0676176561e-06
14900 	 15262 	 5.5021287419e+00 	 1.3650330499e-06
15000 	 15365 	 5.5021287418e+00 	 1.1221662137e-06
15100 	 15466 	 5.5021287417e+00 	 1.9503478226e-06
15200 	 15568 	 5.5021287416e+00 	 1.2237992855e-06
15300 	 15671 	 5.5021287416e+00 	 7.5600512622e-07
15400 	 15774 	 5.5021287415e+00 	 6.9071734387e-07
15500 	 15877 	 5.5021287415e+00 	 5.6985740180e-07
15600 	 15982 	 5.5021287415e+00 	 5.0969669185e-07
15700 	 16087 	 5.5021287414e+00 	 7.5439286658e-07
15800 	 16188 	 5.5021287414e+00 	 4.4501907870e-07
15900 	 16291 	 5.5021287414e+00 	 4.6165531403e-07
16000 	 16392 	 5.5021287414e+00 	 4.8806228168e-07
16100 	 16495 	 5.5021287414e+00 	 2.9321335736e-07
16200 	 16599 	 5.5021287413e+00 	 2.6991129761e-07
16300 	 16701 	 5.5021287413e+00 	 2.5357965767e-07
16400 	 16806 	 5.5021287413e+00 	 3.4716435926e-07
16500 	 16910 	 5.5021287413e+00 	 8.1494855927e-07
16600 	 17016 	 5.5021287413e+00 	 2.5110375811e-07
16700 	 17118 	 5.5021287413e+00 	 1.5440909762e-07
16800 	 17230 	 5.5021287413e+00 	 2.3256955863e-07
16900 	 17338 	 5.5021287413e+00 	 1.9283477640e-07
17000 	 17444 	 5.5021287413e+00 	 1.9751235288e-07
17100 	 17551 	 5.5021287413e+00 	 1.8622446461e-07
17200 	 17655 	 5.5021287413e+00 	 2.0781706449e-07
17300 	 17763 	 5.5021287413e+00 	 1.8374834118e-07
17400 	 17868 	 5.5021287413e+00 	 2.7772097631e-07
17500 	 17968 	 5.5021287413e+00 	 1.8438080933e-07
17600 	 18071 	 5.5021287413e+00 	 2.0317188337e-07
17700 	 18177 	 5.5021287413e+00 	 2.0370545682e-07
17800 	 18283 	 5.5021287413e+00 	 1.6140087697e-07
17900 	 18388 	 5.5021287413e+00 	 1.5175483121e-07
18000 	 18499 	 5.5021287413e+00 	 1.0591028383e-07
18100 	 18611 	 5.5021287413e+00 	 8.7214689304e-08
18200 	 18718 	 5.5021287413e+00 	 4.5515323279e-08
# ---- 
 1 		 18240 	 18778 		 6.0774136572e+00 	 5.5021287413e+00 	 1.0623917720e-07
# ---- 
100 	 104 	 9.9643772916e+00 	 1.5271066333e-02
200 	 208 	 9.9550425476e+00 	 1.0116675700e-02
300 	 312 	 9.9474033939e+00 	 1.6253679135e-02
400 	 415 	 9.9419050384e+00 	 6.1816954018e-03
500 	 517 	 9.9395645489e+00 	 1.2645103161e-02
600 	 619 	 9.9386132954e+00 	 6.5856996417e-03
700 	 722 	 9.9382963818e+00 	 3.6533091890e-03
800 	 823 	 9.9381896814e+00 	 1.5301780761e-03
900 	 925 	 9.9380969686e+00 	 1.7748171506e-03
1000 	 1026 	 9.9380080366e+00 	 9.0702872547e-04
1100 	 1128 	 9.9379469528e+00 	 2.0788254176e-03
1200 	 1228 	 9.9379090036e+00 	 1.5964858417e-03
1300 	 1331 	 9.9378747870e+00 	 1.1309949140e-03
1400 	 1433 	 9.9378433564e+00 	 5.6012080918e-04
1500 	 1536 	 9.9378168095e+00 	 4.4610025339e-04
1600 	 1639 	 9.9377930623e+00 	 5.5495199808e-04
1700 	 1743 	 9.9377701076e+00 	 9.7680813872e-04
1800 	 1844 	 9.9377456146e+00 	 5.3363513315e-04
1900 	 1946 	 9.9377283111e+00 	 3.6998875388e-04
2000 	 2047 	 9.9377190040e+00 	 2.5944662239e-04
2100 	 2150 	 9.9377128723e+00 	 2.8450256503e-04
2200 	 2252 	 9.9377090092e+00 	 2.4698464518e-04
2300 	 2353 	 9.9377049767e+00 	 2.1101490133e-04
2400 	 2455 	 9.9377015811e+00 	 1.6539549822e-04
2500 	 2559 	 9.9376974282e+00 	 2.5231233698e-04
2600 	 2662 	 9.9376915333e+00 	 5.4264015692e-04
2700 	 2763 	 9.9376862782e+00 	 2.7961022820e-04
2800 	 2865 	 9.9376812061e+00 	 2.0276354307e-04
2900 	 2965 	 9.9376766283e+00 	 2.2214329429e-04
3000 	 3070 	 9.9376732596e+00 	 2.0804782804e-04
3100 	 3173 	 9.9376701567e+00 	 1.5142362933e-04
3200 	 3276 	 9.9376679791e+00 	 1.3643215133e-04
3300 	 3378 	 9.9376663401e+00 	 1.2799635580e-04
3400 	 3482 	 9.9376653773e+00 	 1.2321002493e-04
3500 	 3585 	 9.9376644394e+00 	 1.5929628506e-04
3600 	 3689 	 9.9376627800e+00 	 1.5974804410e-04
3700 	 3792 	 9.9376610886e+00 	 1.4379774160e-04
3800 	 3894 	 9.9376596391e+00 	 1.2342063078e-04
3900 	 3999 	 9.9376586239e+00 	 2.0899684604e-04
4000 	 4102 	 9.9376580031e+00 	 6.8533620466e-05
4100 	 4204 	 9.9376574467e+00 	 1.6113161935e-04
4200 	 4307 	 9.9376569621e+00 	 1.8616567200e-04
4300 	 4411 	 9.9376565328e+00 	 7.4149107267e-05
4400 	 4514 	 9.9376561184e+00 	 1.1757173163e-04
4500 	 4616 	 9.9376556087e+00 	 9.2295863300e-05
4600 	 4718 	 9.9376549506e+00 	 1.0275341002e-04
4700 	 4819 	 9.9376544552e+00 	 8.6523759843e-05
4800 	 4922 	 9.9376539683e+00 	 7.9227983307e-05
4900 	 5023 	 9.9376535063e+00 	 9.3229688079e-05
5000 	 5128 	 9.9376531067e+00 	 1.0399757742e-04
5100 	 5230 	 9.9376527295e+00 	 8.9018260656e-05
5200 	 5332 	 9.9376523634e+00 	 1.3505741555e-04
5300 	 5434 	 9.9376520684e+00 	 4.2334006104e-05
5400 	 5535 	 9.9376518578e+00 	 6.1435941038e-05
5500 	 5636 	 9.9376517104e+00 	 3.2681434761e-05
5600 	 5738 	 9.9376516167e+00 	 3.1516794486e-05
5700 	 5840 	 9.9376515438e+00 	 3.1914107881e-05
5800 	 5943 	 9.9376514852e+00 	 3.0911971420e-05
5900 	 6044 	 9.9376514360e+00 	 2.9849023735e-05
6000 	 6145 	 9.9376513850e+00 	 2.5854980999e-05
6100 	 6246 	 9.9376513299e+00 	 2.4721744692e-05
6200 	 6347 	 9.9376512820e+00 	 4.3381645828e-05
6300 	 6450 	 9.9376512470e+00 	 2.0193235188e-05
6400 	 6552 	 9.9376512200e+00 	 1.9699665352e-05
6500 	 6654 	 9.9376512012e+00 	 3.3772689243e-05
6600 	 6755 	 9.9376511892e+00 	 1.0112579788e-05
6700 	 6856 	 9.9376511805e+00 	 8.1370723549e-06
6800 	 6957 	 9.9376511707e+00 	 7.6739953551e-06
6900 	 7059 	 9.9376511613e+00 	 1.0419413208e-05
7000 	 7163 	 9.9376511467e+00 	 1.3119006573e-05
7100 	 7265 	 9.9376511190e+00 	 1.9182323358e-05
7200 	 7370 	 9.9376510843e+00 	 1.8898829886e-05
7300 	 7474 	 9.9376510572e+00 	 5.3709975661e-05
7400 	 7577 	 9.9376510349e+00 	 3.2809473738e-05
7500 	 7678 	 9.9376510161e+00 	 1.5022431964e-05
7600 	 7780 	 9.9376509998e+00 	 2.1945109068e-05
7700 	 7882 	 9.9376509871e+00 	 1.2247340861e-05
7800 	 7984 	 9.9376509789e+00 	 6.6792804211e-06
7900 	 8086 	 9.9376509723e+00 	 7.7767208560e-06
8000 	 8190 	 9.9376509670e+00 	 8.2346153143e-06
8100 	 8293 	 9.9376509636e+00 	 5.7401871300e-06
8200 	 8395 	 9.9376509610e+00 	 7.8994008520e-06
8300 	 8496 	 9.9376509583e+00 	 6.0729147265e-06
8400 	 8597 	 9.9376509561e+00 	 4.1076995493e-06
8500 	 8700 	 9.9376509543e+00 	 1.1031404640e-05
8600 	 8802 	 9.9376509526e+00 	 3.8875781599e-06
8700 	 8902 	 9.9376509509e+00 	 4.8414924459e-06
8800 	 9002 	 9.9376509490e+00 	 4.6599500545e-06
8900 	 9107 	 9.9376509473e+00 	 5.8100802914e-06
9000 	 9211 	 9.9376509453e+00 	 5.0013328845e-06
9100 	 9314 	 9.9376509436e+00 	 4.5326154236e-06
9200 	 9417 	 9.9376509420e+00 	 6.7807684098e-06
9300 	 9519 	 9.9376509406e+00 	 1.0222418086e-05
9400 	 9624 	 9.9376509395e+00 	 2.8648477814e-06
9500 	 9725 	 9.9376509386e+00 	 2.7752843539e-06
9600 	 9827 	 9.9376509381e+00 	 2.0373451376e-06
9700 	 9931 	 9.9376509378e+00 	 2.2783318922e-06
9800 	 10035 	 9.9376509375e+00 	 1.8018859528e-06
9900 	 10138 	 9.9376509373e+00 	 2.3716158267e-06
10000 	 10242 	 9.9376509369e+00 	 3.3033169504e-06
10100 	 10346 	 9.9376509366e+00 	 1.5870848447e-06
10200 	 10448 	 9.9376509364e+00 	 1.6020841046e-06
10300 	 10551 	 9.9376509362e+00 	 1.7112559989e-06
10400 	 10654 	 9.9376509360e+00 	 1.6465129307e-06
10500 	 10756 	 9.9376509358e+00 	 2.4375772484e-06
10600 	 10858 	 9.9376509355e+00 	 1.8861739151e-06
10700 	 10960 	 9.9376509353e+00 	 1.1262509162e-06
10800 	 11063 	 9.9376509351e+00 	 1.2630595365e-06
10900 	 11164 	 9.9376509350e+00 	 1.9021133910e-06
11000 	 11265 	 9.9376509348e+00 	 2.1769164305e-06
11100 	 11367 	 9.9376509347e+00 	 3.8118419987e-06
11200 	 11471 	 9.9376509346e+00 	 1.5317035196e-06
11300 	 11573 	 9.9376509345e+00 	 1.3722089439e-06
11400 	 11675 	 9.9376509344e+00 	 8.3782734623e-07
11500 	 11778 	 9.9376509343e+00 	 7.9796017812e-07
11600 	 11880 	 9.9376509342e+00 	 8.9149896153e-07
11700 	 11983 	 9.9376509342e+00 	 6.6265040937e-07
11800 	 12085 	 9.9376509341e+00 	 1.0928329228e-06
11900 	 12187 	 9.9376509341e+00 	 8.0643360912e-07
12000 	 12290 	 9.9376509340e+00 	 1.6361025293e-06
12100 	 12393 	 9.9376509340e+00 	 8.5794248087e-07
12200 	 12496 	 9.9376509340e+00 	 5.4500153105e-07
12300 	 12598 	 9.9376509339e+00 	 4.8394913302e-07
12400 	 12703 	 9.9376509339e+00 	 1.2671847583e-06
12500 	 12807 	 9.9376509339e+00 	 4.2384270751e-07
12600 	 12912 	 9.9376509339e+00 	 4.1922481938e-07
12700 	 13020 	 9.9376509339e+00 	 3.1545820683e-07
12800 	 13125 	 9.9376509338e+00 	 9.9788424408e-07
12900 	 13227 	 9.9376509338e+00 	 4.1184006176e-07
13000 	 13329 	 9.9376509338e+00 	 3.4263602762e-07
13100 	 13434 	 9.9376509338e+00 	 2.9120368331e-07
13200 	 13538 	 9.9376509338e+00 	 6.7409528645e-07
13300 	 13643 	 9.9376509338e+00 	 4.0075602507e-07
13400 	 13749 	 9.9376509338e+00 	 3.4041819479e-07
13500 	 13852 	 9.9376509338e+00 	 3.6413524838e-07
13600 	 13953 	 9.9376509338e+00 	 2.6483859734e-07
13700 	 14058 	 9.9376509337e+00 	 2.8474491658e-07
13800 	 14166 	 9.9376509337e+00 	 1.3377382870e-07
13900 	 14276 	 9.9376509337e+00 	 3.9922126178e-07
14000 	 14385 	 9.9376509337e+00 	 2.0851594745e-07
# ---- 
 1 		 14088 	 14494 		 1.0499918624e+01 	 9.9376509337e+00 	 2.1032665409e-07
# ---- 
100 	 102 	 1.5748926792e+01 	 9.5828633393e-03
200 	 203 	 1.5740838013e+01 	 9.6600971622e-03
300 	 305 	 1.5734122626e+01 	 1.1580394398e-02
400 	 408 	 1.5729215844e+01 	 1.7028796076e-02
500 	 509 	 1.5726393655e+01 	 4.2436544633e-03
600 	 612 	 1.5725277943e+01 	 5.3302939335e-03
700 	 714 	 1.5724868009e+01 	 1.8328350409e-03
800 	 818 	 1.5724737365e+01 	 1.4842113086e-03
900 	 919 	 1.5724608658e+01 	 1.0757612397e-03
1000 	 1021 	 1.5724502913e+01 	 1.0097446745e-03
1100 	 1122 	 1.5724451334e+01 	 1.0171755515e-03
1200 	 1224 	 1.5724415572e+01 	 6.4695095289e-04
1300 	 1326 	 1.5724379678e+01 	 7.9880778539e-04
1400 	 1428 	 1.5724349700e+01 	 6.4323208593e-04
1500 	 1528 	 1.5724325599e+01 	 7.8774745640e-04
1600 	 1632 	 1.5724307218e+01 	 4.9238633852e-04
1700 	 1735 	 1.5724288783e+01 	 4.4014094172e-04
1800 	 1837 	 1.5724274854e+01 	 4.3163892240e-04
1900 	 1939 	 1.5724266713e+01 	 2.7887311794e-04
2000 	 2040 	 1.5724262129e+01 	 2.3620648355e-04
2100 	 2142 	 1.5724259214e+01 	 1.9525158484e-04
2200 	 2244 	 1.5724256347e+01 	 4.6185510962e-04
2300 	 2346 	 1.5724254478e+01 	 1.2070675312e-04
2400 	 2448 	 1.5724252874e+01 	 2.0341905031e-04
2500 	 2551 	 1.5724250909e+01 	 1.5895091685e-04
2600 	 2656 	 1.5724248417e+01 	 1.8727758771e-04
2700 	 2760 	 1.5724246227e+01 	 1.4263633512e-04
2800 	 2863 	 1.5724243956e+01 	 1.5430328730e-04
2900 	 2965 	 1.5724241312e+01 	 1.3251000168e-04
3000 	 3069 	 1.5724239623e+01 	 1.3969663122e-04
3100 	 3171 	 1.5724238656e+01 	 6.9041202242e-05
3200 	 3273 	 1.5724238060e+01 	 1.2425611163e-04
3300 	 3377 	 1.5724237476e+01 	 7.8220073171e-05
3400 	 3480 	 1.5724236733e+01 	 1.7434229059e-04
3500 	 3583 	 1.5724236112e+01 	 9.0390686139e-05
3600 	 3684 	 1.5724235552e+01 	 9.0944870005e-05
3700 	 3786 	 1.5724235074e+01 	 7.3575516283e-05
3800 	 3888 	 1.5724234682e+01 	 6.6844164100e-05
3900 	 3991 	 1.5724234394e+01 	 6.6577739648e-05
4000 	 4093 	 1.5724234095e+01 	 7.6267136041e-05
4100 	 4197 	 1.5724233792e+01 	 5.6991462814e-05
4200 	 4300 	 1.5724233522e+01 	 5.5047991855e-05
4300 	 4402 	 1.5724233261e+01 	 1.6936648751e-04
4400 	 4506 	 1.5724233080e+01 	 6.3988015278e-05
4500 	 4611 	 1.5724232903e+01 	 3.4636277681e-05
4600 	 4713 	 1.5724232687e+01 	 8.0952169483e-05
4700 	 4815 	 1.5724232486e+01 	 5.3904368372e-05
4800 	 4918 	 1.5724232296e+01 	 6.0936643615e-05
4900 	 5021 	 1.5724232136e+01 	 3.5786584981e-05
5000 	 5125 	 1.5724232025e+01 	 3.1466970782e-05
5100 	 5226 	 1.5724231931e+01 	 6.3521350835e-05
5200 	 5329 	 1.5724231836e+01 	 2.2887328966e-05
5300 	 5430 	 1.5724231796e+01 	 1.3276473288e-05
5400 	 5534 	 1.5724231771e+01 	 1.8835806288e-05
5500 	 5638 	 1.5724231747e+01 	 1.8371383055e-05
5600 	 5739 	 1.5724231729e+01 	 1.5242709283e-05
5700 	 5843 	 1.5724231711e+01 	 1.1011103025e-05
5800 	 5945 	 1.5724231695e+01 	 3.1563059951e-05
5900 	 6047 	 1.5724231685e+01 	 8.9975218002e-06
6000 	 6149 	 1.5724231678e+01 	 1.5017422183e-05
6100 	 6253 	 1.5724231672e+01 	 6.2708650978e-06
6200 	 6354 	 1.5724231668e+01 	 8.3848061695e-06
6300 	 6455 	 1.5724231665e+01 	 3.8503549223e-06
6400 	 6557 	 1.5724231662e+01 	 5.7520259092e-06
6500 	 6660 	 1.5724231659e+01 	 5.1605049276e-06
6600 	 6761 	 1.5724231656e+01 	 5.8106005900e-06
6700 	 6863 	 1.5724231652e+01 	 1.2817511615e-05
6800 	 6963 	 1.5724231646e+01 	 7.4335060516e-06
6900 	 7067 	 1.5724231642e+01 	 1.1586612887e-05
7000 	 7169 	 1.5724231639e+01 	 6.0726530892e-06
7100 	 7272 	 1.5724231635e+01 	 6.2721883430e-06
7200 	 7374 	 1.5724231631e+01 	 6.9398553299e-06
7300 	 7475 	 1.5724231627e+01 	 5.5695582617e-06
7400 	 7578 	 1.5724231623e+01 	 1.2908071563e-05
7500 	 7682 	 1.5724231621e+01 	 7.8917655867e-06
7600 	 7786 	 1.5724231619e+01 	 7.5182115406e-06
7700 	 7888 	 1.5724231618e+01 	 7.6562785308e-06
7800 	 7991 	 1.5724231617e+01 	 1.0486217803e-05
7900 	 8093 	 1.5724231616e+01 	 2.5387138828e-06
8000 	 8195 	 1.5724231615e+01 	 5.4277631405e-06
8100 	 8300 	 1.5724231614e+01 	 6.4220883304e-06
8200 	 8403 	 1.5724231612e+01 	 3.8378010921e-06
8300 	 8507 	 1.5724231611e+01 	 4.1324144716e-06
8400 	 8610 	 1.5724231610e+01 	 6.1615296111e-06
8500 	 8713 	 1.5724231609e+01 	 4.4210521393e-06
8600 	 8816 	 1.5724231609e+01 	 2.5148069219e-06
8700 	 8920 	 1.5724231608e+01 	 1.7793440186e-06
8800 	 9022 	 1.5724231608e+01 	 2.5229934637e-06
8900 	 9124 	 1.5724231608e+01 	 1.9042692293e-06
9000 	 9226 	 1.5724231607e+01 	 1.2150171300e-06
9100 	 9329 	 1.5724231607e+01 	 1.7177769117e-06
9200 	 9430 	 1.5724231607e+01 	 1.0771247212e-06
9300 	 9532 	 1.5724231607e+01 	 1.0711299751e-06
9400 	 9635 	 1.5724231607e+01 	 8.4938976197e-07
9500 	 9740 	 1.5724231607e+01 	 7.3644111239e-07
9600 	 9842 	 1.5724231607e+01 	 1.6959118737e-06
9700 	 9944 	 1.5724231607e+01 	 6.2190860076e-07
9800 	 10045 	 1.5724231607e+01 	 9.5888999124e-07
9900 	 10146 	 1.5724231607e+01 	 8.2120789982e-07
10000 	 10249 	 1.5724231607e+01 	 1.0341024842e-06
10100 	 10352 	 1.5724231607e+01 	 7.8242450554e-07
10200 	 10454 	 1.5724231607e+01 	 1.0281998168e-06
10300 	 10556 	 1.5724231607e+01 	 6.9574530035e-07
10400 	 10663 	 1.5724231606e+01 	 6.5324655030e-07
10500 	 10765 	 1.5724231606e+01 	 1.1559699496e-06
10600 	 10868 	 1.5724231606e+01 	 7.5857037439e-07
10700 	 10970 	 1.5724231606e+01 	 9.2353910798e-07
10800 	 11071 	 1.5724231606e+01 	 3.6040104022e-07
10900 	 11174 	 1.5724231606e+01 	 3.6720037617e-07
11000 	 11281 	 1.5724231606e+01 	 3.1346784271e-07
11100 	 11384 	 1.5724231606e+01 	 2.9882426278e-07
11200 	 11491 	 1.5724231606e+01 	 7.0274802437e-07
11300 	 11601 	 1.5724231606e+01 	 5.5560136368e-07
11400 	 11701 	 1.5724231606e+01 	 3.5282440476e-07
11500 	 11812 	 1.5724231606e+01 	 2.3603103819e-07
11600 	 11926 	 1.5724231606e+01 	 3.1404574990e-07
11700 	 12040 	 1.5724231606e+01 	 1.6732399510e-07
11800 	 12152 	 1.5724231606e+01 	 2.9347038669e-07
11900 	 12264 	 1.5724231606e+01 	 2.5583782026e-07
12000 	 12375 	 1.5724231606e+01 	 5.0865843829e-07
12100 	 12494 	 1.5724231606e+01 	 3.4751313311e-07
12200 	 12602 	 1.5724231606e+01 	 2.4736506645e-07
12300 	 12716 	 1.5724231606e+01 	 2.4783759625e-07
12400 	 12828 	 1.5724231606e+01 	 1.0371126933e-07
12500 	 12945 	 1.5724231606e+01 	 1.2858901592e-07
12600 	 13060 	 1.5724231606e+01 	 3.7009473262e-08
# ---- 
 1 		 12645 	 13135 		 1.6277920888e+01 	 1.5724231606e+01 	 3.2515799994e-08
# ---- 
100 	 103 	 2.2901073404e+01 	 3.9931349173e-02
200 	 205 	 2.2894026502e+01 	 1.1467865769e-02
300 	 309 	 2.2888147143e+01 	 8.5262063180e-03
400 	 410 	 2.2883711568e+01 	 7.7335218552e-03
500 	 512 	 2.2880510781e+01 	 8.1031364338e-03
600 	 614 	 2.2879274381e+01 	 4.1697185123e-03
700 	 717 	 2.2878773176e+01 	 1.7830328362e-03
800 	 818 	 2.2878586928e+01 	 1.6065396520e-03
900 	 918 	 2.2878434464e+01 	 1.7205124616e-03
1000 	 1022 	 2.2878317593e+01 	 1.2317773132e-03
1100 	 1125 	 2.2878262208e+01 	 7.8206368313e-04
1200 	 1228 	 2.2878228854e+01 	 7.0964043756e-04
1300 	 1329 	 2.2878198387e+01 	 1.0510449026e-03
1400 	 1432 	 2.2878177489e+01 	 4.0338810964e-04
1500 	 1534 	 2.2878159244e+01 	 8.1450242185e-04
1600 	 1635 	 2.2878140312e+01 	 6.6453152074e-04
1700 	 1739 	 2.2878126767e+01 	 3.9819502873e-04
1800 	 1842 	 2.2878119023e+01 	 2.6793463172e-04
1900 	 1945 	 2.2878114157e+01 	 2.9537361217e-04
2000 	 2046 	 2.2878111196e+01 	 1.7256499821e-04
2100 	 2150 	 2.2878109733e+01 	 1.5271833455e-04
2200 	 2251 	 2.2878108518e+01 	 1.0689322525e-04
2300 	 2351 	 2.2878107443e+01 	 1.2240342376e-04
2400 	 2453 	 2.2878106131e+01 	 1.7407533776e-04
2500 	 2557 	 2.2878105038e+01 	 8.0809819641e-05
2600 	 2660 	 2.2878104173e+01 	 2.1107224206e-04
2700 	 2762 	 2.2878103004e+01 	 2.0995581346e-04
2800 	 2867 	 2.2878101791e+01 	 9.2571411321e-05
2900 	 2972 	 2.2878100947e+01 	 1.9979413050e-04
3000 	 3076 	 2.2878100288e+01 	 8.7142578870e-05
3100 	 3178 	 2.2878099793e+01 	 7.0017362614e-05
3200 	 3280 	 2.2878099328e+01 	 8.3016549749e-05
3300 	 3383 	 2.2878098885e+01 	 6.0078428072e-05
3400 	 3485 	 2.2878098482e+01 	 5.1065855747e-05
3500 	 3587 	 2.2878098216e+01 	 6.1600228808e-05
3600 	 3687 	 2.2878098008e+01 	 4.2089885001e-05
3700 	 3787 	 2.2878097800e+01 	 5.9517588352e-05
3800 	 3888 	 2.2878097563e+01 	 5.2367154226e-05
3900 	 3991 	 2.2878097406e+01 	 5.0867080392e-05
4000 	 4093 	 2.2878097294e+01 	 1.0205015936e-04
4100 	 4196 	 2.2878097198e+01 	 8.9434693384e-05
4200 	 4300 	 2.2878097108e+01 	 3.2188711822e-05
4300 	 4403 	 2.2878097015e+01 	 4.1114055538e-05
4400 	 4504 	 2.2878096932e+01 	 4.0565030399e-05
4500 	 4607 	 2.2878096830e+01 	 5.3106710859e-05
4600 	 4709 	 2.2878096737e+01 	 3.0425371945e-05
4700 	 4810 	 2.2878096670e+01 	 2.2464071354e-05
4800 	 4910 	 2.2878096614e+01 	 2.8997175367e-05
4900 	 5011 	 2.2878096571e+01 	 2.5490960853e-05
5000 	 5113 	 2.2878096537e+01 	 4.1072385262e-05
5100 	 5214 	 2.2878096516e+01 	 1.5879622990e-05
5200 	 5316 	 2.2878096506e+01 	 1.0018633625e-05
5300 	 5419 	 2.2878096495e+01 	 2.1811057126e-05
5400 	 5521 	 2.2878096485e+01 	 9.8899885088e-06
5500 	 5625 	 2.2878096474e+01 	 1.0180086806e-05
5600 	 5727 	 2.2878096465e+01 	 1.3990444185e-05
5700 	 5827 	 2.2878096461e+01 	 7.3622534621e-06
5800 	 5930 	 2.2878096458e+01 	 5.9320061928e-06
5900 	 6032 	 2.2878096455e+01 	 1.2259181429e-05
6000 	 6137 	 2.2878096453e+01 	 1.3019777381e-05
6100 	 6242 	 2.2878096451e+01 	 4.3832990607e-06
6200 	 6345 	 2.2878096449e+01 	 6.7598068459e-06
6300 	 6451 	 2.2878096446e+01 	 5.6461588062e-06
6400 	 6554 	 2.2878096443e+01 	 8.3201715801e-06
6500 	 6657 	 2.2878096440e+01 	 5.7005633058e-06
6600 	 6760 	 2.2878096437e+01 	 9.4327513859e-06
6700 	 6863 	 2.2878096433e+01 	 5.7902881299e-06
6800 	 6967 	 2.2878096431e+01 	 8.4625492066e-06
6900 	 7067 	 2.2878096430e+01 	 4.2085902270e-06
7000 	 7170 	 2.2878096429e+01 	 2.6003693570e-06
7100 	 7272 	 2.2878096428e+01 	 2.4216841647e-06
7200 	 7375 	 2.2878096428e+01 	 2.6608174818e-06
7300 	 7478 	 2.2878096427e+01 	 2.6236929812e-06
7400 	 7578 	 2.2878096427e+01 	 2.2663540804e-06
7500 	 7680 	 2.2878096427e+01 	 1.8847636468e-06
7600 	 7782 	 2.2878096427e+01 	 1.5501773450e-06
7700 	 7887 	 2.2878096426e+01 	 2.7054047514e-06
7800 	 7989 	 2.2878096426e+01 	 1.8791011042e-06
7900 	 8091 	 2.2878096426e+01 	 2.0119525531e-06
8000 	 8193 	 2.2878096425e+01 	 1.6625191076e-06
8100 	 8293 	 2.2878096425e+01 	 1.6245354710e-06
8200 	 8397 	 2.2878096425e+01 	 2.7541161170e-06
8300 	 8499 	 2.2878096425e+01 	 1.5731417945e-06
8400 	 8603 	 2.2878096424e+01 	 1.2815934217e-06
8500 	 8706 	 2.2878096424e+01 	 1.1573136867e-06
8600 	 8808 	 2.2878096424e+01 	 9.6615044158e-07
8700 	 8912 	 2.2878096424e+01 	 7.0223536735e-07
8800 	 9014 	 2.2878096424e+01 	 8.1606168745e-07
8900 	 9117 	 2.2878096424e+01 	 1.1604021778e-06
9000 	 9218 	 2.2878096424e+01 	 2.2921800443e-06
9100 	 9321 	 2.2878096424e+01 	 9.4784851011e-07
9200 	 9426 	 2.2878096424e+01 	 1.7343171286e-06
9300 	 9528 	 2.2878096424e+01 	 8.5987787811e-07
9400 	 9632 	 2.2878096424e+01 	 6.6217531101e-07
9500 	 9733 	 2.2878096424e+01 	 9.8445852750e-07
9600 	 9834 	 2.2878096424e+01 	 1.1387252183e-06
9700 	 9939 	 2.2878096424e+01 	 4.6432407437e-07
9800 	 10043 	 2.2878096424e+01 	 6.4861647035e-07
9900 	 10154 	 2.2878096424e+01 	 5.1125399516e-07
10000 	 10265 	 2.2878096424e+01 	 5.5814679144e-07
10100 	 10381 	 2.2878096424e+01 	 2.0918297857e-07
10200 	 10488 	 2.2878096424e+01 	 8.1476100938e-07
10300 	 10601 	 2.2878096424e+01 	 2.8522964647e-07
10400 	 10709 	 2.2878096424e+01 	 4.2096438437e-07
# ---- 
 1 		 10486 	 10820 		 2.3425808540e+01 	 2.2878096424e+01 	 2.9945310910e-07
# ---- 
100 	 102 	 3.1432624684e+01 	 1.2803705829e-02
200 	 204 	 3.1426657619e+01 	 7.2549148130e-03
300 	 306 	 3.1421329036e+01 	 8.8070282161e-03
400 	 408 	 3.1417274555e+01 	 7.5622416206e-03
500 	 510 	 3.1414112887e+01 	 5.8912732740e-03
600 	 612 	 3.1412610509e+01 	 3.9057888879e-03
700 	 716 	 3.1412126321e+01 	 2.9433476919e-03
800 	 818 	 3.1411934601e+01 	 1.5632823491e-03
900 	 919 	 3.1411799882e+01 	 2.6062355803e-03
1000 	 1021 	 3.1411706751e+01 	 9.5851443486e-04
1100 	 1122 	 3.1411662044e+01 	 6.9379193901e-04
1200 	 1223 	 3.1411630542e+01 	 6.6221047134e-04
1300 	 1325 	 3.1411607236e+01 	 4.5671896778e-04
1400 	 1427 	 3.1411587344e+01 	 6.0874575892e-04
1500 	 1529 	 3.1411569551e+01 	 8.8776294279e-04
1600 	 1630 	 3.1411557872e+01 	 6.3479382473e-04
1700 	 1732 	 3.1411547121e+01 	 3.9961891341e-04
1800 	 1834 	 3.1411539573e+01 	 2.1260085886e-04
1900 	 1934 	 3.1411536230e+01 	 3.7171824115e-04
2000 	 2037 	 3.1411533957e+01 	 1.4472406491e-04
2100 	 2140 	 3.1411532841e+01 	 9.9118713576e-05
2200 	 2242 	 3.1411531961e+01 	 1.1761775795e-04
2300 	 2346 	 3.1411530678e+01 	 1.1802199608e-04
2400 	 2447 	 3.1411529873e+01 	 8.9487389378e-05
2500 	 2549 	 3.1411529302e+01 	 6.8119833706e-05
2600 	 2653 	 3.1411528972e+01 	 6.6029148093e-05
2700 	 2756 	 3.1411528583e+01 	 6.4374744717e-05
2800 	 2858 	 3.1411528240e+01 	 7.1374142520e-05
2900 	 2959 	 3.1411527921e+01 	 4.4497609995e-05
3000 	 3061 	 3.1411527615e+01 	 6.8666082745e-05
3100 	 3164 	 3.1411527293e+01 	 6.8787799834e-05
3200 	 3268 	 3.1411526991e+01 	 6.3918550752e-05
3300 	 3371 	 3.1411526733e+01 	 8.8492297115e-05
3400 	 3474 	 3.1411526533e+01 	 6.9985572401e-05
3500 	 3577 	 3.1411526363e+01 	 1.2122812583e-04
3600 	 3678 	 3.1411526209e+01 	 4.4744485322e-05
3700 	 3784 	 3.1411526088e+01 	 4.2767607484e-05
3800 	 3886 	 3.1411525979e+01 	 3.4541108653e-05
3900 	 3986 	 3.1411525906e+01 	 3.4386435966e-05
4000 	 4089 	 3.1411525861e+01 	 3.3348464416e-05
4100 	 4190 	 3.1411525821e+01 	 1.8487518940e-05
4200 	 4292 	 3.1411525779e+01 	 2.4841710979e-05
4300 	 4394 	 3.1411525739e+01 	 2.0028126811e-05
4400 	 4494 	 3.1411525690e+01 	 2.2443863181e-05
4500 	 4596 	 3.1411525658e+01 	 1.7971549545e-05
4600 	 4699 	 3.1411525644e+01 	 2.0952654280e-05
4700 	 4802 	 3.1411525626e+01 	 1.5514706082e-05
4800 	 4903 	 3.1411525605e+01 	 2.0261121474e-05
4900 	 5007 	 3.1411525587e+01 	 2.0551480378e-05
5000 	 5108 	 3.1411525573e+01 	 1.2081762411e-05
5100 	 5210 	 3.1411525565e+01 	 1.0628800719e-05
5200 	 5312 	 3.1411525558e+01 	 9.7935919049e-06
5300 	 5415 	 3.1411525554e+01 	 5.3399255756e-06
5400 	 5519 	 3.1411525551e+01 	 4.2409344961e-06
5500 	 5621 	 3.1411525549e+01 	 6.7997892968e-06
5600 	 5723 	 3.1411525548e+01 	 6.2466982661e-06
5700 	 5826 	 3.1411525547e+01 	 3.4046870490e-06
5800 	 5933 	 3.1411525546e+01 	 4.8826861075e-06
5900 	 6034 	 3.1411525546e+01 	 2.7763109384e-06
6000 	 6136 	 3.1411525545e+01 	 4.0743536417e-06
6100 	 6237 	 3.1411525545e+01 	 1.7338070166e-06
6200 	 6338 	 3.1411525545e+01 	 3.3796847241e-06
6300 	 6441 	 3.1411525544e+01 	 2.9145820259e-06
6400 	 6542 	 3.1411525544e+01 	 1.7238673147e-06
6500 	 6645 	 3.1411525544e+01 	 6.1265597019e-06
6600 	 6748 	 3.1411525543e+01 	 6.0338440216e-06
6700 	 6851 	 3.1411525543e+01 	 2.4702947105e-06
6800 	 6952 	 3.1411525542e+01 	 1.8159200972e-06
6900 	 7055 	 3.1411525542e+01 	 2.5884619348e-06
7000 	 7159 	 3.1411525542e+01 	 1.8889709716e-06
7100 	 7261 	 3.1411525541e+01 	 2.1931086817e-06
7200 	 7364 	 3.1411525541e+01 	 1.3602563796e-06
7300 	 7467 	 3.1411525541e+01 	 1.5029854094e-06
7400 	 7568 	 3.1411525541e+01 	 2.6823973451e-06
7500 	 7671 	 3.1411525541e+01 	 9.5395877986e-07
7600 	 7776 	 3.1411525541e+01 	 9.0959735922e-07
7700 	 7880 	 3.1411525541e+01 	 7.6039511703e-07
7800 	 7985 	 3.1411525541e+01 	 5.5306659728e-07
7900 	 8092 	 3.1411525541e+01 	 1.2587719795e-06
8000 	 8198 	 3.1411525541e+01 	 6.0620273955e-07
8100 	 8301 	 3.1411525541e+01 	 1.3081957333e-06
8200 	 8407 	 3.1411525541e+01 	 4.9718749139e-07
8300 	 8508 	 3.1411525541e+01 	 8.4142362266e-07
8400 	 8612 	 3.1411525541e+01 	 6.2009685936e-07
8500 	 8715 	 3.1411525541e+01 	 6.5513368464e-07
8600 	 8821 	 3.1411525540e+01 	 9.5912173343e-07
8700 	 8924 	 3.1411525540e+01 	 6.3364522221e-07
8800 	 9031 	 3.1411525540e+01 	 3.8145452435e-07
8900 	 9140 	 3.1411525540e+01 	 5.8580366673e-07
9000 	 9252 	 3.1411525540e+01 	 5.8295620463e-07
9100 	 9364 	 3.1411525540e+01 	 4.1360643040e-07
9200 	 9480 	 3.1411525540e+01 	 1.6809393966e-07
9300 	 9594 	 3.1411525540e+01 	 6.9985400010e-07
# ---- 
 1 		 9360 	 9677 		 3.1954934831e+01 	 3.1411525540e+01 	 3.6433734567e-07
# ---- 
100 	 102 	 4.1353810908e+01 	 1.3155606215e-02
200 	 205 	 4.1348296152e+01 	 1.2639730997e-02
300 	 309 	 4.1343854091e+01 	 1.1270660035e-02
400 	 412 	 4.1339897964e+01 	 8.9760710973e-03
500 	 516 	 4.1336753712e+01 	 6.1058770257e-03
600 	 621 	 4.1335228984e+01 	 3.9763435552e-03
700 	 725 	 4.1334672673e+01 	 2.2358121956e-03
800 	 827 	 4.1334483443e+01 	 1.0263718100e-03
900 	 929 	 4.1334352144e+01 	 1.8330199803e-03
1000 	 1031 	 4.1334271015e+01 	 1.8369544220e-03
1100 	 1133 	 4.1334231680e+01 	 6.3465448883e-04
1200 	 1235 	 4.1334205142e+01 	 4.8272514659e-04
1300 	 1337 	 4.1334183319e+01 	 3.3605666197e-04
1400 	 1438 	 4.1334166472e+01 	 4.6786185770e-04
1500 	 1540 	 4.1334154072e+01 	 4.5239087037e-04
1600 	 1644 	 4.1334146005e+01 	 2.7717742037e-04
1700 	 1745 	 4.1334138331e+01 	 2.4694498741e-04
1800 	 1847 	 4.1334135348e+01 	 1.4645512401e-04
1900 	 1949 	 4.1334133444e+01 	 1.2446742954e-04
2000 	 2050 	 4.1334132252e+01 	 1.0367590104e-04
2100 	 2155 	 4.1334131490e+01 	 9.3401863936e-05
2200 	 2257 	 4.1334130997e+01 	 8.7227728895e-05
2300 	 2358 	 4.1334130614e+01 	 8.2155251552e-05
2400 	 2460 	 4.1334130387e+01 	 5.3888425717e-05
2500 	 2563 	 4.1334130258e+01 	 7.6730080735e-05
2600 	 2666 	 4.1334130150e+01 	 3.9763812894e-05
2700 	 2768 	 4.1334130045e+01 	 2.9230952397e-05
2800 	 2871 	 4.1334129950e+01 	 3.9445519722e-05
2900 	 2975 	 4.1334129873e+01 	 4.7819570805e-05
3000 	 3075 	 4.1334129817e+01 	 2.6668101544e-05
3100 	 3176 	 4.1334129770e+01 	 5.4135183905e-05
3200 	 3277 	 4.1334129723e+01 	 2.6583090607e-05
3300 	 3379 	 4.1334129657e+01 	 3.6170306442e-05
3400 	 3482 	 4.1334129565e+01 	 3.3341080256e-05
3500 	 3584 	 4.1334129492e+01 	 4.8136374966e-05
3600 	 3688 	 4.1334129426e+01 	 3.4349924557e-05
3700 	 3792 	 4.1334129377e+01 	 2.1150689665e-05
3800 	 3894 	 4.1334129347e+01 	 1.9794483749e-05
3900 	 3997 	 4.1334129331e+01 	 1.3352773093e-05
4000 	 4100 	 4.1334129324e+01 	 1.4732568838e-05
4100 	 4202 	 4.1334129317e+01 	 1.9307103212e-05
4200 	 4304 	 4.1334129310e+01 	 1.0760348615e-05
4300 	 4408 	 4.1334129302e+01 	 9.3212000097e-06
4400 	 4509 	 4.1334129295e+01 	 6.0517220807e-06
4500 	 4610 	 4.1334129292e+01 	 8.6547336129e-06
4600 	 4712 	 4.1334129291e+01 	 3.7170992644e-06
4700 	 4815 	 4.1334129289e+01 	 3.6060108493e-06
4800 	 4919 	 4.1334129287e+01 	 3.6940679852e-06
4900 	 5022 	 4.1334129286e+01 	 3.4849245051e-06
5000 	 5123 	 4.1334129285e+01 	 6.9026695286e-06
5100 	 5228 	 4.1334129284e+01 	 3.5075676630e-06
5200 	 5332 	 4.1334129283e+01 	 5.8222402253e-06
5300 	 5434 	 4.1334129282e+01 	 2.9199390654e-06
5400 	 5535 	 4.1334129282e+01 	 2.4873088633e-06
5500 	 5637 	 4.1334129281e+01 	 2.5465648049e-06
5600 	 5738 	 4.1334129281e+01 	 1.0644031844e-06
5700 	 5838 	 4.1334129281e+01 	 1.1578502049e-06
5800 	 5940 	 4.1334129281e+01 	 6.3501881565e-07
5900 	 6046 	 4.1334129281e+01 	 9.5608130167e-07
6000 	 6152 	 4.1334129281e+01 	 1.9264782631e-06
6100 	 6255 	 4.1334129281e+01 	 7.9502352619e-07
6200 	 6358 	 4.1334129281e+01 	 1.0038096504e-06
6300 	 6460 	 4.1334129280e+01 	 1.0157576232e-06
6400 	 6564 	 4.1334129280e+01 	 9.7756643027e-07
6500 	 6670 	 4.1334129280e+01 	 6.7312364085e-07
6600 	 6775 	 4.1334129280e+01 	 8.2666876786e-07
6700 	 6880 	 4.1334129280e+01 	 1.0427716883e-06
6800 	 6987 	 4.1334129280e+01 	 7.8450720014e-07
6900 	 7093 	 4.1334129280e+01 	 4.3554781596e-07
7000 	 7201 	 4.1334129280e+01 	 7.8117850798e-07
7100 	 7315 	 4.1334129280e+01 	 1.8046247137e-07
7200 	 7434 	 4.1334129280e+01 	 4.4245235822e-07
7300 	 7550 	 4.1334129280e+01 	 1.5059921760e-07
# ---- 
 1 		 7385 	 7665 		 4.1874388772e+01 	 4.1334129280e+01 	 2.2129824684e-07
# ---- 
100 	 103 	 5.2672005758e+01 	 9.2562870380e-03
200 	 206 	 5.2666965581e+01 	 6.9971068642e-03
300 	 307 	 5.2663011663e+01 	 7.9908657637e-03
400 	 409 	 5.2659476966e+01 	 2.2325572257e-02
500 	 511 	 5.2656221863e+01 	 6.0689963380e-03
600 	 613 	 5.2654683202e+01 	 3.1004191083e-03
700 	 714 	 5.2654102360e+01 	 2.3657223847e-03
800 	 816 	 5.2653911759e+01 	 1.5057750554e-03
900 	 916 	 5.2653796508e+01 	 1.4231298662e-03
1000 	 1017 	 5.2653727982e+01 	 1.9557625811e-03
1100 	 1120 	 5.2653689648e+01 	 1.3120833861e-03
1200 	 1223 	 5.2653665358e+01 	 7.0590347515e-04
1300 	 1325 	 5.2653646539e+01 	 1.1227405053e-03
1400 	 1426 	 5.2653630219e+01 	 3.1054098571e-04
1500 	 1528 	 5.2653621702e+01 	 5.1452209422e-04
1600 	 1628 	 5.2653614941e+01 	 3.6724463444e-04
1700 	 1733 	 5.2653608530e+01 	 1.7664307579e-04
1800 	 1835 	 5.2653605962e+01 	 3.9101247988e-04
1900 	 1937 	 5.2653604216e+01 	 1.8581164322e-04
2000 	 2040 	 5.2653603229e+01 	 1.0964608118e-04
2100 	 2145 	 5.2653602678e+01 	 8.3958315277e-05
2200 	 2246 	 5.2653602304e+01 	 1.1670960134e-04
2300 	 2348 	 5.2653602046e+01 	 8.7147239749e-05
2400 	 2451 	 5.2653601853e+01 	 5.8464480451e-05
2500 	 2552 	 5.2653601754e+01 	 3.6527668462e-05
2600 	 2654 	 5.2653601678e+01 	 7.4122126383e-05
2700 	 2756 	 5.2653601605e+01 	 2.5697809656e-05
2800 	 2859 	 5.2653601542e+01 	 2.7522992256e-05
2900 	 2963 	 5.2653601491e+01 	 2.3541493737e-05
3000 	 3065 	 5.2653601458e+01 	 2.0005673320e-05
3100 	 3165 	 5.2653601438e+01 	 1.4609722544e-05
3200 	 3268 	 5.2653601414e+01 	 2.9336640299e-05
3300 	 3369 	 5.2653601387e+01 	 1.8859848811e-05
3400 	 3473 	 5.2653601363e+01 	 1.6089354100e-05
3500 	 3576 	 5.2653601346e+01 	 1.1131003431e-05
3600 	 3679 	 5.2653601337e+01 	 9.6520895242e-06
3700 	 3783 	 5.2653601330e+01 	 8.3053997879e-06
3800 	 3885 	 5.2653601325e+01 	 7.4767210073e-06
3900 	 3985 	 5.2653601323e+01 	 5.0625530951e-06
4000 	 4087 	 5.2653601320e+01 	 4.4855320185e-06
4100 	 4188 	 5.2653601318e+01 	 4.0844355736e-06
4200 	 4293 	 5.2653601317e+01 	 3.6920796494e-06
4300 	 4396 	 5.2653601315e+01 	 4.6325279727e-06
4400 	 4496 	 5.2653601314e+01 	 3.3225078080e-06
4500 	 4599 	 5.2653601313e+01 	 3.7276250926e-06
4600 	 4701 	 5.2653601312e+01 	 3.9319974142e-06
4700 	 4802 	 5.2653601310e+01 	 4.4695605695e-06
4800 	 4905 	 5.2653601309e+01 	 4.5586248351e-06
4900 	 5008 	 5.2653601308e+01 	 3.4380966585e-06
5000 	 5108 	 5.2653601307e+01 	 3.5000200870e-06
5100 	 5211 	 5.2653601306e+01 	 5.0028914833e-06
5200 	 5313 	 5.2653601305e+01 	 4.2721163702e-06
5300 	 5414 	 5.2653601304e+01 	 2.7935767691e-06
5400 	 5518 	 5.2653601304e+01 	 1.4405348666e-06
5500 	 5622 	 5.2653601304e+01 	 1.7917997703e-06
5600 	 5723 	 5.2653601304e+01 	 3.7965914383e-06
5700 	 5826 	 5.2653601303e+01 	 1.3987619394e-06
5800 	 5928 	 5.2653601303e+01 	 9.4948327133e-07
5900 	 6028 	 5.2653601303e+01 	 9.3290492556e-07
6000 	 6132 	 5.2653601303e+01 	 6.6384971580e-07
6100 	 6236 	 5.2653601303e+01 	 1.0956077294e-06
6200 	 6340 	 5.2653601303e+01 	 8.0918014794e-07
6300 	 6442 	 5.2653601303e+01 	 8.1100959763e-07
6400 	 6543 	 5.2653601303e+01 	 8.4197253918e-07
6500 	 6647 	 5.2653601303e+01 	 1.1673340414e-06
6600 	 6750 	 5.2653601303e+01 	 9.0550567613e-07
6700 	 6854 	 5.2653601303e+01 	 1.0739114772e-06
6800 	 6964 	 5.2653601303e+01 	 3.5162852180e-07
6900 	 7071 	 5.2653601303e+01 	 5.8255280573e-07
7000 	 7179 	 5.2653601303e+01 	 5.4131947050e-07
7100 	 7286 	 5.2653601303e+01 	 4.6668368796e-07
7200 	 7394 	 5.2653601303e+01 	 3.2167800288e-07
7300 	 7508 	 5.2653601303e+01 	 3.7579101885e-07
7400 	 7619 	 5.2653601303e+01 	 3.5114322725e-07
7500 	 7737 	 5.2653601303e+01 	 6.9410339152e-07
7600 	 7850 	 5.2653601303e+01 	 3.5036329715e-07
7700 	 7959 	 5.2653601303e+01 	 6.9329764858e-07
7800 	 8076 	 5.2653601303e+01 	 3.5220325785e-07
7900 	 8197 	 5.2653601303e+01 	 4.3276122746e-07
# ---- 
 1 		 7912 	 8228 		 5.3191551709e+01 	 5.2653601303e+01 	 3.5509269847e-07
# ---- 
100 	 103 	 6.5393645319e+01 	 1.9161192017e-02
200 	 206 	 6.5389077119e+01 	 2.7197632052e-02
300 	 308 	 6.5385394785e+01 	 6.4857903641e-03
400 	 410 	 6.5382029223e+01 	 7.5792954880e-03
500 	 512 	 6.5378912379e+01 	 6.3014912528e-03
600 	 617 	 6.5377346235e+01 	 4.9200343640e-03
700 	 718 	 6.5376728632e+01 	 2.3281971861e-03
800 	 821 	 6.5376516712e+01 	 1.1144366533e-03
900 	 924 	 6.5376397448e+01 	 1.2111049792e-03
1000 	 1028 	 6.5376322784e+01 	 1.0593391174e-03
1100 	 1133 	 6.5376276481e+01 	 9.5996095079e-04
1200 	 1234 	 6.5376247496e+01 	 5.3074157010e-04
1300 	 1336 	 6.5376226160e+01 	 4.7468490668e-04
1400 	 1437 	 6.5376209991e+01 	 3.3191277788e-04
1500 	 1538 	 6.5376201296e+01 	 2.8514762487e-04
1600 	 1639 	 6.5376192724e+01 	 3.9127171605e-04
1700 	 1741 	 6.5376185398e+01 	 2.3161706264e-04
1800 	 1841 	 6.5376180763e+01 	 2.4491697906e-04
1900 	 1942 	 6.5376177703e+01 	 4.1777517728e-04
2000 	 2043 	 6.5376175298e+01 	 1.9279588747e-04
2100 	 2146 	 6.5376173612e+01 	 1.3511880666e-04
2200 	 2246 	 6.5376171966e+01 	 1.3938048582e-04
2300 	 2347 	 6.5376170236e+01 	 1.5805705922e-04
2400 	 2451 	 6.5376168337e+01 	 1.5024949797e-04
2500 	 2552 	 6.5376166821e+01 	 1.2084732157e-04
2600 	 2654 	 6.5376165408e+01 	 1.1730358277e-04
2700 	 2756 	 6.5376164243e+01 	 1.9417348793e-04
2800 	 2856 	 6.5376163068e+01 	 2.4638520097e-04
2900 	 2958 	 6.5376162370e+01 	 7.0704342547e-05
3000 	 3061 	 6.5376161835e+01 	 1.0849728670e-04
3100 	 3163 	 6.5376161301e+01 	 2.2025579322e-04
3200 	 3266 	 6.5376160870e+01 	 1.3257678017e-04
3300 	 3368 	 6.5376160588e+01 	 5.0105071113e-05
3400 	 3469 	 6.5376160383e+01 	 5.0612344298e-05
3500 	 3571 	 6.5376160212e+01 	 5.6863241717e-05
3600 	 3673 	 6.5376159989e+01 	 4.7938235175e-05
3700 	 3775 	 6.5376159718e+01 	 8.2578010699e-05
3800 	 3877 	 6.5376159380e+01 	 7.6209202579e-05
3900 	 3979 	 6.5376159151e+01 	 3.9056853267e-05
4000 	 4083 	 6.5376158975e+01 	 3.9253209985e-05
4100 	 4186 	 6.5376158874e+01 	 2.8960548607e-05
4200 	 4287 	 6.5376158796e+01 	 2.4883315266e-05
4300 	 4388 	 6.5376158733e+01 	 3.0752522867e-05
4400 	 4489 	 6.5376158682e+01 	 2.7108924181e-05
4500 	 4589 	 6.5376158651e+01 	 2.9054222194e-05
4600 	 4689 	 6.5376158625e+01 	 1.6545210400e-05
4700 	 4791 	 6.5376158605e+01 	 2.5234225317e-05
4800 	 4895 	 6.5376158589e+01 	 1.3030689419e-05
4900 	 4996 	 6.5376158575e+01 	 1.6586770240e-05
5000 	 5097 	 6.5376158565e+01 	 8.7242575952e-06
5100 	 5200 	 6.5376158553e+01 	 1.3429653669e-05
5200 	 5301 	 6.5376158540e+01 	 1.0549608977e-05
5300 	 5403 	 6.5376158530e+01 	 1.4395528208e-05
5400 	 5504 	 6.5376158525e+01 	 5.6428135598e-06
5500 	 5606 	 6.5376158523e+01 	 4.3172738928e-06
5600 	 5707 	 6.5376158520e+01 	 8.6451788481e-06
5700 	 5811 	 6.5376158515e+01 	 8.0694530300e-06
5800 	 5914 	 6.5376158510e+01 	 1.3104276932e-05
5900 	 6016 	 6.5376158506e+01 	 4.2731462503e-06
6000 	 6118 	 6.5376158504e+01 	 5.0103347654e-06
6100 	 6221 	 6.5376158503e+01 	 4.0691366218e-06
6200 	 6321 	 6.5376158501e+01 	 4.6517116572e-06
6300 	 6424 	 6.5376158500e+01 	 6.4836656593e-06
6400 	 6527 	 6.5376158499e+01 	 7.6369187704e-06
6500 	 6628 	 6.5376158497e+01 	 6.2200280447e-06
6600 	 6729 	 6.5376158496e+01 	 6.3900208017e-06
6700 	 6831 	 6.5376158495e+01 	 3.7256359414e-06
6800 	 6932 	 6.5376158494e+01 	 1.8359833432e-06
6900 	 7036 	 6.5376158494e+01 	 1.7933491750e-06
7000 	 7140 	 6.5376158494e+01 	 1.6557342450e-06
7100 	 7241 	 6.5376158493e+01 	 1.7100280773e-06
7200 	 7344 	 6.5376158493e+01 	 1.6590857902e-06
7300 	 7445 	 6.5376158493e+01 	 1.6592436216e-06
7400 	 7548 	 6.5376158493e+01 	 3.3599199758e-06
7500 	 7651 	 6.5376158493e+01 	 1.1773687977e-06
7600 	 7754 	 6.5376158492e+01 	 1.5362774550e-06
7700 	 7857 	 6.5376158492e+01 	 6.6660789305e-07
7800 	 7960 	 6.5376158492e+01 	 1.3772529383e-06
7900 	 8061 	 6.5376158492e+01 	 1.1890300726e-06
8000 	 8164 	 6.5376158492e+01 	 1.3560189417e-06
8100 	 8266 	 6.5376158492e+01 	 1.3518118416e-06
8200 	 8368 	 6.5376158492e+01 	 9.3471589606e-07
8300 	 8473 	 6.5376158492e+01 	 7.8065261921e-07
8400 	 8584 	 6.5376158492e+01 	 5.6468121731e-07
# ---- 
 1 		 8468 	 8683 		 6.5912470367e+01 	 6.5376158492e+01 	 4.6586836519e-07
# ---- 
100 	 105 	 6.5081342160e+01 	 1.8440638679e-01
200 	 207 	 6.4973994879e+01 	 3.2013385791e-02
300 	 309 	 6.4949414147e+01 	 2.0605606147e-02
400 	 414 	 6.4942804942e+01 	 5.4137025119e-03
500 	 516 	 6.4941510442e+01 	 2.7512631484e-03
600 	 618 	 6.4941008631e+01 	 2.7316732132e-03
700 	 720 	 6.4940595227e+01 	 5.7932918956e-03
800 	 821 	 6.4940273182e+01 	 3.5755993535e-03
900 	 923 	 6.4940019092e+01 	 2.6922552275e-03
1000 	 1026 	 6.4939750889e+01 	 2.5897522155e-03
1100 	 1127 	 6.4939532181e+01 	 1.6803452334e-03
1200 	 1229 	 6.4939368912e+01 	 1.6994789082e-03
1300 	 1332 	 6.4939203934e+01 	 1.3186462552e-03
1400 	 1434 	 6.4939099371e+01 	 1.1656957952e-03
1500 	 1539 	 6.4939006397e+01 	 1.0469832206e-03
1600 	 1643 	 6.4938910722e+01 	 1.1287727476e-03
1700 	 1744 	 6.4938830273e+01 	 9.6286235025e-04
1800 	 1846 	 6.4938772883e+01 	 7.5866399070e-04
1900 	 1947 	 6.4938717677e+01 	 8.3206214646e-04
2000 	 2049 	 6.4938660723e+01 	 8.6450645477e-04
2100 	 2151 	 6.4938618291e+01 	 6.8637164235e-04
2200 	 2252 	 6.4938589075e+01 	 7.2971841907e-04
2300 	 2354 	 6.4938560047e+01 	 1.2889526929e-03
2400 	 2457 	 6.4938542073e+01 	 5.4997694746e-04
2500 	 2560 	 6.4938527323e+01 	 3.9200004651e-04
2600 	 2663 	 6.4938514446e+01 	 3.9669008645e-04
2700 	 2767 	 6.4938502855e+01 	 3.9748523126e-04
2800 	 2871 	 6.4938488659e+01 	 5.2116882313e-04
2900 	 2975 	 6.4938473430e+01 	 6.3048463987e-04
3000 	 3077 	 6.4938463631e+01 	 3.0888126702e-04
3100 	 3178 	 6.4938456015e+01 	 2.6958804289e-04
3200 	 3278 	 6.4938451775e+01 	 2.8400780013e-04
3300 	 3380 	 6.4938445993e+01 	 2.8645285819e-04
3400 	 3481 	 6.4938440802e+01 	 4.4564811153e-04
3500 	 3583 	 6.4938436676e+01 	 2.4167508205e-04
3600 	 3686 	 6.4938434137e+01 	 1.5499705738e-04
3700 	 3791 	 6.4938432679e+01 	 1.4307566031e-04
3800 	 3893 	 6.4938431620e+01 	 1.0770728234e-04
3900 	 3994 	 6.4938431082e+01 	 7.5309511823e-05
4000 	 4098 	 6.4938430698e+01 	 6.3164934075e-05
4100 	 4198 	 6.4938430309e+01 	 7.2289452152e-05
4200 	 4300 	 6.4938429908e+01 	 1.1407995230e-04
4300 	 4403 	 6.4938429448e+01 	 1.1085387113e-04
4400 	 4505 	 6.4938429063e+01 	 5.4712839003e-05
4500 	 4609 	 6.4938428836e+01 	 4.9212176382e-05
4600 	 4714 	 6.4938428623e+01 	 4.9236204293e-05
4700 	 4818 	 6.4938428436e+01 	 3.9456876870e-05
4800 	 4919 	 6.4938428222e+01 	 8.8408766471e-05
4900 	 5020 	 6.4938427985e+01 	 4.7192504279e-05
5000 	 5122 	 6.4938427763e+01 	 8.3410432496e-05
5100 	 5222 	 6.4938427513e+01 	 8.7694534270e-05
5200 	 5325 	 6.4938427299e+01 	 4.8744156376e-05
5300 	 5426 	 6.4938427112e+01 	 3.7436267676e-05
5400 	 5528 	 6.4938426982e+01 	 3.2342094899e-05
5500 	 5630 	 6.4938426881e+01 	 3.4002628397e-05
5600 	 5735 	 6.4938426804e+01 	 3.1001474991e-05
5700 	 5840 	 6.4938426741e+01 	 3.1958558900e-05
5800 	 5942 	 6.4938426674e+01 	 3.6414070973e-05
5900 	 6043 	 6.4938426612e+01 	 2.4687334020e-05
6000 	 6146 	 6.4938426569e+01 	 1.9195049250e-05
6100 	 6247 	 6.4938426524e+01 	 2.6106634546e-05
6200 	 6349 	 6.4938426494e+01 	 1.2519068129e-05
6300 	 6451 	 6.4938426480e+01 	 1.0839914019e-05
6400 	 6555 	 6.4938426473e+01 	 1.0050082158e-05
6500 	 6657 	 6.4938426468e+01 	 5.3962450661e-06
6600 	 6761 	 6.4938426464e+01 	 7.6302711319e-06
6700 	 6865 	 6.4938426460e+01 	 1.5744662150e-05
6800 	 6967 	 6.4938426458e+01 	 8.6126393140e-06
6900 	 7068 	 6.4938426456e+01 	 5.7431699500e-06
7000 	 7170 	 6.4938426453e+01 	 5.0336587665e-06
7100 	 7273 	 6.4938426451e+01 	 5.2777682459e-06
7200 	 7375 	 6.4938426448e+01 	 5.2535205892e-06
7300 	 7479 	 6.4938426446e+01 	 5.0694487722e-06
7400 	 7583 	 6.4938426444e+01 	 4.4218225854e-06
7500 	 7685 	 6.4938426442e+01 	 4.6450756090e-06
7600 	 7786 	 6.4938426441e+01 	 3.4869077676e-06
7700 	 7890 	 6.4938426440e+01 	 4.0485620371e-06
7800 	 7993 	 6.4938426440e+01 	 2.7492702025e-06
7900 	 8096 	 6.4938426439e+01 	 3.2092187389e-06
8000 	 8200 	 6.4938426438e+01 	 3.0470524385e-06
8100 	 8302 	 6.4938426438e+01 	 2.2990018908e-06
8200 	 8406 	 6.4938426437e+01 	 3.6803560548e-06
8300 	 8509 	 6.4938426436e+01 	 3.0853060605e-06
8400 	 8610 	 6.4938426436e+01 	 1.2015883482e-06
8500 	 8711 	 6.4938426436e+01 	 1.1800854348e-06
8600 	 8816 	 6.4938426436e+01 	 1.4804764137e-06
8700 	 8919 	 6.4938426436e+01 	 1.0888438259e-06
8800 	 9019 	 6.4938426436e+01 	 1.2695738419e-06
8900 	 9124 	 6.4938426436e+01 	 1.0550227602e-06
9000 	 9229 	 6.4938426436e+01 	 9.4413215961e-07
9100 	 9342 	 6.4938426436e+01 	 6.2201297985e-07
9200 	 9448 	 6.4938426436e+01 	 7.9352911447e-07
9300 	 9556 	 6.4938426436e+01 	 6.5379293857e-07
9400 	 9657 	 6.4938426436e+01 	 1.2777339443e-06
9500 	 9764 	 6.4938426436e+01 	 1.6270079485e-06
9600 	 9868 	 6.4938426435e+01 	 1.0668453094e-06
9700 	 9976 	 6.4938426435e+01 	 6.6893924494e-07
9800 	 10083 	 6.4938426435e+01 	 6.2124900372e-07
9900 	 10193 	 6.4938426435e+01 	 8.4225466523e-07
10000 	 10308 	 6.4938426435e+01 	 4.9120920351e-07
10100 	 10424 	 6.4938426435e+01 	 3.3820313278e-07
10200 	 10538 	 6.4938426435e+01 	 5.3851021603e-07
10300 	 10656 	 6.4938426435e+01 	 1.8992090123e-07
# ---- 
 1 		 10359 	 10735 		 7.0233400878e+01 	 6.4938426435e+01 	 2.5379842750e-07
# ---- 
100 	 103 	 6.4691940806e+01 	 1.0904993593e-01
200 	 205 	 6.4585915069e+01 	 6.4761874669e-02
300 	 306 	 6.4562148935e+01 	 3.2997711568e-02
400 	 410 	 6.4554978985e+01 	 6.9264015916e-03
500 	 512 	 6.4553544741e+01 	 3.5420160039e-03
600 	 617 	 6.4553077346e+01 	 2.6738540738e-03
700 	 718 	 6.4552678559e+01 	 6.5333723736e-03
800 	 821 	 6.4552325399e+01 	 1.9725852212e-03
900 	 925 	 6.4552126735e+01 	 2.8595347942e-03
1000 	 1027 	 6.4551937012e+01 	 1.8377866435e-03
1100 	 1127 	 6.4551784506e+01 	 1.1745615147e-03
1200 	 1228 	 6.4551678067e+01 	 1.2693192360e-03
1300 	 1330 	 6.4551584217e+01 	 1.2070664427e-03
1400 	 1434 	 6.4551501916e+01 	 1.5688846782e-03
1500 	 1535 	 6.4551433796e+01 	 7.8050057979e-04
1600 	 1638 	 6.4551363293e+01 	 8.4503935669e-04
1700 	 1740 	 6.4551317092e+01 	 8.1103562676e-04
1800 	 1842 	 6.4551284144e+01 	 8.6943626975e-04
1900 	 1946 	 6.4551248564e+01 	 6.7513177819e-04
2000 	 2046 	 6.4551217763e+01 	 1.3343674390e-03
2100 	 2149 	 6.4551196733e+01 	 1.0275460001e-03
2200 	 2251 	 6.4551170125e+01 	 5.7775298998e-04
2300 	 2355 	 6.4551139450e+01 	 6.0457082892e-04
2400 	 2457 	 6.4551114056e+01 	 5.1194200624e-04
2500 	 2560 	 6.4551097381e+01 	 3.4254163680e-04
2600 	 2664 	 6.4551087235e+01 	 3.2699487292e-04
2700 	 2765 	 6.4551079900e+01 	 3.3500756531e-04
2800 	 2868 	 6.4551070548e+01 	 6.3051027538e-04
2900 	 2969 	 6.4551058782e+01 	 2.9855993017e-04
3000 	 3071 	 6.4551050041e+01 	 2.1371415910e-04
3100 	 3175 	 6.4551043475e+01 	 2.5581692391e-04
3200 	 3277 	 6.4551038407e+01 	 3.0165286671e-04
3300 	 3380 	 6.4551033370e+01 	 3.7893680412e-04
3400 	 3481 	 6.4551029686e+01 	 2.5627398073e-04
3500 	 3584 	 6.4551027083e+01 	 1.9267438883e-04
3600 	 3685 	 6.4551024849e+01 	 1.6341794697e-04
3700 	 3789 	 6.4551023586e+01 	 9.4052108070e-05
3800 	 3892 	 6.4551022263e+01 	 1.2487520265e-04
3900 	 3994 	 6.4551021277e+01 	 1.5616411561e-04
4000 	 4097 	 6.4551020589e+01 	 8.3743752158e-05
4100 	 4200 	 6.4551019894e+01 	 6.7103202551e-05
4200 	 4302 	 6.4551019341e+01 	 2.8064709903e-04
4300 	 4404 	 6.4551018806e+01 	 8.6707204659e-05
4400 	 4508 	 6.4551018286e+01 	 1.1511262675e-04
4500 	 4610 	 6.4551017817e+01 	 5.6790688313e-05
4600 	 4711 	 6.4551017387e+01 	 1.5110915240e-04
4700 	 4813 	 6.4551016914e+01 	 1.1885888608e-04
4800 	 4915 	 6.4551016454e+01 	 1.5371077792e-04
4900 	 5016 	 6.4551015971e+01 	 1.1513362705e-04
5000 	 5120 	 6.4551015581e+01 	 7.5125036615e-05
5100 	 5221 	 6.4551015244e+01 	 5.1034112641e-05
5200 	 5324 	 6.4551015032e+01 	 8.3934356576e-05
5300 	 5425 	 6.4551014871e+01 	 3.4544798686e-05
5400 	 5527 	 6.4551014726e+01 	 4.0371528654e-05
5500 	 5628 	 6.4551014563e+01 	 5.3873226876e-05
5600 	 5731 	 6.4551014435e+01 	 3.8633632779e-05
5700 	 5835 	 6.4551014320e+01 	 4.6931602883e-05
5800 	 5935 	 6.4551014235e+01 	 5.7585126587e-05
5900 	 6039 	 6.4551014143e+01 	 5.0681565360e-05
6000 	 6140 	 6.4551014061e+01 	 2.3174492687e-05
6100 	 6244 	 6.4551013990e+01 	 1.9135653026e-05
6200 	 6346 	 6.4551013923e+01 	 2.7788507830e-05
6300 	 6448 	 6.4551013853e+01 	 3.2353787725e-05
6400 	 6549 	 6.4551013796e+01 	 3.9033692257e-05
6500 	 6651 	 6.4551013747e+01 	 2.3098157442e-05
6600 	 6754 	 6.4551013716e+01 	 1.8991012201e-05
6700 	 6856 	 6.4551013686e+01 	 1.7559241036e-05
6800 	 6959 	 6.4551013665e+01 	 1.3990704684e-05
6900 	 7062 	 6.4551013648e+01 	 2.4473877241e-05
7000 	 7165 	 6.4551013639e+01 	 9.4719299206e-06
7100 	 7268 	 6.4551013632e+01 	 6.8340000585e-06
7200 	 7371 	 6.4551013626e+01 	 7.4519768900e-06
7300 	 7473 	 6.4551013618e+01 	 9.9522042909e-06
7400 	 7574 	 6.4551013611e+01 	 6.8004193429e-06
7500 	 7677 	 6.4551013606e+01 	 1.5990082841e-05
7600 	 7780 	 6.4551013602e+01 	 1.4861477840e-05
7700 	 7882 	 6.4551013599e+01 	 5.5695434266e-06
7800 	 7983 	 6.4551013596e+01 	 1.1108621401e-05
7900 	 8084 	 6.4551013592e+01 	 7.1491003054e-06
8000 	 8186 	 6.4551013590e+01 	 4.9201229013e-06
8100 	 8286 	 6.4551013588e+01 	 9.5202618686e-06
8200 	 8387 	 6.4551013586e+01 	 6.1975538959e-06
8300 	 8488 	 6.4551013585e+01 	 7.3071087541e-06
8400 	 8589 	 6.4551013583e+01 	 1.1369273550e-05
8500 	 8694 	 6.4551013582e+01 	 5.0232079862e-06
8600 	 8795 	 6.4551013581e+01 	 2.8151385347e-06
8700 	 8897 	 6.4551013580e+01 	 2.2499067049e-06
8800 	 9001 	 6.4551013580e+01 	 2.7097239546e-06
8900 	 9104 	 6.4551013579e+01 	 2.7155899538e-06
9000 	 9206 	 6.4551013579e+01 	 3.4299639301e-06
9100 	 9308 	 6.4551013578e+01 	 1.7480040715e-06
9200 	 9411 	 6.4551013578e+01 	 1.7888332619e-06
9300 	 9515 	 6.4551013577e+01 	 3.8915485440e-06
9400 	 9616 	 6.4551013577e+01 	 1.7609486759e-06
9500 	 9719 	 6.4551013577e+01 	 2.0441456933e-06
9600 	 9823 	 6.4551013576e+01 	 9.8192265607e-07
9700 	 9926 	 6.4551013576e+01 	 1.2619944923e-06
9800 	 10027 	 6.4551013576e+01 	 1.0183221802e-06
9900 	 10129 	 6.4551013576e+01 	 1.5385990551e-06
10000 	 10232 	 6.4551013576e+01 	 3.2886166107e-06
10100 	 10332 	 6.4551013576e+01 	 9.4959307194e-07
10200 	 10434 	 6.4551013576e+01 	 1.0892934628e-06
10300 	 10535 	 6.4551013576e+01 	 1.1184109878e-06
10400 	 10643 	 6.4551013575e+01 	 1.2970530442e-06
10500 	 10751 	 6.4551013575e+01 	 8.4765283292e-07
10600 	 10855 	 6.4551013575e+01 	 5.3218239571e-07
10700 	 10961 	 6.4551013575e+01 	 3.1169232497e-07
10800 	 11072 	 6.4551013575e+01 	 1.0727089121e-06
10900 	 11183 	 6.4551013575e+01 	 2.8623868437e-07
# ---- 
 1 		 10995 	 11345 		 6.9810384486e+01 	 6.4551013575e+01 	 2.6160000566e-07
# ---- 
100 	 112 	 6.4346568383e+01 	 6.3767424907e-02
200 	 214 	 6.4242911680e+01 	 2.9433391648e-02
300 	 317 	 6.4220017667e+01 	 1.9542987510e-02
400 	 419 	 6.4213134361e+01 	 6.3652274514e-03
500 	 521 	 6.4211553969e+01 	 2.9291789732e-03
600 	 622 	 6.4211006511e+01 	 2.7204271469e-03
700 	 723 	 6.4210598850e+01 	 2.6395553130e-03
800 	 826 	 6.4210202829e+01 	 2.3119303900e-03
900 	 927 	 6.4209974427e+01 	 1.5675013010e-03
1000 	 1028 	 6.4209815038e+01 	 2.8767534475e-03
1100 	 1129 	 6.4209680183e+01 	 1.1961985385e-03
1200 	 1233 	 6.4209575510e+01 	 1.2068770552e-03
1300 	 1335 	 6.4209486488e+01 	 9.8891281883e-04
1400 	 1437 	 6.4209427822e+01 	 9.7444684569e-04
1500 	 1539 	 6.4209371742e+01 	 7.9961981223e-04
1600 	 1640 	 6.4209320346e+01 	 8.9351687847e-04
1700 	 1742 	 6.4209277892e+01 	 1.2789192753e-03
1800 	 1844 	 6.4209238179e+01 	 1.2911418481e-03
1900 	 1945 	 6.4209206137e+01 	 6.3014517630e-04
2000 	 2046 	 6.4209179667e+01 	 5.5365857130e-04
2100 	 2148 	 6.4209157928e+01 	 3.3684872965e-04
2200 	 2252 	 6.4209137491e+01 	 9.0959970798e-04
2300 	 2355 	 6.4209113507e+01 	 6.6597378516e-04
2400 	 2457 	 6.4209088505e+01 	 4.6053877537e-04
2500 	 2560 	 6.4209068285e+01 	 3.4278681274e-04
2600 	 2662 	 6.4209055186e+01 	 3.3055280951e-04
2700 	 2764 	 6.4209043096e+01 	 2.9859414884e-04
2800 	 2868 	 6.4209033374e+01 	 3.4424757700e-04
2900 	 2972 	 6.4209019629e+01 	 3.2713936136e-04
3000 	 3075 	 6.4209007801e+01 	 3.3495066264e-04
3100 	 3175 	 6.4208999762e+01 	 2.9500754700e-04
3200 	 3278 	 6.4208993869e+01 	 2.5846337653e-04
3300 	 3380 	 6.4208990416e+01 	 1.9666124722e-04
3400 	 3482 	 6.4208988353e+01 	 1.4534770948e-04
3500 	 3584 	 6.4208986196e+01 	 1.8628329356e-04
3600 	 3685 	 6.4208983866e+01 	 2.5798061107e-04
3700 	 3787 	 6.4208982484e+01 	 1.2481403205e-04
3800 	 3887 	 6.4208981354e+01 	 1.2031430895e-04
3900 	 3988 	 6.4208980342e+01 	 1.8518688319e-04
4000 	 4089 	 6.4208979549e+01 	 8.7946188806e-05
4100 	 4191 	 6.4208978747e+01 	 9.1435093320e-05
4200 	 4293 	 6.4208978141e+01 	 9.5590968031e-05
4300 	 4393 	 6.4208977381e+01 	 2.2227925940e-04
4400 	 4496 	 6.4208976704e+01 	 1.0860708952e-04
4500 	 4597 	 6.4208976121e+01 	 1.0832059200e-04
4600 	 4702 	 6.4208975420e+01 	 9.2787012587e-05
4700 	 4806 	 6.4208974780e+01 	 1.0752563617e-04
4800 	 4909 	 6.4208974312e+01 	 1.3467009494e-04
4900 	 5011 	 6.4208973797e+01 	 1.3590715757e-04
5000 	 5114 	 6.4208973249e+01 	 1.0966360558e-04
5100 	 5218 	 6.4208972641e+01 	 1.2508422303e-04
5200 	 5320 	 6.4208972072e+01 	 8.0082879749e-05
5300 	 5425 	 6.4208971588e+01 	 7.9882340239e-05
5400 	 5528 	 6.4208971233e+01 	 5.5303079648e-05
5500 	 5631 	 6.4208971038e+01 	 4.8191722388e-05
5600 	 5734 	 6.4208970878e+01 	 6.6949998041e-05
5700 	 5837 	 6.4208970735e+01 	 3.5383826110e-05
5800 	 5938 	 6.4208970653e+01 	 2.4560210638e-05
5900 	 6041 	 6.4208970602e+01 	 3.4394127915e-05
6000 	 6144 	 6.4208970551e+01 	 2.2722585736e-05
6100 	 6249 	 6.4208970509e+01 	 4.1483083590e-05
6200 	 6349 	 6.4208970477e+01 	 3.0793830343e-05
6300 	 6452 	 6.4208970453e+01 	 2.4150103077e-05
6400 	 6552 	 6.4208970429e+01 	 1.6299400514e-05
6500 	 6656 	 6.4208970414e+01 	 2.1953930846e-05
6600 	 6756 	 6.4208970397e+01 	 2.7093651409e-05
6700 	 6857 	 6.4208970376e+01 	 1.5457949724e-05
6800 	 6958 	 6.4208970355e+01 	 1.8041792310e-05
6900 	 7061 	 6.4208970335e+01 	 1.0337012933e-05
7000 	 7162 	 6.4208970324e+01 	 1.1365282273e-05
7100 	 7266 	 6.4208970314e+01 	 9.3268141622e-06
7200 	 7370 	 6.4208970306e+01 	 8.9042132357e-06
7300 	 7473 	 6.4208970300e+01 	 1.4313409908e-05
7400 	 7575 	 6.4208970292e+01 	 9.3966405809e-06
7500 	 7677 	 6.4208970284e+01 	 9.5753289405e-06
7600 	 7780 	 6.4208970278e+01 	 1.6618184844e-05
7700 	 7881 	 6.4208970272e+01 	 9.0699912557e-06
7800 	 7984 	 6.4208970268e+01 	 6.7765901074e-06
7900 	 8086 	 6.4208970265e+01 	 6.8679565118e-06
8000 	 8187 	 6.4208970263e+01 	 4.8890089007e-06
8100 	 8291 	 6.4208970261e+01 	 3.3327103155e-06
8200 	 8392 	 6.4208970260e+01 	 5.7191641248e-06
8300 	 8495 	 6.4208970260e+01 	 2.5959105750e-06
8400 	 8595 	 6.4208970259e+01 	 5.9397023961e-06
8500 	 8700 	 6.4208970258e+01 	 2.2786424752e-06
8600 	 8801 	 6.4208970258e+01 	 3.8497769422e-06
8700 	 8906 	 6.4208970257e+01 	 2.4107295146e-06
8800 	 9010 	 6.4208970256e+01 	 5.5335587819e-06
8900 	 9113 	 6.4208970255e+01 	 6.3334938787e-06
9000 	 9216 	 6.4208970255e+01 	 2.5855729245e-06
9100 	 9317 	 6.4208970254e+01 	 4.0804884023e-06
9200 	 9418 	 6.4208970253e+01 	 3.0913973298e-06
9300 	 9521 	 6.4208970253e+01 	 2.1118654710e-06
9400 	 9624 	 6.4208970253e+01 	 1.9959620200e-06
9500 	 9728 	 6.4208970252e+01 	 2.1886023944e-06
9600 	 9831 	 6.4208970252e+01 	 1.7171109913e-06
9700 	 9933 	 6.4208970252e+01 	 7.9965243463e-07
9800 	 10037 	 6.4208970252e+01 	 1.5066649916e-06
9900 	 10140 	 6.4208970252e+01 	 1.0758760091e-06
10000 	 10244 	 6.4208970252e+01 	 1.2081895361e-06
10100 	 10345 	 6.4208970252e+01 	 2.1318596341e-06
10200 	 10456 	 6.4208970252e+01 	 8.4385693787e-07
10300 	 10563 	 6.4208970252e+01 	 6.1716327097e-07
10400 	 10679 	 6.4208970252e+01 	 5.2889595410e-07
10500 	 10785 	 6.4208970251e+01 	 6.3157767046e-07
# ---- 
 1 		 10523 	 10826 		 6.9450975515e+01 	 6.4208970251e+01 	 6.5417028212e-07
# ---- 
100 	 114 	 6.4043173107e+01 	 9.5056738934e-02
200 	 214 	 6.3941505687e+01 	 6.6760894115e-02
300 	 317 	 6.3918948243e+01 	 2.0923767995e-02
400 	 418 	 6.3911973405e+01 	 6.1137100948e-03
500 	 521 	 6.3910249523e+01 	 5.5196287305e-03
600 	 624 	 6.3909675563e+01 	 2.5125138191e-03
700 	 726 	 6.3909238124e+01 	 2.2348467773e-03
800 	 827 	 6.3908792531e+01 	 3.1107111839e-03
900 	 928 	 6.3908516561e+01 	 1.9313710004e-03
1000 	 1029 	 6.3908358857e+01 	 2.4822810969e-03
1100 	 1130 	 6.3908232772e+01 	 1.3360755377e-03
1200 	 1232 	 6.3908142154e+01 	 2.5685458066e-03
1300 	 1335 	 6.3908076146e+01 	 7.3140258657e-04
1400 	 1437 	 6.3908020218e+01 	 6.9907654423e-04
1500 	 1539 	 6.3907966409e+01 	 1.6748724850e-03
1600 	 1643 	 6.3907918414e+01 	 1.1505352406e-03
1700 	 1746 	 6.3907877437e+01 	 7.1060891591e-04
1800 	 1846 	 6.3907842652e+01 	 8.0406283210e-04
1900 	 1948 	 6.3907810042e+01 	 7.7678190874e-04
2000 	 2050 	 6.3907780962e+01 	 5.9125837395e-04
2100 	 2151 	 6.3907760061e+01 	 8.1438122984e-04
2200 	 2254 	 6.3907740883e+01 	 5.1509914756e-04
2300 	 2356 	 6.3907715028e+01 	 4.3786052606e-04
2400 	 2457 	 6.3907693479e+01 	 4.6633710640e-04
2500 	 2559 	 6.3907676264e+01 	 7.3251863457e-04
2600 	 2660 	 6.3907664102e+01 	 4.0047600936e-04
2700 	 2765 	 6.3907650124e+01 	 3.5275451682e-04
2800 	 2868 	 6.3907638385e+01 	 3.4462700452e-04
2900 	 2970 	 6.3907627528e+01 	 3.1279194926e-04
3000 	 3073 	 6.3907615326e+01 	 3.3071761154e-04
3100 	 3176 	 6.3907605167e+01 	 7.5388578409e-04
3200 	 3279 	 6.3907598603e+01 	 5.0435465726e-04
3300 	 3381 	 6.3907592859e+01 	 4.1426197606e-04
3400 	 3483 	 6.3907588395e+01 	 2.0302252059e-04
3500 	 3585 	 6.3907585148e+01 	 1.9951348954e-04
3600 	 3689 	 6.3907582323e+01 	 2.3132222762e-04
3700 	 3791 	 6.3907580665e+01 	 1.4816720236e-04
3800 	 3894 	 6.3907579265e+01 	 1.9883559850e-04
3900 	 3997 	 6.3907577812e+01 	 1.4545763345e-04
4000 	 4099 	 6.3907576155e+01 	 1.8568647326e-04
4100 	 4203 	 6.3907573533e+01 	 2.4686253386e-04
4200 	 4305 	 6.3907571477e+01 	 1.4850352621e-04
4300 	 4409 	 6.3907570252e+01 	 1.0003494430e-04
4400 	 4512 	 6.3907569253e+01 	 3.6653837176e-04
4500 	 4613 	 6.3907568037e+01 	 8.9664781397e-05
4600 	 4715 	 6.3907567191e+01 	 9.4230534502e-05
4700 	 4817 	 6.3907566474e+01 	 2.5278509477e-04
4800 	 4918 	 6.3907565564e+01 	 1.2940816813e-04
4900 	 5020 	 6.3907564779e+01 	 1.0146390168e-04
5000 	 5123 	 6.3907563874e+01 	 1.7132510015e-04
5100 	 5226 	 6.3907563125e+01 	 7.3859889126e-05
5200 	 5329 	 6.3907562703e+01 	 9.5589442678e-05
5300 	 5433 	 6.3907562379e+01 	 1.4102504112e-04
5400 	 5533 	 6.3907561997e+01 	 5.8525494308e-05
5500 	 5636 	 6.3907561715e+01 	 6.1783270764e-05
5600 	 5738 	 6.3907561349e+01 	 1.2240877519e-04
5700 	 5840 	 6.3907561064e+01 	 6.1632104814e-05
5800 	 5942 	 6.3907560786e+01 	 5.8799927576e-05
5900 	 6045 	 6.3907560530e+01 	 8.1150216916e-05
6000 	 6146 	 6.3907560342e+01 	 5.0269055611e-05
6100 	 6248 	 6.3907560208e+01 	 3.4997129029e-05
6200 	 6351 	 6.3907560081e+01 	 4.2170014860e-05
6300 	 6454 	 6.3907559973e+01 	 4.3568182890e-05
6400 	 6555 	 6.3907559815e+01 	 3.5517887347e-05
6500 	 6656 	 6.3907559679e+01 	 5.2444865164e-05
6600 	 6757 	 6.3907559560e+01 	 4.4378887202e-05
6700 	 6860 	 6.3907559467e+01 	 5.1328155520e-05
6800 	 6960 	 6.3907559382e+01 	 2.6345963609e-05
6900 	 7061 	 6.3907559279e+01 	 4.0739991731e-05
7000 	 7162 	 6.3907559186e+01 	 2.2677631431e-05
7100 	 7264 	 6.3907559145e+01 	 2.9114014704e-05
7200 	 7367 	 6.3907559121e+01 	 1.2458245327e-05
7300 	 7470 	 6.3907559103e+01 	 3.6448883948e-05
7400 	 7571 	 6.3907559080e+01 	 1.4642431332e-05
7500 	 7674 	 6.3907559058e+01 	 2.0309833959e-05
7600 	 7777 	 6.3907559041e+01 	 2.2224670176e-05
7700 	 7880 	 6.3907559024e+01 	 1.3048762103e-05
7800 	 7980 	 6.3907559012e+01 	 1.0467566784e-05
7900 	 8083 	 6.3907559003e+01 	 9.4017434521e-06
8000 	 8187 	 6.3907558993e+01 	 9.8192771163e-06
8100 	 8288 	 6.3907558982e+01 	 1.4082769451e-05
8200 	 8392 	 6.3907558971e+01 	 2.3577669973e-05
8300 	 8496 	 6.3907558962e+01 	 1.1315947580e-05
8400 	 8600 	 6.3907558953e+01 	 1.0647896485e-05
8500 	 8701 	 6.3907558944e+01 	 2.3612866881e-05
8600 	 8803 	 6.3907558936e+01 	 7.1132704822e-06
8700 	 8905 	 6.3907558929e+01 	 1.0359818581e-05
8800 	 9007 	 6.3907558921e+01 	 1.3963163444e-05
8900 	 9108 	 6.3907558914e+01 	 7.6588750303e-06
9000 	 9209 	 6.3907558910e+01 	 6.4004361604e-06
9100 	 9312 	 6.3907558907e+01 	 7.5405459807e-06
9200 	 9414 	 6.3907558905e+01 	 4.5737623453e-06
9300 	 9516 	 6.3907558903e+01 	 5.1736665291e-06
9400 	 9620 	 6.3907558901e+01 	 4.1047853803e-06
9500 	 9722 	 6.3907558900e+01 	 2.9929021209e-06
9600 	 9827 	 6.3907558900e+01 	 3.5637876627e-06
9700 	 9930 	 6.3907558899e+01 	 2.6707080434e-06
9800 	 10032 	 6.3907558898e+01 	 3.6414713781e-06
9900 	 10134 	 6.3907558897e+01 	 5.8610313295e-06
10000 	 10235 	 6.3907558896e+01 	 3.0320331002e-06
10100 	 10335 	 6.3907558895e+01 	 3.0226479910e-06
10200 	 10436 	 6.3907558894e+01 	 3.2402170713e-06
10300 	 10538 	 6.3907558893e+01 	 2.8903732487e-06
10400 	 10641 	 6.3907558893e+01 	 2.1638213986e-06
10500 	 10743 	 6.3907558892e+01 	 3.0651733861e-06
10600 	 10845 	 6.3907558892e+01 	 2.4774984122e-06
10700 	 10945 	 6.3907558891e+01 	 2.8189114246e-06
10800 	 11049 	 6.3907558891e+01 	 1.5129689186e-06
10900 	 11151 	 6.3907558891e+01 	 1.6163467366e-06
11000 	 11252 	 6.3907558891e+01 	 1.5676757231e-06
11100 	 11354 	 6.3907558891e+01 	 8.1465480706e-07
11200 	 11457 	 6.3907558891e+01 	 7.3935143960e-07
11300 	 11559 	 6.3907558890e+01 	 8.6295004404e-07
11400 	 11664 	 6.3907558890e+01 	 2.1599590624e-06
11500 	 11769 	 6.3907558890e+01 	 8.5173491072e-07
11600 	 11879 	 6.3907558890e+01 	 8.4753706901e-07
11700 	 11982 	 6.3907558890e+01 	 5.7787224558e-07
11800 	 12090 	 6.3907558890e+01 	 7.2075334718e-07
11900 	 12198 	 6.3907558890e+01 	 8.7462712772e-07
12000 	 12301 	 6.3907558890e+01 	 5.3878507501e-07
12100 	 12412 	 6.3907558890e+01 	 5.8281143795e-07
12200 	 12518 	 6.3907558890e+01 	 8.8832055989e-07
12300 	 12631 	 6.3907558890e+01 	 4.4154294188e-07
12400 	 12743 	 6.3907558890e+01 	 6.8564140757e-07
12500 	 12854 	 6.3907558890e+01 	 4.6586825098e-07
12600 	 12966 	 6.3907558890e+01 	 3.0394925384e-07
# ---- 
 1 		 12631 	 13016 		 6.9127969498e+01 	 6.3907558890e+01 	 6.4406932880e-07
# ---- 
100 	 107 	 6.3785398385e+01 	 1.4280302112e-01
200 	 208 	 6.3677919987e+01 	 3.7811432891e-02
300 	 309 	 6.3654787859e+01 	 1.3563684916e-02
400 	 411 	 6.3647279884e+01 	 1.0029059169e-02
500 	 513 	 6.3645241043e+01 	 9.0481526980e-03
600 	 615 	 6.3644578345e+01 	 2.1637794358e-03
700 	 718 	 6.3644102788e+01 	 5.4705576862e-03
800 	 819 	 6.3643599756e+01 	 2.2334701510e-03
900 	 921 	 6.3643276488e+01 	 1.8951457018e-03
1000 	 1025 	 6.3643129314e+01 	 1.4570500962e-03
1100 	 1128 	 6.3643010086e+01 	 1.4840420971e-03
1200 	 1231 	 6.3642921711e+01 	 8.5715351849e-04
1300 	 1333 	 6.3642864400e+01 	 1.4401275425e-03
1400 	 1436 	 6.3642822765e+01 	 6.9620948870e-04
1500 	 1541 	 6.3642781585e+01 	 6.5467325242e-04
1600 	 1645 	 6.3642740467e+01 	 7.2556976208e-04
1700 	 1748 	 6.3642700087e+01 	 7.2382924659e-04
1800 	 1850 	 6.3642669898e+01 	 6.4929152614e-04
1900 	 1954 	 6.3642643507e+01 	 7.0967515419e-04
2000 	 2056 	 6.3642609912e+01 	 1.3596431259e-03
2100 	 2157 	 6.3642583263e+01 	 3.8410418336e-04
2200 	 2261 	 6.3642564969e+01 	 1.1339316241e-03
2300 	 2365 	 6.3642536666e+01 	 4.9213876236e-04
2400 	 2468 	 6.3642508816e+01 	 6.1289562930e-04
2500 	 2569 	 6.3642488967e+01 	 5.3066114699e-04
2600 	 2672 	 6.3642473911e+01 	 3.5763647391e-04
2700 	 2774 	 6.3642461855e+01 	 5.3387412769e-04
2800 	 2876 	 6.3642448189e+01 	 4.7912566295e-04
2900 	 2980 	 6.3642434756e+01 	 6.1622341588e-04
3000 	 3081 	 6.3642421590e+01 	 6.8631684915e-04
3100 	 3185 	 6.3642409978e+01 	 3.3024679096e-04
3200 	 3289 	 6.3642401337e+01 	 2.3578670519e-04
3300 	 3394 	 6.3642395735e+01 	 3.4326909605e-04
3400 	 3495 	 6.3642390833e+01 	 2.1354124975e-04
3500 	 3596 	 6.3642387480e+01 	 5.2212036753e-04
3600 	 3702 	 6.3642385237e+01 	 1.9850434510e-04
3700 	 3803 	 6.3642383971e+01 	 8.4123710290e-05
3800 	 3906 	 6.3642383176e+01 	 1.6134512329e-04
3900 	 4008 	 6.3642382515e+01 	 2.4870853125e-04
4000 	 4110 	 6.3642381530e+01 	 2.0609107894e-04
4100 	 4212 	 6.3642380107e+01 	 1.9311913297e-04
4200 	 4315 	 6.3642378190e+01 	 1.1264128286e-04
4300 	 4418 	 6.3642376405e+01 	 2.2954262462e-04
4400 	 4520 	 6.3642374731e+01 	 3.0986502940e-04
4500 	 4623 	 6.3642372409e+01 	 1.6279300418e-04
4600 	 4725 	 6.3642370200e+01 	 1.6779005336e-04
4700 	 4829 	 6.3642368607e+01 	 1.3295239372e-04
4800 	 4930 	 6.3642367492e+01 	 1.3947950301e-04
4900 	 5031 	 6.3642366638e+01 	 1.2039795175e-04
5000 	 5134 	 6.3642366010e+01 	 1.1679739200e-04
5100 	 5236 	 6.3642365020e+01 	 2.3511107372e-04
5200 	 5341 	 6.3642364280e+01 	 1.0338174124e-04
5300 	 5445 	 6.3642363734e+01 	 9.9469980030e-05
5400 	 5548 	 6.3642363446e+01 	 6.0599790763e-05
5500 	 5650 	 6.3642363239e+01 	 5.5424252077e-05
5600 	 5755 	 6.3642363031e+01 	 7.5408172537e-05
5700 	 5856 	 6.3642362847e+01 	 7.3047641858e-05
5800 	 5959 	 6.3642362683e+01 	 7.7410372391e-05
5900 	 6061 	 6.3642362502e+01 	 4.4054189907e-05
6000 	 6163 	 6.3642362381e+01 	 4.9402375484e-05
6100 	 6264 	 6.3642362273e+01 	 4.0744233038e-05
6200 	 6367 	 6.3642362169e+01 	 7.3292447951e-05
6300 	 6468 	 6.3642362087e+01 	 6.9718572736e-05
6400 	 6568 	 6.3642362032e+01 	 3.6120947649e-05
6500 	 6670 	 6.3642361990e+01 	 2.0354107905e-05
6600 	 6772 	 6.3642361949e+01 	 7.1679531127e-05
6700 	 6874 	 6.3642361880e+01 	 6.1889232767e-05
6800 	 6975 	 6.3642361809e+01 	 2.8113157423e-05
6900 	 7077 	 6.3642361744e+01 	 3.3861698084e-05
7000 	 7182 	 6.3642361676e+01 	 3.8245201961e-05
7100 	 7285 	 6.3642361628e+01 	 1.6637573643e-05
7200 	 7387 	 6.3642361597e+01 	 1.5294446217e-05
7300 	 7492 	 6.3642361576e+01 	 1.0750078016e-05
7400 	 7592 	 6.3642361560e+01 	 1.0238388797e-05
7500 	 7694 	 6.3642361548e+01 	 1.2064398368e-05
7600 	 7796 	 6.3642361538e+01 	 2.2878204507e-05
7700 	 7898 	 6.3642361531e+01 	 2.0078104366e-05
7800 	 8002 	 6.3642361526e+01 	 1.1470372968e-05
7900 	 8105 	 6.3642361522e+01 	 5.8641809061e-06
8000 	 8207 	 6.3642361519e+01 	 5.3537785472e-06
8100 	 8309 	 6.3642361515e+01 	 6.0631626188e-06
8200 	 8410 	 6.3642361511e+01 	 7.0708472967e-06
8300 	 8510 	 6.3642361506e+01 	 9.2030599453e-06
8400 	 8613 	 6.3642361500e+01 	 1.4032929924e-05
8500 	 8718 	 6.3642361492e+01 	 1.1269839813e-05
8600 	 8821 	 6.3642361483e+01 	 7.3157015546e-06
8700 	 8923 	 6.3642361477e+01 	 8.1034334314e-06
8800 	 9025 	 6.3642361473e+01 	 5.5993489760e-06
8900 	 9128 	 6.3642361470e+01 	 5.9578782901e-06
9000 	 9229 	 6.3642361468e+01 	 5.1439138490e-06
9100 	 9332 	 6.3642361467e+01 	 6.6402822130e-06
9200 	 9437 	 6.3642361466e+01 	 3.4161919583e-06
9300 	 9540 	 6.3642361466e+01 	 2.5723841865e-06
9400 	 9643 	 6.3642361465e+01 	 2.5982283288e-06
9500 	 9747 	 6.3642361465e+01 	 1.8834633916e-06
9600 	 9851 	 6.3642361464e+01 	 2.5637407815e-06
9700 	 9952 	 6.3642361464e+01 	 3.5143262247e-06
9800 	 10054 	 6.3642361464e+01 	 1.6228507198e-06
9900 	 10155 	 6.3642361464e+01 	 1.3324475520e-06
10000 	 10259 	 6.3642361464e+01 	 6.0644864153e-07
10100 	 10363 	 6.3642361464e+01 	 5.2658691179e-07
10200 	 10475 	 6.3642361464e+01 	 3.2649685978e-07
10300 	 10588 	 6.3642361464e+01 	 3.3865999609e-07
10400 	 10696 	 6.3642361464e+01 	 3.8772182667e-07
10500 	 10811 	 6.3642361464e+01 	 2.8992340944e-07
# ---- 
 1 		 10519 	 10842 		 6.8812837383e+01 	 6.3642361464e+01 	 2.3731220546e-07
# ---- 
100 	 107 	 6.3552133881e+01 	 8.7115621136e-02
200 	 209 	 6.3445677806e+01 	 2.9475220121e-02
300 	 311 	 6.3422411386e+01 	 3.8444605747e-02
400 	 414 	 6.3414650898e+01 	 9.1717026645e-03
500 	 515 	 6.3412389593e+01 	 4.6460968248e-03
600 	 616 	 6.3411639496e+01 	 2.3910070332e-03
700 	 719 	 6.3411165378e+01 	 8.7810057067e-03
800 	 822 	 6.3410604518e+01 	 2.3488508553e-03
900 	 924 	 6.3410195710e+01 	 1.9410267809e-03
1000 	 1025 	 6.3410025943e+01 	 1.9603399567e-03
1100 	 1129 	 6.3409904276e+01 	 1.7942597132e-03
1200 	 1231 	 6.3409816400e+01 	 1.1217162169e-03
1300 	 1331 	 6.3409759062e+01 	 8.4839520458e-04
1400 	 1434 	 6.3409719474e+01 	 6.4262289881e-04
1500 	 1537 	 6.3409688030e+01 	 6.9664513155e-04
1600 	 1639 	 6.3409654884e+01 	 6.7873574160e-04
1700 	 1742 	 6.3409623207e+01 	 6.0880499602e-04
1800 	 1844 	 6.3409594093e+01 	 8.8378102247e-04
1900 	 1948 	 6.3409566616e+01 	 6.0197586223e-04
2000 	 2049 	 6.3409534610e+01 	 5.4326518471e-04
2100 	 2151 	 6.3409501539e+01 	 1.0296768824e-03
2200 	 2254 	 6.3409480963e+01 	 5.4468795780e-04
2300 	 2356 	 6.3409460935e+01 	 5.9181663211e-04
2400 	 2457 	 6.3409433005e+01 	 4.3162157392e-04
2500 	 2560 	 6.3409414767e+01 	 3.9976431493e-04
2600 	 2663 	 6.3409398132e+01 	 6.1842763830e-04
2700 	 2767 	 6.3409381498e+01 	 5.4748014469e-04
2800 	 2869 	 6.3409364588e+01 	 4.5705869948e-04
2900 	 2973 	 6.3409353407e+01 	 4.6012157468e-04
3000 	 3075 	 6.3409343695e+01 	 2.7829052224e-04
3100 	 3178 	 6.3409332696e+01 	 5.6454746848e-04
3200 	 3278 	 6.3409322918e+01 	 2.5885045207e-04
3300 	 3381 	 6.3409315663e+01 	 1.8604579674e-04
3400 	 3486 	 6.3409308636e+01 	 2.8565823215e-04
3500 	 3588 	 6.3409302466e+01 	 4.7695151068e-04
3600 	 3688 	 6.3409298378e+01 	 2.1110144987e-04
3700 	 3790 	 6.3409296525e+01 	 1.3829698142e-04
3800 	 3892 	 6.3409295151e+01 	 1.3224470850e-04
3900 	 3993 	 6.3409294250e+01 	 1.0820828059e-04
4000 	 4094 	 6.3409293117e+01 	 1.2565621945e-04
4100 	 4195 	 6.3409291819e+01 	 1.1557442631e-04
4200 	 4299 	 6.3409289531e+01 	 1.5253724983e-04
4300 	 4402 	 6.3409286096e+01 	 2.6045114164e-04
4400 	 4504 	 6.3409283529e+01 	 5.7569883097e-04
4500 	 4606 	 6.3409280925e+01 	 2.1004083127e-04
4600 	 4710 	 6.3409278671e+01 	 1.8008651864e-04
4700 	 4814 	 6.3409277093e+01 	 8.3683831590e-05
4800 	 4918 	 6.3409275991e+01 	 9.2341724335e-05
4900 	 5022 	 6.3409275253e+01 	 1.4940818035e-04
5000 	 5125 	 6.3409274626e+01 	 7.3714776687e-05
5100 	 5228 	 6.3409273850e+01 	 9.2105813029e-05
5200 	 5332 	 6.3409273071e+01 	 1.1256204200e-04
5300 	 5435 	 6.3409272309e+01 	 8.7899114531e-05
5400 	 5537 	 6.3409271705e+01 	 8.3015946204e-05
5500 	 5640 	 6.3409271066e+01 	 1.3181578887e-04
5600 	 5742 	 6.3409270489e+01 	 7.6597080515e-05
5700 	 5843 	 6.3409270033e+01 	 7.1459940068e-05
5800 	 5945 	 6.3409269674e+01 	 5.7200955670e-05
5900 	 6046 	 6.3409269205e+01 	 7.8499968891e-05
6000 	 6148 	 6.3409268934e+01 	 4.2603624894e-05
6100 	 6250 	 6.3409268699e+01 	 6.0717094164e-05
6200 	 6351 	 6.3409268441e+01 	 6.8707635056e-05
6300 	 6455 	 6.3409268163e+01 	 6.0443278979e-05
6400 	 6560 	 6.3409267937e+01 	 8.0069780680e-05
6500 	 6662 	 6.3409267778e+01 	 4.6542406368e-05
6600 	 6763 	 6.3409267655e+01 	 3.6486096115e-05
6700 	 6865 	 6.3409267542e+01 	 3.3544481688e-05
6800 	 6967 	 6.3409267461e+01 	 2.6384520505e-05
6900 	 7069 	 6.3409267390e+01 	 8.7133508312e-05
7000 	 7171 	 6.3409267330e+01 	 2.9802184670e-05
7100 	 7276 	 6.3409267263e+01 	 2.5739628267e-05
7200 	 7378 	 6.3409267188e+01 	 2.6062315485e-05
7300 	 7480 	 6.3409267120e+01 	 3.3526764723e-05
7400 	 7582 	 6.3409267065e+01 	 2.3049418567e-05
7500 	 7684 	 6.3409267026e+01 	 2.2389084735e-05
7600 	 7786 	 6.3409266989e+01 	 2.3810719561e-05
7700 	 7886 	 6.3409266950e+01 	 3.8297015633e-05
7800 	 7989 	 6.3409266904e+01 	 1.9622948912e-05
7900 	 8092 	 6.3409266872e+01 	 2.4874238372e-05
8000 	 8194 	 6.3409266835e+01 	 1.8274616890e-05
8100 	 8298 	 6.3409266800e+01 	 5.8841865392e-05
8200 	 8400 	 6.3409266762e+01 	 1.5384321089e-05
8300 	 8501 	 6.3409266734e+01 	 1.5211234770e-05
8400 	 8603 	 6.3409266715e+01 	 2.2881718035e-05
8500 	 8705 	 6.3409266703e+01 	 3.6739428447e-05
8600 	 8805 	 6.3409266694e+01 	 1.0716019677e-05
8700 	 8906 	 6.3409266686e+01 	 9.7742499937e-06
8800 	 9010 	 6.3409266677e+01 	 9.0529946309e-06
8900 	 9114 	 6.3409266670e+01 	 8.9046337683e-06
9000 	 9218 	 6.3409266664e+01 	 6.8900410910e-06
9100 	 9322 	 6.3409266659e+01 	 1.0427832429e-05
9200 	 9424 	 6.3409266655e+01 	 8.7140287654e-06
9300 	 9525 	 6.3409266649e+01 	 1.0737526647e-05
9400 	 9625 	 6.3409266641e+01 	 1.3130523042e-05
9500 	 9729 	 6.3409266631e+01 	 1.1349799769e-05
9600 	 9833 	 6.3409266623e+01 	 1.5256822314e-05
9700 	 9936 	 6.3409266615e+01 	 8.0578849673e-06
9800 	 10039 	 6.3409266610e+01 	 7.4829101667e-06
9900 	 10142 	 6.3409266606e+01 	 6.2451476404e-06
10000 	 10245 	 6.3409266604e+01 	 4.3953070881e-06
10100 	 10349 	 6.3409266603e+01 	 3.3817839370e-06
10200 	 10452 	 6.3409266602e+01 	 3.2775560328e-06
10300 	 10554 	 6.3409266601e+01 	 5.1213044234e-06
10400 	 10658 	 6.3409266600e+01 	 3.3679558037e-06
10500 	 10758 	 6.3409266599e+01 	 3.2459644875e-06
10600 	 10861 	 6.3409266598e+01 	 5.0079407453e-06
10700 	 10962 	 6.3409266598e+01 	 3.0854776607e-06
10800 	 11065 	 6.3409266597e+01 	 2.4190781656e-06
10900 	 11167 	 6.3409266597e+01 	 3.0360132506e-06
11000 	 11272 	 6.3409266596e+01 	 3.0894996425e-06
11100 	 11376 	 6.3409266595e+01 	 3.1985120412e-06
11200 	 11480 	 6.3409266594e+01 	 3.1744207549e-06
11300 	 11580 	 6.3409266593e+01 	 2.2192078306e-06
11400 	 11683 	 6.3409266593e+01 	 2.7924106224e-06
11500 	 11785 	 6.3409266592e+01 	 2.5070897375e-06
11600 	 11886 	 6.3409266592e+01 	 6.4443172973e-06
11700 	 11987 	 6.3409266592e+01 	 1.3139820013e-06
11800 	 12091 	 6.3409266592e+01 	 1.1561919550e-06
11900 	 12193 	 6.3409266591e+01 	 1.1526962734e-06
12000 	 12296 	 6.3409266591e+01 	 1.5211227275e-06
12100 	 12399 	 6.3409266591e+01 	 8.2469236443e-07
12200 	 12505 	 6.3409266591e+01 	 6.9568555925e-07
12300 	 12613 	 6.3409266591e+01 	 7.4284828930e-07
12400 	 12719 	 6.3409266591e+01 	 7.8690612290e-07
12500 	 12827 	 6.3409266591e+01 	 8.8922734740e-07
12600 	 12938 	 6.3409266591e+01 	 1.9374060107e-06
12700 	 13050 	 6.3409266591e+01 	 6.5533142051e-07
# ---- 
 1 		 12779 	 13165 		 6.8547197956e+01 	 6.3409266591e+01 	 6.9120887766e-07
# ---- 
100 	 110 	 6.3354212819e+01 	 1.0040946384e-01
200 	 213 	 6.3241609760e+01 	 2.9191338783e-02
300 	 316 	 6.3218223135e+01 	 1.4453759650e-02
400 	 418 	 6.3210321034e+01 	 9.4793133465e-03
500 	 520 	 6.3207816254e+01 	 4.1428017793e-03
600 	 623 	 6.3206974756e+01 	 3.1224633046e-03
700 	 724 	 6.3206421652e+01 	 5.2409554135e-03
800 	 826 	 6.3205829326e+01 	 2.2446323733e-03
900 	 927 	 6.3205371136e+01 	 1.7336215463e-03
1000 	 1028 	 6.3205175006e+01 	 1.0144547291e-03
1100 	 1129 	 6.3205059365e+01 	 2.0849806496e-03
1200 	 1232 	 6.3204969179e+01 	 1.2370532520e-03
1300 	 1332 	 6.3204905877e+01 	 9.9633873854e-04
1400 	 1435 	 6.3204867439e+01 	 1.4216159758e-03
1500 	 1538 	 6.3204840914e+01 	 6.5624382850e-04
1600 	 1641 	 6.3204815615e+01 	 4.4650681233e-04
1700 	 1743 	 6.3204794340e+01 	 5.5105461504e-04
1800 	 1845 	 6.3204771638e+01 	 5.7020079819e-04
1900 	 1948 	 6.3204749120e+01 	 5.1532182677e-04
2000 	 2052 	 6.3204718998e+01 	 6.6100444788e-04
2100 	 2154 	 6.3204683039e+01 	 7.6408702977e-04
2200 	 2256 	 6.3204661696e+01 	 1.0432341091e-03
2300 	 2357 	 6.3204643452e+01 	 6.3201623212e-04
2400 	 2458 	 6.3204620149e+01 	 6.3367794790e-04
2500 	 2560 	 6.3204598250e+01 	 4.9047011521e-04
2600 	 2660 	 6.3204579222e+01 	 5.1335610268e-04
2700 	 2764 	 6.3204562182e+01 	 5.3801103995e-04
2800 	 2866 	 6.3204543789e+01 	 4.1291405364e-04
2900 	 2968 	 6.3204533234e+01 	 3.1948311960e-04
3000 	 3072 	 6.3204524934e+01 	 2.2568885498e-04
3100 	 3174 	 6.3204516890e+01 	 2.6621044849e-04
3200 	 3279 	 6.3204507955e+01 	 7.1697945147e-04
3300 	 3381 	 6.3204500091e+01 	 8.9192966301e-04
3400 	 3483 	 6.3204493183e+01 	 3.7375309677e-04
3500 	 3588 	 6.3204487554e+01 	 2.4208439323e-04
3600 	 3691 	 6.3204482043e+01 	 2.8245719133e-04
3700 	 3792 	 6.3204479066e+01 	 4.6127913801e-04
3800 	 3893 	 6.3204477218e+01 	 9.4195071987e-05
3900 	 3995 	 6.3204475852e+01 	 1.3881024735e-04
4000 	 4099 	 6.3204474697e+01 	 1.2722060518e-04
4100 	 4202 	 6.3204473368e+01 	 2.2698625175e-04
4200 	 4305 	 6.3204471350e+01 	 1.4900721310e-04
4300 	 4408 	 6.3204467394e+01 	 1.7725808889e-04
4400 	 4511 	 6.3204463038e+01 	 2.0572659819e-04
4500 	 4613 	 6.3204458995e+01 	 2.0535243711e-04
4600 	 4714 	 6.3204455698e+01 	 3.7087765323e-04
4700 	 4816 	 6.3204452146e+01 	 2.5457590949e-04
4800 	 4918 	 6.3204449705e+01 	 2.2422952084e-04
4900 	 5022 	 6.3204448208e+01 	 1.4011762973e-04
5000 	 5125 	 6.3204447431e+01 	 1.1036863396e-04
5100 	 5227 	 6.3204446789e+01 	 8.3769821703e-05
5200 	 5329 	 6.3204446215e+01 	 8.3164089687e-05
5300 	 5432 	 6.3204445677e+01 	 5.3844583044e-05
5400 	 5535 	 6.3204445194e+01 	 9.1619813454e-05
5500 	 5638 	 6.3204444493e+01 	 1.0316031258e-04
5600 	 5741 	 6.3204443738e+01 	 1.6333692583e-04
5700 	 5845 	 6.3204443150e+01 	 9.0825949136e-05
5800 	 5947 	 6.3204442737e+01 	 6.3158695907e-05
5900 	 6051 	 6.3204442400e+01 	 5.4625419111e-05
6000 	 6156 	 6.3204442130e+01 	 1.0031453250e-04
6100 	 6258 	 6.3204441742e+01 	 8.2939907613e-05
6200 	 6360 	 6.3204441391e+01 	 7.3537955961e-05
6300 	 6464 	 6.3204441123e+01 	 8.8477111449e-05
6400 	 6567 	 6.3204440930e+01 	 8.2284336633e-05
6500 	 6671 	 6.3204440744e+01 	 1.4526533675e-04
6600 	 6774 	 6.3204440556e+01 	 9.4616157082e-05
6700 	 6878 	 6.3204440390e+01 	 5.1765339489e-05
6800 	 6982 	 6.3204440267e+01 	 5.3030621316e-05
6900 	 7086 	 6.3204440157e+01 	 4.3409665444e-05
7000 	 7187 	 6.3204440059e+01 	 3.2018531999e-05
7100 	 7290 	 6.3204439978e+01 	 4.5455312428e-05
7200 	 7393 	 6.3204439916e+01 	 2.9174745625e-05
7300 	 7495 	 6.3204439859e+01 	 2.4536838877e-05
7400 	 7598 	 6.3204439819e+01 	 3.2981438120e-05
7500 	 7700 	 6.3204439774e+01 	 2.6140635249e-05
7600 	 7803 	 6.3204439740e+01 	 1.6264496208e-05
7700 	 7905 	 6.3204439717e+01 	 1.6900653278e-05
7800 	 8008 	 6.3204439690e+01 	 1.8091251323e-05
7900 	 8109 	 6.3204439652e+01 	 4.9229945767e-05
8000 	 8212 	 6.3204439612e+01 	 2.2277654304e-05
8100 	 8317 	 6.3204439583e+01 	 2.8614552239e-05
8200 	 8419 	 6.3204439551e+01 	 1.9352423549e-05
8300 	 8520 	 6.3204439519e+01 	 1.1676064725e-05
8400 	 8625 	 6.3204439497e+01 	 1.6469834097e-05
8500 	 8728 	 6.3204439481e+01 	 1.3155629151e-05
8600 	 8831 	 6.3204439472e+01 	 7.7301706018e-06
8700 	 8932 	 6.3204439465e+01 	 7.2139140917e-06
8800 	 9035 	 6.3204439457e+01 	 9.8884963558e-06
8900 	 9137 	 6.3204439448e+01 	 1.6420953687e-05
9000 	 9237 	 6.3204439439e+01 	 9.0517873248e-06
9100 	 9338 	 6.3204439429e+01 	 1.2015497998e-05
9200 	 9440 	 6.3204439418e+01 	 1.3469210425e-05
9300 	 9545 	 6.3204439409e+01 	 6.4055544064e-06
9400 	 9650 	 6.3204439404e+01 	 7.8892822565e-06
9500 	 9755 	 6.3204439399e+01 	 8.3371840604e-06
9600 	 9857 	 6.3204439390e+01 	 1.3556611103e-05
9700 	 9959 	 6.3204439382e+01 	 1.4393104410e-05
9800 	 10060 	 6.3204439373e+01 	 3.2561590053e-05
9900 	 10165 	 6.3204439367e+01 	 1.5038691661e-05
10000 	 10268 	 6.3204439364e+01 	 1.1239776297e-05
10100 	 10370 	 6.3204439361e+01 	 5.3247997629e-06
10200 	 10473 	 6.3204439360e+01 	 4.4791583835e-06
10300 	 10574 	 6.3204439358e+01 	 5.7059014375e-06
10400 	 10677 	 6.3204439356e+01 	 6.0541459145e-06
10500 	 10780 	 6.3204439354e+01 	 1.2180558382e-05
10600 	 10884 	 6.3204439352e+01 	 3.3817884936e-06
10700 	 10987 	 6.3204439350e+01 	 4.6894870226e-06
10800 	 11090 	 6.3204439349e+01 	 2.8286350216e-06
10900 	 11193 	 6.3204439348e+01 	 3.2357717998e-06
11000 	 11297 	 6.3204439347e+01 	 2.5235292814e-06
11100 	 11399 	 6.3204439347e+01 	 3.7053283794e-06
11200 	 11502 	 6.3204439346e+01 	 2.5689170080e-06
11300 	 11602 	 6.3204439346e+01 	 3.1196814445e-06
11400 	 11705 	 6.3204439345e+01 	 1.9523882600e-06
11500 	 11807 	 6.3204439345e+01 	 3.7248243071e-06
11600 	 11908 	 6.3204439345e+01 	 2.5299065451e-06
11700 	 12011 	 6.3204439344e+01 	 2.5578537463e-06
11800 	 12111 	 6.3204439344e+01 	 2.9020755105e-06
11900 	 12214 	 6.3204439343e+01 	 2.4011196420e-06
12000 	 12314 	 6.3204439343e+01 	 2.3375097608e-06
12100 	 12418 	 6.3204439342e+01 	 1.4835218635e-06
12200 	 12518 	 6.3204439342e+01 	 1.9352720325e-06
12300 	 12620 	 6.3204439342e+01 	 1.9958559866e-06
12400 	 12723 	 6.3204439342e+01 	 1.4540055440e-06
12500 	 12825 	 6.3204439341e+01 	 1.9948319942e-06
12600 	 12927 	 6.3204439341e+01 	 1.1472995658e-06
12700 	 13029 	 6.3204439341e+01 	 1.2927036483e-06
12800 	 13132 	 6.3204439341e+01 	 7.4263776535e-07
12900 	 13233 	 6.3204439341e+01 	 8.3492868354e-07
13000 	 13338 	 6.3204439341e+01 	 1.1229542974e-06
13100 	 13439 	 6.3204439341e+01 	 9.3705118077e-07
13200 	 13543 	 6.3204439341e+01 	 9.8522081441e-07
13300 	 13648 	 6.3204439341e+01 	 1.6255450700e-06
13400 	 13752 	 6.3204439341e+01 	 7.0155249219e-07
13500 	 13855 	 6.3204439341e+01 	 6.1967768737e-07
13600 	 13965 	 6.3204439341e+01 	 1.4337240730e-06
13700 	 14069 	 6.3204439341e+01 	 1.2868458518e-06
13800 	 14175 	 6.3204439341e+01 	 1.1240583456e-06
13900 	 14285 	 6.3204439341e+01 	 6.0711374778e-07
14000 	 14397 	 6.3204439340e+01 	 1.1853728819e-06
14100 	 14507 	 6.3204439340e+01 	 6.2573162493e-07
14200 	 14622 	 6.3204439340e+01 	 6.0685089380e-07
14300 	 14741 	 6.3204439340e+01 	 3.9109152218e-07
14400 	 14857 	 6.3204439340e+01 	 3.3211937685e-07
14500 	 14969 	 6.3204439340e+01 	 2.7943233278e-07
14600 	 15086 	 6.3204439340e+01 	 4.2579401319e-07
14700 	 15197 	 6.3204439340e+01 	 4.1976852368e-07
14800 	 15305 	 6.3204439340e+01 	 2.7606517996e-07
14900 	 15416 	 6.3204439340e+01 	 3.9337106467e-07
15000 	 15534 	 6.3204439340e+01 	 5.4934863394e-07
15100 	 15650 	 6.3204439340e+01 	 1.1984426884e-06
15200 	 15767 	 6.3204439340e+01 	 2.1902927033e-07
# ---- 
 1 		 15228 	 15813 		 6.8337203809e+01 	 6.3204439340e+01 	 2.8172161764e-07
# ---- 
100 	 104 	 6.3163207153e+01 	 7.1590733287e-02
200 	 205 	 6.3060114318e+01 	 3.0616601130e-02
300 	 306 	 6.3038183783e+01 	 2.7864701152e-02
400 	 408 	 6.3030517922e+01 	 1.2118887437e-02
500 	 511 	 6.3027915489e+01 	 3.9261047927e-03
600 	 612 	 6.3026955922e+01 	 3.1703037482e-03
700 	 715 	 6.3026338738e+01 	 3.3999235721e-03
800 	 817 	 6.3025697243e+01 	 4.1170352435e-03
900 	 922 	 6.3025192459e+01 	 1.8290972996e-03
1000 	 1023 	 6.3024969038e+01 	 1.3909212016e-03
1100 	 1125 	 6.3024853418e+01 	 1.0105283444e-03
1200 	 1228 	 6.3024769652e+01 	 2.8552788399e-03
1300 	 1330 	 6.3024711680e+01 	 7.9372468168e-04
1400 	 1431 	 6.3024671872e+01 	 6.1458024909e-04
1500 	 1534 	 6.3024648136e+01 	 7.0581669852e-04
1600 	 1636 	 6.3024625631e+01 	 6.0708633765e-04
1700 	 1739 	 6.3024608395e+01 	 1.4645419208e-03
1800 	 1841 	 6.3024592010e+01 	 7.0943539460e-04
1900 	 1944 	 6.3024578552e+01 	 3.9218925539e-04
2000 	 2049 	 6.3024559976e+01 	 5.3800969840e-04
2100 	 2150 	 6.3024533542e+01 	 1.5307798303e-03
2200 	 2254 	 6.3024512857e+01 	 5.4095424269e-04
2300 	 2358 	 6.3024493441e+01 	 3.5055270508e-04
2400 	 2461 	 6.3024472257e+01 	 1.0670672506e-03
2500 	 2564 	 6.3024452283e+01 	 1.0939358957e-03
2600 	 2666 	 6.3024433173e+01 	 4.6824861209e-04
2700 	 2769 	 6.3024415800e+01 	 4.6512611432e-04
2800 	 2873 	 6.3024393112e+01 	 5.0598417295e-04
2900 	 2974 	 6.3024377628e+01 	 8.5191322832e-04
3000 	 3076 	 6.3024368796e+01 	 2.4506018104e-04
3100 	 3178 	 6.3024363054e+01 	 3.5168098263e-04
3200 	 3278 	 6.3024356543e+01 	 3.2054571870e-04
3300 	 3379 	 6.3024348390e+01 	 3.3115706907e-04
3400 	 3481 	 6.3024340966e+01 	 2.9080879021e-04
3500 	 3583 	 6.3024334714e+01 	 2.8431360484e-04
3600 	 3687 	 6.3024329980e+01 	 2.8804101478e-04
3700 	 3788 	 6.3024327001e+01 	 3.1185424706e-04
3800 	 3891 	 6.3024325014e+01 	 2.1121244569e-04
3900 	 3992 	 6.3024323495e+01 	 1.1577729757e-04
4000 	 4094 	 6.3024322090e+01 	 2.6935406480e-04
4100 	 4195 	 6.3024320842e+01 	 3.9228249262e-04
4200 	 4300 	 6.3024319418e+01 	 2.2817889025e-04
4300 	 4402 	 6.3024317648e+01 	 1.9264378064e-04
4400 	 4505 	 6.3024315861e+01 	 1.4612075176e-04
4500 	 4607 	 6.3024313835e+01 	 1.7728979579e-04
4600 	 4708 	 6.3024309933e+01 	 2.6295463655e-04
4700 	 4809 	 6.3024305690e+01 	 2.2743788346e-04
4800 	 4913 	 6.3024301709e+01 	 2.2306574576e-04
4900 	 5018 	 6.3024299076e+01 	 3.7201180124e-04
5000 	 5121 	 6.3024296854e+01 	 1.5079923177e-04
5100 	 5224 	 6.3024295276e+01 	 1.1963929454e-04
5200 	 5325 	 6.3024294147e+01 	 1.0291764156e-04
5300 	 5429 	 6.3024293033e+01 	 9.3867700019e-05
5400 	 5531 	 6.3024292280e+01 	 7.6846023764e-05
5500 	 5635 	 6.3024291745e+01 	 8.6944562650e-05
5600 	 5738 	 6.3024291211e+01 	 6.4935730600e-05
5700 	 5841 	 6.3024290515e+01 	 8.2326498524e-05
5800 	 5943 	 6.3024289895e+01 	 7.7875109150e-05
5900 	 6046 	 6.3024289421e+01 	 7.1595483047e-05
6000 	 6149 	 6.3024288996e+01 	 6.1709966384e-05
6100 	 6253 	 6.3024288662e+01 	 8.2753200390e-05
6200 	 6355 	 6.3024288383e+01 	 4.8002332076e-05
6300 	 6455 	 6.3024288021e+01 	 5.6229379278e-05
6400 	 6555 	 6.3024287763e+01 	 4.9284429344e-05
6500 	 6658 	 6.3024287487e+01 	 7.5131503062e-05
6600 	 6760 	 6.3024287256e+01 	 4.2272881981e-05
6700 	 6863 	 6.3024287095e+01 	 4.4808098125e-05
6800 	 6966 	 6.3024286956e+01 	 5.5399609362e-05
6900 	 7070 	 6.3024286807e+01 	 3.9744233856e-05
7000 	 7176 	 6.3024286706e+01 	 3.0340022619e-05
7100 	 7279 	 6.3024286626e+01 	 8.0961659167e-05
7200 	 7382 	 6.3024286573e+01 	 1.9222800658e-05
7300 	 7483 	 6.3024286522e+01 	 2.5487947106e-05
7400 	 7585 	 6.3024286458e+01 	 3.1266891783e-05
7500 	 7688 	 6.3024286390e+01 	 2.7032855821e-05
7600 	 7791 	 6.3024286306e+01 	 3.9189032943e-05
7700 	 7893 	 6.3024286218e+01 	 3.5237915375e-05
7800 	 7997 	 6.3024286162e+01 	 2.2281024639e-05
7900 	 8100 	 6.3024286118e+01 	 3.6640539660e-05
8000 	 8201 	 6.3024286072e+01 	 2.0863041099e-05
8100 	 8303 	 6.3024286034e+01 	 1.9249044166e-05
8200 	 8403 	 6.3024285996e+01 	 3.6768402991e-05
8300 	 8504 	 6.3024285963e+01 	 1.5667275050e-05
8400 	 8607 	 6.3024285932e+01 	 1.8591900357e-05
8500 	 8708 	 6.3024285908e+01 	 1.7018554961e-05
8600 	 8810 	 6.3024285885e+01 	 1.6692577678e-05
8700 	 8913 	 6.3024285862e+01 	 1.2958626562e-05
8800 	 9017 	 6.3024285841e+01 	 5.7800669257e-05
8900 	 9120 	 6.3024285821e+01 	 1.9539940368e-05
9000 	 9224 	 6.3024285803e+01 	 1.1415009326e-05
9100 	 9324 	 6.3024285782e+01 	 1.1143961964e-05
9200 	 9427 	 6.3024285765e+01 	 1.0303335058e-05
9300 	 9531 	 6.3024285754e+01 	 1.7839754379e-05
9400 	 9633 	 6.3024285744e+01 	 2.8158814877e-05
9500 	 9738 	 6.3024285733e+01 	 8.7266299862e-06
9600 	 9840 	 6.3024285723e+01 	 1.3356835793e-05
9700 	 9942 	 6.3024285718e+01 	 6.5024072195e-06
9800 	 10043 	 6.3024285714e+01 	 5.8595455063e-06
9900 	 10147 	 6.3024285712e+01 	 3.4260753199e-06
10000 	 10250 	 6.3024285711e+01 	 3.3865318620e-06
10100 	 10354 	 6.3024285710e+01 	 6.9134959566e-06
10200 	 10455 	 6.3024285708e+01 	 4.0081879866e-06
10300 	 10560 	 6.3024285707e+01 	 5.1664113045e-06
10400 	 10661 	 6.3024285706e+01 	 2.9933225210e-06
10500 	 10761 	 6.3024285706e+01 	 3.6246517026e-06
10600 	 10865 	 6.3024285705e+01 	 6.8088438486e-06
10700 	 10968 	 6.3024285703e+01 	 3.2915613097e-06
10800 	 11070 	 6.3024285702e+01 	 8.9113455490e-06
10900 	 11175 	 6.3024285701e+01 	 4.9732830720e-06
11000 	 11279 	 6.3024285700e+01 	 9.1316364261e-06
11100 	 11383 	 6.3024285699e+01 	 3.1692714566e-06
11200 	 11486 	 6.3024285697e+01 	 3.0441846166e-06
11300 	 11589 	 6.3024285696e+01 	 3.1780224317e-06
11400 	 11691 	 6.3024285694e+01 	 5.5713862037e-06
11500 	 11794 	 6.3024285692e+01 	 7.9343471863e-06
11600 	 11897 	 6.3024285691e+01 	 3.7228587170e-06
11700 	 11999 	 6.3024285691e+01 	 2.9216603971e-06
11800 	 12102 	 6.3024285690e+01 	 2.2345972948e-06
11900 	 12205 	 6.3024285690e+01 	 5.5952295590e-06
12000 	 12306 	 6.3024285689e+01 	 2.0611998885e-06
12100 	 12408 	 6.3024285689e+01 	 1.5510824251e-06
12200 	 12510 	 6.3024285689e+01 	 1.6689239420e-06
12300 	 12610 	 6.3024285689e+01 	 9.7523593159e-07
12400 	 12712 	 6.3024285688e+01 	 1.5857753755e-06
12500 	 12815 	 6.3024285688e+01 	 1.5365715376e-06
12600 	 12920 	 6.3024285688e+01 	 1.8104109902e-06
12700 	 13021 	 6.3024285688e+01 	 1.0911334652e-06
12800 	 13123 	 6.3024285688e+01 	 1.2817586347e-06
12900 	 13226 	 6.3024285688e+01 	 1.0451765108e-06
13000 	 13328 	 6.3024285688e+01 	 1.2885799084e-06
13100 	 13430 	 6.3024285688e+01 	 1.0882202792e-06
13200 	 13531 	 6.3024285687e+01 	 1.4055979878e-06
13300 	 13632 	 6.3024285687e+01 	 2.7939396170e-06
13400 	 13734 	 6.3024285687e+01 	 1.4033476094e-06
13500 	 13835 	 6.3024285687e+01 	 1.2558976481e-06
13600 	 13938 	 6.3024285687e+01 	 1.1392524523e-06
13700 	 14041 	 6.3024285687e+01 	 1.5331980192e-06
13800 	 14146 	 6.3024285687e+01 	 1.1333441134e-06
13900 	 14251 	 6.3024285687e+01 	 5.0489310763e-07
14000 	 14352 	 6.3024285687e+01 	 1.2227546300e-06
14100 	 14455 	 6.3024285687e+01 	 5.9936566656e-07
14200 	 14563 	 6.3024285687e+01 	 5.0343640842e-07
14300 	 14673 	 6.3024285687e+01 	 4.7050369714e-07
14400 	 14784 	 6.3024285687e+01 	 2.6263434194e-07
14500 	 14901 	 6.3024285687e+01 	 8.3731177922e-07
14600 	 15018 	 6.3024285687e+01 	 3.8284633856e-07
14700 	 15131 	 6.3024285687e+01 	 3.8123477523e-07
14800 	 15249 	 6.3024285687e+01 	 4.3322458385e-07
14900 	 15357 	 6.3024285687e+01 	 9.8290947119e-07
15000 	 15468 	 6.3024285687e+01 	 3.7202998490e-07
15100 	 15576 	 6.3024285687e+01 	 4.8610659601e-07
15200 	 15684 	 6.3024285687e+01 	 4.4554093805e-07
15300 	 15800 	 6.3024285687e+01 	 3.3986734030e-07
# ---- 
 1 		 15314 	 15832 		 6.8173843540e+01 	 6.3024285687e+01 	 2.2089838081e-07
# ---- 
100 	 107 	 6.3010307656e+01 	 6.9418221291e-02
200 	 208 	 6.2901469924e+01 	 2.5477426679e-02
300 	 311 	 6.2879490101e+01 	 3.3745358779e-02
400 	 411 	 6.2872125789e+01 	 1.2588000614e-02
500 	 512 	 6.2869456353e+01 	 6.5621060937e-03
600 	 615 	 6.2868268606e+01 	 3.4274866430e-03
700 	 717 	 6.2867534773e+01 	 3.4397348977e-03
800 	 820 	 6.2866863425e+01 	 2.9004053353e-03
900 	 923 	 6.2866316109e+01 	 2.1451471359e-03
1000 	 1025 	 6.2866068754e+01 	 1.1549023415e-03
1100 	 1128 	 6.2865940015e+01 	 1.3676718686e-03
1200 	 1230 	 6.2865857493e+01 	 8.5142202145e-04
1300 	 1334 	 6.2865803067e+01 	 7.6186035235e-04
1400 	 1435 	 6.2865756841e+01 	 1.2645925355e-03
1500 	 1539 	 6.2865732373e+01 	 7.1672188724e-04
1600 	 1641 	 6.2865713459e+01 	 5.1662636313e-04
1700 	 1744 	 6.2865697996e+01 	 5.3787996017e-04
1800 	 1845 	 6.2865684972e+01 	 4.9524344821e-04
1900 	 1948 	 6.2865675712e+01 	 9.4584860255e-04
2000 	 2050 	 6.2865666286e+01 	 4.2947673894e-04
2100 	 2153 	 6.2865649663e+01 	 4.1749115319e-04
2200 	 2255 	 6.2865632758e+01 	 3.7568568825e-04
2300 	 2359 	 6.2865616367e+01 	 6.0092840368e-04
2400 	 2460 	 6.2865601738e+01 	 5.5128775306e-04
2500 	 2562 	 6.2865585824e+01 	 6.2738076318e-04
2600 	 2665 	 6.2865572651e+01 	 1.1847002788e-03
2700 	 2769 	 6.2865555584e+01 	 4.5842444589e-04
2800 	 2872 	 6.2865537854e+01 	 4.9105077777e-04
2900 	 2975 	 6.2865518019e+01 	 7.7634331738e-04
3000 	 3077 	 6.2865505072e+01 	 3.9980696275e-04
3100 	 3179 	 6.2865499471e+01 	 2.3613953828e-04
3200 	 3281 	 6.2865494939e+01 	 2.6324037476e-04
3300 	 3384 	 6.2865490885e+01 	 2.6963964272e-04
3400 	 3489 	 6.2865485485e+01 	 3.5044918417e-04
3500 	 3592 	 6.2865479657e+01 	 3.6485669355e-04
3600 	 3694 	 6.2865473623e+01 	 2.9197603458e-04
3700 	 3796 	 6.2865469092e+01 	 2.3443616506e-04
3800 	 3897 	 6.2865466141e+01 	 1.7053636573e-04
3900 	 3999 	 6.2865464353e+01 	 2.9775297126e-04
4000 	 4100 	 6.2865462737e+01 	 1.1818853855e-04
4100 	 4204 	 6.2865461559e+01 	 2.4939360590e-04
4200 	 4306 	 6.2865460037e+01 	 1.9690783403e-04
4300 	 4410 	 6.2865458450e+01 	 2.0479098507e-04
4400 	 4512 	 6.2865456273e+01 	 1.9166081949e-04
4500 	 4615 	 6.2865453714e+01 	 2.1547243579e-04
4600 	 4717 	 6.2865450689e+01 	 2.1320460037e-04
4700 	 4819 	 6.2865447599e+01 	 1.6781903967e-04
4800 	 4921 	 6.2865445157e+01 	 4.3708926533e-04
4900 	 5023 	 6.2865442386e+01 	 2.6571264059e-04
5000 	 5125 	 6.2865439868e+01 	 1.7638511610e-04
5100 	 5228 	 6.2865437836e+01 	 1.8737852161e-04
5200 	 5330 	 6.2865436262e+01 	 4.4993996566e-04
5300 	 5433 	 6.2865434438e+01 	 1.5706268750e-04
5400 	 5535 	 6.2865432660e+01 	 1.5162934262e-04
5500 	 5637 	 6.2865431397e+01 	 1.6672770713e-04
5600 	 5741 	 6.2865429902e+01 	 1.2065244053e-04
5700 	 5845 	 6.2865428427e+01 	 1.1980895942e-04
5800 	 5946 	 6.2865427226e+01 	 1.3917760977e-04
5900 	 6049 	 6.2865426286e+01 	 1.5372159244e-04
6000 	 6152 	 6.2865425718e+01 	 5.6639153958e-05
6100 	 6256 	 6.2865425204e+01 	 1.3837567152e-04
6200 	 6359 	 6.2865424724e+01 	 7.5026041306e-05
6300 	 6460 	 6.2865424170e+01 	 8.5248016669e-05
6400 	 6563 	 6.2865423709e+01 	 6.7619041709e-05
6500 	 6665 	 6.2865423368e+01 	 6.6127372095e-05
6600 	 6767 	 6.2865423155e+01 	 5.4777512738e-05
6700 	 6870 	 6.2865423018e+01 	 3.9407120138e-05
6800 	 6973 	 6.2865422890e+01 	 3.2594957081e-05
6900 	 7074 	 6.2865422797e+01 	 2.4752441126e-05
7000 	 7178 	 6.2865422750e+01 	 2.0738342374e-05
7100 	 7282 	 6.2865422715e+01 	 1.7726368181e-05
7200 	 7388 	 6.2865422685e+01 	 1.8255348558e-05
7300 	 7493 	 6.2865422640e+01 	 3.7504850016e-05
7400 	 7596 	 6.2865422591e+01 	 3.4916085726e-05
7500 	 7697 	 6.2865422516e+01 	 7.3745040259e-05
7600 	 7798 	 6.2865422436e+01 	 2.9724597344e-05
7700 	 7899 	 6.2865422349e+01 	 3.5068289961e-05
7800 	 8001 	 6.2865422277e+01 	 2.6770366221e-05
7900 	 8105 	 6.2865422226e+01 	 2.4861533295e-05
8000 	 8208 	 6.2865422184e+01 	 2.2386000867e-05
8100 	 8312 	 6.2865422131e+01 	 2.9435974543e-05
8200 	 8413 	 6.2865422075e+01 	 6.2690588022e-05
8300 	 8514 	 6.2865422022e+01 	 2.3658551649e-05
8400 	 8617 	 6.2865421982e+01 	 3.9813170872e-05
8500 	 8721 	 6.2865421951e+01 	 5.1913844575e-05
8600 	 8824 	 6.2865421921e+01 	 4.3205948562e-05
8700 	 8926 	 6.2865421886e+01 	 2.1468980853e-05
8800 	 9028 	 6.2865421855e+01 	 2.7763503639e-05
8900 	 9131 	 6.2865421821e+01 	 7.1503116607e-05
9000 	 9233 	 6.2865421793e+01 	 1.2093028848e-05
9100 	 9334 	 6.2865421772e+01 	 1.3910374789e-05
9200 	 9437 	 6.2865421747e+01 	 1.6395546693e-05
9300 	 9538 	 6.2865421728e+01 	 1.1793131430e-05
9400 	 9642 	 6.2865421714e+01 	 1.6656186939e-05
9500 	 9746 	 6.2865421708e+01 	 7.2833881915e-06
9600 	 9849 	 6.2865421704e+01 	 6.2787969399e-06
9700 	 9951 	 6.2865421701e+01 	 6.7258775449e-06
9800 	 10054 	 6.2865421697e+01 	 5.7370591295e-06
9900 	 10158 	 6.2865421694e+01 	 6.9309538248e-06
10000 	 10259 	 6.2865421690e+01 	 6.3381494054e-06
10100 	 10361 	 6.2865421686e+01 	 5.5316238063e-06
10200 	 10463 	 6.2865421683e+01 	 4.9536669034e-06
10300 	 10565 	 6.2865421678e+01 	 8.3607133270e-06
10400 	 10668 	 6.2865421673e+01 	 6.9868987879e-06
10500 	 10770 	 6.2865421667e+01 	 6.8630858258e-06
10600 	 10871 	 6.2865421661e+01 	 6.6280950226e-06
10700 	 10975 	 6.2865421656e+01 	 6.0417136490e-06
10800 	 11077 	 6.2865421653e+01 	 5.6212799594e-06
10900 	 11182 	 6.2865421651e+01 	 5.0133393058e-06
11000 	 11284 	 6.2865421648e+01 	 4.8682611336e-06
11100 	 11386 	 6.2865421646e+01 	 6.8528031663e-06
11200 	 11490 	 6.2865421644e+01 	 2.6657826490e-06
11300 	 11591 	 6.2865421643e+01 	 5.0695101735e-06
11400 	 11694 	 6.2865421642e+01 	 2.9873578830e-06
11500 	 11796 	 6.2865421641e+01 	 2.6800567442e-06
11600 	 11897 	 6.2865421641e+01 	 4.4138830935e-06
11700 	 12000 	 6.2865421640e+01 	 3.2552440590e-06
11800 	 12103 	 6.2865421639e+01 	 2.6914581228e-06
11900 	 12206 	 6.2865421638e+01 	 5.7755943206e-06
12000 	 12309 	 6.2865421637e+01 	 3.6332931600e-06
12100 	 12412 	 6.2865421636e+01 	 6.3678998590e-06
12200 	 12514 	 6.2865421634e+01 	 3.0516848197e-06
12300 	 12618 	 6.2865421633e+01 	 3.9337407160e-06
12400 	 12721 	 6.2865421633e+01 	 3.6379008964e-06
12500 	 12823 	 6.2865421632e+01 	 3.1191559871e-06
12600 	 12927 	 6.2865421632e+01 	 4.0553632622e-06
12700 	 13031 	 6.2865421631e+01 	 2.2425419678e-06
12800 	 13133 	 6.2865421630e+01 	 2.5924090393e-06
12900 	 13235 	 6.2865421630e+01 	 3.9344856908e-06
13000 	 13338 	 6.2865421630e+01 	 2.6802000987e-06
13100 	 13440 	 6.2865421629e+01 	 1.2877105090e-06
13200 	 13542 	 6.2865421629e+01 	 2.5813357636e-06
13300 	 13643 	 6.2865421629e+01 	 8.1563967825e-07
13400 	 13747 	 6.2865421629e+01 	 9.5281670243e-07
13500 	 13851 	 6.2865421629e+01 	 1.8151027799e-06
13600 	 13955 	 6.2865421629e+01 	 1.4052999378e-06
13700 	 14055 	 6.2865421629e+01 	 5.8293244759e-07
13800 	 14159 	 6.2865421629e+01 	 6.8892872892e-07
13900 	 14264 	 6.2865421629e+01 	 1.0737031815e-06
14000 	 14364 	 6.2865421629e+01 	 9.3527789660e-07
14100 	 14468 	 6.2865421629e+01 	 6.3930838851e-07
14200 	 14573 	 6.2865421629e+01 	 6.8057734338e-07
14300 	 14677 	 6.2865421628e+01 	 1.2450319122e-06
14400 	 14780 	 6.2865421628e+01 	 1.8076808013e-06
14500 	 14883 	 6.2865421628e+01 	 7.0923498042e-07
14600 	 14987 	 6.2865421628e+01 	 1.1751919516e-06
14700 	 15095 	 6.2865421628e+01 	 5.6114006503e-07
14800 	 15202 	 6.2865421628e+01 	 5.0689001502e-07
14900 	 15313 	 6.2865421628e+01 	 3.5714131129e-07
15000 	 15421 	 6.2865421628e+01 	 4.2222504799e-07
15100 	 15537 	 6.2865421628e+01 	 4.8541006308e-07
15200 	 15645 	 6.2865421628e+01 	 4.7957061395e-07
15300 	 15752 	 6.2865421628e+01 	 4.1039484366e-07
# ---- 
 1 		 15349 	 15816 		 6.8070938208e+01 	 6.2865421628e+01 	 8.3974456609e-07
# ---- 
100 	 103 	 6.2862636199e+01 	 9.0001046896e-02
200 	 205 	 6.2758819013e+01 	 4.8514821895e-02
300 	 305 	 6.2738465490e+01 	 1.2586070570e-02
400 	 408 	 6.2731584371e+01 	 8.7492427677e-03
500 	 509 	 6.2728842664e+01 	 5.7359771238e-03
600 	 612 	 6.2727580554e+01 	 4.4152051773e-03
700 	 713 	 6.2726790404e+01 	 3.2713650385e-03
800 	 813 	 6.2726128114e+01 	 6.9966339822e-03
900 	 915 	 6.2725617369e+01 	 2.2653392366e-03
1000 	 1018 	 6.2725349993e+01 	 3.3033962807e-03
1100 	 1121 	 6.2725231343e+01 	 1.5487326741e-03
1200 	 1222 	 6.2725147981e+01 	 1.1151613254e-03
1300 	 1323 	 6.2725091574e+01 	 1.2099409375e-03
1400 	 1426 	 6.2725058609e+01 	 8.7230156108e-04
1500 	 1528 	 6.2725039629e+01 	 4.4430585513e-04
1600 	 1629 	 6.2725025243e+01 	 1.1186644990e-03
1700 	 1729 	 6.2725010717e+01 	 3.0759337883e-04
1800 	 1831 	 6.2724999321e+01 	 3.2411924700e-04
1900 	 1935 	 6.2724990326e+01 	 2.3896008142e-04
2000 	 2038 	 6.2724982465e+01 	 3.5697798772e-04
2100 	 2138 	 6.2724972217e+01 	 3.9774836962e-04
2200 	 2242 	 6.2724960361e+01 	 4.5336485255e-04
2300 	 2343 	 6.2724948528e+01 	 4.9162091587e-04
2400 	 2448 	 6.2724938028e+01 	 3.2707371990e-04
2500 	 2551 	 6.2724922030e+01 	 4.4333823753e-04
2600 	 2653 	 6.2724908417e+01 	 4.0879451471e-04
2700 	 2755 	 6.2724893181e+01 	 1.1647053771e-03
2800 	 2858 	 6.2724876969e+01 	 4.3557953670e-04
2900 	 2962 	 6.2724856735e+01 	 7.8815787519e-04
3000 	 3067 	 6.2724842629e+01 	 4.3321215805e-04
3100 	 3169 	 6.2724835478e+01 	 5.6182670371e-04
3200 	 3272 	 6.2724830412e+01 	 3.5036374543e-04
3300 	 3376 	 6.2724826314e+01 	 2.3135056631e-04
3400 	 3478 	 6.2724821304e+01 	 2.3299735810e-04
3500 	 3583 	 6.2724816039e+01 	 4.2248816983e-04
3600 	 3685 	 6.2724810183e+01 	 2.6182729495e-04
3700 	 3786 	 6.2724805776e+01 	 2.3183739095e-04
3800 	 3888 	 6.2724801671e+01 	 1.9981732131e-04
3900 	 3990 	 6.2724798531e+01 	 1.7844688804e-04
4000 	 4093 	 6.2724795789e+01 	 1.8554094045e-04
4100 	 4194 	 6.2724793033e+01 	 3.0883312280e-04
4200 	 4297 	 6.2724790841e+01 	 2.4017401552e-04
4300 	 4400 	 6.2724788896e+01 	 2.0833024479e-04
4400 	 4502 	 6.2724786815e+01 	 1.5932993577e-04
4500 	 4607 	 6.2724784279e+01 	 2.5433256801e-04
4600 	 4709 	 6.2724781841e+01 	 1.6512531409e-04
4700 	 4812 	 6.2724779271e+01 	 1.9169116520e-04
4800 	 4916 	 6.2724777106e+01 	 1.9300032664e-04
4900 	 5017 	 6.2724775251e+01 	 3.0482626957e-04
5000 	 5119 	 6.2724773553e+01 	 1.5448506494e-04
5100 	 5222 	 6.2724771691e+01 	 1.8457545305e-04
5200 	 5325 	 6.2724769943e+01 	 1.1766214641e-04
5300 	 5429 	 6.2724768450e+01 	 2.0759421531e-04
5400 	 5532 	 6.2724767235e+01 	 1.2809326316e-04
5500 	 5634 	 6.2724766017e+01 	 1.4791163422e-04
5600 	 5736 	 6.2724764779e+01 	 2.2228375966e-04
5700 	 5839 	 6.2724763457e+01 	 1.4612149636e-04
5800 	 5945 	 6.2724762127e+01 	 3.4184519590e-04
5900 	 6047 	 6.2724760892e+01 	 1.3126520132e-04
6000 	 6148 	 6.2724760048e+01 	 6.4726500984e-05
6100 	 6252 	 6.2724759439e+01 	 8.4909507197e-05
6200 	 6353 	 6.2724758904e+01 	 7.8200932983e-05
6300 	 6456 	 6.2724758417e+01 	 1.0842012563e-04
6400 	 6560 	 6.2724757837e+01 	 7.8150731052e-05
6500 	 6662 	 6.2724757352e+01 	 8.1296020473e-05
6600 	 6764 	 6.2724756999e+01 	 8.1058136505e-05
6700 	 6867 	 6.2724756753e+01 	 5.8174022208e-05
6800 	 6968 	 6.2724756596e+01 	 3.5474246901e-05
6900 	 7069 	 6.2724756482e+01 	 4.0050388599e-05
7000 	 7171 	 6.2724756381e+01 	 3.1053069173e-05
7100 	 7276 	 6.2724756328e+01 	 2.2982700249e-05
7200 	 7378 	 6.2724756291e+01 	 4.0027921160e-05
7300 	 7479 	 6.2724756260e+01 	 2.8360753716e-05
7400 	 7580 	 6.2724756238e+01 	 1.6913832542e-05
7500 	 7683 	 6.2724756224e+01 	 9.7638703464e-06
7600 	 7785 	 6.2724756215e+01 	 9.2819651741e-06
7700 	 7888 	 6.2724756205e+01 	 1.0783185818e-05
7800 	 7990 	 6.2724756194e+01 	 1.5080058110e-05
7900 	 8093 	 6.2724756181e+01 	 1.4021957190e-05
8000 	 8195 	 6.2724756166e+01 	 2.3700575984e-05
8100 	 8297 	 6.2724756145e+01 	 3.4537451516e-05
8200 	 8399 	 6.2724756121e+01 	 1.2707919739e-05
8300 	 8500 	 6.2724756102e+01 	 3.1350029214e-05
8400 	 8602 	 6.2724756082e+01 	 1.7511552069e-05
8500 	 8703 	 6.2724756062e+01 	 1.1568079762e-05
8600 	 8806 	 6.2724756049e+01 	 1.7870799079e-05
8700 	 8910 	 6.2724756039e+01 	 8.9624862859e-06
8800 	 9012 	 6.2724756029e+01 	 1.3296248032e-05
8900 	 9114 	 6.2724756018e+01 	 1.7922270644e-05
9000 	 9217 	 6.2724756011e+01 	 1.5764277962e-05
9100 	 9321 	 6.2724756006e+01 	 9.5445066372e-06
9200 	 9424 	 6.2724756002e+01 	 7.7149252798e-06
9300 	 9528 	 6.2724755998e+01 	 5.0300895115e-06
9400 	 9629 	 6.2724755996e+01 	 6.2413225403e-06
9500 	 9731 	 6.2724755994e+01 	 4.6184547839e-06
9600 	 9834 	 6.2724755992e+01 	 5.0256042378e-06
9700 	 9935 	 6.2724755990e+01 	 7.4323152527e-06
9800 	 10037 	 6.2724755987e+01 	 6.8015488176e-06
9900 	 10143 	 6.2724755984e+01 	 8.1877308964e-06
10000 	 10243 	 6.2724755980e+01 	 6.2985019536e-06
10100 	 10345 	 6.2724755978e+01 	 1.2798963341e-05
10200 	 10447 	 6.2724755977e+01 	 4.9738456309e-06
10300 	 10547 	 6.2724755974e+01 	 5.6618932318e-06
10400 	 10648 	 6.2724755972e+01 	 5.1815982909e-06
10500 	 10750 	 6.2724755969e+01 	 5.6896855957e-06
10600 	 10851 	 6.2724755966e+01 	 6.2699450139e-06
10700 	 10953 	 6.2724755963e+01 	 6.4376555458e-06
10800 	 11055 	 6.2724755961e+01 	 5.8325175916e-06
10900 	 11157 	 6.2724755959e+01 	 4.9184545521e-06
11000 	 11260 	 6.2724755957e+01 	 4.5498836993e-06
11100 	 11364 	 6.2724755955e+01 	 3.0610460219e-06
11200 	 11467 	 6.2724755954e+01 	 4.7830459029e-06
11300 	 11568 	 6.2724755953e+01 	 4.0402490040e-06
11400 	 11672 	 6.2724755952e+01 	 2.0716673859e-06
11500 	 11776 	 6.2724755951e+01 	 6.5559080100e-06
11600 	 11878 	 6.2724755951e+01 	 3.1078673200e-06
11700 	 11980 	 6.2724755950e+01 	 2.0040309415e-06
11800 	 12085 	 6.2724755950e+01 	 1.9411072718e-06
11900 	 12187 	 6.2724755950e+01 	 4.5539128585e-06
12000 	 12290 	 6.2724755949e+01 	 1.7988797632e-06
12100 	 12392 	 6.2724755949e+01 	 4.1061050070e-06
12200 	 12497 	 6.2724755949e+01 	 1.3849900747e-06
12300 	 12600 	 6.2724755949e+01 	 1.2171996361e-06
12400 	 12703 	 6.2724755949e+01 	 1.5482081202e-06
12500 	 12808 	 6.2724755949e+01 	 1.1821886218e-06
12600 	 12910 	 6.2724755949e+01 	 2.6276710834e-06
12700 	 13012 	 6.2724755948e+01 	 1.0324926253e-06
12800 	 13116 	 6.2724755948e+01 	 7.9736138419e-07
12900 	 13220 	 6.2724755948e+01 	 8.8335877245e-07
13000 	 13325 	 6.2724755948e+01 	 6.0718620101e-07
13100 	 13428 	 6.2724755948e+01 	 1.0775768292e-06
13200 	 13529 	 6.2724755948e+01 	 2.2257899116e-06
13300 	 13633 	 6.2724755948e+01 	 8.7915498486e-07
13400 	 13737 	 6.2724755948e+01 	 1.1190740752e-06
13500 	 13839 	 6.2724755948e+01 	 8.4355573167e-07
13600 	 13943 	 6.2724755948e+01 	 6.8301389938e-07
13700 	 14047 	 6.2724755948e+01 	 7.2237888759e-07
13800 	 14150 	 6.2724755948e+01 	 1.5735885009e-06
13900 	 14252 	 6.2724755948e+01 	 6.3029936029e-07
14000 	 14356 	 6.2724755948e+01 	 1.0345853682e-06
14100 	 14461 	 6.2724755947e+01 	 8.2883487440e-07
14200 	 14569 	 6.2724755947e+01 	 6.8573401091e-07
14300 	 14676 	 6.2724755947e+01 	 9.0942045837e-07
14400 	 14785 	 6.2724755947e+01 	 3.7439417156e-07
14500 	 14902 	 6.2724755947e+01 	 1.1623153236e-06
14600 	 15014 	 6.2724755947e+01 	 3.7647339348e-07
14700 	 15129 	 6.2724755947e+01 	 3.7054381250e-07
14800 	 15241 	 6.2724755947e+01 	 2.9348346072e-07
14900 	 15353 	 6.2724755947e+01 	 1.6811811057e-07
# ---- 
 1 		 14948 	 15426 		 6.8019148461e+01 	 6.2724755947e+01 	 3.4883083490e-07
# ---- 
100 	 102 	 6.2570451656e-01 	 4.5446065854e-02
200 	 204 	 5.9619697374e-01 	 1.2669627568e-02
300 	 305 	 5.9040229209e-01 	 6.5675472129e-03
400 	 407 	 5.8803380180e-01 	 1.2168033959e-02
500 	 511 	 5.8704193172e-01 	 3.0476803945e-03
600 	 612 	 5.8663374364e-01 	 1.9270515347e-03
700 	 716 	 5.8652593522e-01 	 1.0196814096e-03
800 	 818 	 5.8649862348e-01 	 5.0837223921e-04
900 	 921 	 5.8648476167e-01 	 4.3177345325e-04
1000 	 1022 	 5.8647587149e-01 	 4.0477806677e-04
1100 	 1126 	 5.8646878294e-01 	 4.4949411596e-04
1200 	 1226 	 5.8646253168e-01 	 2.3964085052e-04
1300 	 1328 	 5.8645553030e-01 	 2.4401216052e-04
1400 	 1430 	 5.8644905775e-01 	 2.8669317041e-04
1500 	 1530 	 5.8644548698e-01 	 1.2735370814e-04
1600 	 1631 	 5.8644293545e-01 	 1.6231670881e-04
1700 	 1735 	 5.8643954725e-01 	 1.9923894603e-04
1800 	 1838 	 5.8643610273e-01 	 1.7271824557e-04
1900 	 1941 	 5.8643324574e-01 	 2.7074005392e-04
2000 	 2044 	 5.8643119792e-01 	 1.1514800236e-04
2100 	 2148 	 5.8642968795e-01 	 2.8482288981e-04
2200 	 2252 	 5.8642834081e-01 	 9.4810392255e-05
2300 	 2355 	 5.8642705459e-01 	 2.5252691324e-04
2400 	 2456 	 5.8642602788e-01 	 1.3194287438e-04
2500 	 2558 	 5.8642503596e-01 	 1.5737979288e-04
2600 	 2661 	 5.8642397116e-01 	 1.2421189855e-04
2700 	 2763 	 5.8642287287e-01 	 1.2584006825e-04
2800 	 2867 	 5.8642178794e-01 	 1.8836857037e-04
2900 	 2971 	 5.8642081773e-01 	 1.8203433299e-04
3000 	 3071 	 5.8641999918e-01 	 1.1594006027e-04
3100 	 3172 	 5.8641922787e-01 	 7.8756832885e-05
3200 	 3276 	 5.8641848958e-01 	 7.1398335630e-05
3300 	 3378 	 5.8641784149e-01 	 7.0066857086e-05
3400 	 3480 	 5.8641724200e-01 	 9.1841900923e-05
3500 	 3583 	 5.8641669982e-01 	 7.0045104506e-05
3600 	 3687 	 5.8641626028e-01 	 5.9049243861e-05
3700 	 3791 	 5.8641580227e-01 	 7.3561017753e-05
3800 	 3894 	 5.8641544124e-01 	 9.0509189405e-05
3900 	 4000 	 5.8641510743e-01 	 4.5523255867e-05
4000 	 4105 	 5.8641485882e-01 	 8.9477788981e-05
4100 	 4207 	 5.8641461685e-01 	 7.5443880672e-05
4200 	 4308 	 5.8641438976e-01 	 7.9655497704e-05
4300 	 4412 	 5.8641424211e-01 	 6.2272712810e-05
4400 	 4515 	 5.8641411241e-01 	 5.9160364394e-05
4500 	 4617 	 5.8641395135e-01 	 4.7752386601e-05
4600 	 4717 	 5.8641365773e-01 	 5.0313982288e-05
4700 	 4819 	 5.8641335274e-01 	 4.9600270592e-05
4800 	 4921 	 5.8641307674e-01 	 4.9234612668e-05
4900 	 5025 	 5.8641287926e-01 	 5.0330454831e-05
5000 	 5128 	 5.8641270689e-01 	 4.4994157428e-05
5100 	 5229 	 5.8641259866e-01 	 2.6152598349e-05
5200 	 5333 	 5.8641251427e-01 	 4.5096098579e-05
5300 	 5434 	 5.8641244160e-01 	 3.4672753511e-05
5400 	 5537 	 5.8641237822e-01 	 3.0371209749e-05
5500 	 5642 	 5.8641232854e-01 	 1.9177651848e-05
5600 	 5746 	 5.8641228506e-01 	 2.8929956232e-05
5700 	 5848 	 5.8641221917e-01 	 3.8742084196e-05
5800 	 5953 	 5.8641216064e-01 	 2.4590107939e-05
5900 	 6057 	 5.8641209946e-01 	 2.1666708152e-05
6000 	 6160 	 5.8641203704e-01 	 3.0292157296e-05
6100 	 6261 	 5.8641197296e-01 	 2.7541300485e-05
6200 	 6363 	 5.8641192347e-01 	 2.2437256189e-05
6300 	 6468 	 5.8641188577e-01 	 6.6488513652e-05
6400 	 6572 	 5.8641183683e-01 	 2.0060280121e-05
6500 	 6677 	 5.8641179770e-01 	 2.4683860752e-05
6600 	 6780 	 5.8641176742e-01 	 1.8240676125e-05
6700 	 6883 	 5.8641174003e-01 	 4.8867855771e-05
6800 	 6984 	 5.8641170858e-01 	 2.2413812225e-05
6900 	 7086 	 5.8641166314e-01 	 2.4718556089e-05
7000 	 7189 	 5.8641162584e-01 	 2.0726920927e-05
7100 	 7291 	 5.8641159334e-01 	 2.9379915307e-05
7200 	 7394 	 5.8641156875e-01 	 2.6664970354e-05
7300 	 7494 	 5.8641155173e-01 	 8.4639338574e-06
7400 	 7596 	 5.8641154125e-01 	 1.1165119156e-05
7500 	 7699 	 5.8641153225e-01 	 9.8242615899e-06
7600 	 7801 	 5.8641152372e-01 	 1.2772512051e-05
7700 	 7906 	 5.8641151531e-01 	 1.7929468973e-05
7800 	 8010 	 5.8641150629e-01 	 1.1609755766e-05
7900 	 8112 	 5.8641149600e-01 	 1.2499084526e-05
8000 	 8215 	 5.8641148600e-01 	 2.0744508686e-05
8100 	 8317 	 5.8641147423e-01 	 1.4035677655e-05
8200 	 8418 	 5.8641146230e-01 	 1.0516628244e-05
8300 	 8521 	 5.8641145269e-01 	 1.0521957718e-05
8400 	 8623 	 5.8641144170e-01 	 1.3719312228e-05
8500 	 8725 	 5.8641142986e-01 	 1.1244184950e-05
8600 	 8828 	 5.8641142028e-01 	 7.0043124818e-06
8700 	 8933 	 5.8641141315e-01 	 1.1220434835e-05
8800 	 9036 	 5.8641140841e-01 	 5.0047610350e-06
8900 	 9139 	 5.8641140320e-01 	 1.1815586633e-05
9000 	 9242 	 5.8641139665e-01 	 1.3443077927e-05
9100 	 9344 	 5.8641138681e-01 	 9.9186721899e-06
9200 	 9445 	 5.8641137808e-01 	 7.3117431621e-06
9300 	 9548 	 5.8641136753e-01 	 2.4769618108e-05
9400 	 9648 	 5.8641135360e-01 	 8.8255670472e-06
9500 	 9752 	 5.8641134203e-01 	 1.6270735366e-05
9600 	 9854 	 5.8641133240e-01 	 1.8729473692e-05
9700 	 9955 	 5.8641132287e-01 	 1.1077245549e-05
9800 	 10058 	 5.8641131502e-01 	 9.6734802840e-06
9900 	 10163 	 5.8641130906e-01 	 7.9000107112e-06
10000 	 10264 	 5.8641130486e-01 	 6.7747325938e-06
10100 	 10365 	 5.8641129960e-01 	 7.3127192875e-06
10200 	 10468 	 5.8641129576e-01 	 6.2480912105e-06
10300 	 10572 	 5.8641129183e-01 	 6.5182889260e-06
10400 	 10675 	 5.8641128663e-01 	 7.0323520456e-06
10500 	 10778 	 5.8641128088e-01 	 6.5243186947e-06
10600 	 10879 	 5.8641127618e-01 	 6.8724672544e-06
10700 	 10982 	 5.8641127218e-01 	 5.9585439893e-06
10800 	 11083 	 5.8641126910e-01 	 7.1540553768e-06
10900 	 11184 	 5.8641126584e-01 	 1.5314630661e-05
11000 	 11286 	 5.8641126306e-01 	 4.8393000233e-06
11100 	 11388 	 5.8641126031e-01 	 6.0010490578e-06
11200 	 11490 	 5.8641125747e-01 	 5.4848260502e-06
11300 	 11592 	 5.8641125489e-01 	 4.9367475473e-06
11400 	 11694 	 5.8641125341e-01 	 3.5715716575e-06
11500 	 11798 	 5.8641125173e-01 	 3.4143688833e-06
11600 	 11900 	 5.8641125009e-01 	 4.3194310757e-06
11700 	 12002 	 5.8641124850e-01 	 3.8910142154e-06
11800 	 12105 	 5.8641124684e-01 	 5.4949864951e-06
11900 	 12208 	 5.8641124463e-01 	 5.4034283238e-06
12000 	 12312 	 5.8641124258e-01 	 4.6045748259e-06
12100 	 12413 	 5.8641124058e-01 	 9.7470191935e-06
12200 	 12518 	 5.8641123859e-01 	 8.5865588286e-06
12300 	 12622 	 5.8641123709e-01 	 3.3359840879e-06
12400 	 12724 	 5.8641123569e-01 	 3.6596210325e-06
12500 	 12828 	 5.8641123462e-01 	 6.6812645201e-06
12600 	 12929 	 5.8641123377e-01 	 4.6905711056e-06
12700 	 13029 	 5.8641123289e-01 	 3.0698979786e-06
12800 	 13130 	 5.8641123187e-01 	 3.0513028849e-06
12900 	 13232 	 5.8641123079e-01 	 1.0839763962e-05
13000 	 13332 	 5.8641122958e-01 	 3.7563936234e-06
13100 	 13433 	 5.8641122847e-01 	 7.7990149463e-06
13200 	 13533 	 5.8641122755e-01 	 5.5528965046e-06
13300 	 13636 	 5.8641122675e-01 	 2.4708110403e-06
13400 	 13739 	 5.8641122602e-01 	 3.0793376858e-06
13500 	 13845 	 5.8641122536e-01 	 2.4086739482e-06
13600 	 13947 	 5.8641122474e-01 	 2.4095100729e-06
13700 	 14049 	 5.8641122424e-01 	 4.0684603713e-06
13800 	 14153 	 5.8641122376e-01 	 1.9938076526e-06
13900 	 14256 	 5.8641122333e-01 	 2.8497534936e-06
14000 	 14358 	 5.8641122294e-01 	 2.5365580650e-06
14100 	 14460 	 5.8641122263e-01 	 1.4769510372e-06
14200 	 14564 	 5.8641122241e-01 	 2.2204011618e-06
14300 	 14666 	 5.8641122226e-01 	 1.4564746257e-06
14400 	 14771 	 5.8641122209e-01 	 1.4295701598e-06
14500 	 14876 	 5.8641122190e-01 	 1.4927080035e-06
14600 	 14978 	 5.8641122165e-01 	 3.3382541282e-06
14700 	 15079 	 5.8641122129e-01 	 1.8198065959e-06
14800 	 15180 	 5.8641122103e-01 	 1.5182130013e-06
14900 	 15281 	 5.8641122071e-01 	 2.7990363474e-06
15000 	 15383 	 5.8641122019e-01 	 5.0791916007e-06
15100 	 15486 	 5.8641121967e-01 	 2.9247742393e-06
15200 	 15589 	 5.8641121908e-01 	 2.4347675005e-06
15300 	 15692 	 5.8641121838e-01 	 3.7503765934e-06
15400 	 15794 	 5.8641121762e-01 	 2.8740793488e-06
15500 	 15896 	 5.8641121687e-01 	 2.7641562197e-06
15600 	 16000 	 5.8641121606e-01 	 2.5484608401e-06
15700 	 16102 	 5.8641121548e-01 	 2.5091888718e-06
15800 	 16204 	 5.8641121503e-01 	 2.4639792130e-06
15900 	 16305 	 5.8641121458e-01 	 2.3310098504e-06
16000 	 16408 	 5.8641121415e-01 	 2.0606779453e-06
16100 	 16509 	 5.8641121378e-01 	 4.5171324808e-06
16200 	 16612 	 5.8641121349e-01 	 1.9488987183e-06
16300 	 16715 	 5.8641121325e-01 	 2.4833090248e-06
16400 	 16815 	 5.8641121305e-01 	 3.7792744680e-06
16500 	 16920 	 5.8641121289e-01 	 1.6360107035e-06
16600 	 17021 	 5.8641121274e-01 	 1.0464459709e-06
16700 	 17124 	 5.8641121261e-01 	 9.0813396066e-07
16800 	 17227 	 5.8641121254e-01 	 2.0411288484e-06
16900 	 17330 	 5.8641121248e-01 	 7.4448967712e-07
17000 	 17432 	 5.8641121243e-01 	 7.3109705395e-07
17100 	 17536 	 5.8641121238e-01 	 5.2872827942e-07
17200 	 17641 	 5.8641121232e-01 	 6.4853820512e-07
17300 	 17745 	 5.8641121226e-01 	 7.0988177861e-07
17400 	 17847 	 5.8641121221e-01 	 1.6621031364e-06
17500 	 17952 	 5.8641121215e-01 	 1.0651861850e-06
17600 	 18054 	 5.8641121210e-01 	 5.8595699909e-07
17700 	 18158 	 5.8641121207e-01 	 4.9412876780e-07
17800 	 18260 	 5.8641121205e-01 	 5.1727576443e-07
17900 	 18362 	 5.8641121202e-01 	 7.0165199192e-07
18000 	 18465 	 5.8641121199e-01 	 6.3480429225e-07
18100 	 18570 	 5.8641121196e-01 	 5.3991761853e-07
18200 	 18674 	 5.8641121192e-01 	 6.2680844881e-07
18300 	 18775 	 5.8641121188e-01 	 7.6871191973e-07
18400 	 18876 	 5.8641121184e-01 	 4.8762819455e-07
18500 	 18981 	 5.8641121181e-01 	 1.5334576205e-06
18600 	 19083 	 5.8641121177e-01 	 6.2180712090e-07
18700 	 19186 	 5.8641121173e-01 	 1.0076206627e-06
18800 	 19289 	 5.8641121170e-01 	 6.7180347673e-07
18900 	 19391 	 5.8641121167e-01 	 6.1162614001e-07
19000 	 19496 	 5.8641121164e-01 	 8.6954477967e-07
19100 	 19599 	 5.8641121160e-01 	 4.6613893931e-07
19200 	 19704 	 5.8641121157e-01 	 7.0948786674e-07
19300 	 19805 	 5.8641121152e-01 	 6.3336813273e-07
19400 	 19909 	 5.8641121147e-01 	 7.5057115983e-07
19500 	 20011 	 5.8641121143e-01 	 6.3469484012e-07
19600 	 20115 	 5.8641121139e-01 	 5.8470320871e-07
19700 	 20220 	 5.8641121135e-01 	 1.6656059024e-06
19800 	 20322 	 5.8641121132e-01 	 5.6967253277e-07
19900 	 20424 	 5.8641121128e-01 	 8.1789124301e-07
20000 	 20525 	 5.8641121125e-01 	 5.3280626528e-07
20100 	 20628 	 5.8641121123e-01 	 4.3901130211e-07
20200 	 20731 	 5.8641121121e-01 	 5.0047949994e-07
20300 	 20832 	 5.8641121119e-01 	 3.3619740674e-07
20400 	 20936 	 5.8641121118e-01 	 6.0276642521e-07
20500 	 21037 	 5.8641121116e-01 	 8.7368277361e-07
20600 	 21139 	 5.8641121115e-01 	 2.5378019333e-07
20700 	 21243 	 5.8641121115e-01 	 2.1711223888e-07
20800 	 21346 	 5.8641121114e-01 	 2.4562448525e-07
20900 	 21449 	 5.8641121114e-01 	 2.4281350636e-07
21000 	 21549 	 5.8641121113e-01 	 2.9611681834e-07
21100 	 21651 	 5.8641121112e-01 	 4.1428568514e-07
21200 	 21753 	 5.8641121111e-01 	 2.6381343469e-07
21300 	 21855 	 5.8641121110e-01 	 2.7932256536e-07
21400 	 21956 	 5.8641121110e-01 	 3.1231862808e-07
21500 	 22057 	 5.8641121109e-01 	 4.3651651618e-07
21600 	 22159 	 5.8641121109e-01 	 2.5711237589e-07
21700 	 22261 	 5.8641121108e-01 	 1.8603226272e-07
21800 	 22363 	 5.8641121107e-01 	 2.6361830840e-07
21900 	 22465 	 5.8641121107e-01 	 2.4250833796e-07
22000 	 22567 	 5.8641121106e-01 	 3.5266995684e-07
22100 	 22668 	 5.8641121105e-01 	 5.7813851269e-07
22200 	 22771 	 5.8641121105e-01 	 2.2588949255e-07
22300 	 22875 	 5.8641121104e-01 	 2.4785966498e-07
22400 	 22978 	 5.8641121104e-01 	 3.1736217594e-07
22500 	 23079 	 5.8641121103e-01 	 2.7255434452e-07
22600 	 23182 	 5.8641121103e-01 	 2.3938536333e-07
22700 	 23286 	 5.8641121102e-01 	 2.2114741787e-07
22800 	 23388 	 5.8641121102e-01 	 2.3744268423e-07
22900 	 23490 	 5.8641121101e-01 	 3.1166937912e-07
23000 	 23593 	 5.8641121101e-01 	 2.4176669276e-07
23100 	 23696 	 5.8641121100e-01 	 2.5091736645e-07
23200 	 23800 	 5.8641121100e-01 	 4.0181517860e-07
23300 	 23903 	 5.8641121099e-01 	 2.1684324204e-07
23400 	 24005 	 5.8641121099e-01 	 2.1803565126e-07
23500 	 24106 	 5.8641121098e-01 	 2.0444809039e-07
23600 	 24209 	 5.8641121098e-01 	 1.1195895130e-07
23700 	 24311 	 5.8641121098e-01 	 1.6545613820e-07
23800 	 24414 	 5.8641121098e-01 	 2.0714914941e-07
23900 	 24517 	 5.8641121098e-01 	 1.4780106912e-07
24000 	 24618 	 5.8641121097e-01 	 1.2082342639e-07
24100 	 24721 	 5.8641121097e-01 	 2.4264606174e-07
24200 	 24822 	 5.8641121097e-01 	 4.3174487421e-07
24300 	 24925 	 5.8641121097e-01 	 1.7568084944e-07
24400 	 25027 	 5.8641121096e-01 	 3.2854995458e-07
24500 	 25130 	 5.8641121096e-01 	 2.3034476379e-07
24600 	 25231 	 5.8641121096e-01 	 2.1402505873e-07
24700 	 25333 	 5.8641121095e-01 	 1.7279186843e-07
24800 	 25436 	 5.8641121095e-01 	 2.0293008955e-07
24900 	 25538 	 5.8641121095e-01 	 1.3853062584e-07
25000 	 25642 	 5.8641121094e-01 	 2.1280937165e-07
25100 	 25746 	 5.8641121094e-01 	 1.1644631924e-07
25200 	 25850 	 5.8641121094e-01 	 1.9193006382e-07
25300 	 25951 	 5.8641121094e-01 	 1.6864984595e-07
25400 	 26054 	 5.8641121094e-01 	 1.2764907298e-07
25500 	 26158 	 5.8641121094e-01 	 1.5557545790e-07
25600 	 26261 	 5.8641121093e-01 	 7.8396982724e-08
25700 	 26365 	 5.8641121093e-01 	 1.2222666945e-07
25800 	 26470 	 5.8641121093e-01 	 8.6753747461e-08
25900 	 26573 	 5.8641121093e-01 	 2.0479692474e-07
26000 	 26677 	 5.8641121093e-01 	 1.4924895534e-07
26100 	 26779 	 5.8641121093e-01 	 2.1026357316e-07
26200 	 26880 	 5.8641121093e-01 	 1.4530720181e-07
26300 	 26984 	 5.8641121093e-01 	 2.1919233294e-07
26400 	 27085 	 5.8641121092e-01 	 1.1999652971e-07
26500 	 27187 	 5.8641121092e-01 	 1.0508582953e-07
26600 	 27289 	 5.8641121092e-01 	 1.4191209885e-07
26700 	 27392 	 5.8641121092e-01 	 1.0406502169e-07
26800 	 27496 	 5.8641121092e-01 	 1.2713430670e-07
26900 	 27600 	 5.8641121092e-01 	 7.3414980849e-08
27000 	 27710 	 5.8641121092e-01 	 9.0636015276e-08
27100 	 27815 	 5.8641121092e-01 	 1.3915052929e-07
27200 	 27919 	 5.8641121092e-01 	 8.6769164439e-08
27300 	 28030 	 5.8641121092e-01 	 6.3168741590e-08
27400 	 28139 	 5.8641121092e-01 	 5.2558755437e-08
27500 	 28254 	 5.8641121092e-01 	 5.0637033163e-08
27600 	 28357 	 5.8641121092e-01 	 1.2087765922e-07
27700 	 28465 	 5.8641121092e-01 	 1.4340720439e-07
27800 	 28573 	 5.8641121091e-01 	 3.7738432082e-08
27900 	 28684 	 5.8641121091e-01 	 5.9206496842e-08
28000 	 28792 	 5.8641121091e-01 	 3.6733324699e-08
28100 	 28904 	 5.8641121091e-01 	 4.4093512053e-08
28200 	 29014 	 5.8641121091e-01 	 6.2133710635e-08
28300 	 29126 	 5.8641121091e-01 	 6.1195348368e-08
28400 	 29235 	 5.8641121091e-01 	 7.4442293122e-08
28500 	 29359 	 5.8641121091e-01 	 1.7820058935e-08
# ---- 
 1 		 28539 	 29423 		 1.2269225357e+00 	 5.8641121091e-01 	 6.3737695964e-08
# ---- 
100 	 102 	 2.4381484373e+00 	 4.8732492201e-02
200 	 204 	 2.4249888427e+00 	 9.5085978728e-03
300 	 309 	 2.4189915227e+00 	 1.6197676981e-02
400 	 410 	 2.4146126051e+00 	 7.9059117080e-03
500 	 513 	 2.4129420518e+00 	 6.1406829263e-03
600 	 614 	 2.4124935028e+00 	 1.5561246174e-03
700 	 715 	 2.4123962319e+00 	 9.1482864391e-04
800 	 816 	 2.4123673678e+00 	 5.9130883642e-04
900 	 918 	 2.4123535658e+00 	 7.7765172409e-04
1000 	 1021 	 2.4123434149e+00 	 4.3552758905e-04
1100 	 1121 	 2.4123355488e+00 	 5.3630366230e-04
1200 	 1222 	 2.4123305679e+00 	 2.6153642973e-04
1300 	 1325 	 2.4123262623e+00 	 2.2501466761e-04
1400 	 1428 	 2.4123230826e+00 	 4.4963679189e-04
1500 	 1530 	 2.4123210270e+00 	 3.7788953748e-04
1600 	 1632 	 2.4123196647e+00 	 1.3025044128e-04
1700 	 1733 	 2.4123189252e+00 	 7.0436643507e-05
1800 	 1833 	 2.4123184070e+00 	 8.8916204057e-05
1900 	 1934 	 2.4123179827e+00 	 6.6668585038e-05
2000 	 2037 	 2.4123175684e+00 	 1.1517070381e-04
2100 	 2138 	 2.4123171590e+00 	 8.5897914338e-05
2200 	 2242 	 2.4123167343e+00 	 8.1316248291e-05
2300 	 2344 	 2.4123163265e+00 	 7.1628970455e-05
2400 	 2447 	 2.4123159517e+00 	 1.3502275078e-04
2500 	 2549 	 2.4123156061e+00 	 6.0005756990e-05
2600 	 2649 	 2.4123152972e+00 	 6.0283315953e-05
2700 	 2752 	 2.4123149692e+00 	 5.3062329006e-05
2800 	 2853 	 2.4123146328e+00 	 5.9959866754e-05
2900 	 2958 	 2.4123143702e+00 	 6.3003576940e-05
3000 	 3060 	 2.4123141120e+00 	 6.1966911655e-05
3100 	 3161 	 2.4123138667e+00 	 6.3130704905e-05
3200 	 3265 	 2.4123136117e+00 	 8.6891339963e-05
3300 	 3366 	 2.4123134547e+00 	 3.7719642937e-05
3400 	 3469 	 2.4123133391e+00 	 4.7570048142e-05
3500 	 3570 	 2.4123132438e+00 	 4.6404279825e-05
3600 	 3672 	 2.4123131611e+00 	 4.6440355752e-05
3700 	 3776 	 2.4123130787e+00 	 3.3416037641e-05
3800 	 3878 	 2.4123130116e+00 	 7.6850095790e-05
3900 	 3980 	 2.4123129441e+00 	 3.2571021278e-05
4000 	 4083 	 2.4123128691e+00 	 3.2063701398e-05
4100 	 4183 	 2.4123127852e+00 	 2.8421053557e-05
4200 	 4288 	 2.4123127018e+00 	 2.7876204792e-05
4300 	 4392 	 2.4123126157e+00 	 8.7131138118e-05
4400 	 4494 	 2.4123124936e+00 	 9.5294077760e-05
4500 	 4599 	 2.4123123729e+00 	 4.5323266020e-05
4600 	 4701 	 2.4123122752e+00 	 3.0769540557e-05
4700 	 4804 	 2.4123122241e+00 	 2.3221928952e-05
4800 	 4907 	 2.4123121916e+00 	 2.1268752804e-05
4900 	 5010 	 2.4123121526e+00 	 2.2431034465e-05
5000 	 5113 	 2.4123121173e+00 	 1.7712713818e-05
5100 	 5214 	 2.4123120860e+00 	 1.7873130146e-05
5200 	 5317 	 2.4123120626e+00 	 1.2570144517e-05
5300 	 5420 	 2.4123120330e+00 	 1.8374361961e-05
5400 	 5524 	 2.4123120102e+00 	 1.3062689339e-05
5500 	 5624 	 2.4123119949e+00 	 1.5112755632e-05
5600 	 5725 	 2.4123119814e+00 	 1.0908697294e-05
5700 	 5830 	 2.4123119656e+00 	 1.2639445255e-05
5800 	 5933 	 2.4123119520e+00 	 1.0620748927e-05
5900 	 6033 	 2.4123119393e+00 	 1.1145071950e-05
6000 	 6134 	 2.4123119236e+00 	 1.1806222187e-05
6100 	 6238 	 2.4123119103e+00 	 1.0588961427e-05
6200 	 6340 	 2.4123119000e+00 	 1.6178533804e-05
6300 	 6443 	 2.4123118867e+00 	 9.4222173871e-06
6400 	 6547 	 2.4123118746e+00 	 1.2216391001e-05
6500 	 6650 	 2.4123118647e+00 	 1.2441688768e-05
6600 	 6752 	 2.4123118557e+00 	 9.6853514247e-06
6700 	 6853 	 2.4123118466e+00 	 2.0441405823e-05
6800 	 6953 	 2.4123118324e+00 	 1.6550700938e-05
6900 	 7054 	 2.4123118141e+00 	 1.4007733341e-05
7000 	 7156 	 2.4123117998e+00 	 1.4093013547e-05
7100 	 7262 	 2.4123117896e+00 	 1.2619152546e-05
7200 	 7363 	 2.4123117781e+00 	 1.1612368136e-05
7300 	 7465 	 2.4123117683e+00 	 8.4245028050e-06
7400 	 7567 	 2.4123117620e+00 	 6.0976463976e-06
7500 	 7670 	 2.4123117585e+00 	 8.4248439286e-06
7600 	 7773 	 2.4123117552e+00 	 5.2312233634e-06
7700 	 7873 	 2.4123117525e+00 	 7.4799472470e-06
7800 	 7975 	 2.4123117503e+00 	 4.6870606684e-06
7900 	 8077 	 2.4123117487e+00 	 3.8166553440e-06
8000 	 8178 	 2.4123117474e+00 	 2.7332785308e-06
8100 	 8282 	 2.4123117464e+00 	 3.8205945379e-06
8200 	 8386 	 2.4123117451e+00 	 4.6696756437e-06
8300 	 8489 	 2.4123117437e+00 	 3.4849333177e-06
8400 	 8592 	 2.4123117424e+00 	 6.3235845821e-06
8500 	 8695 	 2.4123117413e+00 	 3.6562243310e-06
8600 	 8798 	 2.4123117400e+00 	 2.8887004771e-06
8700 	 8898 	 2.4123117385e+00 	 3.5633284406e-06
8800 	 9000 	 2.4123117367e+00 	 4.4100589708e-06
8900 	 9102 	 2.4123117349e+00 	 3.7602668567e-06
9000 	 9203 	 2.4123117328e+00 	 3.4329257462e-06
9100 	 9307 	 2.4123117312e+00 	 3.5291048958e-06
9200 	 9409 	 2.4123117301e+00 	 8.6503479253e-06
9300 	 9512 	 2.4123117291e+00 	 4.4946263271e-06
9400 	 9615 	 2.4123117282e+00 	 5.4998615849e-06
9500 	 9718 	 2.4123117276e+00 	 2.2021222681e-06
9600 	 9821 	 2.4123117271e+00 	 2.0102370652e-06
9700 	 9922 	 2.4123117265e+00 	 2.6421400879e-06
9800 	 10023 	 2.4123117260e+00 	 3.1422538201e-06
9900 	 10123 	 2.4123117257e+00 	 1.5691608651e-06
10000 	 10226 	 2.4123117255e+00 	 2.1453792843e-06
10100 	 10330 	 2.4123117252e+00 	 1.3127042291e-06
10200 	 10433 	 2.4123117250e+00 	 3.1248393724e-06
10300 	 10536 	 2.4123117246e+00 	 1.9437075611e-06
10400 	 10638 	 2.4123117243e+00 	 2.3467285321e-06
10500 	 10741 	 2.4123117241e+00 	 3.1125122845e-06
10600 	 10843 	 2.4123117238e+00 	 1.3111900197e-06
10700 	 10945 	 2.4123117237e+00 	 1.0602945746e-06
10800 	 11049 	 2.4123117235e+00 	 1.1196941406e-06
10900 	 11151 	 2.4123117234e+00 	 1.4785602692e-06
11000 	 11255 	 2.4123117232e+00 	 1.5068803208e-06
11100 	 11360 	 2.4123117230e+00 	 1.9270593623e-06
11200 	 11463 	 2.4123117229e+00 	 1.0757244554e-06
11300 	 11564 	 2.4123117227e+00 	 1.2572390984e-06
11400 	 11668 	 2.4123117226e+00 	 8.6803829130e-07
11500 	 11770 	 2.4123117225e+00 	 8.3134714380e-07
11600 	 11872 	 2.4123117225e+00 	 1.0229738347e-06
11700 	 11975 	 2.4123117224e+00 	 8.3473413188e-07
11800 	 12076 	 2.4123117223e+00 	 7.9606277510e-07
11900 	 12179 	 2.4123117223e+00 	 8.8461668615e-07
12000 	 12281 	 2.4123117222e+00 	 1.3295867098e-06
12100 	 12385 	 2.4123117220e+00 	 8.5107907870e-07
12200 	 12486 	 2.4123117219e+00 	 1.2237360905e-06
12300 	 12588 	 2.4123117218e+00 	 2.6521475680e-06
12400 	 12692 	 2.4123117217e+00 	 2.1102507184e-06
12500 	 12796 	 2.4123117217e+00 	 1.2797577379e-06
12600 	 12899 	 2.4123117216e+00 	 7.6302682228e-07
12700 	 13003 	 2.4123117216e+00 	 1.3497818304e-06
12800 	 13106 	 2.4123117215e+00 	 8.4540474349e-07
12900 	 13209 	 2.4123117215e+00 	 7.1508888849e-07
13000 	 13314 	 2.4123117214e+00 	 8.8693783834e-07
13100 	 13416 	 2.4123117214e+00 	 4.8445894400e-07
13200 	 13517 	 2.4123117213e+00 	 5.0756660425e-07
13300 	 13619 	 2.4123117213e+00 	 5.3848567574e-07
13400 	 13722 	 2.4123117213e+00 	 4.9485177146e-07
13500 	 13826 	 2.4123117212e+00 	 1.0340278080e-06
13600 	 13929 	 2.4123117212e+00 	 6.3138595323e-07
13700 	 14030 	 2.4123117212e+00 	 1.2018564655e-06
13800 	 14134 	 2.4123117212e+00 	 4.2584867617e-07
13900 	 14236 	 2.4123117212e+00 	 3.7517642212e-07
14000 	 14339 	 2.4123117212e+00 	 4.9130852737e-07
14100 	 14443 	 2.4123117211e+00 	 2.5761263892e-07
14200 	 14545 	 2.4123117211e+00 	 2.5439240998e-07
14300 	 14647 	 2.4123117211e+00 	 2.6141303152e-07
14400 	 14750 	 2.4123117211e+00 	 1.8256712470e-07
14500 	 14853 	 2.4123117211e+00 	 1.7928488735e-07
14600 	 14956 	 2.4123117211e+00 	 1.7458464696e-07
14700 	 15066 	 2.4123117211e+00 	 1.2330846057e-07
14800 	 15172 	 2.4123117211e+00 	 2.5942337978e-07
14900 	 15281 	 2.4123117211e+00 	 2.8197279317e-07
15000 	 15383 	 2.4123117211e+00 	 4.0620563397e-07
15100 	 15487 	 2.4123117211e+00 	 2.2893716292e-07
15200 	 15589 	 2.4123117211e+00 	 4.2074529037e-07
15300 	 15692 	 2.4123117211e+00 	 2.7584155751e-07
15400 	 15796 	 2.4123117211e+00 	 2.3931523223e-07
15500 	 15899 	 2.4123117211e+00 	 2.0693925530e-07
15600 	 16003 	 2.4123117211e+00 	 1.9817672317e-07
15700 	 16107 	 2.4123117211e+00 	 2.9411877755e-07
15800 	 16211 	 2.4123117211e+00 	 1.8986256316e-07
15900 	 16313 	 2.4123117211e+00 	 1.8236176056e-07
16000 	 16419 	 2.4123117211e+00 	 2.5645537142e-07
16100 	 16525 	 2.4123117211e+00 	 1.3943626846e-07
16200 	 16632 	 2.4123117211e+00 	 9.5887724036e-08
16300 	 16743 	 2.4123117211e+00 	 5.5879228275e-08
16400 	 16852 	 2.4123117211e+00 	 7.3766859645e-08
16500 	 16966 	 2.4123117211e+00 	 1.2825709058e-07
16600 	 17103 	 2.4123117211e+00 	 6.6326915658e-08
# ---- 
 1 		 16600 	 17103 		 3.0046032739e+00 	 2.4123117211e+00 	 6.6326915658e-08
# ---- 
100 	 104 	 5.5684197591e+00 	 1.7209962085e-02
200 	 205 	 5.5603496123e+00 	 1.3814508560e-02
300 	 306 	 5.5543828959e+00 	 7.7602428594e-03
400 	 409 	 5.5501820791e+00 	 5.3596234079e-03
500 	 512 	 5.5484770605e+00 	 3.0908632734e-03
600 	 617 	 5.5480608882e+00 	 1.6559789344e-03
700 	 721 	 5.5479115822e+00 	 1.2668505527e-03
800 	 823 	 5.5478462691e+00 	 1.0513015310e-03
900 	 925 	 5.5477985159e+00 	 1.1446458314e-03
1000 	 1026 	 5.5477687761e+00 	 4.2478067943e-04
1100 	 1127 	 5.5477500552e+00 	 7.6494753939e-04
1200 	 1229 	 5.5477341432e+00 	 4.0969679732e-04
1300 	 1332 	 5.5477216722e+00 	 6.1239517545e-04
1400 	 1433 	 5.5477136359e+00 	 2.5088285027e-04
1500 	 1536 	 5.5477074487e+00 	 2.1201732038e-04
1600 	 1640 	 5.5477036742e+00 	 3.4019645565e-04
1700 	 1741 	 5.5477007883e+00 	 1.9103087861e-04
1800 	 1844 	 5.5476982945e+00 	 2.0997023132e-04
1900 	 1946 	 5.5476955849e+00 	 1.9663072621e-04
2000 	 2048 	 5.5476927837e+00 	 1.8542664106e-04
2100 	 2150 	 5.5476893691e+00 	 2.4285992305e-04
2200 	 2253 	 5.5476871278e+00 	 1.7241819378e-04
2300 	 2356 	 5.5476854630e+00 	 1.4797673462e-04
2400 	 2458 	 5.5476841398e+00 	 1.3726942954e-04
2500 	 2560 	 5.5476827595e+00 	 7.5974531570e-05
2600 	 2661 	 5.5476819492e+00 	 1.7316178663e-04
2700 	 2762 	 5.5476812659e+00 	 7.7813453176e-05
2800 	 2865 	 5.5476806699e+00 	 9.4810656460e-05
2900 	 2967 	 5.5476802237e+00 	 7.1336709385e-05
3000 	 3071 	 5.5476799636e+00 	 5.7835181435e-05
3100 	 3174 	 5.5476797139e+00 	 5.8756521255e-05
3200 	 3276 	 5.5476794560e+00 	 6.7672720247e-05
3300 	 3376 	 5.5476791009e+00 	 7.4542734505e-05
3400 	 3481 	 5.5476786451e+00 	 5.4317737487e-05
3500 	 3582 	 5.5476782159e+00 	 7.6555727899e-05
3600 	 3685 	 5.5476778686e+00 	 1.0511026298e-04
3700 	 3787 	 5.5476774879e+00 	 8.3432273484e-05
3800 	 3890 	 5.5476771406e+00 	 9.2824577076e-05
3900 	 3993 	 5.5476769353e+00 	 4.2605672841e-05
4000 	 4097 	 5.5476767612e+00 	 3.5938847380e-05
4100 	 4200 	 5.5476766409e+00 	 2.9869772257e-05
4200 	 4303 	 5.5476765395e+00 	 4.4603136251e-05
4300 	 4406 	 5.5476763990e+00 	 4.4670724726e-05
4400 	 4508 	 5.5476761985e+00 	 5.6132834542e-05
4500 	 4611 	 5.5476759923e+00 	 3.6379182116e-05
4600 	 4715 	 5.5476758727e+00 	 3.5859636049e-05
4700 	 4818 	 5.5476757904e+00 	 4.1037319733e-05
4800 	 4920 	 5.5476757353e+00 	 3.0549083908e-05
4900 	 5024 	 5.5476756901e+00 	 4.5597939051e-05
5000 	 5126 	 5.5476756568e+00 	 1.7623262720e-05
5100 	 5228 	 5.5476756320e+00 	 1.3166638796e-05
5200 	 5329 	 5.5476755996e+00 	 6.2555879965e-05
5300 	 5431 	 5.5476755607e+00 	 2.2341049556e-05
5400 	 5534 	 5.5476755368e+00 	 1.1455604308e-05
5500 	 5635 	 5.5476755194e+00 	 1.5358622561e-05
5600 	 5738 	 5.5476755007e+00 	 3.3264832075e-05
5700 	 5843 	 5.5476754837e+00 	 1.1785248189e-05
5800 	 5945 	 5.5476754731e+00 	 1.0438088796e-05
5900 	 6050 	 5.5476754631e+00 	 1.1506604948e-05
6000 	 6152 	 5.5476754527e+00 	 1.1535752177e-05
6100 	 6255 	 5.5476754415e+00 	 1.2348430132e-05
6200 	 6359 	 5.5476754315e+00 	 2.0391562153e-05
6300 	 6463 	 5.5476754235e+00 	 1.0163059559e-05
6400 	 6566 	 5.5476754159e+00 	 1.6482261106e-05
6500 	 6669 	 5.5476754069e+00 	 9.1824511305e-06
6600 	 6769 	 5.5476753982e+00 	 9.2629923907e-06
6700 	 6870 	 5.5476753930e+00 	 6.9292152171e-06
6800 	 6973 	 5.5476753889e+00 	 6.9690979601e-06
6900 	 7076 	 5.5476753853e+00 	 5.6110873888e-06
7000 	 7177 	 5.5476753814e+00 	 7.9304900857e-06
7100 	 7279 	 5.5476753794e+00 	 3.5343128917e-06
7200 	 7382 	 5.5476753783e+00 	 2.8313175517e-06
7300 	 7485 	 5.5476753775e+00 	 7.0249436523e-06
7400 	 7588 	 5.5476753770e+00 	 3.2030654545e-06
7500 	 7691 	 5.5476753762e+00 	 2.7706976323e-06
7600 	 7792 	 5.5476753749e+00 	 6.6263976521e-06
7700 	 7896 	 5.5476753734e+00 	 4.2126885487e-06
7800 	 8000 	 5.5476753716e+00 	 4.0894786494e-06
7900 	 8101 	 5.5476753697e+00 	 6.3601485317e-06
8000 	 8204 	 5.5476753680e+00 	 3.3980270256e-06
8100 	 8305 	 5.5476753667e+00 	 4.4656770546e-06
8200 	 8409 	 5.5476753654e+00 	 3.0012644596e-06
8300 	 8513 	 5.5476753640e+00 	 5.6871061332e-06
8400 	 8616 	 5.5476753630e+00 	 2.5660855228e-06
8500 	 8717 	 5.5476753620e+00 	 3.0714019712e-06
8600 	 8819 	 5.5476753613e+00 	 2.5225465658e-06
8700 	 8924 	 5.5476753609e+00 	 2.5673600796e-06
8800 	 9026 	 5.5476753605e+00 	 1.9239411384e-06
8900 	 9128 	 5.5476753600e+00 	 2.4364851331e-06
9000 	 9229 	 5.5476753596e+00 	 2.1241966991e-06
9100 	 9330 	 5.5476753590e+00 	 1.8263392296e-06
9200 	 9432 	 5.5476753585e+00 	 2.9278841829e-06
9300 	 9535 	 5.5476753581e+00 	 1.6251049675e-06
9400 	 9639 	 5.5476753578e+00 	 1.6169191070e-06
9500 	 9743 	 5.5476753576e+00 	 1.2908814455e-06
9600 	 9846 	 5.5476753573e+00 	 3.5673608319e-06
9700 	 9948 	 5.5476753572e+00 	 9.1217857093e-07
9800 	 10051 	 5.5476753571e+00 	 1.3185582255e-06
9900 	 10155 	 5.5476753570e+00 	 1.0483642601e-06
10000 	 10258 	 5.5476753570e+00 	 7.4604062086e-07
10100 	 10363 	 5.5476753569e+00 	 8.9866687088e-07
10200 	 10466 	 5.5476753568e+00 	 6.5103908557e-07
10300 	 10568 	 5.5476753568e+00 	 1.1993090416e-06
10400 	 10672 	 5.5476753567e+00 	 6.8642973451e-07
10500 	 10776 	 5.5476753567e+00 	 7.7086565341e-07
10600 	 10878 	 5.5476753566e+00 	 9.1683526870e-07
10700 	 10982 	 5.5476753566e+00 	 1.1005063099e-06
10800 	 11082 	 5.5476753565e+00 	 6.1810247439e-07
10900 	 11183 	 5.5476753565e+00 	 7.0998124322e-07
11000 	 11286 	 5.5476753565e+00 	 7.3343877945e-07
11100 	 11388 	 5.5476753565e+00 	 4.9746159915e-07
11200 	 11489 	 5.5476753564e+00 	 5.9218120652e-07
11300 	 11592 	 5.5476753564e+00 	 4.6380994397e-07
11400 	 11693 	 5.5476753564e+00 	 3.6372424471e-07
11500 	 11795 	 5.5476753564e+00 	 3.2316119247e-07
11600 	 11899 	 5.5476753564e+00 	 2.6482231580e-07
11700 	 11999 	 5.5476753564e+00 	 4.2472236430e-07
11800 	 12101 	 5.5476753564e+00 	 2.5780177380e-07
11900 	 12202 	 5.5476753564e+00 	 2.3835840423e-07
12000 	 12306 	 5.5476753563e+00 	 5.6784674938e-07
12100 	 12410 	 5.5476753563e+00 	 4.6016264704e-07
12200 	 12515 	 5.5476753563e+00 	 5.4077363015e-07
12300 	 12617 	 5.5476753563e+00 	 6.8067348519e-07
12400 	 12719 	 5.5476753563e+00 	 2.8080973159e-07
12500 	 12824 	 5.5476753563e+00 	 4.0465242481e-07
12600 	 12931 	 5.5476753563e+00 	 2.3829954274e-07
12700 	 13036 	 5.5476753563e+00 	 2.5884088246e-07
12800 	 13137 	 5.5476753563e+00 	 2.3001100369e-07
12900 	 13239 	 5.5476753563e+00 	 5.7110058811e-07
13000 	 13352 	 5.5476753563e+00 	 1.3845506514e-07
13100 	 13460 	 5.5476753563e+00 	 1.5459610424e-07
13200 	 13593 	 5.5476753563e+00 	 8.8883957269e-08
13300 	 13707 	 5.5476753563e+00 	 9.0850018527e-08
# ---- 
 1 		 13399 	 13840 		 6.1139014470e+00 	 5.5476753563e+00 	 9.6143924618e-08
# ---- 
100 	 102 	 1.0047655848e+01 	 1.6450572783e-02
200 	 204 	 1.0041609402e+01 	 1.0202745235e-02
300 	 304 	 1.0036687376e+01 	 8.0976536900e-03
400 	 406 	 1.0032895012e+01 	 1.2900672365e-02
500 	 507 	 1.0031173257e+01 	 2.8780633579e-03
600 	 610 	 1.0030580768e+01 	 6.0491854891e-03
700 	 711 	 1.0030368333e+01 	 2.6895583464e-03
800 	 812 	 1.0030256958e+01 	 9.7030704527e-04
900 	 914 	 1.0030184166e+01 	 1.5586961160e-03
1000 	 1014 	 1.0030140717e+01 	 1.0136222375e-03
1100 	 1116 	 1.0030108175e+01 	 9.6003684829e-04
1200 	 1219 	 1.0030091476e+01 	 3.9169473822e-04
1300 	 1322 	 1.0030078615e+01 	 3.6750125589e-04
1400 	 1423 	 1.0030071175e+01 	 3.8242629860e-04
1500 	 1525 	 1.0030064876e+01 	 2.6047739813e-04
1600 	 1627 	 1.0030060143e+01 	 1.6359502211e-04
1700 	 1732 	 1.0030057011e+01 	 1.9942508831e-04
1800 	 1834 	 1.0030054200e+01 	 3.7250326359e-04
1900 	 1938 	 1.0030051055e+01 	 2.0558307268e-04
2000 	 2040 	 1.0030047313e+01 	 3.3017684977e-04
2100 	 2140 	 1.0030045045e+01 	 3.5454145479e-04
2200 	 2242 	 1.0030043753e+01 	 3.0220665457e-04
2300 	 2344 	 1.0030042679e+01 	 9.2907649578e-05
2400 	 2447 	 1.0030041657e+01 	 7.5713101535e-05
2500 	 2552 	 1.0030041162e+01 	 6.3310157971e-05
2600 	 2657 	 1.0030040894e+01 	 8.0137081878e-05
2700 	 2759 	 1.0030040702e+01 	 5.3234410541e-05
2800 	 2862 	 1.0030040531e+01 	 6.3514269813e-05
2900 	 2966 	 1.0030040365e+01 	 3.5027753300e-05
3000 	 3066 	 1.0030040213e+01 	 3.4838296852e-05
3100 	 3169 	 1.0030040039e+01 	 7.9722160888e-05
3200 	 3271 	 1.0030039797e+01 	 1.0600674446e-04
3300 	 3376 	 1.0030039560e+01 	 4.7624113758e-05
3400 	 3480 	 1.0030039309e+01 	 5.8446327571e-05
3500 	 3583 	 1.0030039110e+01 	 4.0413677577e-05
3600 	 3684 	 1.0030038994e+01 	 3.5246535535e-05
3700 	 3787 	 1.0030038894e+01 	 4.0201897869e-05
3800 	 3890 	 1.0030038804e+01 	 2.7548831349e-05
3900 	 3993 	 1.0030038717e+01 	 6.4314702835e-05
4000 	 4096 	 1.0030038608e+01 	 2.6978229603e-05
4100 	 4198 	 1.0030038519e+01 	 2.9264210805e-05
4200 	 4301 	 1.0030038431e+01 	 4.3124553930e-05
4300 	 4403 	 1.0030038353e+01 	 2.6219791946e-05
4400 	 4505 	 1.0030038306e+01 	 2.6992793666e-05
4500 	 4606 	 1.0030038278e+01 	 3.5339146735e-05
4600 	 4707 	 1.0030038259e+01 	 1.2745241647e-05
4700 	 4810 	 1.0030038250e+01 	 7.4031191908e-06
4800 	 4912 	 1.0030038242e+01 	 9.7743835354e-06
4900 	 5013 	 1.0030038232e+01 	 1.7721932906e-05
5000 	 5116 	 1.0030038224e+01 	 9.5204811614e-06
5100 	 5219 	 1.0030038217e+01 	 1.2690116805e-05
5200 	 5322 	 1.0030038210e+01 	 9.5520053654e-06
5300 	 5424 	 1.0030038206e+01 	 1.0134112919e-05
5400 	 5526 	 1.0030038201e+01 	 5.8125052086e-06
5500 	 5628 	 1.0030038196e+01 	 1.2775402898e-05
5600 	 5732 	 1.0030038193e+01 	 5.8913916610e-06
5700 	 5835 	 1.0030038190e+01 	 1.0501174355e-05
5800 	 5939 	 1.0030038186e+01 	 7.9753653833e-06
5900 	 6041 	 1.0030038182e+01 	 7.6124196678e-06
6000 	 6142 	 1.0030038179e+01 	 4.4170367210e-06
6100 	 6245 	 1.0030038177e+01 	 4.0647900288e-06
6200 	 6346 	 1.0030038176e+01 	 4.4259025766e-06
6300 	 6449 	 1.0030038174e+01 	 6.4321146203e-06
6400 	 6552 	 1.0030038173e+01 	 2.4650660624e-06
6500 	 6653 	 1.0030038172e+01 	 2.4767579320e-06
6600 	 6756 	 1.0030038172e+01 	 1.9960535627e-06
6700 	 6859 	 1.0030038172e+01 	 4.7976912668e-06
6800 	 6960 	 1.0030038171e+01 	 2.2251454146e-06
6900 	 7062 	 1.0030038171e+01 	 1.9141178690e-06
7000 	 7165 	 1.0030038170e+01 	 4.3340103786e-06
7100 	 7267 	 1.0030038169e+01 	 6.0613780492e-06
7200 	 7369 	 1.0030038169e+01 	 1.9316724838e-06
7300 	 7471 	 1.0030038168e+01 	 4.7426061153e-06
7400 	 7574 	 1.0030038167e+01 	 2.9192541532e-06
7500 	 7676 	 1.0030038166e+01 	 4.9910668824e-06
7600 	 7776 	 1.0030038166e+01 	 4.6172024797e-06
7700 	 7878 	 1.0030038165e+01 	 3.5052850201e-06
7800 	 7979 	 1.0030038165e+01 	 3.7388262759e-06
7900 	 8081 	 1.0030038165e+01 	 1.1879158205e-06
8000 	 8184 	 1.0030038164e+01 	 1.9739524292e-06
8100 	 8287 	 1.0030038164e+01 	 2.9208887962e-06
8200 	 8388 	 1.0030038164e+01 	 6.7483470103e-07
8300 	 8490 	 1.0030038164e+01 	 7.7859315013e-07
8400 	 8591 	 1.0030038164e+01 	 6.0010509648e-07
8500 	 8694 	 1.0030038164e+01 	 6.2959603806e-07
8600 	 8796 	 1.0030038164e+01 	 8.5753119424e-07
8700 	 8898 	 1.0030038164e+01 	 5.5076640311e-07
8800 	 9002 	 1.0030038164e+01 	 7.6321622826e-07
8900 	 9104 	 1.0030038164e+01 	 2.9497992885e-07
9000 	 9211 	 1.0030038164e+01 	 6.7151071909e-07
9100 	 9313 	 1.0030038164e+01 	 3.4849246014e-07
9200 	 9416 	 1.0030038164e+01 	 2.7320904291e-07
9300 	 9518 	 1.0030038164e+01 	 4.3484297581e-07
9400 	 9625 	 1.0030038164e+01 	 2.9352568200e-07
9500 	 9729 	 1.0030038164e+01 	 3.9553393848e-07
9600 	 9836 	 1.0030038164e+01 	 1.6382907523e-07
9700 	 9948 	 1.0030038164e+01 	 2.7674675201e-07
9800 	 10060 	 1.0030038164e+01 	 2.6845694615e-07
9900 	 10165 	 1.0030038164e+01 	 3.2615551847e-07
10000 	 10274 	 1.0030038164e+01 	 1.5410006604e-07
10100 	 10384 	 1.0030038164e+01 	 2.9018706662e-07
10200 	 10494 	 1.0030038164e+01 	 2.8588949441e-07
10300 	 10608 	 1.0030038164e+01 	 2.5526643374e-07
10400 	 10729 	 1.0030038164e+01 	 9.2955141657e-08
# ---- 
 1 		 10455 	 10818 		 1.0582309566e+01 	 1.0030038164e+01 	 4.3260594273e-08
# ---- 
100 	 103 	 1.5897812338e+01 	 1.1132065736e-02
200 	 203 	 1.5892824929e+01 	 7.8042067649e-03
300 	 304 	 1.5888482030e+01 	 9.1356839070e-03
400 	 406 	 1.5885229376e+01 	 7.0601753751e-03
500 	 508 	 1.5883618534e+01 	 6.9964087300e-03
600 	 610 	 1.5882991785e+01 	 2.1984347108e-03
700 	 714 	 1.5882785665e+01 	 1.0841013126e-03
800 	 818 	 1.5882683405e+01 	 1.6071906430e-03
900 	 919 	 1.5882614737e+01 	 1.2805399737e-03
1000 	 1021 	 1.5882568356e+01 	 5.9209569200e-04
1100 	 1124 	 1.5882542176e+01 	 4.3462888756e-04
1200 	 1225 	 1.5882526954e+01 	 4.6634861711e-04
1300 	 1328 	 1.5882518319e+01 	 2.9459056885e-04
1400 	 1429 	 1.5882513844e+01 	 6.9708200226e-04
1500 	 1533 	 1.5882509819e+01 	 4.1369442168e-04
1600 	 1636 	 1.5882506406e+01 	 2.2613241577e-04
1700 	 1738 	 1.5882503983e+01 	 1.7531260452e-04
1800 	 1841 	 1.5882501657e+01 	 2.2929191601e-04
1900 	 1943 	 1.5882499396e+01 	 1.3538670382e-04
2000 	 2045 	 1.5882498134e+01 	 1.3338507034e-04
2100 	 2147 	 1.5882497134e+01 	 1.1963579515e-04
2200 	 2250 	 1.5882496230e+01 	 1.5186193644e-04
2300 	 2355 	 1.5882495623e+01 	 1.2227794885e-04
2400 	 2456 	 1.5882495381e+01 	 4.4617743628e-05
2500 	 2559 	 1.5882495274e+01 	 3.5199651580e-05
2600 	 2663 	 1.5882495215e+01 	 5.9900365327e-05
2700 	 2766 	 1.5882495151e+01 	 4.5288175570e-05
2800 	 2868 	 1.5882495082e+01 	 3.3158060383e-05
2900 	 2969 	 1.5882495010e+01 	 3.3035129947e-05
3000 	 3072 	 1.5882494956e+01 	 3.0229954878e-05
3100 	 3176 	 1.5882494890e+01 	 2.7341382770e-05
3200 	 3279 	 1.5882494827e+01 	 6.6006188825e-05
3300 	 3383 	 1.5882494772e+01 	 2.7346691596e-05
3400 	 3484 	 1.5882494725e+01 	 1.8471622539e-05
3500 	 3586 	 1.5882494686e+01 	 1.9871956965e-05
3600 	 3689 	 1.5882494648e+01 	 2.2467764980e-05
3700 	 3791 	 1.5882494610e+01 	 3.0140868707e-05
3800 	 3893 	 1.5882494565e+01 	 2.4326958982e-05
3900 	 3994 	 1.5882494516e+01 	 2.7084635855e-05
4000 	 4095 	 1.5882494485e+01 	 1.9694550276e-05
4100 	 4198 	 1.5882494470e+01 	 1.0064510837e-05
4200 	 4301 	 1.5882494460e+01 	 9.1955079688e-06
4300 	 4405 	 1.5882494450e+01 	 1.1389849334e-05
4400 	 4507 	 1.5882494445e+01 	 8.5984635798e-06
4500 	 4610 	 1.5882494439e+01 	 7.2350202088e-06
4600 	 4712 	 1.5882494435e+01 	 7.7346334012e-06
4700 	 4814 	 1.5882494432e+01 	 1.7985615437e-05
4800 	 4916 	 1.5882494427e+01 	 7.7568978453e-06
4900 	 5018 	 1.5882494423e+01 	 5.1569486828e-06
5000 	 5120 	 1.5882494420e+01 	 4.7818099532e-06
5100 	 5223 	 1.5882494419e+01 	 4.0291165571e-06
5200 	 5325 	 1.5882494416e+01 	 4.7132152426e-06
5300 	 5428 	 1.5882494414e+01 	 1.3746735094e-05
5400 	 5530 	 1.5882494411e+01 	 5.1210798440e-06
5500 	 5635 	 1.5882494408e+01 	 8.4163323023e-06
5600 	 5739 	 1.5882494407e+01 	 7.7774073765e-06
5700 	 5840 	 1.5882494405e+01 	 3.0388611328e-06
5800 	 5941 	 1.5882494404e+01 	 5.8430888654e-06
5900 	 6042 	 1.5882494403e+01 	 7.4463428187e-06
6000 	 6145 	 1.5882494403e+01 	 4.1603734410e-06
6100 	 6248 	 1.5882494402e+01 	 1.5542259738e-06
6200 	 6351 	 1.5882494402e+01 	 3.2333278675e-06
6300 	 6453 	 1.5882494402e+01 	 2.4468827260e-06
6400 	 6554 	 1.5882494402e+01 	 2.0985755346e-06
6500 	 6657 	 1.5882494401e+01 	 1.5312945922e-06
6600 	 6759 	 1.5882494401e+01 	 1.6835621620e-06
6700 	 6861 	 1.5882494401e+01 	 1.2780677623e-06
6800 	 6965 	 1.5882494401e+01 	 1.7308948337e-06
6900 	 7067 	 1.5882494401e+01 	 1.0292697302e-06
7000 	 7168 	 1.5882494401e+01 	 1.8604823913e-06
7100 	 7274 	 1.5882494401e+01 	 1.1230966830e-06
7200 	 7376 	 1.5882494400e+01 	 1.5748712947e-06
7300 	 7478 	 1.5882494400e+01 	 1.2998961368e-06
7400 	 7582 	 1.5882494400e+01 	 1.7656160645e-06
7500 	 7684 	 1.5882494400e+01 	 9.2991299829e-07
7600 	 7787 	 1.5882494400e+01 	 1.1337271532e-06
7700 	 7891 	 1.5882494400e+01 	 1.7653300632e-06
7800 	 7994 	 1.5882494400e+01 	 9.1300872627e-07
7900 	 8096 	 1.5882494400e+01 	 5.0469624376e-07
8000 	 8198 	 1.5882494400e+01 	 4.5131037663e-07
8100 	 8301 	 1.5882494400e+01 	 6.2796521649e-07
8200 	 8409 	 1.5882494400e+01 	 2.9452674187e-07
8300 	 8514 	 1.5882494400e+01 	 3.4755077938e-07
8400 	 8623 	 1.5882494400e+01 	 2.6778888920e-07
8500 	 8738 	 1.5882494400e+01 	 2.9525182977e-07
8600 	 8841 	 1.5882494400e+01 	 1.8187879873e-07
8700 	 8946 	 1.5882494400e+01 	 3.1967121366e-07
8800 	 9053 	 1.5882494400e+01 	 3.3739331420e-07
8900 	 9164 	 1.5882494400e+01 	 2.5851016685e-07
9000 	 9271 	 1.5882494400e+01 	 2.2651706957e-07
9100 	 9385 	 1.5882494400e+01 	 5.1389895848e-07
9200 	 9500 	 1.5882494400e+01 	 2.1986875051e-07
9300 	 9612 	 1.5882494400e+01 	 2.6041560402e-07
9400 	 9730 	 1.5882494400e+01 	 4.3905759406e-07
9500 	 9843 	 1.5882494400e+01 	 1.3161522744e-07
9600 	 9959 	 1.5882494400e+01 	 1.6149275144e-07
9700 	 10083 	 1.5882494400e+01 	 2.9889771525e-07
# ---- 
 1 		 9767 	 10172 		 1.6426204857e+01 	 1.5882494400e+01 	 1.1264332413e-07
# ---- 
100 	 103 	 2.3134602403e+01 	 9.9304589638e-03
200 	 206 	 2.3130246408e+01 	 7.5300262584e-03
300 	 306 	 2.3126535781e+01 	 8.8803195937e-03
400 	 410 	 2.3123638447e+01 	 7.6266853869e-03
500 	 515 	 2.3122137177e+01 	 5.0135580163e-03
600 	 618 	 2.3121389216e+01 	 2.6841683951e-03
700 	 722 	 2.3121151733e+01 	 2.0385050395e-03
800 	 826 	 2.3121051939e+01 	 1.7619406919e-03
900 	 928 	 2.3120970264e+01 	 3.3238264010e-03
1000 	 1030 	 2.3120917968e+01 	 2.2661431082e-03
1100 	 1132 	 2.3120897081e+01 	 5.6346924519e-04
1200 	 1236 	 2.3120885218e+01 	 2.7796244528e-04
1300 	 1336 	 2.3120879554e+01 	 3.0862205778e-04
1400 	 1437 	 2.3120875410e+01 	 1.9052403288e-04
1500 	 1540 	 2.3120872305e+01 	 7.0113377330e-04
1600 	 1641 	 2.3120869852e+01 	 1.6813934284e-04
1700 	 1743 	 2.3120868081e+01 	 1.7709528343e-04
1800 	 1845 	 2.3120866370e+01 	 1.2730788473e-04
1900 	 1948 	 2.3120865060e+01 	 1.2793312439e-04
2000 	 2051 	 2.3120864322e+01 	 7.1412948265e-05
2100 	 2156 	 2.3120863799e+01 	 7.1727479983e-05
2200 	 2258 	 2.3120863393e+01 	 5.6828317017e-05
2300 	 2360 	 2.3120863199e+01 	 4.1914094105e-05
2400 	 2463 	 2.3120863092e+01 	 4.1344742209e-05
2500 	 2564 	 2.3120863022e+01 	 2.2208873362e-05
2600 	 2669 	 2.3120862970e+01 	 3.8212521610e-05
2700 	 2772 	 2.3120862935e+01 	 2.8179641931e-05
2800 	 2876 	 2.3120862904e+01 	 2.1593712821e-05
2900 	 2980 	 2.3120862869e+01 	 1.7577706671e-05
3000 	 3081 	 2.3120862840e+01 	 1.7586492935e-05
3100 	 3184 	 2.3120862827e+01 	 1.1448434142e-05
3200 	 3286 	 2.3120862818e+01 	 1.5757439694e-05
3300 	 3388 	 2.3120862809e+01 	 8.9278466705e-06
3400 	 3489 	 2.3120862799e+01 	 1.3440364654e-05
3500 	 3591 	 2.3120862785e+01 	 1.9187973358e-05
3600 	 3694 	 2.3120862774e+01 	 9.6684157604e-06
3700 	 3796 	 2.3120862764e+01 	 1.7688151028e-05
3800 	 3900 	 2.3120862751e+01 	 1.2426421682e-05
3900 	 4003 	 2.3120862741e+01 	 9.9588763211e-06
4000 	 4105 	 2.3120862732e+01 	 1.8011407718e-05
4100 	 4208 	 2.3120862727e+01 	 9.1326127365e-06
4200 	 4311 	 2.3120862725e+01 	 5.3914244566e-06
4300 	 4414 	 2.3120862722e+01 	 4.1546887989e-06
4400 	 4515 	 2.3120862720e+01 	 1.6136018002e-05
4500 	 4617 	 2.3120862718e+01 	 8.4578638301e-06
4600 	 4721 	 2.3120862716e+01 	 2.8455603176e-06
4700 	 4823 	 2.3120862715e+01 	 2.2119032860e-06
4800 	 4926 	 2.3120862715e+01 	 2.2576095173e-06
4900 	 5031 	 2.3120862714e+01 	 2.1090150376e-06
5000 	 5132 	 2.3120862714e+01 	 2.0346876052e-06
5100 	 5234 	 2.3120862714e+01 	 2.1892991471e-06
5200 	 5336 	 2.3120862714e+01 	 1.1673595098e-06
5300 	 5437 	 2.3120862713e+01 	 3.0112856888e-06
5400 	 5538 	 2.3120862713e+01 	 1.2317894421e-06
5500 	 5639 	 2.3120862713e+01 	 1.1904065128e-06
5600 	 5741 	 2.3120862713e+01 	 1.1539733846e-06
5700 	 5842 	 2.3120862713e+01 	 9.7054020373e-07
5800 	 5943 	 2.3120862713e+01 	 2.8297682541e-06
5900 	 6044 	 2.3120862713e+01 	 1.1583396565e-06
6000 	 6148 	 2.3120862713e+01 	 2.1998112425e-06
6100 	 6250 	 2.3120862713e+01 	 1.2362222753e-06
6200 	 6353 	 2.3120862712e+01 	 8.4722357130e-07
6300 	 6455 	 2.3120862712e+01 	 1.1823240928e-06
6400 	 6558 	 2.3120862712e+01 	 6.0222858545e-07
6500 	 6661 	 2.3120862712e+01 	 5.4717073096e-07
6600 	 6762 	 2.3120862712e+01 	 1.6257708311e-06
6700 	 6866 	 2.3120862712e+01 	 6.7934265701e-07
6800 	 6969 	 2.3120862712e+01 	 1.2380934463e-06
6900 	 7072 	 2.3120862712e+01 	 6.6990001692e-07
7000 	 7175 	 2.3120862712e+01 	 4.5619520034e-07
7100 	 7278 	 2.3120862712e+01 	 5.1492110792e-07
7200 	 7385 	 2.3120862712e+01 	 2.2906868341e-07
7300 	 7493 	 2.3120862712e+01 	 3.3988909309e-07
7400 	 7601 	 2.3120862712e+01 	 5.0316964963e-07
7500 	 7705 	 2.3120862712e+01 	 3.8930680588e-07
7600 	 7829 	 2.3120862712e+01 	 1.7795924102e-07
# ---- 
 1 		 7621 	 7875 		 2.3658912295e+01 	 2.3120862712e+01 	 1.3906273441e-07
# ---- 
100 	 102 	 3.1769114705e+01 	 9.8039210496e-03
200 	 203 	 3.1765251627e+01 	 8.1152064931e-03
300 	 305 	 3.1762050701e+01 	 7.2152758091e-03
400 	 407 	 3.1759343252e+01 	 5.8186948177e-03
500 	 508 	 3.1757915485e+01 	 7.7755617809e-03
600 	 611 	 3.1757177127e+01 	 2.6940129075e-03
700 	 712 	 3.1756957139e+01 	 1.5420522720e-03
800 	 815 	 3.1756872689e+01 	 1.0869461454e-03
900 	 918 	 3.1756803631e+01 	 7.6739270425e-04
1000 	 1018 	 3.1756762550e+01 	 1.2964457669e-03
1100 	 1118 	 3.1756745957e+01 	 7.8081968525e-04
1200 	 1221 	 3.1756736772e+01 	 3.0021914555e-04
1300 	 1323 	 3.1756732442e+01 	 2.1984365071e-04
1400 	 1426 	 3.1756729642e+01 	 2.4161381217e-04
1500 	 1526 	 3.1756726913e+01 	 1.8071214214e-04
1600 	 1628 	 3.1756725016e+01 	 1.1799897280e-04
1700 	 1731 	 3.1756723489e+01 	 1.6839941344e-04
1800 	 1832 	 3.1756722451e+01 	 1.1374758178e-04
1900 	 1936 	 3.1756721844e+01 	 6.3670988657e-05
2000 	 2037 	 3.1756721392e+01 	 9.0083795397e-05
2100 	 2137 	 3.1756721028e+01 	 6.0453722483e-05
2200 	 2239 	 3.1756720866e+01 	 3.4951232033e-05
2300 	 2342 	 3.1756720807e+01 	 3.2543837769e-05
2400 	 2444 	 3.1756720766e+01 	 2.3421761356e-05
2500 	 2548 	 3.1756720730e+01 	 1.7875967355e-05
2600 	 2650 	 3.1756720697e+01 	 2.0789316145e-05
2700 	 2751 	 3.1756720670e+01 	 1.6540716511e-05
2800 	 2852 	 3.1756720654e+01 	 1.3410384775e-05
2900 	 2954 	 3.1756720643e+01 	 7.7660262002e-06
3000 	 3057 	 3.1756720636e+01 	 7.7929867913e-06
3100 	 3158 	 3.1756720631e+01 	 7.5444730302e-06
3200 	 3260 	 3.1756720627e+01 	 6.3044838634e-06
3300 	 3361 	 3.1756720623e+01 	 7.0967562968e-06
3400 	 3464 	 3.1756720617e+01 	 5.5030968629e-06
3500 	 3566 	 3.1756720615e+01 	 6.7770854557e-06
3600 	 3668 	 3.1756720612e+01 	 4.7256340451e-06
3700 	 3769 	 3.1756720610e+01 	 3.6765665752e-06
3800 	 3872 	 3.1756720609e+01 	 4.2422104757e-06
3900 	 3974 	 3.1756720608e+01 	 9.9774080854e-06
4000 	 4077 	 3.1756720607e+01 	 2.8381159788e-06
4100 	 4182 	 3.1756720607e+01 	 2.6715517319e-06
4200 	 4283 	 3.1756720606e+01 	 1.5113164390e-06
4300 	 4385 	 3.1756720606e+01 	 1.5819562610e-06
4400 	 4487 	 3.1756720606e+01 	 3.6250938711e-06
4500 	 4590 	 3.1756720606e+01 	 3.0582868053e-06
4600 	 4691 	 3.1756720606e+01 	 9.0419425589e-07
4700 	 4793 	 3.1756720605e+01 	 3.1798265595e-06
4800 	 4897 	 3.1756720605e+01 	 2.4074117389e-06
4900 	 5001 	 3.1756720605e+01 	 1.8121782863e-06
5000 	 5104 	 3.1756720605e+01 	 1.4228183067e-06
5100 	 5204 	 3.1756720605e+01 	 6.5029931013e-07
5200 	 5306 	 3.1756720605e+01 	 1.8531376613e-06
5300 	 5408 	 3.1756720605e+01 	 6.9448733281e-07
5400 	 5512 	 3.1756720605e+01 	 7.5523005198e-07
5500 	 5618 	 3.1756720605e+01 	 6.9396001512e-07
5600 	 5722 	 3.1756720605e+01 	 5.4490824772e-07
5700 	 5829 	 3.1756720605e+01 	 1.2703353170e-06
5800 	 5936 	 3.1756720605e+01 	 5.4754264860e-07
5900 	 6041 	 3.1756720605e+01 	 6.0628995391e-07
6000 	 6156 	 3.1756720605e+01 	 7.6601371670e-07
6100 	 6269 	 3.1756720605e+01 	 4.5829494537e-07
6200 	 6381 	 3.1756720605e+01 	 2.9750593097e-07
6300 	 6488 	 3.1756720605e+01 	 4.8181368956e-07
6400 	 6600 	 3.1756720605e+01 	 1.5985511700e-07
6500 	 6716 	 3.1756720605e+01 	 2.7695593719e-07
# ---- 
 1 		 6551 	 6797 		 3.2290854460e+01 	 3.1756720605e+01 	 1.4657837977e-07
# ---- 
100 	 104 	 4.1810257342e+01 	 9.5207810583e-03
200 	 205 	 4.1806733035e+01 	 8.0202119713e-03
300 	 308 	 4.1803961202e+01 	 8.6429121103e-03
400 	 410 	 4.1801495270e+01 	 7.0248244678e-03
500 	 512 	 4.1800082364e+01 	 8.8083964980e-03
600 	 615 	 4.1799361487e+01 	 3.7480290105e-03
700 	 717 	 4.1799146561e+01 	 2.6496708168e-03
800 	 820 	 4.1799074393e+01 	 1.0733707913e-03
900 	 922 	 4.1799010321e+01 	 8.8187392375e-04
1000 	 1024 	 4.1798977598e+01 	 8.1738014143e-04
1100 	 1126 	 4.1798965746e+01 	 3.9291311815e-04
1200 	 1227 	 4.1798959143e+01 	 2.9179202379e-04
1300 	 1331 	 4.1798955214e+01 	 2.1482395511e-04
1400 	 1433 	 4.1798952041e+01 	 1.4195558131e-04
1500 	 1535 	 4.1798949571e+01 	 1.1924153934e-04
1600 	 1635 	 4.1798948171e+01 	 8.6778042654e-05
1700 	 1737 	 4.1798947241e+01 	 9.2841302140e-05
1800 	 1839 	 4.1798946514e+01 	 8.2624784007e-05
1900 	 1941 	 4.1798946105e+01 	 1.5684236378e-04
2000 	 2043 	 4.1798945800e+01 	 5.3953100294e-05
2100 	 2145 	 4.1798945619e+01 	 4.2055037965e-05
2200 	 2250 	 4.1798945536e+01 	 3.1661374482e-05
2300 	 2350 	 4.1798945464e+01 	 3.5996671705e-05
2400 	 2451 	 4.1798945382e+01 	 2.9188213059e-05
2500 	 2552 	 4.1798945307e+01 	 3.1123427810e-05
2600 	 2653 	 4.1798945259e+01 	 4.9078373110e-05
2700 	 2755 	 4.1798945227e+01 	 3.0095031585e-05
2800 	 2856 	 4.1798945205e+01 	 1.3295599547e-05
2900 	 2959 	 4.1798945190e+01 	 1.0749560128e-05
3000 	 3060 	 4.1798945178e+01 	 2.9470789649e-05
3100 	 3163 	 4.1798945169e+01 	 8.1687261424e-06
3200 	 3264 	 4.1798945159e+01 	 1.1057502940e-05
3300 	 3367 	 4.1798945150e+01 	 1.2436446227e-05
3400 	 3469 	 4.1798945144e+01 	 8.8466519943e-06
3500 	 3575 	 4.1798945139e+01 	 6.1219111338e-06
3600 	 3676 	 4.1798945137e+01 	 6.0782576080e-06
3700 	 3779 	 4.1798945135e+01 	 3.3052179775e-06
3800 	 3882 	 4.1798945134e+01 	 5.8440082736e-06
3900 	 3983 	 4.1798945133e+01 	 3.0074729132e-06
4000 	 4085 	 4.1798945132e+01 	 2.8324796297e-06
4100 	 4188 	 4.1798945131e+01 	 2.2506962349e-06
4200 	 4290 	 4.1798945130e+01 	 2.3933949795e-06
4300 	 4391 	 4.1798945130e+01 	 3.0684253693e-06
4400 	 4495 	 4.1798945130e+01 	 2.1847300439e-06
4500 	 4599 	 4.1798945129e+01 	 2.8402783971e-06
4600 	 4703 	 4.1798945128e+01 	 2.0067135478e-06
4700 	 4805 	 4.1798945128e+01 	 2.5449439094e-06
4800 	 4906 	 4.1798945128e+01 	 1.1670897921e-06
4900 	 5009 	 4.1798945127e+01 	 1.8169155634e-06
5000 	 5111 	 4.1798945127e+01 	 1.3611668924e-06
5100 	 5213 	 4.1798945127e+01 	 3.2988827138e-06
5200 	 5316 	 4.1798945127e+01 	 1.3952721111e-06
5300 	 5417 	 4.1798945127e+01 	 1.6539903739e-06
5400 	 5520 	 4.1798945127e+01 	 8.6967921838e-07
5500 	 5620 	 4.1798945127e+01 	 1.5145204208e-06
5600 	 5720 	 4.1798945127e+01 	 1.3316620614e-06
5700 	 5824 	 4.1798945126e+01 	 7.4955067175e-07
5800 	 5926 	 4.1798945126e+01 	 5.0609262030e-07
5900 	 6032 	 4.1798945126e+01 	 6.0189576783e-07
6000 	 6143 	 4.1798945126e+01 	 7.9507656820e-07
6100 	 6254 	 4.1798945126e+01 	 5.8641346591e-07
6200 	 6361 	 4.1798945126e+01 	 3.5264366796e-07
6300 	 6469 	 4.1798945126e+01 	 3.3127033449e-07
# ---- 
 1 		 6326 	 6522 		 4.2330296106e+01 	 4.1798945126e+01 	 5.2886424955e-07
# ---- 
100 	 104 	 5.3264979230e+01 	 1.1216756516e-02
200 	 206 	 5.3261833229e+01 	 6.5678394563e-03
300 	 308 	 5.3259310521e+01 	 1.0730494617e-02
400 	 408 	 5.3257101703e+01 	 8.3676457527e-03
500 	 510 	 5.3255725536e+01 	 3.8051580969e-03
600 	 610 	 5.3254992232e+01 	 2.4214279797e-03
700 	 712 	 5.3254770249e+01 	 1.4874050384e-03
800 	 814 	 5.3254702318e+01 	 1.1757525456e-03
900 	 915 	 5.3254636316e+01 	 1.1361628394e-03
1000 	 1017 	 5.3254610019e+01 	 8.6310010534e-04
1100 	 1119 	 5.3254600338e+01 	 3.1624262300e-04
1200 	 1222 	 5.3254594044e+01 	 2.1891526643e-04
1300 	 1325 	 5.3254589121e+01 	 3.4382227679e-04
1400 	 1428 	 5.3254584739e+01 	 2.0469015809e-04
1500 	 1532 	 5.3254582572e+01 	 1.3182970075e-04
1600 	 1635 	 5.3254581362e+01 	 1.9735515645e-04
1700 	 1740 	 5.3254580665e+01 	 1.0409788767e-04
1800 	 1841 	 5.3254580077e+01 	 8.9820380766e-05
1900 	 1945 	 5.3254579682e+01 	 1.0124465914e-04
2000 	 2046 	 5.3254579427e+01 	 6.0733208954e-05
2100 	 2150 	 5.3254579267e+01 	 9.3003789294e-05
2200 	 2253 	 5.3254579134e+01 	 5.6632298896e-05
2300 	 2356 	 5.3254578971e+01 	 3.6189258379e-05
2400 	 2457 	 5.3254578772e+01 	 4.3045505867e-05
2500 	 2559 	 5.3254578671e+01 	 4.1716368827e-05
2600 	 2660 	 5.3254578584e+01 	 5.7362015663e-05
2700 	 2763 	 5.3254578540e+01 	 2.3708881810e-05
2800 	 2865 	 5.3254578510e+01 	 1.9426505751e-05
2900 	 2968 	 5.3254578481e+01 	 2.3633158417e-05
3000 	 3069 	 5.3254578460e+01 	 3.1157826007e-05
3100 	 3170 	 5.3254578444e+01 	 9.8750957723e-06
3200 	 3273 	 5.3254578434e+01 	 8.2804546151e-06
3300 	 3376 	 5.3254578427e+01 	 1.1427719025e-05
3400 	 3478 	 5.3254578417e+01 	 1.7845415117e-05
3500 	 3582 	 5.3254578409e+01 	 2.3450882728e-05
3600 	 3684 	 5.3254578401e+01 	 6.8749048194e-06
3700 	 3787 	 5.3254578397e+01 	 7.4179117558e-06
3800 	 3888 	 5.3254578395e+01 	 7.6267926524e-06
3900 	 3992 	 5.3254578392e+01 	 6.4685796248e-06
4000 	 4095 	 5.3254578388e+01 	 6.7348274707e-06
4100 	 4199 	 5.3254578385e+01 	 5.6059188297e-06
4200 	 4302 	 5.3254578382e+01 	 1.1909596937e-05
4300 	 4405 	 5.3254578379e+01 	 8.6444048798e-06
4400 	 4508 	 5.3254578377e+01 	 3.8954157386e-06
4500 	 4611 	 5.3254578376e+01 	 3.1587435337e-06
4600 	 4714 	 5.3254578376e+01 	 2.6533715722e-06
4700 	 4818 	 5.3254578375e+01 	 2.7079516845e-06
4800 	 4920 	 5.3254578375e+01 	 1.5107698264e-06
4900 	 5021 	 5.3254578375e+01 	 3.5659283348e-06
5000 	 5123 	 5.3254578375e+01 	 1.3492368697e-06
5100 	 5225 	 5.3254578374e+01 	 1.2982355491e-06
5200 	 5327 	 5.3254578374e+01 	 1.1215790236e-06
5300 	 5430 	 5.3254578374e+01 	 1.8532034533e-06
5400 	 5533 	 5.3254578374e+01 	 2.2063539630e-06
5500 	 5635 	 5.3254578374e+01 	 1.6209085744e-06
5600 	 5736 	 5.3254578374e+01 	 1.2515026228e-06
5700 	 5838 	 5.3254578374e+01 	 9.3015946268e-07
5800 	 5942 	 5.3254578374e+01 	 1.0272100781e-06
5900 	 6044 	 5.3254578374e+01 	 6.9544125102e-07
6000 	 6152 	 5.3254578374e+01 	 7.0112763960e-07
6100 	 6256 	 5.3254578374e+01 	 1.2878926567e-06
6200 	 6360 	 5.3254578374e+01 	 6.5954051813e-07
6300 	 6471 	 5.3254578374e+01 	 6.5218231876e-07
# ---- 
 1 		 6343 	 6536 		 5.3783928281e+01 	 5.3254578374e+01 	 3.6589668792e-07
# ---- 
100 	 104 	 6.6139022004e+01 	 7.2057780350e-03
200 	 206 	 6.6136083455e+01 	 7.1703145407e-03
300 	 308 	 6.6133833258e+01 	 5.3469674388e-03
400 	 409 	 6.6131929015e+01 	 4.8625244537e-03
500 	 512 	 6.6130663257e+01 	 3.5363892639e-03
600 	 615 	 6.6129878924e+01 	 4.5218360336e-03
700 	 719 	 6.6129615429e+01 	 1.2072645213e-03
800 	 822 	 6.6129505410e+01 	 2.2741085296e-03
900 	 923 	 6.6129429344e+01 	 2.1286828447e-03
1000 	 1025 	 6.6129398376e+01 	 6.4377170775e-04
1100 	 1127 	 6.6129380272e+01 	 3.1247024991e-04
1200 	 1231 	 6.6129371384e+01 	 2.6234705098e-04
1300 	 1334 	 6.6129365500e+01 	 3.7343726055e-04
1400 	 1436 	 6.6129359415e+01 	 2.9722235216e-04
1500 	 1536 	 6.6129356370e+01 	 1.6194705822e-04
1600 	 1639 	 6.6129355044e+01 	 1.2479290081e-04
1700 	 1741 	 6.6129354216e+01 	 1.1319089522e-04
1800 	 1843 	 6.6129353455e+01 	 1.2411177385e-04
1900 	 1947 	 6.6129352829e+01 	 1.3814223731e-04
2000 	 2047 	 6.6129352447e+01 	 4.6161790805e-05
2100 	 2152 	 6.6129352205e+01 	 5.5906635009e-05
2200 	 2256 	 6.6129351880e+01 	 6.7451661303e-05
2300 	 2359 	 6.6129351516e+01 	 7.5603411273e-05
2400 	 2461 	 6.6129351250e+01 	 5.2209972852e-05
2500 	 2564 	 6.6129351082e+01 	 1.4347426943e-04
2600 	 2666 	 6.6129350950e+01 	 3.6356741291e-05
2700 	 2770 	 6.6129350869e+01 	 7.9929466714e-05
2800 	 2873 	 6.6129350829e+01 	 3.3169814192e-05
2900 	 2974 	 6.6129350803e+01 	 2.1780631431e-05
3000 	 3079 	 6.6129350782e+01 	 2.1771300254e-05
3100 	 3181 	 6.6129350767e+01 	 3.5278564818e-05
3200 	 3284 	 6.6129350750e+01 	 1.3907624745e-05
3300 	 3385 	 6.6129350725e+01 	 1.7995784235e-05
3400 	 3489 	 6.6129350706e+01 	 2.7438597438e-05
3500 	 3590 	 6.6129350689e+01 	 1.0738338699e-05
3600 	 3693 	 6.6129350671e+01 	 2.7013302140e-05
3700 	 3795 	 6.6129350659e+01 	 8.4560125189e-06
3800 	 3899 	 6.6129350653e+01 	 6.6903200083e-06
3900 	 4001 	 6.6129350650e+01 	 4.6617325096e-06
4000 	 4103 	 6.6129350648e+01 	 1.2951543827e-05
4100 	 4205 	 6.6129350646e+01 	 5.0946136145e-06
4200 	 4307 	 6.6129350644e+01 	 7.8335725053e-06
4300 	 4411 	 6.6129350643e+01 	 4.3789263468e-06
4400 	 4512 	 6.6129350643e+01 	 2.9731589948e-06
4500 	 4615 	 6.6129350642e+01 	 3.4045741148e-06
4600 	 4721 	 6.6129350642e+01 	 2.4778893642e-06
4700 	 4823 	 6.6129350641e+01 	 2.0891880958e-06
4800 	 4925 	 6.6129350641e+01 	 2.7167150450e-06
4900 	 5027 	 6.6129350641e+01 	 2.0453045288e-06
5000 	 5129 	 6.6129350640e+01 	 2.7570113542e-06
5100 	 5231 	 6.6129350640e+01 	 1.5346271868e-06
5200 	 5336 	 6.6129350640e+01 	 1.5451125572e-06
5300 	 5439 	 6.6129350639e+01 	 1.3410520126e-06
5400 	 5541 	 6.6129350639e+01 	 2.3569407933e-06
5500 	 5645 	 6.6129350639e+01 	 7.5804504654e-07
5600 	 5751 	 6.6129350639e+01 	 8.8251812887e-07
5700 	 5855 	 6.6129350639e+01 	 7.1990528311e-07
5800 	 5962 	 6.6129350639e+01 	 6.5692179900e-07
5900 	 6079 	 6.6129350639e+01 	 7.3559900647e-07
6000 	 6191 	 6.6129350639e+01 	 3.2686604283e-07
6100 	 6302 	 6.6129350639e+01 	 7.7923371768e-07
6200 	 6413 	 6.6129350639e+01 	 5.6351763215e-07
6300 	 6520 	 6.6129350639e+01 	 7.7744162810e-07
6400 	 6638 	 6.6129350639e+01 	 3.6280361156e-07
6500 	 6757 	 6.6129350639e+01 	 8.5283974843e-07
6600 	 6864 	 6.6129350639e+01 	 5.5309248399e-07
6700 	 6980 	 6.6129350639e+01 	 6.4147403412e-07
6800 	 7100 	 6.6129350639e+01 	 3.3772153043e-07
# ---- 
 1 		 6846 	 7159 		 6.6657265426e+01 	 6.6129350639e+01 	 1.5031937605e-07
# ---- 
100 	 123 	 6.5765758149e+01 	 7.8493801234e-02
200 	 224 	 6.5622529036e+01 	 3.1774181279e-02
300 	 324 	 6.5594480626e+01 	 1.5770974520e-02
400 	 426 	 6.5588912743e+01 	 4.8410300232e-03
500 	 528 	 6.5587765252e+01 	 3.1902043592e-03
600 	 632 	 6.5587314443e+01 	 2.2801745765e-03
700 	 734 	 6.5587063581e+01 	 2.7000332154e-03
800 	 837 	 6.5586859948e+01 	 2.5592659122e-03
900 	 940 	 6.5586664215e+01 	 1.3143258650e-03
1000 	 1040 	 6.5586535973e+01 	 1.5705523116e-03
1100 	 1142 	 6.5586426018e+01 	 1.1527648466e-03
1200 	 1245 	 6.5586337044e+01 	 2.4620058091e-03
1300 	 1347 	 6.5586270851e+01 	 2.9487676928e-03
1400 	 1449 	 6.5586207630e+01 	 6.9744945994e-04
1500 	 1554 	 6.5586173813e+01 	 8.6174308955e-04
1600 	 1657 	 6.5586154120e+01 	 1.0172915404e-03
1700 	 1759 	 6.5586134925e+01 	 4.2413627807e-04
1800 	 1863 	 6.5586112603e+01 	 5.1015963108e-04
1900 	 1966 	 6.5586089577e+01 	 4.7186222399e-04
2000 	 2071 	 6.5586068066e+01 	 7.0906687004e-04
2100 	 2174 	 6.5586047956e+01 	 1.4584431021e-03
2200 	 2276 	 6.5586031477e+01 	 4.9763177467e-04
2300 	 2379 	 6.5586024116e+01 	 4.3811064321e-04
2400 	 2482 	 6.5586017212e+01 	 5.5944236857e-04
2500 	 2584 	 6.5586007983e+01 	 4.2130259745e-04
2600 	 2686 	 6.5586001886e+01 	 7.1555812950e-04
2700 	 2789 	 6.5585997956e+01 	 1.8001369098e-04
2800 	 2894 	 6.5585995536e+01 	 1.5361304402e-04
2900 	 2997 	 6.5585993467e+01 	 3.1984976240e-04
3000 	 3099 	 6.5585991107e+01 	 1.5526511200e-04
3100 	 3200 	 6.5585988884e+01 	 3.7447861135e-04
3200 	 3303 	 6.5585986887e+01 	 1.1223416059e-04
3300 	 3405 	 6.5585985361e+01 	 9.2925809204e-05
3400 	 3509 	 6.5585984235e+01 	 1.2582357027e-04
3500 	 3613 	 6.5585983318e+01 	 1.1421976290e-04
3600 	 3716 	 6.5585982652e+01 	 1.0374885521e-04
3700 	 3819 	 6.5585982146e+01 	 8.0238560972e-05
3800 	 3922 	 6.5585981650e+01 	 1.0509786670e-04
3900 	 4023 	 6.5585981310e+01 	 5.4995289465e-05
4000 	 4124 	 6.5585981087e+01 	 3.3703859402e-05
4100 	 4227 	 6.5585980919e+01 	 6.6246116645e-05
4200 	 4330 	 6.5585980757e+01 	 7.3585383266e-05
4300 	 4433 	 6.5585980579e+01 	 3.8421107749e-05
4400 	 4535 	 6.5585980379e+01 	 5.1398395901e-05
4500 	 4641 	 6.5585980182e+01 	 6.2370634532e-05
4600 	 4742 	 6.5585980040e+01 	 6.1921841059e-05
4700 	 4843 	 6.5585979921e+01 	 1.2038275872e-04
4800 	 4946 	 6.5585979848e+01 	 3.5476307018e-05
4900 	 5050 	 6.5585979799e+01 	 1.8523190475e-05
5000 	 5154 	 6.5585979750e+01 	 2.2326915342e-05
5100 	 5254 	 6.5585979710e+01 	 2.1598564493e-05
5200 	 5358 	 6.5585979670e+01 	 5.6918384539e-05
5300 	 5461 	 6.5585979635e+01 	 2.4742112745e-05
5400 	 5563 	 6.5585979610e+01 	 1.8177954477e-05
5500 	 5665 	 6.5585979595e+01 	 1.3708113065e-05
5600 	 5767 	 6.5585979583e+01 	 8.6570657986e-06
5700 	 5869 	 6.5585979572e+01 	 9.6376236097e-06
5800 	 5972 	 6.5585979563e+01 	 7.7979827751e-06
5900 	 6073 	 6.5585979557e+01 	 9.3307542314e-06
6000 	 6176 	 6.5585979552e+01 	 8.4973803951e-06
6100 	 6281 	 6.5585979549e+01 	 7.9016484060e-06
6200 	 6383 	 6.5585979544e+01 	 1.3860019223e-05
6300 	 6485 	 6.5585979538e+01 	 2.5766300096e-05
6400 	 6589 	 6.5585979533e+01 	 9.2690838215e-06
6500 	 6691 	 6.5585979528e+01 	 7.5372890390e-06
6600 	 6793 	 6.5585979525e+01 	 8.6734205554e-06
6700 	 6895 	 6.5585979523e+01 	 3.9683935911e-06
6800 	 6998 	 6.5585979521e+01 	 4.3952993967e-06
6900 	 7100 	 6.5585979520e+01 	 3.5948879697e-06
7000 	 7202 	 6.5585979519e+01 	 2.3546186456e-06
7100 	 7306 	 6.5585979518e+01 	 2.9342087950e-06
7200 	 7407 	 6.5585979518e+01 	 1.3598728448e-06
7300 	 7510 	 6.5585979518e+01 	 1.9850168695e-06
7400 	 7611 	 6.5585979518e+01 	 2.5399893778e-06
7500 	 7712 	 6.5585979517e+01 	 4.2607007820e-06
7600 	 7814 	 6.5585979517e+01 	 1.0744301776e-06
7700 	 7921 	 6.5585979517e+01 	 1.2922157944e-06
7800 	 8022 	 6.5585979517e+01 	 1.3617329450e-06
7900 	 8127 	 6.5585979517e+01 	 1.7283213228e-06
8000 	 8230 	 6.5585979517e+01 	 1.3934408586e-06
8100 	 8333 	 6.5585979517e+01 	 9.8668035742e-07
8200 	 8443 	 6.5585979516e+01 	 3.8153830550e-07
8300 	 8551 	 6.5585979516e+01 	 6.4176378367e-07
8400 	 8664 	 6.5585979516e+01 	 9.9526370053e-07
8500 	 8772 	 6.5585979516e+01 	 4.7034602813e-07
8600 	 8904 	 6.5585979516e+01 	 6.3844606898e-07
8700 	 9020 	 6.5585979516e+01 	 4.5716989033e-07
8800 	 9136 	 6.5585979516e+01 	 6.1292402928e-07
8900 	 9253 	 6.5585979516e+01 	 2.7562005041e-07
# ---- 
 1 		 8980 	 9360 		 7.1897452433e+01 	 6.5585979516e+01 	 3.2516220749e-07
# ---- 
100 	 108 	 6.5275372341e+01 	 1.0177611702e-01
200 	 210 	 6.5150127746e+01 	 4.0262964620e-02
300 	 312 	 6.5124964558e+01 	 1.5764142643e-02
400 	 413 	 6.5119334562e+01 	 6.9593977560e-03
500 	 515 	 6.5118140572e+01 	 5.8475115692e-03
600 	 616 	 6.5117619728e+01 	 2.0161583401e-03
700 	 717 	 6.5117302102e+01 	 2.1792042796e-03
800 	 817 	 6.5117039658e+01 	 1.4637486427e-03
900 	 919 	 6.5116834021e+01 	 2.8634852690e-03
1000 	 1020 	 6.5116687503e+01 	 1.2737044444e-03
1100 	 1124 	 6.5116567337e+01 	 2.0687941336e-03
1200 	 1226 	 6.5116481917e+01 	 1.6162236083e-03
1300 	 1328 	 6.5116402458e+01 	 1.1484780270e-03
1400 	 1431 	 6.5116307661e+01 	 2.6499781019e-03
1500 	 1534 	 6.5116259072e+01 	 6.9255857602e-04
1600 	 1636 	 6.5116229490e+01 	 7.8555073410e-04
1700 	 1738 	 6.5116200848e+01 	 6.7022302101e-04
1800 	 1839 	 6.5116176363e+01 	 8.9702581690e-04
1900 	 1940 	 6.5116150402e+01 	 5.4069471708e-04
2000 	 2042 	 6.5116122524e+01 	 6.3828141839e-04
2100 	 2143 	 6.5116094700e+01 	 6.0820478445e-04
2200 	 2244 	 6.5116072022e+01 	 5.0334949166e-04
2300 	 2344 	 6.5116056741e+01 	 4.1118097761e-04
2400 	 2447 	 6.5116045571e+01 	 2.8618785680e-04
2500 	 2549 	 6.5116035933e+01 	 3.6196529510e-04
2600 	 2652 	 6.5116025527e+01 	 3.8469951323e-04
2700 	 2755 	 6.5116017123e+01 	 3.4604551409e-04
2800 	 2856 	 6.5116013342e+01 	 6.4726452268e-04
2900 	 2959 	 6.5116010120e+01 	 2.8898688492e-04
3000 	 3061 	 6.5116006340e+01 	 2.2727137964e-04
3100 	 3162 	 6.5116002957e+01 	 1.8120129577e-04
3200 	 3264 	 6.5115999887e+01 	 3.6566304201e-04
3300 	 3364 	 6.5115996032e+01 	 1.6418455354e-04
3400 	 3466 	 6.5115993459e+01 	 1.9241935659e-04
3500 	 3568 	 6.5115991897e+01 	 3.4510253797e-04
3600 	 3672 	 6.5115990802e+01 	 2.9202088168e-04
3700 	 3773 	 6.5115989890e+01 	 1.4254159510e-04
3800 	 3874 	 6.5115989223e+01 	 7.2028876838e-05
3900 	 3979 	 6.5115988710e+01 	 6.2555822953e-05
4000 	 4081 	 6.5115988319e+01 	 7.8120584048e-05
4100 	 4183 	 6.5115988042e+01 	 1.0536545502e-04
4200 	 4286 	 6.5115987777e+01 	 4.6100943358e-05
4300 	 4390 	 6.5115987456e+01 	 5.1918293323e-05
4400 	 4494 	 6.5115987101e+01 	 8.0486509187e-05
4500 	 4595 	 6.5115986676e+01 	 7.6780708058e-05
4600 	 4696 	 6.5115986199e+01 	 8.3022918460e-05
4700 	 4797 	 6.5115985847e+01 	 4.6030572359e-05
4800 	 4901 	 6.5115985659e+01 	 4.2132770824e-05
4900 	 5005 	 6.5115985512e+01 	 4.1970461684e-05
5000 	 5110 	 6.5115985386e+01 	 3.7843974753e-05
5100 	 5211 	 6.5115985297e+01 	 5.6275740235e-05
5200 	 5313 	 6.5115985233e+01 	 2.9335795428e-05
5300 	 5416 	 6.5115985193e+01 	 1.4333087650e-05
5400 	 5517 	 6.5115985174e+01 	 1.2525859388e-05
5500 	 5620 	 6.5115985163e+01 	 2.7150535955e-05
5600 	 5724 	 6.5115985157e+01 	 8.1823921887e-06
5700 	 5828 	 6.5115985152e+01 	 7.7177955709e-06
5800 	 5932 	 6.5115985146e+01 	 8.7547749689e-06
5900 	 6034 	 6.5115985134e+01 	 1.3752507796e-05
6000 	 6137 	 6.5115985123e+01 	 1.5437084136e-05
6100 	 6240 	 6.5115985115e+01 	 1.6947376441e-05
6200 	 6341 	 6.5115985108e+01 	 2.5947535799e-05
6300 	 6442 	 6.5115985103e+01 	 7.0124428563e-06
6400 	 6543 	 6.5115985099e+01 	 1.1576708095e-05
6500 	 6645 	 6.5115985097e+01 	 3.8188341075e-06
6600 	 6748 	 6.5115985096e+01 	 5.7052525632e-06
6700 	 6851 	 6.5115985096e+01 	 3.3881241900e-06
6800 	 6953 	 6.5115985095e+01 	 3.6174486291e-06
6900 	 7054 	 6.5115985095e+01 	 2.2007028140e-06
7000 	 7155 	 6.5115985094e+01 	 2.4851331437e-06
7100 	 7259 	 6.5115985094e+01 	 5.4752534564e-06
7200 	 7363 	 6.5115985094e+01 	 1.8032148084e-06
7300 	 7465 	 6.5115985093e+01 	 6.1607362421e-06
7400 	 7568 	 6.5115985093e+01 	 3.3015147394e-06
7500 	 7672 	 6.5115985093e+01 	 1.3989534596e-06
7600 	 7774 	 6.5115985093e+01 	 2.9668272378e-06
7700 	 7876 	 6.5115985092e+01 	 3.0765798352e-06
7800 	 7980 	 6.5115985092e+01 	 3.0374226188e-06
7900 	 8081 	 6.5115985092e+01 	 9.8021541233e-07
8000 	 8183 	 6.5115985092e+01 	 1.6330820078e-06
8100 	 8285 	 6.5115985092e+01 	 1.1188922572e-06
8200 	 8385 	 6.5115985092e+01 	 1.6919327802e-06
8300 	 8486 	 6.5115985092e+01 	 5.2143264234e-07
8400 	 8593 	 6.5115985092e+01 	 4.5003738615e-07
8500 	 8703 	 6.5115985091e+01 	 3.6468807237e-07
8600 	 8810 	 6.5115985091e+01 	 1.0093082828e-06
8700 	 8925 	 6.5115985091e+01 	 2.6416287660e-07
8800 	 9042 	 6.5115985091e+01 	 7.6251979185e-07
8900 	 9165 	 6.5115985091e+01 	 3.7930449720e-07
9000 	 9281 	 6.5115985091e+01 	 2.7468322871e-07
9100 	 9395 	 6.5115985091e+01 	 3.4504048263e-07
9200 	 9508 	 6.5115985091e+01 	 5.4533063085e-07
9300 	 9619 	 6.5115985091e+01 	 2.2853583122e-07
9400 	 9744 	 6.5115985091e+01 	 2.9808293919e-07
9500 	 9870 	 6.5115985091e+01 	 2.1955551109e-07
# ---- 
 1 		 9578 	 9977 		 7.1479554578e+01 	 6.5115985091e+01 	 3.6934066833e-07
# ---- 
100 	 105 	 6.4867608822e+01 	 1.0184875710e-01
200 	 208 	 6.4745161950e+01 	 3.0051613585e-02
300 	 311 	 6.4719697638e+01 	 3.3091413077e-02
400 	 413 	 6.4713760890e+01 	 5.2986464384e-03
500 	 514 	 6.4712309174e+01 	 3.8825218331e-03
600 	 616 	 6.4711695652e+01 	 2.9139251663e-03
700 	 720 	 6.4711261899e+01 	 2.8773821359e-03
800 	 825 	 6.4710920840e+01 	 1.6473858001e-03
900 	 929 	 6.4710682116e+01 	 1.4312087384e-03
1000 	 1031 	 6.4710519415e+01 	 1.4034259905e-03
1100 	 1134 	 6.4710400361e+01 	 3.6867360352e-03
1200 	 1240 	 6.4710305713e+01 	 1.7609254342e-03
1300 	 1344 	 6.4710197616e+01 	 1.6548212405e-03
1400 	 1445 	 6.4710088173e+01 	 1.2785303483e-03
1500 	 1548 	 6.4710018996e+01 	 7.7704675346e-04
1600 	 1651 	 6.4709971391e+01 	 2.3432237414e-03
1700 	 1753 	 6.4709925001e+01 	 4.5861813919e-04
1800 	 1853 	 6.4709893721e+01 	 5.6679740337e-04
1900 	 1956 	 6.4709862797e+01 	 6.6051383713e-04
2000 	 2059 	 6.4709833860e+01 	 7.8036965040e-04
2100 	 2159 	 6.4709800196e+01 	 1.5153179327e-03
2200 	 2262 	 6.4709770697e+01 	 1.5227159754e-03
2300 	 2364 	 6.4709746501e+01 	 7.7463747531e-04
2400 	 2465 	 6.4709729294e+01 	 5.8428916721e-04
2500 	 2566 	 6.4709715913e+01 	 5.4058229948e-04
2600 	 2669 	 6.4709701489e+01 	 3.6442463270e-04
2700 	 2773 	 6.4709688450e+01 	 3.5325746344e-04
2800 	 2876 	 6.4709678894e+01 	 5.1072158792e-04
2900 	 2977 	 6.4709671372e+01 	 3.1426421287e-04
3000 	 3077 	 6.4709665907e+01 	 3.1616136241e-04
3100 	 3179 	 6.4709661481e+01 	 2.2565669085e-04
3200 	 3283 	 6.4709657002e+01 	 2.1406900999e-04
3300 	 3388 	 6.4709652118e+01 	 2.1972186203e-04
3400 	 3490 	 6.4709649320e+01 	 1.4505674432e-04
3500 	 3594 	 6.4709647009e+01 	 2.1253612569e-04
3600 	 3699 	 6.4709644898e+01 	 1.2978302744e-04
3700 	 3802 	 6.4709643167e+01 	 1.4047571235e-04
3800 	 3905 	 6.4709641686e+01 	 1.3236189775e-04
3900 	 4006 	 6.4709640721e+01 	 1.2794474216e-04
4000 	 4108 	 6.4709639960e+01 	 1.4359981503e-04
4100 	 4211 	 6.4709639297e+01 	 8.2375167872e-05
4200 	 4316 	 6.4709638696e+01 	 9.0174236081e-05
4300 	 4418 	 6.4709638191e+01 	 1.1086351537e-04
4400 	 4520 	 6.4709637636e+01 	 2.3701075516e-04
4500 	 4622 	 6.4709637037e+01 	 1.4122623597e-04
4600 	 4726 	 6.4709636335e+01 	 1.0970819035e-04
4700 	 4829 	 6.4709635718e+01 	 1.8997134202e-04
4800 	 4930 	 6.4709635184e+01 	 9.2608380793e-05
4900 	 5033 	 6.4709634639e+01 	 7.2209744552e-05
5000 	 5136 	 6.4709634148e+01 	 9.2520215908e-05
5100 	 5240 	 6.4709633848e+01 	 7.4923457183e-05
5200 	 5342 	 6.4709633663e+01 	 9.5914366952e-05
5300 	 5445 	 6.4709633547e+01 	 4.2505548615e-05
5400 	 5549 	 6.4709633479e+01 	 3.6107601628e-05
5500 	 5650 	 6.4709633431e+01 	 3.5807361390e-05
5600 	 5754 	 6.4709633404e+01 	 1.1838494719e-05
5700 	 5856 	 6.4709633394e+01 	 9.4295885650e-06
5800 	 5958 	 6.4709633390e+01 	 4.9493746277e-06
5900 	 6060 	 6.4709633389e+01 	 1.0183536126e-05
6000 	 6164 	 6.4709633387e+01 	 1.0170875979e-05
6100 	 6266 	 6.4709633386e+01 	 2.7800711230e-06
6200 	 6371 	 6.4709633385e+01 	 3.4638704254e-06
6300 	 6474 	 6.4709633385e+01 	 2.3231881487e-06
6400 	 6578 	 6.4709633384e+01 	 3.6700609144e-06
6500 	 6678 	 6.4709633384e+01 	 3.0819550770e-06
6600 	 6782 	 6.4709633383e+01 	 2.9499974293e-06
6700 	 6884 	 6.4709633382e+01 	 2.8015845793e-06
6800 	 6986 	 6.4709633381e+01 	 3.4415405416e-06
6900 	 7089 	 6.4709633381e+01 	 7.4663532514e-06
7000 	 7192 	 6.4709633380e+01 	 1.9885953379e-06
7100 	 7295 	 6.4709633380e+01 	 2.4054930334e-06
7200 	 7397 	 6.4709633379e+01 	 3.1712027003e-06
7300 	 7500 	 6.4709633379e+01 	 8.9159751288e-07
7400 	 7603 	 6.4709633379e+01 	 1.1841787630e-06
7500 	 7707 	 6.4709633379e+01 	 1.1132722745e-06
7600 	 7810 	 6.4709633379e+01 	 1.1233424671e-06
7700 	 7916 	 6.4709633379e+01 	 9.2348932984e-07
7800 	 8021 	 6.4709633379e+01 	 6.9047242831e-07
7900 	 8127 	 6.4709633379e+01 	 1.0927545703e-06
8000 	 8236 	 6.4709633379e+01 	 1.6432773664e-06
8100 	 8340 	 6.4709633379e+01 	 1.3266035287e-06
8200 	 8445 	 6.4709633379e+01 	 6.8687952256e-07
8300 	 8548 	 6.4709633379e+01 	 8.6611147897e-07
8400 	 8654 	 6.4709633379e+01 	 1.1150656130e-06
8500 	 8770 	 6.4709633379e+01 	 9.8738254332e-07
8600 	 8884 	 6.4709633379e+01 	 5.1389074253e-07
8700 	 9000 	 6.4709633379e+01 	 3.8325348110e-07
8800 	 9111 	 6.4709633379e+01 	 4.9376765597e-07
8900 	 9234 	 6.4709633379e+01 	 3.6330928620e-07
9000 	 9376 	 6.4709633379e+01 	 1.4215513457e-07
# ---- 
 1 		 9016 	 9410 		 7.1085246297e+01 	 6.4709633379e+01 	 9.4778598386e-08
# ---- 
100 	 108 	 6.4520744683e+01 	 1.5128275687e-01
200 	 209 	 6.4395289874e+01 	 3.3274496844e-02
300 	 311 	 6.4369636749e+01 	 2.0073399646e-02
400 	 412 	 6.4362996580e+01 	 7.6089269159e-03
500 	 517 	 6.4361272590e+01 	 4.6566546378e-03
600 	 619 	 6.4360580379e+01 	 3.0653356121e-03
700 	 721 	 6.4359997377e+01 	 3.7674958306e-03
800 	 823 	 6.4359538132e+01 	 2.2235322173e-03
900 	 924 	 6.4359240967e+01 	 5.2486066109e-03
1000 	 1025 	 6.4359062163e+01 	 1.6344617621e-03
1100 	 1127 	 6.4358944809e+01 	 1.7836432667e-03
1200 	 1231 	 6.4358851812e+01 	 1.7996561460e-03
1300 	 1335 	 6.4358757842e+01 	 1.2653634190e-03
1400 	 1438 	 6.4358644976e+01 	 1.4807912437e-03
1500 	 1540 	 6.4358569263e+01 	 8.5771413282e-04
1600 	 1642 	 6.4358515416e+01 	 8.7012536475e-04
1700 	 1744 	 6.4358460922e+01 	 7.7232722344e-04
1800 	 1846 	 6.4358417339e+01 	 8.9438464648e-04
1900 	 1948 	 6.4358370749e+01 	 1.1979302324e-03
2000 	 2051 	 6.4358334824e+01 	 4.8629593231e-04
2100 	 2154 	 6.4358304065e+01 	 8.5738167281e-04
2200 	 2256 	 6.4358272078e+01 	 9.0142290364e-04
2300 	 2359 	 6.4358242031e+01 	 1.1587215608e-03
2400 	 2461 	 6.4358217991e+01 	 7.3106765789e-04
2500 	 2562 	 6.4358198413e+01 	 5.9028715566e-04
2600 	 2664 	 6.4358177710e+01 	 5.4373489737e-04
2700 	 2765 	 6.4358161055e+01 	 5.1275602832e-04
2800 	 2867 	 6.4358146627e+01 	 2.7525707260e-04
2900 	 2970 	 6.4358132775e+01 	 2.9283432287e-04
3000 	 3075 	 6.4358123775e+01 	 3.3172329615e-04
3100 	 3179 	 6.4358114527e+01 	 7.5154194149e-04
3200 	 3281 	 6.4358106221e+01 	 7.9543902185e-04
3300 	 3386 	 6.4358100548e+01 	 2.3211337291e-04
3400 	 3489 	 6.4358097048e+01 	 1.8339662065e-04
3500 	 3592 	 6.4358094788e+01 	 1.7051753784e-04
3600 	 3695 	 6.4358091858e+01 	 3.4310268597e-04
3700 	 3798 	 6.4358089208e+01 	 1.7698287956e-04
3800 	 3902 	 6.4358086802e+01 	 1.9404372553e-04
3900 	 4004 	 6.4358084879e+01 	 1.0082097680e-04
4000 	 4109 	 6.4358083107e+01 	 1.6211717864e-04
4100 	 4210 	 6.4358081464e+01 	 1.0292421125e-04
4200 	 4313 	 6.4358079578e+01 	 1.5118852284e-04
4300 	 4416 	 6.4358078470e+01 	 1.2217870814e-04
4400 	 4517 	 6.4358077402e+01 	 2.4233609624e-04
4500 	 4622 	 6.4358076163e+01 	 1.5657201129e-04
4600 	 4724 	 6.4358075010e+01 	 2.1660109998e-04
4700 	 4828 	 6.4358073691e+01 	 2.0977520058e-04
4800 	 4929 	 6.4358072256e+01 	 1.4732707601e-04
4900 	 5032 	 6.4358071185e+01 	 1.1531749470e-04
5000 	 5134 	 6.4358070367e+01 	 7.3581603735e-05
5100 	 5236 	 6.4358069784e+01 	 8.9587883159e-05
5200 	 5339 	 6.4358069176e+01 	 2.2406192807e-04
5300 	 5441 	 6.4358068817e+01 	 5.9141765517e-05
5400 	 5543 	 6.4358068526e+01 	 5.1740094970e-05
5500 	 5644 	 6.4358068295e+01 	 1.2787171906e-04
5600 	 5747 	 6.4358068137e+01 	 3.5050113653e-05
5700 	 5851 	 6.4358068050e+01 	 5.6373720850e-05
5800 	 5954 	 6.4358067987e+01 	 4.9795857194e-05
5900 	 6057 	 6.4358067935e+01 	 2.2751740173e-05
6000 	 6160 	 6.4358067885e+01 	 3.3763745829e-05
6100 	 6262 	 6.4358067838e+01 	 1.8937005999e-05
6200 	 6364 	 6.4358067793e+01 	 2.1404314580e-05
6300 	 6465 	 6.4358067764e+01 	 1.6421716022e-05
6400 	 6567 	 6.4358067743e+01 	 1.4407990755e-05
6500 	 6669 	 6.4358067727e+01 	 1.6726365298e-05
6600 	 6771 	 6.4358067711e+01 	 9.6870983158e-06
6700 	 6875 	 6.4358067698e+01 	 1.2029342096e-05
6800 	 6978 	 6.4358067684e+01 	 1.5426714401e-05
6900 	 7079 	 6.4358067668e+01 	 1.5166400409e-05
7000 	 7182 	 6.4358067653e+01 	 1.5640580915e-05
7100 	 7283 	 6.4358067631e+01 	 1.4861299113e-05
7200 	 7386 	 6.4358067615e+01 	 1.1496764939e-05
7300 	 7490 	 6.4358067603e+01 	 1.2115977123e-05
7400 	 7592 	 6.4358067591e+01 	 1.8285811722e-05
7500 	 7693 	 6.4358067583e+01 	 7.2718126661e-06
7600 	 7798 	 6.4358067578e+01 	 7.3184311836e-06
7700 	 7901 	 6.4358067575e+01 	 8.6787280722e-06
7800 	 8005 	 6.4358067572e+01 	 8.4528342166e-06
7900 	 8108 	 6.4358067569e+01 	 5.0450648068e-06
8000 	 8208 	 6.4358067566e+01 	 6.4864834505e-06
8100 	 8311 	 6.4358067563e+01 	 4.9778775540e-06
8200 	 8415 	 6.4358067561e+01 	 7.3549636101e-06
8300 	 8519 	 6.4358067560e+01 	 5.9403892499e-06
8400 	 8621 	 6.4358067559e+01 	 5.6574446590e-06
8500 	 8723 	 6.4358067558e+01 	 3.4107123438e-06
8600 	 8825 	 6.4358067557e+01 	 3.5072892206e-06
8700 	 8932 	 6.4358067557e+01 	 3.2588848930e-06
8800 	 9035 	 6.4358067556e+01 	 3.6494353910e-06
8900 	 9139 	 6.4358067555e+01 	 4.8450457386e-06
9000 	 9241 	 6.4358067554e+01 	 2.0972725867e-06
9100 	 9342 	 6.4358067554e+01 	 2.2990907413e-06
9200 	 9444 	 6.4358067553e+01 	 2.5209739022e-06
9300 	 9546 	 6.4358067553e+01 	 1.1446847783e-06
9400 	 9649 	 6.4358067553e+01 	 9.9776161270e-07
9500 	 9750 	 6.4358067553e+01 	 7.3563427136e-07
9600 	 9855 	 6.4358067553e+01 	 1.3655838137e-06
9700 	 9959 	 6.4358067553e+01 	 1.6778161436e-06
9800 	 10062 	 6.4358067553e+01 	 6.7904175116e-07
9900 	 10165 	 6.4358067553e+01 	 1.4720946454e-06
10000 	 10268 	 6.4358067553e+01 	 1.0724235126e-06
10100 	 10372 	 6.4358067553e+01 	 1.3759251032e-06
10200 	 10476 	 6.4358067553e+01 	 9.7289759056e-07
10300 	 10581 	 6.4358067552e+01 	 1.2306197332e-06
10400 	 10682 	 6.4358067552e+01 	 9.2739116204e-07
10500 	 10787 	 6.4358067552e+01 	 1.1728202402e-06
10600 	 10894 	 6.4358067552e+01 	 1.3719402328e-06
10700 	 11028 	 6.4358067552e+01 	 8.7701522219e-07
# ---- 
 1 		 10746 	 11119 		 7.0743398384e+01 	 6.4358067552e+01 	 2.0656185253e-07
# ---- 
100 	 102 	 6.4202365089e+01 	 7.4797712273e-02
200 	 205 	 6.4089594923e+01 	 3.1978795162e-02
300 	 309 	 6.4065516349e+01 	 1.6313575610e-02
400 	 411 	 6.4058973357e+01 	 9.0727287407e-03
500 	 512 	 6.4057049882e+01 	 3.6940984704e-03
600 	 616 	 6.4056202654e+01 	 3.0682580467e-03
700 	 720 	 6.4055490613e+01 	 4.7123007336e-03
800 	 820 	 6.4054957050e+01 	 2.7201678793e-03
900 	 920 	 6.4054627030e+01 	 1.9430679882e-03
1000 	 1023 	 6.4054442978e+01 	 2.9565659756e-03
1100 	 1124 	 6.4054320645e+01 	 1.1229641375e-03
1200 	 1226 	 6.4054221703e+01 	 1.6727224627e-03
1300 	 1330 	 6.4054135463e+01 	 1.0097681663e-03
1400 	 1431 	 6.4054061980e+01 	 1.2502006516e-03
1500 	 1533 	 6.4053977072e+01 	 3.2454178241e-03
1600 	 1636 	 6.4053902814e+01 	 1.6906300738e-03
1700 	 1738 	 6.4053835427e+01 	 8.5300989019e-04
1800 	 1841 	 6.4053772870e+01 	 9.1696403185e-04
1900 	 1942 	 6.4053726082e+01 	 7.6562650126e-04
2000 	 2045 	 6.4053682309e+01 	 7.0850798521e-04
2100 	 2148 	 6.4053654584e+01 	 6.5306326378e-04
2200 	 2249 	 6.4053631178e+01 	 5.8398618919e-04
2300 	 2354 	 6.4053604499e+01 	 1.1333759574e-03
2400 	 2459 	 6.4053572540e+01 	 1.3573171142e-03
2500 	 2563 	 6.4053550226e+01 	 6.4430978132e-04
2600 	 2666 	 6.4053528676e+01 	 6.7518837765e-04
2700 	 2771 	 6.4053509062e+01 	 6.0334369278e-04
2800 	 2871 	 6.4053492270e+01 	 4.1503829681e-04
2900 	 2974 	 6.4053469509e+01 	 4.4279911418e-04
3000 	 3077 	 6.4053451465e+01 	 7.2232943381e-04
3100 	 3179 	 6.4053437862e+01 	 3.8928489648e-04
3200 	 3284 	 6.4053428944e+01 	 2.6832636422e-04
3300 	 3385 	 6.4053422659e+01 	 3.4983261029e-04
3400 	 3487 	 6.4053418150e+01 	 6.1723981463e-04
3500 	 3590 	 6.4053414256e+01 	 2.4409196000e-04
3600 	 3694 	 6.4053411173e+01 	 2.1204789299e-04
3700 	 3795 	 6.4053408571e+01 	 1.5563439402e-04
3800 	 3898 	 6.4053406148e+01 	 2.0691100758e-04
3900 	 3999 	 6.4053403509e+01 	 1.9966200338e-04
4000 	 4102 	 6.4053400503e+01 	 2.3690804483e-04
4100 	 4203 	 6.4053397586e+01 	 2.6288534230e-04
4200 	 4303 	 6.4053394861e+01 	 1.5679707441e-04
4300 	 4408 	 6.4053392811e+01 	 1.0137861224e-04
4400 	 4510 	 6.4053391307e+01 	 1.2561863741e-04
4500 	 4610 	 6.4053390298e+01 	 1.2955115168e-04
4600 	 4714 	 6.4053389123e+01 	 1.5417409042e-04
4700 	 4817 	 6.4053387619e+01 	 1.6744418773e-04
4800 	 4921 	 6.4053385826e+01 	 1.0110359456e-04
4900 	 5023 	 6.4053384612e+01 	 1.0037385801e-04
5000 	 5127 	 6.4053383749e+01 	 1.0126220416e-04
5100 	 5228 	 6.4053383061e+01 	 9.5044066535e-05
5200 	 5331 	 6.4053382545e+01 	 6.0297452139e-05
5300 	 5433 	 6.4053382126e+01 	 7.4210962669e-05
5400 	 5536 	 6.4053381703e+01 	 5.5650371033e-05
5500 	 5639 	 6.4053381304e+01 	 7.2711584041e-05
5600 	 5742 	 6.4053380996e+01 	 4.9263288787e-05
5700 	 5846 	 6.4053380866e+01 	 2.5681381310e-05
5800 	 5950 	 6.4053380791e+01 	 4.1081827153e-05
5900 	 6052 	 6.4053380660e+01 	 4.5512806810e-05
6000 	 6155 	 6.4053380548e+01 	 3.2895969609e-05
6100 	 6256 	 6.4053380442e+01 	 2.9027284915e-05
6200 	 6358 	 6.4053380342e+01 	 4.9762897941e-05
6300 	 6461 	 6.4053380231e+01 	 3.4696637256e-05
6400 	 6563 	 6.4053380122e+01 	 3.6121157584e-05
6500 	 6668 	 6.4053380012e+01 	 4.8861600101e-05
6600 	 6769 	 6.4053379938e+01 	 6.5020543015e-05
6700 	 6873 	 6.4053379888e+01 	 4.1380246009e-05
6800 	 6975 	 6.4053379853e+01 	 1.8866987000e-05
6900 	 7078 	 6.4053379832e+01 	 3.1394334275e-05
7000 	 7181 	 6.4053379814e+01 	 1.4934761918e-05
7100 	 7283 	 6.4053379797e+01 	 2.1575726722e-05
7200 	 7386 	 6.4053379781e+01 	 1.7773752604e-05
7300 	 7488 	 6.4053379772e+01 	 2.7682698144e-05
7400 	 7591 	 6.4053379761e+01 	 1.0014879309e-05
7500 	 7695 	 6.4053379754e+01 	 5.6899270501e-06
7600 	 7799 	 6.4053379750e+01 	 5.9492689284e-06
7700 	 7902 	 6.4053379746e+01 	 6.0322089366e-06
7800 	 8005 	 6.4053379741e+01 	 7.6076088882e-06
7900 	 8107 	 6.4053379735e+01 	 7.1298757586e-06
8000 	 8210 	 6.4053379726e+01 	 9.7293352244e-06
8100 	 8310 	 6.4053379716e+01 	 1.8053612560e-05
8200 	 8414 	 6.4053379705e+01 	 1.1446818873e-05
8300 	 8518 	 6.4053379696e+01 	 7.0841837118e-06
8400 	 8620 	 6.4053379692e+01 	 5.5110079188e-06
8500 	 8723 	 6.4053379689e+01 	 6.7328876659e-06
8600 	 8826 	 6.4053379688e+01 	 4.9322605432e-06
8700 	 8929 	 6.4053379686e+01 	 3.7438417826e-06
8800 	 9031 	 6.4053379685e+01 	 5.7333779200e-06
8900 	 9132 	 6.4053379684e+01 	 4.2492967806e-06
9000 	 9235 	 6.4053379683e+01 	 4.4895865307e-06
9100 	 9336 	 6.4053379682e+01 	 4.0851050415e-06
9200 	 9438 	 6.4053379681e+01 	 2.9367730969e-06
9300 	 9540 	 6.4053379680e+01 	 2.9311467594e-06
9400 	 9642 	 6.4053379679e+01 	 2.4711159990e-06
9500 	 9745 	 6.4053379679e+01 	 4.3669312111e-06
9600 	 9848 	 6.4053379678e+01 	 2.4289226458e-06
9700 	 9952 	 6.4053379678e+01 	 2.0627033187e-06
9800 	 10056 	 6.4053379678e+01 	 1.9206505743e-06
9900 	 10158 	 6.4053379677e+01 	 1.7494750890e-06
10000 	 10260 	 6.4053379677e+01 	 1.4056856086e-06
10100 	 10362 	 6.4053379677e+01 	 4.2953752081e-06
10200 	 10467 	 6.4053379676e+01 	 1.5798330886e-06
10300 	 10569 	 6.4053379676e+01 	 1.9022235099e-06
10400 	 10671 	 6.4053379676e+01 	 4.8628282486e-06
10500 	 10771 	 6.4053379676e+01 	 1.3107431457e-06
10600 	 10873 	 6.4053379676e+01 	 2.8362731012e-06
10700 	 10977 	 6.4053379675e+01 	 3.0890352334e-06
10800 	 11079 	 6.4053379675e+01 	 1.4235617901e-06
10900 	 11183 	 6.4053379675e+01 	 1.5905253916e-06
11000 	 11284 	 6.4053379675e+01 	 1.2340982729e-06
11100 	 11392 	 6.4053379675e+01 	 5.0775732276e-07
11200 	 11510 	 6.4053379675e+01 	 4.7407684782e-07
11300 	 11624 	 6.4053379675e+01 	 5.7593496481e-07
11400 	 11738 	 6.4053379675e+01 	 4.3650413627e-07
11500 	 11855 	 6.4053379675e+01 	 3.8115467058e-07
11600 	 11977 	 6.4053379675e+01 	 1.1186553501e-06
# ---- 
 1 		 11610 	 12006 		 7.0554812657e+01 	 6.4053379675e+01 	 5.3902623758e-07
# ---- 
100 	 105 	 6.3936975769e+01 	 6.5239854554e-02
200 	 207 	 6.3825126598e+01 	 2.4622493973e-02
300 	 309 	 6.3801682898e+01 	 1.9039846206e-02
400 	 410 	 6.3794781359e+01 	 1.0379411564e-02
500 	 513 	 6.3792603987e+01 	 4.0900006602e-03
600 	 614 	 6.3791600144e+01 	 9.7125265855e-03
700 	 716 	 6.3790799819e+01 	 3.7879965156e-03
800 	 819 	 6.3790149568e+01 	 6.5771854895e-03
900 	 919 	 6.3789768790e+01 	 1.5905815148e-03
1000 	 1021 	 6.3789595589e+01 	 1.2117396117e-03
1100 	 1121 	 6.3789469117e+01 	 1.1970353530e-03
1200 	 1222 	 6.3789377873e+01 	 1.0194400930e-03
1300 	 1325 	 6.3789310704e+01 	 8.1930712650e-04
1400 	 1428 	 6.3789241281e+01 	 1.4669230029e-03
1500 	 1529 	 6.3789190310e+01 	 1.3603737964e-03
1600 	 1630 	 6.3789133133e+01 	 8.1623468553e-04
1700 	 1732 	 6.3789077117e+01 	 6.9665797947e-04
1800 	 1833 	 6.3789014553e+01 	 7.7483607800e-04
1900 	 1936 	 6.3788966527e+01 	 1.6378128442e-03
2000 	 2039 	 6.3788927231e+01 	 8.4156110051e-04
2100 	 2141 	 6.3788902278e+01 	 5.9574703892e-04
2200 	 2243 	 6.3788886006e+01 	 5.3070870843e-04
2300 	 2344 	 6.3788864340e+01 	 5.4119090958e-04
2400 	 2445 	 6.3788838263e+01 	 6.1733774978e-04
2500 	 2547 	 6.3788820877e+01 	 4.6403206028e-04
2600 	 2647 	 6.3788804236e+01 	 4.9887946168e-04
2700 	 2748 	 6.3788786355e+01 	 4.4861536400e-04
2800 	 2852 	 6.3788763516e+01 	 5.3298234412e-04
2900 	 2956 	 6.3788741747e+01 	 4.3777624837e-04
3000 	 3057 	 6.3788723948e+01 	 3.2110547970e-04
3100 	 3161 	 6.3788709082e+01 	 4.3698740979e-04
3200 	 3262 	 6.3788695646e+01 	 3.1647299949e-04
3300 	 3363 	 6.3788685617e+01 	 2.8807948036e-04
3400 	 3464 	 6.3788675418e+01 	 4.5983024460e-04
3500 	 3567 	 6.3788668670e+01 	 2.7811073140e-04
3600 	 3669 	 6.3788663957e+01 	 1.6401257585e-04
3700 	 3771 	 6.3788660155e+01 	 1.8439600526e-04
3800 	 3875 	 6.3788655913e+01 	 2.1848110096e-04
3900 	 3976 	 6.3788651831e+01 	 2.4620088580e-04
4000 	 4078 	 6.3788647688e+01 	 3.2848961766e-04
4100 	 4182 	 6.3788641198e+01 	 2.2115865418e-04
4200 	 4285 	 6.3788635224e+01 	 2.4872303530e-04
4300 	 4388 	 6.3788629469e+01 	 2.6327203413e-04
4400 	 4491 	 6.3788625492e+01 	 3.3727076345e-04
4500 	 4596 	 6.3788622971e+01 	 2.5838223115e-04
4600 	 4699 	 6.3788621603e+01 	 9.7006060741e-05
4700 	 4800 	 6.3788620350e+01 	 1.1232292872e-04
4800 	 4904 	 6.3788619010e+01 	 2.0171492221e-04
4900 	 5008 	 6.3788617733e+01 	 1.0995360875e-04
5000 	 5110 	 6.3788616565e+01 	 7.8328646024e-05
5100 	 5212 	 6.3788615943e+01 	 1.3728240472e-04
5200 	 5314 	 6.3788615336e+01 	 9.8231965192e-05
5300 	 5415 	 6.3788614589e+01 	 9.6979586854e-05
5400 	 5516 	 6.3788613931e+01 	 2.0109569107e-04
5500 	 5619 	 6.3788613374e+01 	 5.8751467090e-05
5600 	 5721 	 6.3788612931e+01 	 6.2437603384e-05
5700 	 5824 	 6.3788612602e+01 	 5.8088699648e-05
5800 	 5925 	 6.3788612334e+01 	 5.5920618912e-05
5900 	 6028 	 6.3788611947e+01 	 1.0141726459e-04
6000 	 6131 	 6.3788611498e+01 	 1.7892193623e-04
6100 	 6233 	 6.3788611012e+01 	 7.9812117365e-05
6200 	 6337 	 6.3788610524e+01 	 5.9511467751e-05
6300 	 6440 	 6.3788610131e+01 	 6.8872172550e-05
6400 	 6545 	 6.3788609879e+01 	 5.9114820865e-05
6500 	 6648 	 6.3788609755e+01 	 4.8858948122e-05
6600 	 6750 	 6.3788609657e+01 	 4.1194195397e-05
6700 	 6852 	 6.3788609563e+01 	 2.5097150360e-05
6800 	 6954 	 6.3788609465e+01 	 5.3765669895e-05
6900 	 7056 	 6.3788609411e+01 	 4.6870784811e-05
7000 	 7159 	 6.3788609380e+01 	 2.4874297881e-05
7100 	 7261 	 6.3788609352e+01 	 2.0173697349e-05
7200 	 7361 	 6.3788609313e+01 	 2.9611869977e-05
7300 	 7461 	 6.3788609268e+01 	 3.5711211076e-05
7400 	 7561 	 6.3788609223e+01 	 3.5095722281e-05
7500 	 7665 	 6.3788609183e+01 	 1.4928181922e-05
7600 	 7767 	 6.3788609148e+01 	 4.0812375072e-05
7700 	 7867 	 6.3788609116e+01 	 2.7552938612e-05
7800 	 7970 	 6.3788609091e+01 	 1.6361408325e-05
7900 	 8073 	 6.3788609060e+01 	 2.5462391606e-05
8000 	 8177 	 6.3788609040e+01 	 9.3332013157e-06
8100 	 8279 	 6.3788609029e+01 	 1.9160510753e-05
8200 	 8382 	 6.3788609012e+01 	 1.8332416686e-05
8300 	 8484 	 6.3788608993e+01 	 2.5464954398e-05
8400 	 8586 	 6.3788608978e+01 	 2.8699713937e-05
8500 	 8691 	 6.3788608965e+01 	 1.1501635410e-05
8600 	 8794 	 6.3788608955e+01 	 1.1175533113e-05
8700 	 8896 	 6.3788608947e+01 	 8.0714688088e-06
8800 	 8999 	 6.3788608942e+01 	 1.2997123747e-05
8900 	 9103 	 6.3788608938e+01 	 7.8318229636e-06
9000 	 9206 	 6.3788608936e+01 	 5.3735311633e-06
9100 	 9310 	 6.3788608934e+01 	 4.9183977911e-06
9200 	 9414 	 6.3788608932e+01 	 3.5041983222e-06
9300 	 9519 	 6.3788608931e+01 	 2.9912052840e-06
9400 	 9622 	 6.3788608929e+01 	 4.3506666667e-06
9500 	 9724 	 6.3788608928e+01 	 3.7389786725e-06
9600 	 9825 	 6.3788608927e+01 	 4.2782680317e-06
9700 	 9927 	 6.3788608925e+01 	 3.8035751948e-06
9800 	 10029 	 6.3788608925e+01 	 2.6073575335e-06
9900 	 10131 	 6.3788608924e+01 	 2.1907422803e-06
10000 	 10231 	 6.3788608923e+01 	 2.1737126410e-06
10100 	 10334 	 6.3788608923e+01 	 4.9578578148e-06
10200 	 10436 	 6.3788608922e+01 	 3.7084533356e-06
10300 	 10539 	 6.3788608922e+01 	 5.0466418173e-06
10400 	 10644 	 6.3788608921e+01 	 2.8658897477e-06
10500 	 10747 	 6.3788608921e+01 	 2.1774762140e-06
10600 	 10851 	 6.3788608921e+01 	 2.7643315367e-06
10700 	 10954 	 6.3788608920e+01 	 1.9648922400e-06
10800 	 11056 	 6.3788608920e+01 	 2.7839164722e-06
10900 	 11157 	 6.3788608919e+01 	 2.5810413463e-06
11000 	 11259 	 6.3788608919e+01 	 2.1309446621e-06
11100 	 11361 	 6.3788608919e+01 	 1.5647669306e-06
11200 	 11462 	 6.3788608918e+01 	 2.7945022071e-06
11300 	 11566 	 6.3788608918e+01 	 1.8611169564e-06
11400 	 11667 	 6.3788608918e+01 	 6.7634458715e-07
11500 	 11768 	 6.3788608918e+01 	 8.2514444554e-07
11600 	 11870 	 6.3788608918e+01 	 9.8634807318e-07
11700 	 11975 	 6.3788608918e+01 	 8.5803064998e-07
11800 	 12078 	 6.3788608918e+01 	 4.8946607671e-07
11900 	 12184 	 6.3788608918e+01 	 8.3034423195e-07
12000 	 12291 	 6.3788608918e+01 	 6.3711662008e-07
12100 	 12396 	 6.3788608918e+01 	 4.4727148687e-07
12200 	 12507 	 6.3788608918e+01 	 3.5310871896e-07
12300 	 12620 	 6.3788608918e+01 	 4.5251336856e-07
12400 	 12732 	 6.3788608918e+01 	 9.4185563608e-07
12500 	 12839 	 6.3788608918e+01 	 4.9177919299e-07
12600 	 12946 	 6.3788608918e+01 	 5.1940428681e-07
12700 	 13064 	 6.3788608918e+01 	 5.4244647819e-07
12800 	 13171 	 6.3788608918e+01 	 1.6135358922e-07
# ---- 
 1 		 12837 	 13234 		 7.0351779603e+01 	 6.3788608918e+01 	 2.2506970566e-07
# ---- 
100 	 105 	 6.3707274298e+01 	 1.0880627251e-01
200 	 206 	 6.3593861859e+01 	 2.2962009693e-02
300 	 307 	 6.3570439046e+01 	 1.1119900946e-02
400 	 412 	 6.3563663747e+01 	 7.8908903648e-03
500 	 515 	 6.3561317039e+01 	 6.4795764260e-03
600 	 619 	 6.3560234604e+01 	 6.3117018014e-03
700 	 721 	 6.3559219404e+01 	 6.7655959417e-03
800 	 823 	 6.3558464842e+01 	 4.5423496948e-03
900 	 926 	 6.3558130826e+01 	 2.3906673488e-03
1000 	 1029 	 6.3557979192e+01 	 1.0192236007e-03
1100 	 1133 	 6.3557877763e+01 	 1.0930137967e-03
1200 	 1236 	 6.3557791706e+01 	 8.2900385000e-04
1300 	 1339 	 6.3557727234e+01 	 1.6494523421e-03
1400 	 1443 	 6.3557673060e+01 	 6.5217961918e-04
1500 	 1545 	 6.3557633018e+01 	 1.4242195505e-03
1600 	 1648 	 6.3557597545e+01 	 1.4624779839e-03
1700 	 1751 	 6.3557560974e+01 	 1.1963492446e-03
1800 	 1853 	 6.3557518944e+01 	 5.8756737861e-04
1900 	 1956 	 6.3557482167e+01 	 7.1785132227e-04
2000 	 2060 	 6.3557451615e+01 	 5.5273202150e-04
2100 	 2163 	 6.3557430698e+01 	 3.2700611870e-04
2200 	 2265 	 6.3557418562e+01 	 3.8849589765e-04
2300 	 2367 	 6.3557407192e+01 	 6.8425311898e-04
2400 	 2469 	 6.3557393726e+01 	 9.4475999271e-04
2500 	 2570 	 6.3557380334e+01 	 8.6894797122e-04
2600 	 2672 	 6.3557369472e+01 	 3.5850183977e-04
2700 	 2776 	 6.3557360177e+01 	 2.4423717852e-04
2800 	 2878 	 6.3557350120e+01 	 4.3935230470e-04
2900 	 2981 	 6.3557336244e+01 	 6.0950849699e-04
3000 	 3081 	 6.3557320349e+01 	 5.6437360362e-04
3100 	 3183 	 6.3557302779e+01 	 5.4242207754e-04
3200 	 3287 	 6.3557285275e+01 	 1.0037100700e-03
3300 	 3389 	 6.3557270019e+01 	 3.7645802882e-04
3400 	 3492 	 6.3557258081e+01 	 4.1890405556e-04
3500 	 3595 	 6.3557250056e+01 	 4.2127856815e-04
3600 	 3698 	 6.3557245280e+01 	 2.1033693511e-04
3700 	 3802 	 6.3557242846e+01 	 2.3959122211e-04
3800 	 3904 	 6.3557240632e+01 	 1.3966547763e-04
3900 	 4006 	 6.3557238276e+01 	 2.3011686874e-04
4000 	 4111 	 6.3557236579e+01 	 2.7787077897e-04
4100 	 4214 	 6.3557234948e+01 	 1.3608112604e-04
4200 	 4316 	 6.3557232852e+01 	 2.9973018977e-04
4300 	 4419 	 6.3557230512e+01 	 1.8769505033e-04
4400 	 4520 	 6.3557228223e+01 	 2.3797368442e-04
4500 	 4624 	 6.3557226371e+01 	 1.9560399617e-04
4600 	 4727 	 6.3557225489e+01 	 7.4453308379e-05
4700 	 4829 	 6.3557224673e+01 	 7.8648242746e-05
4800 	 4932 	 6.3557223853e+01 	 1.1445487395e-04
4900 	 5033 	 6.3557222958e+01 	 1.0544890261e-04
5000 	 5136 	 6.3557222230e+01 	 1.1524753578e-04
5100 	 5241 	 6.3557221514e+01 	 9.1207114516e-05
5200 	 5344 	 6.3557220715e+01 	 1.1289003810e-04
5300 	 5447 	 6.3557220039e+01 	 1.2729609850e-04
5400 	 5551 	 6.3557219422e+01 	 6.5272813314e-05
5500 	 5656 	 6.3557218787e+01 	 7.7156851013e-05
5600 	 5758 	 6.3557218382e+01 	 6.1078283906e-05
5700 	 5861 	 6.3557218117e+01 	 5.2552066178e-05
5800 	 5965 	 6.3557217869e+01 	 5.1319783429e-05
5900 	 6069 	 6.3557217703e+01 	 8.0231112045e-05
6000 	 6171 	 6.3557217611e+01 	 3.7201338836e-05
6100 	 6275 	 6.3557217554e+01 	 1.9430761644e-05
6200 	 6378 	 6.3557217503e+01 	 1.4420784358e-05
6300 	 6482 	 6.3557217475e+01 	 1.6113788343e-05
6400 	 6584 	 6.3557217454e+01 	 2.1112121918e-05
6500 	 6687 	 6.3557217437e+01 	 1.2397282997e-05
6600 	 6790 	 6.3557217427e+01 	 1.5722657002e-05
6700 	 6891 	 6.3557217419e+01 	 1.1538458504e-05
6800 	 6992 	 6.3557217409e+01 	 1.5898564837e-05
6900 	 7094 	 6.3557217396e+01 	 1.2876511802e-05
7000 	 7197 	 6.3557217384e+01 	 9.6574183369e-06
7100 	 7299 	 6.3557217376e+01 	 7.1909393924e-06
7200 	 7401 	 6.3557217370e+01 	 1.0401866711e-05
7300 	 7503 	 6.3557217364e+01 	 1.4787584781e-05
7400 	 7605 	 6.3557217360e+01 	 9.3234495966e-06
7500 	 7708 	 6.3557217357e+01 	 9.4011095267e-06
7600 	 7811 	 6.3557217352e+01 	 8.2808523747e-06
7700 	 7912 	 6.3557217345e+01 	 7.2471877698e-06
7800 	 8015 	 6.3557217339e+01 	 1.0362802119e-05
7900 	 8119 	 6.3557217335e+01 	 9.4159713162e-06
8000 	 8221 	 6.3557217330e+01 	 1.4954110356e-05
8100 	 8325 	 6.3557217325e+01 	 5.6846861628e-06
8200 	 8427 	 6.3557217320e+01 	 1.0190518122e-05
8300 	 8531 	 6.3557217315e+01 	 1.8627084580e-05
8400 	 8634 	 6.3557217312e+01 	 5.1722487873e-06
8500 	 8738 	 6.3557217310e+01 	 3.0359615741e-06
8600 	 8841 	 6.3557217309e+01 	 6.4705699756e-06
8700 	 8943 	 6.3557217308e+01 	 3.9423668831e-06
8800 	 9046 	 6.3557217307e+01 	 8.2767123646e-06
8900 	 9149 	 6.3557217307e+01 	 2.8126813100e-06
9000 	 9252 	 6.3557217306e+01 	 2.3767598869e-06
9100 	 9357 	 6.3557217305e+01 	 2.2571113619e-06
9200 	 9461 	 6.3557217304e+01 	 2.3417894109e-06
9300 	 9564 	 6.3557217303e+01 	 3.9404289920e-06
9400 	 9666 	 6.3557217303e+01 	 2.5649071059e-06
9500 	 9768 	 6.3557217302e+01 	 3.0572312649e-06
9600 	 9872 	 6.3557217301e+01 	 2.8900411160e-06
9700 	 9974 	 6.3557217301e+01 	 2.2589454110e-06
9800 	 10076 	 6.3557217300e+01 	 1.7822044914e-06
9900 	 10181 	 6.3557217300e+01 	 3.9387760507e-06
10000 	 10285 	 6.3557217300e+01 	 2.2842716810e-06
10100 	 10388 	 6.3557217300e+01 	 3.0830413262e-06
10200 	 10492 	 6.3557217299e+01 	 1.3937594051e-06
10300 	 10593 	 6.3557217299e+01 	 1.0132915796e-06
10400 	 10696 	 6.3557217299e+01 	 3.1630544290e-06
10500 	 10797 	 6.3557217299e+01 	 9.5095022143e-07
10600 	 10899 	 6.3557217299e+01 	 9.2880161530e-07
10700 	 11002 	 6.3557217299e+01 	 1.9330170605e-06
10800 	 11105 	 6.3557217299e+01 	 8.4721243330e-07
10900 	 11211 	 6.3557217299e+01 	 1.1818276617e-06
11000 	 11318 	 6.3557217299e+01 	 5.8119265770e-07
11100 	 11425 	 6.3557217299e+01 	 4.5791463268e-07
11200 	 11540 	 6.3557217299e+01 	 3.8434265298e-07
11300 	 11657 	 6.3557217299e+01 	 2.0030030663e-07
11400 	 11779 	 6.3557217299e+01 	 1.5016041032e-07
11500 	 11903 	 6.3557217299e+01 	 2.5935096950e-07
# ---- 
 1 		 11558 	 11984 		 7.0145195371e+01 	 6.3557217299e+01 	 2.7346905428e-07
# ---- 
100 	 107 	 6.3509377054e+01 	 6.4582034643e-02
200 	 208 	 6.3390398713e+01 	 3.8600100712e-02
300 	 310 	 6.3366921638e+01 	 3.4196027444e-02
400 	 413 	 6.3359984407e+01 	 1.6298652431e-02
500 	 517 	 6.3357302951e+01 	 5.5684426847e-03
600 	 618 	 6.3356004869e+01 	 4.1077299271e-03
700 	 718 	 6.3355101920e+01 	 5.2045890645e-03
800 	 820 	 6.3354463123e+01 	 3.4300397221e-03
900 	 922 	 6.3354128506e+01 	 1.6989036452e-03
1000 	 1024 	 6.3353972301e+01 	 2.4914730807e-03
1100 	 1127 	 6.3353884003e+01 	 1.1298326199e-03
1200 	 1230 	 6.3353820409e+01 	 1.7917892143e-03
1300 	 1332 	 6.3353771365e+01 	 7.1175744817e-04
1400 	 1434 	 6.3353726639e+01 	 6.5858592805e-04
1500 	 1536 	 6.3353689559e+01 	 6.7346052727e-04
1600 	 1637 	 6.3353663463e+01 	 5.4049017863e-04
1700 	 1738 	 6.3353639077e+01 	 6.3079707130e-04
1800 	 1839 	 6.3353607071e+01 	 7.8623873176e-04
1900 	 1941 	 6.3353574805e+01 	 4.8106607823e-04
2000 	 2041 	 6.3353551605e+01 	 1.3062962344e-03
2100 	 2144 	 6.3353525093e+01 	 5.6580018955e-04
2200 	 2247 	 6.3353511682e+01 	 5.0610356634e-04
2300 	 2350 	 6.3353498721e+01 	 6.1266299655e-04
2400 	 2451 	 6.3353482540e+01 	 5.9490524431e-04
2500 	 2554 	 6.3353467943e+01 	 4.2227701764e-04
2600 	 2657 	 6.3353456323e+01 	 4.1409620721e-04
2700 	 2759 	 6.3353446109e+01 	 5.1066452703e-04
2800 	 2860 	 6.3353434707e+01 	 1.2039826824e-03
2900 	 2962 	 6.3353420763e+01 	 6.6087841080e-04
3000 	 3066 	 6.3353401490e+01 	 6.2407662505e-04
3100 	 3171 	 6.3353386079e+01 	 7.0764416650e-04
3200 	 3274 	 6.3353372895e+01 	 4.9123025124e-04
3300 	 3375 	 6.3353359096e+01 	 3.3021680049e-04
3400 	 3478 	 6.3353346968e+01 	 4.1645487849e-04
3500 	 3579 	 6.3353337218e+01 	 4.6817994761e-04
3600 	 3681 	 6.3353331260e+01 	 2.1326091736e-04
3700 	 3783 	 6.3353327289e+01 	 1.5995032878e-04
3800 	 3885 	 6.3353323594e+01 	 2.4694800406e-04
3900 	 3987 	 6.3353320578e+01 	 1.9147150528e-04
4000 	 4090 	 6.3353317659e+01 	 1.6094724883e-04
4100 	 4193 	 6.3353316037e+01 	 1.3375355174e-04
4200 	 4296 	 6.3353313749e+01 	 1.9355356851e-04
4300 	 4398 	 6.3353310801e+01 	 2.2621369547e-04
4400 	 4501 	 6.3353307210e+01 	 2.8051806119e-04
4500 	 4604 	 6.3353304940e+01 	 1.2321799056e-04
4600 	 4708 	 6.3353303613e+01 	 1.3872340818e-04
4700 	 4810 	 6.3353302808e+01 	 7.4802284753e-05
4800 	 4910 	 6.3353301955e+01 	 1.4099331409e-04
4900 	 5013 	 6.3353300937e+01 	 1.8056746804e-04
5000 	 5116 	 6.3353299446e+01 	 1.4851488469e-04
5100 	 5218 	 6.3353297875e+01 	 1.1000417969e-04
5200 	 5322 	 6.3353296654e+01 	 1.0768238712e-04
5300 	 5427 	 6.3353295518e+01 	 1.1473652179e-04
5400 	 5530 	 6.3353294637e+01 	 1.8141760251e-04
5500 	 5632 	 6.3353293832e+01 	 1.8602184928e-04
5600 	 5734 	 6.3353293383e+01 	 6.2482802322e-05
5700 	 5836 	 6.3353293110e+01 	 5.1214870975e-05
5800 	 5937 	 6.3353292942e+01 	 4.0179035654e-05
5900 	 6039 	 6.3353292802e+01 	 4.8273732547e-05
6000 	 6142 	 6.3353292659e+01 	 5.4562792414e-05
6100 	 6245 	 6.3353292541e+01 	 3.3245951741e-05
6200 	 6347 	 6.3353292441e+01 	 3.3625653711e-05
6300 	 6450 	 6.3353292375e+01 	 2.4016018294e-05
6400 	 6551 	 6.3353292327e+01 	 1.7278855080e-05
6500 	 6654 	 6.3353292295e+01 	 1.7543925500e-05
6600 	 6756 	 6.3353292271e+01 	 1.9747484282e-05
6700 	 6858 	 6.3353292247e+01 	 1.2212426870e-05
6800 	 6961 	 6.3353292229e+01 	 1.4222260235e-05
6900 	 7065 	 6.3353292212e+01 	 1.2929160721e-05
7000 	 7168 	 6.3353292197e+01 	 1.0122594487e-05
7100 	 7272 	 6.3353292179e+01 	 1.6636003281e-05
7200 	 7378 	 6.3353292162e+01 	 1.1983995970e-05
7300 	 7482 	 6.3353292141e+01 	 1.4343608395e-05
7400 	 7584 	 6.3353292116e+01 	 1.7013785588e-05
7500 	 7688 	 6.3353292098e+01 	 3.0386730622e-05
7600 	 7791 	 6.3353292081e+01 	 1.1441548105e-05
7700 	 7895 	 6.3353292062e+01 	 1.8080775519e-05
7800 	 7997 	 6.3353292038e+01 	 2.8370420939e-05
7900 	 8099 	 6.3353292011e+01 	 1.4650596790e-05
8000 	 8202 	 6.3353291991e+01 	 2.4726689435e-05
8100 	 8305 	 6.3353291980e+01 	 2.6203155947e-05
8200 	 8409 	 6.3353291972e+01 	 1.0073573735e-05
8300 	 8509 	 6.3353291966e+01 	 8.8179901696e-06
8400 	 8613 	 6.3353291960e+01 	 7.4695178029e-06
8500 	 8716 	 6.3353291956e+01 	 7.6770124077e-06
8600 	 8821 	 6.3353291951e+01 	 6.9569983337e-06
8700 	 8923 	 6.3353291948e+01 	 4.7496863225e-06
8800 	 9027 	 6.3353291945e+01 	 3.8707708014e-06
8900 	 9131 	 6.3353291944e+01 	 3.6279541835e-06
9000 	 9234 	 6.3353291943e+01 	 3.4500316267e-06
9100 	 9337 	 6.3353291942e+01 	 2.0219634478e-06
9200 	 9438 	 6.3353291942e+01 	 1.8590836458e-06
9300 	 9541 	 6.3353291942e+01 	 1.2774473122e-06
9400 	 9644 	 6.3353291941e+01 	 2.5544903680e-06
9500 	 9749 	 6.3353291941e+01 	 2.4231404321e-06
9600 	 9849 	 6.3353291941e+01 	 2.6754774309e-06
9700 	 9952 	 6.3353291941e+01 	 1.7708928705e-06
9800 	 10053 	 6.3353291941e+01 	 1.4497587534e-06
9900 	 10155 	 6.3353291941e+01 	 7.9780772281e-07
10000 	 10258 	 6.3353291941e+01 	 8.8283897166e-07
10100 	 10360 	 6.3353291941e+01 	 2.0334745683e-06
10200 	 10462 	 6.3353291941e+01 	 1.0778428147e-06
10300 	 10564 	 6.3353291941e+01 	 8.2242508948e-07
10400 	 10671 	 6.3353291941e+01 	 6.8921088066e-07
10500 	 10781 	 6.3353291941e+01 	 4.7466126039e-07
10600 	 10886 	 6.3353291941e+01 	 6.7944878890e-07
10700 	 10992 	 6.3353291941e+01 	 6.0633310116e-07
10800 	 11100 	 6.3353291941e+01 	 6.9663622992e-07
10900 	 11205 	 6.3353291940e+01 	 4.2267729934e-07
11000 	 11318 	 6.3353291940e+01 	 3.0604773574e-07
11100 	 11431 	 6.3353291940e+01 	 3.8114367820e-07
11200 	 11543 	 6.3353291940e+01 	 3.6026020239e-07
11300 	 11657 	 6.3353291940e+01 	 1.6393945446e-07
11400 	 11774 	 6.3353291940e+01 	 1.0712342570e-07
# ---- 
 1 		 11478 	 11886 		 6.9953516325e+01 	 6.3353291940e+01 	 2.7196015726e-07
# ---- 
100 	 111 	 6.3311650501e+01 	 7.0493664408e-02
200 	 213 	 6.3209729318e+01 	 3.1121199512e-02
300 	 314 	 6.3187461520e+01 	 1.4136520031e-02
400 	 416 	 6.3180399997e+01 	 8.4540405551e-03
500 	 520 	 6.3177730333e+01 	 6.5524375461e-03
600 	 620 	 6.3176341824e+01 	 3.0509130661e-03
700 	 722 	 6.3175524694e+01 	 2.4958592638e-03
800 	 825 	 6.3174923370e+01 	 2.8644526405e-03
900 	 926 	 6.3174595974e+01 	 1.6407483613e-03
1000 	 1028 	 6.3174450319e+01 	 1.8882412550e-03
1100 	 1130 	 6.3174374082e+01 	 9.5111405948e-04
1200 	 1233 	 6.3174322566e+01 	 2.3041253522e-03
1300 	 1333 	 6.3174276582e+01 	 7.7002574851e-04
1400 	 1436 	 6.3174237471e+01 	 6.6040544955e-04
1500 	 1538 	 6.3174201561e+01 	 5.7638127684e-04
1600 	 1638 	 6.3174181085e+01 	 3.7333937172e-04
1700 	 1740 	 6.3174156688e+01 	 6.3942178469e-04
1800 	 1842 	 6.3174128043e+01 	 6.1244691378e-04
1900 	 1945 	 6.3174098243e+01 	 7.6417851898e-04
2000 	 2046 	 6.3174070237e+01 	 7.2273301952e-04
2100 	 2150 	 6.3174044920e+01 	 1.3398061235e-03
2200 	 2251 	 6.3174027061e+01 	 4.2183405286e-04
2300 	 2353 	 6.3174009672e+01 	 5.2060222307e-04
2400 	 2456 	 6.3173985901e+01 	 5.4576539738e-04
2500 	 2559 	 6.3173967396e+01 	 9.1350993546e-04
2600 	 2665 	 6.3173952798e+01 	 4.2262873813e-04
2700 	 2769 	 6.3173940408e+01 	 3.1265803051e-04
2800 	 2871 	 6.3173927266e+01 	 4.3904086890e-04
2900 	 2974 	 6.3173910620e+01 	 6.3696702838e-04
3000 	 3077 	 6.3173890555e+01 	 6.4532058924e-04
3100 	 3178 	 6.3173871398e+01 	 5.5435032577e-04
3200 	 3280 	 6.3173855361e+01 	 7.4893998457e-04
3300 	 3380 	 6.3173840464e+01 	 7.7538694185e-04
3400 	 3484 	 6.3173827993e+01 	 7.1434892573e-04
3500 	 3587 	 6.3173818338e+01 	 3.1966185979e-04
3600 	 3692 	 6.3173811930e+01 	 2.8148886309e-04
3700 	 3794 	 6.3173807226e+01 	 3.6014125732e-04
3800 	 3894 	 6.3173803986e+01 	 1.8908382074e-04
3900 	 3998 	 6.3173800681e+01 	 1.6413836211e-04
4000 	 4102 	 6.3173797064e+01 	 3.1052586776e-04
4100 	 4206 	 6.3173794757e+01 	 3.8894905448e-04
4200 	 4307 	 6.3173791915e+01 	 1.7121557614e-04
4300 	 4409 	 6.3173787488e+01 	 2.1997537479e-04
4400 	 4510 	 6.3173781772e+01 	 2.8259808751e-04
4500 	 4614 	 6.3173775620e+01 	 2.2959304588e-04
4600 	 4715 	 6.3173771800e+01 	 3.9967444914e-04
4700 	 4817 	 6.3173768907e+01 	 1.8806226041e-04
4800 	 4921 	 6.3173767061e+01 	 1.3270634444e-04
4900 	 5024 	 6.3173765795e+01 	 8.4289368186e-05
5000 	 5128 	 6.3173764648e+01 	 1.3705995135e-04
5100 	 5230 	 6.3173763290e+01 	 2.9920203432e-04
5200 	 5333 	 6.3173761665e+01 	 1.4283552090e-04
5300 	 5436 	 6.3173759925e+01 	 1.2043398839e-04
5400 	 5538 	 6.3173758289e+01 	 9.5902755496e-05
5500 	 5639 	 6.3173757228e+01 	 9.6785840831e-05
5600 	 5742 	 6.3173756354e+01 	 1.1035380669e-04
5700 	 5847 	 6.3173755739e+01 	 1.3572642622e-04
5800 	 5950 	 6.3173755269e+01 	 1.0359899879e-04
5900 	 6053 	 6.3173755007e+01 	 7.8628427922e-05
6000 	 6156 	 6.3173754865e+01 	 3.7763717857e-05
6100 	 6258 	 6.3173754776e+01 	 3.1816063847e-05
6200 	 6360 	 6.3173754723e+01 	 2.2873339968e-05
6300 	 6464 	 6.3173754678e+01 	 2.5395032830e-05
6400 	 6567 	 6.3173754622e+01 	 5.8615873381e-05
6500 	 6668 	 6.3173754566e+01 	 4.2855586263e-05
6600 	 6771 	 6.3173754509e+01 	 2.4331733642e-05
6700 	 6872 	 6.3173754439e+01 	 8.6884895835e-05
6800 	 6973 	 6.3173754365e+01 	 3.8856061810e-05
6900 	 7076 	 6.3173754296e+01 	 2.8939758318e-05
7000 	 7177 	 6.3173754227e+01 	 3.0812829884e-05
7100 	 7282 	 6.3173754139e+01 	 4.2943372051e-05
7200 	 7385 	 6.3173754051e+01 	 2.9944671803e-05
7300 	 7489 	 6.3173753992e+01 	 5.1172901391e-05
7400 	 7593 	 6.3173753939e+01 	 2.5429349334e-05
7500 	 7696 	 6.3173753907e+01 	 1.6441071586e-05
7600 	 7799 	 6.3173753889e+01 	 1.7626094200e-05
7700 	 7901 	 6.3173753872e+01 	 2.0041558921e-05
7800 	 8006 	 6.3173753854e+01 	 1.4102678740e-05
7900 	 8108 	 6.3173753840e+01 	 2.1593795968e-05
8000 	 8209 	 6.3173753828e+01 	 1.4319512762e-05
8100 	 8311 	 6.3173753813e+01 	 1.4091775128e-05
8200 	 8413 	 6.3173753802e+01 	 1.9170713308e-05
8300 	 8518 	 6.3173753792e+01 	 1.7038492190e-05
8400 	 8620 	 6.3173753781e+01 	 9.6698082188e-06
8500 	 8721 	 6.3173753772e+01 	 7.8081009052e-06
8600 	 8823 	 6.3173753767e+01 	 8.9849100288e-06
8700 	 8924 	 6.3173753761e+01 	 7.1524455738e-06
8800 	 9026 	 6.3173753757e+01 	 6.2532302385e-06
8900 	 9127 	 6.3173753753e+01 	 7.5491752916e-06
9000 	 9228 	 6.3173753748e+01 	 1.1602107649e-05
9100 	 9329 	 6.3173753744e+01 	 1.0256860321e-05
9200 	 9431 	 6.3173753740e+01 	 8.4273016681e-06
9300 	 9534 	 6.3173753736e+01 	 7.6729502299e-06
9400 	 9636 	 6.3173753732e+01 	 6.0653988933e-06
9500 	 9737 	 6.3173753728e+01 	 5.1934580547e-06
9600 	 9840 	 6.3173753725e+01 	 8.6191133763e-06
9700 	 9943 	 6.3173753722e+01 	 1.3566117772e-05
9800 	 10045 	 6.3173753720e+01 	 3.9276125247e-06
9900 	 10147 	 6.3173753719e+01 	 3.9197308842e-06
10000 	 10251 	 6.3173753717e+01 	 4.8791067959e-06
10100 	 10352 	 6.3173753716e+01 	 5.7432926345e-06
10200 	 10455 	 6.3173753715e+01 	 2.4122081876e-06
10300 	 10558 	 6.3173753714e+01 	 7.1094737360e-06
10400 	 10660 	 6.3173753714e+01 	 2.6655689520e-06
10500 	 10761 	 6.3173753714e+01 	 1.7323703009e-06
10600 	 10864 	 6.3173753713e+01 	 2.4175471402e-06
10700 	 10965 	 6.3173753713e+01 	 1.4661914945e-06
10800 	 11069 	 6.3173753713e+01 	 1.8194875693e-06
10900 	 11169 	 6.3173753713e+01 	 1.3330830993e-06
11000 	 11274 	 6.3173753712e+01 	 1.4774671232e-06
11100 	 11376 	 6.3173753712e+01 	 1.3161724045e-06
11200 	 11479 	 6.3173753712e+01 	 1.4089795359e-06
11300 	 11581 	 6.3173753712e+01 	 5.4220245294e-06
11400 	 11684 	 6.3173753711e+01 	 2.4832002712e-06
11500 	 11786 	 6.3173753711e+01 	 3.1866920974e-06
11600 	 11890 	 6.3173753711e+01 	 1.5213737865e-06
11700 	 11994 	 6.3173753711e+01 	 3.1938376306e-06
11800 	 12097 	 6.3173753710e+01 	 1.2083234149e-06
11900 	 12201 	 6.3173753710e+01 	 1.0688419593e-06
12000 	 12306 	 6.3173753710e+01 	 1.1339357557e-06
12100 	 12409 	 6.3173753710e+01 	 8.7400674196e-07
12200 	 12513 	 6.3173753710e+01 	 1.5093823177e-06
12300 	 12620 	 6.3173753710e+01 	 1.0444637915e-06
12400 	 12732 	 6.3173753710e+01 	 1.1128206317e-06
12500 	 12839 	 6.3173753710e+01 	 6.4996054015e-07
12600 	 12945 	 6.3173753710e+01 	 1.2243448815e-06
12700 	 13051 	 6.3173753710e+01 	 1.6299112431e-06
12800 	 13158 	 6.3173753710e+01 	 9.0812096698e-07
12900 	 13271 	 6.3173753710e+01 	 4.0278838956e-07
13000 	 13382 	 6.3173753710e+01 	 3.1809540924e-07
13100 	 13494 	 6.3173753710e+01 	 4.5745989155e-07
13200 	 13602 	 6.3173753710e+01 	 7.8145931023e-07
13300 	 13707 	 6.3173753710e+01 	 5.4281474262e-07
13400 	 13812 	 6.3173753710e+01 	 1.1386553648e-06
13500 	 13923 	 6.3173753710e+01 	 5.8037348813e-07
13600 	 14031 	 6.3173753710e+01 	 4.1337686864e-07
13700 	 14140 	 6.3173753710e+01 	 4.7963923714e-07
13800 	 14252 	 6.3173753710e+01 	 7.2898556742e-07
# ---- 
 1 		 13893 	 14366 		 6.9725489020e+01 	 6.3173753710e+01 	 4.9790903089e-07
# ---- 
100 	 101 	 6.3137739697e+01 	 7.6644008526e-02
200 	 202 	 6.3050472952e+01 	 6.3391339498e-02
300 	 305 	 6.3029353608e+01 	 1.3852078465e-02
400 	 408 	 6.3022445710e+01 	 7.0715496189e-03
500 	 509 	 6.3019821847e+01 	 4.2166467417e-03
600 	 613 	 6.3018439004e+01 	 3.8560368188e-03
700 	 716 	 6.3017641631e+01 	 7.7369720706e-03
800 	 819 	 6.3017096003e+01 	 3.9288329500e-03
900 	 921 	 6.3016760619e+01 	 3.0270264623e-03
1000 	 1024 	 6.3016625400e+01 	 2.1204680799e-03
1100 	 1126 	 6.3016554808e+01 	 1.4623567197e-03
1200 	 1228 	 6.3016504402e+01 	 7.9764023936e-04
1300 	 1330 	 6.3016461712e+01 	 6.7040889597e-04
1400 	 1433 	 6.3016428609e+01 	 7.1121940482e-04
1500 	 1535 	 6.3016395105e+01 	 1.1408785666e-03
1600 	 1639 	 6.3016374218e+01 	 4.0326855787e-04
1700 	 1740 	 6.3016353010e+01 	 5.7130725706e-04
1800 	 1842 	 6.3016329165e+01 	 5.7694425378e-04
1900 	 1945 	 6.3016307383e+01 	 6.6318697112e-04
2000 	 2046 	 6.3016283436e+01 	 8.3317335942e-04
2100 	 2149 	 6.3016255108e+01 	 9.1549268854e-04
2200 	 2251 	 6.3016233320e+01 	 6.3252142431e-04
2300 	 2352 	 6.3016218948e+01 	 5.0584726998e-04
2400 	 2454 	 6.3016201969e+01 	 6.8909997830e-04
2500 	 2557 	 6.3016183073e+01 	 6.5885338928e-04
2600 	 2658 	 6.3016165089e+01 	 7.5804893964e-04
2700 	 2761 	 6.3016148886e+01 	 4.0851697836e-04
2800 	 2862 	 6.3016133545e+01 	 5.1058591910e-04
2900 	 2966 	 6.3016115037e+01 	 9.2868800317e-04
3000 	 3068 	 6.3016095188e+01 	 7.9945914808e-04
3100 	 3173 	 6.3016067729e+01 	 5.9530863214e-04
3200 	 3275 	 6.3016043457e+01 	 5.5834992548e-04
3300 	 3379 	 6.3016027094e+01 	 6.5206613788e-04
3400 	 3480 	 6.3016007406e+01 	 7.3411349384e-04
3500 	 3581 	 6.3015991567e+01 	 4.3708799347e-04
3600 	 3684 	 6.3015981796e+01 	 2.1522779174e-04
3700 	 3789 	 6.3015976679e+01 	 2.0848195767e-04
3800 	 3891 	 6.3015973870e+01 	 1.7881699404e-04
3900 	 3993 	 6.3015970444e+01 	 1.9444077420e-04
4000 	 4095 	 6.3015966169e+01 	 1.9315972783e-04
4100 	 4197 	 6.3015962283e+01 	 2.5909482773e-04
4200 	 4300 	 6.3015959338e+01 	 1.7504898079e-04
4300 	 4404 	 6.3015956361e+01 	 2.1271938412e-04
4400 	 4508 	 6.3015952130e+01 	 2.4660631596e-04
4500 	 4610 	 6.3015947487e+01 	 2.9806830828e-04
4600 	 4715 	 6.3015941497e+01 	 3.3885808579e-04
4700 	 4818 	 6.3015937019e+01 	 2.0745172744e-04
4800 	 4922 	 6.3015933242e+01 	 1.7572964020e-04
4900 	 5023 	 6.3015931438e+01 	 1.8006649619e-04
5000 	 5125 	 6.3015929589e+01 	 2.0301411159e-04
5100 	 5228 	 6.3015927333e+01 	 1.2840013526e-04
5200 	 5332 	 6.3015925506e+01 	 1.5138120770e-04
5300 	 5434 	 6.3015924192e+01 	 9.3037672513e-05
5400 	 5538 	 6.3015922907e+01 	 2.0611813367e-04
5500 	 5641 	 6.3015921482e+01 	 1.5948440574e-04
5600 	 5745 	 6.3015919619e+01 	 1.5797304661e-04
5700 	 5848 	 6.3015918102e+01 	 1.2970636107e-04
5800 	 5950 	 6.3015917104e+01 	 1.0653421994e-04
5900 	 6050 	 6.3015916150e+01 	 1.0030487925e-04
6000 	 6154 	 6.3015915465e+01 	 6.7192597741e-05
6100 	 6256 	 6.3015915154e+01 	 1.0455219807e-04
6200 	 6360 	 6.3015914998e+01 	 3.3981740655e-05
6300 	 6461 	 6.3015914878e+01 	 3.3883550159e-05
6400 	 6564 	 6.3015914767e+01 	 4.2504362916e-05
6500 	 6667 	 6.3015914676e+01 	 3.3207875372e-05
6600 	 6769 	 6.3015914603e+01 	 5.0721036017e-05
6700 	 6872 	 6.3015914517e+01 	 2.6657583513e-05
6800 	 6972 	 6.3015914412e+01 	 5.8436038083e-05
6900 	 7077 	 6.3015914295e+01 	 1.0123059486e-04
7000 	 7178 	 6.3015914143e+01 	 3.3951642562e-05
7100 	 7281 	 6.3015914034e+01 	 5.4194795672e-05
7200 	 7384 	 6.3015913939e+01 	 8.3720439923e-05
7300 	 7486 	 6.3015913854e+01 	 3.6662189277e-05
7400 	 7591 	 6.3015913766e+01 	 3.6270220929e-05
7500 	 7693 	 6.3015913676e+01 	 2.6889115208e-05
7600 	 7798 	 6.3015913596e+01 	 4.7412473497e-05
7700 	 7898 	 6.3015913496e+01 	 4.1641690663e-05
7800 	 8004 	 6.3015913342e+01 	 3.7759110465e-05
7900 	 8106 	 6.3015913183e+01 	 3.5787831545e-05
8000 	 8209 	 6.3015913077e+01 	 4.7228864916e-05
8100 	 8310 	 6.3015913016e+01 	 2.3056088091e-05
8200 	 8412 	 6.3015912967e+01 	 4.0661321601e-05
8300 	 8515 	 6.3015912924e+01 	 5.0884940755e-05
8400 	 8617 	 6.3015912899e+01 	 3.6690929963e-05
8500 	 8720 	 6.3015912884e+01 	 9.3870854819e-06
8600 	 8824 	 6.3015912874e+01 	 1.0434372385e-05
8700 	 8927 	 6.3015912864e+01 	 1.3391617230e-05
8800 	 9029 	 6.3015912858e+01 	 8.5281251592e-06
8900 	 9132 	 6.3015912853e+01 	 6.5560014522e-06
9000 	 9237 	 6.3015912851e+01 	 4.5518942478e-06
9100 	 9340 	 6.3015912850e+01 	 2.8943043586e-06
9200 	 9444 	 6.3015912849e+01 	 2.3861429150e-06
9300 	 9546 	 6.3015912848e+01 	 6.3063683413e-06
9400 	 9648 	 6.3015912847e+01 	 4.5556710645e-06
9500 	 9752 	 6.3015912846e+01 	 3.6591436061e-06
9600 	 9855 	 6.3015912844e+01 	 3.6999972928e-06
9700 	 9957 	 6.3015912843e+01 	 7.2979771771e-06
9800 	 10059 	 6.3015912842e+01 	 4.1083115635e-06
9900 	 10162 	 6.3015912840e+01 	 4.5012455379e-06
10000 	 10265 	 6.3015912839e+01 	 4.0680547067e-06
10100 	 10365 	 6.3015912838e+01 	 3.5420323554e-06
10200 	 10467 	 6.3015912837e+01 	 5.2921853158e-06
10300 	 10569 	 6.3015912836e+01 	 4.0750832548e-06
10400 	 10672 	 6.3015912835e+01 	 4.7403509208e-06
10500 	 10773 	 6.3015912833e+01 	 5.8576925192e-06
10600 	 10875 	 6.3015912832e+01 	 2.4560207402e-06
10700 	 10977 	 6.3015912832e+01 	 3.2985771924e-06
10800 	 11082 	 6.3015912831e+01 	 4.3037747654e-06
10900 	 11182 	 6.3015912830e+01 	 2.6762585743e-06
11000 	 11282 	 6.3015912830e+01 	 2.7368434340e-06
11100 	 11383 	 6.3015912829e+01 	 2.0196743686e-06
11200 	 11485 	 6.3015912829e+01 	 1.8780790900e-06
11300 	 11586 	 6.3015912829e+01 	 1.9399998054e-06
11400 	 11688 	 6.3015912828e+01 	 1.5799532998e-06
11500 	 11791 	 6.3015912828e+01 	 1.5747795403e-06
11600 	 11892 	 6.3015912828e+01 	 1.0994627181e-06
11700 	 11998 	 6.3015912828e+01 	 1.0331364718e-06
11800 	 12099 	 6.3015912828e+01 	 1.6857985597e-06
11900 	 12202 	 6.3015912828e+01 	 1.2557902642e-06
12000 	 12307 	 6.3015912828e+01 	 6.3541702040e-07
12100 	 12409 	 6.3015912828e+01 	 1.6709808085e-06
12200 	 12513 	 6.3015912827e+01 	 4.7792405960e-07
12300 	 12619 	 6.3015912827e+01 	 4.1423288389e-07
12400 	 12727 	 6.3015912827e+01 	 5.5721660458e-07
12500 	 12834 	 6.3015912827e+01 	 6.2868685540e-07
12600 	 12942 	 6.3015912827e+01 	 4.9563289463e-07
12700 	 13051 	 6.3015912827e+01 	 4.7728860174e-07
12800 	 13153 	 6.3015912827e+01 	 1.5375129912e-06
12900 	 13260 	 6.3015912827e+01 	 4.6844625873e-07
13000 	 13366 	 6.3015912827e+01 	 5.5677673661e-07
13100 	 13479 	 6.3015912827e+01 	 1.3128769067e-06
13200 	 13587 	 6.3015912827e+01 	 3.6476694807e-07
# ---- 
 1 		 13285 	 13708 		 6.9561741559e+01 	 6.3015912827e+01 	 4.2787386410e-07
# ---- 
