100 	 101 	 7.2903452390e-01 	 3.0809925280e-02
200 	 203 	 6.8382748737e-01 	 3.2257529693e-02
300 	 308 	 6.6734218226e-01 	 1.2839695760e-02
400 	 408 	 6.6266127895e-01 	 6.2935218809e-03
500 	 510 	 6.6109061780e-01 	 3.1644130252e-03
600 	 611 	 6.6041356079e-01 	 4.2239142597e-03
700 	 714 	 6.6012441520e-01 	 1.8066596816e-03
800 	 816 	 6.6000755192e-01 	 7.7032054474e-04
900 	 919 	 6.5995443188e-01 	 7.0233403786e-04
1000 	 1020 	 6.5992413996e-01 	 5.3187742497e-04
1100 	 1120 	 6.5990425997e-01 	 3.5640831723e-04
1200 	 1223 	 6.5989076032e-01 	 5.3346537029e-04
1300 	 1324 	 6.5987796291e-01 	 4.0123942811e-04
1400 	 1426 	 6.5986861535e-01 	 2.8941432663e-04
1500 	 1528 	 6.5986466417e-01 	 2.2520551144e-04
1600 	 1631 	 6.5986253372e-01 	 2.4159239796e-04
1700 	 1734 	 6.5986016718e-01 	 2.6811429307e-04
1800 	 1837 	 6.5985773836e-01 	 1.4208634152e-04
1900 	 1938 	 6.5985626100e-01 	 9.3121002811e-05
2000 	 2040 	 6.5985538908e-01 	 9.6955351766e-05
2100 	 2141 	 6.5985479649e-01 	 6.9730105364e-05
2200 	 2243 	 6.5985422653e-01 	 8.8328921378e-05
2300 	 2345 	 6.5985369933e-01 	 7.8808326278e-05
2400 	 2446 	 6.5985330408e-01 	 5.8572677855e-05
2500 	 2549 	 6.5985292143e-01 	 2.1886251808e-04
2600 	 2651 	 6.5985259393e-01 	 5.2738458555e-05
2700 	 2753 	 6.5985239657e-01 	 1.1559452456e-04
2800 	 2854 	 6.5985224305e-01 	 8.5774505803e-05
2900 	 2957 	 6.5985206213e-01 	 4.8002838167e-05
3000 	 3061 	 6.5985191757e-01 	 7.4972349855e-05
3100 	 3164 	 6.5985178766e-01 	 3.0812755261e-05
3200 	 3266 	 6.5985168869e-01 	 5.6877489451e-05
3300 	 3368 	 6.5985158816e-01 	 2.9665317828e-05
3400 	 3471 	 6.5985149406e-01 	 4.1433455460e-05
3500 	 3571 	 6.5985138807e-01 	 7.5814283529e-05
3600 	 3674 	 6.5985130595e-01 	 2.4521387369e-05
3700 	 3776 	 6.5985126722e-01 	 2.0058230214e-05
3800 	 3878 	 6.5985124225e-01 	 2.0330784689e-05
3900 	 3979 	 6.5985122046e-01 	 3.2261047585e-05
4000 	 4081 	 6.5985120110e-01 	 1.2815718579e-05
4100 	 4185 	 6.5985117985e-01 	 1.5748668142e-05
4200 	 4286 	 6.5985116161e-01 	 2.7325087041e-05
4300 	 4389 	 6.5985114886e-01 	 1.3836773469e-05
4400 	 4492 	 6.5985113827e-01 	 2.0982624316e-05
4500 	 4596 	 6.5985112680e-01 	 1.0031084895e-05
4600 	 4700 	 6.5985111614e-01 	 1.1910512329e-05
4700 	 4801 	 6.5985110539e-01 	 7.7255130588e-06
4800 	 4905 	 6.5985109595e-01 	 1.1400486724e-05
4900 	 5006 	 6.5985108491e-01 	 1.0762308467e-05
5000 	 5108 	 6.5985107384e-01 	 1.0703630481e-05
5100 	 5209 	 6.5985106427e-01 	 1.7512385147e-05
5200 	 5310 	 6.5985105537e-01 	 7.7224363350e-06
5300 	 5412 	 6.5985104729e-01 	 1.0179468376e-05
5400 	 5515 	 6.5985103690e-01 	 1.5248244575e-05
5500 	 5619 	 6.5985102557e-01 	 1.0929761278e-05
5600 	 5720 	 6.5985101366e-01 	 1.2342869288e-05
5700 	 5823 	 6.5985100560e-01 	 7.3323962716e-06
5800 	 5924 	 6.5985099930e-01 	 9.8232634081e-06
5900 	 6027 	 6.5985099445e-01 	 1.6150218790e-05
6000 	 6132 	 6.5985099043e-01 	 1.1698993071e-05
6100 	 6236 	 6.5985098649e-01 	 6.9754947138e-06
6200 	 6339 	 6.5985098294e-01 	 6.3176395563e-06
6300 	 6440 	 6.5985098025e-01 	 5.4248577605e-06
6400 	 6544 	 6.5985097791e-01 	 4.4362544843e-06
6500 	 6649 	 6.5985097467e-01 	 8.1560515675e-06
6600 	 6749 	 6.5985097180e-01 	 7.7323963669e-06
6700 	 6851 	 6.5985096967e-01 	 5.4530084832e-06
6800 	 6953 	 6.5985096765e-01 	 8.7737168294e-06
6900 	 7057 	 6.5985096574e-01 	 4.3387825565e-06
7000 	 7158 	 6.5985096377e-01 	 5.2195652439e-06
7100 	 7261 	 6.5985096215e-01 	 3.1603967744e-06
7200 	 7365 	 6.5985096048e-01 	 6.2254738318e-06
7300 	 7466 	 6.5985095824e-01 	 1.0816655499e-05
7400 	 7568 	 6.5985095642e-01 	 5.2666975415e-06
100 	 101 	 7.2903471059e-01 	 3.0802110789e-02
200 	 203 	 6.8336617011e-01 	 3.0423368814e-02
300 	 306 	 6.6730483062e-01 	 1.0493922450e-02
400 	 407 	 6.6263340054e-01 	 1.0307691747e-02
500 	 510 	 6.6107773470e-01 	 4.0903811067e-03
600 	 613 	 6.6040937125e-01 	 5.8231417507e-03
700 	 715 	 6.6012316590e-01 	 1.6216155859e-03
800 	 818 	 6.6000590153e-01 	 8.1168349837e-04
900 	 918 	 6.5995354774e-01 	 1.3419164603e-03
1000 	 1021 	 6.5992375396e-01 	 6.0459352772e-04
1100 	 1125 	 6.5990326211e-01 	 7.0217980338e-04
1200 	 1226 	 6.5988754637e-01 	 3.9130683405e-04
1300 	 1328 	 6.5987624293e-01 	 4.9648099131e-04
1400 	 1432 	 6.5986859161e-01 	 2.5302929084e-04
1500 	 1534 	 6.5986481439e-01 	 2.6572113704e-04
1600 	 1637 	 6.5986261215e-01 	 1.8859279917e-04
1700 	 1740 	 6.5986014707e-01 	 1.7953337192e-04
1800 	 1844 	 6.5985767553e-01 	 1.3087494775e-04
1900 	 1944 	 6.5985609319e-01 	 1.0573379830e-04
2000 	 2049 	 6.5985520358e-01 	 1.1288809885e-04
2100 	 2151 	 6.5985467794e-01 	 1.1313321783e-04
2200 	 2253 	 6.5985412941e-01 	 9.1838335149e-05
2300 	 2355 	 6.5985354770e-01 	 6.4898793673e-05
2400 	 2457 	 6.5985309905e-01 	 8.3881554813e-05
2500 	 2562 	 6.5985268956e-01 	 5.4860487172e-05
2600 	 2665 	 6.5985237105e-01 	 6.8346313739e-05
2700 	 2768 	 6.5985219008e-01 	 4.0157292895e-05
2800 	 2869 	 6.5985206203e-01 	 2.8515061312e-05
2900 	 2972 	 6.5985194287e-01 	 3.4807764248e-05
3000 	 3072 	 6.5985182250e-01 	 6.0479608777e-05
3100 	 3174 	 6.5985173934e-01 	 2.8666355011e-05
3200 	 3276 	 6.5985165011e-01 	 3.1700197052e-05
3300 	 3378 	 6.5985156922e-01 	 2.9584158213e-05
3400 	 3481 	 6.5985147400e-01 	 3.2896535415e-05
3500 	 3583 	 6.5985140006e-01 	 2.9649346775e-05
3600 	 3686 	 6.5985133665e-01 	 2.4225768364e-05
3700 	 3790 	 6.5985129029e-01 	 2.0535060536e-05
3800 	 3892 	 6.5985125657e-01 	 1.9096903075e-05
3900 	 3994 	 6.5985122605e-01 	 2.6560070107e-05
4000 	 4097 	 6.5985120155e-01 	 1.5802632213e-05
4100 	 4200 	 6.5985118342e-01 	 1.2208526346e-05
4200 	 4301 	 6.5985116952e-01 	 1.2030919780e-05
4300 	 4403 	 6.5985115583e-01 	 1.0858505740e-05
4400 	 4507 	 6.5985114000e-01 	 1.3408174179e-05
4500 	 4609 	 6.5985112523e-01 	 1.5287157064e-05
4600 	 4710 	 6.5985111306e-01 	 1.2487196227e-05
4700 	 4813 	 6.5985110146e-01 	 1.7017669055e-05
4800 	 4916 	 6.5985108900e-01 	 1.0963845822e-05
4900 	 5018 	 6.5985107739e-01 	 2.0391875706e-05
5000 	 5119 	 6.5985106706e-01 	 1.6474759319e-05
5100 	 5222 	 6.5985105582e-01 	 1.0527507586e-05
5200 	 5325 	 6.5985104890e-01 	 8.4826131360e-06
5300 	 5427 	 6.5985104236e-01 	 1.3963493621e-05
5400 	 5529 	 6.5985103367e-01 	 9.6101657583e-06
5500 	 5632 	 6.5985102682e-01 	 2.0752034790e-05
5600 	 5733 	 6.5985102007e-01 	 9.1908734760e-06
5700 	 5835 	 6.5985101246e-01 	 1.0400083015e-05
5800 	 5938 	 6.5985100561e-01 	 6.0156176853e-06
5900 	 6042 	 6.5985100036e-01 	 7.6485919279e-06
6000 	 6146 	 6.5985099519e-01 	 9.5789214104e-06
6100 	 6248 	 6.5985098986e-01 	 6.8036050005e-06
6200 	 6352 	 6.5985098474e-01 	 6.4396213317e-06
6300 	 6454 	 6.5985097939e-01 	 1.2024200873e-05
6400 	 6556 	 6.5985097510e-01 	 5.4620264371e-06
6500 	 6658 	 6.5985097128e-01 	 1.0530604263e-05
6600 	 6760 	 6.5985096812e-01 	 1.1374895294e-05
6700 	 6861 	 6.5985096516e-01 	 5.3268239162e-06
6800 	 6963 	 6.5985096301e-01 	 1.3276076851e-05
6900 	 7065 	 6.5985096094e-01 	 7.2299143492e-06
7000 	 7167 	 6.5985095918e-01 	 5.1250495681e-06
7100 	 7270 	 6.5985095756e-01 	 3.9044978675e-06
7200 	 7373 	 6.5985095614e-01 	 6.1778232382e-06
7300 	 7476 	 6.5985095489e-01 	 6.5988911458e-06
7400 	 7577 	 6.5985095346e-01 	 3.8174269807e-06
7500 	 7677 	 6.5985095207e-01 	 6.0912429055e-06
7600 	 7779 	 6.5985095065e-01 	 3.7324053622e-06
7700 	 7881 	 6.5985094968e-01 	 4.1830871190e-06
7800 	 7983 	 6.5985094889e-01 	 3.6369812180e-06
7900 	 8088 	 6.5985094787e-01 	 3.0616831335e-06
8000 	 8190 	 6.5985094663e-01 	 3.4603280610e-06
8100 	 8291 	 6.5985094533e-01 	 3.5783226884e-06
8200 	 8392 	 6.5985094421e-01 	 3.6546747431e-06
8300 	 8493 	 6.5985094320e-01 	 2.7870475265e-06
8400 	 8595 	 6.5985094242e-01 	 4.9773521895e-06
8500 	 8698 	 6.5985094186e-01 	 2.0156503514e-06
8600 	 8799 	 6.5985094130e-01 	 2.8776328905e-06
8700 	 8903 	 6.5985094073e-01 	 2.1143965727e-06
8800 	 9006 	 6.5985094015e-01 	 2.3158895636e-06
8900 	 9109 	 6.5985093963e-01 	 2.1614846210e-06
9000 	 9213 	 6.5985093927e-01 	 1.9849377329e-06
9100 	 9314 	 6.5985093888e-01 	 2.1022871457e-06
9200 	 9416 	 6.5985093843e-01 	 2.8241038993e-06
9300 	 9520 	 6.5985093795e-01 	 4.0594140074e-06
9400 	 9621 	 6.5985093742e-01 	 2.6191197836e-06
9500 	 9727 	 6.5985093677e-01 	 3.4262373168e-06
9600 	 9828 	 6.5985093602e-01 	 2.6503122783e-06
9700 	 9930 	 6.5985093525e-01 	 4.2844045985e-06
9800 	 10033 	 6.5985093460e-01 	 3.7134720230e-06
9900 	 10134 	 6.5985093399e-01 	 3.1476621985e-06
10000 	 10238 	 6.5985093341e-01 	 2.0483146442e-06
10100 	 10338 	 6.5985093288e-01 	 2.4085658851e-06
10200 	 10441 	 6.5985093243e-01 	 1.8525251428e-06
10300 	 10545 	 6.5985093207e-01 	 5.0873216517e-06
10400 	 10649 	 6.5985093167e-01 	 6.9995295003e-06
10500 	 10753 	 6.5985093122e-01 	 2.2524451031e-06
10600 	 10855 	 6.5985093082e-01 	 3.3863533050e-06
10700 	 10958 	 6.5985093041e-01 	 1.7153537772e-06
10800 	 11061 	 6.5985093010e-01 	 2.1858775083e-06
10900 	 11163 	 6.5985092984e-01 	 1.7143439336e-06
11000 	 11266 	 6.5985092964e-01 	 1.5662275824e-06
11100 	 11367 	 6.5985092946e-01 	 9.9909985689e-07
11200 	 11470 	 6.5985092933e-01 	 1.7679962814e-06
11300 	 11572 	 6.5985092918e-01 	 1.2815908423e-06
11400 	 11675 	 6.5985092906e-01 	 1.0574173089e-06
11500 	 11776 	 6.5985092895e-01 	 1.5552716523e-06
11600 	 11878 	 6.5985092884e-01 	 1.5096037000e-06
11700 	 11979 	 6.5985092873e-01 	 2.1976955973e-06
11800 	 12081 	 6.5985092862e-01 	 1.8683453012e-06
11900 	 12183 	 6.5985092852e-01 	 9.7960879995e-07
12000 	 12285 	 6.5985092844e-01 	 9.3100032878e-07
12100 	 12388 	 6.5985092837e-01 	 7.1797436323e-07
12200 	 12489 	 6.5985092832e-01 	 1.0146809232e-06
12300 	 12593 	 6.5985092824e-01 	 1.2740268598e-06
12400 	 12695 	 6.5985092818e-01 	 9.9646818627e-07
12500 	 12796 	 6.5985092812e-01 	 9.4960206580e-07
12600 	 12899 	 6.5985092806e-01 	 9.7822899863e-07
12700 	 13001 	 6.5985092803e-01 	 1.2858673902e-06
12800 	 13105 	 6.5985092799e-01 	 5.5496683934e-07
12900 	 13208 	 6.5985092796e-01 	 6.4055767335e-07
13000 	 13309 	 6.5985092793e-01 	 5.5244810262e-07
13100 	 13411 	 6.5985092790e-01 	 4.8737206034e-07
13200 	 13514 	 6.5985092788e-01 	 7.0734476679e-07
13300 	 13616 	 6.5985092786e-01 	 4.1259891667e-07
13400 	 13719 	 6.5985092784e-01 	 7.6063056057e-07
13500 	 13821 	 6.5985092781e-01 	 5.2287317373e-07
13600 	 13921 	 6.5985092779e-01 	 4.0772250132e-07
13700 	 14024 	 6.5985092776e-01 	 5.3275512720e-07
13800 	 14125 	 6.5985092774e-01 	 4.2041939432e-07
13900 	 14228 	 6.5985092773e-01 	 3.5847476050e-07
14000 	 14332 	 6.5985092771e-01 	 7.9314929773e-07
14100 	 14436 	 6.5985092770e-01 	 3.9873920915e-07
14200 	 14538 	 6.5985092768e-01 	 4.7243716008e-07
14300 	 14640 	 6.5985092767e-01 	 5.5276067021e-07
14400 	 14742 	 6.5985092765e-01 	 8.5738968974e-07
14500 	 14844 	 6.5985092763e-01 	 4.0193900883e-07
14600 	 14947 	 6.5985092761e-01 	 4.6919395085e-07
14700 	 15050 	 6.5985092759e-01 	 3.9333358216e-07
14800 	 15153 	 6.5985092758e-01 	 3.0181916749e-07
14900 	 15257 	 6.5985092758e-01 	 4.3891964851e-07
15000 	 15359 	 6.5985092757e-01 	 2.6411505161e-07
15100 	 15460 	 6.5985092756e-01 	 3.0176504574e-07
15200 	 15566 	 6.5985092755e-01 	 3.5376376392e-07
15300 	 15667 	 6.5985092754e-01 	 2.8559625643e-07
15400 	 15768 	 6.5985092753e-01 	 6.9755179692e-07
15500 	 15870 	 6.5985092752e-01 	 2.6855472248e-07
15600 	 15973 	 6.5985092751e-01 	 2.3602810411e-07
15700 	 16075 	 6.5985092751e-01 	 3.1478063864e-07
15800 	 16180 	 6.5985092750e-01 	 2.9866621280e-07
15900 	 16281 	 6.5985092749e-01 	 3.0504409139e-07
16000 	 16385 	 6.5985092748e-01 	 2.7467580151e-07
16100 	 16487 	 6.5985092748e-01 	 3.3610133558e-07
16200 	 16591 	 6.5985092747e-01 	 4.7153209476e-07
16300 	 16693 	 6.5985092746e-01 	 3.1280642160e-07
16400 	 16795 	 6.5985092745e-01 	 2.1784017067e-07
16500 	 16898 	 6.5985092745e-01 	 4.3259744550e-07
16600 	 17001 	 6.5985092744e-01 	 1.9676665167e-07
16700 	 17103 	 6.5985092744e-01 	 2.4288390848e-07
16800 	 17205 	 6.5985092743e-01 	 2.0862301850e-07
16900 	 17308 	 6.5985092743e-01 	 1.7756552214e-07
17000 	 17410 	 6.5985092743e-01 	 3.2110376952e-07
17100 	 17513 	 6.5985092742e-01 	 2.3288740555e-07
17200 	 17615 	 6.5985092742e-01 	 3.9926598505e-07
17300 	 17718 	 6.5985092741e-01 	 1.7769634115e-07
17400 	 17823 	 6.5985092741e-01 	 2.2231745542e-07
17500 	 17927 	 6.5985092741e-01 	 2.8189410767e-07
17600 	 18027 	 6.5985092740e-01 	 1.7080744059e-07
17700 	 18132 	 6.5985092740e-01 	 2.2504726265e-07
17800 	 18233 	 6.5985092740e-01 	 1.3276972048e-07
17900 	 18335 	 6.5985092739e-01 	 2.8673044774e-07
18000 	 18436 	 6.5985092739e-01 	 2.5667004506e-07
18100 	 18539 	 6.5985092739e-01 	 1.7097274838e-07
18200 	 18642 	 6.5985092739e-01 	 1.4922606168e-07
18300 	 18747 	 6.5985092739e-01 	 9.7577004551e-08
18400 	 18858 	 6.5985092739e-01 	 7.2683745252e-08
18500 	 18965 	 6.5985092739e-01 	 1.2169978922e-07
18600 	 19072 	 6.5985092739e-01 	 1.0038201821e-07
18700 	 19178 	 6.5985092738e-01 	 9.0381504910e-08
18800 	 19282 	 6.5985092738e-01 	 1.3472296375e-07
18900 	 19389 	 6.5985092738e-01 	 1.0860340263e-07
19000 	 19498 	 6.5985092738e-01 	 2.1397885401e-07
19100 	 19600 	 6.5985092738e-01 	 1.9310477650e-07
19200 	 19703 	 6.5985092738e-01 	 1.9401256482e-07
19300 	 19805 	 6.5985092738e-01 	 1.4495142289e-07
19400 	 19905 	 6.5985092738e-01 	 1.8520181510e-07
19500 	 20008 	 6.5985092738e-01 	 1.3207560286e-07
19600 	 20109 	 6.5985092737e-01 	 2.6622008065e-07
19700 	 20213 	 6.5985092737e-01 	 1.1784125578e-07
19800 	 20315 	 6.5985092737e-01 	 1.0841531032e-07
19900 	 20419 	 6.5985092737e-01 	 6.1998496212e-08
20000 	 20529 	 6.5985092737e-01 	 9.5865357329e-08
20100 	 20632 	 6.5985092737e-01 	 3.4680282334e-08
20200 	 20747 	 6.5985092737e-01 	 4.7920776220e-08
20300 	 20855 	 6.5985092737e-01 	 3.6756554268e-08
20400 	 20969 	 6.5985092737e-01 	 6.0572714412e-08
20500 	 21080 	 6.5985092737e-01 	 4.5737165833e-08
20600 	 21193 	 6.5985092737e-01 	 5.2055203362e-08
# ---- 
 1 		 20656 	 21274 		 1.2270118815e+00 	 6.5985092737e-01 	 6.7013845244e-08
# ---- 
100 	 104 	 2.7390960212e+00 	 2.3599039086e-02
200 	 206 	 2.7213003916e+00 	 1.3647696144e-02
300 	 307 	 2.7177565505e+00 	 7.3383988846e-03
400 	 408 	 2.7167667731e+00 	 4.9511695727e-03
500 	 509 	 2.7163772768e+00 	 2.4966726558e-03
600 	 611 	 2.7162593337e+00 	 1.8089121889e-03
700 	 715 	 2.7162335823e+00 	 9.0437439977e-04
800 	 818 	 2.7162249690e+00 	 3.0643784916e-04
900 	 919 	 2.7162212712e+00 	 2.5056537149e-04
1000 	 1025 	 2.7162195364e+00 	 9.6215292497e-05
1100 	 1129 	 2.7162186811e+00 	 1.0540444642e-04
1200 	 1230 	 2.7162181212e+00 	 5.3184823725e-05
1300 	 1333 	 2.7162177777e+00 	 3.8728527705e-05
1400 	 1436 	 2.7162175980e+00 	 4.7986410308e-05
1500 	 1540 	 2.7162174731e+00 	 3.5035607275e-05
1600 	 1641 	 2.7162173762e+00 	 3.8449257711e-05
1700 	 1745 	 2.7162173036e+00 	 3.6919387463e-05
1800 	 1846 	 2.7162172362e+00 	 3.5316898209e-05
1900 	 1947 	 2.7162171938e+00 	 2.3837316175e-05
2000 	 2047 	 2.7162171599e+00 	 6.0494373824e-05
2100 	 2147 	 2.7162171309e+00 	 1.8102102098e-05
2200 	 2250 	 2.7162171057e+00 	 1.7090534393e-05
2300 	 2352 	 2.7162170844e+00 	 1.2721798463e-05
2400 	 2454 	 2.7162170645e+00 	 1.6647009745e-05
2500 	 2556 	 2.7162170493e+00 	 1.7172697191e-05
2600 	 2658 	 2.7162170351e+00 	 1.7195651335e-05
2700 	 2758 	 2.7162170248e+00 	 1.1473758046e-05
2800 	 2860 	 2.7162170148e+00 	 1.6317767758e-05
2900 	 2962 	 2.7162170032e+00 	 1.5588731216e-05
3000 	 3064 	 2.7162169936e+00 	 1.1216445705e-05
3100 	 3166 	 2.7162169867e+00 	 1.7815620433e-05
3200 	 3270 	 2.7162169816e+00 	 6.4093923742e-06
3300 	 3374 	 2.7162169764e+00 	 7.1366697348e-06
3400 	 3477 	 2.7162169716e+00 	 8.3188113296e-06
3500 	 3578 	 2.7162169674e+00 	 6.7218856371e-06
3600 	 3683 	 2.7162169646e+00 	 4.5489857798e-06
3700 	 3785 	 2.7162169625e+00 	 5.3141022979e-06
3800 	 3887 	 2.7162169603e+00 	 6.1194468243e-06
3900 	 3989 	 2.7162169576e+00 	 1.5509783672e-05
4000 	 4092 	 2.7162169547e+00 	 5.0145838465e-06
4100 	 4195 	 2.7162169518e+00 	 4.3096905470e-06
4200 	 4298 	 2.7162169491e+00 	 6.3085638597e-06
4300 	 4400 	 2.7162169463e+00 	 6.1393090821e-06
4400 	 4502 	 2.7162169431e+00 	 1.1675404275e-05
4500 	 4604 	 2.7162169405e+00 	 5.2429842559e-06
4600 	 4705 	 2.7162169384e+00 	 6.0038274055e-06
4700 	 4807 	 2.7162169365e+00 	 4.2582362683e-06
4800 	 4909 	 2.7162169351e+00 	 4.7587076461e-06
4900 	 5013 	 2.7162169339e+00 	 3.1794764565e-06
5000 	 5114 	 2.7162169326e+00 	 8.4650768455e-06
5100 	 5219 	 2.7162169316e+00 	 3.5249322593e-06
5200 	 5319 	 2.7162169309e+00 	 2.8868223638e-06
5300 	 5422 	 2.7162169303e+00 	 2.0680005557e-06
5400 	 5524 	 2.7162169297e+00 	 2.2483493688e-06
5500 	 5625 	 2.7162169292e+00 	 3.0480785224e-06
5600 	 5729 	 2.7162169287e+00 	 2.0277893907e-06
5700 	 5833 	 2.7162169280e+00 	 2.1766073103e-06
5800 	 5937 	 2.7162169272e+00 	 3.4804167426e-06
5900 	 6038 	 2.7162169265e+00 	 2.3885254449e-06
6000 	 6143 	 2.7162169259e+00 	 2.6094286066e-06
6100 	 6246 	 2.7162169253e+00 	 5.6698908455e-06
6200 	 6351 	 2.7162169247e+00 	 4.7298296329e-06
6300 	 6451 	 2.7162169242e+00 	 1.8601881199e-06
6400 	 6554 	 2.7162169237e+00 	 2.4855068099e-06
6500 	 6657 	 2.7162169234e+00 	 1.4046620666e-06
6600 	 6761 	 2.7162169231e+00 	 1.9166335643e-06
6700 	 6862 	 2.7162169228e+00 	 2.6782272655e-06
6800 	 6964 	 2.7162169224e+00 	 3.1027444979e-06
100 	 101 	 7.2903455910e-01 	 3.0808448839e-02
200 	 202 	 6.8373827033e-01 	 2.5774275476e-02
300 	 305 	 6.6731275118e-01 	 1.9536428209e-02
400 	 408 	 6.6273198541e-01 	 1.0443141997e-02
500 	 511 	 6.6113625611e-01 	 4.0446479148e-03
600 	 614 	 6.6042127985e-01 	 2.3276711712e-03
700 	 717 	 6.6013315422e-01 	 2.2813425819e-03
800 	 819 	 6.6001089137e-01 	 2.5742550051e-03
900 	 922 	 6.5995585585e-01 	 6.8097419942e-04
1000 	 1025 	 6.5992470850e-01 	 8.4504130867e-04
1100 	 1128 	 6.5990350084e-01 	 6.0979487797e-04
1200 	 1231 	 6.5988861385e-01 	 4.6577089095e-04
1300 	 1334 	 6.5987669589e-01 	 3.7005084258e-04
1400 	 1436 	 6.5986907692e-01 	 2.1411679003e-04
1500 	 1537 	 6.5986556314e-01 	 2.6391095417e-04
1600 	 1640 	 6.5986308753e-01 	 3.2930288695e-04
1700 	 1743 	 6.5986064520e-01 	 1.4323033701e-04
1800 	 1846 	 6.5985843327e-01 	 1.8391587470e-04
1900 	 1948 	 6.5985633982e-01 	 1.3900420340e-04
2000 	 2048 	 6.5985519021e-01 	 8.4191205232e-05
2100 	 2151 	 6.5985463478e-01 	 1.3953478954e-04
2200 	 2251 	 6.5985413093e-01 	 6.9784194265e-05
2300 	 2357 	 6.5985360173e-01 	 1.3278758027e-04
2400 	 2458 	 6.5985306374e-01 	 7.5743379215e-05
2500 	 2559 	 6.5985269520e-01 	 5.3909429844e-05
2600 	 2661 	 6.5985239451e-01 	 1.3479754966e-04
2700 	 2763 	 6.5985220430e-01 	 4.3811930523e-05
2800 	 2864 	 6.5985208304e-01 	 2.8084231449e-05
2900 	 2966 	 6.5985197718e-01 	 5.0668558795e-05
3000 	 3068 	 6.5985186504e-01 	 4.2327339078e-05
3100 	 3170 	 6.5985175194e-01 	 5.0404104881e-05
3200 	 3270 	 6.5985164611e-01 	 3.5384712831e-05
3300 	 3372 	 6.5985153875e-01 	 3.3329014800e-05
3400 	 3475 	 6.5985140975e-01 	 3.0605847587e-05
3500 	 3579 	 6.5985132681e-01 	 2.7818841653e-05
3600 	 3681 	 6.5985127853e-01 	 2.1285110059e-05
3700 	 3782 	 6.5985124662e-01 	 1.9935323028e-05
3800 	 3885 	 6.5985121902e-01 	 1.7424027370e-05
3900 	 3987 	 6.5985119374e-01 	 1.8515976501e-05
4000 	 4090 	 6.5985117235e-01 	 1.4259927510e-05
4100 	 4191 	 6.5985115632e-01 	 3.7068320423e-05
4200 	 4293 	 6.5985114569e-01 	 1.0369098160e-05
4300 	 4395 	 6.5985113752e-01 	 2.5287922539e-05
4400 	 4499 	 6.5985112692e-01 	 1.6128065983e-05
4500 	 4600 	 6.5985111542e-01 	 1.3201757122e-05
4600 	 4703 	 6.5985110374e-01 	 1.6362969871e-05
4700 	 4804 	 6.5985109441e-01 	 7.2431858997e-06
4800 	 4907 	 6.5985108566e-01 	 2.0228642513e-05
4900 	 5009 	 6.5985107479e-01 	 1.1742880688e-05
5000 	 5112 	 6.5985106500e-01 	 1.1398520292e-05
5100 	 5214 	 6.5985105389e-01 	 1.3311553966e-05
5200 	 5318 	 6.5985104421e-01 	 1.8908861328e-05
5300 	 5420 	 6.5985103727e-01 	 1.0953492076e-05
5400 	 5522 	 6.5985103081e-01 	 1.1075367544e-05
5500 	 5625 	 6.5985102318e-01 	 1.0520870195e-05
5600 	 5730 	 6.5985101655e-01 	 6.7057477188e-06
5700 	 5831 	 6.5985101140e-01 	 7.9988994700e-06
5800 	 5935 	 6.5985100539e-01 	 7.8829532985e-06
5900 	 6037 	 6.5985100146e-01 	 6.4164326176e-06
6000 	 6141 	 6.5985099800e-01 	 4.9082279540e-06
6100 	 6243 	 6.5985099460e-01 	 5.7670430609e-06
6200 	 6346 	 6.5985099110e-01 	 1.2385763655e-05
6300 	 6448 	 6.5985098641e-01 	 6.8868692531e-06
6400 	 6549 	 6.5985098113e-01 	 6.6728986681e-06
6500 	 6652 	 6.5985097614e-01 	 1.7150142739e-05
6600 	 6754 	 6.5985097059e-01 	 7.4766211575e-06
6700 	 6857 	 6.5985096699e-01 	 5.3186104865e-06
6800 	 6959 	 6.5985096514e-01 	 6.0443461216e-06
6900 	 7064 	 6.5985096346e-01 	 6.5884155987e-06
7000 	 7164 	 6.5985096194e-01 	 7.8140431185e-06
7100 	 7265 	 6.5985096065e-01 	 4.0023519457e-06
7200 	 7366 	 6.5985095893e-01 	 5.0826729021e-06
7300 	 7469 	 6.5985095731e-01 	 3.6623437432e-06
7400 	 7570 	 6.5985095583e-01 	 4.6614336144e-06
7500 	 7672 	 6.5985095447e-01 	 3.0990514318e-06
7600 	 7776 	 6.5985095315e-01 	 3.6154043627e-06
7700 	 7877 	 6.5985095174e-01 	 3.7982190568e-06
7800 	 7978 	 6.5985095053e-01 	 2.9632951647e-06
7900 	 8083 	 6.5985094918e-01 	 3.0544646151e-06
8000 	 8186 	 6.5985094805e-01 	 3.6529196320e-06
8100 	 8288 	 6.5985094696e-01 	 1.0694166729e-05
8200 	 8391 	 6.5985094587e-01 	 4.7180243650e-06
8300 	 8496 	 6.5985094485e-01 	 3.5223916413e-06
8400 	 8597 	 6.5985094393e-01 	 9.0295677768e-06
8500 	 8698 	 6.5985094306e-01 	 2.3237633094e-06
8600 	 8801 	 6.5985094228e-01 	 3.3191486402e-06
8700 	 8905 	 6.5985094170e-01 	 3.8494293318e-06
8800 	 9008 	 6.5985094113e-01 	 3.4491913734e-06
8900 	 9109 	 6.5985094056e-01 	 2.5784550183e-06
9000 	 9210 	 6.5985093987e-01 	 6.2791502960e-06
9100 	 9312 	 6.5985093903e-01 	 3.0614677635e-06
9200 	 9415 	 6.5985093797e-01 	 4.2721277671e-06
9300 	 9515 	 6.5985093701e-01 	 5.4571215503e-06
9400 	 9617 	 6.5985093629e-01 	 2.6630043368e-06
9500 	 9718 	 6.5985093557e-01 	 7.9423603977e-06
9600 	 9821 	 6.5985093487e-01 	 2.3904047402e-06
9700 	 9924 	 6.5985093431e-01 	 5.5186118184e-06
9800 	 10027 	 6.5985093386e-01 	 2.2183533202e-06
9900 	 10130 	 6.5985093347e-01 	 1.2956046463e-06
10000 	 10233 	 6.5985093308e-01 	 2.3455997495e-06
10100 	 10335 	 6.5985093256e-01 	 3.7746012487e-06
10200 	 10437 	 6.5985093205e-01 	 2.5830385690e-06
10300 	 10538 	 6.5985093169e-01 	 2.1997614808e-06
10400 	 10639 	 6.5985093135e-01 	 1.5404724758e-06
10500 	 10744 	 6.5985093097e-01 	 2.1721707743e-06
10600 	 10848 	 6.5985093065e-01 	 2.2744208165e-06
10700 	 10950 	 6.5985093044e-01 	 2.1668306383e-06
10800 	 11051 	 6.5985093028e-01 	 2.9902267385e-06
10900 	 11154 	 6.5985093012e-01 	 1.1248964474e-06
11000 	 11257 	 6.5985093000e-01 	 8.7236442272e-07
11100 	 11361 	 6.5985092987e-01 	 3.6051093954e-06
11200 	 11464 	 6.5985092975e-01 	 9.7634725445e-07
11300 	 11567 	 6.5985092962e-01 	 1.2312750140e-06
11400 	 11670 	 6.5985092948e-01 	 1.6769440659e-06
11500 	 11774 	 6.5985092935e-01 	 2.0972864119e-06
11600 	 11877 	 6.5985092921e-01 	 1.6036886275e-06
11700 	 11979 	 6.5985092903e-01 	 1.5152390066e-06
11800 	 12082 	 6.5985092881e-01 	 1.8378735031e-06
11900 	 12185 	 6.5985092861e-01 	 1.2785616924e-06
12000 	 12286 	 6.5985092847e-01 	 2.2320223138e-06
12100 	 12389 	 6.5985092838e-01 	 8.5236255881e-07
12200 	 12492 	 6.5985092830e-01 	 1.8792262441e-06
12300 	 12594 	 6.5985092821e-01 	 1.3984808947e-06
12400 	 12698 	 6.5985092814e-01 	 9.7062497430e-07
12500 	 12800 	 6.5985092809e-01 	 1.9085165737e-06
12600 	 12903 	 6.5985092804e-01 	 5.4112140713e-07
12700 	 13004 	 6.5985092800e-01 	 6.1439246165e-07
12800 	 13107 	 6.5985092796e-01 	 6.1140809624e-07
12900 	 13209 	 6.5985092792e-01 	 6.5319494341e-07
13000 	 13310 	 6.5985092789e-01 	 6.3151737048e-07
13100 	 13415 	 6.5985092785e-01 	 6.3633138276e-07
13200 	 13520 	 6.5985092782e-01 	 4.9918606107e-07
13300 	 13622 	 6.5985092779e-01 	 8.8531869295e-07
13400 	 13726 	 6.5985092777e-01 	 1.3575473487e-06
13500 	 13827 	 6.5985092775e-01 	 4.0992361262e-07
13600 	 13930 	 6.5985092774e-01 	 3.3740363055e-07
13700 	 14031 	 6.5985092773e-01 	 4.1457196087e-07
13800 	 14134 	 6.5985092771e-01 	 4.5332480513e-07
13900 	 14237 	 6.5985092769e-01 	 6.6555767877e-07
14000 	 14340 	 6.5985092767e-01 	 8.3506743180e-07
14100 	 14441 	 6.5985092765e-01 	 5.1502115459e-07
14200 	 14543 	 6.5985092763e-01 	 5.0947640469e-07
14300 	 14644 	 6.5985092761e-01 	 4.3989386919e-07
14400 	 14746 	 6.5985092760e-01 	 8.6219355239e-07
14500 	 14849 	 6.5985092759e-01 	 9.8424083189e-07
14600 	 14952 	 6.5985092758e-01 	 6.8707441524e-07
14700 	 15055 	 6.5985092757e-01 	 3.8782707785e-07
14800 	 15159 	 6.5985092756e-01 	 3.3583163249e-07
14900 	 15262 	 6.5985092755e-01 	 6.7476693836e-07
15000 	 15367 	 6.5985092754e-01 	 4.7670570348e-07
15100 	 15468 	 6.5985092753e-01 	 3.5341601273e-07
15200 	 15571 	 6.5985092753e-01 	 2.3466065431e-07
15300 	 15673 	 6.5985092752e-01 	 4.2245792235e-07
15400 	 15775 	 6.5985092752e-01 	 2.4943794784e-07
15500 	 15877 	 6.5985092751e-01 	 2.3323895516e-07
15600 	 15979 	 6.5985092750e-01 	 4.4712546331e-07
15700 	 16081 	 6.5985092750e-01 	 3.4329950238e-07
15800 	 16184 	 6.5985092749e-01 	 2.5212593528e-07
15900 	 16288 	 6.5985092748e-01 	 2.5128091330e-07
16000 	 16391 	 6.5985092747e-01 	 3.5325891382e-07
16100 	 16493 	 6.5985092747e-01 	 6.5527330700e-07
16200 	 16596 	 6.5985092746e-01 	 2.2315669694e-07
16300 	 16698 	 6.5985092745e-01 	 5.5186554717e-07
16400 	 16801 	 6.5985092744e-01 	 2.5815805138e-07
16500 	 16902 	 6.5985092744e-01 	 1.9343155706e-07
16600 	 17007 	 6.5985092743e-01 	 5.2948102503e-07
16700 	 17110 	 6.5985092743e-01 	 2.3374943246e-07
16800 	 17214 	 6.5985092742e-01 	 5.1869774778e-07
16900 	 17316 	 6.5985092742e-01 	 2.6125546896e-07
17000 	 17420 	 6.5985092741e-01 	 1.2754413143e-07
17100 	 17524 	 6.5985092741e-01 	 1.6071854998e-07
17200 	 17627 	 6.5985092741e-01 	 2.9668418029e-07
17300 	 17731 	 6.5985092740e-01 	 3.5102101366e-07
17400 	 17832 	 6.5985092740e-01 	 3.1319101880e-07
17500 	 17935 	 6.5985092740e-01 	 1.6366416607e-07
17600 	 18038 	 6.5985092740e-01 	 1.5433639282e-07
17700 	 18141 	 6.5985092740e-01 	 2.1172136291e-07
17800 	 18243 	 6.5985092739e-01 	 9.7144941849e-08
17900 	 18344 	 6.5985092739e-01 	 1.2840071437e-07
18000 	 18451 	 6.5985092739e-01 	 1.7885307287e-07
18100 	 18556 	 6.5985092739e-01 	 1.3172816367e-07
18200 	 18659 	 6.5985092739e-01 	 3.4265591553e-07
18300 	 18762 	 6.5985092739e-01 	 1.5459131904e-07
18400 	 18867 	 6.5985092738e-01 	 9.6771944655e-08
18500 	 18973 	 6.5985092738e-01 	 1.5442304293e-07
18600 	 19077 	 6.5985092738e-01 	 9.6249094611e-08
18700 	 19182 	 6.5985092738e-01 	 1.1367978989e-07
18800 	 19288 	 6.5985092738e-01 	 8.9154110191e-08
18900 	 19392 	 6.5985092738e-01 	 7.0463084843e-08
19000 	 19498 	 6.5985092738e-01 	 1.0012596276e-07
19100 	 19600 	 6.5985092738e-01 	 2.0463009213e-07
19200 	 19705 	 6.5985092738e-01 	 7.9428239543e-08
19300 	 19808 	 6.5985092738e-01 	 4.8707673656e-08
19400 	 19914 	 6.5985092738e-01 	 6.4309233833e-08
19500 	 20022 	 6.5985092738e-01 	 2.5902791432e-07
19600 	 20126 	 6.5985092738e-01 	 1.0541074899e-07
19700 	 20229 	 6.5985092738e-01 	 1.1251434892e-07
19800 	 20332 	 6.5985092738e-01 	 1.2643785185e-07
19900 	 20433 	 6.5985092737e-01 	 9.1112610056e-08
20000 	 20533 	 6.5985092737e-01 	 1.7732768857e-07
20100 	 20634 	 6.5985092737e-01 	 8.0974053614e-08
20200 	 20740 	 6.5985092737e-01 	 9.8034495131e-08
20300 	 20843 	 6.5985092737e-01 	 7.8162071963e-08
20400 	 20947 	 6.5985092737e-01 	 1.3106692988e-07
20500 	 21053 	 6.5985092737e-01 	 5.2043510500e-08
20600 	 21160 	 6.5985092737e-01 	 6.2367966122e-08
20700 	 21270 	 6.5985092737e-01 	 1.1148076894e-07
20800 	 21378 	 6.5985092737e-01 	 6.7435165178e-08
# ---- 
 1 		 20884 	 21488 		 1.2270118815e+00 	 6.5985092737e-01 	 4.2325755128e-08
# ---- 
100 	 104 	 2.7392143272e+00 	 2.0650263017e-02
200 	 206 	 2.7213001897e+00 	 2.6906536234e-02
300 	 308 	 2.7177519890e+00 	 5.1520094444e-03
400 	 409 	 2.7167850177e+00 	 3.7777714448e-03
500 	 510 	 2.7163806588e+00 	 1.8641374811e-03
600 	 611 	 2.7162601471e+00 	 6.5245052920e-04
700 	 715 	 2.7162334793e+00 	 3.7546998622e-04
800 	 816 	 2.7162251363e+00 	 3.6351347906e-04
900 	 918 	 2.7162212775e+00 	 1.8811310166e-04
1000 	 1021 	 2.7162196029e+00 	 1.2062445793e-04
1100 	 1123 	 2.7162186796e+00 	 1.1227321863e-04
1200 	 1226 	 2.7162181221e+00 	 6.8846170892e-05
1300 	 1328 	 2.7162177749e+00 	 5.4814631982e-05
1400 	 1430 	 2.7162176007e+00 	 4.1580288740e-05
1500 	 1533 	 2.7162174729e+00 	 4.7744007690e-05
1600 	 1636 	 2.7162173788e+00 	 3.3977808096e-05
1700 	 1738 	 2.7162173036e+00 	 2.4639480673e-05
1800 	 1839 	 2.7162172410e+00 	 2.5639402684e-05
1900 	 1940 	 2.7162171957e+00 	 2.5168126334e-05
2000 	 2043 	 2.7162171609e+00 	 1.9083502333e-05
2100 	 2145 	 2.7162171329e+00 	 2.1772658078e-05
2200 	 2249 	 2.7162171103e+00 	 1.6947799939e-05
2300 	 2349 	 2.7162170888e+00 	 1.8364434496e-05
2400 	 2452 	 2.7162170671e+00 	 2.7461756565e-05
2500 	 2555 	 2.7162170503e+00 	 1.1594657733e-05
2600 	 2657 	 2.7162170360e+00 	 2.6435801736e-05
2700 	 2762 	 2.7162170245e+00 	 1.0702095864e-05
2800 	 2865 	 2.7162170159e+00 	 1.0213009640e-05
2900 	 2970 	 2.7162170054e+00 	 1.7842449998e-05
3000 	 3072 	 2.7162169944e+00 	 1.0429273029e-05
3100 	 3175 	 2.7162169869e+00 	 9.9228459349e-06
3200 	 3278 	 2.7162169819e+00 	 7.3165503525e-06
3300 	 3379 	 2.7162169771e+00 	 7.4634983141e-06
3400 	 3482 	 2.7162169726e+00 	 7.0021437641e-06
3500 	 3584 	 2.7162169680e+00 	 4.9226602899e-06
3600 	 3688 	 2.7162169656e+00 	 6.4572168020e-06
3700 	 3790 	 2.7162169632e+00 	 5.2659548093e-06
3800 	 3892 	 2.7162169605e+00 	 4.9126083224e-06
3900 	 3993 	 2.7162169578e+00 	 6.1843959649e-06
4000 	 4095 	 2.7162169550e+00 	 5.6662926674e-06
4100 	 4196 	 2.7162169521e+00 	 9.7654854517e-06
4200 	 4300 	 2.7162169491e+00 	 4.9533294795e-06
4300 	 4402 	 2.7162169462e+00 	 4.8410982416e-06
4400 	 4505 	 2.7162169432e+00 	 6.0024249447e-06
4500 	 4609 	 2.7162169408e+00 	 1.5304448933e-05
4600 	 4710 	 2.7162169388e+00 	 3.4077995909e-06
4700 	 4813 	 2.7162169373e+00 	 4.1293954115e-06
4800 	 4915 	 2.7162169360e+00 	 3.5284586159e-06
4900 	 5016 	 2.7162169347e+00 	 2.7379950664e-06
5000 	 5119 	 2.7162169335e+00 	 3.0474979663e-06
5100 	 5221 	 2.7162169327e+00 	 4.3403615466e-06
5200 	 5325 	 2.7162169321e+00 	 5.5918803849e-06
5300 	 5426 	 2.7162169314e+00 	 2.4078482951e-06
5400 	 5528 	 2.7162169307e+00 	 3.1599235708e-06
5500 	 5630 	 2.7162169299e+00 	 2.7906092637e-06
5600 	 5732 	 2.7162169289e+00 	 6.6986572882e-06
5700 	 5834 	 2.7162169281e+00 	 2.4997571611e-06
5800 	 5934 	 2.7162169275e+00 	 7.1157439349e-06
5900 	 6036 	 2.7162169268e+00 	 6.3901439577e-06
6000 	 6140 	 2.7162169261e+00 	 2.1126017125e-06
6100 	 6244 	 2.7162169254e+00 	 4.3968419818e-06
6200 	 6347 	 2.7162169247e+00 	 2.9944066727e-06
6300 	 6448 	 2.7162169242e+00 	 2.9161379908e-06
6400 	 6551 	 2.7162169237e+00 	 3.7087571535e-06
6500 	 6654 	 2.7162169234e+00 	 5.9991849757e-06
6600 	 6756 	 2.7162169230e+00 	 2.7841302799e-06
6700 	 6860 	 2.7162169227e+00 	 3.4147925241e-06
6800 	 6962 	 2.7162169224e+00 	 2.6561493735e-06
6900 	 7065 	 2.7162169222e+00 	 1.6755335867e-06
7000 	 7169 	 2.7162169220e+00 	 1.5198053212e-06
7100 	 7271 	 2.7162169218e+00 	 2.2947327411e-06
7200 	 7374 	 2.7162169215e+00 	 1.5200632086e-06
7300 	 7476 	 2.7162169213e+00 	 1.6832101863e-06
7400 	 7578 	 2.7162169211e+00 	 1.1241650679e-06
7500 	 7680 	 2.7162169210e+00 	 9.8858935168e-07
7600 	 7783 	 2.7162169209e+00 	 8.5395032534e-07
7700 	 7885 	 2.7162169208e+00 	 1.8397029654e-06
7800 	 7989 	 2.7162169208e+00 	 9.1952162026e-07
7900 	 8093 	 2.7162169207e+00 	 9.5456877901e-07
8000 	 8196 	 2.7162169206e+00 	 8.9210961438e-07
8100 	 8298 	 2.7162169205e+00 	 9.4920322578e-07
8200 	 8401 	 2.7162169205e+00 	 1.6556176252e-06
8300 	 8505 	 2.7162169204e+00 	 1.1891337330e-06
8400 	 8606 	 2.7162169203e+00 	 8.7856599574e-07
8500 	 8711 	 2.7162169202e+00 	 8.8934925608e-07
8600 	 8814 	 2.7162169202e+00 	 1.5069039356e-06
8700 	 8915 	 2.7162169201e+00 	 1.1012973875e-06
8800 	 9017 	 2.7162169201e+00 	 8.5926571775e-07
8900 	 9119 	 2.7162169200e+00 	 9.0412765007e-07
9000 	 9221 	 2.7162169199e+00 	 1.7348473511e-06
9100 	 9322 	 2.7162169199e+00 	 7.1528973909e-07
9200 	 9425 	 2.7162169198e+00 	 7.7095004915e-07
9300 	 9528 	 2.7162169198e+00 	 4.2937809648e-07
9400 	 9630 	 2.7162169198e+00 	 4.2011192941e-07
9500 	 9733 	 2.7162169198e+00 	 4.0087675452e-07
9600 	 9836 	 2.7162169198e+00 	 7.9631125511e-07
9700 	 9940 	 2.7162169197e+00 	 1.0204616484e-06
9800 	 10042 	 2.7162169197e+00 	 4.3582112353e-07
9900 	 10144 	 2.7162169197e+00 	 4.8309712446e-07
10000 	 10246 	 2.7162169197e+00 	 3.2531372929e-07
10100 	 10349 	 2.7162169197e+00 	 4.3275946948e-07
10200 	 10450 	 2.7162169197e+00 	 3.7935227132e-07
10300 	 10551 	 2.7162169196e+00 	 4.0445430663e-07
10400 	 10653 	 2.7162169196e+00 	 2.0959013277e-07
10500 	 10754 	 2.7162169196e+00 	 1.8999490365e-07
10600 	 10858 	 2.7162169196e+00 	 1.9715965119e-07
10700 	 10960 	 2.7162169196e+00 	 3.5766268972e-07
10800 	 11062 	 2.7162169196e+00 	 2.5526298705e-07
10900 	 11164 	 2.7162169196e+00 	 2.1907099566e-07
11000 	 11269 	 2.7162169196e+00 	 2.0354961937e-07
11100 	 11372 	 2.7162169196e+00 	 1.4147684092e-07
11200 	 11474 	 2.7162169196e+00 	 2.3830179856e-07
11300 	 11576 	 2.7162169196e+00 	 1.8354304058e-07
11400 	 11678 	 2.7162169196e+00 	 1.8222782602e-07
11500 	 11780 	 2.7162169196e+00 	 3.8937791560e-07
11600 	 11881 	 2.7162169196e+00 	 3.0261964274e-07
11700 	 11984 	 2.7162169196e+00 	 3.0627480044e-07
11800 	 12088 	 2.7162169196e+00 	 1.3552127338e-07
11900 	 12192 	 2.7162169196e+00 	 2.2275044479e-07
12000 	 12300 	 2.7162169196e+00 	 2.3516005555e-07
12100 	 12405 	 2.7162169196e+00 	 1.1132281605e-07
12200 	 12515 	 2.7162169196e+00 	 1.8763564158e-07
12300 	 12626 	 2.7162169196e+00 	 8.9855361611e-08
# ---- 
 1 		 12353 	 12718 		 3.2336762705e+00 	 2.7162169196e+00 	 2.0387259341e-07
# ---- 
100 	 102 	 6.2248725205e+00 	 2.0626197802e-02
200 	 203 	 6.2148353860e+00 	 5.9450439184e-03
300 	 305 	 6.2132249734e+00 	 5.7768958404e-03
400 	 408 	 6.2126183721e+00 	 2.7811009836e-03
500 	 512 	 6.2123739413e+00 	 1.5217159168e-03
600 	 616 	 6.2123173609e+00 	 6.5338399930e-04
700 	 721 	 6.2123043328e+00 	 4.0724578849e-04
800 	 822 	 6.2122994953e+00 	 1.6907054842e-04
900 	 923 	 6.2122976371e+00 	 1.1237583443e-04
1000 	 1024 	 6.2122967915e+00 	 1.4437602225e-04
1100 	 1125 	 6.2122962819e+00 	 1.3804099093e-04
1200 	 1228 	 6.2122960209e+00 	 4.9103434060e-05
1300 	 1330 	 6.2122958606e+00 	 7.2317447313e-05
1400 	 1434 	 6.2122957521e+00 	 5.1856858984e-05
1500 	 1536 	 6.2122956950e+00 	 2.7785945237e-05
1600 	 1639 	 6.2122956537e+00 	 2.7244594229e-05
1700 	 1740 	 6.2122956196e+00 	 3.3717273920e-05
1800 	 1842 	 6.2122955909e+00 	 3.5099582738e-05
1900 	 1945 	 6.2122955644e+00 	 1.3800260992e-05
2000 	 2049 	 6.2122955418e+00 	 2.8636294690e-05
2100 	 2153 	 6.2122955222e+00 	 1.4146701482e-05
2200 	 2255 	 6.2122955078e+00 	 1.1926490712e-05
2300 	 2355 	 6.2122954967e+00 	 1.8008485953e-05
2400 	 2459 	 6.2122954872e+00 	 2.3998347414e-05
2500 	 2559 	 6.2122954780e+00 	 2.3010878878e-05
2600 	 2663 	 6.2122954705e+00 	 9.0015604578e-06
2700 	 2763 	 6.2122954622e+00 	 2.8793294064e-05
2800 	 2866 	 6.2122954554e+00 	 7.3292355908e-06
2900 	 2966 	 6.2122954516e+00 	 7.3338276002e-06
3000 	 3069 	 6.2122954487e+00 	 6.5598191602e-06
3100 	 3171 	 6.2122954462e+00 	 5.8401913826e-06
3200 	 3275 	 6.2122954435e+00 	 4.5129264813e-06
3300 	 3376 	 6.2122954413e+00 	 5.5627960278e-06
3400 	 3477 	 6.2122954392e+00 	 5.1862113886e-06
3500 	 3581 	 6.2122954370e+00 	 4.7905256282e-06
3600 	 3682 	 6.2122954350e+00 	 4.2413502630e-06
3700 	 3784 	 6.2122954333e+00 	 7.5194701295e-06
3800 	 3887 	 6.2122954314e+00 	 5.6280457734e-06
3900 	 3989 	 6.2122954296e+00 	 8.1171040094e-06
4000 	 4092 	 6.2122954280e+00 	 3.6024317645e-06
4100 	 4194 	 6.2122954263e+00 	 3.9136895459e-06
4200 	 4299 	 6.2122954250e+00 	 1.0935073022e-05
4300 	 4401 	 6.2122954240e+00 	 3.3171809331e-06
4400 	 4503 	 6.2122954232e+00 	 2.9264461820e-06
4500 	 4604 	 6.2122954226e+00 	 2.9412577861e-06
4600 	 4709 	 6.2122954221e+00 	 2.1748947935e-06
4700 	 4810 	 6.2122954217e+00 	 2.2640897165e-06
4800 	 4910 	 6.2122954213e+00 	 5.2404011668e-06
4900 	 5012 	 6.2122954209e+00 	 1.4938745933e-06
5000 	 5114 	 6.2122954205e+00 	 2.4661437932e-06
5100 	 5215 	 6.2122954200e+00 	 3.5877273991e-06
5200 	 5316 	 6.2122954195e+00 	 2.8286288119e-06
5300 	 5419 	 6.2122954190e+00 	 4.9252522092e-06
5400 	 5521 	 6.2122954187e+00 	 1.6729630038e-06
5500 	 5623 	 6.2122954184e+00 	 1.6490574740e-06
5600 	 5726 	 6.2122954182e+00 	 1.5247350400e-06
5700 	 5831 	 6.2122954180e+00 	 3.0462883921e-06
5800 	 5934 	 6.2122954178e+00 	 1.5355703688e-06
5900 	 6036 	 6.2122954176e+00 	 1.3115019353e-06
6000 	 6139 	 6.2122954174e+00 	 1.4926009465e-06
6100 	 6243 	 6.2122954173e+00 	 1.2516868062e-06
6200 	 6346 	 6.2122954172e+00 	 9.3956121751e-07
6300 	 6449 	 6.2122954171e+00 	 1.1202804250e-06
6400 	 6551 	 6.2122954170e+00 	 1.0115603031e-06
6500 	 6653 	 6.2122954169e+00 	 7.4393023504e-07
6600 	 6756 	 6.2122954169e+00 	 1.4972540710e-06
6700 	 6862 	 6.2122954168e+00 	 1.2174831844e-06
6800 	 6964 	 6.2122954168e+00 	 8.3357797181e-07
6900 	 7068 	 6.2122954167e+00 	 2.5032598797e-06
7000 	 7171 	 6.2122954167e+00 	 1.0223310535e-06
7100 	 7274 	 6.2122954166e+00 	 6.2542074365e-07
7200 	 7376 	 6.2122954166e+00 	 5.4242791081e-07
7300 	 7481 	 6.2122954166e+00 	 8.3483098223e-07
7400 	 7584 	 6.2122954165e+00 	 8.3624339902e-07
7500 	 7685 	 6.2122954165e+00 	 5.0212280134e-07
7600 	 7787 	 6.2122954165e+00 	 6.2762409461e-07
7700 	 7890 	 6.2122954164e+00 	 8.8270249310e-07
7800 	 7992 	 6.2122954164e+00 	 6.1169162808e-07
7900 	 8093 	 6.2122954164e+00 	 5.1064282564e-07
8000 	 8196 	 6.2122954163e+00 	 4.6085942919e-07
8100 	 8297 	 6.2122954163e+00 	 5.9958033158e-07
8200 	 8398 	 6.2122954163e+00 	 7.7483480816e-07
8300 	 8503 	 6.2122954163e+00 	 4.4177405074e-07
8400 	 8607 	 6.2122954163e+00 	 6.8985553527e-07
8500 	 8708 	 6.2122954163e+00 	 2.9639824111e-07
8600 	 8811 	 6.2122954163e+00 	 9.9938255534e-07
8700 	 8913 	 6.2122954163e+00 	 5.2154685250e-07
8800 	 9014 	 6.2122954163e+00 	 5.4232054615e-07
8900 	 9119 	 6.2122954162e+00 	 2.3998202750e-07
9000 	 9223 	 6.2122954162e+00 	 3.1228298414e-07
9100 	 9333 	 6.2122954162e+00 	 1.9215573581e-07
9200 	 9443 	 6.2122954162e+00 	 1.6590018356e-07
9300 	 9546 	 6.2122954162e+00 	 2.8455938755e-07
9400 	 9654 	 6.2122954162e+00 	 2.9448185645e-07
9500 	 9761 	 6.2122954162e+00 	 2.3815797749e-07
9600 	 9870 	 6.2122954162e+00 	 1.7367190431e-07
9700 	 9984 	 6.2122954162e+00 	 2.0727281292e-07
9800 	 10097 	 6.2122954162e+00 	 1.8006149633e-07
9900 	 10206 	 6.2122954162e+00 	 2.0575918561e-07
10000 	 10312 	 6.2122954162e+00 	 2.1472900300e-07
10100 	 10422 	 6.2122954162e+00 	 2.1948126845e-07
10200 	 10535 	 6.2122954162e+00 	 1.0092550984e-07
10300 	 10652 	 6.2122954162e+00 	 8.7607729464e-08
10400 	 10764 	 6.2122954162e+00 	 1.1589732380e-07
10500 	 10886 	 6.2122954162e+00 	 2.1158087383e-07
10600 	 10994 	 6.2122954162e+00 	 1.2199445252e-07
10700 	 11108 	 6.2122954162e+00 	 8.5129277455e-08
10800 	 11214 	 6.2122954162e+00 	 9.1946489488e-08
# ---- 
 1 		 10883 	 11325 		 6.7178356684e+00 	 6.2122954162e+00 	 1.2455548327e-07
# ---- 
100 	 102 	 1.1172543788e+01 	 1.6431279162e-02
200 	 204 	 1.1165626088e+01 	 5.0393939360e-03
300 	 306 	 1.1164573197e+01 	 3.0851171901e-03
400 	 408 	 1.1164088256e+01 	 2.3825182946e-03
500 	 511 	 1.1163915383e+01 	 1.1390754682e-03
600 	 614 	 1.1163881373e+01 	 5.2041568281e-04
700 	 716 	 1.1163871150e+01 	 9.1357920147e-04
800 	 820 	 1.1163867524e+01 	 1.6500455101e-04
900 	 922 	 1.1163866279e+01 	 1.6138364337e-04
1000 	 1022 	 1.1163865695e+01 	 7.1801061433e-05
1100 	 1125 	 1.1163865346e+01 	 6.0085539359e-05
1200 	 1227 	 1.1163865160e+01 	 5.5378234741e-05
1300 	 1328 	 1.1163865042e+01 	 7.0253573263e-05
1400 	 1431 	 1.1163864976e+01 	 1.9605782512e-05
1500 	 1535 	 1.1163864938e+01 	 1.9977026733e-05
1600 	 1635 	 1.1163864911e+01 	 1.6313431081e-05
1700 	 1737 	 1.1163864889e+01 	 1.4197301858e-05
1800 	 1841 	 1.1163864870e+01 	 1.6193581859e-05
1900 	 1944 	 1.1163864849e+01 	 1.6331688548e-05
2000 	 2047 	 1.1163864833e+01 	 1.5697105121e-05
2100 	 2148 	 1.1163864823e+01 	 1.0247645851e-05
2200 	 2250 	 1.1163864814e+01 	 6.7099523497e-06
2300 	 2354 	 1.1163864806e+01 	 1.9315798019e-05
2400 	 2454 	 1.1163864800e+01 	 1.1374791394e-05
2500 	 2554 	 1.1163864795e+01 	 8.6092835496e-06
2600 	 2658 	 1.1163864789e+01 	 7.9122287374e-06
2700 	 2759 	 1.1163864785e+01 	 1.4140878131e-05
2800 	 2862 	 1.1163864783e+01 	 6.6736661336e-06
2900 	 2964 	 1.1163864781e+01 	 7.8781288674e-06
3000 	 3065 	 1.1163864778e+01 	 6.0392365063e-06
3100 	 3169 	 1.1163864777e+01 	 5.2443051914e-06
3200 	 3271 	 1.1163864775e+01 	 3.1495244639e-06
3300 	 3372 	 1.1163864774e+01 	 4.9155568795e-06
3400 	 3472 	 1.1163864772e+01 	 7.2671210620e-06
3500 	 3576 	 1.1163864770e+01 	 4.3440092279e-06
3600 	 3680 	 1.1163864769e+01 	 2.8019329289e-06
3700 	 3781 	 1.1163864768e+01 	 2.7063571520e-06
3800 	 3881 	 1.1163864767e+01 	 3.2794679866e-06
3900 	 3983 	 1.1163864766e+01 	 2.8066018296e-06
4000 	 4085 	 1.1163864766e+01 	 4.0770305819e-06
4100 	 4186 	 1.1163864765e+01 	 3.0923944659e-06
4200 	 4288 	 1.1163864765e+01 	 2.3196537726e-06
4300 	 4390 	 1.1163864764e+01 	 1.5706173919e-06
4400 	 4493 	 1.1163864764e+01 	 2.7724282098e-06
4500 	 4596 	 1.1163864764e+01 	 5.7689874485e-06
4600 	 4699 	 1.1163864763e+01 	 2.8766510071e-06
4700 	 4801 	 1.1163864763e+01 	 1.5862942980e-06
4800 	 4904 	 1.1163864762e+01 	 2.9333468215e-06
4900 	 5006 	 1.1163864762e+01 	 2.7303878856e-06
5000 	 5109 	 1.1163864762e+01 	 4.3987141147e-06
5100 	 5213 	 1.1163864762e+01 	 2.6322013661e-06
5200 	 5314 	 1.1163864761e+01 	 2.1471249209e-06
5300 	 5417 	 1.1163864761e+01 	 1.2840275982e-06
5400 	 5519 	 1.1163864761e+01 	 1.1098710881e-06
5500 	 5621 	 1.1163864761e+01 	 2.1132103176e-06
5600 	 5722 	 1.1163864761e+01 	 1.0241637984e-06
5700 	 5825 	 1.1163864761e+01 	 7.8406381994e-07
5800 	 5926 	 1.1163864761e+01 	 9.0883787617e-07
5900 	 6029 	 1.1163864761e+01 	 9.0396160019e-07
6000 	 6133 	 1.1163864761e+01 	 6.4752993533e-07
6100 	 6236 	 1.1163864761e+01 	 9.9342884321e-07
6200 	 6338 	 1.1163864760e+01 	 5.4940492637e-07
6300 	 6438 	 1.1163864760e+01 	 5.3179950820e-07
6400 	 6541 	 1.1163864760e+01 	 6.0780181692e-07
6500 	 6645 	 1.1163864760e+01 	 4.7232721718e-07
6600 	 6747 	 1.1163864760e+01 	 3.7453997255e-07
6700 	 6849 	 1.1163864760e+01 	 3.9315060413e-07
6800 	 6952 	 1.1163864760e+01 	 1.2001348765e-06
6900 	 7053 	 1.1163864760e+01 	 1.0516230963e-06
7000 	 7155 	 1.1163864760e+01 	 3.4939160200e-07
7100 	 7256 	 1.1163864760e+01 	 5.5667794875e-07
7200 	 7358 	 1.1163864760e+01 	 8.7134213047e-07
7300 	 7460 	 1.1163864760e+01 	 1.2355203052e-06
7400 	 7564 	 1.1163864760e+01 	 3.4604648329e-07
7500 	 7668 	 1.1163864760e+01 	 8.7518962646e-07
7600 	 7774 	 1.1163864760e+01 	 1.7990145287e-07
7700 	 7877 	 1.1163864760e+01 	 2.4512722327e-07
7800 	 7982 	 1.1163864760e+01 	 2.4593715382e-07
7900 	 8089 	 1.1163864760e+01 	 2.7069861766e-07
8000 	 8202 	 1.1163864760e+01 	 4.3261387192e-07
8100 	 8311 	 1.1163864760e+01 	 1.9031106610e-07
# ---- 
 1 		 8183 	 8420 		 1.1664236147e+01 	 1.1163864760e+01 	 1.9948384733e-07
# ---- 
100 	 102 	 1.7585850954e+01 	 1.3237921027e-02
200 	 205 	 1.7581041310e+01 	 1.1107260841e-02
300 	 305 	 1.7580275984e+01 	 3.4575443420e-03
400 	 408 	 1.7579862027e+01 	 2.2335955215e-03
500 	 510 	 1.7579733855e+01 	 1.5783337881e-03
600 	 614 	 1.7579704268e+01 	 1.3362331538e-03
700 	 719 	 1.7579692733e+01 	 2.3278150035e-04
800 	 821 	 1.7579689646e+01 	 1.3236203552e-04
900 	 924 	 1.7579688830e+01 	 1.4307249841e-04
1000 	 1026 	 1.7579688374e+01 	 7.8385233424e-05
1100 	 1127 	 1.7579688141e+01 	 5.4089242340e-05
1200 	 1230 	 1.7579687998e+01 	 6.2154105782e-05
1300 	 1330 	 1.7579687903e+01 	 4.0950922966e-05
1400 	 1431 	 1.7579687850e+01 	 2.9451351372e-05
1500 	 1535 	 1.7579687821e+01 	 1.7250787583e-05
1600 	 1637 	 1.7579687804e+01 	 1.2046534852e-05
1700 	 1740 	 1.7579687787e+01 	 1.2875858442e-05
1800 	 1843 	 1.7579687771e+01 	 1.3218421291e-05
1900 	 1944 	 1.7579687757e+01 	 1.2693443342e-05
2000 	 2048 	 1.7579687746e+01 	 1.1574272386e-05
2100 	 2150 	 1.7579687737e+01 	 1.3274228934e-05
2200 	 2252 	 1.7579687730e+01 	 1.2937807438e-05
2300 	 2357 	 1.7579687725e+01 	 8.7677440597e-06
2400 	 2459 	 1.7579687720e+01 	 8.2088789512e-06
2500 	 2564 	 1.7579687717e+01 	 9.6382279430e-06
2600 	 2666 	 1.7579687714e+01 	 3.8668763980e-06
2700 	 2771 	 1.7579687712e+01 	 3.8815433971e-06
2800 	 2873 	 1.7579687710e+01 	 1.1259935116e-05
2900 	 2974 	 1.7579687708e+01 	 8.5694521863e-06
3000 	 3077 	 1.7579687706e+01 	 3.2616171581e-06
3100 	 3178 	 1.7579687705e+01 	 4.3551344608e-06
3200 	 3282 	 1.7579687704e+01 	 3.9641959984e-06
3300 	 3383 	 1.7579687703e+01 	 9.8205585666e-06
3400 	 3487 	 1.7579687701e+01 	 4.6633160022e-06
3500 	 3591 	 1.7579687700e+01 	 4.4407760308e-06
3600 	 3693 	 1.7579687699e+01 	 4.4203263791e-06
3700 	 3795 	 1.7579687699e+01 	 3.4793747358e-06
3800 	 3898 	 1.7579687698e+01 	 2.1097850468e-06
3900 	 4001 	 1.7579687698e+01 	 2.1390429214e-06
4000 	 4103 	 1.7579687697e+01 	 2.3079418413e-06
4100 	 4206 	 1.7579687697e+01 	 2.7292403842e-06
4200 	 4308 	 1.7579687697e+01 	 2.3922141997e-06
4300 	 4410 	 1.7579687697e+01 	 1.6820235793e-06
4400 	 4515 	 1.7579687696e+01 	 1.6875452170e-06
4500 	 4621 	 1.7579687696e+01 	 1.4407130070e-06
4600 	 4724 	 1.7579687696e+01 	 1.6146464729e-06
4700 	 4827 	 1.7579687696e+01 	 3.4779754890e-06
4800 	 4931 	 1.7579687695e+01 	 1.5973398021e-06
4900 	 5034 	 1.7579687695e+01 	 1.3356987373e-06
5000 	 5137 	 1.7579687695e+01 	 2.5031880843e-06
5100 	 5239 	 1.7579687695e+01 	 1.6964172523e-06
5200 	 5342 	 1.7579687695e+01 	 1.0466955537e-06
5300 	 5446 	 1.7579687695e+01 	 1.4116006631e-06
5400 	 5549 	 1.7579687695e+01 	 6.4536772987e-07
5500 	 5655 	 1.7579687695e+01 	 7.5713620951e-07
5600 	 5756 	 1.7579687695e+01 	 6.4742121394e-07
5700 	 5858 	 1.7579687695e+01 	 5.4438659507e-07
5800 	 5963 	 1.7579687695e+01 	 5.3530975022e-07
5900 	 6079 	 1.7579687695e+01 	 4.1216833311e-07
6000 	 6184 	 1.7579687694e+01 	 2.9837515863e-07
6100 	 6292 	 1.7579687694e+01 	 9.1013289390e-07
6200 	 6399 	 1.7579687694e+01 	 5.1514917062e-07
6300 	 6507 	 1.7579687694e+01 	 3.3764510018e-07
6400 	 6614 	 1.7579687694e+01 	 4.7846484246e-07
6500 	 6718 	 1.7579687694e+01 	 3.3002132583e-07
6600 	 6829 	 1.7579687694e+01 	 4.7522318455e-07
6700 	 6939 	 1.7579687694e+01 	 4.9123293072e-07
6800 	 7044 	 1.7579687694e+01 	 2.8550605316e-07
6900 	 7151 	 1.7579687694e+01 	 6.2715147026e-07
7000 	 7260 	 1.7579687694e+01 	 2.8662934733e-07
7100 	 7376 	 1.7579687694e+01 	 2.8323180113e-07
7200 	 7482 	 1.7579687694e+01 	 1.8307065287e-07
7300 	 7593 	 1.7579687694e+01 	 2.4046993411e-07
7400 	 7707 	 1.7579687694e+01 	 2.0667970158e-07
7500 	 7818 	 1.7579687694e+01 	 2.1526825034e-07
7600 	 7935 	 1.7579687694e+01 	 2.1509033403e-07
7700 	 8050 	 1.7579687694e+01 	 9.1692977334e-08
# ---- 
 1 		 7712 	 8076 		 1.8077205295e+01 	 1.7579687694e+01 	 1.4427816235e-07
# ---- 
100 	 102 	 2.5470548881e+01 	 1.3355429818e-02
200 	 203 	 2.5466720857e+01 	 4.5476408689e-03
300 	 305 	 2.5466068850e+01 	 2.9338147897e-03
400 	 407 	 2.5465685851e+01 	 3.7029758722e-03
500 	 510 	 2.5465580709e+01 	 1.0362194727e-03
600 	 611 	 2.5465556549e+01 	 7.4452337533e-04
700 	 712 	 2.5465548377e+01 	 2.2358896134e-04
800 	 813 	 2.5465546408e+01 	 1.0491675430e-04
900 	 913 	 2.5465545795e+01 	 8.5034008480e-05
1000 	 1016 	 2.5465545490e+01 	 5.2228136103e-05
1100 	 1119 	 2.5465545325e+01 	 4.6055016718e-05
1200 	 1221 	 2.5465545207e+01 	 3.2151467415e-05
1300 	 1322 	 2.5465545140e+01 	 4.2471287773e-05
1400 	 1424 	 2.5465545100e+01 	 1.4722638000e-05
1500 	 1526 	 2.5465545078e+01 	 1.3354254933e-05
1600 	 1630 	 2.5465545063e+01 	 9.2898877539e-06
1700 	 1733 	 2.5465545052e+01 	 1.0753815690e-05
1800 	 1835 	 2.5465545041e+01 	 1.4596205874e-05
1900 	 1937 	 2.5465545031e+01 	 1.6559664258e-05
2000 	 2041 	 2.5465545023e+01 	 1.2297592010e-05
2100 	 2145 	 2.5465545015e+01 	 1.1463054945e-05
2200 	 2247 	 2.5465545009e+01 	 9.3351818319e-06
2300 	 2349 	 2.5465545006e+01 	 7.3373529868e-06
2400 	 2451 	 2.5465545003e+01 	 7.9710238935e-06
2500 	 2552 	 2.5465545001e+01 	 6.4251989093e-06
2600 	 2653 	 2.5465544999e+01 	 5.2313757441e-06
2700 	 2756 	 2.5465544998e+01 	 5.0363392890e-06
2800 	 2862 	 2.5465544996e+01 	 5.9453245163e-06
2900 	 2966 	 2.5465544995e+01 	 3.3871599627e-06
3000 	 3069 	 2.5465544994e+01 	 4.0300260091e-06
3100 	 3173 	 2.5465544993e+01 	 3.2822269393e-06
3200 	 3275 	 2.5465544992e+01 	 7.9319706811e-06
3300 	 3379 	 2.5465544991e+01 	 3.5992079340e-06
3400 	 3480 	 2.5465544990e+01 	 3.5273557275e-06
3500 	 3580 	 2.5465544989e+01 	 2.1553878401e-06
3600 	 3684 	 2.5465544988e+01 	 5.4486555972e-06
3700 	 3786 	 2.5465544988e+01 	 2.2342239958e-06
3800 	 3889 	 2.5465544988e+01 	 1.8791625431e-06
3900 	 3993 	 2.5465544987e+01 	 2.6820534826e-06
4000 	 4094 	 2.5465544987e+01 	 1.9696306663e-06
4100 	 4196 	 2.5465544986e+01 	 2.3925767242e-06
4200 	 4297 	 2.5465544986e+01 	 4.2757790001e-06
4300 	 4400 	 2.5465544986e+01 	 2.2370770020e-06
4400 	 4501 	 2.5465544986e+01 	 1.2470468139e-06
4500 	 4603 	 2.5465544986e+01 	 1.6743627503e-06
4600 	 4704 	 2.5465544986e+01 	 1.3560982555e-06
4700 	 4806 	 2.5465544985e+01 	 1.1756437906e-06
4800 	 4908 	 2.5465544985e+01 	 1.1183663426e-06
4900 	 5012 	 2.5465544985e+01 	 9.8231876576e-07
5000 	 5114 	 2.5465544985e+01 	 1.2484643772e-06
5100 	 5215 	 2.5465544985e+01 	 2.1568623177e-06
5200 	 5318 	 2.5465544985e+01 	 8.5531329488e-07
5300 	 5421 	 2.5465544985e+01 	 8.1316594598e-07
5400 	 5524 	 2.5465544985e+01 	 6.3150860577e-07
5500 	 5625 	 2.5465544985e+01 	 6.8542584980e-07
5600 	 5729 	 2.5465544985e+01 	 4.5108211183e-07
5700 	 5838 	 2.5465544985e+01 	 9.0295723130e-07
5800 	 5951 	 2.5465544985e+01 	 2.8704487350e-07
5900 	 6058 	 2.5465544985e+01 	 3.9859523664e-07
6000 	 6161 	 2.5465544985e+01 	 3.9011648872e-07
6100 	 6266 	 2.5465544985e+01 	 5.9342705801e-07
6200 	 6372 	 2.5465544985e+01 	 4.8171995529e-07
6300 	 6480 	 2.5465544985e+01 	 1.0084257283e-06
6400 	 6594 	 2.5465544985e+01 	 4.2021656276e-07
6500 	 6700 	 2.5465544985e+01 	 2.0832935011e-07
6600 	 6809 	 2.5465544985e+01 	 4.3595672215e-07
6700 	 6915 	 2.5465544985e+01 	 3.8429049886e-07
6800 	 7021 	 2.5465544985e+01 	 3.1360368568e-07
6900 	 7134 	 2.5465544985e+01 	 1.8604625832e-07
7000 	 7243 	 2.5465544985e+01 	 3.6623118722e-07
# ---- 
 1 		 7069 	 7333 		 2.5961300966e+01 	 2.5465544985e+01 	 3.0718565299e-07
# ---- 
100 	 104 	 3.4829703416e+01 	 1.7618650430e-02
200 	 206 	 3.4826646634e+01 	 3.9096094045e-03
300 	 309 	 3.4826074644e+01 	 4.3413266588e-03
400 	 411 	 3.4825734046e+01 	 1.5625106500e-03
500 	 516 	 3.4825650900e+01 	 1.2486279461e-03
600 	 620 	 3.4825631433e+01 	 4.0693390130e-04
700 	 722 	 3.4825625022e+01 	 1.5949895394e-04
800 	 822 	 3.4825623310e+01 	 9.3051428936e-05
900 	 923 	 3.4825622745e+01 	 5.8609196442e-05
1000 	 1025 	 3.4825622483e+01 	 3.8526560959e-05
1100 	 1128 	 3.4825622348e+01 	 4.0884678858e-05
1200 	 1230 	 3.4825622262e+01 	 3.1721938696e-05
1300 	 1334 	 3.4825622200e+01 	 2.0625711732e-05
1400 	 1438 	 3.4825622165e+01 	 2.7929597586e-05
1500 	 1539 	 3.4825622148e+01 	 1.2559775724e-05
1600 	 1640 	 3.4825622138e+01 	 2.0432630768e-05
1700 	 1740 	 3.4825622129e+01 	 8.7975193928e-06
1800 	 1840 	 3.4825622119e+01 	 2.2972001816e-05
1900 	 1942 	 3.4825622111e+01 	 1.0184801701e-05
2000 	 2047 	 3.4825622104e+01 	 7.1910841512e-06
2100 	 2149 	 3.4825622098e+01 	 8.0797696269e-06
2200 	 2250 	 3.4825622095e+01 	 1.0570984223e-05
2300 	 2350 	 3.4825622092e+01 	 3.9681855123e-06
2400 	 2452 	 3.4825622090e+01 	 5.3501628038e-06
2500 	 2557 	 3.4825622089e+01 	 8.9845187077e-06
2600 	 2659 	 3.4825622087e+01 	 4.3088675678e-06
2700 	 2759 	 3.4825622086e+01 	 5.7668306800e-06
2800 	 2862 	 3.4825622084e+01 	 6.0051553743e-06
2900 	 2963 	 3.4825622083e+01 	 5.3892800656e-06
3000 	 3067 	 3.4825622082e+01 	 3.7071851933e-06
3100 	 3168 	 3.4825622081e+01 	 2.1902177719e-06
3200 	 3273 	 3.4825622080e+01 	 2.6754880264e-06
3300 	 3374 	 3.4825622079e+01 	 2.5914290847e-06
3400 	 3476 	 3.4825622079e+01 	 2.4868361205e-06
3500 	 3579 	 3.4825622079e+01 	 2.3007398957e-06
3600 	 3682 	 3.4825622078e+01 	 2.2586100593e-06
3700 	 3782 	 3.4825622078e+01 	 1.7918165833e-06
3800 	 3886 	 3.4825622078e+01 	 4.4217702657e-06
3900 	 3990 	 3.4825622078e+01 	 1.8002525011e-06
4000 	 4091 	 3.4825622077e+01 	 1.3734558360e-06
4100 	 4195 	 3.4825622077e+01 	 1.2072829814e-06
4200 	 4298 	 3.4825622077e+01 	 1.5714514991e-06
4300 	 4400 	 3.4825622077e+01 	 1.2474795062e-06
4400 	 4502 	 3.4825622077e+01 	 1.4515048379e-06
4500 	 4605 	 3.4825622076e+01 	 1.1916948340e-06
4600 	 4709 	 3.4825622076e+01 	 1.1915838471e-06
4700 	 4813 	 3.4825622076e+01 	 1.8198122741e-06
4800 	 4918 	 3.4825622076e+01 	 6.2991751121e-07
4900 	 5019 	 3.4825622076e+01 	 5.8256502518e-07
5000 	 5124 	 3.4825622076e+01 	 4.0960525928e-07
5100 	 5233 	 3.4825622076e+01 	 5.6307554959e-07
5200 	 5342 	 3.4825622076e+01 	 5.0444827684e-07
5300 	 5456 	 3.4825622076e+01 	 7.7644454251e-07
5400 	 5564 	 3.4825622076e+01 	 3.5647160724e-07
5500 	 5669 	 3.4825622076e+01 	 5.2988409887e-07
5600 	 5782 	 3.4825622076e+01 	 3.0918351694e-07
5700 	 5899 	 3.4825622076e+01 	 4.2994747394e-07
# ---- 
 1 		 5789 	 6034 		 3.5320227181e+01 	 3.4825622076e+01 	 8.8578786130e-07
# ---- 
100 	 103 	 4.5666616569e+01 	 1.1442032606e-02
200 	 204 	 4.5664070049e+01 	 3.7391013340e-03
300 	 306 	 4.5663532761e+01 	 3.4569415795e-03
400 	 409 	 4.5663228147e+01 	 3.8292800284e-03
500 	 509 	 4.5663156266e+01 	 1.1301072394e-03
600 	 611 	 4.5663137884e+01 	 3.8842484274e-04
700 	 715 	 4.5663132763e+01 	 1.9552554977e-04
800 	 817 	 4.5663131311e+01 	 1.0688744514e-04
900 	 919 	 4.5663130855e+01 	 6.3923820175e-05
1000 	 1020 	 4.5663130679e+01 	 5.5382605694e-05
1100 	 1121 	 4.5663130566e+01 	 3.4746428017e-05
1200 	 1221 	 4.5663130494e+01 	 3.0635637930e-05
1300 	 1323 	 4.5663130444e+01 	 2.2866158071e-05
1400 	 1423 	 4.5663130419e+01 	 2.4290615970e-05
1500 	 1524 	 4.5663130406e+01 	 3.0428537414e-05
1600 	 1626 	 4.5663130396e+01 	 1.0724248810e-05
1700 	 1729 	 4.5663130389e+01 	 9.2561832021e-06
1800 	 1830 	 4.5663130381e+01 	 1.2175448277e-05
1900 	 1933 	 4.5663130375e+01 	 8.7428503392e-06
2000 	 2038 	 4.5663130369e+01 	 1.4221084974e-05
2100 	 2139 	 4.5663130364e+01 	 6.9402950519e-06
2200 	 2239 	 4.5663130361e+01 	 4.1052704354e-06
2300 	 2341 	 4.5663130360e+01 	 8.5943999961e-06
2400 	 2443 	 4.5663130358e+01 	 4.0240367680e-06
2500 	 2545 	 4.5663130356e+01 	 3.6596259639e-06
2600 	 2647 	 4.5663130355e+01 	 4.1382249991e-06
2700 	 2749 	 4.5663130354e+01 	 3.7758787490e-06
2800 	 2851 	 4.5663130353e+01 	 1.0275823598e-05
2900 	 2953 	 4.5663130352e+01 	 2.4681061851e-06
3000 	 3057 	 4.5663130351e+01 	 3.0261570485e-06
3100 	 3159 	 4.5663130351e+01 	 4.0919860336e-06
3200 	 3262 	 4.5663130350e+01 	 2.0650702024e-06
3300 	 3363 	 4.5663130350e+01 	 5.0585470286e-06
3400 	 3466 	 4.5663130349e+01 	 2.0109630536e-06
3500 	 3569 	 4.5663130349e+01 	 3.5644438994e-06
3600 	 3670 	 4.5663130349e+01 	 1.5464601795e-06
3700 	 3773 	 4.5663130348e+01 	 1.7453285625e-06
3800 	 3875 	 4.5663130348e+01 	 5.2435568480e-06
3900 	 3979 	 4.5663130348e+01 	 2.5194187406e-06
4000 	 4081 	 4.5663130348e+01 	 1.1832930034e-06
4100 	 4182 	 4.5663130348e+01 	 1.6021367180e-06
4200 	 4285 	 4.5663130348e+01 	 9.6425135507e-07
4300 	 4388 	 4.5663130347e+01 	 2.9448977280e-06
4400 	 4490 	 4.5663130347e+01 	 1.0126814287e-06
4500 	 4593 	 4.5663130347e+01 	 8.6166926144e-07
4600 	 4696 	 4.5663130347e+01 	 1.0570046233e-06
4700 	 4801 	 4.5663130347e+01 	 5.7683846730e-07
4800 	 4907 	 4.5663130347e+01 	 8.4610326409e-07
4900 	 5012 	 4.5663130347e+01 	 6.6368883976e-07
5000 	 5122 	 4.5663130347e+01 	 4.5784019344e-07
5100 	 5227 	 4.5663130347e+01 	 1.0222895167e-06
5200 	 5338 	 4.5663130347e+01 	 3.1994064837e-07
5300 	 5445 	 4.5663130347e+01 	 4.1472491469e-07
5400 	 5556 	 4.5663130347e+01 	 6.2589198626e-07
5500 	 5667 	 4.5663130347e+01 	 4.4922796480e-07
5600 	 5776 	 4.5663130347e+01 	 3.1756261933e-07
5700 	 5885 	 4.5663130347e+01 	 5.1024444233e-07
5800 	 5998 	 4.5663130347e+01 	 6.9882484445e-07
5900 	 6106 	 4.5663130347e+01 	 7.1090219482e-07
6000 	 6223 	 4.5663130347e+01 	 5.0088935169e-07
6100 	 6339 	 4.5663130347e+01 	 3.5887636571e-07
# ---- 
 1 		 6143 	 6412 		 4.6156964444e+01 	 4.5663130347e+01 	 3.3724968999e-07
# ---- 
100 	 102 	 5.7983630789e+01 	 9.8323128343e-03
200 	 204 	 5.7981518100e+01 	 4.4032352350e-03
300 	 308 	 5.7981006315e+01 	 2.9794327645e-03
400 	 411 	 5.7980721542e+01 	 1.6051753495e-03
500 	 514 	 5.7980657018e+01 	 4.9445091651e-04
600 	 617 	 5.7980639503e+01 	 3.1247797555e-04
700 	 719 	 5.7980634471e+01 	 3.7793996045e-04
800 	 819 	 5.7980633163e+01 	 1.1091216949e-04
900 	 921 	 5.7980632711e+01 	 7.8137939575e-05
1000 	 1022 	 5.7980632553e+01 	 4.9054946501e-05
1100 	 1127 	 5.7980632469e+01 	 4.4150674668e-05
1200 	 1230 	 5.7980632412e+01 	 2.2887100010e-05
1300 	 1335 	 5.7980632368e+01 	 3.4570387042e-05
1400 	 1438 	 5.7980632343e+01 	 1.7750550162e-05
1500 	 1539 	 5.7980632330e+01 	 2.5764651883e-05
1600 	 1639 	 5.7980632322e+01 	 1.1779405928e-05
1700 	 1741 	 5.7980632316e+01 	 1.2261279927e-05
1800 	 1843 	 5.7980632310e+01 	 1.8064283355e-05
1900 	 1946 	 5.7980632305e+01 	 9.3767841910e-06
2000 	 2047 	 5.7980632300e+01 	 6.7052948135e-06
2100 	 2150 	 5.7980632297e+01 	 4.9695808373e-06
2200 	 2254 	 5.7980632294e+01 	 5.5016263158e-06
2300 	 2356 	 5.7980632293e+01 	 6.5633048959e-06
2400 	 2456 	 5.7980632292e+01 	 3.4648029845e-06
2500 	 2557 	 5.7980632290e+01 	 3.2402062386e-06
2600 	 2658 	 5.7980632289e+01 	 5.1976239178e-06
2700 	 2761 	 5.7980632288e+01 	 6.1427439058e-06
2800 	 2863 	 5.7980632287e+01 	 3.5341174591e-06
2900 	 2968 	 5.7980632286e+01 	 5.8110844194e-06
3000 	 3071 	 5.7980632285e+01 	 3.0335258950e-06
3100 	 3173 	 5.7980632285e+01 	 2.3238901714e-06
3200 	 3274 	 5.7980632284e+01 	 2.1235438344e-06
3300 	 3378 	 5.7980632284e+01 	 2.5490699893e-06
3400 	 3478 	 5.7980632284e+01 	 1.4555759879e-06
3500 	 3583 	 5.7980632284e+01 	 1.3162461039e-06
3600 	 3685 	 5.7980632283e+01 	 3.5501640440e-06
3700 	 3786 	 5.7980632283e+01 	 2.2942510180e-06
3800 	 3888 	 5.7980632283e+01 	 1.4007514190e-06
3900 	 3990 	 5.7980632283e+01 	 1.5542551170e-06
4000 	 4093 	 5.7980632283e+01 	 1.2259433128e-06
4100 	 4194 	 5.7980632283e+01 	 9.6478649306e-07
4200 	 4300 	 5.7980632283e+01 	 9.3058605364e-07
4300 	 4406 	 5.7980632283e+01 	 1.3218162691e-06
4400 	 4509 	 5.7980632282e+01 	 9.3268525419e-07
4500 	 4614 	 5.7980632282e+01 	 1.0944757098e-06
4600 	 4716 	 5.7980632282e+01 	 6.4132987271e-07
4700 	 4822 	 5.7980632282e+01 	 7.4989387545e-07
4800 	 4935 	 5.7980632282e+01 	 7.6443429715e-07
4900 	 5059 	 5.7980632282e+01 	 5.8551906020e-07
5000 	 5177 	 5.7980632282e+01 	 2.8579795877e-07
5100 	 5292 	 5.7980632282e+01 	 4.5153740383e-07
5200 	 5405 	 5.7980632282e+01 	 3.9060770124e-07
# ---- 
 1 		 5207 	 5423 		 5.8473949799e+01 	 5.7980632282e+01 	 5.2811852286e-07
# ---- 
100 	 101 	 7.1782902261e+01 	 7.3758972654e-03
200 	 204 	 7.1781071686e+01 	 3.3984471223e-03
300 	 307 	 7.1780573513e+01 	 2.6013780420e-03
400 	 407 	 7.1780306208e+01 	 1.5636363628e-03
500 	 510 	 7.1780252042e+01 	 9.3313447607e-04
600 	 614 	 7.1780236091e+01 	 3.7213499268e-04
700 	 716 	 7.1780231977e+01 	 2.1401380341e-04
800 	 818 	 7.1780230917e+01 	 8.5393037431e-05
900 	 922 	 7.1780230584e+01 	 5.1834157946e-05
1000 	 1025 	 7.1780230470e+01 	 3.7169379254e-05
1100 	 1128 	 7.1780230404e+01 	 6.4226925056e-05
1200 	 1233 	 7.1780230355e+01 	 3.1044336528e-05
1300 	 1336 	 7.1780230321e+01 	 2.1536162245e-05
1400 	 1439 	 7.1780230304e+01 	 1.3288977947e-05
1500 	 1541 	 7.1780230295e+01 	 2.9294358938e-05
1600 	 1643 	 7.1780230288e+01 	 9.0043236506e-06
1700 	 1745 	 7.1780230282e+01 	 9.0268177290e-06
1800 	 1849 	 7.1780230278e+01 	 9.9892624223e-06
1900 	 1952 	 7.1780230273e+01 	 1.0439652079e-05
2000 	 2054 	 7.1780230270e+01 	 8.4905595842e-06
2100 	 2155 	 7.1780230267e+01 	 5.0433597055e-06
2200 	 2255 	 7.1780230265e+01 	 4.4706296129e-06
2300 	 2358 	 7.1780230263e+01 	 6.0724130130e-06
2400 	 2459 	 7.1780230262e+01 	 5.6228433150e-06
2500 	 2562 	 7.1780230261e+01 	 4.5001596754e-06
2600 	 2664 	 7.1780230260e+01 	 6.3154675207e-06
2700 	 2765 	 7.1780230259e+01 	 3.8229832427e-06
2800 	 2868 	 7.1780230258e+01 	 5.4316248444e-06
2900 	 2970 	 7.1780230257e+01 	 2.9194037291e-06
3000 	 3073 	 7.1780230257e+01 	 2.9644190023e-06
3100 	 3179 	 7.1780230257e+01 	 1.3578410906e-06
3200 	 3283 	 7.1780230256e+01 	 2.0142308969e-06
3300 	 3384 	 7.1780230256e+01 	 1.9781662267e-06
3400 	 3486 	 7.1780230256e+01 	 2.1243002020e-06
3500 	 3590 	 7.1780230256e+01 	 1.3414419860e-06
3600 	 3695 	 7.1780230255e+01 	 1.5388483299e-06
3700 	 3798 	 7.1780230255e+01 	 2.2161478773e-06
3800 	 3901 	 7.1780230255e+01 	 3.3254670004e-06
3900 	 4005 	 7.1780230255e+01 	 1.3774270764e-06
4000 	 4110 	 7.1780230255e+01 	 1.3104839783e-06
4100 	 4214 	 7.1780230255e+01 	 2.0817990172e-06
4200 	 4317 	 7.1780230255e+01 	 6.5396975546e-07
4300 	 4429 	 7.1780230255e+01 	 4.3194706130e-07
4400 	 4542 	 7.1780230255e+01 	 3.4966703734e-07
4500 	 4668 	 7.1780230255e+01 	 8.8614733208e-07
4600 	 4779 	 7.1780230255e+01 	 3.2555278509e-07
# ---- 
 1 		 4641 	 4841 		 7.2273211260e+01 	 7.1780230255e+01 	 7.8952587187e-07
# ---- 
100 	 107 	 7.1478508815e+01 	 7.5493630916e-02
200 	 210 	 7.1408827631e+01 	 3.0753029932e-02
300 	 313 	 7.1390768622e+01 	 1.7733447340e-02
400 	 415 	 7.1382261836e+01 	 9.2603447184e-03
500 	 516 	 7.1379114667e+01 	 6.0415786737e-03
600 	 619 	 7.1378058112e+01 	 3.9701172664e-03
700 	 721 	 7.1377671206e+01 	 2.2273081328e-03
800 	 823 	 7.1377571893e+01 	 7.0228275930e-04
900 	 927 	 7.1377554789e+01 	 7.3139753852e-04
1000 	 1029 	 7.1377549289e+01 	 4.1247770117e-04
1100 	 1132 	 7.1377546974e+01 	 9.8595738430e-05
1200 	 1234 	 7.1377546262e+01 	 9.6674741814e-05
1300 	 1336 	 7.1377546044e+01 	 3.9034927495e-05
1400 	 1440 	 7.1377545949e+01 	 1.1720427578e-04
1500 	 1545 	 7.1377545863e+01 	 5.0921097560e-05
1600 	 1648 	 7.1377545817e+01 	 3.9384561168e-05
1700 	 1751 	 7.1377545792e+01 	 1.7038604382e-05
1800 	 1854 	 7.1377545765e+01 	 1.3408541696e-05
1900 	 1957 	 7.1377545751e+01 	 1.1528584187e-05
2000 	 2060 	 7.1377545741e+01 	 1.9229609128e-05
2100 	 2162 	 7.1377545733e+01 	 1.6655599098e-05
2200 	 2265 	 7.1377545725e+01 	 1.9159549634e-05
2300 	 2367 	 7.1377545717e+01 	 1.0123864762e-05
2400 	 2468 	 7.1377545711e+01 	 9.7779092840e-06
2500 	 2570 	 7.1377545706e+01 	 9.2020032407e-06
2600 	 2672 	 7.1377545701e+01 	 1.1581261611e-05
2700 	 2774 	 7.1377545698e+01 	 1.3416277383e-05
2800 	 2875 	 7.1377545694e+01 	 7.6477200737e-06
2900 	 2978 	 7.1377545691e+01 	 8.9488258246e-06
3000 	 3081 	 7.1377545688e+01 	 7.9807720281e-06
3100 	 3184 	 7.1377545686e+01 	 7.3969253778e-06
3200 	 3286 	 7.1377545685e+01 	 4.3534969657e-06
3300 	 3387 	 7.1377545684e+01 	 3.5105355584e-06
3400 	 3491 	 7.1377545682e+01 	 7.3232470547e-06
3500 	 3594 	 7.1377545681e+01 	 4.5596914610e-06
3600 	 3699 	 7.1377545680e+01 	 2.8854392310e-06
3700 	 3802 	 7.1377545679e+01 	 6.0378473599e-06
3800 	 3906 	 7.1377545678e+01 	 3.7758214008e-06
3900 	 4007 	 7.1377545678e+01 	 3.8208936915e-06
4000 	 4109 	 7.1377545677e+01 	 2.6658037335e-06
4100 	 4210 	 7.1377545676e+01 	 2.1399684596e-06
4200 	 4314 	 7.1377545676e+01 	 2.2899501251e-06
4300 	 4417 	 7.1377545676e+01 	 2.5974469644e-06
4400 	 4519 	 7.1377545675e+01 	 2.6569311618e-06
4500 	 4620 	 7.1377545674e+01 	 1.9573723803e-06
4600 	 4724 	 7.1377545674e+01 	 1.3587790490e-06
4700 	 4827 	 7.1377545674e+01 	 1.3625742145e-06
4800 	 4931 	 7.1377545674e+01 	 1.3282661574e-06
4900 	 5036 	 7.1377545673e+01 	 9.0929503522e-07
5000 	 5142 	 7.1377545673e+01 	 1.5851874561e-06
5100 	 5247 	 7.1377545673e+01 	 7.3785572003e-07
5200 	 5351 	 7.1377545673e+01 	 1.1361871055e-06
5300 	 5464 	 7.1377545673e+01 	 6.1172318438e-07
5400 	 5577 	 7.1377545673e+01 	 6.9497125305e-07
5500 	 5693 	 7.1377545673e+01 	 2.2470199961e-06
5600 	 5803 	 7.1377545673e+01 	 1.6839535126e-06
5700 	 5916 	 7.1377545673e+01 	 1.1745490057e-06
# ---- 
 1 		 5758 	 6003 		 7.7581081133e+01 	 7.1377545673e+01 	 5.3956500857e-07
# ---- 
100 	 103 	 7.1101325489e+01 	 5.4572645279e-02
200 	 205 	 7.1043667718e+01 	 2.9879713229e-02
300 	 307 	 7.1027287265e+01 	 1.3002908788e-02
400 	 409 	 7.1019829596e+01 	 8.5224201695e-03
500 	 510 	 7.1016706007e+01 	 8.3266205441e-03
600 	 612 	 7.1015522411e+01 	 8.1977069400e-03
700 	 713 	 7.1015076050e+01 	 1.8772765105e-03
800 	 815 	 7.1014934807e+01 	 1.4858059688e-03
900 	 915 	 7.1014908496e+01 	 4.5148770580e-04
1000 	 1015 	 7.1014902380e+01 	 2.6363810540e-04
1100 	 1115 	 7.1014898950e+01 	 4.0261666908e-04
1200 	 1216 	 7.1014898044e+01 	 8.4518033672e-05
1300 	 1318 	 7.1014897625e+01 	 8.8419240694e-05
1400 	 1419 	 7.1014897484e+01 	 3.8793807239e-05
1500 	 1523 	 7.1014897387e+01 	 3.7195009777e-05
1600 	 1623 	 7.1014897331e+01 	 2.9946527558e-05
1700 	 1727 	 7.1014897300e+01 	 1.8850703203e-05
1800 	 1829 	 7.1014897274e+01 	 1.8862428888e-05
1900 	 1932 	 7.1014897256e+01 	 1.3647856006e-05
2000 	 2032 	 7.1014897242e+01 	 1.1405587190e-05
2100 	 2134 	 7.1014897232e+01 	 1.0342887221e-05
2200 	 2237 	 7.1014897224e+01 	 7.7560402198e-06
2300 	 2340 	 7.1014897214e+01 	 7.9949304153e-06
2400 	 2443 	 7.1014897208e+01 	 1.3094769726e-05
2500 	 2546 	 7.1014897203e+01 	 9.0126026065e-06
2600 	 2648 	 7.1014897198e+01 	 1.1181767060e-05
2700 	 2750 	 7.1014897194e+01 	 1.8052780611e-05
2800 	 2851 	 7.1014897189e+01 	 7.7330777583e-06
2900 	 2955 	 7.1014897185e+01 	 5.6114046213e-06
3000 	 3057 	 7.1014897183e+01 	 8.0972681778e-06
3100 	 3161 	 7.1014897181e+01 	 6.0311484994e-06
3200 	 3264 	 7.1014897178e+01 	 6.5219690719e-06
3300 	 3367 	 7.1014897177e+01 	 3.1010737391e-06
3400 	 3468 	 7.1014897176e+01 	 3.8298620863e-06
3500 	 3572 	 7.1014897175e+01 	 4.9185430351e-06
3600 	 3675 	 7.1014897174e+01 	 2.5572764021e-06
3700 	 3777 	 7.1014897173e+01 	 5.7296512835e-06
3800 	 3879 	 7.1014897172e+01 	 3.5650224010e-06
3900 	 3981 	 7.1014897171e+01 	 3.5190334487e-06
4000 	 4084 	 7.1014897170e+01 	 2.4702982825e-06
4100 	 4187 	 7.1014897169e+01 	 2.8267398496e-06
4200 	 4289 	 7.1014897169e+01 	 2.5596627770e-06
4300 	 4389 	 7.1014897168e+01 	 3.4906477664e-06
4400 	 4490 	 7.1014897168e+01 	 2.0750312353e-06
4500 	 4592 	 7.1014897167e+01 	 2.4695279042e-06
4600 	 4694 	 7.1014897167e+01 	 2.7371594056e-06
4700 	 4797 	 7.1014897166e+01 	 5.1592056279e-06
4800 	 4899 	 7.1014897166e+01 	 1.9584547880e-06
4900 	 5002 	 7.1014897166e+01 	 3.0606361580e-06
5000 	 5103 	 7.1014897166e+01 	 1.3304805918e-06
5100 	 5211 	 7.1014897166e+01 	 9.2569034946e-07
5200 	 5319 	 7.1014897166e+01 	 9.5489424870e-07
5300 	 5426 	 7.1014897166e+01 	 9.2997697188e-07
5400 	 5538 	 7.1014897166e+01 	 5.9476075103e-07
5500 	 5651 	 7.1014897166e+01 	 4.8783931920e-07
5600 	 5773 	 7.1014897166e+01 	 6.5882121620e-07
5700 	 5887 	 7.1014897166e+01 	 5.4844636295e-07
# ---- 
 1 		 5798 	 6024 		 7.7285760853e+01 	 7.1014897166e+01 	 4.9085245430e-07
# ---- 
100 	 103 	 7.0774749857e+01 	 6.1639780944e-02
200 	 204 	 7.0715593358e+01 	 1.9892902766e-02
300 	 307 	 7.0699873181e+01 	 1.2173559860e-02
400 	 410 	 7.0692225182e+01 	 1.3123342918e-02
500 	 513 	 7.0688741616e+01 	 1.4348634821e-02
600 	 615 	 7.0687197776e+01 	 4.9815683368e-03
700 	 715 	 7.0686579930e+01 	 2.5734654439e-03
800 	 817 	 7.0686341747e+01 	 1.0693908802e-03
900 	 919 	 7.0686282137e+01 	 8.8207434067e-04
1000 	 1022 	 7.0686270448e+01 	 3.3791852413e-04
1100 	 1123 	 7.0686264463e+01 	 2.3976258358e-04
1200 	 1224 	 7.0686262423e+01 	 1.4600637879e-04
1300 	 1328 	 7.0686261768e+01 	 8.6650241598e-05
1400 	 1428 	 7.0686261518e+01 	 5.9423026566e-05
1500 	 1530 	 7.0686261398e+01 	 9.6726758136e-05
1600 	 1632 	 7.0686261306e+01 	 4.0650721068e-05
1700 	 1734 	 7.0686261258e+01 	 3.2446622308e-05
1800 	 1837 	 7.0686261232e+01 	 1.8366132880e-05
1900 	 1939 	 7.0686261207e+01 	 2.3211110385e-05
2000 	 2039 	 7.0686261190e+01 	 1.3437089117e-05
2100 	 2144 	 7.0686261179e+01 	 1.1991129020e-05
2200 	 2246 	 7.0686261173e+01 	 8.9697059669e-06
2300 	 2347 	 7.0686261166e+01 	 1.0541223824e-05
2400 	 2448 	 7.0686261157e+01 	 1.1582885699e-05
2500 	 2549 	 7.0686261150e+01 	 1.4522601011e-05
2600 	 2652 	 7.0686261146e+01 	 1.7933450323e-05
2700 	 2753 	 7.0686261142e+01 	 7.1759464890e-06
2800 	 2855 	 7.0686261137e+01 	 5.8543087114e-06
2900 	 2959 	 7.0686261134e+01 	 5.6186252858e-06
3000 	 3062 	 7.0686261131e+01 	 1.0986883416e-05
3100 	 3165 	 7.0686261129e+01 	 5.3189546706e-06
3200 	 3267 	 7.0686261127e+01 	 5.3521648296e-06
3300 	 3369 	 7.0686261125e+01 	 5.3575377936e-06
3400 	 3473 	 7.0686261124e+01 	 4.6996479195e-06
3500 	 3576 	 7.0686261123e+01 	 3.3378337183e-06
3600 	 3679 	 7.0686261122e+01 	 3.2165507908e-06
3700 	 3780 	 7.0686261121e+01 	 3.4828621782e-06
3800 	 3882 	 7.0686261120e+01 	 2.3296847587e-06
3900 	 3986 	 7.0686261120e+01 	 4.8047179601e-06
4000 	 4089 	 7.0686261119e+01 	 2.7715330081e-06
4100 	 4192 	 7.0686261118e+01 	 2.5473063961e-06
4200 	 4297 	 7.0686261118e+01 	 2.8281003403e-06
4300 	 4400 	 7.0686261117e+01 	 2.5032926849e-06
4400 	 4503 	 7.0686261116e+01 	 2.2849193885e-06
4500 	 4607 	 7.0686261116e+01 	 2.0586047298e-06
4600 	 4710 	 7.0686261116e+01 	 2.4494333446e-06
4700 	 4812 	 7.0686261115e+01 	 2.6647099973e-06
4800 	 4915 	 7.0686261115e+01 	 1.7352149229e-06
4900 	 5018 	 7.0686261114e+01 	 1.7520683145e-06
5000 	 5121 	 7.0686261114e+01 	 1.0929061761e-06
5100 	 5223 	 7.0686261114e+01 	 3.3776912842e-06
5200 	 5327 	 7.0686261114e+01 	 9.0079146696e-07
5300 	 5434 	 7.0686261114e+01 	 9.2666882227e-07
5400 	 5544 	 7.0686261114e+01 	 6.7204439291e-07
5500 	 5660 	 7.0686261114e+01 	 7.2795232731e-07
5600 	 5775 	 7.0686261114e+01 	 4.4435559119e-07
5700 	 5896 	 7.0686261114e+01 	 1.0607130201e-06
5800 	 6011 	 7.0686261114e+01 	 1.7733784295e-07
5900 	 6135 	 7.0686261114e+01 	 2.4406737808e-07
6000 	 6246 	 7.0686261114e+01 	 1.8793589916e-07
# ---- 
 1 		 6012 	 6288 		 7.6980309592e+01 	 7.0686261114e+01 	 3.4567930394e-07
# ---- 
100 	 104 	 7.0471615019e+01 	 4.6361569239e-02
200 	 206 	 7.0415198260e+01 	 5.3113138926e-02
300 	 306 	 7.0400062733e+01 	 2.0148333643e-02
400 	 409 	 7.0392945932e+01 	 9.5832445101e-03
500 	 512 	 7.0389373534e+01 	 5.3820944435e-03
600 	 614 	 7.0387796109e+01 	 4.3692793058e-03
700 	 716 	 7.0387003658e+01 	 2.9896611415e-03
800 	 820 	 7.0386706914e+01 	 3.1251566426e-03
900 	 922 	 7.0386622192e+01 	 1.7018837474e-03
1000 	 1026 	 7.0386603128e+01 	 6.6062350062e-04
1100 	 1128 	 7.0386595881e+01 	 3.2278299790e-04
1200 	 1230 	 7.0386592523e+01 	 2.3175354379e-04
1300 	 1331 	 7.0386591501e+01 	 9.5150494932e-05
1400 	 1432 	 7.0386591146e+01 	 6.4759398898e-05
1500 	 1534 	 7.0386590962e+01 	 4.3162926928e-05
1600 	 1636 	 7.0386590863e+01 	 3.4456207979e-05
1700 	 1738 	 7.0386590787e+01 	 2.1453437129e-05
1800 	 1838 	 7.0386590748e+01 	 2.5586603016e-05
1900 	 1940 	 7.0386590724e+01 	 2.3474040828e-05
2000 	 2041 	 7.0386590707e+01 	 1.4055027622e-05
2100 	 2146 	 7.0386590694e+01 	 1.0523556966e-05
2200 	 2248 	 7.0386590685e+01 	 8.2995026867e-06
2300 	 2349 	 7.0386590678e+01 	 8.6775185320e-06
2400 	 2451 	 7.0386590672e+01 	 8.7888602397e-06
2500 	 2554 	 7.0386590665e+01 	 1.0039988920e-05
2600 	 2656 	 7.0386590659e+01 	 1.5343407969e-05
2700 	 2757 	 7.0386590655e+01 	 7.1558480504e-06
2800 	 2860 	 7.0386590651e+01 	 7.3729059629e-06
2900 	 2962 	 7.0386590648e+01 	 8.7657288437e-06
3000 	 3066 	 7.0386590645e+01 	 1.1518444865e-05
3100 	 3168 	 7.0386590642e+01 	 1.1394719068e-05
3200 	 3269 	 7.0386590640e+01 	 5.6531474531e-06
3300 	 3374 	 7.0386590638e+01 	 4.6408823192e-06
3400 	 3478 	 7.0386590637e+01 	 1.0569573279e-05
3500 	 3579 	 7.0386590635e+01 	 3.3026206767e-06
3600 	 3681 	 7.0386590634e+01 	 2.8689227597e-06
3700 	 3783 	 7.0386590633e+01 	 2.9492358891e-06
3800 	 3885 	 7.0386590632e+01 	 3.7925124306e-06
3900 	 3989 	 7.0386590631e+01 	 2.7179340082e-06
4000 	 4091 	 7.0386590631e+01 	 4.6797985150e-06
4100 	 4193 	 7.0386590630e+01 	 3.2082933322e-06
4200 	 4295 	 7.0386590630e+01 	 3.7589571015e-06
4300 	 4398 	 7.0386590629e+01 	 2.2349441044e-06
4400 	 4501 	 7.0386590629e+01 	 2.8609651980e-06
4500 	 4603 	 7.0386590628e+01 	 7.3261337666e-06
4600 	 4706 	 7.0386590628e+01 	 2.7024431632e-06
4700 	 4809 	 7.0386590627e+01 	 2.2874877480e-06
4800 	 4913 	 7.0386590627e+01 	 2.8218682230e-06
4900 	 5014 	 7.0386590627e+01 	 2.2539225887e-06
5000 	 5120 	 7.0386590626e+01 	 1.9472110428e-06
5100 	 5223 	 7.0386590626e+01 	 1.8369894958e-06
5200 	 5326 	 7.0386590626e+01 	 1.3676823936e-06
5300 	 5429 	 7.0386590626e+01 	 1.1441024074e-06
5400 	 5532 	 7.0386590626e+01 	 1.1126834141e-06
5500 	 5643 	 7.0386590625e+01 	 6.9619045044e-07
5600 	 5754 	 7.0386590625e+01 	 1.1852807307e-06
5700 	 5867 	 7.0386590625e+01 	 9.9499908645e-07
5800 	 5976 	 7.0386590625e+01 	 5.6119268787e-07
5900 	 6087 	 7.0386590625e+01 	 2.6123121262e-07
6000 	 6207 	 7.0386590625e+01 	 2.9176406603e-07
6100 	 6320 	 7.0386590625e+01 	 2.2994027137e-07
6200 	 6437 	 7.0386590625e+01 	 2.4981416570e-07
# ---- 
 1 		 6211 	 6470 		 7.6690480945e+01 	 7.0386590625e+01 	 7.5002482317e-07
# ---- 
100 	 107 	 7.0194211955e+01 	 4.7633922906e-02
200 	 208 	 7.0139249609e+01 	 1.4902216588e-02
300 	 309 	 7.0124846114e+01 	 1.6833818740e-02
400 	 413 	 7.0118357648e+01 	 1.3606422392e-02
500 	 514 	 7.0114870901e+01 	 4.5579361158e-03
600 	 617 	 7.0113178313e+01 	 5.2173018827e-03
700 	 718 	 7.0112290411e+01 	 4.3669163496e-03
800 	 822 	 7.0111893998e+01 	 1.8584001149e-03
900 	 926 	 7.0111768020e+01 	 1.1981619121e-03
1000 	 1029 	 7.0111737577e+01 	 5.2863705044e-04
1100 	 1132 	 7.0111728024e+01 	 2.8044283251e-04
1200 	 1235 	 7.0111721575e+01 	 5.4762665169e-04
1300 	 1337 	 7.0111719639e+01 	 2.4457708952e-04
1400 	 1440 	 7.0111718957e+01 	 1.1535670178e-04
1500 	 1541 	 7.0111718707e+01 	 4.6168241293e-05
1600 	 1645 	 7.0111718549e+01 	 4.5483008639e-05
1700 	 1748 	 7.0111718448e+01 	 5.5197106061e-05
1800 	 1852 	 7.0111718389e+01 	 2.4880792884e-05
1900 	 1956 	 7.0111718361e+01 	 1.7417408671e-05
2000 	 2059 	 7.0111718341e+01 	 2.5928787595e-05
2100 	 2164 	 7.0111718325e+01 	 1.1549410450e-05
2200 	 2267 	 7.0111718314e+01 	 1.2710715426e-05
2300 	 2370 	 7.0111718306e+01 	 1.8980253531e-05
2400 	 2472 	 7.0111718299e+01 	 1.1144517254e-05
2500 	 2577 	 7.0111718294e+01 	 9.4690396292e-06
2600 	 2680 	 7.0111718288e+01 	 8.5569314873e-06
2700 	 2782 	 7.0111718283e+01 	 8.7544547449e-06
2800 	 2883 	 7.0111718279e+01 	 6.2827835221e-06
2900 	 2986 	 7.0111718275e+01 	 6.7971915588e-06
3000 	 3089 	 7.0111718272e+01 	 4.4081013746e-06
3100 	 3193 	 7.0111718269e+01 	 5.6025739564e-06
3200 	 3295 	 7.0111718266e+01 	 7.7503766130e-06
3300 	 3395 	 7.0111718264e+01 	 6.6412629404e-06
3400 	 3497 	 7.0111718263e+01 	 4.5989368180e-06
3500 	 3597 	 7.0111718261e+01 	 7.2959519820e-06
3600 	 3699 	 7.0111718260e+01 	 3.8690112407e-06
3700 	 3801 	 7.0111718259e+01 	 4.2486720051e-06
3800 	 3903 	 7.0111718258e+01 	 3.3447221135e-06
3900 	 4006 	 7.0111718258e+01 	 4.2595982663e-06
4000 	 4109 	 7.0111718257e+01 	 3.1950111937e-06
4100 	 4212 	 7.0111718256e+01 	 2.8980833629e-06
4200 	 4315 	 7.0111718256e+01 	 2.1309586041e-06
4300 	 4417 	 7.0111718256e+01 	 2.7107632496e-06
4400 	 4520 	 7.0111718255e+01 	 2.2488524944e-06
4500 	 4622 	 7.0111718255e+01 	 3.6292648144e-06
4600 	 4724 	 7.0111718254e+01 	 2.1486379532e-06
4700 	 4825 	 7.0111718254e+01 	 2.2902489217e-06
4800 	 4928 	 7.0111718253e+01 	 2.6831670004e-06
4900 	 5030 	 7.0111718253e+01 	 1.5538438153e-06
5000 	 5131 	 7.0111718253e+01 	 1.9867624511e-06
5100 	 5234 	 7.0111718253e+01 	 2.1534891276e-06
5200 	 5339 	 7.0111718252e+01 	 2.0995147742e-06
5300 	 5441 	 7.0111718252e+01 	 4.2287935317e-06
5400 	 5544 	 7.0111718252e+01 	 1.3463944837e-06
5500 	 5650 	 7.0111718252e+01 	 9.7143835140e-07
5600 	 5752 	 7.0111718252e+01 	 8.1936034061e-07
# ---- 
 1 		 5699 	 5876 		 7.6409785337e+01 	 7.0111718252e+01 	 8.4537568796e-07
# ---- 
100 	 113 	 6.9946117811e+01 	 7.4058790571e-02
200 	 215 	 6.9886054529e+01 	 1.6576068681e-02
300 	 317 	 6.9871827186e+01 	 1.5979656450e-02
400 	 421 	 6.9865394881e+01 	 9.4246686904e-03
500 	 524 	 6.9861867788e+01 	 8.0444909735e-03
600 	 628 	 6.9860046670e+01 	 5.8722860848e-03
700 	 731 	 6.9859021393e+01 	 3.9741582039e-03
800 	 834 	 6.9858512466e+01 	 1.6605911072e-03
900 	 937 	 6.9858310860e+01 	 1.3121537779e-03
1000 	 1041 	 6.9858256386e+01 	 1.1893717143e-03
1100 	 1145 	 6.9858240833e+01 	 4.1054450982e-04
1200 	 1248 	 6.9858230822e+01 	 3.5440352879e-04
1300 	 1353 	 6.9858226834e+01 	 1.7048873568e-04
1400 	 1455 	 6.9858225347e+01 	 9.2460269505e-05
1500 	 1557 	 6.9858224851e+01 	 6.0125367659e-05
1600 	 1659 	 6.9858224608e+01 	 7.7500362344e-05
1700 	 1762 	 6.9858224449e+01 	 4.4314221742e-05
1800 	 1864 	 6.9858224348e+01 	 3.1401217169e-05
1900 	 1966 	 6.9858224299e+01 	 2.4865143664e-05
2000 	 2070 	 6.9858224274e+01 	 3.0853114156e-05
2100 	 2174 	 6.9858224256e+01 	 1.6163382480e-05
2200 	 2275 	 6.9858224241e+01 	 1.9213946182e-05
2300 	 2375 	 6.9858224230e+01 	 8.9381757593e-06
2400 	 2477 	 6.9858224223e+01 	 7.6055537448e-06
2500 	 2583 	 6.9858224218e+01 	 1.1067627750e-05
2600 	 2684 	 6.9858224213e+01 	 7.2413622785e-06
2700 	 2784 	 6.9858224209e+01 	 8.3867219674e-06
2800 	 2886 	 6.9858224204e+01 	 8.1435616835e-06
2900 	 2988 	 6.9858224199e+01 	 7.9719451002e-06
3000 	 3090 	 6.9858224196e+01 	 1.1829788914e-05
3100 	 3193 	 6.9858224193e+01 	 5.3780243680e-06
3200 	 3295 	 6.9858224191e+01 	 4.9778958626e-06
3300 	 3398 	 6.9858224188e+01 	 4.3777722770e-06
3400 	 3502 	 6.9858224186e+01 	 1.0991815919e-05
3500 	 3604 	 6.9858224185e+01 	 4.7547490972e-06
3600 	 3706 	 6.9858224183e+01 	 2.8073908701e-06
3700 	 3809 	 6.9858224182e+01 	 3.9284667043e-06
3800 	 3913 	 6.9858224182e+01 	 3.3706570181e-06
3900 	 4014 	 6.9858224181e+01 	 4.1192465968e-06
4000 	 4116 	 6.9858224180e+01 	 2.5227180131e-06
4100 	 4219 	 6.9858224179e+01 	 4.2221011652e-06
4200 	 4321 	 6.9858224178e+01 	 2.7115210769e-06
4300 	 4425 	 6.9858224178e+01 	 1.8414068375e-06
4400 	 4527 	 6.9858224178e+01 	 6.1587771916e-06
4500 	 4630 	 6.9858224177e+01 	 2.1710687216e-06
4600 	 4733 	 6.9858224177e+01 	 2.3521288389e-06
4700 	 4835 	 6.9858224176e+01 	 3.3413089600e-06
4800 	 4938 	 6.9858224176e+01 	 3.0596895670e-06
4900 	 5039 	 6.9858224176e+01 	 2.1832140707e-06
5000 	 5143 	 6.9858224176e+01 	 1.5842850114e-06
5100 	 5245 	 6.9858224175e+01 	 4.3677074975e-06
5200 	 5349 	 6.9858224175e+01 	 2.3670900365e-06
5300 	 5451 	 6.9858224175e+01 	 2.8097778971e-06
5400 	 5555 	 6.9858224175e+01 	 3.6970245912e-06
5500 	 5657 	 6.9858224174e+01 	 1.1411172082e-06
5600 	 5758 	 6.9858224174e+01 	 1.3947586807e-06
5700 	 5861 	 6.9858224174e+01 	 1.2385190970e-06
5800 	 5964 	 6.9858224174e+01 	 8.4214710117e-07
5900 	 6071 	 6.9858224174e+01 	 9.4032203908e-07
6000 	 6175 	 6.9858224174e+01 	 8.6318160678e-07
6100 	 6288 	 6.9858224174e+01 	 5.7650352176e-07
6200 	 6405 	 6.9858224174e+01 	 4.7560664413e-07
6300 	 6514 	 6.9858224174e+01 	 5.7352909019e-07
# ---- 
 1 		 6397 	 6638 		 7.6147249146e+01 	 6.9858224174e+01 	 5.8919305188e-07
# ---- 
100 	 103 	 6.9691102281e+01 	 4.9369849541e-02
200 	 204 	 6.9648167123e+01 	 2.1464599615e-02
300 	 307 	 6.9635756667e+01 	 1.1162292644e-02
400 	 408 	 6.9630102614e+01 	 2.6446480822e-02
500 	 511 	 6.9626968755e+01 	 9.5935194199e-03
600 	 613 	 6.9625207285e+01 	 4.4829508505e-03
700 	 714 	 6.9624196029e+01 	 3.7383902900e-03
800 	 817 	 6.9623639995e+01 	 1.8509163778e-03
900 	 920 	 6.9623431053e+01 	 1.1094949004e-03
1000 	 1024 	 6.9623356849e+01 	 8.6172985514e-04
1100 	 1126 	 6.9623331463e+01 	 5.0645232756e-04
1200 	 1229 	 6.9623314462e+01 	 5.7458741015e-04
1300 	 1331 	 6.9623308227e+01 	 2.5045313699e-04
1400 	 1434 	 6.9623305562e+01 	 2.2599026089e-04
1500 	 1536 	 6.9623304411e+01 	 1.2200122076e-04
1600 	 1639 	 6.9623303663e+01 	 6.2226351345e-05
1700 	 1743 	 6.9623303381e+01 	 4.4891508067e-05
1800 	 1845 	 6.9623303263e+01 	 3.4996371961e-05
1900 	 1947 	 6.9623303205e+01 	 4.7263475860e-05
2000 	 2049 	 6.9623303172e+01 	 2.3183051648e-05
2100 	 2154 	 6.9623303144e+01 	 2.2082393177e-05
2200 	 2255 	 6.9623303125e+01 	 2.6981235215e-05
2300 	 2358 	 6.9623303112e+01 	 1.2092871334e-05
2400 	 2461 	 6.9623303104e+01 	 2.5166476189e-05
2500 	 2563 	 6.9623303098e+01 	 1.2152261107e-05
2600 	 2663 	 6.9623303093e+01 	 7.2551417325e-06
2700 	 2766 	 6.9623303089e+01 	 8.7471334611e-06
2800 	 2867 	 6.9623303085e+01 	 8.4943338386e-06
2900 	 2970 	 6.9623303081e+01 	 7.0605434497e-06
100 	 101 	 7.2903471509e-01 	 3.0801922907e-02
200 	 203 	 6.8358274052e-01 	 4.2935410444e-02
300 	 305 	 6.6751743561e-01 	 9.2457346389e-03
400 	 406 	 6.6275727708e-01 	 1.1530149789e-02
500 	 510 	 6.6113683453e-01 	 6.0184034958e-03
600 	 610 	 6.6043161485e-01 	 2.8442814205e-03
700 	 714 	 6.6013612614e-01 	 2.7323272658e-03
800 	 819 	 6.6001384144e-01 	 1.1567111688e-03
900 	 922 	 6.5995708131e-01 	 1.5004204103e-03
1000 	 1025 	 6.5992506416e-01 	 6.0836229972e-04
1100 	 1126 	 6.5990519928e-01 	 4.6340758963e-04
1200 	 1229 	 6.5988955940e-01 	 7.2433618634e-04
1300 	 1331 	 6.5987709458e-01 	 5.3264413805e-04
1400 	 1434 	 6.5986891591e-01 	 3.0684951159e-04
1500 	 1538 	 6.5986500251e-01 	 1.8921996686e-04
1600 	 1642 	 6.5986264443e-01 	 1.5700174580e-04
1700 	 1745 	 6.5986006192e-01 	 3.0799692320e-04
1800 	 1848 	 6.5985780031e-01 	 2.0326344548e-04
1900 	 1952 	 6.5985635840e-01 	 1.1482858175e-04
2000 	 2056 	 6.5985524591e-01 	 1.0621600860e-04
2100 	 2161 	 6.5985459810e-01 	 1.4252695905e-04
2200 	 2262 	 6.5985403792e-01 	 9.4695714529e-05
2300 	 2365 	 6.5985352813e-01 	 5.3454021572e-05
2400 	 2467 	 6.5985309890e-01 	 8.7123284857e-05
2500 	 2569 	 6.5985271112e-01 	 8.6154782217e-05
2600 	 2672 	 6.5985237806e-01 	 7.7402344696e-05
2700 	 2773 	 6.5985216618e-01 	 5.1780689096e-05
2800 	 2875 	 6.5985201977e-01 	 3.7991945946e-05
2900 	 2980 	 6.5985191951e-01 	 6.6678571953e-05
3000 	 3084 	 6.5985183627e-01 	 1.0656640145e-04
3100 	 3186 	 6.5985173499e-01 	 4.6948657976e-05
3200 	 3291 	 6.5985160224e-01 	 1.1069272456e-04
3300 	 3395 	 6.5985148774e-01 	 3.1860212773e-05
3400 	 3498 	 6.5985139057e-01 	 3.0842040717e-05
3500 	 3600 	 6.5985131846e-01 	 2.6848057075e-05
3600 	 3706 	 6.5985126346e-01 	 3.5826628438e-05
3700 	 3809 	 6.5985123055e-01 	 1.5884575871e-05
3800 	 3912 	 6.5985120597e-01 	 2.8565617450e-05
3900 	 4014 	 6.5985118496e-01 	 1.5884605706e-05
4000 	 4116 	 6.5985117056e-01 	 1.4914599633e-05
4100 	 4219 	 6.5985115827e-01 	 8.4681007141e-06
4200 	 4323 	 6.5985114599e-01 	 2.4751996728e-05
4300 	 4423 	 6.5985113484e-01 	 1.3955976123e-05
4400 	 4526 	 6.5985112567e-01 	 1.4194633933e-05
4500 	 4628 	 6.5985111526e-01 	 1.2783035721e-05
4600 	 4729 	 6.5985110327e-01 	 1.2823603313e-05
4700 	 4831 	 6.5985109111e-01 	 2.6693275304e-05
4800 	 4932 	 6.5985107905e-01 	 9.9979803167e-06
4900 	 5034 	 6.5985106834e-01 	 2.6696443813e-05
5000 	 5134 	 6.5985106007e-01 	 1.1044762076e-05
5100 	 5239 	 6.5985104986e-01 	 1.1468377171e-05
5200 	 5342 	 6.5985103802e-01 	 1.1910992536e-05
5300 	 5444 	 6.5985102679e-01 	 1.3849853480e-05
5400 	 5545 	 6.5985101724e-01 	 1.0016701903e-05
5500 	 5650 	 6.5985101044e-01 	 8.3618296841e-06
5600 	 5751 	 6.5985100377e-01 	 1.0352852681e-05
5700 	 5853 	 6.5985099786e-01 	 1.8086111950e-05
5800 	 5956 	 6.5985099288e-01 	 1.8984004556e-05
5900 	 6059 	 6.5985098920e-01 	 1.2267240554e-05
6000 	 6161 	 6.5985098659e-01 	 9.1650153815e-06
6100 	 6262 	 6.5985098401e-01 	 6.1148880679e-06
6200 	 6367 	 6.5985098036e-01 	 6.5078548563e-06
6300 	 6469 	 6.5985097606e-01 	 7.0925833988e-06
6400 	 6572 	 6.5985097214e-01 	 1.3631767141e-05
6500 	 6674 	 6.5985096911e-01 	 4.0331926893e-06
6600 	 6775 	 6.5985096701e-01 	 1.0288036388e-05
6700 	 6878 	 6.5985096549e-01 	 6.2525332005e-06
6800 	 6982 	 6.5985096415e-01 	 3.9878222321e-06
6900 	 7084 	 6.5985096245e-01 	 4.5224954856e-06
7000 	 7185 	 6.5985096094e-01 	 7.8779956036e-06
7100 	 7286 	 6.5985095950e-01 	 6.2214722728e-06
7200 	 7388 	 6.5985095762e-01 	 1.1885274739e-05
7300 	 7490 	 6.5985095573e-01 	 4.4426054415e-06
7400 	 7593 	 6.5985095386e-01 	 4.1005865397e-06
7500 	 7695 	 6.5985095196e-01 	 5.5830292478e-06
7600 	 7798 	 6.5985095029e-01 	 3.2066183763e-06
7700 	 7899 	 6.5985094883e-01 	 8.8678343985e-06
7800 	 8001 	 6.5985094737e-01 	 4.1914933712e-06
7900 	 8103 	 6.5985094606e-01 	 3.9492750539e-06
8000 	 8205 	 6.5985094507e-01 	 3.6119025526e-06
8100 	 8308 	 6.5985094450e-01 	 2.5725307199e-06
8200 	 8412 	 6.5985094422e-01 	 1.4113995536e-06
8300 	 8514 	 6.5985094392e-01 	 5.9607716795e-06
8400 	 8615 	 6.5985094348e-01 	 3.8457382267e-06
8500 	 8717 	 6.5985094296e-01 	 2.3358131568e-06
8600 	 8818 	 6.5985094241e-01 	 6.8740379963e-06
8700 	 8919 	 6.5985094178e-01 	 2.2717873767e-06
8800 	 9022 	 6.5985094110e-01 	 2.0841523808e-06
8900 	 9124 	 6.5985094034e-01 	 4.8478981954e-06
9000 	 9225 	 6.5985093943e-01 	 2.8178319642e-06
9100 	 9328 	 6.5985093880e-01 	 4.0355300835e-06
9200 	 9429 	 6.5985093812e-01 	 3.9252906082e-06
9300 	 9531 	 6.5985093738e-01 	 2.7211828526e-06
9400 	 9636 	 6.5985093664e-01 	 6.2845857227e-06
9500 	 9736 	 6.5985093587e-01 	 2.8062798552e-06
9600 	 9839 	 6.5985093518e-01 	 2.7085516547e-06
9700 	 9940 	 6.5985093468e-01 	 3.3627109160e-06
9800 	 10041 	 6.5985093421e-01 	 2.3569107052e-06
9900 	 10141 	 6.5985093371e-01 	 2.8108653085e-06
10000 	 10243 	 6.5985093326e-01 	 3.8268928740e-06
10100 	 10346 	 6.5985093288e-01 	 1.5660030567e-06
10200 	 10448 	 6.5985093238e-01 	 2.3941632443e-06
10300 	 10551 	 6.5985093189e-01 	 1.9324132445e-06
10400 	 10653 	 6.5985093146e-01 	 2.2982671136e-06
10500 	 10756 	 6.5985093106e-01 	 2.8102022264e-06
10600 	 10859 	 6.5985093080e-01 	 1.7361544670e-06
10700 	 10962 	 6.5985093055e-01 	 4.2909077232e-06
10800 	 11066 	 6.5985093027e-01 	 2.3691236718e-06
10900 	 11169 	 6.5985093004e-01 	 4.3206883549e-06
11000 	 11271 	 6.5985092984e-01 	 2.2573181441e-06
11100 	 11375 	 6.5985092968e-01 	 1.4023520923e-06
11200 	 11480 	 6.5985092953e-01 	 1.1837809437e-06
11300 	 11581 	 6.5985092936e-01 	 1.3764954027e-06
11400 	 11682 	 6.5985092919e-01 	 1.2685093163e-06
11500 	 11784 	 6.5985092904e-01 	 1.9968690350e-06
11600 	 11886 	 6.5985092893e-01 	 1.5129906332e-06
11700 	 11986 	 6.5985092884e-01 	 1.0078395662e-06
11800 	 12092 	 6.5985092873e-01 	 1.0425482261e-06
11900 	 12195 	 6.5985092866e-01 	 9.0498957903e-07
12000 	 12298 	 6.5985092860e-01 	 7.9763415539e-07
12100 	 12399 	 6.5985092855e-01 	 7.3152778276e-07
12200 	 12502 	 6.5985092851e-01 	 5.8951152564e-07
12300 	 12603 	 6.5985092847e-01 	 6.6231882574e-07
12400 	 12704 	 6.5985092844e-01 	 9.0055362765e-07
12500 	 12805 	 6.5985092840e-01 	 7.4110032770e-07
12600 	 12907 	 6.5985092837e-01 	 5.9458076391e-07
12700 	 13011 	 6.5985092835e-01 	 6.3075468214e-07
12800 	 13114 	 6.5985092832e-01 	 6.4625526550e-07
12900 	 13215 	 6.5985092827e-01 	 6.1121319375e-07
13000 	 13316 	 6.5985092822e-01 	 7.9390095495e-07
13100 	 13418 	 6.5985092817e-01 	 9.1456247031e-07
13200 	 13520 	 6.5985092811e-01 	 1.5538967573e-06
13300 	 13621 	 6.5985092805e-01 	 5.7907371190e-07
13400 	 13723 	 6.5985092802e-01 	 7.2772479305e-07
13500 	 13826 	 6.5985092798e-01 	 2.4019739582e-06
13600 	 13929 	 6.5985092792e-01 	 1.2578565445e-06
13700 	 14030 	 6.5985092786e-01 	 7.8913681499e-07
13800 	 14131 	 6.5985092781e-01 	 1.8007286300e-06
13900 	 14233 	 6.5985092777e-01 	 7.9235753779e-07
14000 	 14337 	 6.5985092773e-01 	 5.8589456208e-07
14100 	 14438 	 6.5985092769e-01 	 1.2506967273e-06
14200 	 14541 	 6.5985092765e-01 	 1.1441255619e-06
14300 	 14642 	 6.5985092762e-01 	 4.9408504345e-07
14400 	 14745 	 6.5985092760e-01 	 4.4933202760e-07
14500 	 14848 	 6.5985092759e-01 	 3.7322183094e-07
14600 	 14951 	 6.5985092757e-01 	 5.2405172330e-07
14700 	 15053 	 6.5985092756e-01 	 3.2533920865e-07
14800 	 15158 	 6.5985092755e-01 	 3.6618197772e-07
14900 	 15259 	 6.5985092754e-01 	 2.1294428034e-07
15000 	 15362 	 6.5985092753e-01 	 2.5183282046e-07
15100 	 15464 	 6.5985092753e-01 	 2.2764821974e-07
15200 	 15567 	 6.5985092752e-01 	 2.2320171772e-07
15300 	 15673 	 6.5985092751e-01 	 2.5416695965e-07
15400 	 15776 	 6.5985092751e-01 	 7.6394324333e-07
15500 	 15878 	 6.5985092750e-01 	 3.8055836848e-07
15600 	 15979 	 6.5985092749e-01 	 5.3839114256e-07
15700 	 16080 	 6.5985092749e-01 	 4.2892824525e-07
15800 	 16182 	 6.5985092748e-01 	 4.2730059591e-07
15900 	 16283 	 6.5985092747e-01 	 1.8412626007e-07
16000 	 16386 	 6.5985092747e-01 	 2.3932710631e-07
16100 	 16489 	 6.5985092746e-01 	 3.1042498104e-07
16200 	 16592 	 6.5985092745e-01 	 2.7321901769e-07
16300 	 16695 	 6.5985092745e-01 	 1.4435463603e-07
16400 	 16796 	 6.5985092745e-01 	 2.0559597784e-07
16500 	 16899 	 6.5985092744e-01 	 2.3325789471e-07
16600 	 17003 	 6.5985092744e-01 	 4.2886234238e-07
16700 	 17104 	 6.5985092743e-01 	 2.1956995021e-07
16800 	 17207 	 6.5985092742e-01 	 2.9267382381e-07
16900 	 17307 	 6.5985092742e-01 	 3.7032887953e-07
17000 	 17407 	 6.5985092741e-01 	 3.7243165407e-07
17100 	 17510 	 6.5985092741e-01 	 2.5995181952e-07
17200 	 17612 	 6.5985092741e-01 	 3.7466423274e-07
17300 	 17713 	 6.5985092740e-01 	 1.9417436548e-07
17400 	 17815 	 6.5985092740e-01 	 1.4995631051e-07
17500 	 17919 	 6.5985092740e-01 	 1.2808885724e-07
17600 	 18023 	 6.5985092740e-01 	 1.5057105329e-07
17700 	 18125 	 6.5985092739e-01 	 2.9801972885e-07
17800 	 18229 	 6.5985092739e-01 	 2.4374835124e-07
17900 	 18330 	 6.5985092739e-01 	 1.3165959991e-07
18000 	 18432 	 6.5985092739e-01 	 1.1463434669e-07
18100 	 18536 	 6.5985092739e-01 	 1.8332215657e-07
18200 	 18640 	 6.5985092739e-01 	 1.1944326960e-07
18300 	 18745 	 6.5985092739e-01 	 7.0712369799e-08
18400 	 18855 	 6.5985092739e-01 	 8.8836845847e-08
18500 	 18961 	 6.5985092739e-01 	 1.0969780320e-07
18600 	 19063 	 6.5985092738e-01 	 6.3254527851e-08
18700 	 19168 	 6.5985092738e-01 	 1.0061024241e-07
18800 	 19269 	 6.5985092738e-01 	 9.8640802681e-08
18900 	 19372 	 6.5985092738e-01 	 1.1513840454e-07
19000 	 19476 	 6.5985092738e-01 	 1.0034375171e-07
19100 	 19578 	 6.5985092738e-01 	 1.1817827678e-07
19200 	 19683 	 6.5985092738e-01 	 7.5075313203e-08
19300 	 19789 	 6.5985092738e-01 	 7.8903886946e-08
19400 	 19893 	 6.5985092738e-01 	 1.2481852652e-07
19500 	 19998 	 6.5985092738e-01 	 1.4158054424e-07
19600 	 20106 	 6.5985092738e-01 	 1.1511284727e-07
19700 	 20209 	 6.5985092738e-01 	 8.2775985039e-08
19800 	 20312 	 6.5985092738e-01 	 6.6506393178e-08
19900 	 20416 	 6.5985092738e-01 	 8.4276882454e-08
20000 	 20522 	 6.5985092737e-01 	 6.2481179155e-08
20100 	 20627 	 6.5985092737e-01 	 8.0625314203e-08
20200 	 20730 	 6.5985092737e-01 	 1.3196160417e-07
20300 	 20835 	 6.5985092737e-01 	 8.7303836806e-08
20400 	 20940 	 6.5985092737e-01 	 1.3775033957e-07
20500 	 21044 	 6.5985092737e-01 	 6.5510696469e-08
20600 	 21152 	 6.5985092737e-01 	 1.0016239625e-07
20700 	 21259 	 6.5985092737e-01 	 6.5203260784e-08
20800 	 21370 	 6.5985092737e-01 	 1.0689570094e-07
20900 	 21481 	 6.5985092737e-01 	 4.8007254496e-08
21000 	 21598 	 6.5985092737e-01 	 9.1821769893e-08
21100 	 21706 	 6.5985092737e-01 	 6.9286402068e-08
21200 	 21816 	 6.5985092737e-01 	 3.5587085835e-08
21300 	 21928 	 6.5985092737e-01 	 3.5228650491e-08
21400 	 22044 	 6.5985092737e-01 	 5.6037909328e-08
21500 	 22164 	 6.5985092737e-01 	 1.4292106855e-07
21600 	 22280 	 6.5985092737e-01 	 8.1300378960e-08
21700 	 22392 	 6.5985092737e-01 	 3.4090690939e-08
21800 	 22506 	 6.5985092737e-01 	 4.6039890413e-08
# ---- 
 1 		 21820 	 22541 		 1.2270118815e+00 	 6.5985092737e-01 	 2.6285835462e-08
# ---- 
100 	 104 	 2.7391017506e+00 	 2.4086395421e-02
200 	 206 	 2.7212268277e+00 	 8.8314390408e-03
300 	 306 	 2.7177101156e+00 	 8.4477344183e-03
400 	 409 	 2.7167618226e+00 	 1.0886566064e-02
500 	 511 	 2.7163804895e+00 	 3.4043899945e-03
600 	 613 	 2.7162634667e+00 	 2.2936030268e-03
700 	 715 	 2.7162349685e+00 	 4.2716301704e-04
800 	 819 	 2.7162248353e+00 	 5.1255160926e-04
900 	 920 	 2.7162212606e+00 	 1.3321811187e-04
1000 	 1022 	 2.7162196250e+00 	 1.3249078414e-04
1100 	 1125 	 2.7162186936e+00 	 8.1999245725e-05
1200 	 1227 	 2.7162181504e+00 	 9.9410937765e-05
1300 	 1329 	 2.7162178134e+00 	 7.7749349748e-05
1400 	 1429 	 2.7162176064e+00 	 5.4047100013e-05
1500 	 1531 	 2.7162174757e+00 	 3.1834790227e-05
1600 	 1635 	 2.7162173865e+00 	 2.7309889197e-05
1700 	 1737 	 2.7162173093e+00 	 5.5362146184e-05
1800 	 1838 	 2.7162172427e+00 	 2.3343354940e-05
1900 	 1939 	 2.7162172008e+00 	 3.1102751053e-05
2000 	 2041 	 2.7162171627e+00 	 2.5008932474e-05
2100 	 2142 	 2.7162171321e+00 	 1.3828011501e-05
2200 	 2244 	 2.7162171086e+00 	 1.9530818843e-05
2300 	 2349 	 2.7162170869e+00 	 2.9536193388e-05
2400 	 2451 	 2.7162170668e+00 	 2.8232557028e-05
2500 	 2555 	 2.7162170506e+00 	 1.4779472670e-05
2600 	 2657 	 2.7162170367e+00 	 1.3494593700e-05
2700 	 2760 	 2.7162170251e+00 	 7.5150665611e-06
2800 	 2861 	 2.7162170161e+00 	 1.0758750600e-05
2900 	 2964 	 2.7162170051e+00 	 1.0903311792e-05
3000 	 3065 	 2.7162169947e+00 	 1.0078478058e-05
3100 	 3168 	 2.7162169885e+00 	 1.6371621132e-05
3200 	 3272 	 2.7162169833e+00 	 1.2663640160e-05
3300 	 3374 	 2.7162169780e+00 	 7.2151388386e-06
3400 	 3479 	 2.7162169732e+00 	 8.5028995749e-06
3500 	 3583 	 2.7162169691e+00 	 6.4745805860e-06
3600 	 3686 	 2.7162169668e+00 	 6.1367820630e-06
3700 	 3788 	 2.7162169643e+00 	 6.3788207426e-06
3800 	 3888 	 2.7162169616e+00 	 5.8223626163e-06
3900 	 3991 	 2.7162169589e+00 	 6.9583556646e-06
4000 	 4092 	 2.7162169561e+00 	 6.5775568324e-06
4100 	 4193 	 2.7162169532e+00 	 5.5726152700e-06
4200 	 4295 	 2.7162169505e+00 	 4.6381709171e-06
4300 	 4399 	 2.7162169472e+00 	 1.2654064321e-05
4400 	 4502 	 2.7162169437e+00 	 5.6031926688e-06
4500 	 4605 	 2.7162169413e+00 	 6.0332289001e-06
4600 	 4707 	 2.7162169389e+00 	 4.7190565679e-06
4700 	 4809 	 2.7162169368e+00 	 4.2300136977e-06
4800 	 4911 	 2.7162169353e+00 	 3.6372235626e-06
4900 	 5013 	 2.7162169340e+00 	 3.9956670651e-06
5000 	 5117 	 2.7162169331e+00 	 2.5014635603e-06
5100 	 5220 	 2.7162169321e+00 	 2.8592634062e-06
5200 	 5322 	 2.7162169314e+00 	 8.1578103241e-06
5300 	 5425 	 2.7162169308e+00 	 4.6055348213e-06
5400 	 5528 	 2.7162169302e+00 	 2.6449821284e-06
5500 	 5630 	 2.7162169294e+00 	 4.4139402006e-06
5600 	 5734 	 2.7162169288e+00 	 3.0311385743e-06
5700 	 5836 	 2.7162169281e+00 	 3.2503078599e-06
5800 	 5938 	 2.7162169271e+00 	 3.8434967232e-06
5900 	 6039 	 2.7162169262e+00 	 3.7619617332e-06
6000 	 6141 	 2.7162169256e+00 	 3.7745517863e-06
6100 	 6242 	 2.7162169250e+00 	 4.6369528298e-06
6200 	 6345 	 2.7162169247e+00 	 2.2633415297e-06
6300 	 6448 	 2.7162169243e+00 	 2.1649598806e-06
6400 	 6551 	 2.7162169240e+00 	 3.3804865582e-06
6500 	 6653 	 2.7162169237e+00 	 1.8601248481e-06
6600 	 6755 	 2.7162169234e+00 	 1.7851794882e-06
6700 	 6858 	 2.7162169233e+00 	 1.4919623705e-06
6800 	 6959 	 2.7162169230e+00 	 4.1288389417e-06
6900 	 7061 	 2.7162169227e+00 	 2.1119493713e-06
7000 	 7164 	 2.7162169223e+00 	 1.7615459633e-06
7100 	 7266 	 2.7162169220e+00 	 1.7061240653e-06
7200 	 7369 	 2.7162169217e+00 	 1.2555456592e-06
7300 	 7472 	 2.7162169215e+00 	 1.3065494297e-06
7400 	 7574 	 2.7162169213e+00 	 1.2200329341e-06
7500 	 7677 	 2.7162169212e+00 	 1.4538510412e-06
7600 	 7780 	 2.7162169210e+00 	 1.6540189782e-06
7700 	 7882 	 2.7162169209e+00 	 9.5067341255e-07
7800 	 7983 	 2.7162169208e+00 	 1.3141947355e-06
7900 	 8085 	 2.7162169207e+00 	 1.6421461933e-06
8000 	 8187 	 2.7162169206e+00 	 1.3178823423e-06
8100 	 8289 	 2.7162169205e+00 	 1.3283013284e-06
8200 	 8391 	 2.7162169204e+00 	 2.3329775648e-06
8300 	 8494 	 2.7162169204e+00 	 7.5910000447e-07
8400 	 8596 	 2.7162169203e+00 	 9.2088920843e-07
8500 	 8700 	 2.7162169202e+00 	 8.0896364409e-07
8600 	 8803 	 2.7162169202e+00 	 6.9614545926e-07
8700 	 8906 	 2.7162169201e+00 	 5.9343371517e-07
8800 	 9007 	 2.7162169201e+00 	 1.0590853208e-06
8900 	 9110 	 2.7162169200e+00 	 7.2367765713e-07
9000 	 9215 	 2.7162169200e+00 	 9.5645081108e-07
9100 	 9318 	 2.7162169199e+00 	 1.4764166266e-06
9200 	 9420 	 2.7162169199e+00 	 1.5731621472e-06
9300 	 9523 	 2.7162169198e+00 	 6.3449000568e-07
9400 	 9625 	 2.7162169198e+00 	 5.5614726712e-07
9500 	 9729 	 2.7162169198e+00 	 1.3814477154e-06
9600 	 9831 	 2.7162169197e+00 	 4.5851590852e-07
9700 	 9933 	 2.7162169197e+00 	 6.5937513455e-07
9800 	 10035 	 2.7162169197e+00 	 9.6611683273e-07
9900 	 10138 	 2.7162169197e+00 	 3.1129724073e-07
10000 	 10241 	 2.7162169197e+00 	 2.8115892427e-07
10100 	 10342 	 2.7162169197e+00 	 3.7138482668e-07
10200 	 10447 	 2.7162169196e+00 	 3.5307342294e-07
10300 	 10548 	 2.7162169196e+00 	 3.5491747000e-07
10400 	 10652 	 2.7162169196e+00 	 2.4964386897e-07
10500 	 10754 	 2.7162169196e+00 	 2.3014541309e-07
10600 	 10860 	 2.7162169196e+00 	 1.3481067856e-07
10700 	 10964 	 2.7162169196e+00 	 2.5598781714e-07
10800 	 11066 	 2.7162169196e+00 	 2.4383095453e-07
10900 	 11167 	 2.7162169196e+00 	 4.3459122016e-07
11000 	 11270 	 2.7162169196e+00 	 1.7196178404e-07
11100 	 11373 	 2.7162169196e+00 	 2.4928203594e-07
11200 	 11475 	 2.7162169196e+00 	 2.2766219384e-07
11300 	 11577 	 2.7162169196e+00 	 2.8510190360e-07
11400 	 11680 	 2.7162169196e+00 	 3.1061936735e-07
11500 	 11782 	 2.7162169196e+00 	 3.1628496115e-07
11600 	 11884 	 2.7162169196e+00 	 2.8144584419e-07
11700 	 11989 	 2.7162169196e+00 	 4.3784710514e-07
11800 	 12098 	 2.7162169196e+00 	 1.6235317743e-07
11900 	 12205 	 2.7162169196e+00 	 1.6000083210e-07
12000 	 12314 	 2.7162169196e+00 	 7.8038441114e-08
12100 	 12430 	 2.7162169196e+00 	 9.9031602727e-08
# ---- 
 1 		 12198 	 12556 		 3.2336762607e+00 	 2.7162169196e+00 	 1.8724177151e-07
# ---- 
100 	 102 	 6.2248511469e+00 	 1.8114412124e-02
200 	 204 	 6.2148268590e+00 	 7.9270889783e-03
300 	 305 	 6.2132032192e+00 	 3.4084788603e-03
400 	 406 	 6.2126057507e+00 	 6.2136044009e-03
500 	 509 	 6.2123711365e+00 	 1.4509792842e-03
600 	 611 	 6.2123172523e+00 	 7.5129392164e-04
700 	 713 	 6.2123044217e+00 	 2.9106912111e-04
800 	 817 	 6.2122994346e+00 	 3.9553839808e-04
900 	 917 	 6.2122975964e+00 	 1.4916695536e-04
1000 	 1020 	 6.2122967716e+00 	 7.2679302478e-05
1100 	 1122 	 6.2122962858e+00 	 5.8842473988e-05
1200 	 1225 	 6.2122960240e+00 	 4.3026592226e-05
1300 	 1328 	 6.2122958633e+00 	 3.1839346356e-05
1400 	 1430 	 6.2122957574e+00 	 2.9248649663e-05
1500 	 1532 	 6.2122956964e+00 	 1.9261066567e-05
1600 	 1634 	 6.2122956616e+00 	 3.0647874557e-05
1700 	 1736 	 6.2122956262e+00 	 2.8459603368e-05
1800 	 1839 	 6.2122955909e+00 	 2.3129226665e-05
1900 	 1943 	 6.2122955616e+00 	 1.4806154772e-05
2000 	 2047 	 6.2122955399e+00 	 1.6308266525e-05
2100 	 2150 	 6.2122955220e+00 	 1.1586654949e-05
2200 	 2252 	 6.2122955080e+00 	 2.6932511083e-05
2300 	 2354 	 6.2122954982e+00 	 1.0766286849e-05
2400 	 2457 	 6.2122954882e+00 	 1.1651991159e-05
2500 	 2560 	 6.2122954792e+00 	 2.4465698565e-05
2600 	 2662 	 6.2122954711e+00 	 1.9017035067e-05
2700 	 2762 	 6.2122954634e+00 	 8.7605650523e-06
2800 	 2864 	 6.2122954560e+00 	 6.9595933633e-06
2900 	 2966 	 6.2122954519e+00 	 7.4231498987e-06
3000 	 3068 	 6.2122954492e+00 	 1.1904019704e-05
3100 	 3172 	 6.2122954461e+00 	 1.0385582936e-05
3200 	 3273 	 6.2122954433e+00 	 4.9338783321e-06
3300 	 3377 	 6.2122954409e+00 	 5.6556216341e-06
3400 	 3479 	 6.2122954391e+00 	 4.8291027983e-06
3500 	 3584 	 6.2122954373e+00 	 5.0978007085e-06
3600 	 3690 	 6.2122954351e+00 	 8.4408694753e-06
3700 	 3792 	 6.2122954331e+00 	 1.0356437490e-05
3800 	 3894 	 6.2122954313e+00 	 5.4579768428e-06
3900 	 3997 	 6.2122954297e+00 	 3.1480892483e-06
4000 	 4099 	 6.2122954282e+00 	 5.3921375118e-06
4100 	 4199 	 6.2122954266e+00 	 3.9057254108e-06
4200 	 4303 	 6.2122954255e+00 	 2.6266713200e-06
4300 	 4405 	 6.2122954247e+00 	 3.2418786366e-06
4400 	 4508 	 6.2122954239e+00 	 5.6007685797e-06
4500 	 4611 	 6.2122954232e+00 	 3.8111247478e-06
4600 	 4714 	 6.2122954227e+00 	 4.3939304546e-06
4700 	 4815 	 6.2122954222e+00 	 2.6851929101e-06
4800 	 4918 	 6.2122954217e+00 	 2.5578541069e-06
4900 	 5021 	 6.2122954212e+00 	 2.5381885046e-06
5000 	 5123 	 6.2122954207e+00 	 2.9865198290e-06
5100 	 5225 	 6.2122954202e+00 	 3.6420819028e-06
5200 	 5328 	 6.2122954197e+00 	 5.7336860408e-06
5300 	 5428 	 6.2122954194e+00 	 2.0779877481e-06
5400 	 5529 	 6.2122954190e+00 	 2.1335835397e-06
5500 	 5632 	 6.2122954188e+00 	 1.5475460908e-06
5600 	 5732 	 6.2122954185e+00 	 2.4773843699e-06
5700 	 5835 	 6.2122954183e+00 	 1.5433266851e-06
5800 	 5938 	 6.2122954181e+00 	 2.7936166738e-06
5900 	 6041 	 6.2122954179e+00 	 2.1495659953e-06
6000 	 6144 	 6.2122954176e+00 	 1.9159943203e-06
6100 	 6247 	 6.2122954174e+00 	 2.4477403526e-06
6200 	 6351 	 6.2122954172e+00 	 1.4804061454e-06
6300 	 6453 	 6.2122954171e+00 	 1.3573509868e-06
6400 	 6557 	 6.2122954170e+00 	 8.0509132917e-07
6500 	 6659 	 6.2122954169e+00 	 7.7863539142e-07
6600 	 6759 	 6.2122954169e+00 	 7.4090221063e-07
6700 	 6861 	 6.2122954168e+00 	 6.1807798334e-07
6800 	 6963 	 6.2122954168e+00 	 1.2081758900e-06
6900 	 7065 	 6.2122954168e+00 	 5.1982311581e-07
7000 	 7168 	 6.2122954167e+00 	 7.0086100129e-07
7100 	 7270 	 6.2122954167e+00 	 6.5342149993e-07
7200 	 7372 	 6.2122954166e+00 	 6.8527796041e-07
7300 	 7477 	 6.2122954166e+00 	 7.7864775762e-07
7400 	 7581 	 6.2122954166e+00 	 6.2213401656e-07
7500 	 7682 	 6.2122954165e+00 	 1.0012852779e-06
7600 	 7783 	 6.2122954165e+00 	 6.0616075666e-07
7700 	 7884 	 6.2122954164e+00 	 5.3943168234e-07
7800 	 7986 	 6.2122954164e+00 	 5.7698582643e-07
7900 	 8091 	 6.2122954164e+00 	 8.2739236772e-07
8000 	 8194 	 6.2122954163e+00 	 1.0475640018e-06
8100 	 8297 	 6.2122954163e+00 	 4.1704439945e-07
8200 	 8403 	 6.2122954163e+00 	 5.2837872187e-07
8300 	 8506 	 6.2122954163e+00 	 4.0217052215e-07
8400 	 8609 	 6.2122954163e+00 	 3.4710853288e-07
8500 	 8711 	 6.2122954163e+00 	 6.7718027441e-07
8600 	 8816 	 6.2122954163e+00 	 3.0325156924e-07
8700 	 8917 	 6.2122954162e+00 	 3.3984223315e-07
8800 	 9025 	 6.2122954162e+00 	 3.6742279910e-07
8900 	 9130 	 6.2122954162e+00 	 5.0547719675e-07
9000 	 9237 	 6.2122954162e+00 	 2.0882335963e-07
9100 	 9344 	 6.2122954162e+00 	 1.3643855642e-07
9200 	 9455 	 6.2122954162e+00 	 1.5780559655e-07
9300 	 9563 	 6.2122954162e+00 	 1.3668584066e-07
9400 	 9669 	 6.2122954162e+00 	 8.6130392388e-08
# ---- 
 1 		 9491 	 9783 		 6.7178356651e+00 	 6.2122954162e+00 	 2.5547473295e-07
# ---- 
100 	 102 	 1.1172628866e+01 	 1.3012830300e-02
200 	 204 	 1.1165601857e+01 	 6.5188237559e-03
300 	 305 	 1.1164569631e+01 	 9.1098395024e-03
400 	 408 	 1.1164083410e+01 	 2.4047362742e-03
500 	 511 	 1.1163912846e+01 	 1.3234345475e-03
600 	 614 	 1.1163880716e+01 	 4.8817163146e-04
700 	 716 	 1.1163870861e+01 	 3.3339645511e-04
800 	 818 	 1.1163867572e+01 	 1.6101763532e-04
900 	 922 	 1.1163866238e+01 	 2.1262288447e-04
1000 	 1025 	 1.1163865676e+01 	 1.0250307251e-04
1100 	 1128 	 1.1163865346e+01 	 5.5607262824e-05
1200 	 1229 	 1.1163865162e+01 	 7.1342306680e-05
1300 	 1333 	 1.1163865047e+01 	 2.9842378287e-05
1400 	 1435 	 1.1163864974e+01 	 2.0577531405e-05
1500 	 1538 	 1.1163864935e+01 	 2.0861748550e-05
1600 	 1640 	 1.1163864911e+01 	 1.7568145827e-05
1700 	 1744 	 1.1163864889e+01 	 3.5064547731e-05
1800 	 1847 	 1.1163864870e+01 	 3.1675165969e-05
1900 	 1949 	 1.1163864849e+01 	 2.2580122493e-05
2000 	 2051 	 1.1163864835e+01 	 1.6171912457e-05
2100 	 2155 	 1.1163864823e+01 	 1.2428227472e-05
2200 	 2258 	 1.1163864814e+01 	 1.0565320910e-05
2300 	 2359 	 1.1163864806e+01 	 2.0467317082e-05
2400 	 2460 	 1.1163864800e+01 	 7.8438965968e-06
2500 	 2563 	 1.1163864795e+01 	 1.7121393087e-05
2600 	 2665 	 1.1163864789e+01 	 1.8596195719e-05
2700 	 2767 	 1.1163864786e+01 	 6.3771640192e-06
2800 	 2869 	 1.1163864783e+01 	 6.1497135910e-06
2900 	 2973 	 1.1163864781e+01 	 6.5781818595e-06
3000 	 3075 	 1.1163864779e+01 	 3.8877244936e-06
3100 	 3177 	 1.1163864777e+01 	 5.6639274161e-06
3200 	 3279 	 1.1163864776e+01 	 4.7803515790e-06
3300 	 3382 	 1.1163864774e+01 	 8.8223908012e-06
3400 	 3486 	 1.1163864772e+01 	 5.3349186120e-06
3500 	 3589 	 1.1163864771e+01 	 1.3270210705e-05
3600 	 3694 	 1.1163864769e+01 	 3.2574757255e-06
3700 	 3795 	 1.1163864768e+01 	 4.9869694473e-06
3800 	 3896 	 1.1163864767e+01 	 3.9442345072e-06
3900 	 3997 	 1.1163864766e+01 	 2.3143551994e-06
4000 	 4101 	 1.1163864765e+01 	 4.5976087301e-06
4100 	 4203 	 1.1163864765e+01 	 2.6683486195e-06
4200 	 4305 	 1.1163864764e+01 	 3.2661592036e-06
4300 	 4407 	 1.1163864764e+01 	 1.9672251852e-06
4400 	 4509 	 1.1163864764e+01 	 1.9011910768e-06
4500 	 4611 	 1.1163864763e+01 	 1.2874431336e-06
4600 	 4714 	 1.1163864763e+01 	 2.3411588802e-06
4700 	 4817 	 1.1163864763e+01 	 2.2660436843e-06
4800 	 4922 	 1.1163864762e+01 	 1.9726015502e-06
4900 	 5025 	 1.1163864762e+01 	 5.4743466181e-06
5000 	 5128 	 1.1163864762e+01 	 1.2853391225e-06
5100 	 5231 	 1.1163864762e+01 	 1.2444190576e-06
5200 	 5336 	 1.1163864761e+01 	 1.8604787335e-06
5300 	 5439 	 1.1163864761e+01 	 1.2216579119e-06
5400 	 5542 	 1.1163864761e+01 	 1.3238259206e-06
5500 	 5645 	 1.1163864761e+01 	 9.6727693594e-07
5600 	 5747 	 1.1163864761e+01 	 9.5704864008e-07
5700 	 5852 	 1.1163864761e+01 	 1.0999257248e-06
5800 	 5955 	 1.1163864761e+01 	 8.0293897187e-07
5900 	 6058 	 1.1163864761e+01 	 7.8490681267e-07
6000 	 6160 	 1.1163864761e+01 	 8.8932838067e-07
6100 	 6262 	 1.1163864760e+01 	 5.1917153731e-07
6200 	 6363 	 1.1163864760e+01 	 6.3870975360e-07
6300 	 6465 	 1.1163864760e+01 	 4.3247265070e-07
6400 	 6568 	 1.1163864760e+01 	 3.4828082718e-07
6500 	 6671 	 1.1163864760e+01 	 7.4242241487e-07
6600 	 6772 	 1.1163864760e+01 	 4.2633280181e-07
6700 	 6874 	 1.1163864760e+01 	 3.2750245226e-07
6800 	 6977 	 1.1163864760e+01 	 8.2831056955e-07
6900 	 7078 	 1.1163864760e+01 	 6.8228166472e-07
7000 	 7178 	 1.1163864760e+01 	 6.9815722405e-07
7100 	 7281 	 1.1163864760e+01 	 4.6947148886e-07
7200 	 7385 	 1.1163864760e+01 	 5.7401520320e-07
7300 	 7488 	 1.1163864760e+01 	 4.3980192746e-07
7400 	 7589 	 1.1163864760e+01 	 2.6701265122e-07
7500 	 7693 	 1.1163864760e+01 	 3.0742095949e-07
7600 	 7799 	 1.1163864760e+01 	 3.9527160417e-07
7700 	 7912 	 1.1163864760e+01 	 2.9163718689e-07
7800 	 8016 	 1.1163864760e+01 	 2.8374153718e-07
7900 	 8129 	 1.1163864760e+01 	 2.0410922632e-07
8000 	 8241 	 1.1163864760e+01 	 2.1152211158e-07
8100 	 8354 	 1.1163864760e+01 	 1.9604308886e-07
# ---- 
 1 		 8103 	 8371 		 1.1664236151e+01 	 1.1163864760e+01 	 2.1068068704e-07
# ---- 
100 	 102 	 1.7585860411e+01 	 1.9114203022e-02
200 	 204 	 1.7581044286e+01 	 1.0181975212e-02
300 	 305 	 1.7580270226e+01 	 7.1626459014e-03
400 	 406 	 1.7579848246e+01 	 1.7735948506e-03
500 	 510 	 1.7579726734e+01 	 8.2029961669e-04
600 	 613 	 1.7579701313e+01 	 9.7591326363e-04
700 	 715 	 1.7579692040e+01 	 2.5358289512e-04
800 	 816 	 1.7579689580e+01 	 1.0133775595e-04
900 	 919 	 1.7579688773e+01 	 1.6504874022e-04
1000 	 1019 	 1.7579688338e+01 	 1.3932170311e-04
1100 	 1123 	 1.7579688127e+01 	 5.4065505001e-05
1200 	 1225 	 1.7579687981e+01 	 1.0458540795e-04
1300 	 1328 	 1.7579687891e+01 	 2.5256093127e-05
1400 	 1429 	 1.7579687844e+01 	 2.0604604770e-05
1500 	 1532 	 1.7579687816e+01 	 1.3783647606e-05
1600 	 1634 	 1.7579687798e+01 	 1.7241222091e-05
1700 	 1738 	 1.7579687785e+01 	 1.6607379728e-05
1800 	 1840 	 1.7579687770e+01 	 1.2870356851e-05
1900 	 1941 	 1.7579687756e+01 	 3.2606814050e-05
2000 	 2041 	 1.7579687744e+01 	 2.1453939059e-05
2100 	 2144 	 1.7579687736e+01 	 1.7405345851e-05
2200 	 2248 	 1.7579687729e+01 	 1.0439123691e-05
2300 	 2351 	 1.7579687724e+01 	 9.2844512884e-06
2400 	 2454 	 1.7579687720e+01 	 7.7356816716e-06
2500 	 2556 	 1.7579687717e+01 	 4.2619569475e-06
2600 	 2659 	 1.7579687714e+01 	 1.2431347498e-05
2700 	 2763 	 1.7579687712e+01 	 5.6869132697e-06
2800 	 2866 	 1.7579687710e+01 	 3.7641633318e-06
2900 	 2970 	 1.7579687708e+01 	 4.9820656307e-06
3000 	 3073 	 1.7579687707e+01 	 5.2498101341e-06
3100 	 3176 	 1.7579687706e+01 	 4.2111769494e-06
3200 	 3279 	 1.7579687705e+01 	 3.4052845709e-06
3300 	 3381 	 1.7579687703e+01 	 3.2633025776e-06
3400 	 3483 	 1.7579687702e+01 	 6.4339200946e-06
3500 	 3585 	 1.7579687701e+01 	 3.2419319591e-06
3600 	 3688 	 1.7579687700e+01 	 4.3941738430e-06
3700 	 3791 	 1.7579687699e+01 	 4.3247712267e-06
3800 	 3894 	 1.7579687698e+01 	 2.6324278307e-06
3900 	 3998 	 1.7579687698e+01 	 2.1789164622e-06
4000 	 4101 	 1.7579687697e+01 	 1.7871729665e-06
4100 	 4203 	 1.7579687697e+01 	 1.9982595040e-06
4200 	 4306 	 1.7579687697e+01 	 2.0087168950e-06
4300 	 4407 	 1.7579687697e+01 	 1.6847128672e-06
4400 	 4512 	 1.7579687696e+01 	 2.6554695418e-06
4500 	 4615 	 1.7579687696e+01 	 1.7012404366e-06
4600 	 4716 	 1.7579687696e+01 	 3.0023404419e-06
4700 	 4819 	 1.7579687696e+01 	 1.5284411921e-06
4800 	 4922 	 1.7579687695e+01 	 1.3935323902e-06
4900 	 5023 	 1.7579687695e+01 	 1.7880228295e-06
5000 	 5126 	 1.7579687695e+01 	 1.1442040261e-06
5100 	 5228 	 1.7579687695e+01 	 1.0599868107e-06
5200 	 5329 	 1.7579687695e+01 	 1.0019891933e-06
5300 	 5432 	 1.7579687695e+01 	 1.0086118594e-06
5400 	 5535 	 1.7579687695e+01 	 1.3352189147e-06
5500 	 5636 	 1.7579687695e+01 	 8.0096190723e-07
5600 	 5738 	 1.7579687695e+01 	 5.3778551063e-07
5700 	 5840 	 1.7579687695e+01 	 4.9019601228e-07
5800 	 5941 	 1.7579687695e+01 	 6.6088650909e-07
5900 	 6047 	 1.7579687695e+01 	 7.5431218949e-07
6000 	 6149 	 1.7579687695e+01 	 6.6623517169e-07
6100 	 6254 	 1.7579687695e+01 	 7.5897114755e-07
6200 	 6363 	 1.7579687694e+01 	 3.2172808951e-07
6300 	 6473 	 1.7579687694e+01 	 1.0653295364e-06
6400 	 6578 	 1.7579687694e+01 	 6.0450490095e-07
6500 	 6680 	 1.7579687694e+01 	 5.9587133383e-07
6600 	 6785 	 1.7579687694e+01 	 1.2218766612e-06
6700 	 6890 	 1.7579687694e+01 	 6.0545930098e-07
6800 	 6992 	 1.7579687694e+01 	 5.6142294454e-07
6900 	 7098 	 1.7579687694e+01 	 5.8731895260e-07
7000 	 7210 	 1.7579687694e+01 	 3.2228485804e-07
# ---- 
 1 		 7011 	 7241 		 1.8077205250e+01 	 1.7579687694e+01 	 3.1950938927e-07
# ---- 
100 	 102 	 2.5470595883e+01 	 1.4501840293e-02
200 	 203 	 2.5466730913e+01 	 1.3153492875e-02
300 	 305 	 2.5466056364e+01 	 3.2258299200e-03
400 	 407 	 2.5465677558e+01 	 4.0896017692e-03
500 	 510 	 2.5465577421e+01 	 1.1131916470e-03
600 	 611 	 2.5465555989e+01 	 4.1946897775e-04
700 	 713 	 2.5465548724e+01 	 2.3824844826e-04
800 	 815 	 2.5465546483e+01 	 1.4816818870e-04
900 	 918 	 2.5465545828e+01 	 1.1071336435e-04
1000 	 1018 	 2.5465545484e+01 	 5.1624394281e-05
1100 	 1120 	 2.5465545320e+01 	 4.8556728583e-05
1200 	 1223 	 2.5465545206e+01 	 2.7001040934e-05
1300 	 1325 	 2.5465545140e+01 	 2.8146677377e-05
1400 	 1427 	 2.5465545100e+01 	 6.2326132317e-05
1500 	 1529 	 2.5465545078e+01 	 1.6426134383e-05
1600 	 1633 	 2.5465545065e+01 	 2.5750746947e-05
1700 	 1735 	 2.5465545054e+01 	 1.4099394353e-05
1800 	 1836 	 2.5465545042e+01 	 1.4212540100e-05
1900 	 1940 	 2.5465545031e+01 	 9.5669648303e-06
2000 	 2043 	 2.5465545025e+01 	 9.0292979352e-06
2100 	 2145 	 2.5465545017e+01 	 8.1825963999e-06
2200 	 2249 	 2.5465545010e+01 	 7.4938213023e-06
2300 	 2353 	 2.5465545006e+01 	 6.6415566800e-06
2400 	 2457 	 2.5465545003e+01 	 7.5141378051e-06
2500 	 2559 	 2.5465545001e+01 	 5.8743370035e-06
2600 	 2661 	 2.5465544999e+01 	 4.1356744636e-06
2700 	 2764 	 2.5465544997e+01 	 3.5777194506e-06
2800 	 2867 	 2.5465544996e+01 	 5.6068287609e-06
2900 	 2970 	 2.5465544994e+01 	 3.7113760525e-06
3000 	 3071 	 2.5465544993e+01 	 4.3370358749e-06
3100 	 3173 	 2.5465544992e+01 	 4.5355056062e-06
3200 	 3274 	 2.5465544991e+01 	 3.7588112957e-06
3300 	 3376 	 2.5465544990e+01 	 5.6870454873e-06
3400 	 3477 	 2.5465544989e+01 	 4.2986451442e-06
3500 	 3578 	 2.5465544988e+01 	 2.6385212707e-06
3600 	 3682 	 2.5465544988e+01 	 5.5544070288e-06
3700 	 3785 	 2.5465544988e+01 	 3.1371632984e-06
3800 	 3888 	 2.5465544987e+01 	 1.8145273049e-06
3900 	 3988 	 2.5465544987e+01 	 2.1514936301e-06
4000 	 4090 	 2.5465544987e+01 	 1.6163653376e-06
4100 	 4191 	 2.5465544986e+01 	 4.2090065146e-06
4200 	 4293 	 2.5465544986e+01 	 1.6981344102e-06
4300 	 4396 	 2.5465544986e+01 	 1.6962394211e-06
4400 	 4500 	 2.5465544986e+01 	 1.2867879942e-06
4500 	 4603 	 2.5465544986e+01 	 1.5042750602e-06
4600 	 4707 	 2.5465544985e+01 	 1.7311273952e-06
4700 	 4809 	 2.5465544985e+01 	 1.0856490596e-06
4800 	 4912 	 2.5465544985e+01 	 1.1244124196e-06
4900 	 5018 	 2.5465544985e+01 	 1.9965280609e-06
5000 	 5120 	 2.5465544985e+01 	 8.0874637517e-07
5100 	 5221 	 2.5465544985e+01 	 8.7329641950e-07
5200 	 5325 	 2.5465544985e+01 	 7.7174998292e-07
5300 	 5427 	 2.5465544985e+01 	 6.2797331843e-07
5400 	 5532 	 2.5465544985e+01 	 4.2269013638e-07
5500 	 5637 	 2.5465544985e+01 	 4.0583595297e-07
5600 	 5741 	 2.5465544985e+01 	 6.1240462368e-07
5700 	 5849 	 2.5465544985e+01 	 3.5851671860e-07
5800 	 5951 	 2.5465544985e+01 	 6.2840624388e-07
5900 	 6056 	 2.5465544985e+01 	 3.2576599370e-07
6000 	 6164 	 2.5465544985e+01 	 2.3394375710e-07
# ---- 
 1 		 6092 	 6281 		 2.5961300989e+01 	 2.5465544985e+01 	 3.9401759747e-07
# ---- 
100 	 104 	 3.4829690286e+01 	 1.6335473307e-02
200 	 205 	 3.4826649051e+01 	 3.3927452145e-03
300 	 306 	 3.4826064536e+01 	 3.6836625425e-03
400 	 409 	 3.4825730079e+01 	 1.5609234776e-03
500 	 512 	 3.4825649836e+01 	 1.5431993083e-03
600 	 615 	 3.4825631270e+01 	 5.1257861189e-04
700 	 719 	 3.4825624892e+01 	 1.7990569584e-04
800 	 822 	 3.4825623264e+01 	 1.1223802600e-04
900 	 922 	 3.4825622697e+01 	 1.7159229670e-04
1000 	 1025 	 3.4825622476e+01 	 4.5298950723e-05
1100 	 1127 	 3.4825622339e+01 	 3.4733556484e-05
1200 	 1229 	 3.4825622252e+01 	 3.5111974802e-05
1300 	 1331 	 3.4825622195e+01 	 2.8013030157e-05
1400 	 1434 	 3.4825622166e+01 	 2.1566794700e-05
1500 	 1537 	 3.4825622149e+01 	 3.2393726410e-05
1600 	 1642 	 3.4825622137e+01 	 1.1471907718e-05
1700 	 1743 	 3.4825622127e+01 	 1.6105034051e-05
1800 	 1845 	 3.4825622119e+01 	 1.0024427706e-05
1900 	 1946 	 3.4825622112e+01 	 1.0814118954e-05
2000 	 2049 	 3.4825622105e+01 	 9.1594133766e-06
2100 	 2151 	 3.4825622100e+01 	 7.1145139981e-06
2200 	 2251 	 3.4825622097e+01 	 1.4052118218e-05
2300 	 2353 	 3.4825622093e+01 	 6.0903713369e-06
2400 	 2454 	 3.4825622091e+01 	 4.0718486515e-06
2500 	 2556 	 3.4825622089e+01 	 3.5507785838e-06
2600 	 2658 	 3.4825622088e+01 	 7.5687597951e-06
2700 	 2760 	 3.4825622086e+01 	 4.9968724596e-06
2800 	 2863 	 3.4825622085e+01 	 6.1236441377e-06
2900 	 2966 	 3.4825622083e+01 	 4.4955485315e-06
3000 	 3068 	 3.4825622082e+01 	 3.5595788548e-06
3100 	 3169 	 3.4825622081e+01 	 3.0495456587e-06
3200 	 3272 	 3.4825622080e+01 	 4.4838773054e-06
3300 	 3376 	 3.4825622080e+01 	 3.3017346562e-06
3400 	 3479 	 3.4825622079e+01 	 4.0702924293e-06
3500 	 3582 	 3.4825622079e+01 	 2.1307958449e-06
3600 	 3684 	 3.4825622078e+01 	 2.1288250165e-06
3700 	 3788 	 3.4825622078e+01 	 1.8396112499e-06
3800 	 3891 	 3.4825622078e+01 	 1.0302730634e-06
3900 	 3991 	 3.4825622078e+01 	 1.1739563071e-06
4000 	 4093 	 3.4825622077e+01 	 1.6355515199e-06
4100 	 4195 	 3.4825622077e+01 	 1.6785919414e-06
4200 	 4297 	 3.4825622077e+01 	 1.6762825666e-06
4300 	 4401 	 3.4825622077e+01 	 3.5536711171e-06
4400 	 4505 	 3.4825622077e+01 	 2.3512029021e-06
4500 	 4609 	 3.4825622076e+01 	 1.2686417921e-06
4600 	 4712 	 3.4825622076e+01 	 1.5542653749e-06
4700 	 4816 	 3.4825622076e+01 	 8.3107876027e-07
4800 	 4917 	 3.4825622076e+01 	 1.6425756099e-06
4900 	 5019 	 3.4825622076e+01 	 1.0158403569e-06
5000 	 5127 	 3.4825622076e+01 	 6.9736696525e-07
5100 	 5239 	 3.4825622076e+01 	 4.3613844938e-07
5200 	 5350 	 3.4825622076e+01 	 7.6855225665e-07
5300 	 5461 	 3.4825622076e+01 	 3.4304801212e-07
5400 	 5587 	 3.4825622076e+01 	 4.6288444779e-07
# ---- 
 1 		 5400 	 5587 		 3.5320227184e+01 	 3.4825622076e+01 	 4.6288444779e-07
# ---- 
100 	 103 	 4.5666606471e+01 	 1.9723411018e-02
200 	 205 	 4.5664073990e+01 	 8.1782765441e-03
300 	 307 	 4.5663535585e+01 	 2.6549335002e-03
400 	 407 	 4.5663224649e+01 	 1.5353306316e-03
500 	 513 	 4.5663156032e+01 	 1.1242381223e-03
600 	 616 	 4.5663138035e+01 	 4.0450389911e-04
700 	 719 	 4.5663132792e+01 	 2.6925300862e-04
800 	 821 	 4.5663131332e+01 	 2.6293251583e-04
900 	 926 	 4.5663130855e+01 	 5.1044579897e-05
1000 	 1030 	 4.5663130675e+01 	 7.5943687083e-05
1100 	 1132 	 4.5663130564e+01 	 3.5616689897e-05
1200 	 1233 	 4.5663130491e+01 	 2.8489243231e-05
1300 	 1334 	 4.5663130442e+01 	 6.0479751944e-05
1400 	 1435 	 4.5663130416e+01 	 1.7055608838e-05
1500 	 1537 	 4.5663130403e+01 	 1.0952480343e-05
1600 	 1638 	 4.5663130394e+01 	 1.0804460224e-05
1700 	 1740 	 4.5663130387e+01 	 1.3167063780e-05
1800 	 1841 	 4.5663130380e+01 	 7.3844328570e-06
1900 	 1942 	 4.5663130373e+01 	 9.9633501113e-06
2000 	 2048 	 4.5663130368e+01 	 7.9467916539e-06
2100 	 2149 	 4.5663130363e+01 	 6.7258885621e-06
2200 	 2253 	 4.5663130361e+01 	 4.4124222946e-06
2300 	 2356 	 4.5663130359e+01 	 5.7216061918e-06
2400 	 2459 	 4.5663130357e+01 	 4.6194155365e-06
2500 	 2563 	 4.5663130356e+01 	 4.3430403761e-06
2600 	 2665 	 4.5663130355e+01 	 3.4319967048e-06
2700 	 2769 	 4.5663130354e+01 	 3.4029470842e-06
2800 	 2871 	 4.5663130353e+01 	 3.9927854936e-06
2900 	 2974 	 4.5663130352e+01 	 3.2348532804e-06
3000 	 3077 	 4.5663130351e+01 	 4.9777434570e-06
3100 	 3181 	 4.5663130350e+01 	 5.5236977998e-06
3200 	 3283 	 4.5663130350e+01 	 2.1680271234e-06
3300 	 3385 	 4.5663130349e+01 	 2.0981779450e-06
3400 	 3488 	 4.5663130349e+01 	 2.1710849236e-06
3500 	 3588 	 4.5663130349e+01 	 3.0037781762e-06
3600 	 3691 	 4.5663130348e+01 	 1.7008263815e-06
3700 	 3793 	 4.5663130348e+01 	 3.3214844168e-06
3800 	 3896 	 4.5663130348e+01 	 1.4985363837e-06
3900 	 3997 	 4.5663130348e+01 	 1.2899100074e-06
4000 	 4100 	 4.5663130348e+01 	 1.1654414475e-06
4100 	 4201 	 4.5663130348e+01 	 2.1690870870e-06
4200 	 4307 	 4.5663130347e+01 	 1.6487219917e-06
4300 	 4411 	 4.5663130347e+01 	 1.9743607465e-06
4400 	 4513 	 4.5663130347e+01 	 9.1930249310e-07
4500 	 4619 	 4.5663130347e+01 	 7.1366116234e-07
4600 	 4726 	 4.5663130347e+01 	 7.5746824048e-07
4700 	 4830 	 4.5663130347e+01 	 7.9411799725e-07
4800 	 4938 	 4.5663130347e+01 	 8.9981286125e-07
4900 	 5051 	 4.5663130347e+01 	 6.4720423289e-07
5000 	 5165 	 4.5663130347e+01 	 5.0301806784e-07
5100 	 5278 	 4.5663130347e+01 	 3.5226350025e-07
5200 	 5406 	 4.5663130347e+01 	 3.2816904285e-07
5300 	 5520 	 4.5663130347e+01 	 5.3942392737e-07
5400 	 5628 	 4.5663130347e+01 	 5.7865589357e-07
# ---- 
 1 		 5450 	 5702 		 4.6156964421e+01 	 4.5663130347e+01 	 6.0746614233e-07
# ---- 
100 	 102 	 5.7983658290e+01 	 1.8968927968e-02
200 	 204 	 5.7981510913e+01 	 3.3728368375e-03
300 	 305 	 5.7981000048e+01 	 3.1646448975e-03
400 	 407 	 5.7980720837e+01 	 1.5376857383e-03
500 	 510 	 5.7980660231e+01 	 1.6485222848e-03
600 	 614 	 5.7980639981e+01 	 3.9506212648e-04
700 	 717 	 5.7980634738e+01 	 2.3271592963e-04
800 	 820 	 5.7980633213e+01 	 9.4088417840e-05
900 	 923 	 5.7980632716e+01 	 4.1433653961e-05
1000 	 1025 	 5.7980632548e+01 	 3.9369230262e-05
1100 	 1126 	 5.7980632471e+01 	 2.3553672993e-05
1200 	 1230 	 5.7980632408e+01 	 2.5154209259e-05
1300 	 1330 	 5.7980632365e+01 	 3.0335865313e-05
1400 	 1432 	 5.7980632342e+01 	 2.5104927396e-05
1500 	 1534 	 5.7980632330e+01 	 1.1271888054e-05
1600 	 1637 	 5.7980632322e+01 	 1.2374591722e-05
1700 	 1739 	 5.7980632316e+01 	 7.2943599989e-06
1800 	 1843 	 5.7980632310e+01 	 1.7215344675e-05
1900 	 1946 	 5.7980632305e+01 	 1.4188453476e-05
2000 	 2050 	 5.7980632300e+01 	 5.8371264085e-06
2100 	 2150 	 5.7980632296e+01 	 8.6505093925e-06
2200 	 2250 	 5.7980632294e+01 	 5.5876063107e-06
2300 	 2352 	 5.7980632292e+01 	 9.1002341356e-06
2400 	 2456 	 5.7980632291e+01 	 3.6503207064e-06
2500 	 2557 	 5.7980632290e+01 	 3.0511620872e-06
2600 	 2659 	 5.7980632289e+01 	 3.2459767617e-06
2700 	 2761 	 5.7980632288e+01 	 3.3152704103e-06
2800 	 2864 	 5.7980632287e+01 	 3.7745188864e-06
2900 	 2965 	 5.7980632286e+01 	 4.7811399513e-06
3000 	 3066 	 5.7980632285e+01 	 2.6740422179e-06
3100 	 3167 	 5.7980632285e+01 	 1.7189895519e-06
3200 	 3267 	 5.7980632285e+01 	 1.9829780485e-06
3300 	 3369 	 5.7980632284e+01 	 1.8256167292e-06
3400 	 3471 	 5.7980632284e+01 	 2.5885615732e-06
3500 	 3573 	 5.7980632284e+01 	 1.6081820885e-06
3600 	 3677 	 5.7980632283e+01 	 1.6733095413e-06
3700 	 3779 	 5.7980632283e+01 	 1.1216634026e-06
3800 	 3882 	 5.7980632283e+01 	 1.0539124690e-06
3900 	 3987 	 5.7980632283e+01 	 1.5944827049e-06
4000 	 4088 	 5.7980632283e+01 	 2.3074947786e-06
4100 	 4193 	 5.7980632283e+01 	 9.9748266583e-07
4200 	 4297 	 5.7980632283e+01 	 1.5014594382e-06
4300 	 4403 	 5.7980632282e+01 	 9.0225071798e-07
4400 	 4516 	 5.7980632282e+01 	 9.7360114863e-07
4500 	 4626 	 5.7980632282e+01 	 5.2077287113e-07
4600 	 4732 	 5.7980632282e+01 	 1.4858359576e-06
4700 	 4851 	 5.7980632282e+01 	 4.5119182394e-07
4800 	 4961 	 5.7980632282e+01 	 8.5586539316e-07
4900 	 5069 	 5.7980632282e+01 	 4.0631739970e-07
5000 	 5178 	 5.7980632282e+01 	 3.1476906486e-07
5100 	 5292 	 5.7980632282e+01 	 5.0186131475e-07
5200 	 5409 	 5.7980632282e+01 	 2.2983888523e-07
5300 	 5519 	 5.7980632282e+01 	 3.8068147754e-07
5400 	 5643 	 5.7980632282e+01 	 3.9685525447e-07
# ---- 
 1 		 5417 	 5678 		 5.8473949833e+01 	 5.7980632282e+01 	 6.1928569257e-07
# ---- 
100 	 102 	 7.1782938474e+01 	 1.4664424539e-02
200 	 205 	 7.1781065720e+01 	 3.2828201016e-03
300 	 307 	 7.1780568597e+01 	 4.1355916606e-03
400 	 410 	 7.1780306417e+01 	 1.5341852269e-03
500 	 510 	 7.1780252844e+01 	 1.2711430206e-03
600 	 612 	 7.1780236622e+01 	 4.1782495688e-04
700 	 715 	 7.1780232206e+01 	 1.5560563058e-04
800 	 817 	 7.1780231028e+01 	 2.0002041800e-04
900 	 918 	 7.1780230621e+01 	 6.0172819217e-05
1000 	 1018 	 7.1780230472e+01 	 4.4423284529e-05
1100 	 1119 	 7.1780230407e+01 	 2.8534720608e-05
1200 	 1222 	 7.1780230363e+01 	 3.6934051380e-05
1300 	 1323 	 7.1780230325e+01 	 2.2839463824e-05
1400 	 1425 	 7.1780230303e+01 	 1.8475008179e-05
1500 	 1527 	 7.1780230294e+01 	 2.4035539225e-05
1600 	 1630 	 7.1780230288e+01 	 8.6079052329e-06
1700 	 1732 	 7.1780230282e+01 	 8.8686324590e-06
1800 	 1832 	 7.1780230277e+01 	 1.2708644618e-05
1900 	 1934 	 7.1780230272e+01 	 8.8654531912e-06
2000 	 2037 	 7.1780230269e+01 	 8.3884747856e-06
2100 	 2139 	 7.1780230267e+01 	 8.3515942683e-06
2200 	 2240 	 7.1780230265e+01 	 7.9241717030e-06
2300 	 2342 	 7.1780230263e+01 	 3.4161305178e-06
2400 	 2443 	 7.1780230262e+01 	 3.8741910027e-06
2500 	 2544 	 7.1780230261e+01 	 5.8329760838e-06
2600 	 2647 	 7.1780230260e+01 	 2.9369868549e-06
2700 	 2749 	 7.1780230260e+01 	 3.2341162788e-06
2800 	 2850 	 7.1780230259e+01 	 2.9941072888e-06
2900 	 2953 	 7.1780230258e+01 	 7.1412087405e-06
3000 	 3056 	 7.1780230257e+01 	 2.7894091135e-06
3100 	 3158 	 7.1780230257e+01 	 2.5770687846e-06
3200 	 3260 	 7.1780230256e+01 	 2.4303658874e-06
3300 	 3363 	 7.1780230256e+01 	 1.5687075923e-06
3400 	 3466 	 7.1780230256e+01 	 1.3417635606e-06
3500 	 3568 	 7.1780230256e+01 	 1.2858514298e-06
3600 	 3670 	 7.1780230256e+01 	 1.7756478853e-06
3700 	 3771 	 7.1780230255e+01 	 2.8314256710e-06
3800 	 3875 	 7.1780230255e+01 	 1.5616096512e-06
3900 	 3976 	 7.1780230255e+01 	 1.0780781621e-06
4000 	 4083 	 7.1780230255e+01 	 8.5662150870e-07
4100 	 4187 	 7.1780230255e+01 	 9.5050715221e-07
4200 	 4291 	 7.1780230255e+01 	 1.2596511914e-06
4300 	 4405 	 7.1780230255e+01 	 7.9904850340e-07
4400 	 4517 	 7.1780230255e+01 	 1.2755767954e-06
4500 	 4627 	 7.1780230255e+01 	 6.5258406022e-07
4600 	 4740 	 7.1780230255e+01 	 2.8727893759e-07
4700 	 4862 	 7.1780230255e+01 	 2.1088232665e-07
# ---- 
 1 		 4753 	 4938 		 7.2273211189e+01 	 7.1780230255e+01 	 6.5446292716e-07
# ---- 
100 	 107 	 7.1477068179e+01 	 1.1113964567e-01
200 	 209 	 7.1408618417e+01 	 2.0821550686e-02
300 	 311 	 7.1390337848e+01 	 1.6003858841e-02
400 	 412 	 7.1382015201e+01 	 8.2537205003e-03
500 	 514 	 7.1379032961e+01 	 7.8573387203e-03
600 	 617 	 7.1378028765e+01 	 3.0393481825e-03
700 	 719 	 7.1377665832e+01 	 1.9317245327e-03
800 	 820 	 7.1377571952e+01 	 1.4979653785e-03
900 	 924 	 7.1377555455e+01 	 3.7548632025e-04
1000 	 1025 	 7.1377549516e+01 	 1.9879388777e-04
1100 	 1127 	 7.1377547027e+01 	 1.5601535912e-04
1200 	 1228 	 7.1377546287e+01 	 7.7998447241e-05
1300 	 1329 	 7.1377546043e+01 	 4.9795118209e-05
1400 	 1432 	 7.1377545941e+01 	 3.4613857733e-05
1500 	 1534 	 7.1377545867e+01 	 3.3818221561e-05
1600 	 1636 	 7.1377545821e+01 	 2.7839349998e-05
1700 	 1737 	 7.1377545791e+01 	 2.2043736418e-05
1800 	 1839 	 7.1377545768e+01 	 1.5704776106e-05
1900 	 1941 	 7.1377545753e+01 	 1.3466789193e-05
2000 	 2044 	 7.1377545743e+01 	 1.0137071951e-05
2100 	 2150 	 7.1377545735e+01 	 1.2276795143e-05
2200 	 2252 	 7.1377545727e+01 	 1.1054059758e-05
2300 	 2354 	 7.1377545719e+01 	 1.0573015535e-05
2400 	 2454 	 7.1377545714e+01 	 7.8802066388e-06
2500 	 2557 	 7.1377545707e+01 	 9.6010873608e-06
2600 	 2657 	 7.1377545702e+01 	 7.3183601199e-06
2700 	 2758 	 7.1377545699e+01 	 9.6468812449e-06
2800 	 2860 	 7.1377545695e+01 	 6.9237228581e-06
2900 	 2964 	 7.1377545691e+01 	 7.8516833333e-06
3000 	 3067 	 7.1377545689e+01 	 1.2020241319e-05
3100 	 3169 	 7.1377545686e+01 	 5.8171919639e-06
3200 	 3273 	 7.1377545685e+01 	 5.1201249209e-06
3300 	 3376 	 7.1377545684e+01 	 3.1890750185e-06
3400 	 3479 	 7.1377545683e+01 	 1.0316824484e-05
3500 	 3581 	 7.1377545682e+01 	 3.8884799959e-06
3600 	 3685 	 7.1377545681e+01 	 3.8955789496e-06
3700 	 3785 	 7.1377545679e+01 	 6.0534172094e-06
3800 	 3888 	 7.1377545679e+01 	 2.5258787273e-06
3900 	 3990 	 7.1377545678e+01 	 4.9113690334e-06
4000 	 4093 	 7.1377545677e+01 	 2.5542731262e-06
4100 	 4196 	 7.1377545676e+01 	 1.8057491209e-06
4200 	 4299 	 7.1377545676e+01 	 2.8191680317e-06
4300 	 4404 	 7.1377545675e+01 	 3.3427686337e-06
4400 	 4508 	 7.1377545675e+01 	 6.9833608452e-06
4500 	 4611 	 7.1377545674e+01 	 4.2757815523e-06
4600 	 4715 	 7.1377545674e+01 	 1.5058994042e-06
4700 	 4818 	 7.1377545674e+01 	 1.6882640261e-06
4800 	 4920 	 7.1377545674e+01 	 8.3754638031e-07
4900 	 5028 	 7.1377545674e+01 	 8.7278743592e-07
5000 	 5136 	 7.1377545673e+01 	 1.1245466263e-06
5100 	 5246 	 7.1377545673e+01 	 1.4689005394e-06
5200 	 5353 	 7.1377545673e+01 	 1.5363330308e-06
5300 	 5458 	 7.1377545673e+01 	 1.4065795699e-06
5400 	 5561 	 7.1377545673e+01 	 7.7867038342e-07
5500 	 5667 	 7.1377545673e+01 	 5.1758613902e-07
5600 	 5780 	 7.1377545673e+01 	 3.8950963193e-07
5700 	 5896 	 7.1377545673e+01 	 4.9970112687e-07
5800 	 6013 	 7.1377545673e+01 	 4.7901998208e-07
5900 	 6124 	 7.1377545673e+01 	 3.5523952807e-07
6000 	 6237 	 7.1377545673e+01 	 4.7874529897e-07
6100 	 6345 	 7.1377545673e+01 	 4.7441668587e-07
6200 	 6459 	 7.1377545673e+01 	 9.5537001522e-07
# ---- 
 1 		 6202 	 6470 		 7.7581080910e+01 	 7.1377545673e+01 	 1.0104172712e-06
# ---- 
100 	 102 	 7.1099748411e+01 	 5.2758431770e-02
200 	 203 	 7.1043480466e+01 	 2.1294693841e-02
300 	 305 	 7.1027135836e+01 	 2.6945539829e-02
400 	 406 	 7.1019741631e+01 	 2.5397994050e-02
500 	 508 	 7.1016589354e+01 	 5.0473878207e-03
600 	 610 	 7.1015504097e+01 	 3.5238511255e-03
700 	 712 	 7.1015073101e+01 	 1.9358451433e-03
800 	 813 	 7.1014936106e+01 	 1.0750936536e-03
900 	 917 	 7.1014909884e+01 	 3.8323899227e-04
1000 	 1019 	 7.1014902805e+01 	 2.3364593808e-04
1100 	 1123 	 7.1014898924e+01 	 1.3668814728e-04
1200 	 1226 	 7.1014897972e+01 	 1.1299071248e-04
1300 	 1327 	 7.1014897594e+01 	 6.7520481952e-05
1400 	 1430 	 7.1014897479e+01 	 3.3534829274e-05
1500 	 1532 	 7.1014897395e+01 	 8.0012219172e-05
1600 	 1633 	 7.1014897336e+01 	 2.5082332296e-05
1700 	 1735 	 7.1014897294e+01 	 2.0418199376e-05
1800 	 1838 	 7.1014897269e+01 	 1.3910925865e-05
1900 	 1941 	 7.1014897252e+01 	 2.8196025440e-05
2000 	 2044 	 7.1014897239e+01 	 9.8608309386e-06
2100 	 2146 	 7.1014897229e+01 	 2.6269127725e-05
2200 	 2247 	 7.1014897222e+01 	 8.7604840567e-06
2300 	 2349 	 7.1014897215e+01 	 1.1027714568e-05
2400 	 2455 	 7.1014897207e+01 	 9.9772532415e-06
2500 	 2557 	 7.1014897201e+01 	 9.3043045798e-06
2600 	 2658 	 7.1014897196e+01 	 9.0603779888e-06
2700 	 2761 	 7.1014897192e+01 	 7.4358163072e-06
2800 	 2862 	 7.1014897188e+01 	 6.3222627384e-06
2900 	 2967 	 7.1014897185e+01 	 5.1086755237e-06
3000 	 3071 	 7.1014897182e+01 	 6.8010280836e-06
3100 	 3172 	 7.1014897180e+01 	 5.0462808593e-06
3200 	 3275 	 7.1014897178e+01 	 8.4210688448e-06
3300 	 3377 	 7.1014897177e+01 	 3.4488458288e-06
3400 	 3479 	 7.1014897176e+01 	 1.0704751039e-05
3500 	 3580 	 7.1014897175e+01 	 3.3711163819e-06
3600 	 3684 	 7.1014897174e+01 	 3.3566584124e-06
3700 	 3785 	 7.1014897173e+01 	 2.4550861813e-06
3800 	 3886 	 7.1014897172e+01 	 2.9422301064e-06
3900 	 3988 	 7.1014897171e+01 	 3.6979361995e-06
4000 	 4089 	 7.1014897170e+01 	 3.3209183879e-06
4100 	 4192 	 7.1014897170e+01 	 6.6058970110e-06
4200 	 4295 	 7.1014897169e+01 	 2.3411123935e-06
4300 	 4396 	 7.1014897169e+01 	 3.8893208395e-06
4400 	 4500 	 7.1014897168e+01 	 3.5127735164e-06
4500 	 4602 	 7.1014897168e+01 	 2.2828815267e-06
4600 	 4707 	 7.1014897167e+01 	 2.8641010166e-06
4700 	 4810 	 7.1014897167e+01 	 2.1616540490e-06
4800 	 4912 	 7.1014897166e+01 	 1.9898810649e-06
4900 	 5015 	 7.1014897166e+01 	 1.2078735477e-06
5000 	 5119 	 7.1014897166e+01 	 1.2632856780e-06
5100 	 5225 	 7.1014897166e+01 	 9.6759660873e-07
5200 	 5327 	 7.1014897166e+01 	 8.7394949300e-07
5300 	 5434 	 7.1014897166e+01 	 1.6822703174e-06
5400 	 5544 	 7.1014897166e+01 	 4.6484255146e-07
5500 	 5655 	 7.1014897166e+01 	 6.5883276141e-07
5600 	 5778 	 7.1014897166e+01 	 3.4660028464e-07
5700 	 5905 	 7.1014897166e+01 	 2.5576678318e-07
5800 	 6017 	 7.1014897166e+01 	 6.2263940992e-07
# ---- 
 1 		 5816 	 6059 		 7.7285761371e+01 	 7.1014897166e+01 	 7.0799356929e-07
# ---- 
100 	 105 	 7.0777938194e+01 	 8.3492393260e-02
200 	 206 	 7.0716231948e+01 	 5.3029114825e-02
300 	 306 	 7.0700021261e+01 	 1.5823989290e-02
400 	 409 	 7.0692320544e+01 	 9.4050900359e-03
500 	 510 	 7.0688660273e+01 	 9.1809179034e-03
600 	 612 	 7.0687201997e+01 	 3.8509691830e-03
700 	 716 	 7.0686574022e+01 	 2.4252872212e-03
800 	 817 	 7.0686333419e+01 	 1.4247924637e-03
900 	 918 	 7.0686279399e+01 	 1.2936549657e-03
1000 	 1019 	 7.0686269065e+01 	 2.3230540021e-04
1100 	 1123 	 7.0686264179e+01 	 3.3260867782e-04
1200 	 1228 	 7.0686262431e+01 	 2.3407253705e-04
1300 	 1331 	 7.0686261751e+01 	 2.0674520137e-04
1400 	 1434 	 7.0686261525e+01 	 7.3461178477e-05
1500 	 1538 	 7.0686261395e+01 	 3.8297715736e-05
1600 	 1638 	 7.0686261304e+01 	 2.6996044386e-05
1700 	 1743 	 7.0686261257e+01 	 2.2335970265e-05
1800 	 1847 	 7.0686261231e+01 	 3.7631922433e-05
1900 	 1951 	 7.0686261209e+01 	 1.8357221888e-05
2000 	 2051 	 7.0686261191e+01 	 1.8364608210e-05
2100 	 2152 	 7.0686261181e+01 	 1.1455582835e-05
2200 	 2255 	 7.0686261174e+01 	 2.2943555659e-05
2300 	 2358 	 7.0686261166e+01 	 1.1872076773e-05
2400 	 2462 	 7.0686261158e+01 	 1.1577219273e-05
2500 	 2566 	 7.0686261151e+01 	 8.8721458858e-06
2600 	 2668 	 7.0686261147e+01 	 8.4629863241e-06
2700 	 2768 	 7.0686261143e+01 	 8.0685818382e-06
2800 	 2871 	 7.0686261139e+01 	 7.9190438386e-06
2900 	 2974 	 7.0686261135e+01 	 5.2967831589e-06
3000 	 3077 	 7.0686261132e+01 	 5.8076346574e-06
3100 	 3178 	 7.0686261130e+01 	 8.2290935145e-06
3200 	 3281 	 7.0686261128e+01 	 1.3163841840e-05
3300 	 3383 	 7.0686261126e+01 	 4.0418549408e-06
3400 	 3484 	 7.0686261124e+01 	 4.1214572444e-06
3500 	 3587 	 7.0686261123e+01 	 3.4084046474e-06
3600 	 3689 	 7.0686261122e+01 	 3.9845776620e-06
3700 	 3791 	 7.0686261122e+01 	 3.1136629890e-06
3800 	 3892 	 7.0686261121e+01 	 3.2759873416e-06
3900 	 3995 	 7.0686261120e+01 	 2.5743695070e-06
4000 	 4097 	 7.0686261119e+01 	 3.3534299788e-06
4100 	 4199 	 7.0686261118e+01 	 3.1824431996e-06
4200 	 4302 	 7.0686261118e+01 	 2.4346450394e-06
4300 	 4405 	 7.0686261117e+01 	 3.2089447964e-06
4400 	 4508 	 7.0686261116e+01 	 2.6725875116e-06
4500 	 4608 	 7.0686261116e+01 	 2.3756395778e-06
4600 	 4710 	 7.0686261116e+01 	 2.2670419926e-06
4700 	 4813 	 7.0686261115e+01 	 2.1569824082e-06
4800 	 4915 	 7.0686261115e+01 	 2.7524965130e-06
4900 	 5019 	 7.0686261114e+01 	 2.1541728130e-06
5000 	 5122 	 7.0686261114e+01 	 1.0194366318e-06
5100 	 5226 	 7.0686261114e+01 	 1.5549870220e-06
5200 	 5336 	 7.0686261114e+01 	 8.5274603282e-07
5300 	 5445 	 7.0686261114e+01 	 1.0602715688e-06
5400 	 5552 	 7.0686261114e+01 	 7.2135685437e-07
5500 	 5664 	 7.0686261114e+01 	 9.2226909778e-07
5600 	 5778 	 7.0686261114e+01 	 8.0710332304e-07
5700 	 5891 	 7.0686261114e+01 	 7.1102848601e-07
# ---- 
 1 		 5788 	 6010 		 7.6980309381e+01 	 7.0686261114e+01 	 3.3780814924e-07
# ---- 
100 	 105 	 7.0472157488e+01 	 5.1333846997e-02
200 	 205 	 7.0415171293e+01 	 1.2980151828e-02
300 	 307 	 7.0400207730e+01 	 1.2233711559e-02
400 	 408 	 7.0392933121e+01 	 1.0540167931e-02
500 	 510 	 7.0389386183e+01 	 9.6504610440e-03
600 	 612 	 7.0387751190e+01 	 6.5120115238e-03
700 	 715 	 7.0387010113e+01 	 3.7363967233e-03
800 	 818 	 7.0386714291e+01 	 1.5347847152e-03
900 	 922 	 7.0386623674e+01 	 6.7909895533e-04
1000 	 1027 	 7.0386604532e+01 	 3.3033700928e-04
1100 	 1130 	 7.0386596991e+01 	 3.3412244718e-04
1200 	 1232 	 7.0386592848e+01 	 3.0641974907e-04
1300 	 1335 	 7.0386591574e+01 	 1.0206884909e-04
1400 	 1437 	 7.0386591141e+01 	 4.3320582987e-05
1500 	 1538 	 7.0386590976e+01 	 4.5222849041e-05
1600 	 1641 	 7.0386590859e+01 	 4.1111652345e-05
1700 	 1741 	 7.0386590790e+01 	 2.7248550320e-05
1800 	 1843 	 7.0386590750e+01 	 3.9694620503e-05
1900 	 1945 	 7.0386590727e+01 	 1.8425976215e-05
2000 	 2047 	 7.0386590707e+01 	 2.5171640710e-05
2100 	 2149 	 7.0386590693e+01 	 1.6320131749e-05
2200 	 2254 	 7.0386590685e+01 	 7.9857804136e-06
2300 	 2355 	 7.0386590679e+01 	 7.5123868641e-06
2400 	 2457 	 7.0386590672e+01 	 7.3230863648e-06
2500 	 2561 	 7.0386590666e+01 	 1.0323540301e-05
2600 	 2664 	 7.0386590659e+01 	 9.8628396333e-06
2700 	 2765 	 7.0386590655e+01 	 7.2534621155e-06
2800 	 2866 	 7.0386590652e+01 	 6.6258338375e-06
2900 	 2969 	 7.0386590648e+01 	 5.7249755166e-06
3000 	 3070 	 7.0386590645e+01 	 6.1612765149e-06
3100 	 3172 	 7.0386590643e+01 	 6.3553051655e-06
3200 	 3275 	 7.0386590640e+01 	 7.1263694162e-06
3300 	 3376 	 7.0386590638e+01 	 5.2110302536e-06
3400 	 3480 	 7.0386590637e+01 	 4.0220888136e-06
3500 	 3583 	 7.0386590635e+01 	 4.6103929991e-06
3600 	 3687 	 7.0386590634e+01 	 2.8555725397e-06
3700 	 3790 	 7.0386590633e+01 	 4.9312807156e-06
3800 	 3893 	 7.0386590632e+01 	 2.7388766949e-06
3900 	 3994 	 7.0386590632e+01 	 2.1573024816e-06
4000 	 4098 	 7.0386590631e+01 	 1.9759647713e-06
4100 	 4198 	 7.0386590630e+01 	 2.5685604062e-06
4200 	 4302 	 7.0386590630e+01 	 3.0544364543e-06
4300 	 4403 	 7.0386590629e+01 	 3.2752841668e-06
4400 	 4505 	 7.0386590629e+01 	 2.3910922605e-06
4500 	 4607 	 7.0386590628e+01 	 1.7114323107e-06
4600 	 4707 	 7.0386590628e+01 	 1.8357312754e-06
4700 	 4808 	 7.0386590628e+01 	 2.0044621134e-06
4800 	 4910 	 7.0386590628e+01 	 1.9860221656e-06
4900 	 5014 	 7.0386590627e+01 	 2.0893352361e-06
5000 	 5117 	 7.0386590627e+01 	 3.4716652746e-06
5100 	 5220 	 7.0386590626e+01 	 1.6118256851e-06
5200 	 5323 	 7.0386590626e+01 	 1.2683857336e-06
5300 	 5428 	 7.0386590626e+01 	 1.4356219841e-06
5400 	 5531 	 7.0386590626e+01 	 1.1227449775e-06
5500 	 5632 	 7.0386590626e+01 	 1.3523229284e-06
5600 	 5741 	 7.0386590626e+01 	 5.1587511214e-07
5700 	 5845 	 7.0386590626e+01 	 1.2715744681e-06
5800 	 5951 	 7.0386590626e+01 	 6.1796374765e-07
5900 	 6071 	 7.0386590626e+01 	 8.8332619130e-07
6000 	 6188 	 7.0386590626e+01 	 3.9237345636e-07
6100 	 6302 	 7.0386590625e+01 	 6.7365434400e-07
6200 	 6412 	 7.0386590625e+01 	 4.2934408012e-07
6300 	 6521 	 7.0386590625e+01 	 6.7053737780e-07
6400 	 6633 	 7.0386590625e+01 	 6.9326696404e-07
6500 	 6749 	 7.0386590625e+01 	 8.2137400514e-07
6600 	 6865 	 7.0386590625e+01 	 5.2512156485e-07
6700 	 6997 	 7.0386590625e+01 	 6.2837078078e-07
# ---- 
 1 		 6771 	 7094 		 7.6690480706e+01 	 7.0386590625e+01 	 4.2904323654e-07
# ---- 
100 	 107 	 7.0194558676e+01 	 5.8623013750e-02
200 	 207 	 7.0138897604e+01 	 1.8382956066e-02
300 	 308 	 7.0124807542e+01 	 1.2276902400e-02
400 	 410 	 7.0118251935e+01 	 7.7946166300e-03
500 	 513 	 7.0114857032e+01 	 4.8929687544e-03
600 	 616 	 7.0113178944e+01 	 4.4165108227e-03
700 	 719 	 7.0112282989e+01 	 2.4554603767e-03
800 	 820 	 7.0111889501e+01 	 1.9103993930e-03
900 	 924 	 7.0111765112e+01 	 1.8068640041e-03
1000 	 1026 	 7.0111736245e+01 	 6.2519075145e-04
1100 	 1126 	 7.0111726827e+01 	 4.9271032546e-04
1200 	 1228 	 7.0111721292e+01 	 2.2414976076e-04
1300 	 1330 	 7.0111719560e+01 	 1.2141252739e-04
1400 	 1435 	 7.0111718931e+01 	 6.6455368743e-05
1500 	 1535 	 7.0111718681e+01 	 4.2499814293e-05
1600 	 1638 	 7.0111718541e+01 	 6.2217090397e-05
1700 	 1739 	 7.0111718446e+01 	 3.3641166407e-05
1800 	 1842 	 7.0111718390e+01 	 3.5802297577e-05
1900 	 1944 	 7.0111718362e+01 	 4.0131004441e-05
2000 	 2046 	 7.0111718341e+01 	 2.3704543127e-05
2100 	 2148 	 7.0111718325e+01 	 1.7659611129e-05
2200 	 2252 	 7.0111718313e+01 	 1.7426142282e-05
2300 	 2354 	 7.0111718306e+01 	 1.9004177599e-05
2400 	 2459 	 7.0111718300e+01 	 1.9844442549e-05
2500 	 2562 	 7.0111718294e+01 	 6.7327469104e-06
2600 	 2664 	 7.0111718288e+01 	 1.1095455097e-05
2700 	 2766 	 7.0111718282e+01 	 5.2228487709e-06
2800 	 2868 	 7.0111718279e+01 	 1.6441374245e-05
2900 	 2969 	 7.0111718276e+01 	 1.1527808149e-05
3000 	 3073 	 7.0111718273e+01 	 1.2095016379e-05
3100 	 3174 	 7.0111718270e+01 	 7.1099584381e-06
3200 	 3275 	 7.0111718267e+01 	 1.8966648687e-05
3300 	 3378 	 7.0111718265e+01 	 5.9798311129e-06
3400 	 3480 	 7.0111718264e+01 	 4.5219225683e-06
3500 	 3582 	 7.0111718262e+01 	 6.6134038722e-06
3600 	 3684 	 7.0111718261e+01 	 3.0984173515e-06
3700 	 3786 	 7.0111718260e+01 	 3.5900357164e-06
3800 	 3890 	 7.0111718259e+01 	 3.2582430435e-06
3900 	 3992 	 7.0111718258e+01 	 4.1857782480e-06
4000 	 4095 	 7.0111718257e+01 	 2.8474136978e-06
4100 	 4196 	 7.0111718257e+01 	 2.4418306480e-06
4200 	 4299 	 7.0111718256e+01 	 4.0843609925e-06
4300 	 4401 	 7.0111718256e+01 	 2.9845913393e-06
4400 	 4503 	 7.0111718255e+01 	 2.7320927995e-06
4500 	 4605 	 7.0111718255e+01 	 4.7575667074e-06
4600 	 4707 	 7.0111718254e+01 	 1.8866633555e-06
4700 	 4810 	 7.0111718254e+01 	 2.3553452959e-06
4800 	 4915 	 7.0111718254e+01 	 3.6342913620e-06
4900 	 5017 	 7.0111718253e+01 	 1.6720634654e-06
5000 	 5117 	 7.0111718253e+01 	 5.0389843056e-06
5100 	 5221 	 7.0111718253e+01 	 2.3534198750e-06
5200 	 5327 	 7.0111718253e+01 	 2.0648889023e-06
5300 	 5430 	 7.0111718252e+01 	 1.7018370103e-06
5400 	 5534 	 7.0111718252e+01 	 1.5329152728e-06
5500 	 5636 	 7.0111718252e+01 	 1.1217880515e-06
5600 	 5737 	 7.0111718252e+01 	 2.2517227041e-06
5700 	 5842 	 7.0111718252e+01 	 1.2685387364e-06
5800 	 5950 	 7.0111718252e+01 	 8.6568943704e-07
5900 	 6061 	 7.0111718252e+01 	 1.0571249605e-06
6000 	 6168 	 7.0111718252e+01 	 5.5341186842e-07
6100 	 6278 	 7.0111718252e+01 	 8.7856067669e-07
6200 	 6395 	 7.0111718252e+01 	 6.3669570245e-07
6300 	 6501 	 7.0111718252e+01 	 1.0832554380e-06
6400 	 6610 	 7.0111718251e+01 	 4.8288987720e-07
6500 	 6721 	 7.0111718251e+01 	 6.8463332673e-07
6600 	 6832 	 7.0111718251e+01 	 5.9712041645e-07
6700 	 6950 	 7.0111718251e+01 	 3.8246056144e-07
# ---- 
 1 		 6718 	 6984 		 7.6409785539e+01 	 7.0111718251e+01 	 2.3387145887e-07
# ---- 
100 	 109 	 6.9943847153e+01 	 7.4315283690e-02
200 	 211 	 6.9886355686e+01 	 5.4141480596e-02
300 	 314 	 6.9872079572e+01 	 1.2240462779e-02
400 	 415 	 6.9865492353e+01 	 1.0154454475e-02
500 	 517 	 6.9861925875e+01 	 8.8213329940e-03
600 	 618 	 6.9860043791e+01 	 7.8005472798e-03
700 	 719 	 6.9859052546e+01 	 4.8487258322e-03
800 	 822 	 6.9858550843e+01 	 3.0676417605e-03
900 	 924 	 6.9858342385e+01 	 2.7119880471e-03
1000 	 1026 	 6.9858269810e+01 	 6.8968669404e-04
1100 	 1130 	 6.9858247007e+01 	 5.0603327896e-04
1200 	 1231 	 6.9858232740e+01 	 4.0742574592e-04
1300 	 1336 	 6.9858228061e+01 	 3.2508452167e-04
1400 	 1437 	 6.9858225959e+01 	 1.2867202300e-04
1500 	 1539 	 6.9858225038e+01 	 1.0317352924e-04
1600 	 1641 	 6.9858224628e+01 	 6.3288191662e-05
1700 	 1743 	 6.9858224463e+01 	 3.7141013634e-05
1800 	 1844 	 6.9858224383e+01 	 3.7884251547e-05
1900 	 1945 	 6.9858224319e+01 	 7.6643318136e-05
2000 	 2047 	 6.9858224283e+01 	 1.8661931236e-05
2100 	 2151 	 6.9858224261e+01 	 1.7975077840e-05
2200 	 2255 	 6.9858224247e+01 	 1.5239507463e-05
2300 	 2358 	 6.9858224233e+01 	 1.8839028587e-05
2400 	 2459 	 6.9858224225e+01 	 8.6914944614e-06
2500 	 2561 	 6.9858224219e+01 	 1.2675460083e-05
2600 	 2664 	 6.9858224215e+01 	 8.1716630018e-06
2700 	 2765 	 6.9858224210e+01 	 1.6332711394e-05
2800 	 2866 	 6.9858224206e+01 	 8.5944257426e-06
2900 	 2968 	 6.9858224202e+01 	 8.8474460842e-06
3000 	 3068 	 6.9858224198e+01 	 1.8713994038e-05
3100 	 3171 	 6.9858224195e+01 	 5.4561298531e-06
3200 	 3274 	 6.9858224191e+01 	 5.4506444089e-06
3300 	 3376 	 6.9858224189e+01 	 5.2396971110e-06
3400 	 3483 	 6.9858224187e+01 	 4.7275626110e-06
3500 	 3586 	 6.9858224185e+01 	 7.5392350609e-06
3600 	 3688 	 6.9858224184e+01 	 7.5521171326e-06
3700 	 3789 	 6.9858224183e+01 	 3.3783445945e-06
3800 	 3893 	 6.9858224182e+01 	 4.0095003286e-06
3900 	 3995 	 6.9858224181e+01 	 3.5571246086e-06
4000 	 4098 	 6.9858224180e+01 	 2.8747787679e-06
4100 	 4200 	 6.9858224179e+01 	 2.7611600342e-06
4200 	 4302 	 6.9858224179e+01 	 3.6740484163e-06
4300 	 4404 	 6.9858224178e+01 	 4.4883042141e-06
4400 	 4506 	 6.9858224177e+01 	 1.8433928158e-06
4500 	 4606 	 6.9858224177e+01 	 3.5300244461e-06
4600 	 4706 	 6.9858224177e+01 	 1.9108031329e-06
4700 	 4810 	 6.9858224177e+01 	 6.3692294166e-06
4800 	 4913 	 6.9858224176e+01 	 2.3206947498e-06
4900 	 5014 	 6.9858224176e+01 	 1.7362365063e-06
5000 	 5118 	 6.9858224176e+01 	 1.1437356277e-06
5100 	 5221 	 6.9858224175e+01 	 1.5822213498e-06
5200 	 5326 	 6.9858224175e+01 	 5.7286723774e-06
5300 	 5427 	 6.9858224175e+01 	 1.8871113672e-06
5400 	 5531 	 6.9858224175e+01 	 3.2185783328e-06
5500 	 5633 	 6.9858224174e+01 	 1.9858939550e-06
5600 	 5736 	 6.9858224174e+01 	 3.3398559384e-06
5700 	 5841 	 6.9858224174e+01 	 1.2420110142e-06
5800 	 5950 	 6.9858224174e+01 	 9.1808928856e-07
5900 	 6055 	 6.9858224174e+01 	 8.2380235459e-07
6000 	 6164 	 6.9858224174e+01 	 3.3932051248e-07
6100 	 6279 	 6.9858224174e+01 	 9.4426397446e-07
6200 	 6393 	 6.9858224174e+01 	 5.5586529504e-07
6300 	 6506 	 6.9858224174e+01 	 6.0670876252e-07
# ---- 
 1 		 6337 	 6558 		 7.6147249682e+01 	 6.9858224174e+01 	 5.5820219716e-07
# ---- 
100 	 101 	 6.9689166990e+01 	 5.6034329759e-02
200 	 205 	 6.9647485868e+01 	 1.4200126812e-02
300 	 308 	 6.9635513884e+01 	 9.4250128755e-03
400 	 413 	 6.9629990590e+01 	 1.3407555253e-02
500 	 515 	 6.9626902627e+01 	 4.8259794898e-03
600 	 617 	 6.9625222115e+01 	 6.1248848682e-03
700 	 719 	 6.9624198909e+01 	 3.8940280544e-03
800 	 822 	 6.9623619893e+01 	 2.3393040135e-03
900 	 923 	 6.9623411034e+01 	 1.7216709342e-03
1000 	 1025 	 6.9623344081e+01 	 8.1980510164e-04
1100 	 1126 	 6.9623323706e+01 	 3.5176916524e-04
1200 	 1227 	 6.9623311845e+01 	 8.8853428517e-04
1300 	 1328 	 6.9623306593e+01 	 7.5719876035e-04
1400 	 1431 	 6.9623304624e+01 	 1.6369377350e-04
1500 	 1533 	 6.9623303947e+01 	 1.0060395110e-04
1600 	 1634 	 6.9623303590e+01 	 1.1565480036e-04
1700 	 1739 	 6.9623303387e+01 	 9.5591494821e-05
1800 	 1842 	 6.9623303262e+01 	 5.3263270016e-05
1900 	 1946 	 6.9623303188e+01 	 2.2787198464e-05
2000 	 2047 	 6.9623303158e+01 	 1.8804230002e-05
2100 	 2149 	 6.9623303140e+01 	 1.4981019603e-05
2200 	 2250 	 6.9623303127e+01 	 2.2095747714e-05
2300 	 2352 	 6.9623303113e+01 	 1.3255584052e-05
2400 	 2455 	 6.9623303102e+01 	 1.0455906679e-05
2500 	 2556 	 6.9623303096e+01 	 7.4373294426e-06
2600 	 2657 	 6.9623303092e+01 	 1.2500770311e-05
2700 	 2762 	 6.9623303088e+01 	 9.8352938608e-06
2800 	 2862 	 6.9623303083e+01 	 8.3575450025e-06
2900 	 2966 	 6.9623303079e+01 	 1.2268852569e-05
3000 	 3067 	 6.9623303076e+01 	 4.9789121727e-06
3100 	 3169 	 6.9623303072e+01 	 5.1612488292e-06
3200 	 3274 	 6.9623303070e+01 	 1.3714122472e-05
3300 	 3378 	 6.9623303068e+01 	 7.4608043834e-06
3400 	 3481 	 6.9623303066e+01 	 5.9573925058e-06
3500 	 3583 	 6.9623303065e+01 	 5.1702263526e-06
3600 	 3687 	 6.9623303064e+01 	 3.8573157431e-06
3700 	 3790 	 6.9623303063e+01 	 4.4465613484e-06
3800 	 3891 	 6.9623303062e+01 	 3.0225343579e-06
3900 	 3993 	 6.9623303061e+01 	 2.7980656977e-06
4000 	 4095 	 6.9623303060e+01 	 6.7258370279e-06
4100 	 4197 	 6.9623303060e+01 	 3.5392330734e-06
4200 	 4299 	 6.9623303059e+01 	 4.3465973589e-06
4300 	 4401 	 6.9623303058e+01 	 2.5395766222e-06
4400 	 4504 	 6.9623303058e+01 	 1.9946338179e-06
4500 	 4606 	 6.9623303058e+01 	 1.4811382092e-06
4600 	 4707 	 6.9623303057e+01 	 2.0883331224e-06
4700 	 4808 	 6.9623303057e+01 	 1.6633300825e-06
4800 	 4910 	 6.9623303057e+01 	 1.6551070619e-06
4900 	 5013 	 6.9623303057e+01 	 3.9797724486e-06
5000 	 5117 	 6.9623303056e+01 	 1.8769191322e-06
5100 	 5218 	 6.9623303056e+01 	 1.2495195964e-06
5200 	 5320 	 6.9623303056e+01 	 2.6851403021e-06
5300 	 5422 	 6.9623303056e+01 	 1.1413917201e-06
5400 	 5526 	 6.9623303056e+01 	 2.2515777131e-06
5500 	 5629 	 6.9623303055e+01 	 1.5883343028e-06
5600 	 5732 	 6.9623303055e+01 	 2.3814474433e-06
5700 	 5834 	 6.9623303055e+01 	 1.3413348964e-06
5800 	 5935 	 6.9623303055e+01 	 1.0974713342e-06
5900 	 6036 	 6.9623303055e+01 	 1.9168550290e-06
6000 	 6140 	 6.9623303055e+01 	 1.0205685021e-06
6100 	 6250 	 6.9623303055e+01 	 7.0819154149e-07
6200 	 6357 	 6.9623303055e+01 	 4.9207735452e-07
6300 	 6480 	 6.9623303055e+01 	 3.0578871634e-07
6400 	 6603 	 6.9623303055e+01 	 5.2014438825e-07
# ---- 
 1 		 6490 	 6735 		 7.5883918422e+01 	 6.9623303055e+01 	 3.0695420644e-07
# ---- 
100 	 103 	 6.9469535627e+01 	 3.8880415891e-02
200 	 203 	 6.9428652668e+01 	 2.0642383341e-02
300 	 305 	 6.9416972553e+01 	 1.4245574691e-02
400 	 406 	 6.9411672763e+01 	 7.5668511846e-03
500 	 507 	 6.9408594992e+01 	 5.2354158966e-03
600 	 610 	 6.9406854937e+01 	 4.6571163451e-03
700 	 712 	 6.9405770033e+01 	 4.4675211031e-03
800 	 814 	 6.9405090858e+01 	 2.6210554039e-03
900 	 916 	 6.9404805851e+01 	 1.4767699386e-03
1000 	 1018 	 6.9404703713e+01 	 1.2305811994e-03
1100 	 1120 	 6.9404673302e+01 	 4.7033411166e-04
1200 	 1224 	 6.9404659037e+01 	 3.9128326719e-04
1300 	 1325 	 6.9404650447e+01 	 4.8722863487e-04
1400 	 1428 	 6.9404647535e+01 	 1.6538172832e-04
1500 	 1530 	 6.9404646554e+01 	 8.9616335656e-05
1600 	 1632 	 6.9404646193e+01 	 7.8060039211e-05
1700 	 1734 	 6.9404645988e+01 	 3.7082029729e-05
1800 	 1837 	 6.9404645859e+01 	 3.3367969990e-05
1900 	 1939 	 6.9404645755e+01 	 3.2026927079e-05
2000 	 2041 	 6.9404645702e+01 	 2.5173892840e-05
2100 	 2143 	 6.9404645673e+01 	 1.6365082745e-05
2200 	 2245 	 6.9404645656e+01 	 2.3400903557e-05
2300 	 2347 	 6.9404645644e+01 	 1.2890785835e-05
2400 	 2447 	 6.9404645634e+01 	 3.0313518945e-05
2500 	 2549 	 6.9404645626e+01 	 1.2053876611e-05
2600 	 2650 	 6.9404645619e+01 	 6.8399227648e-06
2700 	 2754 	 6.9404645616e+01 	 7.5651739061e-06
2800 	 2857 	 6.9404645612e+01 	 1.4260119275e-05
2900 	 2959 	 6.9404645608e+01 	 9.2124661713e-06
3000 	 3061 	 6.9404645604e+01 	 4.3093151909e-06
3100 	 3164 	 6.9404645601e+01 	 7.1662779658e-06
3200 	 3268 	 6.9404645599e+01 	 1.0883134524e-05
3300 	 3369 	 6.9404645597e+01 	 1.2172194206e-05
3400 	 3471 	 6.9404645594e+01 	 7.7547904906e-06
3500 	 3572 	 6.9404645592e+01 	 4.6760813741e-06
3600 	 3675 	 6.9404645591e+01 	 3.8202595421e-06
3700 	 3778 	 6.9404645591e+01 	 3.1239855213e-06
3800 	 3881 	 6.9404645590e+01 	 1.1569699964e-05
3900 	 3983 	 6.9404645589e+01 	 3.2104257931e-06
4000 	 4087 	 6.9404645588e+01 	 2.9051978775e-06
4100 	 4191 	 6.9404645588e+01 	 2.7287392698e-06
4200 	 4294 	 6.9404645587e+01 	 2.2630629015e-06
4300 	 4395 	 6.9404645586e+01 	 2.5967351409e-06
4400 	 4497 	 6.9404645586e+01 	 2.4630715476e-06
4500 	 4601 	 6.9404645585e+01 	 2.0716175682e-06
4600 	 4705 	 6.9404645585e+01 	 1.8675543199e-06
4700 	 4807 	 6.9404645585e+01 	 1.7959147781e-06
4800 	 4909 	 6.9404645585e+01 	 2.9061961620e-06
4900 	 5009 	 6.9404645584e+01 	 2.3395190189e-06
5000 	 5112 	 6.9404645584e+01 	 1.6705204174e-06
5100 	 5216 	 6.9404645584e+01 	 1.4688028710e-06
5200 	 5319 	 6.9404645584e+01 	 1.1146229786e-06
5300 	 5421 	 6.9404645584e+01 	 1.2450823689e-06
5400 	 5522 	 6.9404645584e+01 	 1.2343064051e-06
5500 	 5622 	 6.9404645584e+01 	 1.7037593572e-06
5600 	 5724 	 6.9404645583e+01 	 1.4124049476e-06
5700 	 5828 	 6.9404645583e+01 	 1.2555982172e-06
5800 	 5930 	 6.9404645583e+01 	 2.7498572387e-06
5900 	 6036 	 6.9404645583e+01 	 1.5052201395e-06
6000 	 6143 	 6.9404645583e+01 	 1.2645996828e-06
6100 	 6247 	 6.9404645583e+01 	 1.0519599421e-06
6200 	 6353 	 6.9404645583e+01 	 7.3075512375e-07
6300 	 6460 	 6.9404645583e+01 	 6.6374230258e-07
6400 	 6573 	 6.9404645582e+01 	 6.0013182935e-07
6500 	 6685 	 6.9404645582e+01 	 4.2760147527e-07
6600 	 6804 	 6.9404645582e+01 	 7.0102484079e-07
# ---- 
 1 		 6688 	 6944 		 7.5679827960e+01 	 6.9404645582e+01 	 5.8617561218e-07
# ---- 
100 	 102 	 6.9267747046e+01 	 4.6613874418e-02
200 	 204 	 6.9224132723e+01 	 1.5787691116e-02
300 	 305 	 6.9212461777e+01 	 1.4277210058e-02
400 	 410 	 6.9207283601e+01 	 9.2108260333e-03
500 	 514 	 6.9204462752e+01 	 8.4102436722e-03
600 	 617 	 6.9202739457e+01 	 4.2223154708e-03
700 	 719 	 6.9201655170e+01 	 3.0415149512e-03
800 	 823 	 6.9200934219e+01 	 5.0546189148e-03
900 	 926 	 6.9200557215e+01 	 1.7897946806e-03
1000 	 1030 	 6.9200425803e+01 	 1.8374660703e-03
1100 	 1131 	 6.9200380408e+01 	 8.3396920757e-04
1200 	 1235 	 6.9200362894e+01 	 4.9840549415e-04
1300 	 1335 	 6.9200348959e+01 	 2.5464892457e-04
1400 	 1437 	 6.9200343727e+01 	 1.9464033169e-04
1500 	 1540 	 6.9200341749e+01 	 1.1452976310e-04
1600 	 1643 	 6.9200340921e+01 	 8.9717711796e-05
1700 	 1743 	 6.9200340435e+01 	 1.2362110586e-04
1800 	 1845 	 6.9200340165e+01 	 4.7767599695e-05
1900 	 1948 	 6.9200339999e+01 	 3.4696002344e-05
2000 	 2051 	 6.9200339904e+01 	 2.5788359180e-05
2100 	 2151 	 6.9200339861e+01 	 1.6078993244e-05
2200 	 2253 	 6.9200339841e+01 	 1.5278630020e-05
2300 	 2357 	 6.9200339826e+01 	 1.1635927272e-05
2400 	 2458 	 6.9200339814e+01 	 9.7827764715e-06
2500 	 2560 	 6.9200339802e+01 	 1.9502370412e-05
2600 	 2662 	 6.9200339794e+01 	 8.0931321464e-06
2700 	 2764 	 6.9200339790e+01 	 7.2384902752e-06
2800 	 2866 	 6.9200339786e+01 	 8.1045869474e-06
2900 	 2967 	 6.9200339783e+01 	 8.1271909631e-06
3000 	 3071 	 6.9200339779e+01 	 9.2720726459e-06
3100 	 3176 	 6.9200339776e+01 	 7.0702925743e-06
3200 	 3279 	 6.9200339773e+01 	 1.7898734577e-05
3300 	 3381 	 6.9200339771e+01 	 4.0567631179e-06
3400 	 3482 	 6.9200339768e+01 	 1.0285593897e-05
3500 	 3585 	 6.9200339766e+01 	 8.9714699561e-06
3600 	 3686 	 6.9200339765e+01 	 5.9678357849e-06
3700 	 3787 	 6.9200339764e+01 	 3.5830351596e-06
3800 	 3889 	 6.9200339763e+01 	 8.4711501181e-06
3900 	 3993 	 6.9200339762e+01 	 5.4382117770e-06
4000 	 4094 	 6.9200339761e+01 	 3.1102594374e-06
4100 	 4195 	 6.9200339761e+01 	 4.7338125847e-06
4200 	 4297 	 6.9200339761e+01 	 2.2592795270e-06
4300 	 4400 	 6.9200339760e+01 	 2.6820541373e-06
4400 	 4502 	 6.9200339759e+01 	 4.2648987061e-06
4500 	 4604 	 6.9200339759e+01 	 2.7314130685e-06
4600 	 4705 	 6.9200339758e+01 	 2.6660925877e-06
4700 	 4807 	 6.9200339758e+01 	 1.8574327014e-06
4800 	 4912 	 6.9200339758e+01 	 2.7506573540e-06
4900 	 5015 	 6.9200339758e+01 	 2.2097158452e-06
5000 	 5119 	 6.9200339758e+01 	 1.2194196273e-06
5100 	 5219 	 6.9200339758e+01 	 1.2639137342e-06
5200 	 5320 	 6.9200339757e+01 	 1.9677159444e-06
5300 	 5421 	 6.9200339757e+01 	 1.6238042604e-06
5400 	 5524 	 6.9200339757e+01 	 1.2256987439e-06
5500 	 5626 	 6.9200339757e+01 	 1.6009813145e-06
5600 	 5727 	 6.9200339757e+01 	 9.2174861001e-07
5700 	 5833 	 6.9200339757e+01 	 1.3189209214e-06
5800 	 5939 	 6.9200339756e+01 	 1.5126404554e-06
5900 	 6039 	 6.9200339756e+01 	 1.3922978109e-06
6000 	 6143 	 6.9200339756e+01 	 1.3059455407e-06
6100 	 6248 	 6.9200339756e+01 	 1.2099596165e-06
6200 	 6351 	 6.9200339756e+01 	 2.4419718408e-06
6300 	 6453 	 6.9200339756e+01 	 7.8420036221e-07
6400 	 6560 	 6.9200339756e+01 	 1.1427229112e-06
6500 	 6675 	 6.9200339756e+01 	 8.2070404482e-07
6600 	 6784 	 6.9200339756e+01 	 5.1733908234e-07
6700 	 6902 	 6.9200339756e+01 	 5.6526567325e-07
6800 	 7016 	 6.9200339756e+01 	 4.2320847481e-07
6900 	 7161 	 6.9200339756e+01 	 4.5474049037e-07
# ---- 
 1 		 6900 	 7161 		 7.5471072197e+01 	 6.9200339756e+01 	 4.5474049037e-07
# ---- 
100 	 109 	 6.9072860589e+01 	 5.7834756178e-02
200 	 213 	 6.9032164945e+01 	 1.7218766692e-02
300 	 317 	 6.9020779679e+01 	 8.6656500401e-03
400 	 419 	 6.9015870573e+01 	 9.7030124124e-03
500 	 520 	 6.9012938828e+01 	 4.9912876412e-03
600 	 623 	 6.9011328869e+01 	 4.3990360439e-03
700 	 725 	 6.9010231641e+01 	 3.9629570786e-03
800 	 826 	 6.9009465207e+01 	 2.4992341169e-03
900 	 928 	 6.9009068866e+01 	 1.7829476075e-03
1000 	 1030 	 6.9008906781e+01 	 1.2182667050e-03
1100 	 1133 	 6.9008841485e+01 	 6.1658142782e-04
1200 	 1236 	 6.9008820244e+01 	 4.9073966192e-04
1300 	 1339 	 6.9008802829e+01 	 1.0883592039e-03
1400 	 1444 	 6.9008796272e+01 	 4.7285998342e-04
1500 	 1545 	 6.9008793583e+01 	 1.0972304203e-04
1600 	 1649 	 6.9008792637e+01 	 9.8407725501e-05
1700 	 1752 	 6.9008792174e+01 	 6.1782582478e-05
1800 	 1855 	 6.9008791922e+01 	 4.3542494003e-05
1900 	 1958 	 6.9008791744e+01 	 5.0184376524e-05
2000 	 2060 	 6.9008791605e+01 	 5.0754323272e-05
2100 	 2163 	 6.9008791525e+01 	 2.6336413500e-05
2200 	 2265 	 6.9008791492e+01 	 1.6063143556e-05
2300 	 2366 	 6.9008791477e+01 	 2.6318884390e-05
2400 	 2467 	 6.9008791466e+01 	 9.0834030200e-06
2500 	 2568 	 6.9008791458e+01 	 7.8786464237e-06
2600 	 2670 	 6.9008791447e+01 	 1.1177835838e-05
2700 	 2771 	 6.9008791440e+01 	 1.0964932662e-05
2800 	 2872 	 6.9008791436e+01 	 6.4157330516e-06
2900 	 2974 	 6.9008791433e+01 	 1.8022758321e-05
3000 	 3078 	 6.9008791430e+01 	 5.2970211134e-06
3100 	 3182 	 6.9008791426e+01 	 9.0114201341e-06
3200 	 3283 	 6.9008791423e+01 	 5.3462230846e-06
3300 	 3385 	 6.9008791421e+01 	 5.6133343848e-06
3400 	 3487 	 6.9008791420e+01 	 5.2048679604e-06
3500 	 3588 	 6.9008791417e+01 	 5.6188530952e-06
3600 	 3693 	 6.9008791416e+01 	 5.9747103520e-06
3700 	 3796 	 6.9008791415e+01 	 2.4264540756e-06
3800 	 3899 	 6.9008791414e+01 	 2.0824654502e-06
3900 	 4003 	 6.9008791414e+01 	 3.6223491861e-06
4000 	 4105 	 6.9008791413e+01 	 3.5640496384e-06
4100 	 4206 	 6.9008791413e+01 	 2.3283324250e-06
4200 	 4308 	 6.9008791412e+01 	 1.9912509785e-06
4300 	 4412 	 6.9008791412e+01 	 2.2723370572e-06
4400 	 4514 	 6.9008791411e+01 	 2.1032144254e-06
4500 	 4614 	 6.9008791411e+01 	 2.5938698009e-06
4600 	 4716 	 6.9008791411e+01 	 3.0142418940e-06
4700 	 4817 	 6.9008791410e+01 	 2.7274394765e-06
4800 	 4918 	 6.9008791410e+01 	 2.5327334430e-06
4900 	 5021 	 6.9008791410e+01 	 1.2794644188e-06
5000 	 5125 	 6.9008791410e+01 	 1.0665883966e-06
5100 	 5227 	 6.9008791409e+01 	 2.8396269300e-06
5200 	 5333 	 6.9008791409e+01 	 2.5872007146e-06
5300 	 5434 	 6.9008791409e+01 	 1.7152876626e-06
5400 	 5536 	 6.9008791409e+01 	 1.6771770153e-06
5500 	 5639 	 6.9008791409e+01 	 2.2654748002e-06
5600 	 5741 	 6.9008791408e+01 	 1.0746161168e-06
5700 	 5843 	 6.9008791408e+01 	 1.3917022432e-06
5800 	 5948 	 6.9008791408e+01 	 1.0089721907e-06
5900 	 6052 	 6.9008791408e+01 	 1.2418774743e-06
6000 	 6157 	 6.9008791408e+01 	 1.9143662735e-06
6100 	 6262 	 6.9008791408e+01 	 1.0326420368e-06
6200 	 6375 	 6.9008791408e+01 	 8.2371973644e-07
6300 	 6485 	 6.9008791408e+01 	 1.8816795715e-06
6400 	 6595 	 6.9008791408e+01 	 1.1879044329e-06
6500 	 6704 	 6.9008791408e+01 	 5.5536759808e-07
6600 	 6817 	 6.9008791408e+01 	 4.0257438152e-07
6700 	 6926 	 6.9008791407e+01 	 7.6370604036e-07
6800 	 7032 	 6.9008791407e+01 	 9.4032244562e-07
6900 	 7139 	 6.9008791407e+01 	 8.5980375738e-07
7000 	 7246 	 6.9008791407e+01 	 7.2793067765e-07
7100 	 7360 	 6.9008791407e+01 	 3.6609374948e-07
7200 	 7471 	 6.9008791407e+01 	 5.1492711254e-07
7300 	 7593 	 6.9008791407e+01 	 8.5483205211e-07
7400 	 7700 	 6.9008791407e+01 	 4.2738525961e-07
7500 	 7819 	 6.9008791407e+01 	 2.7735727733e-07
# ---- 
 1 		 7537 	 7879 		 7.5180729572e+01 	 6.9008791407e+01 	 5.6844848940e-07
# ---- 
100 	 103 	 7.3230092642e-01 	 2.4595949091e-02
200 	 204 	 6.9353073830e-01 	 1.7318236661e-02
300 	 307 	 6.7780831582e-01 	 1.1819572645e-02
400 	 409 	 6.7138981514e-01 	 7.0067531975e-03
500 	 511 	 6.6725943392e-01 	 9.8759529507e-03
600 	 614 	 6.6466644343e-01 	 1.8587631770e-02
700 	 715 	 6.6358536883e-01 	 3.3412107119e-03
800 	 816 	 6.6313375662e-01 	 3.9839426634e-03
900 	 919 	 6.6288949286e-01 	 2.9731891783e-03
1000 	 1021 	 6.6273820837e-01 	 1.2509496899e-03
1100 	 1126 	 6.6258910952e-01 	 2.3029770921e-03
1200 	 1228 	 6.6248128551e-01 	 1.0382557167e-03
1300 	 1331 	 6.6242111045e-01 	 9.7370195787e-04
1400 	 1432 	 6.6238199698e-01 	 8.6922382594e-04
1500 	 1535 	 6.6235574278e-01 	 5.2822289485e-04
1600 	 1638 	 6.6233759230e-01 	 1.3555733890e-03
1700 	 1740 	 6.6232121915e-01 	 4.6669847338e-04
1800 	 1842 	 6.6231005521e-01 	 5.9121964335e-04
1900 	 1945 	 6.6230085371e-01 	 2.4579260267e-04
2000 	 2045 	 6.6229363362e-01 	 3.1604002600e-04
2100 	 2147 	 6.6228727899e-01 	 5.2299096282e-04
2200 	 2250 	 6.6228245047e-01 	 2.9635299357e-04
2300 	 2352 	 6.6227918594e-01 	 2.3041321923e-04
2400 	 2455 	 6.6227673025e-01 	 1.9716245951e-04
2500 	 2559 	 6.6227345211e-01 	 2.1526796774e-04
2600 	 2662 	 6.6226961657e-01 	 2.4666716365e-04
2700 	 2764 	 6.6226602155e-01 	 1.6765336152e-04
2800 	 2866 	 6.6226345134e-01 	 1.5067803978e-04
2900 	 2970 	 6.6226174113e-01 	 1.3159440550e-04
3000 	 3071 	 6.6226031630e-01 	 1.8355292864e-04
3100 	 3172 	 6.6225921709e-01 	 1.0740188206e-04
3200 	 3274 	 6.6225821617e-01 	 9.9047701232e-05
3300 	 3376 	 6.6225718056e-01 	 3.6533880947e-04
3400 	 3480 	 6.6225607895e-01 	 2.5791094750e-04
3500 	 3583 	 6.6225491299e-01 	 3.1755750050e-04
3600 	 3685 	 6.6225387854e-01 	 1.6027949295e-04
3700 	 3787 	 6.6225272917e-01 	 1.0620697859e-04
3800 	 3891 	 6.6225159491e-01 	 1.0659012717e-04
3900 	 3994 	 6.6225050254e-01 	 1.6041556026e-04
4000 	 4094 	 6.6224956813e-01 	 1.3686985417e-04
4100 	 4196 	 6.6224866751e-01 	 1.2232155385e-04
4200 	 4298 	 6.6224784954e-01 	 1.1577370957e-04
4300 	 4400 	 6.6224730797e-01 	 1.0312015958e-04
4400 	 4501 	 6.6224682778e-01 	 8.7409618960e-05
4500 	 4605 	 6.6224629350e-01 	 1.1640349266e-04
4600 	 4706 	 6.6224597575e-01 	 6.1114119354e-05
4700 	 4808 	 6.6224570121e-01 	 1.1643420327e-04
4800 	 4909 	 6.6224544084e-01 	 7.7414431970e-05
4900 	 5013 	 6.6224519584e-01 	 4.8242810436e-05
5000 	 5115 	 6.6224497250e-01 	 8.3873774606e-05
5100 	 5218 	 6.6224469678e-01 	 1.0907391241e-04
5200 	 5319 	 6.6224437891e-01 	 4.9750759031e-05
5300 	 5421 	 6.6224405659e-01 	 4.9200350364e-05
5400 	 5522 	 6.6224362503e-01 	 6.2057068499e-05
5500 	 5623 	 6.6224329206e-01 	 6.5708219620e-05
5600 	 5725 	 6.6224297917e-01 	 1.8111400539e-04
5700 	 5826 	 6.6224259538e-01 	 6.4429221418e-05
5800 	 5929 	 6.6224218655e-01 	 6.6216149146e-05
5900 	 6030 	 6.6224188610e-01 	 5.7644799279e-05
6000 	 6132 	 6.6224153742e-01 	 6.5679427375e-05
6100 	 6234 	 6.6224122012e-01 	 7.3541201620e-05
6200 	 6338 	 6.6224105549e-01 	 5.4137272874e-05
6300 	 6440 	 6.6224090780e-01 	 5.7134130795e-05
6400 	 6544 	 6.6224073896e-01 	 5.9136300863e-05
6500 	 6645 	 6.6224055017e-01 	 4.8453510451e-05
6600 	 6748 	 6.6224037634e-01 	 1.0932606887e-04
6700 	 6850 	 6.6224018828e-01 	 1.5763691190e-04
6800 	 6953 	 6.6224001564e-01 	 4.3000431348e-05
6900 	 7057 	 6.6223983419e-01 	 3.3790484720e-05
7000 	 7158 	 6.6223963729e-01 	 4.5049748702e-05
7100 	 7258 	 6.6223948519e-01 	 6.4284465968e-05
7200 	 7362 	 6.6223932655e-01 	 7.2548847140e-05
7300 	 7463 	 6.6223913958e-01 	 4.7039784472e-05
7400 	 7566 	 6.6223892809e-01 	 6.7224852632e-05
7500 	 7670 	 6.6223862701e-01 	 6.9629350354e-05
7600 	 7773 	 6.6223833248e-01 	 8.4686020416e-05
7700 	 7879 	 6.6223799039e-01 	 1.0188667078e-04
7800 	 7980 	 6.6223774191e-01 	 1.7156233526e-04
7900 	 8083 	 6.6223748804e-01 	 7.0847859216e-05
8000 	 8184 	 6.6223717115e-01 	 6.5889544353e-05
8100 	 8286 	 6.6223688231e-01 	 1.2139915939e-04
8200 	 8388 	 6.6223671290e-01 	 3.9152533260e-05
8300 	 8490 	 6.6223658063e-01 	 3.3672488716e-05
8400 	 8592 	 6.6223645945e-01 	 5.3385126951e-05
8500 	 8693 	 6.6223633088e-01 	 4.9837779945e-05
8600 	 8795 	 6.6223617962e-01 	 2.9902238437e-05
8700 	 8898 	 6.6223597892e-01 	 5.2475960915e-05
8800 	 9000 	 6.6223576305e-01 	 4.3539673931e-05
8900 	 9103 	 6.6223556682e-01 	 3.7637545093e-05
9000 	 9208 	 6.6223540048e-01 	 4.8168930211e-05
9100 	 9309 	 6.6223521561e-01 	 3.8597829629e-05
9200 	 9413 	 6.6223503353e-01 	 3.8133338205e-05
9300 	 9516 	 6.6223482977e-01 	 1.0134773856e-04
9400 	 9617 	 6.6223458120e-01 	 5.1137701147e-05
9500 	 9721 	 6.6223433373e-01 	 5.8354219901e-05
9600 	 9825 	 6.6223409636e-01 	 4.8186250423e-05
9700 	 9929 	 6.6223389976e-01 	 4.7693549558e-05
9800 	 10031 	 6.6223371214e-01 	 4.3819845507e-05
9900 	 10133 	 6.6223358628e-01 	 3.2307473946e-05
10000 	 10234 	 6.6223350690e-01 	 2.6386292392e-05
10100 	 10335 	 6.6223343856e-01 	 4.8870234266e-05
10200 	 10438 	 6.6223334402e-01 	 3.7214171147e-05
10300 	 10541 	 6.6223324384e-01 	 3.4274985146e-05
10400 	 10644 	 6.6223314655e-01 	 3.9121364110e-05
10500 	 10747 	 6.6223303550e-01 	 3.3472775460e-05
10600 	 10851 	 6.6223293868e-01 	 3.0211487511e-05
10700 	 10953 	 6.6223284481e-01 	 3.9178343514e-05
10800 	 11055 	 6.6223274725e-01 	 4.8237845888e-05
10900 	 11157 	 6.6223266610e-01 	 2.8294504046e-05
11000 	 11261 	 6.6223260203e-01 	 2.3499904954e-05
11100 	 11365 	 6.6223254255e-01 	 7.9495239155e-05
11200 	 11469 	 6.6223248017e-01 	 4.7827089505e-05
11300 	 11570 	 6.6223242404e-01 	 2.0187868773e-05
11400 	 11673 	 6.6223238947e-01 	 1.8315983496e-05
11500 	 11774 	 6.6223235622e-01 	 1.7286392723e-05
11600 	 11877 	 6.6223231934e-01 	 2.1023166739e-05
11700 	 11981 	 6.6223228866e-01 	 4.1194492588e-05
11800 	 12083 	 6.6223224603e-01 	 2.0363050695e-05
11900 	 12187 	 6.6223220563e-01 	 2.9943701157e-05
12000 	 12289 	 6.6223216168e-01 	 2.6033299340e-05
12100 	 12392 	 6.6223211404e-01 	 2.4371495320e-05
12200 	 12495 	 6.6223207802e-01 	 2.3605731169e-05
12300 	 12598 	 6.6223202882e-01 	 3.0886015799e-05
12400 	 12701 	 6.6223197449e-01 	 3.9450011850e-05
12500 	 12804 	 6.6223193425e-01 	 2.0028346969e-05
12600 	 12908 	 6.6223189706e-01 	 4.1095965549e-05
12700 	 13008 	 6.6223185764e-01 	 2.6663285615e-05
12800 	 13112 	 6.6223181900e-01 	 2.6594792696e-05
12900 	 13213 	 6.6223177650e-01 	 1.9959982069e-05
13000 	 13313 	 6.6223172420e-01 	 2.3425461944e-05
13100 	 13416 	 6.6223166629e-01 	 2.5299748605e-05
13200 	 13516 	 6.6223160299e-01 	 2.7087901301e-05
13300 	 13618 	 6.6223153475e-01 	 3.9151423281e-05
13400 	 13722 	 6.6223145846e-01 	 2.7082585798e-05
13500 	 13823 	 6.6223139096e-01 	 2.9288957800e-05
13600 	 13925 	 6.6223132045e-01 	 2.4946050012e-05
13700 	 14027 	 6.6223125933e-01 	 2.9088712362e-05
13800 	 14129 	 6.6223119531e-01 	 2.3929028753e-05
13900 	 14233 	 6.6223112686e-01 	 3.1957569232e-05
14000 	 14335 	 6.6223105737e-01 	 4.1876272139e-05
14100 	 14439 	 6.6223101004e-01 	 1.8787326327e-05
14200 	 14540 	 6.6223098215e-01 	 2.2183712058e-05
14300 	 14643 	 6.6223095661e-01 	 1.9607620436e-05
14400 	 14743 	 6.6223093757e-01 	 2.1390520614e-05
14500 	 14847 	 6.6223091495e-01 	 2.4247246077e-05
14600 	 14951 	 6.6223089233e-01 	 1.3299670187e-05
14700 	 15053 	 6.6223087598e-01 	 1.3552283367e-05
14800 	 15157 	 6.6223085793e-01 	 2.5538353486e-05
14900 	 15259 	 6.6223084500e-01 	 9.7228244002e-06
15000 	 15362 	 6.6223083307e-01 	 1.1288866398e-05
15100 	 15464 	 6.6223082013e-01 	 2.2821990392e-05
15200 	 15567 	 6.6223080628e-01 	 2.2698749192e-05
15300 	 15672 	 6.6223078957e-01 	 1.5204636947e-05
15400 	 15775 	 6.6223077179e-01 	 1.3400388314e-05
15500 	 15879 	 6.6223075510e-01 	 1.0207993571e-05
15600 	 15979 	 6.6223073552e-01 	 2.2353290000e-05
15700 	 16081 	 6.6223071051e-01 	 2.2505706383e-05
15800 	 16185 	 6.6223068193e-01 	 1.6669873745e-05
15900 	 16286 	 6.6223065055e-01 	 2.2070240360e-05
16000 	 16387 	 6.6223061863e-01 	 1.7759515867e-05
16100 	 16489 	 6.6223059255e-01 	 2.9684987755e-05
16200 	 16592 	 6.6223056151e-01 	 1.9059318857e-05
16300 	 16694 	 6.6223051117e-01 	 2.4003221991e-05
16400 	 16798 	 6.6223044012e-01 	 4.7827087830e-05
16500 	 16899 	 6.6223036147e-01 	 3.7291962581e-05
16600 	 17000 	 6.6223029978e-01 	 3.0825969018e-05
16700 	 17102 	 6.6223024654e-01 	 2.1636584260e-05
16800 	 17205 	 6.6223019954e-01 	 1.9217793194e-05
16900 	 17306 	 6.6223016644e-01 	 1.6108921462e-05
17000 	 17409 	 6.6223014418e-01 	 2.2801390096e-05
17100 	 17510 	 6.6223012349e-01 	 2.0217364421e-05
17200 	 17612 	 6.6223010665e-01 	 1.3760089315e-05
17300 	 17715 	 6.6223009067e-01 	 1.2794095950e-05
17400 	 17817 	 6.6223007427e-01 	 1.3357334844e-05
17500 	 17919 	 6.6223006001e-01 	 1.5646074961e-05
17600 	 18020 	 6.6223004308e-01 	 1.4335568397e-05
17700 	 18124 	 6.6223002766e-01 	 1.0388104726e-05
17800 	 18226 	 6.6223001707e-01 	 1.5579981566e-05
17900 	 18329 	 6.6223000793e-01 	 1.9888042867e-05
18000 	 18431 	 6.6223000110e-01 	 8.0898981110e-06
18100 	 18532 	 6.6222999317e-01 	 1.1332663739e-05
18200 	 18634 	 6.6222998554e-01 	 7.9938769945e-06
18300 	 18738 	 6.6222997966e-01 	 1.1801527118e-05
18400 	 18842 	 6.6222997336e-01 	 6.5686676531e-06
18500 	 18944 	 6.6222996799e-01 	 8.8631093408e-06
18600 	 19049 	 6.6222996362e-01 	 7.3040678832e-06
18700 	 19153 	 6.6222995813e-01 	 1.1833231464e-05
18800 	 19257 	 6.6222995326e-01 	 6.2373654401e-06
18900 	 19362 	 6.6222994962e-01 	 5.6860351421e-06
19000 	 19465 	 6.6222994687e-01 	 6.4613640153e-06
19100 	 19569 	 6.6222994392e-01 	 5.2850063746e-06
19200 	 19670 	 6.6222994080e-01 	 6.4491771705e-06
19300 	 19774 	 6.6222993762e-01 	 4.6257204438e-06
19400 	 19876 	 6.6222993504e-01 	 6.0153760171e-06
19500 	 19977 	 6.6222993276e-01 	 5.1586172307e-06
19600 	 20081 	 6.6222992949e-01 	 1.1949609422e-05
19700 	 20182 	 6.6222992540e-01 	 6.4594608311e-06
19800 	 20286 	 6.6222992044e-01 	 7.1463296581e-06
19900 	 20388 	 6.6222991547e-01 	 1.3984649617e-05
20000 	 20491 	 6.6222990990e-01 	 9.1598019540e-06
20100 	 20593 	 6.6222990612e-01 	 1.1265751159e-05
20200 	 20697 	 6.6222990194e-01 	 9.8933858648e-06
20300 	 20800 	 6.6222989738e-01 	 6.8316240564e-06
20400 	 20903 	 6.6222989261e-01 	 7.6023443752e-06
20500 	 21006 	 6.6222988695e-01 	 8.5345417001e-06
20600 	 21109 	 6.6222988028e-01 	 1.4209568819e-05
20700 	 21211 	 6.6222987232e-01 	 1.1450151323e-05
20800 	 21314 	 6.6222986548e-01 	 8.8735699349e-06
20900 	 21415 	 6.6222986001e-01 	 1.2430354724e-05
21000 	 21518 	 6.6222985482e-01 	 5.7664652905e-06
21100 	 21620 	 6.6222985270e-01 	 5.6120203100e-06
21200 	 21726 	 6.6222985028e-01 	 5.5503067708e-06
21300 	 21828 	 6.6222984795e-01 	 7.1800455683e-06
21400 	 21933 	 6.6222984572e-01 	 5.6644652710e-06
21500 	 22036 	 6.6222984325e-01 	 4.5701747437e-06
21600 	 22140 	 6.6222984019e-01 	 6.9775649593e-06
21700 	 22243 	 6.6222983725e-01 	 4.3832528648e-06
21800 	 22345 	 6.6222983478e-01 	 1.1683129226e-05
21900 	 22447 	 6.6222983276e-01 	 3.8744624066e-06
22000 	 22551 	 6.6222983115e-01 	 4.1869633344e-06
22100 	 22653 	 6.6222982884e-01 	 5.2919825385e-06
22200 	 22756 	 6.6222982601e-01 	 5.6894432063e-06
22300 	 22858 	 6.6222982222e-01 	 6.9654728207e-06
22400 	 22960 	 6.6222981714e-01 	 8.8273433959e-06
22500 	 23065 	 6.6222981199e-01 	 6.3621646110e-06
22600 	 23167 	 6.6222980821e-01 	 5.5721906503e-06
22700 	 23271 	 6.6222980573e-01 	 5.2666158324e-06
22800 	 23374 	 6.6222980331e-01 	 6.0138414870e-06
22900 	 23475 	 6.6222980139e-01 	 4.6457414440e-06
23000 	 23576 	 6.6222979940e-01 	 4.4312377874e-06
23100 	 23679 	 6.6222979772e-01 	 6.3863256028e-06
23200 	 23783 	 6.6222979627e-01 	 4.3407476213e-06
23300 	 23886 	 6.6222979485e-01 	 3.2915291613e-06
23400 	 23988 	 6.6222979280e-01 	 4.5836320980e-06
23500 	 24091 	 6.6222979022e-01 	 5.5166673317e-06
23600 	 24192 	 6.6222978794e-01 	 3.5980747096e-06
23700 	 24295 	 6.6222978632e-01 	 3.4207993241e-06
23800 	 24399 	 6.6222978475e-01 	 5.8340780913e-06
23900 	 24502 	 6.6222978274e-01 	 7.8483423485e-06
24000 	 24604 	 6.6222978011e-01 	 4.3276396052e-06
24100 	 24706 	 6.6222977847e-01 	 5.3564510360e-06
24200 	 24808 	 6.6222977679e-01 	 4.1885387591e-06
24300 	 24909 	 6.6222977519e-01 	 3.2044680591e-06
24400 	 25011 	 6.6222977330e-01 	 5.9586479682e-06
24500 	 25114 	 6.6222977136e-01 	 6.3128231988e-06
24600 	 25216 	 6.6222976946e-01 	 4.5008745085e-06
24700 	 25319 	 6.6222976735e-01 	 1.4703328189e-05
24800 	 25420 	 6.6222976503e-01 	 9.4048876584e-06
24900 	 25522 	 6.6222976244e-01 	 5.2857216916e-06
25000 	 25624 	 6.6222975991e-01 	 5.7616404963e-06
25100 	 25726 	 6.6222975823e-01 	 4.2119046665e-06
25200 	 25827 	 6.6222975694e-01 	 8.2316619983e-06
25300 	 25929 	 6.6222975531e-01 	 3.7615956069e-06
25400 	 26029 	 6.6222975367e-01 	 4.9428956253e-06
25500 	 26132 	 6.6222975191e-01 	 3.7866368015e-06
25600 	 26234 	 6.6222974987e-01 	 3.1407856141e-06
25700 	 26335 	 6.6222974817e-01 	 4.7033056070e-06
25800 	 26437 	 6.6222974654e-01 	 3.4948359707e-06
25900 	 26540 	 6.6222974505e-01 	 3.5920861099e-06
26000 	 26642 	 6.6222974357e-01 	 6.7263943540e-06
26100 	 26746 	 6.6222974167e-01 	 7.1946595039e-06
26200 	 26849 	 6.6222974002e-01 	 5.3129259734e-06
26300 	 26951 	 6.6222973886e-01 	 3.4893168685e-06
26400 	 27052 	 6.6222973778e-01 	 1.0263277761e-05
26500 	 27155 	 6.6222973662e-01 	 4.0912172844e-06
26600 	 27256 	 6.6222973547e-01 	 3.6545876140e-06
26700 	 27357 	 6.6222973419e-01 	 3.3030287387e-06
26800 	 27458 	 6.6222973280e-01 	 3.3133338339e-06
26900 	 27560 	 6.6222973155e-01 	 3.5218949521e-06
27000 	 27661 	 6.6222973040e-01 	 3.3589853093e-06
27100 	 27762 	 6.6222972919e-01 	 4.8910934957e-06
27200 	 27864 	 6.6222972811e-01 	 2.9744914583e-06
27300 	 27968 	 6.6222972705e-01 	 2.7208080468e-06
27400 	 28069 	 6.6222972609e-01 	 4.7053882458e-06
27500 	 28169 	 6.6222972522e-01 	 5.6101629449e-06
27600 	 28272 	 6.6222972424e-01 	 3.3357559137e-06
27700 	 28374 	 6.6222972332e-01 	 4.4296518272e-06
27800 	 28476 	 6.6222972235e-01 	 3.4368501928e-06
27900 	 28578 	 6.6222972123e-01 	 3.4534293246e-06
28000 	 28681 	 6.6222971966e-01 	 5.7513006246e-06
28100 	 28782 	 6.6222971806e-01 	 4.3127992090e-06
28200 	 28885 	 6.6222971640e-01 	 4.4487384328e-06
28300 	 28988 	 6.6222971523e-01 	 2.9904640216e-06
28400 	 29091 	 6.6222971421e-01 	 3.5156001957e-06
28500 	 29195 	 6.6222971335e-01 	 2.7201006672e-06
28600 	 29297 	 6.6222971262e-01 	 2.3916809693e-06
28700 	 29400 	 6.6222971186e-01 	 2.8660475016e-06
28800 	 29503 	 6.6222971117e-01 	 2.2111612957e-06
28900 	 29607 	 6.6222971040e-01 	 5.0143297711e-06
29000 	 29710 	 6.6222970968e-01 	 3.2329800871e-06
29100 	 29812 	 6.6222970902e-01 	 3.9842367950e-06
29200 	 29914 	 6.6222970837e-01 	 2.0692702471e-06
29300 	 30018 	 6.6222970773e-01 	 2.3928994344e-06
29400 	 30120 	 6.6222970707e-01 	 2.4249938498e-06
29500 	 30221 	 6.6222970650e-01 	 2.5251719870e-06
29600 	 30324 	 6.6222970595e-01 	 2.3465931560e-06
29700 	 30427 	 6.6222970549e-01 	 4.1716514338e-06
29800 	 30529 	 6.6222970485e-01 	 3.0766862344e-06
29900 	 30632 	 6.6222970408e-01 	 2.5868022149e-06
30000 	 30733 	 6.6222970347e-01 	 5.3317035220e-06
30100 	 30837 	 6.6222970306e-01 	 1.5344245350e-06
30200 	 30939 	 6.6222970281e-01 	 1.3304695763e-06
30300 	 31043 	 6.6222970257e-01 	 1.7571912498e-06
30400 	 31145 	 6.6222970234e-01 	 1.9329688036e-06
30500 	 31248 	 6.6222970212e-01 	 3.1815860258e-06
30600 	 31349 	 6.6222970188e-01 	 1.7301364586e-06
30700 	 31454 	 6.6222970162e-01 	 2.3123762853e-06
30800 	 31557 	 6.6222970135e-01 	 2.6420947751e-06
30900 	 31661 	 6.6222970113e-01 	 1.3879208796e-06
31000 	 31763 	 6.6222970093e-01 	 4.5383386085e-06
31100 	 31865 	 6.6222970061e-01 	 1.8058550932e-06
31200 	 31970 	 6.6222970028e-01 	 3.6058553577e-06
31300 	 32071 	 6.6222970004e-01 	 1.6861767896e-06
31400 	 32172 	 6.6222969983e-01 	 1.5403040531e-06
31500 	 32274 	 6.6222969959e-01 	 1.2532894743e-06
31600 	 32376 	 6.6222969933e-01 	 1.8138639976e-06
31700 	 32478 	 6.6222969903e-01 	 2.4388851110e-06
31800 	 32580 	 6.6222969870e-01 	 2.0625587666e-06
31900 	 32682 	 6.6222969838e-01 	 2.1717037745e-06
32000 	 32785 	 6.6222969785e-01 	 2.4848693825e-06
32100 	 32885 	 6.6222969719e-01 	 2.1918160475e-06
32200 	 32989 	 6.6222969648e-01 	 3.2078450050e-06
32300 	 33093 	 6.6222969590e-01 	 3.3003028211e-06
32400 	 33197 	 6.6222969539e-01 	 1.7421959697e-06
32500 	 33300 	 6.6222969503e-01 	 2.2796943354e-06
32600 	 33401 	 6.6222969466e-01 	 3.8340260207e-06
32700 	 33502 	 6.6222969419e-01 	 1.8807363757e-06
32800 	 33605 	 6.6222969383e-01 	 1.6015687703e-06
32900 	 33709 	 6.6222969351e-01 	 1.6184303414e-06
33000 	 33809 	 6.6222969326e-01 	 1.4855399826e-06
33100 	 33913 	 6.6222969308e-01 	 1.4687536880e-06
33200 	 34015 	 6.6222969285e-01 	 1.4473432800e-06
33300 	 34117 	 6.6222969266e-01 	 1.3968072768e-06
33400 	 34219 	 6.6222969250e-01 	 1.5876974315e-06
33500 	 34321 	 6.6222969235e-01 	 1.3313935007e-06
33600 	 34422 	 6.6222969218e-01 	 1.2989600082e-06
33700 	 34526 	 6.6222969205e-01 	 1.0955436846e-06
33800 	 34629 	 6.6222969194e-01 	 8.4874722272e-07
33900 	 34732 	 6.6222969187e-01 	 2.0141575097e-06
34000 	 34834 	 6.6222969178e-01 	 1.1977424246e-06
34100 	 34936 	 6.6222969166e-01 	 1.4727998249e-06
34200 	 35038 	 6.6222969150e-01 	 1.2524517587e-06
34300 	 35142 	 6.6222969135e-01 	 1.5929025313e-06
34400 	 35244 	 6.6222969119e-01 	 1.4298610293e-06
34500 	 35345 	 6.6222969102e-01 	 1.4596196468e-06
34600 	 35447 	 6.6222969082e-01 	 1.2591541183e-06
34700 	 35549 	 6.6222969061e-01 	 1.6561391639e-06
34800 	 35651 	 6.6222969038e-01 	 1.4962190945e-06
34900 	 35755 	 6.6222969008e-01 	 2.0930376431e-06
35000 	 35858 	 6.6222968973e-01 	 2.0269653949e-06
35100 	 35961 	 6.6222968932e-01 	 3.7957748866e-06
35200 	 36064 	 6.6222968896e-01 	 2.1562625235e-06
35300 	 36166 	 6.6222968858e-01 	 1.3709012699e-06
35400 	 36271 	 6.6222968826e-01 	 1.7012939098e-06
35500 	 36372 	 6.6222968797e-01 	 1.2802543692e-06
35600 	 36476 	 6.6222968774e-01 	 1.0508754892e-06
35700 	 36579 	 6.6222968759e-01 	 1.2665202335e-06
35800 	 36681 	 6.6222968748e-01 	 8.2906106692e-07
35900 	 36783 	 6.6222968739e-01 	 1.7981041496e-06
36000 	 36886 	 6.6222968734e-01 	 1.0986454528e-06
36100 	 36989 	 6.6222968726e-01 	 1.4958195383e-06
36200 	 37092 	 6.6222968717e-01 	 1.5732909174e-06
36300 	 37194 	 6.6222968707e-01 	 1.1220904992e-06
36400 	 37297 	 6.6222968696e-01 	 1.1193840424e-06
36500 	 37400 	 6.6222968688e-01 	 1.7340956268e-06
36600 	 37502 	 6.6222968678e-01 	 1.2279929687e-06
36700 	 37604 	 6.6222968667e-01 	 1.2393708942e-06
36800 	 37706 	 6.6222968659e-01 	 1.0382510866e-06
36900 	 37809 	 6.6222968650e-01 	 1.7862534448e-06
37000 	 37911 	 6.6222968640e-01 	 9.0913687253e-07
37100 	 38014 	 6.6222968635e-01 	 6.5590395741e-07
37200 	 38118 	 6.6222968629e-01 	 8.4232271755e-07
37300 	 38221 	 6.6222968620e-01 	 1.8279140549e-06
37400 	 38322 	 6.6222968609e-01 	 1.0455808113e-06
37500 	 38426 	 6.6222968601e-01 	 1.4938178589e-06
37600 	 38529 	 6.6222968593e-01 	 9.8497552966e-07
37700 	 38632 	 6.6222968582e-01 	 1.7645050658e-06
37800 	 38734 	 6.6222968572e-01 	 1.1083167628e-06
37900 	 38837 	 6.6222968564e-01 	 2.6887050180e-06
38000 	 38941 	 6.6222968556e-01 	 1.1123360461e-06
38100 	 39043 	 6.6222968550e-01 	 6.1961833797e-07
38200 	 39145 	 6.6222968544e-01 	 1.1004811596e-06
38300 	 39246 	 6.6222968540e-01 	 9.9018622441e-07
38400 	 39347 	 6.6222968535e-01 	 1.0515059000e-06
38500 	 39448 	 6.6222968530e-01 	 1.0749041744e-06
38600 	 39550 	 6.6222968525e-01 	 9.6241133290e-07
38700 	 39653 	 6.6222968519e-01 	 9.9363545710e-07
38800 	 39755 	 6.6222968510e-01 	 1.7018679709e-06
38900 	 39857 	 6.6222968503e-01 	 1.1027162294e-06
39000 	 39960 	 6.6222968494e-01 	 8.1219472895e-07
39100 	 40063 	 6.6222968483e-01 	 2.3611943967e-06
39200 	 40164 	 6.6222968470e-01 	 1.2188352352e-06
39300 	 40266 	 6.6222968458e-01 	 1.1476996045e-06
39400 	 40370 	 6.6222968448e-01 	 1.0382159030e-06
39500 	 40473 	 6.6222968438e-01 	 1.1167725806e-06
39600 	 40575 	 6.6222968426e-01 	 1.2014135746e-06
39700 	 40680 	 6.6222968418e-01 	 7.9968271808e-07
39800 	 40781 	 6.6222968412e-01 	 8.2001356279e-07
39900 	 40881 	 6.6222968406e-01 	 7.8913504143e-07
40000 	 40984 	 6.6222968400e-01 	 1.9681365617e-06
40100 	 41087 	 6.6222968394e-01 	 9.2279403220e-07
40200 	 41188 	 6.6222968388e-01 	 6.3979314764e-07
40300 	 41292 	 6.6222968382e-01 	 1.2705818346e-06
40400 	 41395 	 6.6222968376e-01 	 7.6926329993e-07
40500 	 41499 	 6.6222968371e-01 	 7.0874451068e-07
40600 	 41601 	 6.6222968365e-01 	 8.9790074793e-07
40700 	 41705 	 6.6222968358e-01 	 1.0324000369e-06
40800 	 41806 	 6.6222968352e-01 	 1.1520794683e-06
40900 	 41909 	 6.6222968348e-01 	 1.5071852486e-06
41000 	 42013 	 6.6222968344e-01 	 4.3267746211e-07
41100 	 42116 	 6.6222968342e-01 	 8.6240117591e-07
41200 	 42217 	 6.6222968341e-01 	 3.4269857383e-07
41300 	 42321 	 6.6222968340e-01 	 6.1554593322e-07
41400 	 42424 	 6.6222968338e-01 	 8.7658012281e-07
41500 	 42526 	 6.6222968337e-01 	 7.5384369081e-07
41600 	 42627 	 6.6222968334e-01 	 5.7376580696e-07
41700 	 42728 	 6.6222968330e-01 	 6.8309371254e-07
41800 	 42830 	 6.6222968326e-01 	 7.2265401380e-07
41900 	 42932 	 6.6222968322e-01 	 1.1274908508e-06
42000 	 43036 	 6.6222968318e-01 	 6.5008039101e-07
42100 	 43138 	 6.6222968312e-01 	 7.6121825001e-07
42200 	 43239 	 6.6222968307e-01 	 6.3342113784e-07
42300 	 43343 	 6.6222968301e-01 	 6.9041230332e-07
42400 	 43445 	 6.6222968294e-01 	 1.5475932129e-06
42500 	 43546 	 6.6222968288e-01 	 8.9541265788e-07
42600 	 43650 	 6.6222968281e-01 	 7.5395133351e-07
42700 	 43751 	 6.6222968276e-01 	 8.3045191319e-07
42800 	 43853 	 6.6222968272e-01 	 7.1941354145e-07
42900 	 43955 	 6.6222968270e-01 	 4.8766304627e-07
43000 	 44058 	 6.6222968267e-01 	 5.8601631408e-07
43100 	 44162 	 6.6222968266e-01 	 5.9367811246e-07
43200 	 44265 	 6.6222968264e-01 	 3.3507344873e-07
43300 	 44367 	 6.6222968263e-01 	 4.5121795913e-07
43400 	 44471 	 6.6222968262e-01 	 3.5089273561e-07
43500 	 44574 	 6.6222968261e-01 	 4.0734878030e-07
43600 	 44675 	 6.6222968259e-01 	 5.6411403360e-07
43700 	 44776 	 6.6222968257e-01 	 3.4624043977e-07
43800 	 44882 	 6.6222968256e-01 	 3.9275474618e-07
43900 	 44986 	 6.6222968254e-01 	 8.6295258011e-07
44000 	 45087 	 6.6222968252e-01 	 6.4786914753e-07
44100 	 45192 	 6.6222968250e-01 	 4.4239959245e-07
44200 	 45294 	 6.6222968249e-01 	 3.7011391962e-07
44300 	 45396 	 6.6222968247e-01 	 5.4900743145e-07
44400 	 45502 	 6.6222968246e-01 	 6.4075581967e-07
44500 	 45605 	 6.6222968244e-01 	 5.6269879062e-07
44600 	 45706 	 6.6222968243e-01 	 3.7417854817e-07
44700 	 45808 	 6.6222968242e-01 	 4.3393918068e-07
44800 	 45909 	 6.6222968241e-01 	 5.9874874008e-07
44900 	 46012 	 6.6222968240e-01 	 3.1380384627e-07
45000 	 46113 	 6.6222968240e-01 	 3.3019101505e-07
45100 	 46214 	 6.6222968239e-01 	 2.7335732927e-07
45200 	 46315 	 6.6222968238e-01 	 3.8546626852e-07
45300 	 46420 	 6.6222968237e-01 	 3.6118185663e-07
45400 	 46523 	 6.6222968235e-01 	 4.9709622300e-07
45500 	 46624 	 6.6222968234e-01 	 7.7554239192e-07
45600 	 46729 	 6.6222968232e-01 	 3.9362298269e-07
45700 	 46832 	 6.6222968230e-01 	 7.3092614203e-07
45800 	 46933 	 6.6222968230e-01 	 3.3934485562e-07
45900 	 47035 	 6.6222968229e-01 	 2.5219364875e-07
46000 	 47137 	 6.6222968228e-01 	 3.8291740403e-07
46100 	 47239 	 6.6222968227e-01 	 3.2426362830e-07
46200 	 47340 	 6.6222968225e-01 	 3.7734816163e-07
46300 	 47443 	 6.6222968224e-01 	 4.0497006143e-07
46400 	 47544 	 6.6222968223e-01 	 6.4065710076e-07
46500 	 47646 	 6.6222968221e-01 	 5.0891141044e-07
46600 	 47748 	 6.6222968218e-01 	 5.8281849034e-07
46700 	 47851 	 6.6222968215e-01 	 4.2298295453e-07
46800 	 47953 	 6.6222968213e-01 	 4.6388375939e-07
46900 	 48055 	 6.6222968211e-01 	 3.1611812833e-07
47000 	 48157 	 6.6222968210e-01 	 4.6259739070e-07
47100 	 48259 	 6.6222968209e-01 	 3.8802547709e-07
47200 	 48361 	 6.6222968207e-01 	 5.6916537068e-07
47300 	 48464 	 6.6222968205e-01 	 7.0017089222e-07
47400 	 48568 	 6.6222968204e-01 	 2.8090136704e-07
47500 	 48671 	 6.6222968203e-01 	 3.4474426654e-07
47600 	 48776 	 6.6222968202e-01 	 5.2802788335e-07
47700 	 48879 	 6.6222968201e-01 	 4.4964232469e-07
47800 	 48981 	 6.6222968201e-01 	 1.6647524495e-07
47900 	 49085 	 6.6222968201e-01 	 1.5417552357e-07
48000 	 49187 	 6.6222968200e-01 	 2.2953786872e-07
48100 	 49291 	 6.6222968200e-01 	 2.1202064355e-07
48200 	 49393 	 6.6222968199e-01 	 4.7020488718e-07
48300 	 49496 	 6.6222968199e-01 	 4.8719344373e-07
48400 	 49600 	 6.6222968198e-01 	 4.6391701187e-07
48500 	 49702 	 6.6222968197e-01 	 3.4901504959e-07
48600 	 49806 	 6.6222968196e-01 	 4.6492340175e-07
48700 	 49907 	 6.6222968195e-01 	 4.3507494550e-07
48800 	 50011 	 6.6222968193e-01 	 3.9498899472e-07
48900 	 50113 	 6.6222968191e-01 	 3.6957798649e-07
49000 	 50215 	 6.6222968189e-01 	 4.6775132359e-07
49100 	 50319 	 6.6222968187e-01 	 7.2927755901e-07
49200 	 50420 	 6.6222968185e-01 	 4.4277842851e-07
49300 	 50523 	 6.6222968184e-01 	 3.6104703428e-07
49400 	 50625 	 6.6222968182e-01 	 4.0964118004e-07
49500 	 50729 	 6.6222968181e-01 	 7.6320953762e-07
49600 	 50830 	 6.6222968179e-01 	 3.6114343185e-07
49700 	 50933 	 6.6222968178e-01 	 3.4020733673e-07
49800 	 51035 	 6.6222968177e-01 	 3.8574231326e-07
49900 	 51136 	 6.6222968177e-01 	 3.2796336882e-07
50000 	 51238 	 6.6222968176e-01 	 3.4413722932e-07
50100 	 51340 	 6.6222968175e-01 	 2.6429681826e-07
50200 	 51445 	 6.6222968174e-01 	 2.7698290794e-07
50300 	 51547 	 6.6222968174e-01 	 2.7610761496e-07
50400 	 51649 	 6.6222968173e-01 	 5.5563514951e-07
50500 	 51751 	 6.6222968173e-01 	 2.4491058645e-07
50600 	 51855 	 6.6222968172e-01 	 2.7250440316e-07
50700 	 51958 	 6.6222968172e-01 	 1.7522983191e-07
50800 	 52063 	 6.6222968172e-01 	 1.3866044918e-07
50900 	 52167 	 6.6222968172e-01 	 2.6787504021e-07
51000 	 52270 	 6.6222968171e-01 	 2.0242427737e-07
51100 	 52373 	 6.6222968171e-01 	 3.2488466599e-07
51200 	 52473 	 6.6222968171e-01 	 2.4870177479e-07
51300 	 52575 	 6.6222968171e-01 	 9.7192226166e-08
51400 	 52678 	 6.6222968170e-01 	 1.0900566543e-07
51500 	 52780 	 6.6222968170e-01 	 1.0533493263e-07
51600 	 52882 	 6.6222968170e-01 	 7.8423005717e-08
51700 	 52985 	 6.6222968170e-01 	 9.3633990623e-08
51800 	 53088 	 6.6222968170e-01 	 7.7229412202e-08
51900 	 53193 	 6.6222968170e-01 	 1.8085004119e-07
52000 	 53295 	 6.6222968170e-01 	 1.1026025254e-07
52100 	 53403 	 6.6222968170e-01 	 5.8650013114e-08
52200 	 53507 	 6.6222968170e-01 	 1.1704341546e-07
52300 	 53613 	 6.6222968170e-01 	 7.5042692566e-08
52400 	 53724 	 6.6222968170e-01 	 1.1742328427e-07
52500 	 53832 	 6.6222968170e-01 	 8.1374628800e-08
52600 	 53941 	 6.6222968170e-01 	 5.3034997999e-08
52700 	 54052 	 6.6222968170e-01 	 7.3495634685e-08
52800 	 54159 	 6.6222968170e-01 	 5.4668821011e-08
52900 	 54265 	 6.6222968170e-01 	 1.1672703239e-07
53000 	 54368 	 6.6222968170e-01 	 1.0096872969e-07
53100 	 54474 	 6.6222968169e-01 	 7.5864713061e-08
53200 	 54579 	 6.6222968169e-01 	 7.0562175268e-08
53300 	 54684 	 6.6222968169e-01 	 8.3769526239e-08
53400 	 54793 	 6.6222968169e-01 	 1.2082240515e-07
53500 	 54900 	 6.6222968169e-01 	 3.8802511135e-08
53600 	 55006 	 6.6222968169e-01 	 5.8941449404e-08
53700 	 55111 	 6.6222968169e-01 	 1.1153825216e-07
53800 	 55217 	 6.6222968169e-01 	 1.0060712805e-07
53900 	 55320 	 6.6222968169e-01 	 1.4737987645e-07
54000 	 55423 	 6.6222968169e-01 	 1.2395752265e-07
54100 	 55527 	 6.6222968169e-01 	 1.6103518159e-07
54200 	 55628 	 6.6222968169e-01 	 1.0363694068e-07
54300 	 55733 	 6.6222968169e-01 	 1.1378937390e-07
54400 	 55836 	 6.6222968168e-01 	 3.1346372414e-07
54500 	 55940 	 6.6222968168e-01 	 7.2040318455e-08
54600 	 56043 	 6.6222968168e-01 	 1.0023928502e-07
54700 	 56145 	 6.6222968168e-01 	 9.9898194209e-08
54800 	 56246 	 6.6222968168e-01 	 1.1757389786e-07
54900 	 56348 	 6.6222968168e-01 	 1.0307054787e-07
55000 	 56456 	 6.6222968168e-01 	 5.0340326758e-08
55100 	 56563 	 6.6222968168e-01 	 8.6868122230e-08
55200 	 56671 	 6.6222968168e-01 	 1.0321604774e-07
55300 	 56776 	 6.6222968168e-01 	 1.1623658002e-07
55400 	 56879 	 6.6222968168e-01 	 1.1502978537e-07
55500 	 56985 	 6.6222968168e-01 	 6.2830381353e-08
55600 	 57094 	 6.6222968167e-01 	 4.2475335317e-08
55700 	 57200 	 6.6222968167e-01 	 9.5446768844e-08
55800 	 57304 	 6.6222968167e-01 	 5.0452605965e-08
55900 	 57410 	 6.6222968167e-01 	 3.4015102407e-08
56000 	 57526 	 6.6222968167e-01 	 6.5130973983e-08
56100 	 57640 	 6.6222968167e-01 	 3.8257844741e-08
56200 	 57753 	 6.6222968167e-01 	 4.0537357162e-08
56300 	 57871 	 6.6222968167e-01 	 6.9537402266e-08
56400 	 57987 	 6.6222968167e-01 	 4.8536778251e-08
# ---- 
 1 		 56472 	 58083 		 1.2264510222e+00 	 6.6222968167e-01 	 2.5932768636e-08
# ---- 
100 	 102 	 2.7343648927e+00 	 2.5555190114e-02
200 	 204 	 2.7153103053e+00 	 2.2010734338e-02
300 	 305 	 2.7079815457e+00 	 1.5410778273e-02
400 	 408 	 2.7013142992e+00 	 1.0067276669e-02
500 	 510 	 2.6972424296e+00 	 7.7218106893e-03
600 	 615 	 2.6952386667e+00 	 7.0686998299e-03
700 	 715 	 2.6944489294e+00 	 2.6400503262e-03
800 	 817 	 2.6941243362e+00 	 2.3909499632e-03
900 	 922 	 2.6938951458e+00 	 2.3868840101e-03
1000 	 1024 	 2.6937189166e+00 	 1.2994922812e-03
1100 	 1126 	 2.6935844653e+00 	 9.4517742480e-04
1200 	 1227 	 2.6934948582e+00 	 2.2876864637e-03
1300 	 1329 	 2.6934400996e+00 	 8.4831131928e-04
1400 	 1430 	 2.6933919937e+00 	 7.0453237140e-04
1500 	 1534 	 2.6933573210e+00 	 1.1147281060e-03
1600 	 1637 	 2.6933310085e+00 	 5.7474867971e-04
1700 	 1741 	 2.6933075464e+00 	 5.0611192780e-04
1800 	 1842 	 2.6932895171e+00 	 5.5843392891e-04
1900 	 1943 	 2.6932727607e+00 	 4.6671269807e-04
2000 	 2045 	 2.6932601880e+00 	 6.5870625883e-04
2100 	 2146 	 2.6932508287e+00 	 3.0650230850e-04
2200 	 2250 	 2.6932415194e+00 	 2.5728044259e-04
2300 	 2351 	 2.6932326762e+00 	 4.3386270920e-04
2400 	 2453 	 2.6932240397e+00 	 3.0484587916e-04
2500 	 2556 	 2.6932177235e+00 	 4.2507135356e-04
2600 	 2656 	 2.6932127651e+00 	 2.1879692783e-04
2700 	 2761 	 2.6932084874e+00 	 3.1574744457e-04
2800 	 2863 	 2.6932051554e+00 	 4.5789166433e-04
2900 	 2964 	 2.6932015017e+00 	 2.3791821468e-04
3000 	 3067 	 2.6931970137e+00 	 2.2140292780e-04
3100 	 3169 	 2.6931923876e+00 	 3.5817534824e-04
3200 	 3270 	 2.6931871480e+00 	 8.5421114690e-04
3300 	 3374 	 2.6931825512e+00 	 2.0904758858e-04
3400 	 3476 	 2.6931797582e+00 	 2.7463159219e-04
3500 	 3576 	 2.6931775696e+00 	 1.3025589930e-04
3600 	 3678 	 2.6931756687e+00 	 1.9108136896e-04
3700 	 3781 	 2.6931737993e+00 	 1.1435744624e-04
3800 	 3884 	 2.6931722899e+00 	 1.3762902937e-04
3900 	 3988 	 2.6931707017e+00 	 1.1263500536e-04
4000 	 4092 	 2.6931695756e+00 	 1.4562610711e-04
4100 	 4194 	 2.6931677671e+00 	 2.0830225344e-04
4200 	 4299 	 2.6931652391e+00 	 1.7195442294e-04
4300 	 4401 	 2.6931624811e+00 	 1.6110635827e-04
4400 	 4507 	 2.6931599008e+00 	 4.2946399447e-04
4500 	 4610 	 2.6931573206e+00 	 1.8415885763e-04
4600 	 4712 	 2.6931543449e+00 	 1.5592842573e-04
4700 	 4815 	 2.6931516408e+00 	 1.5028092311e-04
4800 	 4916 	 2.6931485957e+00 	 1.7404011008e-04
4900 	 5017 	 2.6931459135e+00 	 1.6312921864e-04
5000 	 5121 	 2.6931436939e+00 	 1.4952994783e-04
5100 	 5223 	 2.6931417948e+00 	 1.4969543054e-04
5200 	 5326 	 2.6931400690e+00 	 1.6878504092e-04
5300 	 5428 	 2.6931382121e+00 	 1.7624217921e-04
5400 	 5528 	 2.6931366499e+00 	 1.5289452463e-04
5500 	 5634 	 2.6931352704e+00 	 1.0974149749e-04
5600 	 5736 	 2.6931341622e+00 	 1.0524914572e-04
5700 	 5836 	 2.6931329568e+00 	 1.1249782158e-04
5800 	 5937 	 2.6931318290e+00 	 1.0450003142e-04
5900 	 6039 	 2.6931307885e+00 	 3.0736247200e-04
6000 	 6141 	 2.6931297576e+00 	 2.0116819488e-04
6100 	 6243 	 2.6931287120e+00 	 1.4799168731e-04
6200 	 6343 	 2.6931279315e+00 	 6.8867731365e-05
6300 	 6446 	 2.6931271933e+00 	 1.5690570226e-04
6400 	 6549 	 2.6931264909e+00 	 8.9904618222e-05
6500 	 6650 	 2.6931256512e+00 	 1.4325422813e-04
6600 	 6753 	 2.6931245314e+00 	 1.4962974181e-04
6700 	 6855 	 2.6931234188e+00 	 1.1688493951e-04
6800 	 6956 	 2.6931221511e+00 	 8.6541561014e-05
6900 	 7058 	 2.6931210501e+00 	 1.3561518481e-04
7000 	 7159 	 2.6931199631e+00 	 3.2297367851e-04
7100 	 7261 	 2.6931190504e+00 	 1.0185568186e-04
7200 	 7363 	 2.6931182622e+00 	 8.5386611822e-05
7300 	 7466 	 2.6931175058e+00 	 1.3432786612e-04
7400 	 7569 	 2.6931169308e+00 	 8.7223342840e-05
7500 	 7670 	 2.6931162566e+00 	 9.0404430294e-05
7600 	 7773 	 2.6931157604e+00 	 7.6529412673e-05
7700 	 7876 	 2.6931152023e+00 	 2.2861123769e-04
7800 	 7980 	 2.6931144667e+00 	 9.7483368667e-05
7900 	 8082 	 2.6931137158e+00 	 1.3457444728e-04
8000 	 8187 	 2.6931128433e+00 	 1.1558830922e-04
8100 	 8291 	 2.6931119439e+00 	 1.0278234341e-04
8200 	 8392 	 2.6931110347e+00 	 8.5953235816e-05
8300 	 8493 	 2.6931101653e+00 	 1.0143616463e-04
8400 	 8595 	 2.6931095055e+00 	 8.3253345006e-05
8500 	 8696 	 2.6931089560e+00 	 7.4777651050e-05
8600 	 8798 	 2.6931085679e+00 	 6.1236681683e-05
8700 	 8901 	 2.6931082559e+00 	 5.3616885143e-05
8800 	 9003 	 2.6931079689e+00 	 5.8791005470e-05
8900 	 9105 	 2.6931076843e+00 	 5.3450055469e-05
9000 	 9207 	 2.6931074358e+00 	 5.4252605615e-05
9100 	 9311 	 2.6931072305e+00 	 3.9767504743e-05
9200 	 9413 	 2.6931070818e+00 	 6.0384158844e-05
9300 	 9514 	 2.6931069577e+00 	 5.8185296539e-05
9400 	 9616 	 2.6931067973e+00 	 6.4290682017e-05
9500 	 9718 	 2.6931065946e+00 	 5.1083302731e-05
9600 	 9821 	 2.6931063841e+00 	 4.0282327800e-05
9700 	 9923 	 2.6931062160e+00 	 4.6495756244e-05
9800 	 10024 	 2.6931060516e+00 	 4.7444004871e-05
9900 	 10126 	 2.6931058645e+00 	 1.2201215506e-04
10000 	 10231 	 2.6931056723e+00 	 6.9915876793e-05
10100 	 10332 	 2.6931054659e+00 	 7.5595123893e-05
10200 	 10433 	 2.6931053073e+00 	 3.0767134577e-05
10300 	 10536 	 2.6931051631e+00 	 4.2577322334e-05
10400 	 10637 	 2.6931050665e+00 	 2.4873596233e-05
10500 	 10741 	 2.6931049847e+00 	 3.0042738206e-05
10600 	 10844 	 2.6931049005e+00 	 3.6733338564e-05
10700 	 10948 	 2.6931048040e+00 	 7.9828132167e-05
10800 	 11049 	 2.6931046860e+00 	 1.0091873240e-04
10900 	 11151 	 2.6931045534e+00 	 3.1969180506e-05
11000 	 11252 	 2.6931044124e+00 	 2.8505738498e-05
11100 	 11356 	 2.6931042728e+00 	 8.5169763183e-05
11200 	 11460 	 2.6931041388e+00 	 3.7452906415e-05
11300 	 11562 	 2.6931040131e+00 	 3.6476559135e-05
11400 	 11664 	 2.6931038631e+00 	 3.6012627961e-05
11500 	 11767 	 2.6931037409e+00 	 3.5270843518e-05
11600 	 11870 	 2.6931036694e+00 	 5.5712616013e-05
11700 	 11972 	 2.6931036077e+00 	 2.5319120117e-05
11800 	 12075 	 2.6931035298e+00 	 2.7065501187e-05
11900 	 12178 	 2.6931034441e+00 	 4.4564241952e-05
12000 	 12278 	 2.6931033627e+00 	 2.4590396045e-05
12100 	 12380 	 2.6931032929e+00 	 2.9403492516e-05
12200 	 12483 	 2.6931032381e+00 	 2.4851249280e-05
12300 	 12586 	 2.6931031899e+00 	 2.2495126806e-05
12400 	 12687 	 2.6931031359e+00 	 3.1949896197e-05
12500 	 12790 	 2.6931030731e+00 	 3.5914065707e-05
12600 	 12892 	 2.6931030130e+00 	 3.0276089104e-05
12700 	 12995 	 2.6931029242e+00 	 2.4690573174e-05
12800 	 13098 	 2.6931028338e+00 	 3.1775478819e-05
12900 	 13200 	 2.6931027641e+00 	 2.8648591126e-05
13000 	 13301 	 2.6931026969e+00 	 2.6736335428e-05
13100 	 13403 	 2.6931026429e+00 	 3.3256647875e-05
13200 	 13506 	 2.6931025840e+00 	 2.8481652085e-05
13300 	 13609 	 2.6931025285e+00 	 2.2389596329e-05
13400 	 13711 	 2.6931024751e+00 	 2.4550841600e-05
13500 	 13814 	 2.6931024253e+00 	 2.4815644172e-05
13600 	 13917 	 2.6931023831e+00 	 1.7195832637e-05
13700 	 14019 	 2.6931023481e+00 	 2.1777546749e-05
13800 	 14121 	 2.6931023169e+00 	 5.8217338401e-05
13900 	 14223 	 2.6931022925e+00 	 1.5622176528e-05
14000 	 14324 	 2.6931022707e+00 	 1.8356986585e-05
14100 	 14425 	 2.6931022544e+00 	 1.1472848068e-05
14200 	 14528 	 2.6931022359e+00 	 1.1651824125e-05
14300 	 14630 	 2.6931022189e+00 	 1.2768162879e-05
14400 	 14734 	 2.6931021990e+00 	 2.2393854296e-05
14500 	 14836 	 2.6931021748e+00 	 3.7793519514e-05
14600 	 14940 	 2.6931021444e+00 	 2.1425493504e-05
14700 	 15043 	 2.6931021102e+00 	 2.0721513703e-05
14800 	 15145 	 2.6931020742e+00 	 4.5138775247e-05
14900 	 15248 	 2.6931020374e+00 	 3.0626949499e-05
15000 	 15349 	 2.6931020073e+00 	 1.9940479744e-05
15100 	 15451 	 2.6931019748e+00 	 1.5602003391e-05
15200 	 15553 	 2.6931019423e+00 	 2.6135612104e-05
15300 	 15658 	 2.6931019111e+00 	 1.8733974320e-05
15400 	 15762 	 2.6931018815e+00 	 1.8503903082e-05
15500 	 15862 	 2.6931018598e+00 	 1.3150531243e-05
15600 	 15965 	 2.6931018438e+00 	 1.4935123918e-05
15700 	 16069 	 2.6931018295e+00 	 1.8063613705e-05
15800 	 16170 	 2.6931018192e+00 	 8.0364563871e-06
15900 	 16272 	 2.6931018113e+00 	 9.5341818703e-06
16000 	 16375 	 2.6931018026e+00 	 8.6065457653e-06
16100 	 16479 	 2.6931017899e+00 	 1.0341598313e-05
16200 	 16579 	 2.6931017765e+00 	 9.8634167817e-06
16300 	 16681 	 2.6931017654e+00 	 1.5271794804e-05
16400 	 16784 	 2.6931017575e+00 	 9.7678849762e-06
16500 	 16887 	 2.6931017501e+00 	 8.3123860784e-06
16600 	 16990 	 2.6931017455e+00 	 5.6232978905e-06
16700 	 17095 	 2.6931017424e+00 	 1.0218652910e-05
16800 	 17198 	 2.6931017401e+00 	 6.4538073260e-06
16900 	 17300 	 2.6931017382e+00 	 3.8957181709e-06
17000 	 17402 	 2.6931017366e+00 	 6.0861487011e-06
17100 	 17505 	 2.6931017340e+00 	 6.3575105525e-06
17200 	 17608 	 2.6931017295e+00 	 8.8772929214e-06
17300 	 17711 	 2.6931017236e+00 	 1.7733110301e-05
17400 	 17816 	 2.6931017164e+00 	 1.1460078370e-05
17500 	 17919 	 2.6931017094e+00 	 7.7637505772e-06
17600 	 18023 	 2.6931017042e+00 	 1.0342787529e-05
17700 	 18125 	 2.6931016981e+00 	 1.3241460297e-05
17800 	 18227 	 2.6931016922e+00 	 1.3477469135e-05
17900 	 18330 	 2.6931016864e+00 	 5.9889019530e-06
18000 	 18431 	 2.6931016795e+00 	 7.4963485782e-06
18100 	 18534 	 2.6931016711e+00 	 1.2217679944e-05
18200 	 18634 	 2.6931016636e+00 	 8.0615684070e-06
18300 	 18736 	 2.6931016575e+00 	 9.3648681986e-06
18400 	 18837 	 2.6931016518e+00 	 7.8554121361e-06
18500 	 18938 	 2.6931016471e+00 	 6.0229552704e-06
18600 	 19041 	 2.6931016423e+00 	 7.3567516804e-06
18700 	 19143 	 2.6931016384e+00 	 6.6334841481e-06
18800 	 19245 	 2.6931016342e+00 	 1.0393019691e-05
18900 	 19347 	 2.6931016311e+00 	 4.4865072264e-06
19000 	 19452 	 2.6931016284e+00 	 5.0723688735e-06
19100 	 19555 	 2.6931016258e+00 	 5.4626672877e-06
19200 	 19657 	 2.6931016238e+00 	 4.2284807431e-06
19300 	 19760 	 2.6931016227e+00 	 3.2710388810e-06
19400 	 19861 	 2.6931016217e+00 	 2.5126655304e-06
19500 	 19962 	 2.6931016208e+00 	 3.5788272726e-06
19600 	 20063 	 2.6931016201e+00 	 5.2766951520e-06
19700 	 20164 	 2.6931016195e+00 	 2.7198900439e-06
19800 	 20268 	 2.6931016189e+00 	 2.9918823824e-06
19900 	 20372 	 2.6931016182e+00 	 5.5607937301e-06
20000 	 20475 	 2.6931016176e+00 	 2.6277728947e-06
20100 	 20576 	 2.6931016170e+00 	 2.6095700900e-06
20200 	 20678 	 2.6931016162e+00 	 2.4853095833e-06
20300 	 20782 	 2.6931016153e+00 	 2.9669508159e-06
20400 	 20885 	 2.6931016143e+00 	 3.7053364834e-06
20500 	 20987 	 2.6931016133e+00 	 8.8007372195e-06
20600 	 21091 	 2.6931016127e+00 	 2.4033065572e-06
20700 	 21193 	 2.6931016121e+00 	 2.6089106127e-06
20800 	 21296 	 2.6931016113e+00 	 3.4935547615e-06
20900 	 21399 	 2.6931016105e+00 	 3.9812683519e-06
21000 	 21502 	 2.6931016098e+00 	 4.6390822855e-06
21100 	 21606 	 2.6931016092e+00 	 5.1457819582e-06
21200 	 21710 	 2.6931016085e+00 	 2.0393241220e-06
21300 	 21812 	 2.6931016080e+00 	 2.6255577209e-06
21400 	 21915 	 2.6931016076e+00 	 2.4464297829e-06
21500 	 22019 	 2.6931016072e+00 	 1.8532254704e-06
21600 	 22123 	 2.6931016068e+00 	 4.1873281557e-06
21700 	 22226 	 2.6931016064e+00 	 1.9221991677e-06
21800 	 22327 	 2.6931016060e+00 	 2.5302881674e-06
21900 	 22428 	 2.6931016056e+00 	 2.9047756790e-06
22000 	 22532 	 2.6931016052e+00 	 2.4841746651e-06
22100 	 22634 	 2.6931016048e+00 	 2.1513108300e-06
22200 	 22738 	 2.6931016045e+00 	 1.9900724218e-06
22300 	 22840 	 2.6931016041e+00 	 4.1595224037e-06
22400 	 22944 	 2.6931016037e+00 	 3.1361764951e-06
22500 	 23045 	 2.6931016033e+00 	 2.7900414560e-06
22600 	 23148 	 2.6931016029e+00 	 2.9094094268e-06
22700 	 23250 	 2.6931016025e+00 	 1.9169165860e-06
22800 	 23353 	 2.6931016023e+00 	 3.3695189564e-06
22900 	 23455 	 2.6931016019e+00 	 1.5260655804e-06
23000 	 23559 	 2.6931016015e+00 	 1.9506451655e-06
23100 	 23662 	 2.6931016012e+00 	 1.7578668975e-06
23200 	 23764 	 2.6931016009e+00 	 1.7929643824e-06
23300 	 23866 	 2.6931016007e+00 	 1.5778464045e-06
23400 	 23970 	 2.6931016004e+00 	 1.7304250505e-06
23500 	 24073 	 2.6931016002e+00 	 1.4400445081e-06
23600 	 24175 	 2.6931016000e+00 	 1.7963471179e-06
23700 	 24276 	 2.6931015999e+00 	 1.8417422281e-06
23800 	 24380 	 2.6931015998e+00 	 1.0016556659e-06
23900 	 24482 	 2.6931015996e+00 	 7.0924536600e-07
24000 	 24584 	 2.6931015995e+00 	 1.7163933256e-06
24100 	 24688 	 2.6931015994e+00 	 1.0008774785e-06
24200 	 24791 	 2.6931015993e+00 	 9.8925504364e-07
24300 	 24893 	 2.6931015992e+00 	 8.3326775861e-07
24400 	 24998 	 2.6931015992e+00 	 8.2316871333e-07
24500 	 25102 	 2.6931015991e+00 	 8.7249377536e-07
24600 	 25206 	 2.6931015990e+00 	 9.8337578240e-07
24700 	 25307 	 2.6931015989e+00 	 1.7356773985e-06
24800 	 25408 	 2.6931015989e+00 	 6.9897232892e-07
24900 	 25511 	 2.6931015988e+00 	 1.1920916610e-06
25000 	 25615 	 2.6931015988e+00 	 7.0095445305e-07
25100 	 25718 	 2.6931015988e+00 	 6.4344528000e-07
25200 	 25820 	 2.6931015987e+00 	 5.5104013650e-07
25300 	 25922 	 2.6931015987e+00 	 5.7770157618e-07
25400 	 26024 	 2.6931015987e+00 	 4.8894654317e-07
25500 	 26127 	 2.6931015986e+00 	 3.6317909492e-07
25600 	 26229 	 2.6931015986e+00 	 3.7175135690e-07
25700 	 26332 	 2.6931015986e+00 	 4.7774275842e-07
25800 	 26435 	 2.6931015986e+00 	 6.8371722155e-07
25900 	 26536 	 2.6931015985e+00 	 1.2632299893e-06
26000 	 26638 	 2.6931015985e+00 	 9.5204260708e-07
26100 	 26741 	 2.6931015984e+00 	 6.5639294369e-07
26200 	 26842 	 2.6931015984e+00 	 1.4273444602e-06
26300 	 26945 	 2.6931015983e+00 	 8.0333483215e-07
26400 	 27049 	 2.6931015982e+00 	 8.1528377187e-07
26500 	 27150 	 2.6931015982e+00 	 6.9676462211e-07
26600 	 27253 	 2.6931015982e+00 	 6.3469982405e-07
26700 	 27358 	 2.6931015982e+00 	 5.5706017393e-07
26800 	 27463 	 2.6931015981e+00 	 4.5692515205e-07
26900 	 27566 	 2.6931015981e+00 	 3.1322259457e-07
27000 	 27668 	 2.6931015981e+00 	 2.7971980123e-07
27100 	 27770 	 2.6931015981e+00 	 6.3922060917e-07
27200 	 27872 	 2.6931015981e+00 	 6.5072396252e-07
27300 	 27973 	 2.6931015981e+00 	 1.0822577554e-06
27400 	 28076 	 2.6931015981e+00 	 6.0886789209e-07
27500 	 28177 	 2.6931015981e+00 	 3.5077629326e-07
27600 	 28279 	 2.6931015980e+00 	 5.7148192771e-07
27700 	 28380 	 2.6931015980e+00 	 5.6515027359e-07
27800 	 28483 	 2.6931015980e+00 	 5.7979105922e-07
27900 	 28585 	 2.6931015980e+00 	 5.9995502536e-07
28000 	 28689 	 2.6931015980e+00 	 1.2084880597e-06
28100 	 28791 	 2.6931015980e+00 	 1.4578747841e-06
28200 	 28892 	 2.6931015979e+00 	 6.2325395693e-07
28300 	 28994 	 2.6931015979e+00 	 5.5608015509e-07
28400 	 29096 	 2.6931015979e+00 	 1.5405750515e-06
28500 	 29198 	 2.6931015978e+00 	 6.5929662276e-07
28600 	 29300 	 2.6931015978e+00 	 6.8179717895e-07
28700 	 29403 	 2.6931015978e+00 	 4.2096559408e-07
28800 	 29504 	 2.6931015978e+00 	 4.8793786791e-07
28900 	 29609 	 2.6931015977e+00 	 3.8607765043e-07
29000 	 29710 	 2.6931015977e+00 	 3.7822969192e-07
29100 	 29813 	 2.6931015977e+00 	 3.5140979984e-07
29200 	 29914 	 2.6931015977e+00 	 7.4399054458e-07
29300 	 30017 	 2.6931015977e+00 	 7.1683892417e-07
29400 	 30120 	 2.6931015977e+00 	 6.2831583968e-07
29500 	 30221 	 2.6931015977e+00 	 4.1192508556e-07
29600 	 30322 	 2.6931015977e+00 	 4.2302305460e-07
29700 	 30426 	 2.6931015976e+00 	 3.2442232168e-07
29800 	 30528 	 2.6931015976e+00 	 8.1007386110e-07
29900 	 30628 	 2.6931015976e+00 	 2.9180730148e-07
30000 	 30733 	 2.6931015976e+00 	 2.7647644698e-07
30100 	 30835 	 2.6931015976e+00 	 2.2547850551e-07
30200 	 30937 	 2.6931015976e+00 	 4.5434120676e-07
30300 	 31041 	 2.6931015976e+00 	 2.0269385782e-07
30400 	 31145 	 2.6931015976e+00 	 1.6079423723e-07
30500 	 31250 	 2.6931015976e+00 	 1.5156789654e-07
30600 	 31356 	 2.6931015976e+00 	 1.2973083699e-07
30700 	 31461 	 2.6931015976e+00 	 2.5540350324e-07
30800 	 31566 	 2.6931015976e+00 	 1.8715997689e-07
30900 	 31670 	 2.6931015976e+00 	 1.6501653483e-07
31000 	 31778 	 2.6931015976e+00 	 1.2076932932e-07
31100 	 31887 	 2.6931015976e+00 	 2.1767306212e-07
31200 	 31996 	 2.6931015976e+00 	 1.4051208652e-07
31300 	 32099 	 2.6931015976e+00 	 1.5462396833e-07
31400 	 32206 	 2.6931015976e+00 	 2.3404408825e-07
31500 	 32318 	 2.6931015976e+00 	 1.3402628019e-07
31600 	 32427 	 2.6931015976e+00 	 1.0232023421e-07
31700 	 32531 	 2.6931015976e+00 	 2.1366735754e-07
31800 	 32638 	 2.6931015976e+00 	 1.7873276394e-07
31900 	 32745 	 2.6931015976e+00 	 1.4608191184e-07
32000 	 32853 	 2.6931015976e+00 	 1.6325325169e-07
32100 	 32958 	 2.6931015976e+00 	 1.6069541315e-07
32200 	 33064 	 2.6931015976e+00 	 1.4677506289e-07
32300 	 33170 	 2.6931015976e+00 	 1.4903926416e-07
32400 	 33282 	 2.6931015976e+00 	 1.0132464368e-07
32500 	 33390 	 2.6931015976e+00 	 1.3513710815e-07
32600 	 33500 	 2.6931015976e+00 	 6.7023119668e-08
32700 	 33613 	 2.6931015976e+00 	 1.3851808952e-07
32800 	 33720 	 2.6931015976e+00 	 1.3085522199e-07
# ---- 
 1 		 32868 	 33831 		 3.2268644253e+00 	 2.6931015976e+00 	 1.1072492866e-07
# ---- 
100 	 102 	 6.1599267555e+00 	 3.0952363618e-02
200 	 205 	 6.1488127854e+00 	 1.4203840342e-02
300 	 306 	 6.1427469279e+00 	 1.0317981885e-02
400 	 407 	 6.1372249663e+00 	 7.4514841342e-03
500 	 509 	 6.1340388712e+00 	 7.4279847595e-03
600 	 612 	 6.1321052212e+00 	 4.8932910200e-03
700 	 714 	 6.1312711937e+00 	 6.1859514501e-03
800 	 817 	 6.1308728475e+00 	 2.2141074002e-03
900 	 919 	 6.1306099626e+00 	 1.8937964433e-03
1000 	 1020 	 6.1304345100e+00 	 1.1148224905e-03
1100 	 1121 	 6.1303065259e+00 	 1.2309075286e-03
1200 	 1225 	 6.1301995995e+00 	 1.6398000172e-03
1300 	 1328 	 6.1301129392e+00 	 1.6596596451e-03
1400 	 1431 	 6.1300425230e+00 	 1.2919251891e-03
1500 	 1534 	 6.1299958569e+00 	 7.5403745790e-04
1600 	 1637 	 6.1299611832e+00 	 9.6710443738e-04
1700 	 1739 	 6.1299325997e+00 	 7.1991183459e-04
1800 	 1842 	 6.1299038297e+00 	 1.0897775718e-03
1900 	 1944 	 6.1298783851e+00 	 9.2561236236e-04
2000 	 2046 	 6.1298565683e+00 	 5.3639697042e-04
2100 	 2148 	 6.1298424496e+00 	 3.4909591596e-04
2200 	 2251 	 6.1298270963e+00 	 9.3026611709e-04
2300 	 2354 	 6.1298113895e+00 	 7.1156439268e-04
2400 	 2457 	 6.1297970472e+00 	 4.4261103085e-04
2500 	 2560 	 6.1297876357e+00 	 3.1729321258e-04
2600 	 2662 	 6.1297789701e+00 	 3.3177601826e-04
2700 	 2764 	 6.1297721948e+00 	 3.1149377467e-04
2800 	 2867 	 6.1297638949e+00 	 3.2573650132e-04
2900 	 2968 	 6.1297551754e+00 	 5.2017095430e-04
3000 	 3071 	 6.1297470932e+00 	 3.0107779549e-04
3100 	 3175 	 6.1297418589e+00 	 2.2785493977e-04
3200 	 3278 	 6.1297386338e+00 	 6.4712891020e-04
3300 	 3380 	 6.1297358416e+00 	 5.0822011791e-04
3400 	 3481 	 6.1297326780e+00 	 3.6226972199e-04
3500 	 3585 	 6.1297295455e+00 	 1.8591891385e-04
3600 	 3688 	 6.1297267883e+00 	 2.9229023735e-04
3700 	 3789 	 6.1297230971e+00 	 2.9061841997e-04
3800 	 3891 	 6.1297196580e+00 	 3.6427833554e-04
3900 	 3993 	 6.1297168648e+00 	 2.4708461434e-04
4000 	 4095 	 6.1297142212e+00 	 2.3770034135e-04
4100 	 4197 	 6.1297115042e+00 	 5.5993652579e-04
4200 	 4300 	 6.1297078910e+00 	 2.1811234255e-04
4300 	 4403 	 6.1297046143e+00 	 1.7696616964e-04
4400 	 4506 	 6.1297008263e+00 	 2.0560400823e-04
4500 	 4610 	 6.1296983900e+00 	 1.8488038720e-04
4600 	 4713 	 6.1296966280e+00 	 2.0298644035e-04
4700 	 4813 	 6.1296950488e+00 	 1.1853721796e-04
4800 	 4914 	 6.1296936131e+00 	 2.3855596830e-04
4900 	 5016 	 6.1296926926e+00 	 1.3179749426e-04
5000 	 5118 	 6.1296918126e+00 	 8.2337219864e-05
5100 	 5220 	 6.1296910707e+00 	 1.5559144871e-04
5200 	 5325 	 6.1296903589e+00 	 7.8881201647e-05
5300 	 5426 	 6.1296897524e+00 	 7.9597055091e-05
5400 	 5526 	 6.1296891748e+00 	 1.3754711044e-04
5500 	 5628 	 6.1296886698e+00 	 1.0004773333e-04
5600 	 5731 	 6.1296880982e+00 	 1.2992995297e-04
5700 	 5833 	 6.1296872954e+00 	 9.6722277795e-05
5800 	 5936 	 6.1296863934e+00 	 1.2838460427e-04
5900 	 6039 	 6.1296854738e+00 	 2.4176160001e-04
6000 	 6140 	 6.1296845425e+00 	 2.3594435549e-04
6100 	 6243 	 6.1296835271e+00 	 1.6095506779e-04
6200 	 6347 	 6.1296826476e+00 	 1.6157065296e-04
6300 	 6448 	 6.1296818979e+00 	 1.0925005042e-04
6400 	 6551 	 6.1296812179e+00 	 1.3852310549e-04
6500 	 6653 	 6.1296804139e+00 	 2.4595123431e-04
6600 	 6754 	 6.1296796908e+00 	 1.0397467693e-04
6700 	 6856 	 6.1296790628e+00 	 5.5316299207e-05
6800 	 6958 	 6.1296784208e+00 	 8.3694297137e-05
6900 	 7061 	 6.1296778013e+00 	 2.0195804687e-04
7000 	 7164 	 6.1296772503e+00 	 8.7489409655e-05
7100 	 7266 	 6.1296766891e+00 	 6.5606150029e-05
7200 	 7369 	 6.1296761942e+00 	 5.6586839629e-05
7300 	 7472 	 6.1296758302e+00 	 7.2415061128e-05
7400 	 7573 	 6.1296755260e+00 	 5.4371049849e-05
7500 	 7676 	 6.1296753001e+00 	 4.8936148647e-05
7600 	 7779 	 6.1296750791e+00 	 5.2112228891e-05
7700 	 7880 	 6.1296748874e+00 	 4.0511740154e-05
7800 	 7984 	 6.1296747754e+00 	 3.3254619692e-05
7900 	 8086 	 6.1296746647e+00 	 3.5232374309e-05
8000 	 8186 	 6.1296745743e+00 	 2.9393053123e-05
8100 	 8288 	 6.1296745039e+00 	 5.5830402615e-05
8200 	 8388 	 6.1296744204e+00 	 3.2320570056e-05
8300 	 8489 	 6.1296743261e+00 	 2.6177706922e-05
8400 	 8592 	 6.1296742436e+00 	 4.4382443930e-05
8500 	 8693 	 6.1296741576e+00 	 3.4454079517e-05
8600 	 8795 	 6.1296740786e+00 	 3.7461628750e-05
8700 	 8897 	 6.1296740093e+00 	 2.6944634311e-05
8800 	 8997 	 6.1296739240e+00 	 6.4283045554e-05
8900 	 9100 	 6.1296738331e+00 	 5.2677901355e-05
9000 	 9203 	 6.1296737452e+00 	 3.0689016354e-05
9100 	 9308 	 6.1296736878e+00 	 2.2940378953e-05
9200 	 9413 	 6.1296736465e+00 	 2.5489188379e-05
9300 	 9516 	 6.1296736020e+00 	 1.8921547216e-05
9400 	 9618 	 6.1296735516e+00 	 3.0300755342e-05
9500 	 9720 	 6.1296735145e+00 	 2.3377337491e-05
9600 	 9823 	 6.1296734904e+00 	 3.0519842667e-05
9700 	 9927 	 6.1296734677e+00 	 1.7856284541e-05
9800 	 10030 	 6.1296734446e+00 	 3.3476405853e-05
9900 	 10132 	 6.1296734279e+00 	 1.8535631989e-05
10000 	 10235 	 6.1296734161e+00 	 1.1054477051e-05
10100 	 10338 	 6.1296734019e+00 	 1.5733447311e-05
10200 	 10440 	 6.1296733837e+00 	 1.4897668974e-05
10300 	 10543 	 6.1296733672e+00 	 1.3144009666e-05
10400 	 10649 	 6.1296733451e+00 	 2.4749941497e-05
10500 	 10751 	 6.1296733195e+00 	 1.7741375886e-05
10600 	 10854 	 6.1296732938e+00 	 1.4667606803e-05
10700 	 10955 	 6.1296732709e+00 	 1.4332558219e-05
10800 	 11058 	 6.1296732497e+00 	 1.3414478052e-05
10900 	 11158 	 6.1296732324e+00 	 1.2221250319e-05
11000 	 11259 	 6.1296732177e+00 	 1.3726482429e-05
11100 	 11362 	 6.1296732053e+00 	 2.5175638310e-05
11200 	 11463 	 6.1296731928e+00 	 3.5789591367e-05
11300 	 11564 	 6.1296731816e+00 	 1.0274536114e-05
11400 	 11668 	 6.1296731719e+00 	 1.4234337083e-05
11500 	 11770 	 6.1296731656e+00 	 9.1028326272e-06
11600 	 11873 	 6.1296731595e+00 	 6.6938610359e-06
11700 	 11975 	 6.1296731541e+00 	 6.9645497501e-06
11800 	 12077 	 6.1296731491e+00 	 6.1832399268e-06
11900 	 12178 	 6.1296731455e+00 	 5.7781806385e-06
12000 	 12282 	 6.1296731426e+00 	 6.0014632207e-06
12100 	 12387 	 6.1296731405e+00 	 7.9380551623e-06
12200 	 12490 	 6.1296731384e+00 	 5.8697464508e-06
12300 	 12593 	 6.1296731363e+00 	 8.8959869793e-06
12400 	 12695 	 6.1296731346e+00 	 4.3652128817e-06
12500 	 12796 	 6.1296731329e+00 	 4.2763394639e-06
12600 	 12900 	 6.1296731313e+00 	 9.9320033838e-06
12700 	 13003 	 6.1296731296e+00 	 3.4234294575e-06
12800 	 13104 	 6.1296731278e+00 	 7.7044976426e-06
12900 	 13206 	 6.1296731258e+00 	 4.6037023314e-06
13000 	 13307 	 6.1296731238e+00 	 4.0398830393e-06
13100 	 13410 	 6.1296731225e+00 	 4.2406247554e-06
13200 	 13512 	 6.1296731212e+00 	 3.2204691565e-06
13300 	 13614 	 6.1296731198e+00 	 4.8702038270e-06
13400 	 13716 	 6.1296731180e+00 	 6.6839133126e-06
13500 	 13819 	 6.1296731162e+00 	 4.2341229270e-06
13600 	 13920 	 6.1296731148e+00 	 3.2174554657e-06
13700 	 14023 	 6.1296731136e+00 	 4.0732710699e-06
13800 	 14127 	 6.1296731126e+00 	 6.8874692345e-06
13900 	 14229 	 6.1296731116e+00 	 2.7777957629e-06
14000 	 14332 	 6.1296731108e+00 	 2.5318136664e-06
14100 	 14433 	 6.1296731102e+00 	 6.7540030233e-06
14200 	 14536 	 6.1296731096e+00 	 2.7204402593e-06
14300 	 14639 	 6.1296731090e+00 	 8.2138024766e-06
14400 	 14742 	 6.1296731082e+00 	 2.5100685174e-06
14500 	 14844 	 6.1296731073e+00 	 2.9930714084e-06
14600 	 14946 	 6.1296731063e+00 	 7.3564884742e-06
14700 	 15048 	 6.1296731055e+00 	 5.0323140351e-06
14800 	 15149 	 6.1296731048e+00 	 2.3674133475e-06
14900 	 15250 	 6.1296731044e+00 	 2.5049684259e-06
15000 	 15350 	 6.1296731041e+00 	 1.6605015600e-06
15100 	 15454 	 6.1296731039e+00 	 1.6980176741e-06
15200 	 15556 	 6.1296731037e+00 	 2.9036364219e-06
15300 	 15658 	 6.1296731034e+00 	 1.5052548876e-06
15400 	 15761 	 6.1296731031e+00 	 4.6127993116e-06
15500 	 15864 	 6.1296731026e+00 	 3.6741434461e-06
15600 	 15967 	 6.1296731022e+00 	 3.3022858696e-06
15700 	 16070 	 6.1296731019e+00 	 2.6393806426e-06
15800 	 16174 	 6.1296731016e+00 	 1.6305241253e-06
15900 	 16276 	 6.1296731013e+00 	 1.7875787404e-06
16000 	 16379 	 6.1296731010e+00 	 2.1709559831e-06
16100 	 16481 	 6.1296731006e+00 	 1.8999170958e-06
16200 	 16585 	 6.1296731003e+00 	 1.2059520363e-06
16300 	 16689 	 6.1296731001e+00 	 2.0285240552e-06
16400 	 16792 	 6.1296730998e+00 	 2.3522531374e-06
16500 	 16895 	 6.1296730996e+00 	 1.7362647071e-06
16600 	 17000 	 6.1296730995e+00 	 1.1019357484e-06
16700 	 17101 	 6.1296730993e+00 	 1.2619808117e-06
16800 	 17203 	 6.1296730992e+00 	 2.1816446694e-06
16900 	 17306 	 6.1296730991e+00 	 1.6654123062e-06
17000 	 17408 	 6.1296730989e+00 	 8.5779330795e-07
17100 	 17510 	 6.1296730988e+00 	 1.2903569710e-06
17200 	 17614 	 6.1296730988e+00 	 1.7940328463e-06
17300 	 17715 	 6.1296730987e+00 	 1.2013776460e-06
17400 	 17816 	 6.1296730987e+00 	 5.2754184577e-07
17500 	 17917 	 6.1296730986e+00 	 5.6504527564e-07
17600 	 18019 	 6.1296730986e+00 	 7.3827925870e-07
17700 	 18120 	 6.1296730985e+00 	 7.5358068392e-07
17800 	 18224 	 6.1296730985e+00 	 7.1956132067e-07
17900 	 18325 	 6.1296730985e+00 	 7.3148946593e-07
18000 	 18427 	 6.1296730984e+00 	 1.7044450237e-06
18100 	 18530 	 6.1296730984e+00 	 1.6951376450e-06
18200 	 18631 	 6.1296730983e+00 	 6.7339128662e-07
18300 	 18734 	 6.1296730983e+00 	 8.2172333648e-07
18400 	 18835 	 6.1296730982e+00 	 4.8007961287e-07
18500 	 18936 	 6.1296730982e+00 	 1.1303310778e-06
18600 	 19038 	 6.1296730982e+00 	 3.6368134599e-07
18700 	 19140 	 6.1296730982e+00 	 5.6016647864e-07
18800 	 19243 	 6.1296730981e+00 	 1.0361514373e-06
18900 	 19345 	 6.1296730981e+00 	 1.2617078715e-06
19000 	 19449 	 6.1296730981e+00 	 7.4184494496e-07
19100 	 19551 	 6.1296730981e+00 	 4.8043076557e-07
19200 	 19654 	 6.1296730980e+00 	 5.0044257592e-07
19300 	 19758 	 6.1296730980e+00 	 4.7524487369e-07
19400 	 19862 	 6.1296730980e+00 	 7.1914090925e-07
19500 	 19963 	 6.1296730980e+00 	 5.3475077168e-07
19600 	 20064 	 6.1296730979e+00 	 5.0828341651e-07
19700 	 20167 	 6.1296730979e+00 	 5.8083127227e-07
19800 	 20267 	 6.1296730979e+00 	 5.4096203134e-07
19900 	 20371 	 6.1296730979e+00 	 4.9927088661e-07
20000 	 20475 	 6.1296730979e+00 	 5.3516698142e-07
20100 	 20577 	 6.1296730979e+00 	 7.6387882564e-07
20200 	 20677 	 6.1296730978e+00 	 3.2390408733e-07
20300 	 20781 	 6.1296730978e+00 	 4.2717334550e-07
20400 	 20884 	 6.1296730978e+00 	 7.8488247994e-07
20500 	 20990 	 6.1296730978e+00 	 4.2268836771e-07
20600 	 21092 	 6.1296730978e+00 	 4.1941563419e-07
20700 	 21201 	 6.1296730978e+00 	 2.1668729347e-07
20800 	 21306 	 6.1296730978e+00 	 2.8728087632e-07
20900 	 21413 	 6.1296730978e+00 	 8.3456723344e-08
21000 	 21526 	 6.1296730978e+00 	 9.7992560421e-08
21100 	 21642 	 6.1296730978e+00 	 1.4098969597e-07
21200 	 21746 	 6.1296730978e+00 	 1.6497685757e-07
21300 	 21860 	 6.1296730978e+00 	 1.5385915501e-07
21400 	 21965 	 6.1296730978e+00 	 1.5814104307e-07
21500 	 22081 	 6.1296730978e+00 	 1.4852028365e-07
21600 	 22190 	 6.1296730978e+00 	 1.7006160009e-07
21700 	 22292 	 6.1296730978e+00 	 1.6822781409e-07
21800 	 22404 	 6.1296730978e+00 	 1.2820891171e-07
21900 	 22517 	 6.1296730978e+00 	 1.2119893020e-07
22000 	 22626 	 6.1296730978e+00 	 4.5387542337e-07
22100 	 22733 	 6.1296730978e+00 	 1.5913949168e-07
22200 	 22851 	 6.1296730978e+00 	 1.2375760703e-07
22300 	 22957 	 6.1296730978e+00 	 1.3015204288e-07
22400 	 23072 	 6.1296730978e+00 	 1.5237596887e-07
22500 	 23191 	 6.1296730978e+00 	 1.7801381542e-07
# ---- 
 1 		 22563 	 23278 		 6.6512932507e+00 	 6.1296730978e+00 	 2.0704934115e-07
# ---- 
100 	 102 	 1.1014676531e+01 	 1.4097782177e-02
200 	 204 	 1.1006674038e+01 	 1.0854484459e-02
300 	 306 	 1.1001114450e+01 	 7.9888762465e-03
400 	 408 	 1.0996962256e+01 	 1.1487731569e-02
500 	 508 	 1.0993955383e+01 	 7.4168020040e-03
600 	 610 	 1.0992271393e+01 	 4.0112134055e-03
700 	 716 	 1.0991463643e+01 	 3.5907038921e-03
800 	 819 	 1.0990999208e+01 	 3.2339254346e-03
900 	 922 	 1.0990700696e+01 	 4.0139946914e-03
1000 	 1025 	 1.0990473181e+01 	 1.6157850133e-03
1100 	 1129 	 1.0990322560e+01 	 1.9202219835e-03
1200 	 1232 	 1.0990204032e+01 	 1.2708573187e-03
1300 	 1334 	 1.0990114545e+01 	 2.0663791471e-03
1400 	 1436 	 1.0990045885e+01 	 1.4315846259e-03
1500 	 1540 	 1.0989979410e+01 	 1.0406712274e-03
1600 	 1643 	 1.0989931271e+01 	 6.8751786248e-04
1700 	 1744 	 1.0989900665e+01 	 4.3591066951e-04
1800 	 1847 	 1.0989876223e+01 	 8.3631005533e-04
1900 	 1950 	 1.0989852528e+01 	 6.0820840576e-04
2000 	 2051 	 1.0989834369e+01 	 3.7120393256e-04
2100 	 2153 	 1.0989817727e+01 	 4.5749061069e-04
2200 	 2256 	 1.0989801640e+01 	 4.8128871283e-04
2300 	 2360 	 1.0989789097e+01 	 4.0626916381e-04
2400 	 2460 	 1.0989779593e+01 	 3.1536403826e-04
2500 	 2562 	 1.0989770400e+01 	 4.0389275966e-04
2600 	 2665 	 1.0989761499e+01 	 3.3596851943e-04
2700 	 2767 	 1.0989754552e+01 	 4.2624144214e-04
2800 	 2868 	 1.0989747562e+01 	 2.5513597983e-04
2900 	 2970 	 1.0989740821e+01 	 2.4782524063e-04
3000 	 3074 	 1.0989735371e+01 	 2.8569219672e-04
3100 	 3176 	 1.0989731640e+01 	 1.7802995124e-04
3200 	 3278 	 1.0989729466e+01 	 1.3971095247e-04
3300 	 3382 	 1.0989727477e+01 	 1.4206474379e-04
3400 	 3484 	 1.0989724862e+01 	 2.4314045673e-04
3500 	 3586 	 1.0989721455e+01 	 1.7406954613e-04
3600 	 3688 	 1.0989717859e+01 	 2.3814208748e-04
3700 	 3789 	 1.0989714298e+01 	 1.4669212470e-04
3800 	 3893 	 1.0989711083e+01 	 1.6540620530e-04
3900 	 3996 	 1.0989707823e+01 	 2.1821179771e-04
4000 	 4100 	 1.0989704379e+01 	 2.1168451320e-04
4100 	 4205 	 1.0989702045e+01 	 1.5829600040e-04
4200 	 4307 	 1.0989700328e+01 	 1.2939331904e-04
4300 	 4411 	 1.0989698929e+01 	 1.3122400765e-04
4400 	 4513 	 1.0989697648e+01 	 1.8599192158e-04
4500 	 4616 	 1.0989696716e+01 	 9.5318208068e-05
4600 	 4717 	 1.0989695879e+01 	 1.0629858251e-04
4700 	 4823 	 1.0989694940e+01 	 9.3819818346e-05
4800 	 4925 	 1.0989694336e+01 	 6.7172421272e-05
4900 	 5026 	 1.0989693895e+01 	 6.8485940197e-05
5000 	 5130 	 1.0989693554e+01 	 1.7827977459e-04
5100 	 5231 	 1.0989693094e+01 	 1.0220877486e-04
5200 	 5335 	 1.0989692601e+01 	 7.1748336951e-05
5300 	 5438 	 1.0989692076e+01 	 1.0929667341e-04
5400 	 5542 	 1.0989691425e+01 	 9.8026809738e-05
5500 	 5643 	 1.0989690896e+01 	 7.9237336227e-05
5600 	 5745 	 1.0989690401e+01 	 1.0459956004e-04
5700 	 5849 	 1.0989689937e+01 	 7.7457287087e-05
5800 	 5950 	 1.0989689386e+01 	 7.5403985061e-05
5900 	 6052 	 1.0989688832e+01 	 7.7909195588e-05
6000 	 6156 	 1.0989688395e+01 	 1.1098640760e-04
6100 	 6259 	 1.0989687925e+01 	 1.2331276307e-04
6200 	 6363 	 1.0989687395e+01 	 7.4763185914e-05
6300 	 6464 	 1.0989686904e+01 	 6.3927983182e-05
6400 	 6566 	 1.0989686549e+01 	 5.6270320882e-05
6500 	 6668 	 1.0989686247e+01 	 5.3412151756e-05
6600 	 6770 	 1.0989686000e+01 	 4.6835571022e-05
6700 	 6873 	 1.0989685789e+01 	 4.4853730810e-05
6800 	 6976 	 1.0989685637e+01 	 3.8054194546e-05
6900 	 7079 	 1.0989685526e+01 	 3.5131060962e-05
7000 	 7181 	 1.0989685450e+01 	 2.2065777021e-05
7100 	 7283 	 1.0989685402e+01 	 2.2142992984e-05
7200 	 7386 	 1.0989685333e+01 	 3.3331750256e-05
7300 	 7489 	 1.0989685267e+01 	 3.5258324136e-05
7400 	 7589 	 1.0989685216e+01 	 3.3697354295e-05
7500 	 7691 	 1.0989685168e+01 	 2.1115410744e-05
7600 	 7794 	 1.0989685132e+01 	 1.7215026257e-05
7700 	 7894 	 1.0989685091e+01 	 2.4605358861e-05
7800 	 7997 	 1.0989685044e+01 	 2.3659275200e-05
7900 	 8100 	 1.0989684998e+01 	 1.9413487976e-05
8000 	 8202 	 1.0989684967e+01 	 1.4352665342e-05
8100 	 8305 	 1.0989684948e+01 	 3.0816102803e-05
8200 	 8406 	 1.0989684935e+01 	 1.2467031502e-05
8300 	 8508 	 1.0989684922e+01 	 1.8395566964e-05
8400 	 8610 	 1.0989684908e+01 	 1.5236926021e-05
8500 	 8712 	 1.0989684897e+01 	 1.7427159897e-05
8600 	 8814 	 1.0989684888e+01 	 1.9007558033e-05
8700 	 8915 	 1.0989684880e+01 	 9.7562794030e-06
8800 	 9018 	 1.0989684871e+01 	 1.2114438999e-05
8900 	 9121 	 1.0989684862e+01 	 1.0342628252e-05
9000 	 9225 	 1.0989684855e+01 	 9.6216937598e-06
9100 	 9328 	 1.0989684848e+01 	 7.6055584202e-06
9200 	 9430 	 1.0989684841e+01 	 1.0877589493e-05
9300 	 9532 	 1.0989684832e+01 	 1.1437501151e-05
9400 	 9635 	 1.0989684825e+01 	 8.1973584704e-06
9500 	 9738 	 1.0989684819e+01 	 7.3290434751e-06
9600 	 9840 	 1.0989684815e+01 	 7.3449515980e-06
9700 	 9944 	 1.0989684810e+01 	 6.3253641076e-06
9800 	 10049 	 1.0989684806e+01 	 6.2443783726e-06
9900 	 10152 	 1.0989684802e+01 	 8.6900980271e-06
10000 	 10255 	 1.0989684799e+01 	 1.1641059156e-05
10100 	 10357 	 1.0989684795e+01 	 6.5248903553e-06
10200 	 10458 	 1.0989684791e+01 	 7.7217939259e-06
10300 	 10561 	 1.0989684787e+01 	 1.5449224124e-05
10400 	 10664 	 1.0989684784e+01 	 7.2687862764e-06
10500 	 10768 	 1.0989684781e+01 	 8.7819412821e-06
10600 	 10872 	 1.0989684778e+01 	 5.9335380547e-06
10700 	 10975 	 1.0989684775e+01 	 5.3105375230e-06
10800 	 11076 	 1.0989684773e+01 	 4.3860874220e-06
10900 	 11177 	 1.0989684772e+01 	 4.8708163411e-06
11000 	 11280 	 1.0989684771e+01 	 5.1387189891e-06
11100 	 11382 	 1.0989684769e+01 	 3.0112678681e-06
11200 	 11484 	 1.0989684769e+01 	 2.3974836009e-06
11300 	 11584 	 1.0989684768e+01 	 2.6169177879e-06
11400 	 11689 	 1.0989684768e+01 	 2.2231220379e-06
11500 	 11790 	 1.0989684767e+01 	 2.4033511995e-06
11600 	 11892 	 1.0989684766e+01 	 3.0860713685e-06
11700 	 11996 	 1.0989684766e+01 	 2.3848354580e-06
11800 	 12100 	 1.0989684765e+01 	 2.1477993299e-06
11900 	 12204 	 1.0989684765e+01 	 2.1899985791e-06
12000 	 12307 	 1.0989684764e+01 	 3.1031474870e-06
12100 	 12410 	 1.0989684764e+01 	 2.3041205165e-06
12200 	 12513 	 1.0989684763e+01 	 1.5808570895e-06
12300 	 12614 	 1.0989684763e+01 	 2.0115930650e-06
12400 	 12715 	 1.0989684763e+01 	 4.2789721999e-06
12500 	 12818 	 1.0989684763e+01 	 1.3966469993e-06
12600 	 12921 	 1.0989684762e+01 	 1.3336564814e-06
12700 	 13023 	 1.0989684762e+01 	 2.4421673924e-06
12800 	 13124 	 1.0989684762e+01 	 1.1938057883e-06
12900 	 13225 	 1.0989684762e+01 	 1.1567780347e-06
13000 	 13327 	 1.0989684762e+01 	 1.5603560590e-06
13100 	 13429 	 1.0989684762e+01 	 1.8240762370e-06
13200 	 13532 	 1.0989684762e+01 	 8.1769185054e-07
13300 	 13634 	 1.0989684762e+01 	 7.8363040131e-07
13400 	 13736 	 1.0989684762e+01 	 5.5380506821e-07
13500 	 13838 	 1.0989684761e+01 	 5.5331225620e-07
13600 	 13940 	 1.0989684761e+01 	 7.1765186100e-07
13700 	 14044 	 1.0989684761e+01 	 9.7368887629e-07
13800 	 14146 	 1.0989684761e+01 	 7.2001480792e-07
13900 	 14250 	 1.0989684761e+01 	 7.4184022362e-07
14000 	 14353 	 1.0989684761e+01 	 8.0485841723e-07
14100 	 14459 	 1.0989684761e+01 	 5.8710837412e-07
14200 	 14562 	 1.0989684761e+01 	 8.7186039645e-07
14300 	 14663 	 1.0989684761e+01 	 5.3721872627e-07
14400 	 14766 	 1.0989684761e+01 	 8.0216925342e-07
14500 	 14867 	 1.0989684761e+01 	 7.7600185915e-07
14600 	 14968 	 1.0989684761e+01 	 5.5495693191e-07
14700 	 15070 	 1.0989684761e+01 	 7.4603071221e-07
14800 	 15175 	 1.0989684761e+01 	 6.2646554731e-07
14900 	 15277 	 1.0989684761e+01 	 7.7133186374e-07
15000 	 15380 	 1.0989684761e+01 	 7.8609591200e-07
15100 	 15482 	 1.0989684761e+01 	 7.1956340404e-07
15200 	 15585 	 1.0989684761e+01 	 5.0411083098e-07
15300 	 15688 	 1.0989684761e+01 	 4.8280843366e-07
15400 	 15794 	 1.0989684761e+01 	 3.1646475354e-07
15500 	 15899 	 1.0989684761e+01 	 3.1616231043e-07
15600 	 16009 	 1.0989684761e+01 	 4.4302873143e-07
15700 	 16115 	 1.0989684761e+01 	 4.1292082509e-07
15800 	 16223 	 1.0989684761e+01 	 2.2509840333e-07
15900 	 16332 	 1.0989684761e+01 	 2.4861114260e-07
16000 	 16443 	 1.0989684761e+01 	 1.5670640260e-07
16100 	 16551 	 1.0989684761e+01 	 2.3807362506e-07
16200 	 16659 	 1.0989684761e+01 	 2.3816002746e-07
16300 	 16773 	 1.0989684761e+01 	 3.9834425313e-07
16400 	 16879 	 1.0989684761e+01 	 7.3169287364e-07
16500 	 16992 	 1.0989684761e+01 	 2.4612455929e-07
16600 	 17099 	 1.0989684761e+01 	 1.3745831752e-07
# ---- 
 1 		 16658 	 17176 		 1.1505350564e+01 	 1.0989684761e+01 	 2.7716059679e-07
# ---- 
100 	 102 	 1.7305795858e+01 	 1.6188407312e-02
200 	 204 	 1.7299452300e+01 	 1.0809016639e-02
300 	 305 	 1.7294398235e+01 	 8.3006646351e-03
400 	 406 	 1.7290989292e+01 	 7.6371174436e-03
500 	 509 	 1.7288154836e+01 	 6.7590331450e-03
600 	 610 	 1.7286530521e+01 	 4.2520036220e-03
700 	 713 	 1.7285791667e+01 	 3.7011125808e-03
800 	 816 	 1.7285372146e+01 	 2.6063246645e-03
900 	 917 	 1.7285091049e+01 	 2.3536066618e-03
1000 	 1018 	 1.7284906414e+01 	 1.3975208561e-03
1100 	 1120 	 1.7284712209e+01 	 1.2582636296e-03
1200 	 1223 	 1.7284551401e+01 	 1.4190325308e-03
1300 	 1323 	 1.7284464033e+01 	 7.8305243647e-04
1400 	 1424 	 1.7284393773e+01 	 2.1957587356e-03
1500 	 1526 	 1.7284339487e+01 	 6.4360800394e-04
1600 	 1630 	 1.7284300141e+01 	 6.1268049065e-04
1700 	 1734 	 1.7284266570e+01 	 1.2206517107e-03
1800 	 1838 	 1.7284235981e+01 	 9.4490177822e-04
1900 	 1940 	 1.7284210424e+01 	 6.3974130608e-04
2000 	 2042 	 1.7284197193e+01 	 3.9991410425e-04
2100 	 2145 	 1.7284187125e+01 	 4.5941760764e-04
2200 	 2247 	 1.7284179088e+01 	 5.2543574266e-04
2300 	 2349 	 1.7284169994e+01 	 4.7141916577e-04
2400 	 2451 	 1.7284161297e+01 	 3.9415266829e-04
2500 	 2555 	 1.7284153193e+01 	 7.3365922390e-04
2600 	 2657 	 1.7284146063e+01 	 2.6873903175e-04
2700 	 2760 	 1.7284140508e+01 	 2.2199249938e-04
2800 	 2861 	 1.7284136694e+01 	 1.7029809608e-04
2900 	 2964 	 1.7284133691e+01 	 2.9974738213e-04
3000 	 3066 	 1.7284131007e+01 	 1.7239322137e-04
3100 	 3170 	 1.7284128429e+01 	 1.7790283212e-04
3200 	 3272 	 1.7284126211e+01 	 1.6274691544e-04
3300 	 3376 	 1.7284123901e+01 	 1.9089935829e-04
3400 	 3480 	 1.7284121313e+01 	 3.9659715468e-04
3500 	 3585 	 1.7284118851e+01 	 1.2118160975e-04
3600 	 3689 	 1.7284116857e+01 	 1.5395570649e-04
3700 	 3789 	 1.7284115242e+01 	 2.1875003902e-04
3800 	 3889 	 1.7284113748e+01 	 1.3179185731e-04
3900 	 3992 	 1.7284112445e+01 	 1.7567111434e-04
4000 	 4096 	 1.7284111373e+01 	 3.2845102322e-04
4100 	 4201 	 1.7284110453e+01 	 9.7122545172e-05
4200 	 4301 	 1.7284109717e+01 	 1.2560592026e-04
4300 	 4403 	 1.7284109073e+01 	 1.8182997621e-04
4400 	 4506 	 1.7284108430e+01 	 9.5497015238e-05
4500 	 4609 	 1.7284107861e+01 	 7.7690108751e-05
4600 	 4710 	 1.7284107420e+01 	 9.5432284494e-05
4700 	 4811 	 1.7284107135e+01 	 5.4028514132e-05
4800 	 4913 	 1.7284106890e+01 	 5.1223305357e-05
4900 	 5016 	 1.7284106608e+01 	 8.2304382844e-05
5000 	 5119 	 1.7284106338e+01 	 6.7807816625e-05
5100 	 5221 	 1.7284106067e+01 	 5.5385537484e-05
5200 	 5321 	 1.7284105849e+01 	 5.4384618949e-05
5300 	 5422 	 1.7284105656e+01 	 6.6447043949e-05
5400 	 5525 	 1.7284105467e+01 	 6.2775780777e-05
5500 	 5629 	 1.7284105263e+01 	 7.2323238946e-05
5600 	 5732 	 1.7284105024e+01 	 3.9799404090e-05
5700 	 5832 	 1.7284104757e+01 	 6.0879899479e-05
5800 	 5934 	 1.7284104524e+01 	 9.9222961811e-05
5900 	 6036 	 1.7284104317e+01 	 4.8674265924e-05
6000 	 6138 	 1.7284104131e+01 	 1.4747403929e-04
6100 	 6241 	 1.7284103936e+01 	 4.2037788443e-05
6200 	 6342 	 1.7284103773e+01 	 3.9130063865e-05
6300 	 6444 	 1.7284103618e+01 	 4.4981651982e-05
6400 	 6545 	 1.7284103502e+01 	 2.5934795100e-05
6500 	 6646 	 1.7284103429e+01 	 2.9118855668e-05
6600 	 6750 	 1.7284103360e+01 	 4.0415428649e-05
6700 	 6852 	 1.7284103307e+01 	 7.2728315488e-05
6800 	 6956 	 1.7284103258e+01 	 2.7903638151e-05
6900 	 7060 	 1.7284103206e+01 	 3.6997259115e-05
7000 	 7164 	 1.7284103160e+01 	 2.2114272530e-05
7100 	 7265 	 1.7284103123e+01 	 2.4318539870e-05
7200 	 7366 	 1.7284103100e+01 	 1.4048263577e-05
7300 	 7467 	 1.7284103084e+01 	 2.0888593538e-05
7400 	 7567 	 1.7284103069e+01 	 1.5103361559e-05
7500 	 7670 	 1.7284103058e+01 	 1.6408610417e-05
7600 	 7770 	 1.7284103049e+01 	 9.2338795170e-06
7700 	 7873 	 1.7284103040e+01 	 1.0548383303e-05
7800 	 7974 	 1.7284103032e+01 	 1.0878758276e-05
7900 	 8075 	 1.7284103025e+01 	 1.8990560653e-05
8000 	 8177 	 1.7284103017e+01 	 8.9794429747e-06
8100 	 8278 	 1.7284103012e+01 	 6.2310151268e-06
8200 	 8381 	 1.7284103008e+01 	 5.7893033336e-06
8300 	 8484 	 1.7284103005e+01 	 9.4935575812e-06
8400 	 8586 	 1.7284103002e+01 	 7.4564164980e-06
8500 	 8686 	 1.7284102998e+01 	 6.1536660412e-06
8600 	 8790 	 1.7284102995e+01 	 6.0997476106e-06
8700 	 8892 	 1.7284102991e+01 	 1.0089373412e-05
8800 	 8995 	 1.7284102989e+01 	 4.7388882511e-06
8900 	 9096 	 1.7284102987e+01 	 4.6863109406e-06
9000 	 9201 	 1.7284102985e+01 	 4.9758056457e-06
9100 	 9303 	 1.7284102983e+01 	 5.7436459500e-06
9200 	 9407 	 1.7284102981e+01 	 5.0515819681e-06
9300 	 9511 	 1.7284102979e+01 	 4.5392311241e-06
9400 	 9612 	 1.7284102977e+01 	 3.3646889472e-06
9500 	 9712 	 1.7284102976e+01 	 5.6418692799e-06
9600 	 9813 	 1.7284102974e+01 	 3.7702556212e-06
9700 	 9916 	 1.7284102973e+01 	 5.5607817870e-06
9800 	 10018 	 1.7284102971e+01 	 4.0668287994e-06
9900 	 10120 	 1.7284102970e+01 	 7.2992056489e-06
10000 	 10222 	 1.7284102969e+01 	 4.9035388971e-06
10100 	 10325 	 1.7284102968e+01 	 3.2640183429e-06
10200 	 10428 	 1.7284102968e+01 	 2.2504668893e-06
10300 	 10529 	 1.7284102967e+01 	 2.1056785727e-06
10400 	 10631 	 1.7284102967e+01 	 2.3221014955e-06
10500 	 10734 	 1.7284102966e+01 	 1.2932592512e-06
10600 	 10836 	 1.7284102966e+01 	 1.3256943868e-06
10700 	 10939 	 1.7284102966e+01 	 1.6900925431e-06
10800 	 11041 	 1.7284102966e+01 	 1.0859679700e-06
10900 	 11143 	 1.7284102966e+01 	 1.3269890280e-06
11000 	 11246 	 1.7284102965e+01 	 1.4352438408e-06
11100 	 11346 	 1.7284102965e+01 	 1.1260606600e-06
11200 	 11449 	 1.7284102965e+01 	 1.1005530929e-06
11300 	 11553 	 1.7284102965e+01 	 2.3961724106e-06
11400 	 11655 	 1.7284102965e+01 	 1.0570964577e-06
11500 	 11759 	 1.7284102965e+01 	 9.4583610188e-07
11600 	 11860 	 1.7284102965e+01 	 1.2052153613e-06
11700 	 11962 	 1.7284102965e+01 	 1.7603091724e-06
11800 	 12064 	 1.7284102965e+01 	 8.6103311934e-07
11900 	 12167 	 1.7284102965e+01 	 8.0795093074e-07
12000 	 12270 	 1.7284102965e+01 	 1.5006449072e-06
12100 	 12375 	 1.7284102964e+01 	 5.0855480073e-07
12200 	 12480 	 1.7284102964e+01 	 8.1612679058e-07
12300 	 12583 	 1.7284102964e+01 	 9.1851026747e-07
12400 	 12686 	 1.7284102964e+01 	 6.2328049081e-07
12500 	 12791 	 1.7284102964e+01 	 5.6480861606e-07
12600 	 12894 	 1.7284102964e+01 	 7.8692466373e-07
12700 	 13002 	 1.7284102964e+01 	 4.7372309802e-07
12800 	 13105 	 1.7284102964e+01 	 5.7610968951e-07
12900 	 13213 	 1.7284102964e+01 	 5.9499735040e-07
13000 	 13317 	 1.7284102964e+01 	 5.0406527585e-07
13100 	 13420 	 1.7284102964e+01 	 4.1539977114e-07
13200 	 13523 	 1.7284102964e+01 	 4.6369281124e-07
13300 	 13626 	 1.7284102964e+01 	 5.6191662880e-07
13400 	 13732 	 1.7284102964e+01 	 4.9776453176e-07
13500 	 13836 	 1.7284102964e+01 	 3.8870832881e-07
13600 	 13950 	 1.7284102964e+01 	 3.6358853308e-07
13700 	 14062 	 1.7284102964e+01 	 1.8980605919e-07
# ---- 
 1 		 13749 	 14130 		 1.7796290268e+01 	 1.7284102964e+01 	 2.1792376884e-07
# ---- 
100 	 103 	 2.5039938841e+01 	 1.3818289243e-02
200 	 205 	 2.5034561634e+01 	 1.1094476335e-02
300 	 306 	 2.5029979549e+01 	 1.2616402255e-02
400 	 408 	 2.5027085467e+01 	 7.1841533478e-03
500 	 509 	 2.5024514046e+01 	 1.4390730153e-02
600 	 610 	 2.5023040018e+01 	 9.7470785680e-03
700 	 712 	 2.5022229413e+01 	 2.5764360517e-03
800 	 814 	 2.5021816475e+01 	 1.7530831514e-03
900 	 915 	 2.5021567549e+01 	 2.4337407220e-03
1000 	 1017 	 2.5021379579e+01 	 1.3997681278e-03
1100 	 1118 	 2.5021220373e+01 	 1.4892628182e-03
1200 	 1220 	 2.5021077010e+01 	 1.0338675765e-03
1300 	 1323 	 2.5020983897e+01 	 1.8908510846e-03
1400 	 1424 	 2.5020900324e+01 	 1.6105524878e-03
1500 	 1527 	 2.5020847319e+01 	 8.2402050213e-04
1600 	 1630 	 2.5020814315e+01 	 4.8035044878e-04
1700 	 1732 	 2.5020783675e+01 	 7.4815128703e-04
1800 	 1834 	 2.5020758583e+01 	 5.4882489703e-04
1900 	 1936 	 2.5020741939e+01 	 3.2951984485e-04
2000 	 2038 	 2.5020730925e+01 	 2.8831973798e-04
2100 	 2139 	 2.5020723066e+01 	 3.3467468882e-04
2200 	 2243 	 2.5020716243e+01 	 2.5604294160e-04
2300 	 2344 	 2.5020709739e+01 	 3.0358866481e-04
2400 	 2447 	 2.5020703160e+01 	 3.5145726298e-04
2500 	 2549 	 2.5020697019e+01 	 2.9437423217e-04
2600 	 2650 	 2.5020693276e+01 	 3.0714291118e-04
2700 	 2752 	 2.5020690438e+01 	 1.7309556745e-04
2800 	 2854 	 2.5020688303e+01 	 1.2821225734e-04
2900 	 2955 	 2.5020686844e+01 	 2.3794731343e-04
3000 	 3057 	 2.5020685577e+01 	 2.1059841600e-04
3100 	 3159 	 2.5020684215e+01 	 1.3662637032e-04
3200 	 3264 	 2.5020682573e+01 	 1.9521758893e-04
3300 	 3366 	 2.5020680903e+01 	 1.3171867617e-04
3400 	 3470 	 2.5020679273e+01 	 1.3179520513e-04
3500 	 3572 	 2.5020678098e+01 	 1.5850327799e-04
3600 	 3675 	 2.5020677176e+01 	 1.6934715352e-04
3700 	 3776 	 2.5020676403e+01 	 9.2284996630e-05
3800 	 3878 	 2.5020675743e+01 	 6.9950863544e-05
3900 	 3982 	 2.5020675181e+01 	 6.4877415651e-05
4000 	 4084 	 2.5020674682e+01 	 5.4824117303e-05
4100 	 4186 	 2.5020674364e+01 	 5.9002215780e-05
4200 	 4289 	 2.5020674103e+01 	 8.7117027903e-05
4300 	 4393 	 2.5020673890e+01 	 4.6577815892e-05
4400 	 4497 	 2.5020673712e+01 	 5.2884688954e-05
4500 	 4600 	 2.5020673584e+01 	 5.3481171352e-05
4600 	 4703 	 2.5020673474e+01 	 4.6508741969e-05
4700 	 4806 	 2.5020673374e+01 	 3.7367000518e-05
4800 	 4910 	 2.5020673297e+01 	 2.5889007501e-05
4900 	 5012 	 2.5020673210e+01 	 3.2345075327e-05
5000 	 5115 	 2.5020673124e+01 	 2.3837006792e-05
5100 	 5217 	 2.5020673045e+01 	 2.1802935530e-05
5200 	 5321 	 2.5020672964e+01 	 4.7666152041e-05
5300 	 5423 	 2.5020672874e+01 	 4.7174524438e-05
5400 	 5528 	 2.5020672769e+01 	 3.1682367852e-05
5500 	 5633 	 2.5020672644e+01 	 7.8501090250e-05
5600 	 5736 	 2.5020672534e+01 	 6.0696011552e-05
5700 	 5838 	 2.5020672435e+01 	 3.3575733317e-05
5800 	 5940 	 2.5020672343e+01 	 2.7053563646e-05
5900 	 6042 	 2.5020672275e+01 	 3.4362201824e-05
6000 	 6144 	 2.5020672224e+01 	 2.0920234758e-05
6100 	 6246 	 2.5020672187e+01 	 3.0860754292e-05
6200 	 6350 	 2.5020672156e+01 	 1.6192858840e-05
6300 	 6453 	 2.5020672133e+01 	 1.1846215718e-05
6400 	 6555 	 2.5020672121e+01 	 9.7989348202e-06
6500 	 6656 	 2.5020672110e+01 	 1.0107027081e-05
6600 	 6760 	 2.5020672100e+01 	 1.5375569095e-05
6700 	 6862 	 2.5020672090e+01 	 9.8006036937e-06
6800 	 6968 	 2.5020672081e+01 	 1.4246529213e-05
6900 	 7070 	 2.5020672073e+01 	 1.5338923533e-05
7000 	 7174 	 2.5020672067e+01 	 1.2585239079e-05
7100 	 7277 	 2.5020672063e+01 	 1.1499823312e-05
7200 	 7379 	 2.5020672059e+01 	 7.6155050534e-06
7300 	 7483 	 2.5020672055e+01 	 6.9841553696e-06
7400 	 7587 	 2.5020672052e+01 	 4.6325301739e-06
7500 	 7689 	 2.5020672050e+01 	 4.3676490595e-06
7600 	 7793 	 2.5020672049e+01 	 4.5109710888e-06
7700 	 7896 	 2.5020672047e+01 	 6.3146497223e-06
7800 	 7997 	 2.5020672046e+01 	 4.0708792777e-06
7900 	 8099 	 2.5020672045e+01 	 4.0473909016e-06
8000 	 8201 	 2.5020672043e+01 	 4.3883805417e-06
8100 	 8303 	 2.5020672042e+01 	 3.6397771469e-06
8200 	 8403 	 2.5020672041e+01 	 8.1105046403e-06
8300 	 8504 	 2.5020672040e+01 	 3.5668089096e-06
8400 	 8605 	 2.5020672039e+01 	 5.0153027310e-06
8500 	 8706 	 2.5020672038e+01 	 6.2050668818e-06
8600 	 8810 	 2.5020672037e+01 	 3.2717667034e-06
8700 	 8912 	 2.5020672036e+01 	 4.8696218760e-06
8800 	 9013 	 2.5020672036e+01 	 3.1807020783e-06
8900 	 9116 	 2.5020672035e+01 	 2.2052104779e-06
9000 	 9217 	 2.5020672035e+01 	 2.3850539887e-06
9100 	 9320 	 2.5020672034e+01 	 1.7780080352e-06
9200 	 9423 	 2.5020672034e+01 	 1.3826024143e-06
9300 	 9528 	 2.5020672034e+01 	 1.3968966892e-06
9400 	 9631 	 2.5020672033e+01 	 4.0275573619e-06
9500 	 9734 	 2.5020672033e+01 	 1.5294599809e-06
9600 	 9835 	 2.5020672033e+01 	 1.0676518629e-06
9700 	 9937 	 2.5020672033e+01 	 9.7703355117e-07
9800 	 10039 	 2.5020672033e+01 	 1.1743707173e-06
9900 	 10144 	 2.5020672033e+01 	 1.0237437796e-06
10000 	 10247 	 2.5020672033e+01 	 1.6864397667e-06
10100 	 10351 	 2.5020672032e+01 	 1.0003714394e-06
10200 	 10452 	 2.5020672032e+01 	 8.3710451583e-07
10300 	 10556 	 2.5020672032e+01 	 1.0333592820e-06
10400 	 10659 	 2.5020672032e+01 	 8.1203986109e-07
10500 	 10762 	 2.5020672032e+01 	 1.0718936104e-06
10600 	 10866 	 2.5020672032e+01 	 8.6492764413e-07
10700 	 10970 	 2.5020672032e+01 	 1.5153896446e-06
10800 	 11074 	 2.5020672032e+01 	 1.9461285380e-06
10900 	 11179 	 2.5020672032e+01 	 5.0694495850e-07
11000 	 11283 	 2.5020672032e+01 	 7.6400218984e-07
11100 	 11385 	 2.5020672032e+01 	 7.9046484264e-07
11200 	 11492 	 2.5020672032e+01 	 4.2517726313e-07
11300 	 11599 	 2.5020672032e+01 	 3.4197033596e-07
11400 	 11707 	 2.5020672032e+01 	 4.3010139210e-07
11500 	 11811 	 2.5020672032e+01 	 5.9715919878e-07
11600 	 11920 	 2.5020672032e+01 	 3.3709311624e-07
11700 	 12028 	 2.5020672032e+01 	 2.7902907652e-07
11800 	 12136 	 2.5020672032e+01 	 2.8370730232e-07
11900 	 12251 	 2.5020672032e+01 	 1.7708468808e-07
# ---- 
 1 		 11975 	 12364 		 2.5530662324e+01 	 2.5020672032e+01 	 2.8791010286e-07
# ---- 
100 	 104 	 3.4222783111e+01 	 2.1081597977e-02
200 	 207 	 3.4218088635e+01 	 2.5059857345e-02
300 	 312 	 3.4213995362e+01 	 7.1185199794e-03
400 	 413 	 3.4211321767e+01 	 1.3653990304e-02
500 	 515 	 3.4208987294e+01 	 5.6398251762e-03
600 	 615 	 3.4207516787e+01 	 5.4523354809e-03
700 	 719 	 3.4206762642e+01 	 2.5796500584e-03
800 	 822 	 3.4206351698e+01 	 2.2247704857e-03
900 	 924 	 3.4206083987e+01 	 1.8602049216e-03
1000 	 1027 	 3.4205900454e+01 	 1.4745659997e-03
1100 	 1129 	 3.4205737455e+01 	 1.6212567051e-03
1200 	 1231 	 3.4205610986e+01 	 1.4792019684e-03
1300 	 1334 	 3.4205524092e+01 	 1.4646862834e-03
1400 	 1436 	 3.4205447950e+01 	 1.4893393190e-03
1500 	 1538 	 3.4205405931e+01 	 7.7886368851e-04
1600 	 1642 	 3.4205374694e+01 	 6.8112501504e-04
1700 	 1742 	 3.4205346045e+01 	 6.7466306747e-04
1800 	 1844 	 3.4205318992e+01 	 4.3477334707e-04
1900 	 1945 	 3.4205303962e+01 	 5.4283557669e-04
2000 	 2048 	 3.4205293746e+01 	 6.2417489154e-04
2100 	 2150 	 3.4205286539e+01 	 2.1642139244e-04
2200 	 2253 	 3.4205280765e+01 	 4.6656498992e-04
2300 	 2356 	 3.4205275121e+01 	 2.1360236598e-04
2400 	 2457 	 3.4205270490e+01 	 1.8550875518e-04
2500 	 2559 	 3.4205267170e+01 	 2.1643140371e-04
2600 	 2663 	 3.4205264857e+01 	 1.8030569783e-04
2700 	 2765 	 3.4205263416e+01 	 1.1097916300e-04
2800 	 2866 	 3.4205262454e+01 	 1.8058935613e-04
2900 	 2969 	 3.4205261559e+01 	 1.6829303090e-04
3000 	 3070 	 3.4205260634e+01 	 1.8720941320e-04
3100 	 3171 	 3.4205259512e+01 	 1.1412655796e-04
3200 	 3272 	 3.4205258458e+01 	 4.0070392231e-04
3300 	 3374 	 3.4205257399e+01 	 1.0812849108e-04
3400 	 3476 	 3.4205256572e+01 	 2.1854666988e-04
3500 	 3580 	 3.4205255971e+01 	 6.3762170019e-05
3600 	 3682 	 3.4205255592e+01 	 1.2988318960e-04
3700 	 3785 	 3.4205255248e+01 	 1.4031322370e-04
3800 	 3887 	 3.4205254938e+01 	 9.3108474282e-05
3900 	 3989 	 3.4205254695e+01 	 9.3493526374e-05
4000 	 4090 	 3.4205254522e+01 	 4.9755621880e-05
4100 	 4190 	 3.4205254400e+01 	 6.7684519945e-05
4200 	 4293 	 3.4205254310e+01 	 5.9376958834e-05
4300 	 4397 	 3.4205254236e+01 	 4.1194318669e-05
4400 	 4500 	 3.4205254182e+01 	 3.6295806663e-05
4500 	 4601 	 3.4205254145e+01 	 1.8937375785e-05
4600 	 4704 	 3.4205254116e+01 	 4.5809899337e-05
4700 	 4806 	 3.4205254092e+01 	 1.4544392627e-05
4800 	 4911 	 3.4205254065e+01 	 7.0939918861e-05
4900 	 5013 	 3.4205254029e+01 	 2.6192969752e-05
5000 	 5115 	 3.4205253999e+01 	 2.4227150317e-05
5100 	 5219 	 3.4205253968e+01 	 2.8589623309e-05
5200 	 5319 	 3.4205253941e+01 	 1.8130947485e-05
5300 	 5420 	 3.4205253912e+01 	 3.8182618030e-05
5400 	 5523 	 3.4205253882e+01 	 2.6223127859e-05
5500 	 5623 	 3.4205253855e+01 	 1.6447313906e-05
5600 	 5724 	 3.4205253827e+01 	 2.2702904947e-05
5700 	 5825 	 3.4205253801e+01 	 1.4708360432e-05
5800 	 5927 	 3.4205253779e+01 	 1.2778590840e-05
5900 	 6030 	 3.4205253764e+01 	 1.7866419166e-05
6000 	 6134 	 3.4205253753e+01 	 2.0269156308e-05
6100 	 6235 	 3.4205253743e+01 	 1.0818836529e-05
6200 	 6338 	 3.4205253734e+01 	 8.6864445585e-06
6300 	 6439 	 3.4205253728e+01 	 9.5361762533e-06
6400 	 6542 	 3.4205253724e+01 	 5.1842972813e-06
6500 	 6643 	 3.4205253722e+01 	 4.5144601161e-06
6600 	 6745 	 3.4205253720e+01 	 3.7898779632e-06
6700 	 6847 	 3.4205253718e+01 	 4.1104428779e-06
6800 	 6948 	 3.4205253717e+01 	 8.5022282880e-06
6900 	 7052 	 3.4205253715e+01 	 4.5917013717e-06
7000 	 7153 	 3.4205253714e+01 	 3.8644880847e-06
7100 	 7254 	 3.4205253712e+01 	 6.0544713159e-06
7200 	 7357 	 3.4205253711e+01 	 3.1419701946e-06
7300 	 7460 	 3.4205253710e+01 	 2.0642694183e-06
7400 	 7563 	 3.4205253710e+01 	 2.2973125741e-06
7500 	 7663 	 3.4205253710e+01 	 1.7956948491e-06
7600 	 7764 	 3.4205253709e+01 	 1.7835722661e-06
7700 	 7867 	 3.4205253709e+01 	 2.0985877760e-06
7800 	 7972 	 3.4205253709e+01 	 2.2592675437e-06
7900 	 8074 	 3.4205253708e+01 	 1.5622074448e-06
8000 	 8176 	 3.4205253708e+01 	 1.5000601953e-06
8100 	 8280 	 3.4205253708e+01 	 1.3471429151e-06
8200 	 8381 	 3.4205253708e+01 	 1.3981576979e-06
8300 	 8483 	 3.4205253708e+01 	 2.2398952475e-06
8400 	 8585 	 3.4205253707e+01 	 1.5383263842e-06
8500 	 8687 	 3.4205253707e+01 	 1.2427937280e-06
8600 	 8790 	 3.4205253707e+01 	 1.2587883111e-06
8700 	 8892 	 3.4205253707e+01 	 7.5279107747e-07
8800 	 8992 	 3.4205253707e+01 	 9.7987437908e-07
8900 	 9098 	 3.4205253707e+01 	 1.5580097226e-06
9000 	 9200 	 3.4205253707e+01 	 5.8575640842e-07
9100 	 9312 	 3.4205253707e+01 	 6.8321147640e-07
9200 	 9420 	 3.4205253707e+01 	 7.8503101027e-07
9300 	 9524 	 3.4205253707e+01 	 1.7825759228e-06
9400 	 9631 	 3.4205253707e+01 	 6.9674384859e-07
9500 	 9743 	 3.4205253707e+01 	 4.8205511563e-07
9600 	 9846 	 3.4205253707e+01 	 7.0075906429e-07
9700 	 9948 	 3.4205253707e+01 	 5.3394644425e-07
9800 	 10053 	 3.4205253707e+01 	 5.9547220559e-07
9900 	 10159 	 3.4205253707e+01 	 4.8498822344e-07
10000 	 10265 	 3.4205253707e+01 	 4.0174582917e-07
10100 	 10377 	 3.4205253706e+01 	 4.2418846895e-07
10200 	 10489 	 3.4205253706e+01 	 3.9909063387e-07
10300 	 10604 	 3.4205253706e+01 	 2.5053691494e-07
10400 	 10717 	 3.4205253706e+01 	 2.6871050420e-07
10500 	 10849 	 3.4205253706e+01 	 1.6669594325e-07
# ---- 
 1 		 10525 	 10894 		 3.4713810571e+01 	 3.4205253706e+01 	 1.9675431027e-07
# ---- 
100 	 102 	 4.4858620753e+01 	 8.3681383208e-03
200 	 204 	 4.4854212745e+01 	 6.8339054853e-03
300 	 305 	 4.4850688481e+01 	 7.5824407540e-03
400 	 409 	 4.4848152782e+01 	 7.8090693861e-03
500 	 510 	 4.4846096068e+01 	 5.2866844408e-03
600 	 611 	 4.4844683420e+01 	 3.3449512679e-03
700 	 713 	 4.4843904047e+01 	 3.3452672213e-03
800 	 815 	 4.4843507380e+01 	 2.2841361784e-03
900 	 918 	 4.4843257946e+01 	 2.3067374021e-03
1000 	 1019 	 4.4843056267e+01 	 1.3512786542e-03
1100 	 1120 	 4.4842914765e+01 	 1.1817538211e-03
1200 	 1223 	 4.4842795975e+01 	 1.1935054866e-03
1300 	 1325 	 4.4842704474e+01 	 1.0341698245e-03
1400 	 1427 	 4.4842632874e+01 	 1.5657588265e-03
1500 	 1528 	 4.4842589603e+01 	 8.7477238647e-04
1600 	 1631 	 4.4842562814e+01 	 5.6336568801e-04
1700 	 1735 	 4.4842538798e+01 	 1.0296527256e-03
1800 	 1837 	 4.4842522250e+01 	 6.5312220577e-04
1900 	 1940 	 4.4842512795e+01 	 3.4369165613e-04
2000 	 2040 	 4.4842505185e+01 	 2.6850502320e-04
2100 	 2143 	 4.4842500153e+01 	 2.1571952316e-04
2200 	 2246 	 4.4842495616e+01 	 2.5385215735e-04
2300 	 2348 	 4.4842492113e+01 	 2.1861389725e-04
2400 	 2449 	 4.4842488793e+01 	 1.5582540343e-04
2500 	 2554 	 4.4842486759e+01 	 1.5635415814e-04
2600 	 2654 	 4.4842485338e+01 	 2.3431777929e-04
2700 	 2756 	 4.4842484539e+01 	 8.7800720312e-05
2800 	 2860 	 4.4842483937e+01 	 7.4759440830e-05
2900 	 2963 	 4.4842483375e+01 	 7.4425987406e-05
3000 	 3065 	 4.4842482639e+01 	 1.0002082226e-04
3100 	 3168 	 4.4842481874e+01 	 9.0306037714e-05
3200 	 3271 	 4.4842481256e+01 	 7.8111920840e-05
3300 	 3373 	 4.4842480851e+01 	 2.0832443052e-04
3400 	 3475 	 4.4842480438e+01 	 6.2932140399e-05
3500 	 3576 	 4.4842480188e+01 	 7.1622916455e-05
3600 	 3679 	 4.4842479986e+01 	 6.4003660236e-05
3700 	 3782 	 4.4842479789e+01 	 1.0720128841e-04
3800 	 3883 	 4.4842479645e+01 	 6.8398761398e-05
3900 	 3983 	 4.4842479528e+01 	 3.6855271180e-05
4000 	 4085 	 4.4842479426e+01 	 4.0504548032e-05
4100 	 4186 	 4.4842479327e+01 	 2.5087357885e-05
4200 	 4291 	 4.4842479249e+01 	 1.8169728107e-05
4300 	 4396 	 4.4842479199e+01 	 2.2487418670e-05
4400 	 4497 	 4.4842479163e+01 	 2.2511445892e-05
4500 	 4601 	 4.4842479137e+01 	 1.4778785146e-05
4600 	 4702 	 4.4842479117e+01 	 1.5939922352e-05
4700 	 4805 	 4.4842479096e+01 	 1.3056872866e-05
4800 	 4907 	 4.4842479078e+01 	 1.3768278486e-05
4900 	 5009 	 4.4842479065e+01 	 2.7063766689e-05
5000 	 5111 	 4.4842479055e+01 	 8.9107326464e-06
5100 	 5214 	 4.4842479045e+01 	 1.1412962082e-05
5200 	 5317 	 4.4842479036e+01 	 1.0781538640e-05
5300 	 5418 	 4.4842479028e+01 	 9.1839608074e-06
5400 	 5520 	 4.4842479020e+01 	 7.8173340209e-06
5500 	 5624 	 4.4842479013e+01 	 8.2207202868e-06
5600 	 5727 	 4.4842479007e+01 	 7.9500420741e-06
5700 	 5830 	 4.4842479002e+01 	 6.3709276845e-06
5800 	 5933 	 4.4842478998e+01 	 5.2983069872e-06
5900 	 6036 	 4.4842478995e+01 	 6.1727214563e-06
6000 	 6137 	 4.4842478991e+01 	 5.0438608293e-06
6100 	 6240 	 4.4842478988e+01 	 5.0593266907e-06
6200 	 6345 	 4.4842478986e+01 	 4.8751291609e-06
6300 	 6447 	 4.4842478984e+01 	 5.2722684354e-06
6400 	 6550 	 4.4842478981e+01 	 6.5912931760e-06
6500 	 6652 	 4.4842478979e+01 	 6.0946443227e-06
6600 	 6754 	 4.4842478977e+01 	 4.2833372758e-06
6700 	 6855 	 4.4842478975e+01 	 3.3541214202e-06
6800 	 6957 	 4.4842478974e+01 	 4.5817665139e-06
6900 	 7058 	 4.4842478973e+01 	 3.5823390394e-06
7000 	 7162 	 4.4842478972e+01 	 3.2133400729e-06
7100 	 7265 	 4.4842478971e+01 	 1.8110896763e-06
7200 	 7368 	 4.4842478970e+01 	 1.6361777920e-06
7300 	 7470 	 4.4842478970e+01 	 1.4923298159e-06
7400 	 7571 	 4.4842478970e+01 	 1.3094443719e-06
7500 	 7677 	 4.4842478970e+01 	 1.4139128026e-06
7600 	 7779 	 4.4842478970e+01 	 1.4424207223e-06
7700 	 7880 	 4.4842478970e+01 	 9.6560561309e-07
7800 	 7981 	 4.4842478970e+01 	 6.0811991870e-07
7900 	 8084 	 4.4842478969e+01 	 9.7679086252e-07
8000 	 8187 	 4.4842478969e+01 	 7.8302740178e-07
8100 	 8292 	 4.4842478969e+01 	 6.9199532509e-07
8200 	 8396 	 4.4842478969e+01 	 1.6243124567e-06
8300 	 8501 	 4.4842478969e+01 	 4.8443442787e-07
8400 	 8609 	 4.4842478969e+01 	 3.5886962838e-07
8500 	 8719 	 4.4842478969e+01 	 3.9873792120e-07
8600 	 8831 	 4.4842478969e+01 	 5.2288844001e-07
8700 	 8945 	 4.4842478969e+01 	 4.4920322042e-07
8800 	 9051 	 4.4842478969e+01 	 2.1949403767e-07
8900 	 9175 	 4.4842478969e+01 	 2.8946095874e-07
# ---- 
 1 		 8951 	 9263 		 4.5350095236e+01 	 4.4842478969e+01 	 3.4057555075e-07
# ---- 
100 	 101 	 5.6951189780e+01 	 9.6252341240e-03
200 	 203 	 5.6947046430e+01 	 1.1830443667e-02
300 	 306 	 5.6943753148e+01 	 9.2696813860e-03
400 	 408 	 5.6941477137e+01 	 4.5860407783e-03
500 	 509 	 5.6939523998e+01 	 5.0139014538e-03
600 	 613 	 5.6938201415e+01 	 3.7164040654e-03
700 	 716 	 5.6937518836e+01 	 2.8623948943e-03
800 	 819 	 5.6937137380e+01 	 1.8803594017e-03
900 	 922 	 5.6936860906e+01 	 2.2038704086e-03
1000 	 1025 	 5.6936668677e+01 	 1.5696089722e-03
1100 	 1126 	 5.6936511659e+01 	 1.3057154230e-03
1200 	 1227 	 5.6936393139e+01 	 8.7841621405e-04
1300 	 1329 	 5.6936300464e+01 	 1.8418730802e-03
1400 	 1431 	 5.6936236802e+01 	 9.3306070598e-04
1500 	 1536 	 5.6936200178e+01 	 1.6579368637e-03
1600 	 1640 	 5.6936175180e+01 	 8.6515451278e-04
1700 	 1743 	 5.6936156314e+01 	 5.0221929201e-04
1800 	 1848 	 5.6936142941e+01 	 2.7369275643e-04
1900 	 1950 	 5.6936134091e+01 	 1.0455557061e-03
2000 	 2052 	 5.6936128025e+01 	 2.6087202867e-04
2100 	 2157 	 5.6936123839e+01 	 1.7508661486e-04
2200 	 2261 	 5.6936120097e+01 	 1.9996529289e-04
2300 	 2364 	 5.6936117088e+01 	 1.5706499958e-04
2400 	 2467 	 5.6936114829e+01 	 1.1480066620e-04
2500 	 2571 	 5.6936113433e+01 	 1.3455483667e-04
2600 	 2677 	 5.6936112555e+01 	 9.2909835634e-05
2700 	 2779 	 5.6936111991e+01 	 2.2361967607e-04
2800 	 2882 	 5.6936111443e+01 	 1.1698748745e-04
2900 	 2985 	 5.6936110885e+01 	 8.7467073701e-05
3000 	 3087 	 5.6936110330e+01 	 1.0540327506e-04
3100 	 3189 	 5.6936109842e+01 	 7.5438876419e-05
3200 	 3293 	 5.6936109482e+01 	 8.7033527268e-05
3300 	 3395 	 5.6936109105e+01 	 9.9439111057e-05
3400 	 3499 	 5.6936108827e+01 	 5.3092961906e-05
3500 	 3599 	 5.6936108609e+01 	 6.0764644329e-05
3600 	 3703 	 5.6936108444e+01 	 3.2472997276e-05
3700 	 3807 	 5.6936108336e+01 	 3.7496845564e-05
3800 	 3909 	 5.6936108262e+01 	 1.9793192206e-05
3900 	 4013 	 5.6936108216e+01 	 4.1971680187e-05
4000 	 4115 	 5.6936108192e+01 	 2.7719672407e-05
4100 	 4219 	 5.6936108171e+01 	 1.9078910999e-05
4200 	 4320 	 5.6936108156e+01 	 4.2893058321e-05
4300 	 4424 	 5.6936108146e+01 	 1.3697399873e-05
4400 	 4525 	 5.6936108139e+01 	 1.0701875557e-05
4500 	 4629 	 5.6936108130e+01 	 1.1951551905e-05
4600 	 4730 	 5.6936108123e+01 	 8.7206419563e-06
4700 	 4832 	 5.6936108117e+01 	 1.2318210495e-05
4800 	 4934 	 5.6936108113e+01 	 7.5906070202e-06
4900 	 5036 	 5.6936108109e+01 	 8.8384377461e-06
5000 	 5139 	 5.6936108106e+01 	 1.4255379198e-05
5100 	 5240 	 5.6936108103e+01 	 6.8053800636e-06
5200 	 5342 	 5.6936108099e+01 	 9.2812547554e-06
5300 	 5445 	 5.6936108096e+01 	 7.9880470175e-06
5400 	 5550 	 5.6936108093e+01 	 6.2918512310e-06
5500 	 5653 	 5.6936108091e+01 	 4.9681534007e-06
5600 	 5755 	 5.6936108089e+01 	 4.4121666108e-06
5700 	 5859 	 5.6936108087e+01 	 4.0195036414e-06
5800 	 5961 	 5.6936108086e+01 	 4.5355280650e-06
5900 	 6062 	 5.6936108085e+01 	 2.8405527134e-06
6000 	 6163 	 5.6936108084e+01 	 2.8169899353e-06
6100 	 6265 	 5.6936108083e+01 	 1.9045475704e-06
6200 	 6368 	 5.6936108083e+01 	 2.2669018146e-06
6300 	 6471 	 5.6936108082e+01 	 5.9062784432e-06
6400 	 6573 	 5.6936108082e+01 	 4.1983370057e-06
6500 	 6676 	 5.6936108082e+01 	 1.7925111020e-06
6600 	 6778 	 5.6936108081e+01 	 2.4239853016e-06
6700 	 6880 	 5.6936108081e+01 	 2.6017026336e-06
6800 	 6986 	 5.6936108081e+01 	 2.0638306590e-06
6900 	 7089 	 5.6936108081e+01 	 1.8023534319e-06
7000 	 7193 	 5.6936108081e+01 	 9.7548200688e-07
7100 	 7296 	 5.6936108080e+01 	 2.6218580471e-06
7200 	 7398 	 5.6936108080e+01 	 1.5191622057e-06
7300 	 7502 	 5.6936108080e+01 	 8.6607601804e-07
7400 	 7607 	 5.6936108080e+01 	 7.2628464891e-07
7500 	 7712 	 5.6936108080e+01 	 1.1047224857e-06
7600 	 7819 	 5.6936108080e+01 	 1.1070294496e-06
7700 	 7927 	 5.6936108080e+01 	 6.4314843669e-07
7800 	 8035 	 5.6936108080e+01 	 1.2067873044e-06
7900 	 8140 	 5.6936108080e+01 	 5.6134422684e-07
8000 	 8248 	 5.6936108080e+01 	 4.9686253757e-07
8100 	 8356 	 5.6936108080e+01 	 6.5763191238e-07
8200 	 8465 	 5.6936108080e+01 	 6.8504638744e-07
8300 	 8576 	 5.6936108080e+01 	 4.2914445164e-07
8400 	 8688 	 5.6936108080e+01 	 5.6243494898e-07
# ---- 
 1 		 8454 	 8771 		 5.7443122143e+01 	 5.6936108080e+01 	 6.3282296331e-07
# ---- 
100 	 102 	 7.0503296916e+01 	 1.3324656134e-02
200 	 203 	 7.0499356580e+01 	 7.6815557144e-03
300 	 305 	 7.0496363896e+01 	 1.2152913004e-02
400 	 407 	 7.0494268600e+01 	 5.6526227564e-03
500 	 510 	 7.0492498117e+01 	 5.9494458219e-03
600 	 614 	 7.0491238620e+01 	 3.9242330351e-03
700 	 716 	 7.0490565452e+01 	 3.1875659119e-03
800 	 819 	 7.0490201030e+01 	 3.3183469949e-03
900 	 925 	 7.0489933531e+01 	 1.8290764584e-03
1000 	 1025 	 7.0489745832e+01 	 2.4516665155e-03
1100 	 1126 	 7.0489601055e+01 	 1.2807630340e-03
1200 	 1228 	 7.0489494845e+01 	 1.5997774540e-03
1300 	 1329 	 7.0489416749e+01 	 1.0168490049e-03
1400 	 1433 	 7.0489362309e+01 	 8.6739847941e-04
1500 	 1535 	 7.0489323238e+01 	 6.4152240880e-04
1600 	 1639 	 7.0489298377e+01 	 1.4919486609e-03
1700 	 1741 	 7.0489279208e+01 	 5.1403499645e-04
1800 	 1843 	 7.0489266061e+01 	 3.2677972892e-04
1900 	 1946 	 7.0489257117e+01 	 3.3014155317e-04
2000 	 2048 	 7.0489251550e+01 	 4.3520734349e-04
2100 	 2149 	 7.0489246883e+01 	 2.2007492281e-04
2200 	 2253 	 7.0489243412e+01 	 2.5197524430e-04
2300 	 2355 	 7.0489241376e+01 	 1.3913528119e-04
2400 	 2458 	 7.0489240134e+01 	 2.3320117702e-04
2500 	 2560 	 7.0489239224e+01 	 9.8205484125e-05
2600 	 2665 	 7.0489238541e+01 	 2.3167440429e-04
2700 	 2765 	 7.0489237934e+01 	 9.6680579523e-05
2800 	 2866 	 7.0489237372e+01 	 7.6435044099e-05
2900 	 2969 	 7.0489236832e+01 	 8.1803824033e-05
3000 	 3071 	 7.0489236394e+01 	 1.1477546830e-04
3100 	 3172 	 7.0489236050e+01 	 7.5909350293e-05
3200 	 3275 	 7.0489235780e+01 	 5.5214947193e-05
3300 	 3377 	 7.0489235538e+01 	 1.3505599825e-04
3400 	 3480 	 7.0489235331e+01 	 1.0292345815e-04
3500 	 3583 	 7.0489235192e+01 	 4.1083745385e-05
3600 	 3686 	 7.0489235078e+01 	 2.4966599044e-05
3700 	 3789 	 7.0489234995e+01 	 4.2072353110e-05
3800 	 3890 	 7.0489234939e+01 	 2.4144319392e-05
3900 	 3993 	 7.0489234895e+01 	 2.0003117687e-05
4000 	 4096 	 7.0489234870e+01 	 5.4131016931e-05
4100 	 4199 	 7.0489234851e+01 	 1.2845554323e-05
4200 	 4300 	 7.0489234837e+01 	 1.5152925723e-05
4300 	 4401 	 7.0489234821e+01 	 2.0142935949e-05
4400 	 4502 	 7.0489234809e+01 	 1.5537637626e-05
4500 	 4604 	 7.0489234797e+01 	 1.7412374015e-05
4600 	 4706 	 7.0489234788e+01 	 8.7570281611e-06
4700 	 4808 	 7.0489234782e+01 	 1.7758824714e-05
4800 	 4911 	 7.0489234775e+01 	 8.8327292604e-06
4900 	 5012 	 7.0489234770e+01 	 7.9086090107e-06
5000 	 5116 	 7.0489234766e+01 	 4.9441696681e-06
5100 	 5220 	 7.0489234763e+01 	 6.4468112201e-06
5200 	 5322 	 7.0489234760e+01 	 5.9884138649e-06
5300 	 5426 	 7.0489234758e+01 	 8.6002374479e-06
5400 	 5529 	 7.0489234756e+01 	 4.4823995786e-06
5500 	 5630 	 7.0489234755e+01 	 3.4436901354e-06
5600 	 5731 	 7.0489234754e+01 	 3.1083932386e-06
5700 	 5836 	 7.0489234752e+01 	 4.0942030795e-06
5800 	 5940 	 7.0489234751e+01 	 3.9344675425e-06
5900 	 6043 	 7.0489234751e+01 	 1.9932116944e-06
6000 	 6144 	 7.0489234750e+01 	 2.8674334624e-06
6100 	 6247 	 7.0489234750e+01 	 3.3965306069e-06
6200 	 6351 	 7.0489234749e+01 	 2.7927608816e-06
6300 	 6455 	 7.0489234749e+01 	 2.4284424497e-06
6400 	 6557 	 7.0489234748e+01 	 2.4748207793e-06
6500 	 6661 	 7.0489234748e+01 	 2.1244133952e-06
6600 	 6762 	 7.0489234748e+01 	 3.4851874487e-06
6700 	 6866 	 7.0489234747e+01 	 1.3237657952e-06
6800 	 6969 	 7.0489234747e+01 	 1.2193049275e-06
6900 	 7070 	 7.0489234747e+01 	 8.3196082480e-07
7000 	 7177 	 7.0489234747e+01 	 9.0325766577e-07
7100 	 7283 	 7.0489234747e+01 	 5.9769965309e-07
7200 	 7389 	 7.0489234747e+01 	 8.1159894592e-07
7300 	 7495 	 7.0489234747e+01 	 1.2670922936e-06
7400 	 7606 	 7.0489234747e+01 	 7.5189166502e-07
7500 	 7711 	 7.0489234747e+01 	 6.5889503808e-07
7600 	 7817 	 7.0489234747e+01 	 9.9658194899e-07
7700 	 7921 	 7.0489234747e+01 	 7.8447781888e-07
7800 	 8028 	 7.0489234747e+01 	 9.4764802971e-07
7900 	 8137 	 7.0489234747e+01 	 7.0651498459e-07
8000 	 8255 	 7.0489234747e+01 	 5.3175077498e-07
8100 	 8369 	 7.0489234747e+01 	 6.9781460803e-07
8200 	 8477 	 7.0489234747e+01 	 4.3636228843e-07
8300 	 8586 	 7.0489234746e+01 	 3.8847822764e-07
8400 	 8700 	 7.0489234746e+01 	 3.0473458527e-07
8500 	 8819 	 7.0489234746e+01 	 7.0924885267e-07
8600 	 8939 	 7.0489234746e+01 	 2.1681657079e-07
# ---- 
 1 		 8657 	 9015 		 7.0995898862e+01 	 7.0489234746e+01 	 5.0546028078e-07
# ---- 
100 	 104 	 7.0419065827e+01 	 1.5419216997e-01
200 	 206 	 7.0321364440e+01 	 4.2199645040e-02
300 	 309 	 7.0297886609e+01 	 1.1318906963e-02
400 	 412 	 7.0295128512e+01 	 5.0107693708e-03
500 	 514 	 7.0294217274e+01 	 3.0188368182e-03
600 	 616 	 7.0293801126e+01 	 2.4293122552e-03
700 	 717 	 7.0293455533e+01 	 6.1529339648e-03
800 	 821 	 7.0293096485e+01 	 3.9906549382e-03
900 	 923 	 7.0292742560e+01 	 4.9230023225e-03
1000 	 1026 	 7.0292449660e+01 	 1.8819012776e-03
1100 	 1128 	 7.0292250521e+01 	 1.5605062536e-03
1200 	 1232 	 7.0292060328e+01 	 1.3285286229e-03
1300 	 1333 	 7.0291943566e+01 	 2.0401900205e-03
1400 	 1436 	 7.0291862553e+01 	 1.5227207427e-03
1500 	 1536 	 7.0291798574e+01 	 9.5471934269e-04
1600 	 1640 	 7.0291733228e+01 	 8.4233514182e-04
1700 	 1741 	 7.0291697175e+01 	 6.4466595592e-04
1800 	 1842 	 7.0291668054e+01 	 8.7697571586e-04
1900 	 1945 	 7.0291635879e+01 	 1.2402481594e-03
2000 	 2045 	 7.0291607699e+01 	 6.8342576517e-04
2100 	 2148 	 7.0291584953e+01 	 5.1782922389e-04
2200 	 2253 	 7.0291567477e+01 	 5.6745362302e-04
2300 	 2355 	 7.0291549769e+01 	 4.7601705153e-04
2400 	 2459 	 7.0291532469e+01 	 8.6711435885e-04
2500 	 2561 	 7.0291517139e+01 	 5.5871575411e-04
2600 	 2663 	 7.0291502654e+01 	 3.7040861877e-04
2700 	 2766 	 7.0291492315e+01 	 6.3656535528e-04
2800 	 2867 	 7.0291483363e+01 	 2.8324302122e-04
2900 	 2968 	 7.0291474231e+01 	 4.4271863742e-04
3000 	 3070 	 7.0291463493e+01 	 5.4110681223e-04
3100 	 3173 	 7.0291455964e+01 	 3.5983478853e-04
3200 	 3274 	 7.0291450425e+01 	 4.1986306263e-04
3300 	 3375 	 7.0291445846e+01 	 1.8063183678e-04
3400 	 3479 	 7.0291442517e+01 	 2.4369861941e-04
3500 	 3582 	 7.0291439373e+01 	 2.1945416365e-04
3600 	 3685 	 7.0291436684e+01 	 1.4505135112e-04
3700 	 3787 	 7.0291434609e+01 	 1.4120176729e-04
3800 	 3890 	 7.0291432643e+01 	 1.3710040867e-04
3900 	 3995 	 7.0291430718e+01 	 2.0999710216e-04
4000 	 4097 	 7.0291429037e+01 	 9.7575376237e-05
4100 	 4200 	 7.0291427847e+01 	 2.4303572813e-04
4200 	 4301 	 7.0291426719e+01 	 8.8393772008e-05
4300 	 4403 	 7.0291425692e+01 	 1.1875193635e-04
4400 	 4505 	 7.0291424599e+01 	 1.0590873362e-04
4500 	 4609 	 7.0291423451e+01 	 1.2697949871e-04
4600 	 4715 	 7.0291422707e+01 	 8.9880083357e-05
4700 	 4817 	 7.0291422144e+01 	 1.9807002623e-04
4800 	 4920 	 7.0291421612e+01 	 7.7521482697e-05
4900 	 5021 	 7.0291421082e+01 	 8.4270225166e-05
5000 	 5122 	 7.0291420627e+01 	 6.6995055609e-05
5100 	 5225 	 7.0291420148e+01 	 7.8127370333e-05
5200 	 5328 	 7.0291419744e+01 	 1.0127100621e-04
5300 	 5430 	 7.0291419419e+01 	 8.1095220319e-05
5400 	 5531 	 7.0291419154e+01 	 6.9331229113e-05
5500 	 5633 	 7.0291418964e+01 	 4.0689506469e-05
5600 	 5735 	 7.0291418754e+01 	 1.0505849329e-04
5700 	 5838 	 7.0291418536e+01 	 1.0006591557e-04
5800 	 5941 	 7.0291418385e+01 	 3.5624573501e-05
5900 	 6043 	 7.0291418300e+01 	 2.7733537630e-05
6000 	 6146 	 7.0291418223e+01 	 3.5251052946e-05
6100 	 6247 	 7.0291418136e+01 	 4.1996044820e-05
6200 	 6352 	 7.0291418059e+01 	 4.4728093498e-05
6300 	 6455 	 7.0291417990e+01 	 3.4703240745e-05
6400 	 6555 	 7.0291417913e+01 	 3.9323181889e-05
6500 	 6659 	 7.0291417830e+01 	 3.1774555700e-05
6600 	 6762 	 7.0291417724e+01 	 2.9611753597e-05
6700 	 6865 	 7.0291417599e+01 	 6.0144354696e-05
6800 	 6966 	 7.0291417491e+01 	 3.8054895433e-05
6900 	 7067 	 7.0291417402e+01 	 5.3085290330e-05
7000 	 7169 	 7.0291417342e+01 	 2.3931969548e-05
7100 	 7272 	 7.0291417288e+01 	 2.4170061206e-05
7200 	 7375 	 7.0291417238e+01 	 2.3774757853e-05
7300 	 7477 	 7.0291417202e+01 	 3.0584967071e-05
7400 	 7578 	 7.0291417172e+01 	 4.7589896054e-05
7500 	 7680 	 7.0291417147e+01 	 2.3633890970e-05
7600 	 7784 	 7.0291417125e+01 	 1.7756371426e-05
7700 	 7887 	 7.0291417102e+01 	 1.4605892317e-05
7800 	 7988 	 7.0291417085e+01 	 1.4269980568e-05
7900 	 8090 	 7.0291417068e+01 	 9.9539128888e-06
8000 	 8191 	 7.0291417055e+01 	 1.2213513660e-05
8100 	 8292 	 7.0291417045e+01 	 8.9331819517e-06
8200 	 8393 	 7.0291417036e+01 	 1.8800910051e-05
8300 	 8496 	 7.0291417024e+01 	 1.3978372234e-05
8400 	 8599 	 7.0291417011e+01 	 1.1793038261e-05
8500 	 8701 	 7.0291416997e+01 	 1.8070456340e-05
8600 	 8804 	 7.0291416986e+01 	 9.7683536154e-06
8700 	 8904 	 7.0291416975e+01 	 1.3044191611e-05
8800 	 9007 	 7.0291416962e+01 	 1.0118155095e-05
8900 	 9108 	 7.0291416953e+01 	 9.3801465821e-06
9000 	 9209 	 7.0291416945e+01 	 1.1431123958e-05
9100 	 9311 	 7.0291416936e+01 	 9.7953991795e-06
9200 	 9414 	 7.0291416930e+01 	 8.6393067391e-06
9300 	 9515 	 7.0291416923e+01 	 1.1398265904e-05
9400 	 9616 	 7.0291416918e+01 	 8.8952021963e-06
9500 	 9717 	 7.0291416914e+01 	 6.3947633210e-06
9600 	 9818 	 7.0291416911e+01 	 4.5333787615e-06
9700 	 9921 	 7.0291416909e+01 	 5.1577320118e-06
9800 	 10022 	 7.0291416907e+01 	 4.7793212153e-06
9900 	 10124 	 7.0291416906e+01 	 4.0496295671e-06
10000 	 10225 	 7.0291416905e+01 	 4.4413353364e-06
10100 	 10327 	 7.0291416904e+01 	 3.4886424649e-06
10200 	 10430 	 7.0291416903e+01 	 2.3803911407e-06
10300 	 10535 	 7.0291416902e+01 	 2.1626597412e-06
10400 	 10640 	 7.0291416901e+01 	 2.7875252152e-06
10500 	 10741 	 7.0291416900e+01 	 5.4237206994e-06
10600 	 10841 	 7.0291416900e+01 	 2.3998116787e-06
10700 	 10943 	 7.0291416899e+01 	 2.8744418878e-06
10800 	 11047 	 7.0291416899e+01 	 4.1429723411e-06
10900 	 11150 	 7.0291416899e+01 	 2.5474229803e-06
11000 	 11253 	 7.0291416898e+01 	 2.5085094812e-06
11100 	 11355 	 7.0291416898e+01 	 2.6110927355e-06
11200 	 11456 	 7.0291416898e+01 	 1.6197745095e-06
11300 	 11558 	 7.0291416897e+01 	 3.0963967582e-06
11400 	 11661 	 7.0291416897e+01 	 1.9282568263e-06
11500 	 11762 	 7.0291416897e+01 	 1.7274718044e-06
11600 	 11862 	 7.0291416896e+01 	 2.2276806925e-06
11700 	 11963 	 7.0291416896e+01 	 2.4232639485e-06
11800 	 12065 	 7.0291416896e+01 	 1.7530001474e-06
11900 	 12165 	 7.0291416895e+01 	 2.2640184152e-06
12000 	 12268 	 7.0291416895e+01 	 3.0217819823e-06
12100 	 12373 	 7.0291416895e+01 	 3.3920313674e-06
12200 	 12478 	 7.0291416895e+01 	 1.3305409785e-06
12300 	 12579 	 7.0291416895e+01 	 1.2269178438e-06
12400 	 12683 	 7.0291416894e+01 	 1.1639199720e-06
12500 	 12786 	 7.0291416894e+01 	 9.3857732146e-07
12600 	 12891 	 7.0291416894e+01 	 1.5253284589e-06
12700 	 12996 	 7.0291416894e+01 	 1.2127329345e-06
12800 	 13099 	 7.0291416894e+01 	 8.8942947683e-07
12900 	 13202 	 7.0291416894e+01 	 8.1831956344e-07
13000 	 13309 	 7.0291416894e+01 	 9.3655286600e-07
13100 	 13415 	 7.0291416894e+01 	 2.6115555628e-06
13200 	 13519 	 7.0291416894e+01 	 1.3160373579e-06
13300 	 13626 	 7.0291416894e+01 	 7.5888705120e-07
13400 	 13730 	 7.0291416894e+01 	 1.2496770070e-06
13500 	 13834 	 7.0291416894e+01 	 7.7029349564e-07
13600 	 13938 	 7.0291416894e+01 	 6.8244639619e-07
13700 	 14043 	 7.0291416894e+01 	 5.5584827639e-07
13800 	 14151 	 7.0291416894e+01 	 8.4898675394e-07
13900 	 14255 	 7.0291416894e+01 	 3.9319366775e-07
14000 	 14366 	 7.0291416893e+01 	 4.5062307357e-07
14100 	 14486 	 7.0291416893e+01 	 4.3265404800e-07
# ---- 
 1 		 14147 	 14561 		 7.7035333890e+01 	 7.0291416893e+01 	 4.0798575210e-07
# ---- 
100 	 103 	 7.0336469449e+01 	 5.8716139101e-02
200 	 205 	 7.0242253569e+01 	 3.1647899531e-02
300 	 306 	 7.0218299343e+01 	 1.2732317574e-02
400 	 407 	 7.0214711699e+01 	 5.0594448570e-03
500 	 510 	 7.0213413797e+01 	 2.7219381249e-03
600 	 614 	 7.0212839611e+01 	 2.8929118097e-03
700 	 715 	 7.0212333150e+01 	 3.0478418899e-03
800 	 817 	 7.0211748696e+01 	 2.9146784748e-03
900 	 917 	 7.0211252487e+01 	 4.4930817426e-03
1000 	 1018 	 7.0210824142e+01 	 2.5661985971e-03
1100 	 1121 	 7.0210587273e+01 	 1.6898375628e-03
1200 	 1223 	 7.0210348368e+01 	 1.4389192860e-03
1300 	 1326 	 7.0210154416e+01 	 1.6006287048e-03
1400 	 1429 	 7.0210019268e+01 	 1.3267284750e-03
1500 	 1531 	 7.0209906880e+01 	 1.3657824431e-03
1600 	 1633 	 7.0209823803e+01 	 9.6593040175e-04
1700 	 1735 	 7.0209765704e+01 	 8.3490488098e-04
1800 	 1837 	 7.0209727629e+01 	 2.1208959863e-03
1900 	 1940 	 7.0209689994e+01 	 7.1028513067e-04
2000 	 2040 	 7.0209649906e+01 	 5.9719547526e-04
2100 	 2140 	 7.0209607739e+01 	 7.0565514760e-04
2200 	 2245 	 7.0209570513e+01 	 1.4735137753e-03
2300 	 2348 	 7.0209539789e+01 	 5.6010313736e-04
2400 	 2451 	 7.0209510663e+01 	 1.1352311652e-03
2500 	 2554 	 7.0209482617e+01 	 6.0332243373e-04
2600 	 2655 	 7.0209450766e+01 	 5.5192357216e-04
2700 	 2758 	 7.0209420981e+01 	 6.9498945382e-04
2800 	 2859 	 7.0209388694e+01 	 7.8328801582e-04
2900 	 2962 	 7.0209352886e+01 	 5.4167121949e-04
3000 	 3065 	 7.0209316489e+01 	 8.6708410373e-04
3100 	 3167 	 7.0209279222e+01 	 1.9542563967e-03
3200 	 3270 	 7.0209242874e+01 	 7.7406622853e-04
3300 	 3374 	 7.0209206364e+01 	 5.8496318791e-04
3400 	 3478 	 7.0209170868e+01 	 7.6236806033e-04
3500 	 3580 	 7.0209127910e+01 	 8.4802024313e-04
3600 	 3684 	 7.0209085228e+01 	 5.2884465782e-04
3700 	 3787 	 7.0209048028e+01 	 7.4913854543e-04
3800 	 3889 	 7.0209000743e+01 	 7.5041114138e-04
3900 	 3992 	 7.0208955621e+01 	 6.9982018554e-04
4000 	 4092 	 7.0208926363e+01 	 5.5599052591e-04
4100 	 4196 	 7.0208904234e+01 	 4.3122829449e-04
4200 	 4297 	 7.0208884911e+01 	 5.1365357998e-04
4300 	 4400 	 7.0208868884e+01 	 5.2315604324e-04
4400 	 4501 	 7.0208851756e+01 	 4.5095361529e-04
4500 	 4604 	 7.0208839691e+01 	 3.7036620953e-04
4600 	 4708 	 7.0208829158e+01 	 7.0004740895e-04
4700 	 4811 	 7.0208818753e+01 	 6.5413309111e-04
4800 	 4912 	 7.0208809473e+01 	 3.6284862067e-04
4900 	 5015 	 7.0208801245e+01 	 2.7345360337e-04
5000 	 5116 	 7.0208794311e+01 	 2.6125140354e-04
5100 	 5218 	 7.0208785846e+01 	 3.0736483418e-04
5200 	 5319 	 7.0208776773e+01 	 3.1527624281e-04
5300 	 5420 	 7.0208769655e+01 	 3.7429873842e-04
5400 	 5523 	 7.0208764076e+01 	 2.1719205223e-04
5500 	 5624 	 7.0208759132e+01 	 2.0298313384e-04
5600 	 5727 	 7.0208755028e+01 	 1.7283673187e-04
5700 	 5830 	 7.0208751092e+01 	 1.8311245167e-04
5800 	 5933 	 7.0208747762e+01 	 1.8280560482e-04
5900 	 6036 	 7.0208744683e+01 	 3.4565357980e-04
6000 	 6138 	 7.0208741392e+01 	 2.1841492678e-04
6100 	 6240 	 7.0208738301e+01 	 2.6066225075e-04
6200 	 6343 	 7.0208733624e+01 	 2.4133191012e-04
6300 	 6445 	 7.0208728769e+01 	 4.6080254974e-04
6400 	 6546 	 7.0208723900e+01 	 2.9334430735e-04
6500 	 6649 	 7.0208717502e+01 	 5.3567468415e-04
6600 	 6753 	 7.0208709792e+01 	 5.6329463171e-04
6700 	 6855 	 7.0208702645e+01 	 4.1251196804e-04
6800 	 6958 	 7.0208696150e+01 	 3.3325217780e-04
6900 	 7061 	 7.0208689661e+01 	 2.5107379692e-04
7000 	 7163 	 7.0208682006e+01 	 2.1133973880e-04
7100 	 7266 	 7.0208675982e+01 	 3.0330439851e-04
7200 	 7371 	 7.0208670962e+01 	 1.7429331913e-04
7300 	 7475 	 7.0208666703e+01 	 3.0600328042e-04
7400 	 7577 	 7.0208662428e+01 	 2.3102385633e-04
7500 	 7679 	 7.0208658129e+01 	 3.4286693687e-04
7600 	 7780 	 7.0208653996e+01 	 5.4373497008e-04
7700 	 7882 	 7.0208650318e+01 	 2.2362695922e-04
7800 	 7983 	 7.0208647746e+01 	 1.4582881748e-04
7900 	 8086 	 7.0208645704e+01 	 2.7721913901e-04
8000 	 8187 	 7.0208643952e+01 	 1.5906941379e-04
8100 	 8291 	 7.0208642685e+01 	 1.3308737526e-04
8200 	 8393 	 7.0208641706e+01 	 1.2488534153e-04
8300 	 8497 	 7.0208641068e+01 	 1.0878825267e-04
8400 	 8599 	 7.0208640600e+01 	 8.2389084092e-05
8500 	 8701 	 7.0208640173e+01 	 8.0128045615e-05
8600 	 8803 	 7.0208639564e+01 	 1.3862170255e-04
8700 	 8906 	 7.0208638931e+01 	 7.1792174630e-05
8800 	 9007 	 7.0208638293e+01 	 8.3851109776e-05
8900 	 9109 	 7.0208637812e+01 	 1.0148045615e-04
9000 	 9211 	 7.0208637377e+01 	 1.1770444487e-04
9100 	 9314 	 7.0208636987e+01 	 6.8160483837e-05
9200 	 9416 	 7.0208636614e+01 	 1.0205132155e-04
9300 	 9519 	 7.0208636188e+01 	 6.1032483818e-05
9400 	 9620 	 7.0208635796e+01 	 5.3955721923e-05
9500 	 9722 	 7.0208635424e+01 	 4.6997639700e-05
9600 	 9825 	 7.0208635136e+01 	 1.2581128702e-04
9700 	 9927 	 7.0208634824e+01 	 5.3600503602e-05
9800 	 10031 	 7.0208634511e+01 	 6.2952422855e-05
9900 	 10133 	 7.0208634096e+01 	 6.1420898240e-05
10000 	 10236 	 7.0208633663e+01 	 6.0988939161e-05
10100 	 10338 	 7.0208633299e+01 	 7.7588934198e-05
10200 	 10441 	 7.0208632883e+01 	 9.0350226872e-05
10300 	 10543 	 7.0208632503e+01 	 5.1444619103e-05
10400 	 10646 	 7.0208632203e+01 	 4.8278701163e-05
10500 	 10748 	 7.0208631950e+01 	 5.8449984068e-05
10600 	 10851 	 7.0208631706e+01 	 9.1052652156e-05
10700 	 10952 	 7.0208631473e+01 	 5.5726104051e-05
10800 	 11054 	 7.0208631276e+01 	 6.8544897029e-05
10900 	 11154 	 7.0208631117e+01 	 3.4713878748e-05
11000 	 11255 	 7.0208630972e+01 	 3.7330562984e-05
11100 	 11358 	 7.0208630814e+01 	 7.6953411644e-05
11200 	 11461 	 7.0208630624e+01 	 6.0723275979e-05
11300 	 11564 	 7.0208630392e+01 	 5.1932642225e-05
11400 	 11666 	 7.0208630108e+01 	 6.1171687931e-05
11500 	 11767 	 7.0208629861e+01 	 7.4412185580e-05
11600 	 11869 	 7.0208629635e+01 	 6.8190797352e-05
11700 	 11969 	 7.0208629422e+01 	 4.9039575750e-05
11800 	 12073 	 7.0208629220e+01 	 6.5499077665e-05
11900 	 12175 	 7.0208629031e+01 	 3.8334046003e-05
12000 	 12280 	 7.0208628822e+01 	 5.1539483222e-05
12100 	 12381 	 7.0208628584e+01 	 4.9888620507e-05
12200 	 12483 	 7.0208628356e+01 	 1.6924842337e-04
12300 	 12586 	 7.0208628109e+01 	 4.2895781346e-05
12400 	 12687 	 7.0208627848e+01 	 4.6407818697e-05
12500 	 12789 	 7.0208627565e+01 	 5.8833918368e-05
12600 	 12893 	 7.0208627248e+01 	 9.6844217930e-05
12700 	 12996 	 7.0208626848e+01 	 5.7117834531e-05
12800 	 13101 	 7.0208626421e+01 	 1.2036399471e-04
12900 	 13202 	 7.0208625997e+01 	 7.2223112522e-05
13000 	 13304 	 7.0208625704e+01 	 1.2770321544e-04
13100 	 13407 	 7.0208625484e+01 	 4.7612302288e-05
13200 	 13511 	 7.0208625314e+01 	 6.6640860903e-05
13300 	 13616 	 7.0208625174e+01 	 4.9114120582e-05
13400 	 13718 	 7.0208625021e+01 	 4.5532390139e-05
13500 	 13820 	 7.0208624820e+01 	 9.0291545516e-05
13600 	 13922 	 7.0208624662e+01 	 4.4913764707e-05
13700 	 14024 	 7.0208624489e+01 	 3.5585433620e-05
13800 	 14126 	 7.0208624374e+01 	 3.3819740821e-05
13900 	 14230 	 7.0208624268e+01 	 6.4419870312e-05
14000 	 14332 	 7.0208624178e+01 	 2.6945112704e-05
14100 	 14435 	 7.0208624094e+01 	 3.7124428663e-05
14200 	 14537 	 7.0208623969e+01 	 4.7702522799e-05
14300 	 14642 	 7.0208623839e+01 	 3.2839234956e-05
14400 	 14744 	 7.0208623769e+01 	 4.7540467037e-05
14500 	 14847 	 7.0208623709e+01 	 2.5331090541e-05
14600 	 14951 	 7.0208623640e+01 	 2.4425912721e-05
14700 	 15054 	 7.0208623558e+01 	 4.0444276491e-05
14800 	 15158 	 7.0208623470e+01 	 2.4022761362e-05
14900 	 15259 	 7.0208623362e+01 	 9.0527978072e-05
15000 	 15361 	 7.0208623248e+01 	 3.4918941197e-05
15100 	 15463 	 7.0208623148e+01 	 3.1746611059e-05
15200 	 15563 	 7.0208623058e+01 	 2.5100267315e-05
15300 	 15667 	 7.0208622983e+01 	 2.6812233593e-05
15400 	 15772 	 7.0208622917e+01 	 2.3411894453e-05
15500 	 15874 	 7.0208622858e+01 	 2.5182021995e-05
15600 	 15977 	 7.0208622797e+01 	 3.0284911800e-05
15700 	 16079 	 7.0208622753e+01 	 2.0844762576e-05
15800 	 16182 	 7.0208622703e+01 	 1.8966746764e-05
15900 	 16286 	 7.0208622648e+01 	 2.9913683982e-05
16000 	 16388 	 7.0208622591e+01 	 2.4440667124e-05
16100 	 16490 	 7.0208622530e+01 	 2.1339625749e-05
16200 	 16592 	 7.0208622464e+01 	 9.7297340543e-05
16300 	 16693 	 7.0208622391e+01 	 3.8822459296e-05
16400 	 16798 	 7.0208622336e+01 	 2.9467004372e-05
16500 	 16902 	 7.0208622275e+01 	 2.4030668878e-05
16600 	 17004 	 7.0208622225e+01 	 2.2568398116e-05
16700 	 17108 	 7.0208622185e+01 	 2.2889096733e-05
16800 	 17210 	 7.0208622127e+01 	 2.6915298569e-05
16900 	 17314 	 7.0208622065e+01 	 2.5341299471e-05
17000 	 17416 	 7.0208621996e+01 	 3.5130767208e-05
17100 	 17517 	 7.0208621916e+01 	 7.2791871864e-05
17200 	 17620 	 7.0208621854e+01 	 2.8737085987e-05
17300 	 17723 	 7.0208621803e+01 	 5.4582551722e-05
17400 	 17824 	 7.0208621754e+01 	 2.6467531418e-05
17500 	 17925 	 7.0208621699e+01 	 2.2940647821e-05
17600 	 18028 	 7.0208621664e+01 	 4.9529300333e-05
17700 	 18134 	 7.0208621636e+01 	 1.6554292587e-05
17800 	 18236 	 7.0208621608e+01 	 1.8594566084e-05
17900 	 18338 	 7.0208621581e+01 	 2.8457222073e-05
18000 	 18441 	 7.0208621554e+01 	 1.5617520729e-05
18100 	 18542 	 7.0208621524e+01 	 2.4113500992e-05
18200 	 18646 	 7.0208621497e+01 	 2.5810707072e-05
18300 	 18748 	 7.0208621461e+01 	 2.1038698629e-05
18400 	 18851 	 7.0208621424e+01 	 2.1251040663e-05
18500 	 18954 	 7.0208621396e+01 	 3.4123624287e-05
18600 	 19058 	 7.0208621380e+01 	 1.7851825572e-05
18700 	 19159 	 7.0208621369e+01 	 1.3604060211e-05
18800 	 19261 	 7.0208621355e+01 	 1.0678229595e-05
18900 	 19363 	 7.0208621342e+01 	 1.1467157577e-05
19000 	 19467 	 7.0208621328e+01 	 2.6844924777e-05
19100 	 19568 	 7.0208621316e+01 	 1.4287346330e-05
19200 	 19670 	 7.0208621302e+01 	 1.6971057432e-05
19300 	 19773 	 7.0208621289e+01 	 1.1048459459e-05
19400 	 19877 	 7.0208621276e+01 	 9.9296818704e-06
19500 	 19979 	 7.0208621265e+01 	 1.2025268372e-05
19600 	 20082 	 7.0208621254e+01 	 1.6321789980e-05
19700 	 20185 	 7.0208621241e+01 	 2.0251013077e-05
19800 	 20285 	 7.0208621223e+01 	 2.9777983174e-05
19900 	 20387 	 7.0208621205e+01 	 1.5144147390e-05
20000 	 20487 	 7.0208621184e+01 	 3.4953147311e-05
20100 	 20590 	 7.0208621163e+01 	 3.7649348992e-05
20200 	 20693 	 7.0208621133e+01 	 2.1748274468e-05
20300 	 20795 	 7.0208621103e+01 	 2.0255486464e-05
20400 	 20897 	 7.0208621067e+01 	 1.7866503450e-05
20500 	 20999 	 7.0208621037e+01 	 1.5295431246e-05
20600 	 21103 	 7.0208621006e+01 	 2.4766262947e-05
20700 	 21207 	 7.0208620974e+01 	 4.8903779601e-05
20800 	 21310 	 7.0208620947e+01 	 2.2117563366e-05
20900 	 21415 	 7.0208620916e+01 	 1.7250703742e-05
21000 	 21518 	 7.0208620893e+01 	 1.2062264725e-05
21100 	 21622 	 7.0208620876e+01 	 1.1437879039e-05
21200 	 21726 	 7.0208620863e+01 	 1.1795974121e-05
21300 	 21830 	 7.0208620852e+01 	 9.6622435781e-06
21400 	 21932 	 7.0208620846e+01 	 1.2158724523e-05
21500 	 22034 	 7.0208620841e+01 	 7.6954925419e-06
21600 	 22138 	 7.0208620838e+01 	 6.5379673586e-06
21700 	 22242 	 7.0208620835e+01 	 8.9902598681e-06
21800 	 22344 	 7.0208620833e+01 	 3.7412372984e-06
21900 	 22444 	 7.0208620831e+01 	 9.7758973910e-06
22000 	 22544 	 7.0208620828e+01 	 1.1127911307e-05
22100 	 22648 	 7.0208620825e+01 	 7.7688911980e-06
22200 	 22750 	 7.0208620821e+01 	 6.8197528786e-06
22300 	 22854 	 7.0208620815e+01 	 1.2917720247e-05
22400 	 22957 	 7.0208620809e+01 	 6.2830589991e-06
22500 	 23061 	 7.0208620806e+01 	 1.0893231867e-05
22600 	 23164 	 7.0208620802e+01 	 1.0150601622e-05
22700 	 23266 	 7.0208620798e+01 	 8.0039566689e-06
22800 	 23368 	 7.0208620792e+01 	 1.8679043021e-05
22900 	 23470 	 7.0208620788e+01 	 1.0297606390e-05
23000 	 23572 	 7.0208620785e+01 	 1.0768955580e-05
23100 	 23673 	 7.0208620782e+01 	 5.0742445287e-06
23200 	 23774 	 7.0208620779e+01 	 1.0562939128e-05
23300 	 23875 	 7.0208620776e+01 	 4.9397951421e-06
23400 	 23977 	 7.0208620774e+01 	 7.2963777209e-06
23500 	 24080 	 7.0208620773e+01 	 5.0337104708e-06
23600 	 24183 	 7.0208620771e+01 	 7.2682185100e-06
23700 	 24285 	 7.0208620770e+01 	 3.9203594659e-06
23800 	 24388 	 7.0208620768e+01 	 3.9243877969e-06
23900 	 24490 	 7.0208620765e+01 	 1.0031682437e-05
24000 	 24592 	 7.0208620763e+01 	 4.4973500130e-06
24100 	 24694 	 7.0208620761e+01 	 4.9930596383e-06
24200 	 24798 	 7.0208620759e+01 	 4.6046484912e-06
24300 	 24900 	 7.0208620757e+01 	 4.5490192949e-06
24400 	 25004 	 7.0208620755e+01 	 4.0586350419e-06
24500 	 25108 	 7.0208620754e+01 	 3.6301976186e-06
24600 	 25210 	 7.0208620752e+01 	 4.7546523734e-06
24700 	 25312 	 7.0208620751e+01 	 8.1658117982e-06
24800 	 25413 	 7.0208620749e+01 	 4.9056458916e-06
24900 	 25515 	 7.0208620748e+01 	 4.1567718351e-06
25000 	 25618 	 7.0208620747e+01 	 3.3359484086e-06
25100 	 25720 	 7.0208620746e+01 	 5.6096928083e-06
25200 	 25822 	 7.0208620744e+01 	 8.8737588065e-06
25300 	 25924 	 7.0208620743e+01 	 4.2448553900e-06
25400 	 26025 	 7.0208620741e+01 	 5.7445039341e-06
25500 	 26126 	 7.0208620739e+01 	 6.1610261384e-06
25600 	 26231 	 7.0208620737e+01 	 4.0857834744e-06
25700 	 26336 	 7.0208620735e+01 	 5.0785891912e-06
25800 	 26438 	 7.0208620733e+01 	 5.3745628670e-06
25900 	 26540 	 7.0208620731e+01 	 1.1192016811e-05
26000 	 26640 	 7.0208620729e+01 	 8.2430393546e-06
26100 	 26743 	 7.0208620728e+01 	 3.8130915142e-06
26200 	 26845 	 7.0208620726e+01 	 3.6469478897e-06
26300 	 26947 	 7.0208620725e+01 	 9.4764109738e-06
26400 	 27048 	 7.0208620725e+01 	 2.6680876686e-06
26500 	 27152 	 7.0208620724e+01 	 2.8532848587e-06
26600 	 27254 	 7.0208620723e+01 	 4.8609858288e-06
26700 	 27357 	 7.0208620722e+01 	 2.8414917620e-06
26800 	 27457 	 7.0208620722e+01 	 5.2717694679e-06
26900 	 27558 	 7.0208620721e+01 	 3.6661243903e-06
27000 	 27661 	 7.0208620720e+01 	 2.4315984214e-06
27100 	 27764 	 7.0208620719e+01 	 3.7553246448e-06
27200 	 27866 	 7.0208620719e+01 	 5.6651744862e-06
27300 	 27967 	 7.0208620718e+01 	 2.6999770620e-06
27400 	 28069 	 7.0208620717e+01 	 3.1462413316e-06
27500 	 28173 	 7.0208620717e+01 	 6.5976178890e-06
27600 	 28275 	 7.0208620716e+01 	 4.5930672513e-06
27700 	 28379 	 7.0208620716e+01 	 2.4142715458e-06
27800 	 28482 	 7.0208620715e+01 	 2.0332834254e-06
27900 	 28584 	 7.0208620715e+01 	 1.4185763926e-06
28000 	 28687 	 7.0208620715e+01 	 1.5177013176e-06
28100 	 28789 	 7.0208620715e+01 	 5.1606702225e-06
28200 	 28892 	 7.0208620714e+01 	 1.5774927829e-06
28300 	 28994 	 7.0208620714e+01 	 1.7531068639e-06
28400 	 29096 	 7.0208620714e+01 	 1.4123717397e-06
28500 	 29200 	 7.0208620714e+01 	 2.1634135292e-06
28600 	 29303 	 7.0208620714e+01 	 1.1735984173e-06
28700 	 29406 	 7.0208620713e+01 	 1.1106531165e-06
28800 	 29510 	 7.0208620713e+01 	 1.3777469139e-06
28900 	 29611 	 7.0208620713e+01 	 1.3880984745e-06
29000 	 29714 	 7.0208620713e+01 	 1.7818306643e-06
29100 	 29818 	 7.0208620713e+01 	 3.2510201675e-06
29200 	 29923 	 7.0208620712e+01 	 3.1017039101e-06
29300 	 30023 	 7.0208620712e+01 	 3.3814086835e-06
29400 	 30126 	 7.0208620711e+01 	 3.1764463735e-06
29500 	 30229 	 7.0208620711e+01 	 2.5155495413e-06
29600 	 30332 	 7.0208620710e+01 	 2.1894003087e-06
29700 	 30437 	 7.0208620710e+01 	 1.9013656085e-06
29800 	 30539 	 7.0208620710e+01 	 2.1162544031e-06
29900 	 30643 	 7.0208620709e+01 	 1.9149454304e-06
30000 	 30746 	 7.0208620709e+01 	 1.1428089611e-06
30100 	 30849 	 7.0208620709e+01 	 1.2654558725e-06
30200 	 30952 	 7.0208620709e+01 	 1.1675395420e-06
30300 	 31057 	 7.0208620709e+01 	 1.1352397563e-06
30400 	 31161 	 7.0208620709e+01 	 1.1063511985e-06
30500 	 31268 	 7.0208620708e+01 	 1.0765396175e-06
30600 	 31370 	 7.0208620708e+01 	 1.1731218139e-06
30700 	 31475 	 7.0208620708e+01 	 1.4947144683e-06
30800 	 31587 	 7.0208620708e+01 	 1.8094029570e-06
30900 	 31702 	 7.0208620708e+01 	 5.6543768035e-07
31000 	 31809 	 7.0208620708e+01 	 6.9309888993e-07
31100 	 31919 	 7.0208620708e+01 	 3.2443392596e-07
31200 	 32025 	 7.0208620708e+01 	 5.6156328687e-07
31300 	 32139 	 7.0208620708e+01 	 2.8350993713e-07
31400 	 32251 	 7.0208620708e+01 	 6.8862875295e-07
31500 	 32361 	 7.0208620708e+01 	 1.1885205516e-06
31600 	 32469 	 7.0208620708e+01 	 7.4194981716e-07
31700 	 32578 	 7.0208620708e+01 	 1.0694991358e-06
31800 	 32691 	 7.0208620708e+01 	 5.4516660669e-07
31900 	 32805 	 7.0208620708e+01 	 1.1610791878e-06
32000 	 32915 	 7.0208620708e+01 	 9.0229515228e-07
32100 	 33023 	 7.0208620708e+01 	 5.7922885392e-07
32200 	 33128 	 7.0208620708e+01 	 1.4982124483e-06
32300 	 33234 	 7.0208620708e+01 	 1.0080305545e-06
32400 	 33339 	 7.0208620708e+01 	 9.8777036716e-07
32500 	 33443 	 7.0208620708e+01 	 1.1441294980e-06
32600 	 33548 	 7.0208620707e+01 	 1.1409956946e-06
32700 	 33652 	 7.0208620707e+01 	 9.2826795011e-07
32800 	 33755 	 7.0208620707e+01 	 1.4120476055e-06
32900 	 33859 	 7.0208620707e+01 	 1.3508952694e-06
33000 	 33960 	 7.0208620707e+01 	 9.4325950376e-07
33100 	 34064 	 7.0208620707e+01 	 8.0775528683e-07
33200 	 34171 	 7.0208620707e+01 	 1.2113534062e-06
33300 	 34281 	 7.0208620707e+01 	 1.2647252391e-06
33400 	 34386 	 7.0208620707e+01 	 1.0928348478e-06
33500 	 34494 	 7.0208620707e+01 	 6.9754593778e-07
33600 	 34611 	 7.0208620707e+01 	 8.2424288504e-07
33700 	 34728 	 7.0208620707e+01 	 4.4039831187e-07
# ---- 
 1 		 33758 	 34806 		 7.6940922463e+01 	 7.0208620707e+01 	 6.8249213927e-07
# ---- 
100 	 110 	 7.0345974861e+01 	 6.4788587846e-02
200 	 212 	 7.0259124124e+01 	 3.6721187397e-02
300 	 313 	 7.0234262255e+01 	 1.1611805989e-02
400 	 414 	 7.0229730464e+01 	 1.4770192773e-02
500 	 519 	 7.0227769946e+01 	 3.6382562509e-03
600 	 622 	 7.0226646505e+01 	 7.8447174054e-03
700 	 722 	 7.0225093573e+01 	 5.7202513191e-03
800 	 823 	 7.0222606268e+01 	 8.3856475065e-03
900 	 926 	 7.0219223589e+01 	 6.4848596566e-03
1000 	 1029 	 7.0215387997e+01 	 7.0858852488e-03
1100 	 1132 	 7.0212048306e+01 	 9.2405320298e-03
1200 	 1234 	 7.0208503887e+01 	 9.7010771335e-03
1300 	 1338 	 7.0204048485e+01 	 1.1619119599e-02
1400 	 1439 	 7.0199714391e+01 	 6.6927545121e-03
1500 	 1540 	 7.0194442056e+01 	 8.3391669822e-03
1600 	 1641 	 7.0189887932e+01 	 8.8401779035e-03
1700 	 1744 	 7.0186041616e+01 	 1.2412471149e-02
1800 	 1846 	 7.0183107877e+01 	 6.2397247007e-03
1900 	 1949 	 7.0180405369e+01 	 1.1000039575e-02
2000 	 2051 	 7.0178228531e+01 	 3.7994368289e-03
2100 	 2152 	 7.0176733750e+01 	 7.1481748996e-03
2200 	 2255 	 7.0175609714e+01 	 4.8979070916e-03
2300 	 2358 	 7.0174640656e+01 	 3.2544389385e-03
2400 	 2461 	 7.0173889239e+01 	 3.1231929788e-03
2500 	 2561 	 7.0173152869e+01 	 3.7932952982e-03
2600 	 2664 	 7.0172611350e+01 	 2.7313308439e-03
2700 	 2765 	 7.0172208701e+01 	 2.5466791151e-03
2800 	 2868 	 7.0171865393e+01 	 1.5503548127e-03
2900 	 2971 	 7.0171640603e+01 	 2.3174136395e-03
3000 	 3074 	 7.0171473360e+01 	 1.5446851376e-03
3100 	 3176 	 7.0171370493e+01 	 1.1559723703e-03
3200 	 3277 	 7.0171297897e+01 	 2.2052265799e-03
3300 	 3378 	 7.0171232535e+01 	 8.8794629508e-04
3400 	 3480 	 7.0171177466e+01 	 2.0747403854e-03
3500 	 3582 	 7.0171124161e+01 	 7.9597188349e-04
3600 	 3685 	 7.0171078478e+01 	 4.9807707485e-04
3700 	 3789 	 7.0171040227e+01 	 6.3782590177e-04
3800 	 3892 	 7.0171003302e+01 	 7.2157138699e-04
3900 	 3993 	 7.0170965551e+01 	 9.9317531340e-04
4000 	 4096 	 7.0170928505e+01 	 9.9212367084e-04
4100 	 4198 	 7.0170893428e+01 	 6.2202090504e-04
4200 	 4301 	 7.0170861276e+01 	 5.1402359241e-04
4300 	 4403 	 7.0170832617e+01 	 5.5181969558e-04
4400 	 4507 	 7.0170799293e+01 	 4.4040790866e-04
4500 	 4612 	 7.0170772877e+01 	 3.7805619809e-04
4600 	 4713 	 7.0170756256e+01 	 6.6185516950e-04
4700 	 4818 	 7.0170744258e+01 	 3.0999895349e-04
4800 	 4919 	 7.0170734044e+01 	 3.5963453099e-04
4900 	 5019 	 7.0170724854e+01 	 2.7387283112e-04
5000 	 5122 	 7.0170717782e+01 	 2.2436706183e-04
5100 	 5224 	 7.0170711632e+01 	 2.2998379772e-04
5200 	 5328 	 7.0170704342e+01 	 4.1112190743e-04
5300 	 5432 	 7.0170697588e+01 	 3.4720702846e-04
5400 	 5535 	 7.0170691598e+01 	 2.6263217664e-04
5500 	 5637 	 7.0170686220e+01 	 2.4229080714e-04
5600 	 5739 	 7.0170681190e+01 	 5.2443214607e-04
5700 	 5842 	 7.0170676703e+01 	 2.4996918090e-04
5800 	 5946 	 7.0170671860e+01 	 4.0982000201e-04
5900 	 6049 	 7.0170665597e+01 	 2.7496965363e-04
6000 	 6153 	 7.0170658584e+01 	 8.6866883690e-04
6100 	 6254 	 7.0170649795e+01 	 4.8142162805e-04
6200 	 6357 	 7.0170640081e+01 	 4.6642584229e-04
6300 	 6460 	 7.0170629588e+01 	 2.6725774348e-04
6400 	 6564 	 7.0170620556e+01 	 3.9575333308e-04
6500 	 6665 	 7.0170610372e+01 	 9.3230843535e-04
6600 	 6767 	 7.0170596430e+01 	 3.1030812028e-04
6700 	 6870 	 7.0170583105e+01 	 2.5835649908e-04
6800 	 6970 	 7.0170572641e+01 	 3.5134049417e-04
6900 	 7073 	 7.0170564340e+01 	 2.2640756539e-04
7000 	 7175 	 7.0170557767e+01 	 2.6885339904e-04
7100 	 7275 	 7.0170551465e+01 	 3.3016971473e-04
7200 	 7378 	 7.0170544452e+01 	 5.3167016331e-04
7300 	 7481 	 7.0170537026e+01 	 2.9956165499e-04
7400 	 7582 	 7.0170529797e+01 	 6.6630596288e-04
7500 	 7682 	 7.0170521323e+01 	 3.1046711387e-04
7600 	 7784 	 7.0170511279e+01 	 3.6185435895e-04
7700 	 7884 	 7.0170503088e+01 	 3.2139359767e-04
7800 	 7985 	 7.0170495145e+01 	 6.1349723732e-04
7900 	 8086 	 7.0170484958e+01 	 5.5036742949e-04
8000 	 8191 	 7.0170473582e+01 	 4.1628179961e-04
8100 	 8292 	 7.0170461504e+01 	 4.9805158358e-04
8200 	 8394 	 7.0170451248e+01 	 3.7842979138e-04
8300 	 8498 	 7.0170442608e+01 	 2.9766570014e-04
8400 	 8601 	 7.0170436650e+01 	 2.7185800959e-04
8500 	 8706 	 7.0170431425e+01 	 2.3061840539e-04
8600 	 8808 	 7.0170425427e+01 	 2.0639430689e-04
8700 	 8911 	 7.0170418776e+01 	 2.9161512807e-04
8800 	 9014 	 7.0170411926e+01 	 3.3373109653e-04
8900 	 9117 	 7.0170403865e+01 	 6.0760718514e-04
9000 	 9222 	 7.0170397854e+01 	 2.4054503378e-04
9100 	 9323 	 7.0170392537e+01 	 3.5550702636e-04
9200 	 9426 	 7.0170386656e+01 	 4.8179206757e-04
9300 	 9530 	 7.0170381211e+01 	 1.7977640847e-04
9400 	 9631 	 7.0170376109e+01 	 1.8146948384e-04
9500 	 9734 	 7.0170371187e+01 	 4.2942226897e-04
9600 	 9836 	 7.0170366266e+01 	 5.1581117204e-04
9700 	 9939 	 7.0170360439e+01 	 2.8923317448e-04
9800 	 10039 	 7.0170351841e+01 	 3.2081131861e-04
9900 	 10142 	 7.0170341185e+01 	 4.9102229169e-04
10000 	 10245 	 7.0170327480e+01 	 4.6634762640e-04
10100 	 10347 	 7.0170308408e+01 	 9.9844656976e-04
10200 	 10448 	 7.0170284286e+01 	 4.8861521558e-04
10300 	 10550 	 7.0170258021e+01 	 6.1222973525e-04
10400 	 10651 	 7.0170224060e+01 	 5.9181932571e-04
10500 	 10754 	 7.0170191866e+01 	 5.7118989746e-04
10600 	 10856 	 7.0170147048e+01 	 1.7688000747e-03
10700 	 10959 	 7.0170078664e+01 	 9.0072458053e-04
10800 	 11061 	 7.0170003459e+01 	 1.1469902094e-03
10900 	 11166 	 7.0169925716e+01 	 1.0052644836e-03
11000 	 11269 	 7.0169866699e+01 	 6.0326507046e-04
11100 	 11371 	 7.0169810251e+01 	 9.7423743902e-04
11200 	 11472 	 7.0169767666e+01 	 6.2384129629e-04
11300 	 11576 	 7.0169730031e+01 	 6.1979030558e-04
11400 	 11677 	 7.0169692328e+01 	 6.9054962621e-04
11500 	 11780 	 7.0169666417e+01 	 4.0272943387e-04
11600 	 11881 	 7.0169647990e+01 	 4.4037368725e-04
11700 	 11982 	 7.0169633024e+01 	 3.2261447923e-04
11800 	 12086 	 7.0169618496e+01 	 5.9965315547e-04
11900 	 12187 	 7.0169604972e+01 	 4.5045499470e-04
12000 	 12290 	 7.0169595160e+01 	 8.8125188910e-04
12100 	 12393 	 7.0169588239e+01 	 3.8123203056e-04
12200 	 12496 	 7.0169581100e+01 	 3.2536166749e-04
12300 	 12597 	 7.0169574208e+01 	 4.9400763287e-04
12400 	 12698 	 7.0169567480e+01 	 2.6533460002e-04
12500 	 12799 	 7.0169560333e+01 	 3.3061927572e-04
12600 	 12901 	 7.0169554153e+01 	 2.6437555314e-04
12700 	 13004 	 7.0169549409e+01 	 3.9988583879e-04
12800 	 13106 	 7.0169544960e+01 	 1.9551445436e-04
12900 	 13209 	 7.0169541196e+01 	 1.6799429634e-04
13000 	 13311 	 7.0169537833e+01 	 1.7272348531e-04
13100 	 13415 	 7.0169534962e+01 	 1.5147599290e-04
13200 	 13518 	 7.0169532174e+01 	 1.7606059978e-04
13300 	 13621 	 7.0169530277e+01 	 1.4630756403e-04
13400 	 13722 	 7.0169528532e+01 	 1.4654161671e-04
13500 	 13825 	 7.0169526635e+01 	 1.9636104325e-04
13600 	 13926 	 7.0169525045e+01 	 1.2982943480e-04
13700 	 14028 	 7.0169523362e+01 	 1.3204957920e-04
13800 	 14132 	 7.0169521604e+01 	 1.8278499187e-04
13900 	 14233 	 7.0169519592e+01 	 3.4975367606e-04
14000 	 14335 	 7.0169518064e+01 	 1.2089309579e-04
14100 	 14437 	 7.0169516357e+01 	 1.4559976507e-04
14200 	 14539 	 7.0169514768e+01 	 1.1241641655e-04
14300 	 14641 	 7.0169513071e+01 	 2.0771156174e-04
14400 	 14745 	 7.0169511599e+01 	 1.5383049620e-04
14500 	 14847 	 7.0169510288e+01 	 2.0028375949e-04
14600 	 14949 	 7.0169509190e+01 	 9.0934614783e-05
14700 	 15050 	 7.0169508202e+01 	 1.2328514203e-04
14800 	 15153 	 7.0169507036e+01 	 1.0255734682e-04
14900 	 15258 	 7.0169505866e+01 	 1.3512189696e-04
15000 	 15361 	 7.0169504628e+01 	 1.2055234360e-04
15100 	 15465 	 7.0169503051e+01 	 3.6042090335e-04
15200 	 15567 	 7.0169501335e+01 	 2.8540126056e-04
15300 	 15671 	 7.0169499817e+01 	 2.1096882422e-04
15400 	 15771 	 7.0169498516e+01 	 1.2311216948e-04
15500 	 15874 	 7.0169497308e+01 	 2.4374018985e-04
15600 	 15975 	 7.0169495914e+01 	 1.1484355982e-04
15700 	 16077 	 7.0169494599e+01 	 9.2972486967e-05
15800 	 16179 	 7.0169493739e+01 	 1.8103820828e-04
15900 	 16280 	 7.0169492831e+01 	 1.3679165449e-04
16000 	 16383 	 7.0169492038e+01 	 9.7207128835e-05
16100 	 16488 	 7.0169491320e+01 	 9.3569328263e-05
16200 	 16589 	 7.0169490746e+01 	 5.3554446195e-05
16300 	 16692 	 7.0169490314e+01 	 8.0988054199e-05
16400 	 16796 	 7.0169489937e+01 	 9.6454358954e-05
16500 	 16901 	 7.0169489517e+01 	 1.0330714083e-04
16600 	 17002 	 7.0169489126e+01 	 9.1097665008e-05
16700 	 17104 	 7.0169488727e+01 	 7.4683518774e-05
16800 	 17206 	 7.0169488391e+01 	 1.7658853980e-04
16900 	 17308 	 7.0169488092e+01 	 6.3493551852e-05
17000 	 17410 	 7.0169487802e+01 	 6.7078531330e-05
17100 	 17512 	 7.0169487513e+01 	 8.4310464562e-05
17200 	 17615 	 7.0169487308e+01 	 4.9053160360e-05
17300 	 17718 	 7.0169487153e+01 	 5.4053141711e-05
17400 	 17820 	 7.0169486941e+01 	 1.1769050765e-04
17500 	 17922 	 7.0169486690e+01 	 5.5403673204e-05
17600 	 18026 	 7.0169486453e+01 	 5.6288294890e-05
17700 	 18127 	 7.0169486178e+01 	 5.5423239356e-05
17800 	 18229 	 7.0169485942e+01 	 7.5040822358e-05
17900 	 18333 	 7.0169485762e+01 	 6.4018671824e-05
18000 	 18437 	 7.0169485597e+01 	 6.0740265672e-05
18100 	 18539 	 7.0169485428e+01 	 4.2107031042e-05
18200 	 18640 	 7.0169485229e+01 	 5.1336948941e-05
18300 	 18742 	 7.0169485023e+01 	 4.1110524348e-05
18400 	 18844 	 7.0169484809e+01 	 4.1772855617e-05
18500 	 18944 	 7.0169484608e+01 	 5.0916297704e-05
18600 	 19048 	 7.0169484422e+01 	 7.1437148622e-05
18700 	 19150 	 7.0169484298e+01 	 3.1153426485e-05
18800 	 19253 	 7.0169484182e+01 	 9.5644749764e-05
18900 	 19355 	 7.0169484081e+01 	 2.5568858006e-05
19000 	 19457 	 7.0169483991e+01 	 3.2111826442e-05
19100 	 19560 	 7.0169483932e+01 	 3.5969270188e-05
19200 	 19664 	 7.0169483871e+01 	 2.4550414989e-05
19300 	 19766 	 7.0169483823e+01 	 2.5239484868e-05
19400 	 19867 	 7.0169483774e+01 	 2.4500781323e-05
19500 	 19970 	 7.0169483735e+01 	 2.2813805945e-05
19600 	 20074 	 7.0169483700e+01 	 2.3868092493e-05
19700 	 20177 	 7.0169483672e+01 	 3.8204506139e-05
19800 	 20283 	 7.0169483644e+01 	 1.4912135097e-05
19900 	 20386 	 7.0169483615e+01 	 2.3051053025e-05
20000 	 20489 	 7.0169483577e+01 	 5.2054043205e-05
20100 	 20591 	 7.0169483540e+01 	 6.3378279049e-05
20200 	 20694 	 7.0169483507e+01 	 2.0467480608e-05
20300 	 20795 	 7.0169483483e+01 	 3.1232058814e-05
20400 	 20896 	 7.0169483463e+01 	 1.6509938507e-05
20500 	 20998 	 7.0169483441e+01 	 3.3807596711e-05
20600 	 21102 	 7.0169483425e+01 	 1.2179507418e-05
20700 	 21204 	 7.0169483413e+01 	 8.5709472655e-06
20800 	 21305 	 7.0169483402e+01 	 8.6171216521e-06
20900 	 21407 	 7.0169483392e+01 	 1.1354897366e-05
21000 	 21510 	 7.0169483383e+01 	 1.8571445672e-05
21100 	 21612 	 7.0169483374e+01 	 1.4410707864e-05
21200 	 21714 	 7.0169483366e+01 	 7.8804341025e-06
21300 	 21817 	 7.0169483356e+01 	 1.0550484831e-05
21400 	 21921 	 7.0169483347e+01 	 1.5118166422e-05
21500 	 22021 	 7.0169483338e+01 	 9.1059924899e-06
21600 	 22121 	 7.0169483327e+01 	 1.4237077167e-05
21700 	 22225 	 7.0169483313e+01 	 2.0423271018e-05
21800 	 22327 	 7.0169483300e+01 	 1.4408484284e-05
21900 	 22431 	 7.0169483289e+01 	 1.1134274527e-05
22000 	 22532 	 7.0169483280e+01 	 1.2927452529e-05
22100 	 22633 	 7.0169483273e+01 	 1.1947713655e-05
22200 	 22735 	 7.0169483265e+01 	 1.4199450518e-05
22300 	 22836 	 7.0169483258e+01 	 6.6181117313e-06
22400 	 22937 	 7.0169483252e+01 	 8.8257620224e-06
22500 	 23044 	 7.0169483248e+01 	 6.7860427030e-06
22600 	 23148 	 7.0169483245e+01 	 5.2189718467e-06
22700 	 23250 	 7.0169483243e+01 	 5.1941881320e-06
22800 	 23352 	 7.0169483240e+01 	 6.2365635069e-06
22900 	 23455 	 7.0169483237e+01 	 1.0660810247e-05
23000 	 23558 	 7.0169483233e+01 	 6.2305995916e-06
23100 	 23662 	 7.0169483229e+01 	 9.8917859288e-06
23200 	 23766 	 7.0169483226e+01 	 9.9928510848e-06
23300 	 23868 	 7.0169483224e+01 	 5.8471720751e-06
23400 	 23971 	 7.0169483221e+01 	 9.8478441772e-06
23500 	 24073 	 7.0169483220e+01 	 5.6701257170e-06
23600 	 24174 	 7.0169483218e+01 	 4.9097658915e-06
23700 	 24276 	 7.0169483217e+01 	 5.6915101879e-06
23800 	 24378 	 7.0169483215e+01 	 5.3356447540e-06
23900 	 24481 	 7.0169483213e+01 	 6.8558327479e-06
24000 	 24582 	 7.0169483210e+01 	 4.9073551768e-06
24100 	 24685 	 7.0169483207e+01 	 6.6970078135e-06
24200 	 24788 	 7.0169483205e+01 	 5.2698803265e-06
24300 	 24892 	 7.0169483202e+01 	 4.6924081979e-06
24400 	 24994 	 7.0169483201e+01 	 8.2172031153e-06
24500 	 25098 	 7.0169483199e+01 	 3.8153212767e-06
24600 	 25201 	 7.0169483198e+01 	 5.5325874630e-06
24700 	 25302 	 7.0169483197e+01 	 8.2222494370e-06
24800 	 25405 	 7.0169483196e+01 	 2.8558198982e-06
24900 	 25508 	 7.0169483195e+01 	 3.2796191373e-06
25000 	 25609 	 7.0169483194e+01 	 4.2809022974e-06
25100 	 25712 	 7.0169483193e+01 	 4.2018146884e-06
25200 	 25816 	 7.0169483192e+01 	 4.7580461687e-06
25300 	 25917 	 7.0169483191e+01 	 3.1551177608e-06
25400 	 26019 	 7.0169483190e+01 	 4.6608701749e-06
25500 	 26122 	 7.0169483190e+01 	 2.8264161963e-06
25600 	 26225 	 7.0169483189e+01 	 1.6530262415e-06
25700 	 26328 	 7.0169483189e+01 	 1.8366387512e-06
25800 	 26432 	 7.0169483189e+01 	 1.8632097273e-06
25900 	 26534 	 7.0169483188e+01 	 2.0061209335e-06
26000 	 26638 	 7.0169483188e+01 	 3.5732687013e-06
26100 	 26739 	 7.0169483188e+01 	 1.6820635230e-06
26200 	 26842 	 7.0169483188e+01 	 2.4566517348e-06
26300 	 26944 	 7.0169483187e+01 	 1.6120964793e-06
26400 	 27046 	 7.0169483187e+01 	 1.0686698937e-06
26500 	 27148 	 7.0169483187e+01 	 1.5363104045e-06
26600 	 27252 	 7.0169483187e+01 	 1.3619795813e-06
26700 	 27356 	 7.0169483187e+01 	 2.6463452453e-06
26800 	 27459 	 7.0169483187e+01 	 1.0393502947e-06
26900 	 27562 	 7.0169483187e+01 	 1.1791447730e-06
27000 	 27666 	 7.0169483186e+01 	 1.3016847570e-06
27100 	 27770 	 7.0169483186e+01 	 1.5233524807e-06
27200 	 27876 	 7.0169483186e+01 	 1.7898909019e-06
27300 	 27978 	 7.0169483186e+01 	 2.7284040161e-06
27400 	 28080 	 7.0169483186e+01 	 1.3022156121e-06
27500 	 28181 	 7.0169483186e+01 	 1.2908035893e-06
27600 	 28286 	 7.0169483185e+01 	 1.3240367366e-06
27700 	 28390 	 7.0169483185e+01 	 8.1123174425e-07
27800 	 28496 	 7.0169483185e+01 	 2.1707033616e-06
27900 	 28601 	 7.0169483185e+01 	 9.6544885620e-07
28000 	 28704 	 7.0169483185e+01 	 1.2716429652e-06
28100 	 28808 	 7.0169483185e+01 	 7.0058392198e-07
28200 	 28918 	 7.0169483185e+01 	 7.8068450844e-07
28300 	 29025 	 7.0169483185e+01 	 2.0087825321e-06
28400 	 29132 	 7.0169483185e+01 	 1.0864721248e-06
28500 	 29238 	 7.0169483185e+01 	 7.1686208383e-07
28600 	 29352 	 7.0169483185e+01 	 5.4382755411e-07
28700 	 29460 	 7.0169483185e+01 	 1.1224136381e-06
28800 	 29574 	 7.0169483185e+01 	 4.5067695563e-07
28900 	 29686 	 7.0169483185e+01 	 4.8989285854e-07
29000 	 29806 	 7.0169483185e+01 	 1.1374827359e-06
29100 	 29922 	 7.0169483185e+01 	 3.9402262529e-07
29200 	 30034 	 7.0169483185e+01 	 2.4103970097e-07
29300 	 30149 	 7.0169483185e+01 	 3.6623342769e-07
29400 	 30263 	 7.0169483185e+01 	 4.2638589573e-07
# ---- 
 1 		 29419 	 30292 		 7.6873998455e+01 	 7.0169483185e+01 	 4.8526105735e-07
# ---- 
100 	 105 	 7.0268830785e+01 	 5.1779355029e-02
200 	 205 	 7.0190170808e+01 	 3.2549907966e-02
300 	 308 	 7.0169064230e+01 	 2.0900266244e-02
400 	 411 	 7.0161646345e+01 	 1.0877132693e-02
500 	 513 	 7.0156240548e+01 	 8.9051804241e-03
600 	 614 	 7.0149638093e+01 	 1.2129857307e-02
700 	 716 	 7.0141711373e+01 	 8.4291845072e-03
800 	 818 	 7.0137439900e+01 	 7.9479232866e-03
900 	 923 	 7.0135112806e+01 	 5.6884224624e-03
1000 	 1025 	 7.0133757585e+01 	 6.9955431126e-03
1100 	 1127 	 7.0132754969e+01 	 3.9161259643e-03
1200 	 1230 	 7.0131863297e+01 	 3.5020797547e-03
1300 	 1334 	 7.0131118714e+01 	 4.8064694676e-03
1400 	 1435 	 7.0130376882e+01 	 3.2526118475e-03
1500 	 1539 	 7.0129648958e+01 	 4.7366107650e-03
1600 	 1642 	 7.0129026967e+01 	 2.6106128782e-03
1700 	 1744 	 7.0128620095e+01 	 2.0126409971e-03
1800 	 1844 	 7.0128317128e+01 	 1.8227812978e-03
1900 	 1946 	 7.0128111918e+01 	 2.8996131005e-03
2000 	 2051 	 7.0127909814e+01 	 2.4609628774e-03
2100 	 2154 	 7.0127732270e+01 	 4.1992246721e-03
2200 	 2258 	 7.0127545227e+01 	 2.3870033351e-03
2300 	 2361 	 7.0127387536e+01 	 1.1178608673e-03
2400 	 2465 	 7.0127256926e+01 	 1.0976176309e-03
2500 	 2567 	 7.0127115829e+01 	 1.5678758666e-03
2600 	 2670 	 7.0126969327e+01 	 1.0797507192e-03
2700 	 2773 	 7.0126837758e+01 	 1.3680797593e-03
2800 	 2878 	 7.0126696462e+01 	 1.2271216885e-03
2900 	 2981 	 7.0126576515e+01 	 1.1017472448e-03
3000 	 3084 	 7.0126462233e+01 	 1.7244342494e-03
3100 	 3188 	 7.0126343010e+01 	 1.6650361267e-03
3200 	 3290 	 7.0126221967e+01 	 1.2165505598e-03
3300 	 3391 	 7.0126120019e+01 	 1.6956564191e-03
3400 	 3495 	 7.0126020848e+01 	 1.3329271287e-03
3500 	 3598 	 7.0125953160e+01 	 8.8016603752e-04
3600 	 3701 	 7.0125898744e+01 	 8.3306082067e-04
3700 	 3802 	 7.0125854861e+01 	 6.7686078506e-04
3800 	 3905 	 7.0125816280e+01 	 7.6595351564e-04
3900 	 4008 	 7.0125779564e+01 	 8.7239542615e-04
4000 	 4109 	 7.0125750597e+01 	 1.0352920125e-03
4100 	 4211 	 7.0125732319e+01 	 4.8930362654e-04
4200 	 4314 	 7.0125717221e+01 	 5.0786748600e-04
4300 	 4417 	 7.0125703891e+01 	 2.9289512539e-04
4400 	 4519 	 7.0125691110e+01 	 5.3629429674e-04
4500 	 4621 	 7.0125679041e+01 	 4.7599991723e-04
4600 	 4725 	 7.0125665767e+01 	 6.4893808664e-04
4700 	 4829 	 7.0125651741e+01 	 3.5096556422e-04
4800 	 4932 	 7.0125641191e+01 	 4.6316360311e-04
4900 	 5034 	 7.0125633265e+01 	 3.0369306685e-04
5000 	 5136 	 7.0125627063e+01 	 3.6667893596e-04
5100 	 5239 	 7.0125620557e+01 	 2.9275970013e-04
5200 	 5344 	 7.0125614747e+01 	 6.3325230661e-04
5300 	 5448 	 7.0125609314e+01 	 2.5710313224e-04
5400 	 5550 	 7.0125603799e+01 	 2.9079761054e-04
5500 	 5654 	 7.0125599471e+01 	 1.9621174596e-04
5600 	 5757 	 7.0125596592e+01 	 1.3434168611e-04
5700 	 5861 	 7.0125594495e+01 	 1.2915551241e-04
5800 	 5964 	 7.0125593055e+01 	 1.5640027802e-04
5900 	 6068 	 7.0125591730e+01 	 1.3065228359e-04
6000 	 6171 	 7.0125590659e+01 	 1.4090103136e-04
6100 	 6276 	 7.0125589624e+01 	 2.5037925307e-04
6200 	 6379 	 7.0125588569e+01 	 1.0585570442e-04
6300 	 6480 	 7.0125587574e+01 	 1.0159547207e-04
6400 	 6583 	 7.0125586615e+01 	 1.3963029288e-04
6500 	 6684 	 7.0125585793e+01 	 9.4523966685e-05
6600 	 6785 	 7.0125585051e+01 	 1.4606536587e-04
6700 	 6887 	 7.0125584428e+01 	 9.6330846148e-05
6800 	 6991 	 7.0125584015e+01 	 6.2874448809e-05
6900 	 7096 	 7.0125583628e+01 	 6.7442941622e-05
7000 	 7197 	 7.0125583217e+01 	 8.0252684202e-05
7100 	 7300 	 7.0125582749e+01 	 7.4889445465e-05
7200 	 7403 	 7.0125582219e+01 	 6.8005634552e-05
7300 	 7503 	 7.0125581593e+01 	 1.0429251757e-04
7400 	 7606 	 7.0125581069e+01 	 7.9780913770e-05
7500 	 7709 	 7.0125580618e+01 	 7.6005157965e-05
7600 	 7811 	 7.0125580223e+01 	 9.8617143228e-05
7700 	 7915 	 7.0125579931e+01 	 8.6632277232e-05
7800 	 8018 	 7.0125579663e+01 	 6.7989474168e-05
7900 	 8121 	 7.0125579452e+01 	 4.1124189982e-05
8000 	 8224 	 7.0125579269e+01 	 5.0359335872e-05
8100 	 8326 	 7.0125579076e+01 	 5.4035037940e-05
8200 	 8431 	 7.0125578851e+01 	 4.7288149912e-05
8300 	 8531 	 7.0125578598e+01 	 5.9641735071e-05
8400 	 8632 	 7.0125578319e+01 	 4.9249627978e-05
8500 	 8736 	 7.0125578023e+01 	 7.4104949968e-05
8600 	 8839 	 7.0125577767e+01 	 5.4948786412e-05
8700 	 8944 	 7.0125577523e+01 	 5.1052758138e-05
8800 	 9046 	 7.0125577237e+01 	 6.8857451643e-05
8900 	 9150 	 7.0125576939e+01 	 1.0467545486e-04
9000 	 9253 	 7.0125576633e+01 	 5.9490337036e-05
9100 	 9354 	 7.0125576335e+01 	 4.9632611892e-05
9200 	 9456 	 7.0125576098e+01 	 4.4995507583e-05
9300 	 9560 	 7.0125575899e+01 	 6.8981756385e-05
9400 	 9662 	 7.0125575686e+01 	 4.3240245842e-05
9500 	 9764 	 7.0125575543e+01 	 2.9843321371e-05
9600 	 9867 	 7.0125575449e+01 	 1.0080686250e-04
9700 	 9969 	 7.0125575368e+01 	 2.5536244307e-05
9800 	 10070 	 7.0125575300e+01 	 3.8345729875e-05
9900 	 10173 	 7.0125575243e+01 	 3.2992412339e-05
10000 	 10276 	 7.0125575192e+01 	 3.0153242390e-05
10100 	 10378 	 7.0125575138e+01 	 2.6392247682e-05
10200 	 10481 	 7.0125575099e+01 	 4.2303442100e-05
10300 	 10584 	 7.0125575048e+01 	 2.3831007373e-05
10400 	 10686 	 7.0125574984e+01 	 2.7889590137e-05
10500 	 10787 	 7.0125574918e+01 	 2.5998666061e-05
10600 	 10889 	 7.0125574866e+01 	 4.2528817504e-05
10700 	 10992 	 7.0125574821e+01 	 2.5068296484e-05
10800 	 11094 	 7.0125574771e+01 	 2.2439090885e-05
10900 	 11196 	 7.0125574732e+01 	 2.0513812347e-05
11000 	 11299 	 7.0125574696e+01 	 1.9086892756e-05
11100 	 11399 	 7.0125574668e+01 	 1.4345414175e-05
11200 	 11501 	 7.0125574647e+01 	 2.8824061917e-05
11300 	 11603 	 7.0125574622e+01 	 2.1405407739e-05
11400 	 11706 	 7.0125574599e+01 	 2.4447522790e-05
11500 	 11809 	 7.0125574574e+01 	 3.2814121102e-05
11600 	 11912 	 7.0125574550e+01 	 1.4249293364e-05
11700 	 12016 	 7.0125574527e+01 	 1.8338379654e-05
11800 	 12121 	 7.0125574498e+01 	 1.6803055060e-05
11900 	 12222 	 7.0125574473e+01 	 1.9807358671e-05
12000 	 12324 	 7.0125574452e+01 	 1.1665497469e-05
12100 	 12424 	 7.0125574434e+01 	 1.3783944271e-05
12200 	 12526 	 7.0125574420e+01 	 2.2539682492e-05
12300 	 12627 	 7.0125574406e+01 	 2.0041189749e-05
12400 	 12731 	 7.0125574393e+01 	 1.1758045439e-05
12500 	 12833 	 7.0125574382e+01 	 1.1876475566e-05
12600 	 12935 	 7.0125574375e+01 	 9.3262045160e-06
12700 	 13036 	 7.0125574369e+01 	 8.2564692421e-06
12800 	 13140 	 7.0125574365e+01 	 1.4605989561e-05
12900 	 13241 	 7.0125574361e+01 	 5.2430766124e-06
13000 	 13344 	 7.0125574359e+01 	 8.9528073213e-06
13100 	 13446 	 7.0125574356e+01 	 6.3203959032e-06
13200 	 13550 	 7.0125574351e+01 	 1.2391492397e-05
13300 	 13650 	 7.0125574344e+01 	 6.4997671886e-06
13400 	 13754 	 7.0125574338e+01 	 7.6665090144e-06
13500 	 13855 	 7.0125574332e+01 	 7.8765109372e-06
13600 	 13957 	 7.0125574326e+01 	 9.7309265906e-06
13700 	 14060 	 7.0125574320e+01 	 8.1167012274e-06
13800 	 14160 	 7.0125574314e+01 	 8.8705019737e-06
13900 	 14262 	 7.0125574306e+01 	 9.2286890385e-06
14000 	 14363 	 7.0125574299e+01 	 8.2626724533e-06
14100 	 14466 	 7.0125574294e+01 	 8.1613697025e-06
14200 	 14568 	 7.0125574289e+01 	 5.5893364312e-06
14300 	 14670 	 7.0125574285e+01 	 8.2723677169e-06
14400 	 14771 	 7.0125574281e+01 	 6.6799471086e-06
14500 	 14874 	 7.0125574279e+01 	 4.9472295833e-06
14600 	 14975 	 7.0125574277e+01 	 3.7003932766e-06
14700 	 15076 	 7.0125574275e+01 	 3.5780401174e-06
14800 	 15177 	 7.0125574273e+01 	 3.9817203966e-06
14900 	 15281 	 7.0125574272e+01 	 3.0399347720e-06
15000 	 15383 	 7.0125574271e+01 	 4.1959695492e-06
15100 	 15484 	 7.0125574270e+01 	 3.1791818746e-06
15200 	 15587 	 7.0125574269e+01 	 2.7597890621e-06
15300 	 15690 	 7.0125574268e+01 	 4.2926577934e-06
15400 	 15792 	 7.0125574267e+01 	 3.0521469318e-06
15500 	 15893 	 7.0125574266e+01 	 6.7897911228e-06
15600 	 15994 	 7.0125574265e+01 	 3.0790407456e-06
15700 	 16099 	 7.0125574265e+01 	 2.3825424372e-06
15800 	 16201 	 7.0125574264e+01 	 2.7432077585e-06
15900 	 16304 	 7.0125574263e+01 	 3.1573564863e-06
16000 	 16406 	 7.0125574262e+01 	 2.4128158948e-06
16100 	 16508 	 7.0125574262e+01 	 3.0829508138e-06
16200 	 16611 	 7.0125574261e+01 	 2.4662666080e-06
16300 	 16712 	 7.0125574260e+01 	 2.2432087361e-06
16400 	 16815 	 7.0125574260e+01 	 2.0787241059e-06
16500 	 16919 	 7.0125574260e+01 	 1.7702870251e-06
16600 	 17021 	 7.0125574259e+01 	 1.7441654735e-06
16700 	 17125 	 7.0125574259e+01 	 1.4908369232e-06
16800 	 17229 	 7.0125574259e+01 	 1.9838921348e-06
16900 	 17331 	 7.0125574258e+01 	 1.3809202599e-06
17000 	 17435 	 7.0125574258e+01 	 1.6975417267e-06
17100 	 17540 	 7.0125574258e+01 	 2.5716886050e-06
17200 	 17644 	 7.0125574258e+01 	 2.3974514928e-06
17300 	 17747 	 7.0125574258e+01 	 1.1592212859e-06
17400 	 17849 	 7.0125574257e+01 	 1.2850365479e-06
17500 	 17954 	 7.0125574257e+01 	 3.3087431903e-06
17600 	 18057 	 7.0125574257e+01 	 1.6821940113e-06
17700 	 18159 	 7.0125574257e+01 	 2.9978709071e-06
17800 	 18260 	 7.0125574256e+01 	 1.7431302139e-06
17900 	 18362 	 7.0125574256e+01 	 1.5380997618e-06
18000 	 18469 	 7.0125574256e+01 	 8.4794724359e-07
18100 	 18573 	 7.0125574256e+01 	 8.0493951144e-07
18200 	 18680 	 7.0125574256e+01 	 9.8203190651e-07
18300 	 18786 	 7.0125574256e+01 	 1.0513037647e-06
18400 	 18890 	 7.0125574256e+01 	 8.6918720401e-07
18500 	 18993 	 7.0125574256e+01 	 1.0381106557e-06
18600 	 19096 	 7.0125574256e+01 	 8.5649480950e-07
18700 	 19199 	 7.0125574256e+01 	 1.2155171414e-06
18800 	 19304 	 7.0125574256e+01 	 4.3641035604e-07
18900 	 19410 	 7.0125574256e+01 	 8.9492990817e-07
19000 	 19517 	 7.0125574255e+01 	 7.2865746793e-07
19100 	 19626 	 7.0125574255e+01 	 1.3215547093e-06
19200 	 19733 	 7.0125574255e+01 	 5.9878499562e-07
19300 	 19846 	 7.0125574255e+01 	 9.1047646940e-07
19400 	 19959 	 7.0125574255e+01 	 1.1972836036e-06
19500 	 20068 	 7.0125574255e+01 	 5.3230687909e-07
19600 	 20176 	 7.0125574255e+01 	 7.7752370461e-07
19700 	 20289 	 7.0125574255e+01 	 5.0565485767e-07
19800 	 20396 	 7.0125574255e+01 	 4.7136592530e-07
19900 	 20507 	 7.0125574255e+01 	 2.7063760877e-07
20000 	 20619 	 7.0125574255e+01 	 5.5026397056e-07
20100 	 20736 	 7.0125574255e+01 	 3.4234791308e-07
20200 	 20850 	 7.0125574255e+01 	 2.9900049064e-07
# ---- 
 1 		 20227 	 20904 		 7.6813158253e+01 	 7.0125574255e+01 	 2.5702884064e-07
# ---- 
100 	 106 	 7.0200772384e+01 	 5.3911609057e-02
200 	 209 	 7.0134582934e+01 	 2.4638478480e-02
300 	 312 	 7.0117126416e+01 	 1.0363170526e-02
400 	 414 	 7.0110044396e+01 	 1.0135483058e-02
500 	 516 	 7.0105295530e+01 	 2.3001829957e-02
600 	 617 	 7.0100624036e+01 	 1.7136379767e-02
700 	 721 	 7.0095873938e+01 	 1.9238895188e-02
800 	 822 	 7.0092923859e+01 	 6.0572216884e-03
900 	 924 	 7.0091252655e+01 	 4.5754621742e-03
1000 	 1027 	 7.0090135682e+01 	 3.4169678561e-03
1100 	 1131 	 7.0089284827e+01 	 3.0851305001e-03
1200 	 1233 	 7.0088532104e+01 	 3.0891646849e-03
1300 	 1334 	 7.0087857571e+01 	 5.5354445771e-03
1400 	 1437 	 7.0087293699e+01 	 9.4772107110e-03
1500 	 1538 	 7.0086768806e+01 	 3.3454406763e-03
1600 	 1638 	 7.0086137924e+01 	 4.7541391592e-03
1700 	 1739 	 7.0085265799e+01 	 3.9128301882e-03
1800 	 1842 	 7.0083832188e+01 	 4.1450560651e-03
1900 	 1943 	 7.0082253582e+01 	 4.1524398627e-03
2000 	 2047 	 7.0080532400e+01 	 7.9952658481e-03
2100 	 2149 	 7.0079300024e+01 	 6.4013804242e-03
2200 	 2252 	 7.0078005510e+01 	 3.9751789967e-03
2300 	 2355 	 7.0076994997e+01 	 3.6539318709e-03
2400 	 2457 	 7.0076193663e+01 	 5.2255014556e-03
2500 	 2560 	 7.0075517326e+01 	 2.6506189914e-03
2600 	 2663 	 7.0074915137e+01 	 2.6810703542e-03
2700 	 2766 	 7.0074509129e+01 	 2.5786370006e-03
2800 	 2867 	 7.0074176646e+01 	 3.2850194659e-03
2900 	 2967 	 7.0073937722e+01 	 2.0776807939e-03
3000 	 3070 	 7.0073768191e+01 	 1.1952315850e-03
3100 	 3171 	 7.0073641360e+01 	 8.9815500923e-04
3200 	 3274 	 7.0073546169e+01 	 1.1970785023e-03
3300 	 3374 	 7.0073462765e+01 	 1.0150567474e-03
3400 	 3477 	 7.0073390779e+01 	 1.2205904607e-03
3500 	 3580 	 7.0073331505e+01 	 1.0612417998e-03
3600 	 3683 	 7.0073293823e+01 	 5.6217031542e-04
3700 	 3785 	 7.0073263346e+01 	 5.9652546886e-04
3800 	 3886 	 7.0073235281e+01 	 4.8973932519e-04
3900 	 3988 	 7.0073206463e+01 	 4.9066565388e-04
4000 	 4089 	 7.0073182619e+01 	 5.5651314244e-04
4100 	 4192 	 7.0073161742e+01 	 6.8198643011e-04
4200 	 4293 	 7.0073143387e+01 	 4.4607489958e-04
4300 	 4397 	 7.0073124725e+01 	 8.2055423732e-04
4400 	 4500 	 7.0073108186e+01 	 3.7233042474e-04
4500 	 4603 	 7.0073092120e+01 	 4.4921713955e-04
4600 	 4706 	 7.0073077228e+01 	 5.1609641678e-04
4700 	 4808 	 7.0073064135e+01 	 2.8820491011e-04
4800 	 4913 	 7.0073051751e+01 	 3.1586341815e-04
4900 	 5015 	 7.0073038588e+01 	 4.3268946951e-04
5000 	 5116 	 7.0073022637e+01 	 4.1420221623e-04
5100 	 5220 	 7.0073006272e+01 	 6.4935068937e-04
5200 	 5321 	 7.0072988941e+01 	 9.1827273046e-04
5300 	 5422 	 7.0072970066e+01 	 8.2812058548e-04
5400 	 5526 	 7.0072951205e+01 	 5.7848884176e-04
5500 	 5628 	 7.0072930791e+01 	 7.4728196380e-04
5600 	 5732 	 7.0072912780e+01 	 3.7006476689e-04
5700 	 5834 	 7.0072894510e+01 	 4.5935486129e-04
5800 	 5935 	 7.0072876880e+01 	 6.4457430182e-04
5900 	 6038 	 7.0072860386e+01 	 4.1758934461e-04
6000 	 6142 	 7.0072846828e+01 	 4.1645291746e-04
6100 	 6245 	 7.0072831022e+01 	 5.0498244609e-04
6200 	 6348 	 7.0072814847e+01 	 4.6926385034e-04
6300 	 6451 	 7.0072797644e+01 	 5.0798207186e-04
6400 	 6555 	 7.0072785289e+01 	 3.4063225987e-04
6500 	 6658 	 7.0072774983e+01 	 3.3723980843e-04
6600 	 6762 	 7.0072767194e+01 	 4.8169212155e-04
6700 	 6863 	 7.0072760032e+01 	 2.4432614463e-04
6800 	 6964 	 7.0072755338e+01 	 1.7684917279e-04
6900 	 7067 	 7.0072751349e+01 	 2.4259497783e-04
7000 	 7168 	 7.0072747949e+01 	 2.5691403090e-04
7100 	 7271 	 7.0072745037e+01 	 1.6564857602e-04
7200 	 7374 	 7.0072741979e+01 	 1.7517375415e-04
7300 	 7475 	 7.0072739205e+01 	 1.5368866180e-04
7400 	 7579 	 7.0072736652e+01 	 3.5119880136e-04
7500 	 7683 	 7.0072734061e+01 	 2.1288280885e-04
7600 	 7787 	 7.0072731613e+01 	 1.8427682937e-04
7700 	 7892 	 7.0072729572e+01 	 1.4249996228e-04
7800 	 7995 	 7.0072727855e+01 	 1.2804441182e-04
7900 	 8097 	 7.0072726276e+01 	 1.2705094804e-04
8000 	 8200 	 7.0072725036e+01 	 1.1924943069e-04
8100 	 8300 	 7.0072723977e+01 	 1.2243019425e-04
8200 	 8401 	 7.0072722645e+01 	 1.0912592675e-04
8300 	 8503 	 7.0072721544e+01 	 1.6121105195e-04
8400 	 8606 	 7.0072720182e+01 	 1.3434775328e-04
8500 	 8707 	 7.0072718872e+01 	 1.1408953124e-04
8600 	 8809 	 7.0072717794e+01 	 1.0976677808e-04
8700 	 8913 	 7.0072716770e+01 	 8.1583897814e-05
8800 	 9015 	 7.0072715821e+01 	 1.1242738934e-04
8900 	 9117 	 7.0072715020e+01 	 2.8004335585e-04
9000 	 9219 	 7.0072714196e+01 	 7.9414101888e-05
9100 	 9321 	 7.0072713416e+01 	 1.7220171574e-04
9200 	 9425 	 7.0072712784e+01 	 6.9451901385e-05
9300 	 9527 	 7.0072712383e+01 	 7.0844633061e-05
9400 	 9631 	 7.0072712033e+01 	 7.8187754937e-05
9500 	 9733 	 7.0072711711e+01 	 7.1564324942e-05
9600 	 9835 	 7.0072711371e+01 	 1.0062509608e-04
9700 	 9935 	 7.0072711010e+01 	 6.9011337865e-05
9800 	 10040 	 7.0072710609e+01 	 6.5974128268e-05
9900 	 10142 	 7.0072710241e+01 	 7.4807875733e-05
10000 	 10243 	 7.0072709905e+01 	 5.9152744979e-05
10100 	 10345 	 7.0072709663e+01 	 7.3920734101e-05
10200 	 10446 	 7.0072709486e+01 	 4.1281307413e-05
10300 	 10549 	 7.0072709333e+01 	 3.4712931523e-05
10400 	 10651 	 7.0072709182e+01 	 3.8544725696e-05
10500 	 10754 	 7.0072708998e+01 	 3.7309461930e-05
10600 	 10856 	 7.0072708782e+01 	 1.0378303110e-04
10700 	 10960 	 7.0072708512e+01 	 5.3663834052e-05
10800 	 11060 	 7.0072708237e+01 	 6.8526032402e-05
10900 	 11162 	 7.0072707953e+01 	 5.3058880752e-05
11000 	 11267 	 7.0072707735e+01 	 4.2021417444e-05
11100 	 11371 	 7.0072707538e+01 	 4.7934192007e-05
11200 	 11473 	 7.0072707358e+01 	 3.7398532350e-05
11300 	 11574 	 7.0072707189e+01 	 6.7645041406e-05
11400 	 11676 	 7.0072707062e+01 	 2.8027923037e-05
11500 	 11779 	 7.0072706963e+01 	 2.6055878505e-05
11600 	 11881 	 7.0072706896e+01 	 2.7182842808e-05
11700 	 11985 	 7.0072706840e+01 	 4.3181105353e-05
11800 	 12086 	 7.0072706788e+01 	 1.7652930976e-05
11900 	 12189 	 7.0072706742e+01 	 2.4920345691e-05
12000 	 12291 	 7.0072706706e+01 	 7.4826505517e-05
12100 	 12393 	 7.0072706677e+01 	 2.3351669645e-05
12200 	 12497 	 7.0072706649e+01 	 1.7878549563e-05
12300 	 12599 	 7.0072706618e+01 	 1.9742167538e-05
12400 	 12700 	 7.0072706590e+01 	 2.0573055685e-05
12500 	 12803 	 7.0072706555e+01 	 1.8286589006e-05
12600 	 12905 	 7.0072706528e+01 	 2.5475437481e-05
12700 	 13005 	 7.0072706499e+01 	 1.5487944715e-05
12800 	 13109 	 7.0072706466e+01 	 2.2111550924e-05
12900 	 13211 	 7.0072706437e+01 	 1.7931730992e-05
13000 	 13314 	 7.0072706409e+01 	 1.8254981108e-05
13100 	 13416 	 7.0072706381e+01 	 2.5991004620e-05
13200 	 13517 	 7.0072706348e+01 	 2.3777023650e-05
13300 	 13622 	 7.0072706326e+01 	 1.5915779578e-05
13400 	 13725 	 7.0072706304e+01 	 1.4381155511e-05
13500 	 13827 	 7.0072706283e+01 	 1.8057166249e-05
13600 	 13931 	 7.0072706261e+01 	 2.4388463907e-05
13700 	 14032 	 7.0072706248e+01 	 1.6141595549e-05
13800 	 14134 	 7.0072706240e+01 	 1.7694567847e-05
13900 	 14240 	 7.0072706231e+01 	 1.6360872630e-05
14000 	 14343 	 7.0072706224e+01 	 8.8186947794e-06
14100 	 14445 	 7.0072706219e+01 	 7.9676166559e-06
14200 	 14547 	 7.0072706215e+01 	 5.4772518086e-06
14300 	 14649 	 7.0072706212e+01 	 7.7378220556e-06
14400 	 14752 	 7.0072706209e+01 	 6.5105705413e-06
14500 	 14853 	 7.0072706204e+01 	 1.9465517719e-05
14600 	 14954 	 7.0072706198e+01 	 1.3009016754e-05
14700 	 15058 	 7.0072706193e+01 	 1.0212389953e-05
14800 	 15162 	 7.0072706189e+01 	 7.5367247102e-06
14900 	 15266 	 7.0072706186e+01 	 1.7057471632e-05
15000 	 15368 	 7.0072706183e+01 	 1.0633825049e-05
15100 	 15469 	 7.0072706180e+01 	 5.3757950804e-06
15200 	 15573 	 7.0072706176e+01 	 6.9705238914e-06
15300 	 15676 	 7.0072706173e+01 	 5.6480595946e-06
15400 	 15780 	 7.0072706170e+01 	 4.3220758377e-06
15500 	 15882 	 7.0072706168e+01 	 5.8798201689e-06
15600 	 15983 	 7.0072706166e+01 	 4.8670082449e-06
15700 	 16086 	 7.0072706163e+01 	 1.1357204320e-05
15800 	 16187 	 7.0072706161e+01 	 6.0711037068e-06
15900 	 16291 	 7.0072706160e+01 	 3.7122135406e-06
16000 	 16395 	 7.0072706159e+01 	 4.7607108845e-06
16100 	 16498 	 7.0072706158e+01 	 4.5102962092e-06
16200 	 16600 	 7.0072706156e+01 	 3.2262627983e-06
16300 	 16703 	 7.0072706155e+01 	 3.3849932720e-06
16400 	 16806 	 7.0072706153e+01 	 1.0436637795e-05
16500 	 16907 	 7.0072706152e+01 	 4.1451184144e-06
16600 	 17010 	 7.0072706151e+01 	 2.5488899724e-06
16700 	 17116 	 7.0072706150e+01 	 3.2317755837e-06
16800 	 17218 	 7.0072706149e+01 	 2.6185670800e-06
16900 	 17321 	 7.0072706149e+01 	 3.5428738350e-06
17000 	 17426 	 7.0072706148e+01 	 9.5817524237e-06
17100 	 17528 	 7.0072706147e+01 	 3.0555209960e-06
17200 	 17629 	 7.0072706146e+01 	 2.2042241002e-06
17300 	 17730 	 7.0072706145e+01 	 2.5054924654e-06
17400 	 17831 	 7.0072706144e+01 	 2.8515952325e-06
17500 	 17932 	 7.0072706143e+01 	 2.4915028977e-06
17600 	 18034 	 7.0072706143e+01 	 2.3504945535e-06
17700 	 18138 	 7.0072706142e+01 	 4.8651718903e-06
17800 	 18239 	 7.0072706142e+01 	 5.7063416771e-06
17900 	 18341 	 7.0072706141e+01 	 1.9315846569e-06
18000 	 18443 	 7.0072706141e+01 	 2.3285547149e-06
18100 	 18547 	 7.0072706141e+01 	 2.0952107413e-06
18200 	 18651 	 7.0072706140e+01 	 1.7709825185e-06
18300 	 18754 	 7.0072706140e+01 	 1.7870572319e-06
18400 	 18856 	 7.0072706140e+01 	 2.0219143334e-06
18500 	 18959 	 7.0072706140e+01 	 3.8449708268e-06
18600 	 19060 	 7.0072706139e+01 	 3.5132854360e-06
18700 	 19162 	 7.0072706139e+01 	 3.3540910997e-06
18800 	 19264 	 7.0072706139e+01 	 2.1258962049e-06
18900 	 19365 	 7.0072706138e+01 	 2.2580126519e-06
19000 	 19466 	 7.0072706138e+01 	 1.6897937388e-06
19100 	 19567 	 7.0072706138e+01 	 1.8696950008e-06
19200 	 19669 	 7.0072706137e+01 	 1.7329869114e-06
19300 	 19772 	 7.0072706137e+01 	 2.6676243642e-06
19400 	 19877 	 7.0072706137e+01 	 4.1539783911e-06
19500 	 19980 	 7.0072706137e+01 	 1.1643739775e-06
19600 	 20084 	 7.0072706137e+01 	 9.1686455507e-07
19700 	 20186 	 7.0072706137e+01 	 1.1385538766e-06
19800 	 20290 	 7.0072706137e+01 	 1.0830675365e-06
19900 	 20393 	 7.0072706136e+01 	 1.3796904424e-06
20000 	 20496 	 7.0072706136e+01 	 1.7990769422e-06
20100 	 20597 	 7.0072706136e+01 	 1.0242299485e-06
20200 	 20700 	 7.0072706136e+01 	 1.2044405144e-06
20300 	 20803 	 7.0072706136e+01 	 7.7300482109e-07
20400 	 20904 	 7.0072706136e+01 	 8.9862188381e-07
20500 	 21006 	 7.0072706136e+01 	 7.0955243949e-07
20600 	 21113 	 7.0072706136e+01 	 1.4656550907e-06
20700 	 21220 	 7.0072706136e+01 	 1.0171312037e-06
20800 	 21330 	 7.0072706136e+01 	 5.9445556833e-07
20900 	 21439 	 7.0072706136e+01 	 7.1730418969e-07
21000 	 21552 	 7.0072706136e+01 	 4.6836284816e-07
21100 	 21674 	 7.0072706136e+01 	 7.6955514930e-07
21200 	 21783 	 7.0072706136e+01 	 6.5496413950e-07
21300 	 21889 	 7.0072706136e+01 	 1.3190145622e-06
21400 	 21997 	 7.0072706136e+01 	 8.5650281322e-07
21500 	 22109 	 7.0072706135e+01 	 7.4904357473e-07
21600 	 22220 	 7.0072706135e+01 	 3.6226451592e-07
21700 	 22333 	 7.0072706135e+01 	 6.4561024988e-07
21800 	 22446 	 7.0072706135e+01 	 7.2752425198e-07
21900 	 22552 	 7.0072706135e+01 	 6.8901473995e-07
22000 	 22662 	 7.0072706135e+01 	 7.1948391629e-07
22100 	 22771 	 7.0072706135e+01 	 4.4712908564e-07
22200 	 22888 	 7.0072706135e+01 	 4.8619569447e-07
22300 	 23006 	 7.0072706135e+01 	 5.4865863879e-07
22400 	 23124 	 7.0072706135e+01 	 4.1528209268e-07
22500 	 23240 	 7.0072706135e+01 	 4.1735712781e-07
22600 	 23361 	 7.0072706135e+01 	 4.7253737516e-07
22700 	 23475 	 7.0072706135e+01 	 3.5836264433e-07
# ---- 
 1 		 22773 	 23585 		 7.6769122712e+01 	 7.0072706135e+01 	 6.7958263252e-07
# ---- 
100 	 102 	 7.0100884998e+01 	 5.0015488305e-02
200 	 203 	 7.0056069207e+01 	 3.3336378709e-02
300 	 305 	 7.0045467480e+01 	 1.3994283608e-02
400 	 408 	 7.0040346664e+01 	 1.1902169642e-02
500 	 510 	 7.0037145918e+01 	 6.2719498566e-03
600 	 614 	 7.0034896566e+01 	 6.5090174594e-03
700 	 719 	 7.0032927308e+01 	 6.4844735388e-03
800 	 821 	 7.0031575648e+01 	 4.3328995480e-03
900 	 924 	 7.0030706877e+01 	 4.3828580138e-03
1000 	 1026 	 7.0030100672e+01 	 2.7258744609e-03
1100 	 1127 	 7.0029566704e+01 	 4.9951061976e-03
1200 	 1230 	 7.0029040670e+01 	 2.0901949257e-03
1300 	 1334 	 7.0028671589e+01 	 2.2763805399e-03
1400 	 1435 	 7.0028384655e+01 	 1.6547967661e-03
1500 	 1537 	 7.0028123471e+01 	 2.8971517291e-03
1600 	 1640 	 7.0027930891e+01 	 1.4850409025e-03
1700 	 1743 	 7.0027769388e+01 	 1.6707302719e-03
1800 	 1846 	 7.0027628609e+01 	 1.3429980499e-03
1900 	 1948 	 7.0027506618e+01 	 1.1658191368e-03
2000 	 2051 	 7.0027412287e+01 	 1.0394713835e-03
2100 	 2154 	 7.0027326492e+01 	 1.1672602200e-03
2200 	 2257 	 7.0027225820e+01 	 1.1135258137e-03
2300 	 2360 	 7.0027122271e+01 	 2.0269241015e-03
2400 	 2462 	 7.0027007951e+01 	 2.2146476256e-03
2500 	 2565 	 7.0026878761e+01 	 1.2700776822e-03
2600 	 2669 	 7.0026776484e+01 	 1.3094401607e-03
2700 	 2771 	 7.0026705171e+01 	 1.9530365788e-03
2800 	 2872 	 7.0026651964e+01 	 8.9799991677e-04
2900 	 2973 	 7.0026615010e+01 	 1.6699469871e-03
3000 	 3075 	 7.0026584674e+01 	 8.9385565928e-04
3100 	 3175 	 7.0026558945e+01 	 4.4242877113e-04
3200 	 3277 	 7.0026536445e+01 	 4.6278407938e-04
3300 	 3381 	 7.0026515360e+01 	 5.8335055067e-04
3400 	 3483 	 7.0026499017e+01 	 4.3443958856e-04
3500 	 3586 	 7.0026483382e+01 	 7.4740784482e-04
3600 	 3688 	 7.0026471398e+01 	 7.9543704988e-04
3700 	 3793 	 7.0026462900e+01 	 3.0340698851e-04
3800 	 3896 	 7.0026454570e+01 	 4.7135303049e-04
3900 	 3998 	 7.0026447450e+01 	 4.9615992088e-04
4000 	 4101 	 7.0026440512e+01 	 2.9150665977e-04
4100 	 4205 	 7.0026435125e+01 	 2.4369201769e-04
4200 	 4308 	 7.0026431077e+01 	 3.6875270752e-04
4300 	 4409 	 7.0026426922e+01 	 4.4743178203e-04
4400 	 4512 	 7.0026423538e+01 	 3.5700754917e-04
4500 	 4615 	 7.0026420954e+01 	 4.9474381143e-04
4600 	 4718 	 7.0026418618e+01 	 1.8862804066e-04
4700 	 4820 	 7.0026416046e+01 	 1.7110980436e-04
4800 	 4921 	 7.0026413324e+01 	 1.9095385545e-04
4900 	 5024 	 7.0026410688e+01 	 1.6265573617e-04
5000 	 5128 	 7.0026408421e+01 	 2.6577153461e-04
5100 	 5230 	 7.0026407013e+01 	 1.0689564321e-04
5200 	 5332 	 7.0026405970e+01 	 1.4861206405e-04
5300 	 5435 	 7.0026405169e+01 	 9.3132230725e-05
5400 	 5539 	 7.0026404577e+01 	 1.1382911425e-04
5500 	 5643 	 7.0026404044e+01 	 7.8858195150e-05
5600 	 5746 	 7.0026403643e+01 	 7.2422321509e-05
5700 	 5849 	 7.0026403299e+01 	 6.8096246926e-05
5800 	 5951 	 7.0026402908e+01 	 8.3939493998e-05
5900 	 6057 	 7.0026402323e+01 	 9.2591891326e-05
6000 	 6158 	 7.0026401844e+01 	 5.8242544054e-05
6100 	 6260 	 7.0026401468e+01 	 8.0080951971e-05
6200 	 6364 	 7.0026401042e+01 	 2.4255284903e-04
6300 	 6469 	 7.0026400638e+01 	 1.5036608066e-04
6400 	 6571 	 7.0026400234e+01 	 6.3396690573e-05
6500 	 6673 	 7.0026399937e+01 	 4.7376066742e-05
6600 	 6776 	 7.0026399689e+01 	 8.0134457797e-05
6700 	 6878 	 7.0026399486e+01 	 5.4930980794e-05
6800 	 6981 	 7.0026399284e+01 	 5.5994867618e-05
6900 	 7084 	 7.0026399095e+01 	 4.3055739486e-05
7000 	 7186 	 7.0026398924e+01 	 7.1282503192e-05
7100 	 7290 	 7.0026398791e+01 	 4.1141267523e-05
7200 	 7396 	 7.0026398664e+01 	 5.1966171873e-05
7300 	 7499 	 7.0026398581e+01 	 2.9839620439e-05
7400 	 7602 	 7.0026398533e+01 	 2.3822820903e-05
7500 	 7706 	 7.0026398482e+01 	 2.6538801167e-05
7600 	 7809 	 7.0026398420e+01 	 3.5438233909e-05
7700 	 7911 	 7.0026398346e+01 	 2.3691886763e-05
7800 	 8012 	 7.0026398277e+01 	 2.9598481448e-05
7900 	 8116 	 7.0026398209e+01 	 2.5856784065e-05
8000 	 8218 	 7.0026398155e+01 	 2.9836292516e-05
8100 	 8321 	 7.0026398119e+01 	 2.6861506554e-05
8200 	 8427 	 7.0026398082e+01 	 3.6943076879e-05
8300 	 8528 	 7.0026398035e+01 	 2.8446353413e-05
8400 	 8629 	 7.0026397992e+01 	 3.2367671139e-05
8500 	 8732 	 7.0026397960e+01 	 2.1787350222e-05
8600 	 8836 	 7.0026397930e+01 	 2.3894615296e-05
8700 	 8938 	 7.0026397892e+01 	 2.0149690521e-05
8800 	 9039 	 7.0026397857e+01 	 1.5492941520e-05
8900 	 9142 	 7.0026397825e+01 	 1.6838643678e-05
9000 	 9245 	 7.0026397796e+01 	 3.1470419378e-05
9100 	 9346 	 7.0026397781e+01 	 1.8783081954e-05
9200 	 9449 	 7.0026397767e+01 	 1.2927313206e-05
9300 	 9552 	 7.0026397755e+01 	 1.2023882514e-05
9400 	 9654 	 7.0026397744e+01 	 1.7862644901e-05
9500 	 9757 	 7.0026397734e+01 	 3.4035460566e-05
9600 	 9861 	 7.0026397724e+01 	 1.3490219276e-05
9700 	 9965 	 7.0026397716e+01 	 9.6135284176e-06
9800 	 10069 	 7.0026397710e+01 	 7.7572139781e-06
9900 	 10171 	 7.0026397705e+01 	 7.4651724953e-06
10000 	 10273 	 7.0026397699e+01 	 7.0345875444e-06
10100 	 10376 	 7.0026397693e+01 	 1.0281652025e-05
10200 	 10478 	 7.0026397688e+01 	 7.3316622596e-06
10300 	 10579 	 7.0026397682e+01 	 7.7568200866e-06
10400 	 10681 	 7.0026397676e+01 	 8.7129946809e-06
10500 	 10784 	 7.0026397671e+01 	 7.8381438308e-06
10600 	 10888 	 7.0026397666e+01 	 9.1234341162e-06
10700 	 10989 	 7.0026397660e+01 	 7.9222305561e-06
10800 	 11092 	 7.0026397654e+01 	 8.1884486661e-06
10900 	 11194 	 7.0026397648e+01 	 1.5274855455e-05
11000 	 11295 	 7.0026397644e+01 	 6.0103699917e-06
11100 	 11397 	 7.0026397640e+01 	 6.4445360671e-06
11200 	 11499 	 7.0026397637e+01 	 5.9228627304e-06
11300 	 11600 	 7.0026397634e+01 	 6.0145021521e-06
11400 	 11704 	 7.0026397631e+01 	 4.9915983544e-06
11500 	 11807 	 7.0026397627e+01 	 1.0964275608e-05
11600 	 11911 	 7.0026397624e+01 	 1.2258043261e-05
11700 	 12015 	 7.0026397620e+01 	 6.4161750583e-06
11800 	 12119 	 7.0026397616e+01 	 4.7618443792e-06
11900 	 12220 	 7.0026397613e+01 	 5.7863476783e-06
12000 	 12323 	 7.0026397611e+01 	 3.8066889453e-06
12100 	 12425 	 7.0026397609e+01 	 4.0641518295e-06
12200 	 12527 	 7.0026397607e+01 	 4.7857581668e-06
12300 	 12631 	 7.0026397606e+01 	 6.9816593763e-06
12400 	 12733 	 7.0026397604e+01 	 4.1086191584e-06
12500 	 12836 	 7.0026397603e+01 	 6.4376706598e-06
12600 	 12939 	 7.0026397601e+01 	 4.2167949972e-06
12700 	 13041 	 7.0026397600e+01 	 3.2173273664e-06
12800 	 13143 	 7.0026397599e+01 	 4.3230277986e-06
12900 	 13246 	 7.0026397597e+01 	 3.7258545673e-06
13000 	 13351 	 7.0026397596e+01 	 3.3177222555e-06
13100 	 13455 	 7.0026397594e+01 	 2.3931469021e-06
13200 	 13556 	 7.0026397594e+01 	 4.9841933177e-06
13300 	 13658 	 7.0026397593e+01 	 2.5825594299e-06
13400 	 13761 	 7.0026397592e+01 	 2.4341300662e-06
13500 	 13863 	 7.0026397592e+01 	 2.3082017813e-06
13600 	 13965 	 7.0026397592e+01 	 2.9037568200e-06
13700 	 14069 	 7.0026397591e+01 	 1.9175653088e-06
13800 	 14172 	 7.0026397591e+01 	 3.9117464126e-06
13900 	 14274 	 7.0026397590e+01 	 1.9924977311e-06
14000 	 14375 	 7.0026397590e+01 	 2.0628534583e-06
14100 	 14480 	 7.0026397589e+01 	 2.3344029870e-06
14200 	 14584 	 7.0026397589e+01 	 2.5144271810e-06
14300 	 14687 	 7.0026397589e+01 	 2.4382256213e-06
14400 	 14788 	 7.0026397588e+01 	 2.0773914318e-06
14500 	 14890 	 7.0026397588e+01 	 2.4998954664e-06
14600 	 14993 	 7.0026397588e+01 	 2.5016944887e-06
14700 	 15096 	 7.0026397587e+01 	 1.7306916643e-06
14800 	 15198 	 7.0026397587e+01 	 1.0100376566e-06
14900 	 15300 	 7.0026397587e+01 	 7.3735562988e-07
15000 	 15406 	 7.0026397587e+01 	 1.1700178162e-06
15100 	 15508 	 7.0026397587e+01 	 5.2752024153e-07
15200 	 15618 	 7.0026397587e+01 	 1.2567150403e-06
15300 	 15726 	 7.0026397587e+01 	 7.8005048309e-07
15400 	 15831 	 7.0026397587e+01 	 1.0698674099e-06
15500 	 15936 	 7.0026397587e+01 	 1.0190110959e-06
15600 	 16040 	 7.0026397587e+01 	 2.5032904306e-06
15700 	 16144 	 7.0026397587e+01 	 5.5741025546e-07
15800 	 16253 	 7.0026397587e+01 	 8.6642132972e-07
15900 	 16356 	 7.0026397587e+01 	 9.0575472299e-07
16000 	 16460 	 7.0026397587e+01 	 7.4131004591e-07
16100 	 16566 	 7.0026397587e+01 	 9.3020430288e-07
16200 	 16669 	 7.0026397586e+01 	 7.5896551718e-07
16300 	 16771 	 7.0026397586e+01 	 6.7385932105e-07
16400 	 16878 	 7.0026397586e+01 	 1.4241424301e-06
16500 	 16989 	 7.0026397586e+01 	 1.3676892321e-06
16600 	 17098 	 7.0026397586e+01 	 1.4113296542e-06
16700 	 17201 	 7.0026397586e+01 	 8.5608837598e-07
16800 	 17314 	 7.0026397586e+01 	 9.0886634578e-07
16900 	 17429 	 7.0026397586e+01 	 4.5524181317e-07
17000 	 17540 	 7.0026397586e+01 	 1.8406513209e-06
17100 	 17658 	 7.0026397586e+01 	 9.9184469065e-07
17200 	 17770 	 7.0026397586e+01 	 6.4173119916e-07
17300 	 17887 	 7.0026397586e+01 	 3.8564296037e-07
17400 	 18003 	 7.0026397586e+01 	 3.9876100401e-07
17500 	 18126 	 7.0026397586e+01 	 2.5624351152e-07
# ---- 
 1 		 17558 	 18218 		 7.6758153932e+01 	 7.0026397586e+01 	 3.8489372516e-07
# ---- 
100 	 106 	 7.0051816804e+01 	 4.8840678345e-02
200 	 207 	 7.0012795625e+01 	 1.7043893030e-02
300 	 310 	 7.0003188322e+01 	 1.4215837614e-02
400 	 411 	 6.9998430853e+01 	 8.1014605514e-03
500 	 513 	 6.9995636880e+01 	 8.6373265306e-03
600 	 615 	 6.9993658258e+01 	 5.5125207614e-03
700 	 718 	 6.9991882338e+01 	 8.1956913107e-03
800 	 819 	 6.9990688974e+01 	 4.9961702680e-03
900 	 922 	 6.9989844066e+01 	 3.6380631110e-03
1000 	 1023 	 6.9989203452e+01 	 4.5900362799e-03
1100 	 1125 	 6.9988686811e+01 	 2.6821572184e-03
1200 	 1227 	 6.9988220989e+01 	 4.6077852080e-03
1300 	 1327 	 6.9987865950e+01 	 2.9593598663e-03
1400 	 1429 	 6.9987606632e+01 	 1.6096948469e-03
1500 	 1531 	 6.9987414455e+01 	 2.3510517814e-03
1600 	 1632 	 6.9987253905e+01 	 1.6048314837e-03
1700 	 1733 	 6.9987118550e+01 	 2.8702167757e-03
1800 	 1836 	 6.9986977958e+01 	 1.3285225860e-03
1900 	 1939 	 6.9986868020e+01 	 1.6681354866e-03
2000 	 2042 	 6.9986780788e+01 	 1.0733135717e-03
2100 	 2144 	 6.9986683505e+01 	 1.2064195039e-03
2200 	 2247 	 6.9986589065e+01 	 8.7226411547e-04
2300 	 2351 	 6.9986511054e+01 	 1.6661550111e-03
2400 	 2455 	 6.9986421726e+01 	 1.2898202017e-03
2500 	 2556 	 6.9986299274e+01 	 9.2906294027e-04
2600 	 2660 	 6.9986212279e+01 	 1.2009539853e-03
2700 	 2761 	 6.9986139073e+01 	 9.6270069751e-04
2800 	 2863 	 6.9986084435e+01 	 2.1480356059e-03
2900 	 2966 	 6.9986037489e+01 	 1.7307382440e-03
3000 	 3069 	 6.9985989861e+01 	 7.5717645791e-04
3100 	 3171 	 6.9985954915e+01 	 5.8904398315e-04
3200 	 3273 	 6.9985932825e+01 	 4.2609535727e-04
3300 	 3376 	 6.9985914828e+01 	 6.6082142751e-04
3400 	 3479 	 6.9985900563e+01 	 4.2239561822e-04
3500 	 3582 	 6.9985886106e+01 	 1.1430161936e-03
3600 	 3686 	 6.9985873690e+01 	 3.0651415241e-04
3700 	 3790 	 6.9985863163e+01 	 6.2593840326e-04
3800 	 3894 	 6.9985855763e+01 	 3.4228172132e-04
3900 	 3998 	 6.9985849218e+01 	 2.1423908521e-04
4000 	 4102 	 6.9985843468e+01 	 3.1068850714e-04
4100 	 4204 	 6.9985837704e+01 	 4.1617691211e-04
4200 	 4304 	 6.9985833059e+01 	 2.1547199798e-04
4300 	 4405 	 6.9985829386e+01 	 2.5106554708e-04
4400 	 4508 	 6.9985825319e+01 	 2.1509215948e-04
4500 	 4608 	 6.9985820876e+01 	 2.7431473509e-04
4600 	 4711 	 6.9985815571e+01 	 2.6130099207e-04
4700 	 4814 	 6.9985809977e+01 	 1.7796899944e-04
4800 	 4916 	 6.9985802977e+01 	 2.4425043202e-04
4900 	 5019 	 6.9985796313e+01 	 3.0099644471e-04
5000 	 5121 	 6.9985788703e+01 	 4.2125679333e-04
5100 	 5224 	 6.9985782064e+01 	 3.0871702345e-04
5200 	 5327 	 6.9985778002e+01 	 3.5257326437e-04
5300 	 5428 	 6.9985774952e+01 	 1.3598158765e-04
5400 	 5529 	 6.9985773206e+01 	 2.0258595313e-04
5500 	 5630 	 6.9985771698e+01 	 1.2820856786e-04
5600 	 5731 	 6.9985770373e+01 	 1.0532102047e-04
5700 	 5832 	 6.9985769366e+01 	 1.3453873206e-04
5800 	 5935 	 6.9985768529e+01 	 1.0687356541e-04
5900 	 6038 	 6.9985767708e+01 	 1.0418611953e-04
6000 	 6141 	 6.9985766855e+01 	 9.1169190391e-05
6100 	 6242 	 6.9985766193e+01 	 8.3258528844e-05
6200 	 6345 	 6.9985765627e+01 	 8.4760774635e-05
6300 	 6452 	 6.9985765011e+01 	 1.5675790353e-04
6400 	 6554 	 6.9985764384e+01 	 8.8909988357e-05
6500 	 6657 	 6.9985763884e+01 	 1.0269874865e-04
6600 	 6760 	 6.9985763517e+01 	 5.9148659346e-05
6700 	 6863 	 6.9985763124e+01 	 6.8405818815e-05
6800 	 6964 	 6.9985762665e+01 	 8.8812133131e-05
6900 	 7067 	 6.9985762197e+01 	 1.4014150464e-04
7000 	 7169 	 6.9985761845e+01 	 5.7463911244e-05
7100 	 7272 	 6.9985761614e+01 	 1.1888795311e-04
7200 	 7375 	 6.9985761433e+01 	 3.5930648061e-05
7300 	 7478 	 6.9985761243e+01 	 8.3752424381e-05
7400 	 7579 	 6.9985761051e+01 	 6.5061766947e-05
7500 	 7680 	 6.9985760824e+01 	 4.4869278926e-05
7600 	 7781 	 6.9985760597e+01 	 6.1464693027e-05
7700 	 7885 	 6.9985760359e+01 	 5.5405945342e-05
7800 	 7987 	 6.9985760154e+01 	 4.1986061359e-05
7900 	 8087 	 6.9985760016e+01 	 4.3798149203e-05
8000 	 8188 	 6.9985759878e+01 	 4.3361493216e-05
8100 	 8289 	 6.9985759722e+01 	 3.8862003106e-05
8200 	 8391 	 6.9985759593e+01 	 7.1401724702e-05
8300 	 8491 	 6.9985759476e+01 	 4.4758720267e-05
8400 	 8592 	 6.9985759329e+01 	 5.1692088686e-05
8500 	 8696 	 6.9985759171e+01 	 4.5961914193e-05
8600 	 8797 	 6.9985758969e+01 	 5.8747016410e-05
8700 	 8901 	 6.9985758791e+01 	 3.8971869878e-05
8800 	 9003 	 6.9985758647e+01 	 3.8420521351e-05
8900 	 9106 	 6.9985758542e+01 	 4.7830744494e-05
9000 	 9207 	 6.9985758428e+01 	 5.1032971577e-05
9100 	 9308 	 6.9985758305e+01 	 4.9277944585e-05
9200 	 9410 	 6.9985758199e+01 	 3.8504153401e-05
9300 	 9512 	 6.9985758125e+01 	 2.2911451520e-05
9400 	 9614 	 6.9985758055e+01 	 2.3424461807e-05
9500 	 9716 	 6.9985757966e+01 	 3.4282356578e-05
9600 	 9819 	 6.9985757879e+01 	 2.8773094239e-05
9700 	 9922 	 6.9985757800e+01 	 3.4582837750e-05
9800 	 10026 	 6.9985757726e+01 	 2.5324290884e-05
9900 	 10128 	 6.9985757665e+01 	 4.3976182083e-05
10000 	 10229 	 6.9985757615e+01 	 1.7195299639e-05
10100 	 10329 	 6.9985757572e+01 	 2.5682836331e-05
10200 	 10431 	 6.9985757517e+01 	 2.0011338174e-05
10300 	 10535 	 6.9985757460e+01 	 5.4005615472e-05
10400 	 10637 	 6.9985757408e+01 	 3.4553249995e-05
10500 	 10740 	 6.9985757365e+01 	 1.5375022025e-05
10600 	 10844 	 6.9985757329e+01 	 2.3715408334e-05
10700 	 10949 	 6.9985757288e+01 	 2.0531590280e-05
10800 	 11051 	 6.9985757256e+01 	 1.6877729435e-05
10900 	 11156 	 6.9985757228e+01 	 1.9775161302e-05
11000 	 11258 	 6.9985757205e+01 	 2.1165325407e-05
11100 	 11360 	 6.9985757186e+01 	 2.1889079871e-05
11200 	 11463 	 6.9985757168e+01 	 2.3450661453e-05
11300 	 11565 	 6.9985757154e+01 	 1.8665181351e-05
11400 	 11666 	 6.9985757142e+01 	 1.7117882485e-05
11500 	 11768 	 6.9985757133e+01 	 8.4558038057e-06
11600 	 11873 	 6.9985757125e+01 	 8.2562973784e-06
11700 	 11975 	 6.9985757119e+01 	 6.8462769144e-06
11800 	 12078 	 6.9985757114e+01 	 1.1099527705e-05
11900 	 12179 	 6.9985757107e+01 	 6.9171130670e-06
12000 	 12281 	 6.9985757102e+01 	 7.1949649856e-06
12100 	 12385 	 6.9985757097e+01 	 7.9753708847e-06
12200 	 12486 	 6.9985757091e+01 	 9.0561296764e-06
12300 	 12587 	 6.9985757084e+01 	 1.1376142449e-05
12400 	 12691 	 6.9985757079e+01 	 9.6976588353e-06
12500 	 12794 	 6.9985757072e+01 	 2.0833455438e-05
12600 	 12897 	 6.9985757065e+01 	 8.7108799419e-06
12700 	 13001 	 6.9985757058e+01 	 1.1954597967e-05
12800 	 13101 	 6.9985757052e+01 	 2.0767304684e-05
12900 	 13203 	 6.9985757047e+01 	 8.4335931832e-06
13000 	 13306 	 6.9985757042e+01 	 6.0098346432e-06
13100 	 13409 	 6.9985757039e+01 	 9.7502541174e-06
13200 	 13512 	 6.9985757036e+01 	 6.1560069770e-06
13300 	 13615 	 6.9985757033e+01 	 9.4262283145e-06
13400 	 13717 	 6.9985757030e+01 	 5.0956982817e-06
13500 	 13818 	 6.9985757028e+01 	 5.2973975100e-06
13600 	 13921 	 6.9985757024e+01 	 6.5162110179e-06
13700 	 14023 	 6.9985757022e+01 	 9.1792554787e-06
13800 	 14125 	 6.9985757020e+01 	 4.1122628544e-06
13900 	 14227 	 6.9985757018e+01 	 4.7967711714e-06
14000 	 14328 	 6.9985757017e+01 	 6.7205836744e-06
14100 	 14432 	 6.9985757015e+01 	 4.2688437776e-06
14200 	 14533 	 6.9985757014e+01 	 5.0944371736e-06
14300 	 14635 	 6.9985757013e+01 	 4.2184608619e-06
14400 	 14736 	 6.9985757011e+01 	 8.5372039139e-06
14500 	 14837 	 6.9985757010e+01 	 8.3995475833e-06
14600 	 14938 	 6.9985757009e+01 	 2.5152393126e-06
14700 	 15038 	 6.9985757008e+01 	 6.1018729681e-06
14800 	 15138 	 6.9985757007e+01 	 4.6226095078e-06
14900 	 15241 	 6.9985757006e+01 	 3.6300661244e-06
15000 	 15345 	 6.9985757005e+01 	 6.0616314267e-06
15100 	 15450 	 6.9985757003e+01 	 3.1215077736e-06
15200 	 15550 	 6.9985757003e+01 	 5.7973324799e-06
15300 	 15654 	 6.9985757002e+01 	 2.4774116176e-06
15400 	 15758 	 6.9985757002e+01 	 3.1671294646e-06
15500 	 15859 	 6.9985757001e+01 	 2.7304018674e-06
15600 	 15963 	 6.9985757000e+01 	 2.4184900837e-06
15700 	 16066 	 6.9985757000e+01 	 4.4672450757e-06
15800 	 16170 	 6.9985756999e+01 	 3.2983571702e-06
15900 	 16273 	 6.9985756998e+01 	 3.6647524876e-06
16000 	 16375 	 6.9985756998e+01 	 4.9522118941e-06
16100 	 16477 	 6.9985756997e+01 	 1.9943618415e-06
16200 	 16579 	 6.9985756996e+01 	 2.3914017435e-06
16300 	 16681 	 6.9985756996e+01 	 2.2741044770e-06
16400 	 16783 	 6.9985756995e+01 	 5.5469559437e-06
16500 	 16885 	 6.9985756995e+01 	 3.8428206695e-06
16600 	 16987 	 6.9985756995e+01 	 1.9491773725e-06
16700 	 17089 	 6.9985756995e+01 	 3.1239282418e-06
16800 	 17195 	 6.9985756995e+01 	 1.7873116765e-06
16900 	 17299 	 6.9985756994e+01 	 1.2648090381e-06
17000 	 17404 	 6.9985756994e+01 	 1.2422452167e-06
17100 	 17510 	 6.9985756994e+01 	 1.3176919378e-06
17200 	 17615 	 6.9985756994e+01 	 1.5052861455e-06
17300 	 17721 	 6.9985756994e+01 	 8.9777574724e-07
17400 	 17828 	 6.9985756994e+01 	 6.7146607615e-07
17500 	 17939 	 6.9985756994e+01 	 9.6923282502e-07
17600 	 18043 	 6.9985756994e+01 	 9.5110591966e-07
17700 	 18148 	 6.9985756994e+01 	 1.1821218575e-06
17800 	 18252 	 6.9985756994e+01 	 9.0165216970e-07
17900 	 18354 	 6.9985756994e+01 	 9.0354736477e-07
18000 	 18457 	 6.9985756993e+01 	 1.2623372580e-06
18100 	 18561 	 6.9985756993e+01 	 7.2149782146e-07
18200 	 18666 	 6.9985756993e+01 	 8.6859802745e-07
18300 	 18771 	 6.9985756993e+01 	 1.5012072486e-06
18400 	 18876 	 6.9985756993e+01 	 8.0440576056e-07
18500 	 18983 	 6.9985756993e+01 	 9.9316000327e-07
18600 	 19086 	 6.9985756993e+01 	 7.4351207857e-07
18700 	 19193 	 6.9985756993e+01 	 4.3162588396e-07
18800 	 19299 	 6.9985756993e+01 	 4.1291638852e-07
18900 	 19410 	 6.9985756993e+01 	 6.4285964066e-07
19000 	 19521 	 6.9985756993e+01 	 8.7908875887e-07
19100 	 19624 	 6.9985756993e+01 	 1.5375659913e-06
19200 	 19734 	 6.9985756993e+01 	 6.1218734837e-07
19300 	 19849 	 6.9985756993e+01 	 5.9207347271e-07
19400 	 19959 	 6.9985756993e+01 	 6.8319792498e-07
19500 	 20069 	 6.9985756993e+01 	 4.7589932579e-07
19600 	 20183 	 6.9985756993e+01 	 4.5734433221e-07
19700 	 20296 	 6.9985756993e+01 	 3.8802694376e-07
# ---- 
 1 		 19734 	 20357 		 7.6576032320e+01 	 6.9985756993e+01 	 4.4607546130e-07
# ---- 
100 	 109 	 7.0005063394e+01 	 3.3924302409e-02
200 	 212 	 6.9972173242e+01 	 1.7009506132e-02
300 	 316 	 6.9964395091e+01 	 7.5425452254e-03
400 	 418 	 6.9960666011e+01 	 1.2035072345e-02
500 	 520 	 6.9958398816e+01 	 7.4363797713e-03
600 	 623 	 6.9956695581e+01 	 5.5794171583e-03
700 	 723 	 6.9955232054e+01 	 5.8650633754e-03
800 	 826 	 6.9954060632e+01 	 4.8551417044e-03
900 	 928 	 6.9953158573e+01 	 3.1988040477e-03
1000 	 1031 	 6.9952610827e+01 	 2.5462006094e-03
1100 	 1135 	 6.9952183794e+01 	 1.9918918559e-03
1200 	 1236 	 6.9951702098e+01 	 3.9011934751e-03
1300 	 1338 	 6.9951353813e+01 	 1.9313155292e-03
1400 	 1440 	 6.9951087544e+01 	 2.3775159860e-03
1500 	 1541 	 6.9950930098e+01 	 1.2601897147e-03
1600 	 1642 	 6.9950805397e+01 	 1.5189585134e-03
1700 	 1743 	 6.9950682331e+01 	 8.2806061125e-04
1800 	 1845 	 6.9950576568e+01 	 1.0435515021e-03
1900 	 1948 	 6.9950485547e+01 	 1.3705590185e-03
2000 	 2050 	 6.9950389344e+01 	 1.0002878192e-03
2100 	 2151 	 6.9950304280e+01 	 1.2120797537e-03
2200 	 2252 	 6.9950212560e+01 	 9.1965254347e-04
2300 	 2354 	 6.9950122625e+01 	 8.7276028103e-04
2400 	 2458 	 6.9950022585e+01 	 1.5723026083e-03
2500 	 2562 	 6.9949927217e+01 	 1.2479086757e-03
2600 	 2664 	 6.9949865976e+01 	 1.2625720579e-03
2700 	 2767 	 6.9949810573e+01 	 5.9431122246e-04
2800 	 2869 	 6.9949770850e+01 	 1.0016201341e-03
2900 	 2972 	 6.9949740370e+01 	 1.6698175587e-03
3000 	 3075 	 6.9949717881e+01 	 7.3147251033e-04
3100 	 3179 	 6.9949699551e+01 	 4.7425897965e-04
3200 	 3281 	 6.9949683245e+01 	 1.0499174719e-03
3300 	 3384 	 6.9949670489e+01 	 3.3839280237e-04
3400 	 3486 	 6.9949660114e+01 	 4.1353868054e-04
3500 	 3590 	 6.9949652088e+01 	 2.6979537982e-04
3600 	 3693 	 6.9949645290e+01 	 2.2648642000e-04
3700 	 3795 	 6.9949639780e+01 	 2.5982645693e-04
3800 	 3898 	 6.9949635266e+01 	 2.5429856494e-04
3900 	 4000 	 6.9949631783e+01 	 3.3479562457e-04
4000 	 4102 	 6.9949628993e+01 	 1.2169484948e-04
4100 	 4205 	 6.9949626763e+01 	 3.1924392986e-04
4200 	 4307 	 6.9949624793e+01 	 1.5631796073e-04
4300 	 4410 	 6.9949622584e+01 	 2.2148076347e-04
4400 	 4513 	 6.9949620654e+01 	 2.9778177247e-04
4500 	 4614 	 6.9949618735e+01 	 1.5348500131e-04
4600 	 4715 	 6.9949616656e+01 	 4.2484319097e-04
4700 	 4818 	 6.9949614864e+01 	 1.1213133759e-04
4800 	 4920 	 6.9949613530e+01 	 1.1717067746e-04
4900 	 5022 	 6.9949612718e+01 	 1.0309923934e-04
5000 	 5126 	 6.9949611908e+01 	 9.8229841233e-05
5100 	 5228 	 6.9949611174e+01 	 7.8483859256e-05
5200 	 5330 	 6.9949610581e+01 	 8.9882987785e-05
5300 	 5433 	 6.9949610004e+01 	 6.1974307528e-05
5400 	 5535 	 6.9949609588e+01 	 6.6284446050e-05
5500 	 5638 	 6.9949609298e+01 	 8.1931677600e-05
5600 	 5741 	 6.9949609023e+01 	 6.2997263339e-05
5700 	 5843 	 6.9949608792e+01 	 5.5869481273e-05
5800 	 5946 	 6.9949608595e+01 	 3.5584769037e-05
5900 	 6048 	 6.9949608467e+01 	 3.4889548225e-05
6000 	 6148 	 6.9949608359e+01 	 2.8451673010e-05
6100 	 6248 	 6.9949608256e+01 	 4.3082866100e-05
6200 	 6352 	 6.9949608163e+01 	 4.1756329854e-05
6300 	 6454 	 6.9949608051e+01 	 3.3637018266e-05
6400 	 6557 	 6.9949607957e+01 	 3.8947726675e-05
6500 	 6658 	 6.9949607852e+01 	 3.2895424195e-05
6600 	 6762 	 6.9949607762e+01 	 4.1338583103e-05
6700 	 6863 	 6.9949607699e+01 	 2.1568895970e-05
6800 	 6966 	 6.9949607649e+01 	 1.9899886154e-05
6900 	 7068 	 6.9949607596e+01 	 3.9921374017e-05
7000 	 7170 	 6.9949607547e+01 	 2.2566234714e-05
7100 	 7271 	 6.9949607513e+01 	 1.6908043075e-05
7200 	 7374 	 6.9949607477e+01 	 1.9727160919e-05
7300 	 7476 	 6.9949607442e+01 	 4.8065245691e-05
7400 	 7580 	 6.9949607391e+01 	 2.1369841249e-05
7500 	 7682 	 6.9949607350e+01 	 5.9810504198e-05
7600 	 7783 	 6.9949607293e+01 	 2.4989420009e-05
7700 	 7885 	 6.9949607229e+01 	 3.3038939838e-05
7800 	 7989 	 6.9949607182e+01 	 3.7221714922e-05
7900 	 8091 	 6.9949607134e+01 	 1.9185452751e-05
8000 	 8193 	 6.9949607095e+01 	 2.1851445525e-05
8100 	 8297 	 6.9949607064e+01 	 1.4922090601e-05
8200 	 8398 	 6.9949607027e+01 	 2.8437117104e-05
8300 	 8501 	 6.9949606994e+01 	 1.8212824945e-05
8400 	 8602 	 6.9949606956e+01 	 5.1529998463e-05
8500 	 8704 	 6.9949606921e+01 	 2.5162194403e-05
8600 	 8806 	 6.9949606895e+01 	 2.0161721481e-05
8700 	 8908 	 6.9949606872e+01 	 1.3508197911e-05
8800 	 9013 	 6.9949606849e+01 	 1.7159679671e-05
8900 	 9114 	 6.9949606825e+01 	 2.2077099258e-05
9000 	 9216 	 6.9949606803e+01 	 1.9237015006e-05
9100 	 9316 	 6.9949606783e+01 	 1.4864572277e-05
9200 	 9417 	 6.9949606767e+01 	 1.2652163589e-05
9300 	 9519 	 6.9949606748e+01 	 1.6439411999e-05
9400 	 9621 	 6.9949606726e+01 	 1.3286256409e-05
9500 	 9723 	 6.9949606702e+01 	 4.7976449895e-05
9600 	 9825 	 6.9949606680e+01 	 1.4496107982e-05
9700 	 9926 	 6.9949606662e+01 	 1.5064557276e-05
9800 	 10027 	 6.9949606648e+01 	 1.3469042336e-05
9900 	 10131 	 6.9949606633e+01 	 9.9219225842e-06
10000 	 10236 	 6.9949606620e+01 	 1.3855713829e-05
10100 	 10337 	 6.9949606611e+01 	 6.2185435625e-06
10200 	 10438 	 6.9949606606e+01 	 1.1956900052e-05
10300 	 10540 	 6.9949606601e+01 	 9.0197506604e-06
10400 	 10641 	 6.9949606597e+01 	 5.8525594345e-06
10500 	 10746 	 6.9949606593e+01 	 5.7220423885e-06
10600 	 10851 	 6.9949606590e+01 	 9.3961344627e-06
10700 	 10953 	 6.9949606588e+01 	 3.6282367031e-06
10800 	 11055 	 6.9949606585e+01 	 1.3808047608e-05
10900 	 11160 	 6.9949606583e+01 	 4.1506656242e-06
11000 	 11262 	 6.9949606581e+01 	 4.8686946471e-06
11100 	 11364 	 6.9949606578e+01 	 4.9065508501e-06
11200 	 11466 	 6.9949606576e+01 	 1.0663035893e-05
11300 	 11568 	 6.9949606574e+01 	 4.8708812548e-06
11400 	 11671 	 6.9949606571e+01 	 4.2664686036e-06
11500 	 11774 	 6.9949606569e+01 	 3.7341020068e-06
11600 	 11875 	 6.9949606567e+01 	 4.8023061518e-06
11700 	 11976 	 6.9949606566e+01 	 3.3105848952e-06
11800 	 12077 	 6.9949606564e+01 	 4.1557103171e-06
11900 	 12177 	 6.9949606563e+01 	 5.1913436035e-06
12000 	 12280 	 6.9949606562e+01 	 2.5115899040e-06
12100 	 12382 	 6.9949606561e+01 	 4.0171467202e-06
12200 	 12486 	 6.9949606560e+01 	 2.5841862058e-06
12300 	 12590 	 6.9949606559e+01 	 3.7604357982e-06
12400 	 12693 	 6.9949606558e+01 	 3.1971116131e-06
12500 	 12795 	 6.9949606557e+01 	 6.3947354055e-06
12600 	 12897 	 6.9949606556e+01 	 3.0271186817e-06
12700 	 13000 	 6.9949606555e+01 	 3.7870687785e-06
12800 	 13101 	 6.9949606554e+01 	 3.3362183182e-06
12900 	 13203 	 6.9949606553e+01 	 2.1075855239e-06
13000 	 13305 	 6.9949606552e+01 	 2.2521754089e-06
13100 	 13407 	 6.9949606552e+01 	 4.7579799157e-06
13200 	 13510 	 6.9949606551e+01 	 6.9865390721e-06
13300 	 13610 	 6.9949606551e+01 	 2.2203024893e-06
13400 	 13712 	 6.9949606551e+01 	 3.2651385379e-06
13500 	 13812 	 6.9949606550e+01 	 2.8867722250e-06
13600 	 13915 	 6.9949606550e+01 	 3.8937934533e-06
13700 	 14017 	 6.9949606550e+01 	 1.6642644544e-06
13800 	 14121 	 6.9949606550e+01 	 3.9591116156e-06
13900 	 14221 	 6.9949606549e+01 	 2.1305423692e-06
14000 	 14324 	 6.9949606549e+01 	 2.0902191890e-06
14100 	 14427 	 6.9949606549e+01 	 1.8428634864e-06
14200 	 14529 	 6.9949606548e+01 	 1.7040110437e-06
14300 	 14634 	 6.9949606548e+01 	 1.2435005280e-06
14400 	 14739 	 6.9949606548e+01 	 1.0169912202e-06
14500 	 14841 	 6.9949606548e+01 	 1.2623606869e-06
14600 	 14947 	 6.9949606548e+01 	 7.5778550489e-07
14700 	 15050 	 6.9949606548e+01 	 1.2744268731e-06
14800 	 15151 	 6.9949606548e+01 	 8.6803014874e-07
14900 	 15255 	 6.9949606547e+01 	 7.7371590272e-07
15000 	 15359 	 6.9949606547e+01 	 9.7275828488e-07
15100 	 15465 	 6.9949606547e+01 	 6.9506416866e-07
15200 	 15574 	 6.9949606547e+01 	 2.0238307554e-06
15300 	 15680 	 6.9949606547e+01 	 7.9898576900e-07
15400 	 15789 	 6.9949606547e+01 	 7.1093296271e-07
15500 	 15893 	 6.9949606547e+01 	 8.5276972790e-07
15600 	 16006 	 6.9949606547e+01 	 8.1014275461e-07
15700 	 16111 	 6.9949606547e+01 	 9.3462114389e-07
15800 	 16215 	 6.9949606547e+01 	 1.0228753401e-06
15900 	 16322 	 6.9949606547e+01 	 8.1248286634e-07
16000 	 16429 	 6.9949606547e+01 	 5.6967014916e-07
16100 	 16537 	 6.9949606547e+01 	 7.8495681689e-07
16200 	 16648 	 6.9949606547e+01 	 7.8153809167e-07
16300 	 16758 	 6.9949606547e+01 	 9.2727669922e-07
# ---- 
 1 		 16340 	 16839 		 7.6483829278e+01 	 6.9949606547e+01 	 8.1221776070e-07
# ---- 
100 	 103 	 6.9964051145e+01 	 4.8564560981e-02
200 	 204 	 6.9938012796e+01 	 1.5299679512e-02
300 	 305 	 6.9931735003e+01 	 8.0182737892e-03
400 	 408 	 6.9928261568e+01 	 1.5389972785e-02
500 	 510 	 6.9926108393e+01 	 7.5741159347e-03
600 	 612 	 6.9924618203e+01 	 4.7294826186e-03
700 	 714 	 6.9923273534e+01 	 9.6601955261e-03
800 	 819 	 6.9922146900e+01 	 3.8431067808e-03
900 	 921 	 6.9921379985e+01 	 2.7679356777e-03
1000 	 1024 	 6.9920843029e+01 	 3.8890273907e-03
1100 	 1126 	 6.9920421081e+01 	 3.2828656886e-03
1200 	 1229 	 6.9920042665e+01 	 2.2467877949e-03
1300 	 1333 	 6.9919717704e+01 	 1.8815343039e-03
1400 	 1435 	 6.9919503196e+01 	 1.3413894280e-03
1500 	 1539 	 6.9919355940e+01 	 3.1882155530e-03
1600 	 1640 	 6.9919245317e+01 	 1.3789603058e-03
1700 	 1742 	 6.9919144379e+01 	 1.0874283266e-03
1800 	 1847 	 6.9919046918e+01 	 1.0448176390e-03
1900 	 1950 	 6.9918957102e+01 	 1.2542511199e-03
2000 	 2052 	 6.9918886907e+01 	 7.1399811959e-04
2100 	 2156 	 6.9918811663e+01 	 9.1644219114e-04
2200 	 2258 	 6.9918732286e+01 	 1.0966362470e-03
2300 	 2362 	 6.9918659505e+01 	 1.2414644566e-03
2400 	 2464 	 6.9918593969e+01 	 2.0832489937e-03
2500 	 2566 	 6.9918522285e+01 	 7.8691148441e-04
2600 	 2667 	 6.9918462772e+01 	 8.0425046098e-04
2700 	 2768 	 6.9918413744e+01 	 5.3237247729e-04
2800 	 2870 	 6.9918384841e+01 	 1.5396160588e-03
2900 	 2974 	 6.9918362069e+01 	 4.3593268881e-04
3000 	 3080 	 6.9918341695e+01 	 1.1770839009e-03
3100 	 3180 	 6.9918326661e+01 	 4.4741528248e-04
3200 	 3281 	 6.9918312882e+01 	 9.0948506435e-04
3300 	 3383 	 6.9918299845e+01 	 4.6277792660e-04
3400 	 3487 	 6.9918290537e+01 	 3.9709540626e-04
3500 	 3590 	 6.9918283224e+01 	 8.3328185134e-04
3600 	 3691 	 6.9918276563e+01 	 2.6301545708e-04
3700 	 3795 	 6.9918271173e+01 	 2.1587519568e-04
3800 	 3896 	 6.9918267244e+01 	 2.1007135554e-04
3900 	 3996 	 6.9918263881e+01 	 5.1295562894e-04
4000 	 4100 	 6.9918261206e+01 	 2.3361169550e-04
4100 	 4202 	 6.9918259127e+01 	 2.0063390507e-04
4200 	 4306 	 6.9918257362e+01 	 1.3978215269e-04
4300 	 4410 	 6.9918255645e+01 	 2.0399694507e-04
4400 	 4513 	 6.9918253988e+01 	 1.3803407021e-04
4500 	 4615 	 6.9918252703e+01 	 1.0989484309e-04
4600 	 4719 	 6.9918251481e+01 	 1.1534519416e-04
4700 	 4821 	 6.9918250385e+01 	 1.0365443585e-04
4800 	 4924 	 6.9918249568e+01 	 1.3684853945e-04
4900 	 5028 	 6.9918248924e+01 	 1.0347733600e-04
5000 	 5131 	 6.9918248353e+01 	 9.6373937673e-05
5100 	 5232 	 6.9918247723e+01 	 8.6154254408e-05
5200 	 5333 	 6.9918247152e+01 	 7.1899523210e-05
5300 	 5435 	 6.9918246679e+01 	 9.7341144847e-05
5400 	 5539 	 6.9918246363e+01 	 4.9068434843e-05
5500 	 5640 	 6.9918246163e+01 	 7.3542582023e-05
5600 	 5743 	 6.9918245952e+01 	 4.2611389177e-05
5700 	 5844 	 6.9918245754e+01 	 5.6579919257e-05
5800 	 5944 	 6.9918245597e+01 	 3.7944844187e-05
5900 	 6046 	 6.9918245449e+01 	 4.4855076100e-05
6000 	 6148 	 6.9918245281e+01 	 4.9562668513e-05
6100 	 6252 	 6.9918245085e+01 	 4.4787655075e-05
6200 	 6354 	 6.9918244907e+01 	 7.0066136562e-05
6300 	 6457 	 6.9918244758e+01 	 3.2777664706e-05
6400 	 6559 	 6.9918244619e+01 	 4.2720014156e-05
6500 	 6661 	 6.9918244431e+01 	 6.7604193226e-05
6600 	 6765 	 6.9918244273e+01 	 4.0892557035e-05
6700 	 6869 	 6.9918244115e+01 	 5.9358409811e-05
6800 	 6971 	 6.9918243946e+01 	 9.3784799242e-05
6900 	 7075 	 6.9918243811e+01 	 3.5745208906e-05
7000 	 7176 	 6.9918243715e+01 	 6.1254326320e-05
7100 	 7277 	 6.9918243620e+01 	 3.2256247770e-05
7200 	 7381 	 6.9918243537e+01 	 3.1254016028e-05
7300 	 7482 	 6.9918243456e+01 	 6.6264612663e-05
7400 	 7586 	 6.9918243377e+01 	 2.6292056559e-05
7500 	 7687 	 6.9918243323e+01 	 2.2357574762e-05
7600 	 7788 	 6.9918243251e+01 	 4.0417944980e-05
7700 	 7890 	 6.9918243160e+01 	 3.4708631448e-05
7800 	 7994 	 6.9918243050e+01 	 3.1513968301e-05
7900 	 8097 	 6.9918242939e+01 	 3.3274798155e-05
8000 	 8199 	 6.9918242850e+01 	 5.0781422317e-05
8100 	 8302 	 6.9918242736e+01 	 7.4440351921e-05
8200 	 8405 	 6.9918242594e+01 	 4.7188904333e-05
8300 	 8507 	 6.9918242441e+01 	 1.1279876580e-04
8400 	 8611 	 6.9918242294e+01 	 4.0149425921e-05
8500 	 8716 	 6.9918242187e+01 	 2.3508263624e-05
8600 	 8820 	 6.9918242120e+01 	 4.4886823795e-05
8700 	 8922 	 6.9918242071e+01 	 2.1540652657e-05
8800 	 9022 	 6.9918242008e+01 	 3.0906915088e-05
8900 	 9123 	 6.9918241954e+01 	 1.8561589517e-05
9000 	 9224 	 6.9918241919e+01 	 4.6483407944e-05
9100 	 9327 	 6.9918241887e+01 	 3.2097257434e-05
9200 	 9431 	 6.9918241855e+01 	 1.3552869293e-05
9300 	 9535 	 6.9918241833e+01 	 2.4198037622e-05
9400 	 9638 	 6.9918241815e+01 	 1.8459809256e-05
9500 	 9740 	 6.9918241805e+01 	 9.2394423135e-06
9600 	 9841 	 6.9918241796e+01 	 7.6075779598e-06
9700 	 9941 	 6.9918241789e+01 	 7.2217251916e-06
9800 	 10044 	 6.9918241784e+01 	 6.4683652612e-06
9900 	 10149 	 6.9918241779e+01 	 7.3392198634e-06
10000 	 10249 	 6.9918241774e+01 	 6.5918764411e-06
10100 	 10353 	 6.9918241769e+01 	 6.2999132429e-06
10200 	 10456 	 6.9918241765e+01 	 9.4610803852e-06
10300 	 10560 	 6.9918241759e+01 	 1.4892436252e-05
10400 	 10664 	 6.9918241753e+01 	 8.8767485065e-06
10500 	 10765 	 6.9918241747e+01 	 5.5822276065e-06
10600 	 10868 	 6.9918241743e+01 	 6.0171124890e-06
10700 	 10971 	 6.9918241739e+01 	 1.3995880692e-05
10800 	 11073 	 6.9918241733e+01 	 1.0210957585e-05
10900 	 11176 	 6.9918241726e+01 	 9.2719551398e-06
11000 	 11279 	 6.9918241720e+01 	 1.5723196894e-05
11100 	 11380 	 6.9918241713e+01 	 7.6191573434e-06
11200 	 11483 	 6.9918241706e+01 	 8.2301748750e-06
11300 	 11583 	 6.9918241702e+01 	 6.2256920123e-06
11400 	 11685 	 6.9918241698e+01 	 1.4188579063e-05
11500 	 11785 	 6.9918241694e+01 	 1.3652065005e-05
11600 	 11887 	 6.9918241691e+01 	 1.3635893580e-05
11700 	 11988 	 6.9918241688e+01 	 5.3048249696e-06
11800 	 12089 	 6.9918241685e+01 	 7.0669159791e-06
11900 	 12191 	 6.9918241683e+01 	 8.7548654313e-06
12000 	 12294 	 6.9918241680e+01 	 1.0636126011e-05
12100 	 12401 	 6.9918241677e+01 	 5.0074419705e-06
12200 	 12502 	 6.9918241675e+01 	 4.4384085570e-06
12300 	 12605 	 6.9918241673e+01 	 5.3949687456e-06
12400 	 12706 	 6.9918241671e+01 	 3.4795856440e-06
12500 	 12809 	 6.9918241670e+01 	 7.5189140589e-06
12600 	 12913 	 6.9918241669e+01 	 4.8943283519e-06
12700 	 13015 	 6.9918241669e+01 	 2.8069748479e-06
12800 	 13118 	 6.9918241668e+01 	 5.2099498840e-06
12900 	 13220 	 6.9918241667e+01 	 2.9409158682e-06
13000 	 13323 	 6.9918241666e+01 	 3.8078311480e-06
13100 	 13425 	 6.9918241666e+01 	 3.3221370936e-06
13200 	 13529 	 6.9918241665e+01 	 2.7059310326e-06
13300 	 13633 	 6.9918241664e+01 	 2.5631986238e-06
13400 	 13737 	 6.9918241664e+01 	 2.5758755401e-06
13500 	 13839 	 6.9918241663e+01 	 1.6704176308e-06
13600 	 13942 	 6.9918241663e+01 	 2.0407860512e-06
13700 	 14048 	 6.9918241663e+01 	 1.9536149530e-06
13800 	 14151 	 6.9918241662e+01 	 1.0990235822e-06
13900 	 14255 	 6.9918241662e+01 	 4.1584261502e-06
14000 	 14359 	 6.9918241662e+01 	 1.3651384961e-06
14100 	 14461 	 6.9918241662e+01 	 1.4650657830e-06
14200 	 14565 	 6.9918241661e+01 	 2.4140815767e-06
14300 	 14668 	 6.9918241661e+01 	 2.3177054712e-06
14400 	 14772 	 6.9918241661e+01 	 1.6532138562e-06
14500 	 14876 	 6.9918241661e+01 	 1.4320073968e-06
14600 	 14978 	 6.9918241660e+01 	 2.1071428135e-06
14700 	 15080 	 6.9918241660e+01 	 1.9374944804e-06
14800 	 15181 	 6.9918241660e+01 	 2.1772425452e-06
14900 	 15283 	 6.9918241659e+01 	 1.5458847514e-06
15000 	 15385 	 6.9918241659e+01 	 1.5787400165e-06
15100 	 15489 	 6.9918241659e+01 	 1.3651623101e-06
15200 	 15593 	 6.9918241659e+01 	 2.4289316901e-06
15300 	 15694 	 6.9918241658e+01 	 1.1515165446e-06
15400 	 15796 	 6.9918241658e+01 	 1.2477283112e-06
15500 	 15903 	 6.9918241658e+01 	 1.2487805357e-06
15600 	 16007 	 6.9918241658e+01 	 9.4682215292e-07
15700 	 16111 	 6.9918241658e+01 	 6.2000664040e-07
15800 	 16220 	 6.9918241658e+01 	 6.2684340281e-07
15900 	 16325 	 6.9918241658e+01 	 1.0444004143e-06
16000 	 16435 	 6.9918241658e+01 	 1.5681452448e-06
16100 	 16546 	 6.9918241658e+01 	 8.9050465166e-07
16200 	 16650 	 6.9918241658e+01 	 1.7335597833e-06
16300 	 16755 	 6.9918241658e+01 	 7.3010753887e-07
16400 	 16859 	 6.9918241658e+01 	 9.4754653761e-07
16500 	 16966 	 6.9918241658e+01 	 8.1730823600e-07
16600 	 17073 	 6.9918241658e+01 	 1.5090481648e-06
16700 	 17178 	 6.9918241658e+01 	 6.8683533176e-07
16800 	 17288 	 6.9918241658e+01 	 9.4894897748e-07
16900 	 17395 	 6.9918241658e+01 	 4.9194878617e-07
17000 	 17516 	 6.9918241658e+01 	 9.9741271239e-07
17100 	 17625 	 6.9918241657e+01 	 7.7083900230e-07
17200 	 17752 	 6.9918241657e+01 	 4.0148262583e-07
# ---- 
 1 		 17286 	 17868 		 7.6468907864e+01 	 6.9918241657e+01 	 5.6949932332e-07
# ---- 
100 	 110 	 6.9936955122e+01 	 3.9411493695e-02
200 	 213 	 6.9910659668e+01 	 1.5687520750e-02
300 	 314 	 6.9904379337e+01 	 7.3514771337e-03
400 	 419 	 6.9901071709e+01 	 6.9623787495e-03
500 	 520 	 6.9898906594e+01 	 5.4248523279e-03
600 	 623 	 6.9897395522e+01 	 9.9566577312e-03
700 	 724 	 6.9896100880e+01 	 8.5023959525e-03
800 	 824 	 6.9895195695e+01 	 4.7472478484e-03
900 	 927 	 6.9894464629e+01 	 4.8430118460e-03
1000 	 1031 	 6.9893917839e+01 	 2.9804085112e-03
1100 	 1133 	 6.9893502518e+01 	 2.6918892266e-03
1200 	 1234 	 6.9893091296e+01 	 3.9966892517e-03
1300 	 1338 	 6.9892768512e+01 	 2.4555718097e-03
1400 	 1440 	 6.9892601949e+01 	 1.2754014155e-03
1500 	 1542 	 6.9892485879e+01 	 1.4072403488e-03
1600 	 1645 	 6.9892382669e+01 	 1.3281600029e-03
1700 	 1746 	 6.9892276825e+01 	 1.1986423080e-03
1800 	 1846 	 6.9892165515e+01 	 1.1527951485e-03
1900 	 1947 	 6.9892083122e+01 	 7.6087371787e-04
2000 	 2052 	 6.9892029468e+01 	 1.3092162230e-03
2100 	 2154 	 6.9891972142e+01 	 1.4144085701e-03
2200 	 2257 	 6.9891906471e+01 	 7.6280053448e-04
2300 	 2361 	 6.9891842797e+01 	 2.3793150701e-03
2400 	 2463 	 6.9891770280e+01 	 1.0364154084e-03
2500 	 2565 	 6.9891688335e+01 	 7.7759113273e-04
2600 	 2666 	 6.9891641718e+01 	 7.4567281948e-04
2700 	 2769 	 6.9891609024e+01 	 4.7175383689e-04
2800 	 2871 	 6.9891586546e+01 	 1.4415767790e-03
2900 	 2976 	 6.9891566084e+01 	 4.7417943594e-04
3000 	 3080 	 6.9891548836e+01 	 4.2295616600e-04
3100 	 3182 	 6.9891533072e+01 	 3.2874004354e-04
3200 	 3286 	 6.9891521828e+01 	 2.6485408478e-04
3300 	 3387 	 6.9891510676e+01 	 3.8947724653e-04
3400 	 3490 	 6.9891500342e+01 	 4.4815235876e-04
3500 	 3593 	 6.9891490601e+01 	 3.0532894834e-04
3600 	 3694 	 6.9891482273e+01 	 4.3749640372e-04
3700 	 3795 	 6.9891477442e+01 	 5.9924052436e-04
3800 	 3896 	 6.9891473760e+01 	 3.4881372878e-04
3900 	 3999 	 6.9891470320e+01 	 2.5358676365e-04
4000 	 4102 	 6.9891467305e+01 	 2.1509102657e-04
4100 	 4204 	 6.9891464716e+01 	 1.8051599533e-04
4200 	 4306 	 6.9891462847e+01 	 1.4812335678e-04
4300 	 4409 	 6.9891461585e+01 	 1.0780482571e-04
4400 	 4512 	 6.9891460088e+01 	 1.5059459244e-04
4500 	 4615 	 6.9891458514e+01 	 1.2115279569e-04
4600 	 4716 	 6.9891457144e+01 	 1.2865695339e-04
4700 	 4818 	 6.9891455602e+01 	 1.6156513625e-04
4800 	 4921 	 6.9891454285e+01 	 1.9001562725e-04
4900 	 5023 	 6.9891452979e+01 	 1.6212698443e-04
5000 	 5127 	 6.9891452145e+01 	 8.4502841132e-05
5100 	 5228 	 6.9891451525e+01 	 6.7010306435e-05
5200 	 5331 	 6.9891451062e+01 	 7.5849589129e-05
5300 	 5436 	 6.9891450656e+01 	 1.3810307421e-04
5400 	 5539 	 6.9891450364e+01 	 4.3220330575e-05
5500 	 5641 	 6.9891450076e+01 	 7.3598096548e-05
5600 	 5744 	 6.9891449771e+01 	 9.2489734491e-05
5700 	 5845 	 6.9891449382e+01 	 6.3513326639e-05
5800 	 5949 	 6.9891448994e+01 	 1.8902549060e-04
5900 	 6052 	 6.9891448625e+01 	 5.2588311250e-05
6000 	 6155 	 6.9891448332e+01 	 5.3266501325e-05
6100 	 6257 	 6.9891448115e+01 	 4.8136384852e-05
6200 	 6359 	 6.9891447937e+01 	 8.9384544553e-05
6300 	 6462 	 6.9891447736e+01 	 4.5236082916e-05
6400 	 6566 	 6.9891447550e+01 	 5.5185119615e-05
6500 	 6666 	 6.9891447371e+01 	 4.8866735104e-05
6600 	 6768 	 6.9891447129e+01 	 5.3452150437e-05
6700 	 6871 	 6.9891446866e+01 	 6.3259814178e-05
6800 	 6972 	 6.9891446621e+01 	 5.5878338442e-05
6900 	 7076 	 6.9891446397e+01 	 1.4966558970e-04
7000 	 7179 	 6.9891446226e+01 	 5.1394942776e-05
7100 	 7283 	 6.9891446069e+01 	 8.5142871095e-05
7200 	 7389 	 6.9891445866e+01 	 5.9477440019e-05
7300 	 7489 	 6.9891445701e+01 	 5.7948540699e-05
7400 	 7590 	 6.9891445555e+01 	 3.6227820740e-05
7500 	 7692 	 6.9891445443e+01 	 5.0667302734e-05
7600 	 7794 	 6.9891445319e+01 	 4.2006294746e-05
7700 	 7897 	 6.9891445167e+01 	 4.4304665347e-05
7800 	 7999 	 6.9891445009e+01 	 6.2063534313e-05
7900 	 8101 	 6.9891444861e+01 	 4.3192653708e-05
8000 	 8206 	 6.9891444727e+01 	 4.1649839876e-05
8100 	 8307 	 6.9891444597e+01 	 8.6794658958e-05
8200 	 8410 	 6.9891444474e+01 	 2.6767667998e-05
8300 	 8511 	 6.9891444345e+01 	 4.0793774600e-05
8400 	 8615 	 6.9891444187e+01 	 4.3193341227e-05
8500 	 8718 	 6.9891443990e+01 	 5.1032903153e-05
8600 	 8820 	 6.9891443790e+01 	 4.3912505382e-05
8700 	 8923 	 6.9891443612e+01 	 4.3706353789e-05
8800 	 9027 	 6.9891443499e+01 	 8.0133572887e-05
8900 	 9128 	 6.9891443416e+01 	 3.1540926084e-05
9000 	 9230 	 6.9891443357e+01 	 4.3462844150e-05
9100 	 9334 	 6.9891443319e+01 	 3.1628602879e-05
9200 	 9436 	 6.9891443290e+01 	 2.5307866618e-05
9300 	 9540 	 6.9891443269e+01 	 1.6632495730e-05
9400 	 9645 	 6.9891443251e+01 	 3.1336465571e-05
9500 	 9750 	 6.9891443238e+01 	 9.6586429501e-06
9600 	 9852 	 6.9891443229e+01 	 1.9757473873e-05
9700 	 9956 	 6.9891443220e+01 	 9.8257097887e-06
9800 	 10059 	 6.9891443213e+01 	 7.3589654728e-06
9900 	 10159 	 6.9891443208e+01 	 7.8575754931e-06
10000 	 10263 	 6.9891443201e+01 	 1.0060496520e-05
10100 	 10366 	 6.9891443192e+01 	 7.9588066544e-06
10200 	 10469 	 6.9891443184e+01 	 1.0512017726e-05
10300 	 10572 	 6.9891443177e+01 	 8.0904154710e-06
10400 	 10674 	 6.9891443170e+01 	 2.3094394760e-05
10500 	 10775 	 6.9891443163e+01 	 8.8801311187e-06
10600 	 10878 	 6.9891443157e+01 	 6.6022245574e-06
10700 	 10983 	 6.9891443150e+01 	 9.1990627913e-06
10800 	 11086 	 6.9891443143e+01 	 1.1448084504e-05
10900 	 11187 	 6.9891443135e+01 	 1.5175674727e-05
11000 	 11291 	 6.9891443127e+01 	 9.0436956729e-06
11100 	 11391 	 6.9891443121e+01 	 1.0332120771e-05
11200 	 11495 	 6.9891443115e+01 	 8.7370193532e-06
11300 	 11597 	 6.9891443110e+01 	 6.2750546723e-06
11400 	 11699 	 6.9891443106e+01 	 7.3925502642e-06
11500 	 11804 	 6.9891443103e+01 	 8.1608265786e-06
11600 	 11908 	 6.9891443100e+01 	 7.2388360875e-06
11700 	 12008 	 6.9891443096e+01 	 9.1867941406e-06
11800 	 12110 	 6.9891443092e+01 	 1.1851428447e-05
11900 	 12211 	 6.9891443088e+01 	 7.1221004798e-06
12000 	 12314 	 6.9891443084e+01 	 6.4794061754e-06
12100 	 12418 	 6.9891443081e+01 	 1.2685837945e-05
12200 	 12520 	 6.9891443078e+01 	 6.6447588962e-06
12300 	 12623 	 6.9891443074e+01 	 1.7723566588e-05
12400 	 12725 	 6.9891443070e+01 	 5.0371976262e-06
12500 	 12827 	 6.9891443067e+01 	 8.2481125654e-06
12600 	 12930 	 6.9891443064e+01 	 1.2098691438e-05
12700 	 13032 	 6.9891443061e+01 	 4.9956124735e-06
12800 	 13136 	 6.9891443057e+01 	 9.8305628062e-06
12900 	 13239 	 6.9891443055e+01 	 6.4132403548e-06
13000 	 13343 	 6.9891443053e+01 	 8.3176031985e-06
13100 	 13444 	 6.9891443052e+01 	 5.6198331848e-06
13200 	 13547 	 6.9891443050e+01 	 7.1177019194e-06
13300 	 13648 	 6.9891443049e+01 	 8.8155266476e-06
13400 	 13751 	 6.9891443049e+01 	 2.6589228309e-06
13500 	 13853 	 6.9891443048e+01 	 2.4502229181e-06
13600 	 13956 	 6.9891443047e+01 	 3.5279420150e-06
13700 	 14060 	 6.9891443047e+01 	 1.5839044587e-06
13800 	 14163 	 6.9891443047e+01 	 2.1443113410e-06
13900 	 14266 	 6.9891443046e+01 	 1.3352010393e-06
14000 	 14367 	 6.9891443046e+01 	 1.6373109381e-06
14100 	 14469 	 6.9891443046e+01 	 1.8012679331e-06
14200 	 14574 	 6.9891443046e+01 	 1.5123654871e-06
14300 	 14676 	 6.9891443046e+01 	 1.1812309510e-06
14400 	 14780 	 6.9891443046e+01 	 1.4102807502e-06
14500 	 14887 	 6.9891443046e+01 	 1.3023928839e-06
14600 	 14990 	 6.9891443045e+01 	 1.7717718720e-06
14700 	 15094 	 6.9891443045e+01 	 1.5681713308e-06
14800 	 15198 	 6.9891443045e+01 	 9.0222553603e-07
14900 	 15303 	 6.9891443045e+01 	 1.2763630888e-06
15000 	 15414 	 6.9891443045e+01 	 1.6916162680e-06
15100 	 15524 	 6.9891443045e+01 	 1.2577330044e-06
15200 	 15627 	 6.9891443045e+01 	 1.1311578565e-06
15300 	 15735 	 6.9891443045e+01 	 2.0344472057e-06
15400 	 15840 	 6.9891443045e+01 	 9.1425620491e-07
15500 	 15951 	 6.9891443045e+01 	 9.2260357993e-07
15600 	 16060 	 6.9891443045e+01 	 9.1441665098e-07
15700 	 16168 	 6.9891443045e+01 	 6.0472249519e-07
15800 	 16278 	 6.9891443045e+01 	 8.6905985682e-07
15900 	 16392 	 6.9891443045e+01 	 5.9728477988e-07
16000 	 16507 	 6.9891443045e+01 	 5.1058367107e-07
16100 	 16620 	 6.9891443045e+01 	 1.5857214129e-06
16200 	 16734 	 6.9891443045e+01 	 1.0987114543e-06
16300 	 16849 	 6.9891443045e+01 	 6.0830123651e-07
16400 	 16959 	 6.9891443045e+01 	 5.3150146860e-07
16500 	 17081 	 6.9891443045e+01 	 3.4957457132e-07
16600 	 17191 	 6.9891443045e+01 	 3.2091657058e-07
16700 	 17307 	 6.9891443045e+01 	 3.4678816227e-07
# ---- 
 1 		 16735 	 17361 		 7.6461132526e+01 	 6.9891443045e+01 	 5.0374551351e-07
# ---- 
