100 	 104 	 6.9904088440e-01 	 3.2348175133e-02
200 	 204 	 6.6894902851e-01 	 2.1824407534e-02
300 	 308 	 6.5614027367e-01 	 3.3474912296e-02
400 	 409 	 6.4694056865e-01 	 1.5320584955e-02
500 	 510 	 6.4115785558e-01 	 8.2932628189e-03
600 	 612 	 6.3790573146e-01 	 6.6634328554e-03
700 	 715 	 6.3660470566e-01 	 3.2162528343e-03
800 	 817 	 6.3582570209e-01 	 3.7300434934e-03
900 	 921 	 6.3531570314e-01 	 1.8259289188e-03
1000 	 1024 	 6.3502614084e-01 	 2.4302869559e-03
1100 	 1126 	 6.3483044572e-01 	 2.8454154571e-03
1200 	 1227 	 6.3467507877e-01 	 1.2182865861e-03
1300 	 1329 	 6.3458375632e-01 	 9.4390107372e-04
1400 	 1431 	 6.3452379763e-01 	 7.3991414699e-04
1500 	 1534 	 6.3448794817e-01 	 8.6445212742e-04
1600 	 1639 	 6.3444976024e-01 	 1.3522745304e-03
1700 	 1741 	 6.3441631261e-01 	 7.0262442845e-04
1800 	 1844 	 6.3437620088e-01 	 1.3741001339e-03
1900 	 1947 	 6.3431098795e-01 	 1.1902682301e-03
2000 	 2049 	 6.3423645148e-01 	 1.3952169509e-03
2100 	 2152 	 6.3418103033e-01 	 9.2434485897e-04
2200 	 2256 	 6.3414768891e-01 	 9.7688677691e-04
2300 	 2358 	 6.3412354344e-01 	 5.0917804220e-04
2400 	 2460 	 6.3409920035e-01 	 5.4790805891e-04
2500 	 2562 	 6.3406934940e-01 	 5.6692805643e-04
2600 	 2663 	 6.3403261594e-01 	 6.6957720737e-04
2700 	 2764 	 6.3400301054e-01 	 1.3619166544e-03
2800 	 2867 	 6.3397745872e-01 	 5.3198066077e-04
2900 	 2969 	 6.3395176473e-01 	 9.6392857695e-04
3000 	 3071 	 6.3392501209e-01 	 5.0339207485e-04
3100 	 3175 	 6.3390222568e-01 	 6.4594867084e-04
3200 	 3279 	 6.3388406862e-01 	 6.0783810807e-04
3300 	 3380 	 6.3386519935e-01 	 6.1729846718e-04
3400 	 3482 	 6.3384481673e-01 	 4.9726351331e-04
3500 	 3583 	 6.3382751549e-01 	 9.7930901363e-04
3600 	 3684 	 6.3381417127e-01 	 6.0571741443e-04
3700 	 3786 	 6.3380150109e-01 	 2.9174604202e-04
3800 	 3890 	 6.3378831448e-01 	 3.1801982306e-04
3900 	 3992 	 6.3377634159e-01 	 2.6632705168e-04
4000 	 4095 	 6.3376816964e-01 	 3.5204397721e-04
4100 	 4196 	 6.3376110217e-01 	 4.9133499645e-04
4200 	 4299 	 6.3375612940e-01 	 1.9527412373e-04
4300 	 4404 	 6.3375044909e-01 	 2.7348561049e-04
4400 	 4506 	 6.3374513643e-01 	 2.2959582912e-04
4500 	 4610 	 6.3373961760e-01 	 2.9451156712e-04
4600 	 4714 	 6.3373302250e-01 	 2.7858620763e-04
4700 	 4817 	 6.3372685087e-01 	 3.0362025162e-04
4800 	 4919 	 6.3371864922e-01 	 2.5960473904e-04
4900 	 5020 	 6.3371029200e-01 	 3.9687453295e-04
5000 	 5121 	 6.3370230009e-01 	 6.8646486099e-04
5100 	 5224 	 6.3369299927e-01 	 3.5416465349e-04
5200 	 5325 	 6.3368001468e-01 	 6.0306586400e-04
5300 	 5428 	 6.3366343546e-01 	 6.7606314016e-04
5400 	 5530 	 6.3364707594e-01 	 4.1871774174e-04
5500 	 5631 	 6.3362959955e-01 	 7.9512006167e-04
5600 	 5734 	 6.3361409480e-01 	 4.7321194191e-04
5700 	 5837 	 6.3360111304e-01 	 3.5087651388e-04
5800 	 5938 	 6.3359356639e-01 	 2.2681214140e-04
5900 	 6041 	 6.3358786099e-01 	 2.0701433964e-04
6000 	 6143 	 6.3358267253e-01 	 2.6422767946e-04
6100 	 6246 	 6.3357727458e-01 	 2.2239764165e-04
6200 	 6349 	 6.3357145656e-01 	 2.2505297119e-04
6300 	 6453 	 6.3356529579e-01 	 2.7772677717e-04
6400 	 6554 	 6.3355942599e-01 	 5.1432622974e-04
6500 	 6655 	 6.3355484403e-01 	 1.4083408103e-04
6600 	 6757 	 6.3355093823e-01 	 2.6653321532e-04
6700 	 6861 	 6.3354604721e-01 	 2.2153065085e-04
6800 	 6964 	 6.3354056432e-01 	 2.8222781460e-04
6900 	 7065 	 6.3353491448e-01 	 2.3933489491e-04
7000 	 7169 	 6.3352989009e-01 	 3.7027590435e-04
7100 	 7273 	 6.3352398080e-01 	 2.7314616310e-04
7200 	 7375 	 6.3351978733e-01 	 2.0602113140e-04
7300 	 7476 	 6.3351628949e-01 	 2.2670032545e-04
7400 	 7580 	 6.3351288200e-01 	 1.9577820374e-04
7500 	 7684 	 6.3350951714e-01 	 3.3972113418e-04
7600 	 7788 	 6.3350611049e-01 	 4.6502813831e-04
7700 	 7892 	 6.3350274636e-01 	 2.1300129201e-04
7800 	 7994 	 6.3349908994e-01 	 2.4185521242e-04
7900 	 8095 	 6.3349660176e-01 	 1.7847989210e-04
8000 	 8199 	 6.3349476915e-01 	 1.1084539147e-04
8100 	 8301 	 6.3349303601e-01 	 1.4431516510e-04
8200 	 8403 	 6.3349118178e-01 	 1.6491547584e-04
8300 	 8504 	 6.3348898184e-01 	 1.2271572114e-04
8400 	 8608 	 6.3348675418e-01 	 1.3834437992e-04
8500 	 8711 	 6.3348516747e-01 	 1.2184033255e-04
8600 	 8815 	 6.3348407590e-01 	 1.1231537708e-04
8700 	 8916 	 6.3348309032e-01 	 2.6428235018e-04
8800 	 9018 	 6.3348217043e-01 	 8.7034186524e-05
8900 	 9120 	 6.3348152235e-01 	 8.3883641668e-05
9000 	 9223 	 6.3348100494e-01 	 8.4178914897e-05
9100 	 9326 	 6.3348046723e-01 	 8.5120509737e-05
9200 	 9430 	 6.3347973647e-01 	 1.4357650537e-04
9300 	 9533 	 6.3347879375e-01 	 1.0008307250e-04
9400 	 9636 	 6.3347755965e-01 	 9.5644286110e-05
9500 	 9738 	 6.3347663341e-01 	 7.9306205955e-05
9600 	 9839 	 6.3347593673e-01 	 7.6735037032e-05
9700 	 9940 	 6.3347530830e-01 	 7.2649445883e-05
9800 	 10041 	 6.3347467625e-01 	 1.1522534717e-04
9900 	 10146 	 6.3347391891e-01 	 7.6972809006e-05
10000 	 10250 	 6.3347298134e-01 	 1.1936217498e-04
10100 	 10354 	 6.3347167006e-01 	 1.5193403387e-04
10200 	 10456 	 6.3347015139e-01 	 1.6657890569e-04
10300 	 10559 	 6.3346900380e-01 	 1.2403757851e-04
10400 	 10663 	 6.3346807473e-01 	 1.3951098694e-04
10500 	 10766 	 6.3346732689e-01 	 1.0120542111e-04
10600 	 10870 	 6.3346647071e-01 	 8.5695907388e-05
10700 	 10973 	 6.3346522637e-01 	 1.7202206240e-04
10800 	 11075 	 6.3346393848e-01 	 1.1158916342e-04
10900 	 11178 	 6.3346285606e-01 	 1.5375196699e-04
11000 	 11282 	 6.3346186602e-01 	 2.0419117195e-04
11100 	 11385 	 6.3346094460e-01 	 7.3039788195e-05
11200 	 11490 	 6.3346011800e-01 	 1.0875503055e-04
11300 	 11592 	 6.3345951774e-01 	 7.7171471522e-05
11400 	 11697 	 6.3345912688e-01 	 6.9764618698e-05
11500 	 11799 	 6.3345882540e-01 	 9.9231077828e-05
11600 	 11900 	 6.3345863232e-01 	 4.3514730666e-05
11700 	 12002 	 6.3345844927e-01 	 5.2272355071e-05
11800 	 12104 	 6.3345827264e-01 	 3.3265246069e-05
11900 	 12205 	 6.3345811694e-01 	 4.1164398662e-05
12000 	 12309 	 6.3345797465e-01 	 1.1423878050e-04
12100 	 12411 	 6.3345782038e-01 	 4.7047831359e-05
12200 	 12514 	 6.3345768727e-01 	 3.3557481706e-05
12300 	 12617 	 6.3345756161e-01 	 4.0095584106e-05
12400 	 12720 	 6.3345745206e-01 	 4.9039274917e-05
12500 	 12822 	 6.3345733512e-01 	 2.9020093063e-05
12600 	 12925 	 6.3345720378e-01 	 6.1345032496e-05
12700 	 13026 	 6.3345700785e-01 	 6.3602316831e-05
12800 	 13126 	 6.3345677070e-01 	 5.0596829038e-05
12900 	 13229 	 6.3345653543e-01 	 4.2861808642e-05
13000 	 13333 	 6.3345627632e-01 	 4.4956941430e-05
13100 	 13435 	 6.3345593901e-01 	 7.4010637490e-05
13200 	 13540 	 6.3345547726e-01 	 6.5144841044e-05
13300 	 13643 	 6.3345493139e-01 	 6.9229034617e-05
13400 	 13747 	 6.3345458542e-01 	 6.5740749821e-05
13500 	 13849 	 6.3345438332e-01 	 3.9921824847e-05
13600 	 13950 	 6.3345423064e-01 	 3.1628328346e-05
13700 	 14054 	 6.3345410808e-01 	 5.3525149738e-05
13800 	 14155 	 6.3345402092e-01 	 2.6105427370e-05
13900 	 14256 	 6.3345393933e-01 	 3.2259216955e-05
14000 	 14358 	 6.3345383134e-01 	 3.7213006753e-05
14100 	 14461 	 6.3345374203e-01 	 2.1836425132e-05
14200 	 14565 	 6.3345366862e-01 	 5.3901641713e-05
14300 	 14667 	 6.3345358302e-01 	 9.6896942247e-05
14400 	 14768 	 6.3345345452e-01 	 3.9145683295e-05
14500 	 14871 	 6.3345331842e-01 	 3.1171159044e-05
14600 	 14973 	 6.3345322218e-01 	 4.3819039472e-05
14700 	 15075 	 6.3345314218e-01 	 4.6538662972e-05
14800 	 15177 	 6.3345305883e-01 	 2.7134238485e-05
14900 	 15280 	 6.3345297590e-01 	 5.9191110228e-05
15000 	 15385 	 6.3345286200e-01 	 5.0349056671e-05
15100 	 15488 	 6.3345274935e-01 	 2.9869231198e-05
15200 	 15589 	 6.3345265372e-01 	 2.4502643096e-05
15300 	 15693 	 6.3345257293e-01 	 3.7118349010e-05
15400 	 15795 	 6.3345248000e-01 	 3.8182377026e-05
15500 	 15897 	 6.3345238228e-01 	 2.4387387660e-05
15600 	 15999 	 6.3345230836e-01 	 4.4776600569e-05
15700 	 16102 	 6.3345224980e-01 	 5.0145754203e-05
15800 	 16204 	 6.3345220411e-01 	 1.9385782880e-05
15900 	 16307 	 6.3345214851e-01 	 2.6627944444e-05
16000 	 16410 	 6.3345210326e-01 	 2.1237910124e-05
16100 	 16512 	 6.3345206441e-01 	 1.9046399369e-05
16200 	 16615 	 6.3345202312e-01 	 1.7610155079e-05
16300 	 16718 	 6.3345198485e-01 	 1.6747426160e-05
16400 	 16822 	 6.3345195715e-01 	 1.7233121412e-05
16500 	 16922 	 6.3345193024e-01 	 3.7082661158e-05
16600 	 17025 	 6.3345190223e-01 	 1.7177446523e-05
16700 	 17128 	 6.3345187465e-01 	 2.5938213500e-05
16800 	 17231 	 6.3345185220e-01 	 1.2067682901e-05
16900 	 17333 	 6.3345183208e-01 	 2.0130585170e-05
17000 	 17436 	 6.3345180541e-01 	 2.1120689403e-05
17100 	 17539 	 6.3345176856e-01 	 1.6903110587e-05
17200 	 17641 	 6.3345174072e-01 	 1.5118706634e-05
17300 	 17743 	 6.3345171648e-01 	 4.4643154397e-05
17400 	 17846 	 6.3345169191e-01 	 2.3062929103e-05
17500 	 17946 	 6.3345166761e-01 	 2.8434786529e-05
17600 	 18046 	 6.3345164631e-01 	 1.1712733707e-05
17700 	 18148 	 6.3345162667e-01 	 1.5392676899e-05
17800 	 18250 	 6.3345160871e-01 	 1.3963663794e-05
17900 	 18352 	 6.3345159149e-01 	 1.9809443203e-05
18000 	 18456 	 6.3345157200e-01 	 2.0803983450e-05
18100 	 18557 	 6.3345154987e-01 	 1.6197833765e-05
18200 	 18659 	 6.3345152069e-01 	 1.4524835972e-05
18300 	 18761 	 6.3345149043e-01 	 2.2912514270e-05
18400 	 18865 	 6.3345145701e-01 	 2.0873437958e-05
18500 	 18967 	 6.3345143064e-01 	 1.6235862691e-05
18600 	 19070 	 6.3345140640e-01 	 1.1712714703e-05
18700 	 19172 	 6.3345138337e-01 	 1.4863292223e-05
18800 	 19276 	 6.3345136621e-01 	 1.3559426501e-05
18900 	 19377 	 6.3345135273e-01 	 1.1606516630e-05
19000 	 19480 	 6.3345133807e-01 	 2.3555667947e-05
19100 	 19581 	 6.3345132454e-01 	 1.1757844153e-05
19200 	 19682 	 6.3345131508e-01 	 1.0449839757e-05
19300 	 19782 	 6.3345130415e-01 	 1.6054340615e-05
19400 	 19886 	 6.3345129309e-01 	 1.0311562993e-05
19500 	 19990 	 6.3345128076e-01 	 1.9641780914e-05
19600 	 20092 	 6.3345126342e-01 	 1.4295540300e-05
19700 	 20192 	 6.3345124774e-01 	 1.2909209999e-05
19800 	 20295 	 6.3345123002e-01 	 1.2711576577e-05
19900 	 20399 	 6.3345121589e-01 	 1.1369130860e-05
20000 	 20500 	 6.3345120458e-01 	 1.0553115666e-05
20100 	 20604 	 6.3345119664e-01 	 8.4376286504e-06
20200 	 20706 	 6.3345118983e-01 	 1.5490458960e-05
20300 	 20808 	 6.3345118262e-01 	 9.8081891980e-06
20400 	 20911 	 6.3345117605e-01 	 7.8502356633e-06
20500 	 21015 	 6.3345116886e-01 	 7.6403551911e-06
20600 	 21118 	 6.3345116049e-01 	 1.5365273770e-05
20700 	 21219 	 6.3345115157e-01 	 8.0279651025e-06
20800 	 21324 	 6.3345114092e-01 	 2.7439165947e-05
20900 	 21427 	 6.3345112606e-01 	 1.1387057067e-05
21000 	 21530 	 6.3345111224e-01 	 2.4087169822e-05
21100 	 21632 	 6.3345110045e-01 	 1.4238069203e-05
21200 	 21733 	 6.3345108902e-01 	 8.0135286538e-06
21300 	 21835 	 6.3345107941e-01 	 8.8336981582e-06
21400 	 21938 	 6.3345106761e-01 	 2.2156291598e-05
21500 	 22040 	 6.3345105530e-01 	 2.1572125317e-05
21600 	 22140 	 6.3345104593e-01 	 8.9877782298e-06
21700 	 22241 	 6.3345103839e-01 	 7.6137288721e-06
21800 	 22343 	 6.3345103166e-01 	 1.0388193417e-05
21900 	 22445 	 6.3345102491e-01 	 7.9930552614e-06
22000 	 22547 	 6.3345101910e-01 	 1.2451351777e-05
22100 	 22648 	 6.3345101479e-01 	 1.5198659896e-05
22200 	 22751 	 6.3345101207e-01 	 1.4545058512e-05
22300 	 22854 	 6.3345100897e-01 	 1.0388699238e-05
22400 	 22957 	 6.3345100682e-01 	 3.7100976628e-06
22500 	 23057 	 6.3345100501e-01 	 5.0749021955e-06
22600 	 23160 	 6.3345100352e-01 	 3.4713070466e-06
22700 	 23261 	 6.3345100161e-01 	 4.3013710907e-06
22800 	 23365 	 6.3345100003e-01 	 3.1984625703e-06
22900 	 23469 	 6.3345099835e-01 	 5.9586155227e-06
23000 	 23572 	 6.3345099721e-01 	 2.4752012969e-06
23100 	 23676 	 6.3345099615e-01 	 3.1265791055e-06
23200 	 23780 	 6.3345099499e-01 	 4.9281867779e-06
23300 	 23881 	 6.3345099350e-01 	 3.5742666033e-06
23400 	 23984 	 6.3345099190e-01 	 7.0798684115e-06
23500 	 24087 	 6.3345099012e-01 	 4.0658894034e-06
23600 	 24189 	 6.3345098839e-01 	 5.7758756684e-06
23700 	 24291 	 6.3345098678e-01 	 2.8578451757e-06
23800 	 24394 	 6.3345098516e-01 	 4.2479751811e-06
23900 	 24496 	 6.3345098334e-01 	 3.5142976174e-06
24000 	 24600 	 6.3345098176e-01 	 6.2395065853e-06
24100 	 24703 	 6.3345098009e-01 	 6.1273085535e-06
24200 	 24804 	 6.3345097793e-01 	 4.5719606524e-06
24300 	 24905 	 6.3345097556e-01 	 5.5360712699e-06
24400 	 25009 	 6.3345097328e-01 	 5.1932607808e-06
24500 	 25114 	 6.3345097136e-01 	 3.9702631673e-06
24600 	 25216 	 6.3345096955e-01 	 3.7384428803e-06
24700 	 25318 	 6.3345096829e-01 	 2.8841362816e-06
24800 	 25422 	 6.3345096738e-01 	 4.6816589997e-06
24900 	 25523 	 6.3345096654e-01 	 2.5615852637e-06
25000 	 25623 	 6.3345096579e-01 	 5.8103014310e-06
25100 	 25725 	 6.3345096498e-01 	 2.6625343458e-06
25200 	 25825 	 6.3345096416e-01 	 4.1458189112e-06
25300 	 25928 	 6.3345096352e-01 	 5.2120488460e-06
25400 	 26031 	 6.3345096296e-01 	 2.1598106094e-06
25500 	 26132 	 6.3345096249e-01 	 2.1997627043e-06
25600 	 26233 	 6.3345096196e-01 	 2.4129062086e-06
25700 	 26336 	 6.3345096107e-01 	 8.4520891031e-06
25800 	 26438 	 6.3345095992e-01 	 3.8639200510e-06
25900 	 26542 	 6.3345095857e-01 	 9.0720774138e-06
26000 	 26646 	 6.3345095734e-01 	 4.0248738023e-06
26100 	 26746 	 6.3345095653e-01 	 4.5211504171e-06
26200 	 26846 	 6.3345095592e-01 	 2.2066079445e-06
26300 	 26949 	 6.3345095526e-01 	 2.4169790957e-06
26400 	 27053 	 6.3345095449e-01 	 8.2174174275e-06
26500 	 27154 	 6.3345095389e-01 	 3.6659595107e-06
26600 	 27255 	 6.3345095339e-01 	 3.2617832620e-06
26700 	 27357 	 6.3345095294e-01 	 1.8134346740e-06
26800 	 27458 	 6.3345095264e-01 	 2.4247560079e-06
26900 	 27560 	 6.3345095239e-01 	 1.5275220933e-06
27000 	 27665 	 6.3345095212e-01 	 2.7029960847e-06
27100 	 27767 	 6.3345095185e-01 	 4.2784909388e-06
27200 	 27871 	 6.3345095157e-01 	 2.7171885840e-06
27300 	 27972 	 6.3345095127e-01 	 1.7867264743e-06
27400 	 28075 	 6.3345095092e-01 	 2.4467178612e-06
27500 	 28177 	 6.3345095055e-01 	 3.2060475813e-06
27600 	 28278 	 6.3345095023e-01 	 1.6560035794e-06
27700 	 28382 	 6.3345094995e-01 	 2.1743072182e-06
27800 	 28482 	 6.3345094967e-01 	 1.7180667396e-06
27900 	 28584 	 6.3345094932e-01 	 2.6523053384e-06
28000 	 28687 	 6.3345094888e-01 	 1.5097136302e-06
28100 	 28789 	 6.3345094842e-01 	 2.3818762211e-06
28200 	 28891 	 6.3345094791e-01 	 2.9915884450e-06
28300 	 28995 	 6.3345094753e-01 	 1.9487271677e-06
28400 	 29096 	 6.3345094725e-01 	 3.2627787252e-06
28500 	 29198 	 6.3345094697e-01 	 1.7575053633e-06
28600 	 29300 	 6.3345094673e-01 	 3.0814930293e-06
28700 	 29403 	 6.3345094653e-01 	 1.4892025996e-06
28800 	 29507 	 6.3345094643e-01 	 9.2465204309e-07
28900 	 29611 	 6.3345094629e-01 	 1.8067839143e-06
29000 	 29712 	 6.3345094616e-01 	 1.3122088196e-06
29100 	 29813 	 6.3345094603e-01 	 1.3253013308e-06
29200 	 29917 	 6.3345094590e-01 	 1.4143281755e-06
29300 	 30019 	 6.3345094581e-01 	 8.2668028342e-07
29400 	 30119 	 6.3345094572e-01 	 9.4604466793e-07
29500 	 30222 	 6.3345094564e-01 	 8.0663829845e-07
29600 	 30325 	 6.3345094555e-01 	 9.7099413016e-07
29700 	 30428 	 6.3345094545e-01 	 1.6621706376e-06
29800 	 30529 	 6.3345094533e-01 	 2.0115421532e-06
29900 	 30632 	 6.3345094522e-01 	 9.0327875908e-07
30000 	 30734 	 6.3345094512e-01 	 9.7846681739e-07
30100 	 30838 	 6.3345094506e-01 	 6.8365096672e-07
30200 	 30940 	 6.3345094502e-01 	 9.5962362947e-07
30300 	 31042 	 6.3345094497e-01 	 9.1720191398e-07
30400 	 31144 	 6.3345094494e-01 	 6.3413862930e-07
30500 	 31246 	 6.3345094490e-01 	 6.4325047197e-07
30600 	 31350 	 6.3345094486e-01 	 1.3926649077e-06
30700 	 31455 	 6.3345094483e-01 	 6.7514965938e-07
30800 	 31556 	 6.3345094480e-01 	 5.2198001283e-07
30900 	 31658 	 6.3345094476e-01 	 1.3978448339e-06
31000 	 31761 	 6.3345094472e-01 	 1.4005358530e-06
31100 	 31863 	 6.3345094467e-01 	 7.8541024149e-07
31200 	 31966 	 6.3345094461e-01 	 7.0737567610e-07
31300 	 32070 	 6.3345094456e-01 	 1.0480345763e-06
31400 	 32174 	 6.3345094452e-01 	 6.1620590805e-07
31500 	 32275 	 6.3345094449e-01 	 1.3026798471e-06
31600 	 32379 	 6.3345094444e-01 	 6.8091389277e-07
31700 	 32480 	 6.3345094439e-01 	 5.8413812069e-07
31800 	 32582 	 6.3345094434e-01 	 7.7532488695e-07
31900 	 32684 	 6.3345094428e-01 	 1.0777495366e-06
32000 	 32789 	 6.3345094421e-01 	 6.7962839761e-07
32100 	 32892 	 6.3345094416e-01 	 1.0051417998e-06
32200 	 32995 	 6.3345094411e-01 	 7.4976959532e-07
32300 	 33096 	 6.3345094404e-01 	 8.7401697236e-07
32400 	 33199 	 6.3345094397e-01 	 8.9489726365e-07
32500 	 33301 	 6.3345094390e-01 	 1.0692111073e-06
32600 	 33403 	 6.3345094384e-01 	 7.8086200528e-07
32700 	 33507 	 6.3345094378e-01 	 7.7423064088e-07
32800 	 33612 	 6.3345094372e-01 	 7.1800233408e-07
32900 	 33713 	 6.3345094367e-01 	 6.3743599346e-07
33000 	 33816 	 6.3345094363e-01 	 7.8778650891e-07
33100 	 33920 	 6.3345094360e-01 	 5.3216491343e-07
33200 	 34022 	 6.3345094357e-01 	 1.0672726742e-06
33300 	 34124 	 6.3345094355e-01 	 8.6186246705e-07
33400 	 34227 	 6.3345094354e-01 	 4.3147183506e-07
33500 	 34332 	 6.3345094353e-01 	 3.7216185040e-07
33600 	 34435 	 6.3345094352e-01 	 3.7072566674e-07
33700 	 34537 	 6.3345094350e-01 	 3.5754137843e-07
33800 	 34638 	 6.3345094349e-01 	 3.3125634436e-07
33900 	 34740 	 6.3345094347e-01 	 4.0575946056e-07
34000 	 34842 	 6.3345094346e-01 	 3.5077214188e-07
34100 	 34943 	 6.3345094344e-01 	 3.0029136624e-07
34200 	 35046 	 6.3345094343e-01 	 7.4071566359e-07
34300 	 35147 	 6.3345094342e-01 	 3.3428123676e-07
34400 	 35250 	 6.3345094342e-01 	 3.0456149046e-07
34500 	 35354 	 6.3345094341e-01 	 3.2348738766e-07
34600 	 35456 	 6.3345094340e-01 	 9.3230766366e-07
34700 	 35560 	 6.3345094339e-01 	 3.3279354341e-07
34800 	 35662 	 6.3345094338e-01 	 4.8377241922e-07
34900 	 35763 	 6.3345094336e-01 	 9.3755779036e-07
35000 	 35864 	 6.3345094335e-01 	 3.7960376069e-07
35100 	 35969 	 6.3345094334e-01 	 4.8753833095e-07
35200 	 36069 	 6.3345094333e-01 	 3.8144870823e-07
35300 	 36171 	 6.3345094332e-01 	 6.1629600151e-07
35400 	 36274 	 6.3345094331e-01 	 3.0034235489e-07
35500 	 36377 	 6.3345094330e-01 	 2.7858793870e-07
35600 	 36481 	 6.3345094329e-01 	 4.9083576635e-07
35700 	 36586 	 6.3345094328e-01 	 5.2611437758e-07
35800 	 36689 	 6.3345094327e-01 	 5.1363999823e-07
35900 	 36792 	 6.3345094326e-01 	 2.7348238899e-07
36000 	 36894 	 6.3345094325e-01 	 3.3235907792e-07
36100 	 36996 	 6.3345094324e-01 	 2.3988185561e-07
36200 	 37097 	 6.3345094324e-01 	 2.8640465686e-07
36300 	 37199 	 6.3345094323e-01 	 2.5857614586e-07
36400 	 37302 	 6.3345094323e-01 	 2.3364058106e-07
36500 	 37404 	 6.3345094323e-01 	 2.5315010625e-07
36600 	 37506 	 6.3345094322e-01 	 2.6394104013e-07
36700 	 37607 	 6.3345094321e-01 	 3.7626875796e-07
36800 	 37710 	 6.3345094321e-01 	 2.2868982941e-07
36900 	 37812 	 6.3345094320e-01 	 4.5762770107e-07
37000 	 37913 	 6.3345094320e-01 	 2.8231282673e-07
37100 	 38016 	 6.3345094319e-01 	 3.0249523176e-07
37200 	 38119 	 6.3345094319e-01 	 3.4020063748e-07
37300 	 38221 	 6.3345094318e-01 	 1.8048761677e-07
37400 	 38323 	 6.3345094318e-01 	 2.1768801665e-07
37500 	 38426 	 6.3345094318e-01 	 1.7555470217e-07
37600 	 38528 	 6.3345094318e-01 	 1.5116447207e-07
37700 	 38629 	 6.3345094318e-01 	 1.6326768361e-07
37800 	 38732 	 6.3345094318e-01 	 1.0635495507e-07
37900 	 38835 	 6.3345094318e-01 	 9.1225789148e-08
38000 	 38938 	 6.3345094317e-01 	 1.5415390063e-07
38100 	 39044 	 6.3345094317e-01 	 8.3514731505e-08
38200 	 39146 	 6.3345094317e-01 	 7.4694967318e-08
38300 	 39253 	 6.3345094317e-01 	 1.3801508871e-07
38400 	 39357 	 6.3345094317e-01 	 1.0404414862e-07
38500 	 39459 	 6.3345094317e-01 	 1.0766312191e-07
38600 	 39560 	 6.3345094317e-01 	 1.7847129513e-07
38700 	 39663 	 6.3345094317e-01 	 2.2976067942e-07
38800 	 39765 	 6.3345094317e-01 	 1.3595423303e-07
38900 	 39868 	 6.3345094316e-01 	 1.3032003109e-07
39000 	 39972 	 6.3345094316e-01 	 1.3163459192e-07
39100 	 40075 	 6.3345094316e-01 	 1.6284973885e-07
39200 	 40177 	 6.3345094316e-01 	 2.0527493383e-07
39300 	 40279 	 6.3345094316e-01 	 1.5193556289e-07
39400 	 40382 	 6.3345094316e-01 	 1.6094595742e-07
39500 	 40485 	 6.3345094315e-01 	 2.0986289419e-07
39600 	 40588 	 6.3345094315e-01 	 1.8677168846e-07
39700 	 40690 	 6.3345094315e-01 	 2.0560451206e-07
39800 	 40792 	 6.3345094314e-01 	 2.7127453990e-07
39900 	 40893 	 6.3345094314e-01 	 1.9887275430e-07
40000 	 40996 	 6.3345094314e-01 	 1.7995713357e-07
40100 	 41098 	 6.3345094314e-01 	 1.2089954680e-07
40200 	 41199 	 6.3345094313e-01 	 1.2900936019e-07
40300 	 41300 	 6.3345094313e-01 	 8.2034920995e-08
40400 	 41409 	 6.3345094313e-01 	 8.1446406093e-08
40500 	 41510 	 6.3345094313e-01 	 7.7187301344e-08
40600 	 41619 	 6.3345094313e-01 	 5.3524799535e-08
40700 	 41731 	 6.3345094313e-01 	 9.0084983288e-08
40800 	 41842 	 6.3345094313e-01 	 7.8804044740e-08
40900 	 41952 	 6.3345094313e-01 	 5.5903688670e-08
41000 	 42063 	 6.3345094313e-01 	 3.5894802944e-08
41100 	 42171 	 6.3345094313e-01 	 7.0021420496e-08
41200 	 42285 	 6.3345094313e-01 	 9.1291155943e-08
41300 	 42400 	 6.3345094313e-01 	 6.1129533719e-08
41400 	 42512 	 6.3345094313e-01 	 3.7019165406e-08
41500 	 42621 	 6.3345094313e-01 	 4.7161453852e-08
41600 	 42733 	 6.3345094313e-01 	 3.1824447148e-08
# ---- 
 1 		 41646 	 42800 		 1.2270736497e+00 	 6.3345094313e-01 	 3.4626142156e-08
# ---- 
100 	 104 	 2.6317232088e+00 	 3.0631266113e-02
200 	 206 	 2.6167460897e+00 	 2.4171520369e-02
300 	 306 	 2.6093625827e+00 	 1.1065525101e-02
400 	 407 	 2.6045653538e+00 	 1.0302002529e-02
500 	 508 	 2.6031843582e+00 	 3.8354715766e-03
600 	 611 	 2.6026845883e+00 	 3.1455776415e-03
700 	 713 	 2.6025134679e+00 	 1.3780897743e-03
800 	 814 	 2.6024428217e+00 	 8.6067938716e-04
900 	 916 	 2.6024003341e+00 	 4.8905679574e-04
1000 	 1019 	 2.6023786476e+00 	 6.8002850263e-04
1100 	 1121 	 2.6023631194e+00 	 8.6560954860e-04
1200 	 1224 	 2.6023495643e+00 	 3.4262039327e-04
1300 	 1325 	 2.6023387100e+00 	 4.3564855952e-04
1400 	 1426 	 2.6023284185e+00 	 4.2500767034e-04
1500 	 1529 	 2.6023157205e+00 	 4.2715406019e-04
1600 	 1629 	 2.6023040878e+00 	 3.1679842789e-04
1700 	 1734 	 2.6022953977e+00 	 5.8712164288e-04
1800 	 1839 	 2.6022891795e+00 	 4.3560803026e-04
1900 	 1939 	 2.6022848787e+00 	 2.1097726174e-04
2000 	 2042 	 2.6022812472e+00 	 3.0858695449e-04
2100 	 2143 	 2.6022774341e+00 	 2.4354282345e-04
2200 	 2244 	 2.6022730520e+00 	 7.1588022796e-04
2300 	 2346 	 2.6022694287e+00 	 3.5783422938e-04
2400 	 2450 	 2.6022661216e+00 	 1.9427279333e-04
2500 	 2552 	 2.6022639085e+00 	 2.0776149954e-04
2600 	 2654 	 2.6022620432e+00 	 1.1663759396e-04
2700 	 2757 	 2.6022606343e+00 	 1.1133472805e-04
2800 	 2861 	 2.6022589630e+00 	 1.3540173587e-04
2900 	 2964 	 2.6022571515e+00 	 1.9056472428e-04
3000 	 3066 	 2.6022553837e+00 	 1.3858083959e-04
3100 	 3172 	 2.6022538259e+00 	 1.1242618676e-04
3200 	 3275 	 2.6022522038e+00 	 1.8249112573e-04
3300 	 3379 	 2.6022506976e+00 	 1.8835839645e-04
3400 	 3482 	 2.6022494328e+00 	 1.4522971644e-04
3500 	 3584 	 2.6022483323e+00 	 1.3360346690e-04
3600 	 3688 	 2.6022472671e+00 	 2.2180819969e-04
3700 	 3792 	 2.6022462657e+00 	 1.1082663691e-04
3800 	 3895 	 2.6022455483e+00 	 1.0887515083e-04
3900 	 3995 	 2.6022450704e+00 	 1.7314666140e-04
4000 	 4098 	 2.6022447455e+00 	 4.3765969296e-05
4100 	 4200 	 2.6022444253e+00 	 5.2276311471e-05
4200 	 4303 	 2.6022441639e+00 	 4.4757416713e-05
4300 	 4406 	 2.6022439444e+00 	 4.8400294089e-05
4400 	 4511 	 2.6022437612e+00 	 6.1040548309e-05
4500 	 4615 	 2.6022435459e+00 	 4.2757206183e-05
4600 	 4717 	 2.6022433018e+00 	 5.0545122237e-05
4700 	 4821 	 2.6022430196e+00 	 9.2348563516e-05
4800 	 4924 	 2.6022426957e+00 	 5.4123318829e-05
4900 	 5027 	 2.6022424485e+00 	 5.2780550306e-05
5000 	 5127 	 2.6022421630e+00 	 5.9989524177e-05
5100 	 5228 	 2.6022418907e+00 	 7.5415574989e-05
5200 	 5332 	 2.6022416723e+00 	 4.4730990049e-05
5300 	 5434 	 2.6022413920e+00 	 6.6948698118e-05
5400 	 5536 	 2.6022410222e+00 	 5.8322339303e-05
5500 	 5637 	 2.6022406580e+00 	 7.0299190459e-05
5600 	 5740 	 2.6022403564e+00 	 1.2028246528e-04
5700 	 5841 	 2.6022401044e+00 	 5.6941987861e-05
5800 	 5943 	 2.6022398749e+00 	 6.4901196634e-05
5900 	 6045 	 2.6022396330e+00 	 1.0320736719e-04
6000 	 6146 	 2.6022393858e+00 	 3.6057383748e-05
6100 	 6250 	 2.6022391546e+00 	 4.8530250199e-05
6200 	 6353 	 2.6022389139e+00 	 4.1256898092e-05
6300 	 6457 	 2.6022387270e+00 	 9.0189561090e-05
6400 	 6558 	 2.6022384875e+00 	 7.0577049996e-05
6500 	 6660 	 2.6022382680e+00 	 4.3887863601e-05
6600 	 6763 	 2.6022380835e+00 	 4.0497592246e-05
6700 	 6865 	 2.6022379227e+00 	 3.9530645102e-05
6800 	 6969 	 2.6022377620e+00 	 3.3729901215e-05
6900 	 7070 	 2.6022376122e+00 	 4.4093520541e-05
7000 	 7171 	 2.6022374618e+00 	 4.3374700134e-05
7100 	 7271 	 2.6022373593e+00 	 4.5823870013e-05
7200 	 7374 	 2.6022372965e+00 	 2.0375735859e-05
7300 	 7476 	 2.6022372559e+00 	 3.5300664991e-05
7400 	 7577 	 2.6022371986e+00 	 2.6669023837e-05
7500 	 7680 	 2.6022371370e+00 	 2.7877676756e-05
7600 	 7782 	 2.6022370553e+00 	 3.4006740134e-05
7700 	 7883 	 2.6022369823e+00 	 2.9761890766e-05
7800 	 7985 	 2.6022369214e+00 	 3.2207591628e-05
7900 	 8087 	 2.6022368698e+00 	 2.5489765449e-05
8000 	 8193 	 2.6022368270e+00 	 3.3768427665e-05
8100 	 8294 	 2.6022367881e+00 	 2.1533277063e-05
8200 	 8396 	 2.6022367506e+00 	 1.8243076281e-05
8300 	 8499 	 2.6022367205e+00 	 2.1966396890e-05
8400 	 8601 	 2.6022366973e+00 	 1.6996572271e-05
8500 	 8706 	 2.6022366755e+00 	 1.5494347911e-05
8600 	 8807 	 2.6022366559e+00 	 1.6834582756e-05
8700 	 8908 	 2.6022366381e+00 	 1.1019218140e-05
8800 	 9013 	 2.6022366241e+00 	 1.6326916250e-05
8900 	 9117 	 2.6022366090e+00 	 1.0974108484e-05
9000 	 9221 	 2.6022365953e+00 	 1.2913852557e-05
9100 	 9321 	 2.6022365748e+00 	 2.0812697805e-05
9200 	 9426 	 2.6022365469e+00 	 2.1230777232e-05
9300 	 9528 	 2.6022365216e+00 	 1.3684562983e-05
9400 	 9630 	 2.6022364932e+00 	 2.3372820905e-05
9500 	 9733 	 2.6022364634e+00 	 2.3334821954e-05
9600 	 9835 	 2.6022364343e+00 	 1.4587806025e-05
9700 	 9939 	 2.6022364107e+00 	 2.6681888288e-05
9800 	 10040 	 2.6022363873e+00 	 1.3428558001e-05
9900 	 10143 	 2.6022363701e+00 	 1.0585903153e-05
10000 	 10246 	 2.6022363567e+00 	 3.1109011816e-05
10100 	 10349 	 2.6022363426e+00 	 1.2534144819e-05
10200 	 10449 	 2.6022363282e+00 	 1.1725516927e-05
10300 	 10556 	 2.6022363157e+00 	 1.2534473662e-05
10400 	 10659 	 2.6022363021e+00 	 1.2646580863e-05
10500 	 10761 	 2.6022362874e+00 	 1.3099174457e-05
10600 	 10863 	 2.6022362758e+00 	 1.2251680698e-05
10700 	 10966 	 2.6022362646e+00 	 1.3549220902e-05
10800 	 11070 	 2.6022362539e+00 	 2.4616326047e-05
10900 	 11174 	 2.6022362455e+00 	 1.1397284970e-05
11000 	 11277 	 2.6022362379e+00 	 1.9426782796e-05
11100 	 11378 	 2.6022362308e+00 	 1.3401879936e-05
11200 	 11480 	 2.6022362250e+00 	 1.1048042312e-05
11300 	 11582 	 2.6022362196e+00 	 6.5973741533e-06
11400 	 11687 	 2.6022362160e+00 	 9.0779054320e-06
11500 	 11790 	 2.6022362128e+00 	 7.8730944623e-06
11600 	 11894 	 2.6022362097e+00 	 6.5040593789e-06
11700 	 11997 	 2.6022362065e+00 	 6.4834224896e-06
11800 	 12097 	 2.6022362034e+00 	 1.0254714015e-05
11900 	 12198 	 2.6022362001e+00 	 1.1190265357e-05
12000 	 12301 	 2.6022361951e+00 	 6.8739677226e-06
12100 	 12404 	 2.6022361890e+00 	 1.4205401863e-05
12200 	 12506 	 2.6022361836e+00 	 4.8710815599e-06
12300 	 12608 	 2.6022361788e+00 	 6.7722302811e-06
12400 	 12710 	 2.6022361731e+00 	 8.3182319641e-06
12500 	 12813 	 2.6022361679e+00 	 7.4893429107e-06
12600 	 12914 	 2.6022361605e+00 	 6.5669564584e-06
12700 	 13015 	 2.6022361553e+00 	 7.1468252416e-06
12800 	 13119 	 2.6022361506e+00 	 7.3468540727e-06
12900 	 13221 	 2.6022361466e+00 	 5.9105197021e-06
13000 	 13323 	 2.6022361438e+00 	 4.4994002962e-06
13100 	 13425 	 2.6022361412e+00 	 3.7640942923e-06
13200 	 13526 	 2.6022361393e+00 	 6.9098881616e-06
13300 	 13626 	 2.6022361370e+00 	 5.4075933562e-06
13400 	 13728 	 2.6022361343e+00 	 6.0802939997e-06
13500 	 13829 	 2.6022361320e+00 	 3.7230606907e-06
13600 	 13931 	 2.6022361303e+00 	 3.5856273312e-06
13700 	 14032 	 2.6022361292e+00 	 2.8909055449e-06
13800 	 14134 	 2.6022361285e+00 	 3.4111583862e-06
13900 	 14236 	 2.6022361274e+00 	 9.4972284915e-06
14000 	 14340 	 2.6022361264e+00 	 3.0549106544e-06
14100 	 14442 	 2.6022361257e+00 	 3.4703826977e-06
14200 	 14545 	 2.6022361251e+00 	 4.2531344087e-06
14300 	 14647 	 2.6022361246e+00 	 2.1170153496e-06
14400 	 14751 	 2.6022361242e+00 	 2.4379764182e-06
14500 	 14853 	 2.6022361237e+00 	 2.9053868507e-06
14600 	 14954 	 2.6022361233e+00 	 2.4749239843e-06
14700 	 15057 	 2.6022361228e+00 	 2.4756928694e-06
14800 	 15158 	 2.6022361220e+00 	 3.7217066411e-06
14900 	 15259 	 2.6022361210e+00 	 4.1247696011e-06
15000 	 15360 	 2.6022361202e+00 	 2.6851956830e-06
15100 	 15461 	 2.6022361193e+00 	 4.2702009949e-06
15200 	 15563 	 2.6022361185e+00 	 2.6966628124e-06
15300 	 15666 	 2.6022361179e+00 	 1.8781737931e-06
15400 	 15767 	 2.6022361174e+00 	 4.3345931466e-06
15500 	 15869 	 2.6022361169e+00 	 4.5526084828e-06
15600 	 15972 	 2.6022361164e+00 	 2.2633595747e-06
15700 	 16074 	 2.6022361159e+00 	 5.6355915731e-06
15800 	 16178 	 2.6022361156e+00 	 4.0858869195e-06
15900 	 16282 	 2.6022361154e+00 	 1.5063657958e-06
16000 	 16386 	 2.6022361151e+00 	 1.3566139064e-06
16100 	 16488 	 2.6022361149e+00 	 1.4176795819e-06
16200 	 16591 	 2.6022361146e+00 	 1.2872308993e-06
16300 	 16693 	 2.6022361144e+00 	 1.4867346186e-06
16400 	 16797 	 2.6022361141e+00 	 4.6269504743e-06
16500 	 16900 	 2.6022361139e+00 	 1.6352071548e-06
16600 	 17002 	 2.6022361136e+00 	 1.6526796990e-06
16700 	 17106 	 2.6022361134e+00 	 1.8797763395e-06
16800 	 17207 	 2.6022361132e+00 	 1.4434606821e-06
16900 	 17310 	 2.6022361130e+00 	 3.3177962619e-06
17000 	 17414 	 2.6022361128e+00 	 1.9712605439e-06
17100 	 17517 	 2.6022361126e+00 	 1.9085759199e-06
17200 	 17620 	 2.6022361123e+00 	 4.3120376777e-06
17300 	 17721 	 2.6022361121e+00 	 8.0716814358e-07
17400 	 17824 	 2.6022361119e+00 	 9.0268410650e-07
17500 	 17925 	 2.6022361118e+00 	 1.1330416424e-06
17600 	 18027 	 2.6022361117e+00 	 1.8320889731e-06
17700 	 18129 	 2.6022361116e+00 	 9.7223330581e-07
17800 	 18230 	 2.6022361115e+00 	 8.9358590995e-07
17900 	 18333 	 2.6022361115e+00 	 9.7135916369e-07
18000 	 18434 	 2.6022361114e+00 	 1.0764594684e-06
18100 	 18538 	 2.6022361113e+00 	 1.3050984590e-06
18200 	 18640 	 2.6022361111e+00 	 1.0862299225e-06
18300 	 18741 	 2.6022361110e+00 	 6.7416498787e-07
18400 	 18845 	 2.6022361110e+00 	 8.0534072236e-07
18500 	 18946 	 2.6022361109e+00 	 8.1207280144e-07
18600 	 19049 	 2.6022361109e+00 	 6.4032395489e-07
18700 	 19152 	 2.6022361108e+00 	 7.4482344968e-07
18800 	 19255 	 2.6022361108e+00 	 6.4242559976e-07
18900 	 19359 	 2.6022361107e+00 	 7.0250015864e-07
19000 	 19462 	 2.6022361107e+00 	 4.9370037959e-07
19100 	 19563 	 2.6022361107e+00 	 4.8005252573e-07
19200 	 19665 	 2.6022361106e+00 	 6.8557684069e-07
19300 	 19767 	 2.6022361106e+00 	 6.0419705368e-07
19400 	 19869 	 2.6022361106e+00 	 5.5994089077e-07
19500 	 19973 	 2.6022361106e+00 	 9.3347866828e-07
19600 	 20076 	 2.6022361105e+00 	 4.2246119451e-07
19700 	 20180 	 2.6022361105e+00 	 5.7488819721e-07
19800 	 20282 	 2.6022361105e+00 	 9.0276486395e-07
19900 	 20384 	 2.6022361104e+00 	 1.2850393402e-06
20000 	 20486 	 2.6022361104e+00 	 6.7672954509e-07
20100 	 20589 	 2.6022361104e+00 	 4.4586566221e-07
20200 	 20692 	 2.6022361103e+00 	 8.4767812740e-07
20300 	 20794 	 2.6022361103e+00 	 4.9379674016e-07
20400 	 20894 	 2.6022361103e+00 	 5.5100058241e-07
20500 	 20995 	 2.6022361103e+00 	 5.2849798920e-07
20600 	 21097 	 2.6022361102e+00 	 4.1350751605e-07
20700 	 21197 	 2.6022361102e+00 	 1.1802867253e-06
20800 	 21298 	 2.6022361102e+00 	 8.4378818693e-07
20900 	 21402 	 2.6022361102e+00 	 3.9121720079e-07
21000 	 21503 	 2.6022361102e+00 	 4.2973300570e-07
21100 	 21606 	 2.6022361102e+00 	 2.9204805352e-07
21200 	 21712 	 2.6022361101e+00 	 3.0961409796e-07
21300 	 21817 	 2.6022361101e+00 	 2.4202091236e-07
21400 	 21921 	 2.6022361101e+00 	 3.8454180224e-07
21500 	 22026 	 2.6022361101e+00 	 2.0946006375e-07
21600 	 22131 	 2.6022361101e+00 	 3.1367919905e-07
21700 	 22233 	 2.6022361101e+00 	 3.5960555560e-07
21800 	 22334 	 2.6022361101e+00 	 3.3884248778e-07
21900 	 22436 	 2.6022361101e+00 	 3.0220844496e-07
22000 	 22539 	 2.6022361101e+00 	 2.3480554512e-07
22100 	 22643 	 2.6022361101e+00 	 2.2809965669e-07
22200 	 22745 	 2.6022361101e+00 	 1.8628124173e-07
22300 	 22846 	 2.6022361101e+00 	 5.7501370105e-07
22400 	 22949 	 2.6022361101e+00 	 3.0355092852e-07
22500 	 23050 	 2.6022361101e+00 	 1.8022903814e-07
22600 	 23151 	 2.6022361101e+00 	 4.9194813757e-07
22700 	 23255 	 2.6022361101e+00 	 2.7854041389e-07
22800 	 23356 	 2.6022361101e+00 	 3.1345971429e-07
22900 	 23459 	 2.6022361101e+00 	 2.8110726390e-07
23000 	 23563 	 2.6022361101e+00 	 2.2388484477e-07
23100 	 23666 	 2.6022361101e+00 	 1.3027355248e-07
23200 	 23777 	 2.6022361101e+00 	 1.9536350776e-07
23300 	 23883 	 2.6022361101e+00 	 9.6313864916e-08
23400 	 23988 	 2.6022361101e+00 	 1.1768672267e-07
23500 	 24095 	 2.6022361101e+00 	 1.4606421901e-07
23600 	 24203 	 2.6022361101e+00 	 9.9608769793e-08
23700 	 24309 	 2.6022361101e+00 	 1.4961515927e-07
23800 	 24413 	 2.6022361101e+00 	 2.5465700726e-07
23900 	 24520 	 2.6022361101e+00 	 1.3348059051e-07
24000 	 24625 	 2.6022361100e+00 	 7.5139497542e-08
24100 	 24736 	 2.6022361100e+00 	 9.7785029527e-08
24200 	 24850 	 2.6022361100e+00 	 1.6597093948e-07
24300 	 24957 	 2.6022361100e+00 	 1.4019802144e-07
24400 	 25068 	 2.6022361100e+00 	 9.1068972401e-08
24500 	 25177 	 2.6022361100e+00 	 5.4829224024e-08
# ---- 
 1 		 24553 	 25251 		 3.1518504220e+00 	 2.6022361100e+00 	 6.9430538421e-08
# ---- 
100 	 102 	 5.9704314737e+00 	 2.2476681819e-02
200 	 207 	 5.9610421068e+00 	 1.2416580177e-02
300 	 310 	 5.9541454597e+00 	 8.4996602997e-03
400 	 410 	 5.9501884590e+00 	 6.7554294164e-03
500 	 512 	 5.9486392721e+00 	 3.0561079710e-03
600 	 616 	 5.9478440890e+00 	 3.1007529868e-03
700 	 719 	 5.9475371433e+00 	 1.7762973932e-03
800 	 822 	 5.9473932896e+00 	 1.0361388788e-03
900 	 923 	 5.9473213475e+00 	 1.8358307528e-03
1000 	 1024 	 5.9472800468e+00 	 9.5500455008e-04
1100 	 1128 	 5.9472513971e+00 	 6.1516710821e-04
1200 	 1230 	 5.9472284367e+00 	 4.8392022796e-04
1300 	 1333 	 5.9472104971e+00 	 5.0338580263e-04
1400 	 1437 	 5.9471905738e+00 	 4.7677179093e-04
1500 	 1541 	 5.9471658538e+00 	 8.8334888780e-04
1600 	 1645 	 5.9471386318e+00 	 8.8584414912e-04
1700 	 1745 	 5.9471153703e+00 	 5.2272371223e-04
1800 	 1847 	 5.9471003214e+00 	 9.8543141343e-04
1900 	 1948 	 5.9470902082e+00 	 4.7202235338e-04
2000 	 2049 	 5.9470813072e+00 	 6.3668961653e-04
2100 	 2150 	 5.9470722837e+00 	 8.8051106061e-04
2200 	 2251 	 5.9470638312e+00 	 4.7187604694e-04
2300 	 2351 	 5.9470568650e+00 	 2.8094743004e-04
2400 	 2452 	 5.9470509331e+00 	 2.1311602855e-04
2500 	 2555 	 5.9470456195e+00 	 3.1094766551e-04
2600 	 2656 	 5.9470403291e+00 	 2.5998568644e-04
2700 	 2757 	 5.9470371790e+00 	 3.1537142248e-04
2800 	 2860 	 5.9470348024e+00 	 2.3511056200e-04
2900 	 2962 	 5.9470320741e+00 	 1.7441018452e-04
3000 	 3064 	 5.9470292606e+00 	 2.0080655835e-04
3100 	 3167 	 5.9470268571e+00 	 1.9313986779e-04
3200 	 3270 	 5.9470246518e+00 	 2.2921780053e-04
3300 	 3373 	 5.9470223664e+00 	 1.8783534242e-04
3400 	 3475 	 5.9470200872e+00 	 1.7922517099e-04
3500 	 3577 	 5.9470179829e+00 	 1.3996422642e-04
3600 	 3681 	 5.9470162402e+00 	 2.0675399461e-04
3700 	 3782 	 5.9470154054e+00 	 1.6393772904e-04
3800 	 3884 	 5.9470149935e+00 	 9.1948748142e-05
3900 	 3987 	 5.9470146275e+00 	 1.1294416625e-04
4000 	 4089 	 5.9470143173e+00 	 5.2976700451e-05
4100 	 4194 	 5.9470140904e+00 	 4.4782781440e-05
4200 	 4297 	 5.9470139152e+00 	 3.3728253442e-05
4300 	 4401 	 5.9470137868e+00 	 4.2012560907e-05
4400 	 4503 	 5.9470136592e+00 	 6.8330987588e-05
4500 	 4606 	 5.9470135241e+00 	 6.9402302813e-05
4600 	 4707 	 5.9470133753e+00 	 4.2811501711e-05
4700 	 4808 	 5.9470132209e+00 	 6.1185595697e-05
4800 	 4914 	 5.9470130477e+00 	 3.9312758949e-05
4900 	 5016 	 5.9470129214e+00 	 3.4258954069e-05
5000 	 5119 	 5.9470127977e+00 	 4.1289816078e-05
5100 	 5221 	 5.9470126592e+00 	 5.8666165919e-05
5200 	 5323 	 5.9470125297e+00 	 3.9940316019e-05
5300 	 5425 	 5.9470124239e+00 	 3.3637250070e-05
5400 	 5528 	 5.9470123009e+00 	 3.7099202504e-05
5500 	 5629 	 5.9470121974e+00 	 3.6356418747e-05
5600 	 5731 	 5.9470121406e+00 	 2.8269211148e-05
5700 	 5835 	 5.9470120906e+00 	 2.3942307074e-05
5800 	 5938 	 5.9470120460e+00 	 2.2104859911e-05
5900 	 6039 	 5.9470120005e+00 	 3.4167487243e-05
6000 	 6141 	 5.9470119537e+00 	 2.1563989761e-05
6100 	 6244 	 5.9470119144e+00 	 2.7061848828e-05
6200 	 6346 	 5.9470118662e+00 	 3.8171042019e-05
6300 	 6448 	 5.9470118058e+00 	 2.5408931244e-05
6400 	 6549 	 5.9470117286e+00 	 5.7929389094e-05
6500 	 6650 	 5.9470116637e+00 	 2.8471774748e-05
6600 	 6752 	 5.9470115940e+00 	 3.2390889626e-05
6700 	 6855 	 5.9470115403e+00 	 2.0557038876e-05
6800 	 6957 	 5.9470114978e+00 	 2.5104701080e-05
6900 	 7059 	 5.9470114474e+00 	 2.8435497120e-05
7000 	 7162 	 5.9470113856e+00 	 2.7648783442e-05
7100 	 7266 	 5.9470113337e+00 	 2.1065296152e-05
7200 	 7368 	 5.9470113008e+00 	 1.5727436887e-05
7300 	 7471 	 5.9470112649e+00 	 2.0009314851e-05
7400 	 7573 	 5.9470112339e+00 	 1.6504320270e-05
7500 	 7678 	 5.9470112059e+00 	 2.7387729374e-05
7600 	 7782 	 5.9470111871e+00 	 1.6533592954e-05
7700 	 7887 	 5.9470111655e+00 	 1.1958686432e-05
7800 	 7988 	 5.9470111467e+00 	 2.4318824976e-05
7900 	 8089 	 5.9470111295e+00 	 1.5151828213e-05
8000 	 8191 	 5.9470111120e+00 	 1.8974441602e-05
8100 	 8293 	 5.9470110924e+00 	 1.6589375657e-05
8200 	 8394 	 5.9470110613e+00 	 3.0266531368e-05
8300 	 8496 	 5.9470110202e+00 	 2.1516550278e-05
8400 	 8597 	 5.9470109810e+00 	 3.3591805516e-05
8500 	 8700 	 5.9470109441e+00 	 2.0784213053e-05
8600 	 8802 	 5.9470109191e+00 	 1.3984334687e-05
8700 	 8904 	 5.9470109025e+00 	 1.2831880280e-05
8800 	 9009 	 5.9470108858e+00 	 1.7050704070e-05
8900 	 9112 	 5.9470108646e+00 	 2.1923796181e-05
9000 	 9214 	 5.9470108437e+00 	 1.9112234751e-05
9100 	 9315 	 5.9470108197e+00 	 1.4378286090e-05
9200 	 9416 	 5.9470107993e+00 	 2.0248237198e-05
9300 	 9520 	 5.9470107861e+00 	 1.7105475058e-05
9400 	 9621 	 5.9470107756e+00 	 8.5321859668e-06
9500 	 9724 	 5.9470107665e+00 	 1.0314450388e-05
9600 	 9827 	 5.9470107586e+00 	 1.1108562463e-05
9700 	 9931 	 5.9470107527e+00 	 1.0373755710e-05
9800 	 10032 	 5.9470107462e+00 	 8.2056201931e-06
9900 	 10133 	 5.9470107404e+00 	 1.2708602601e-05
10000 	 10236 	 5.9470107344e+00 	 1.2970435737e-05
10100 	 10338 	 5.9470107281e+00 	 1.1704472677e-05
10200 	 10440 	 5.9470107221e+00 	 7.4285882246e-06
10300 	 10543 	 5.9470107158e+00 	 1.5151534606e-05
10400 	 10643 	 5.9470107059e+00 	 1.1468912518e-05
10500 	 10745 	 5.9470106944e+00 	 8.5983471706e-06
10600 	 10849 	 5.9470106852e+00 	 1.7457975361e-05
10700 	 10951 	 5.9470106778e+00 	 1.3625002998e-05
10800 	 11052 	 5.9470106726e+00 	 1.0216615304e-05
10900 	 11155 	 5.9470106687e+00 	 8.2604261881e-06
11000 	 11257 	 5.9470106644e+00 	 8.0118293145e-06
11100 	 11359 	 5.9470106594e+00 	 6.1188700865e-06
11200 	 11461 	 5.9470106549e+00 	 1.0636389146e-05
11300 	 11563 	 5.9470106512e+00 	 4.3966948184e-06
11400 	 11669 	 5.9470106489e+00 	 5.2913351562e-06
11500 	 11773 	 5.9470106462e+00 	 5.5933157341e-06
11600 	 11876 	 5.9470106433e+00 	 5.6438285222e-06
11700 	 11977 	 5.9470106407e+00 	 9.8538349300e-06
11800 	 12079 	 5.9470106387e+00 	 5.0253701953e-06
11900 	 12180 	 5.9470106367e+00 	 8.9593158983e-06
12000 	 12282 	 5.9470106352e+00 	 4.3790481151e-06
12100 	 12385 	 5.9470106340e+00 	 3.9168450891e-06
12200 	 12489 	 5.9470106329e+00 	 3.0967794495e-06
12300 	 12593 	 5.9470106321e+00 	 3.2360164388e-06
12400 	 12695 	 5.9470106312e+00 	 4.1951984592e-06
12500 	 12797 	 5.9470106306e+00 	 3.1898281084e-06
12600 	 12897 	 5.9470106303e+00 	 1.8286807946e-06
12700 	 12999 	 5.9470106300e+00 	 1.6104175748e-06
12800 	 13101 	 5.9470106297e+00 	 1.8345457189e-06
12900 	 13204 	 5.9470106293e+00 	 1.4225382239e-06
13000 	 13308 	 5.9470106290e+00 	 1.6302293032e-06
13100 	 13409 	 5.9470106286e+00 	 2.1100441435e-06
13200 	 13512 	 5.9470106282e+00 	 2.5455970342e-06
13300 	 13613 	 5.9470106276e+00 	 3.7172879956e-06
13400 	 13717 	 5.9470106269e+00 	 3.2593118965e-06
13500 	 13821 	 5.9470106263e+00 	 1.9486522293e-06
13600 	 13922 	 5.9470106258e+00 	 2.8802646535e-06
13700 	 14024 	 5.9470106254e+00 	 3.2410946552e-06
13800 	 14128 	 5.9470106250e+00 	 1.7239831564e-06
13900 	 14231 	 5.9470106245e+00 	 2.3657826648e-06
14000 	 14332 	 5.9470106240e+00 	 4.7437199910e-06
14100 	 14436 	 5.9470106235e+00 	 2.0608236934e-06
14200 	 14538 	 5.9470106232e+00 	 1.2599824399e-06
14300 	 14641 	 5.9470106229e+00 	 1.8243553734e-06
14400 	 14743 	 5.9470106226e+00 	 2.0955229271e-06
14500 	 14845 	 5.9470106223e+00 	 1.8115645529e-06
14600 	 14948 	 5.9470106221e+00 	 1.5064579433e-06
14700 	 15051 	 5.9470106218e+00 	 1.5785712820e-06
14800 	 15154 	 5.9470106215e+00 	 2.0587742749e-06
14900 	 15258 	 5.9470106212e+00 	 1.7292028315e-06
15000 	 15359 	 5.9470106211e+00 	 1.3417049487e-06
15100 	 15460 	 5.9470106210e+00 	 7.6208844215e-07
15200 	 15565 	 5.9470106209e+00 	 8.7766400201e-07
15300 	 15668 	 5.9470106208e+00 	 7.9030747344e-07
15400 	 15770 	 5.9470106208e+00 	 7.9733953862e-07
15500 	 15872 	 5.9470106208e+00 	 9.9303878223e-07
15600 	 15977 	 5.9470106207e+00 	 1.0141606779e-06
15700 	 16082 	 5.9470106207e+00 	 5.0951198357e-07
15800 	 16185 	 5.9470106206e+00 	 8.8729399322e-07
15900 	 16288 	 5.9470106206e+00 	 2.4049584593e-06
16000 	 16390 	 5.9470106205e+00 	 9.7886808117e-07
16100 	 16492 	 5.9470106205e+00 	 6.1312808165e-07
16200 	 16595 	 5.9470106204e+00 	 9.3288501473e-07
16300 	 16699 	 5.9470106203e+00 	 1.0790548087e-06
16400 	 16803 	 5.9470106203e+00 	 7.9860787450e-07
16500 	 16905 	 5.9470106202e+00 	 5.0196501928e-07
16600 	 17007 	 5.9470106202e+00 	 6.7442013918e-07
16700 	 17110 	 5.9470106202e+00 	 4.2210596695e-07
16800 	 17213 	 5.9470106202e+00 	 3.0537447129e-07
16900 	 17318 	 5.9470106202e+00 	 3.6238029849e-07
17000 	 17420 	 5.9470106201e+00 	 4.3402220130e-07
17100 	 17522 	 5.9470106201e+00 	 4.8503440349e-07
17200 	 17624 	 5.9470106201e+00 	 8.6203321101e-07
17300 	 17725 	 5.9470106201e+00 	 4.9337837995e-07
17400 	 17827 	 5.9470106201e+00 	 5.0481289998e-07
17500 	 17930 	 5.9470106200e+00 	 4.6960268951e-07
17600 	 18033 	 5.9470106200e+00 	 8.6762114312e-07
17700 	 18136 	 5.9470106200e+00 	 5.2334974256e-07
17800 	 18237 	 5.9470106200e+00 	 4.0990754770e-07
17900 	 18339 	 5.9470106200e+00 	 3.3467390533e-07
18000 	 18442 	 5.9470106200e+00 	 5.1440262829e-07
18100 	 18544 	 5.9470106199e+00 	 4.4222546124e-07
18200 	 18648 	 5.9470106199e+00 	 8.6014454016e-07
18300 	 18749 	 5.9470106199e+00 	 3.2466525478e-07
18400 	 18851 	 5.9470106199e+00 	 4.0227837323e-07
18500 	 18953 	 5.9470106199e+00 	 2.8188120835e-07
18600 	 19058 	 5.9470106199e+00 	 2.3208401833e-07
18700 	 19162 	 5.9470106199e+00 	 3.4958023982e-07
18800 	 19265 	 5.9470106199e+00 	 1.4813526996e-07
18900 	 19374 	 5.9470106199e+00 	 2.1611080956e-07
19000 	 19484 	 5.9470106199e+00 	 2.8259019898e-07
19100 	 19590 	 5.9470106199e+00 	 4.5939954594e-07
19200 	 19694 	 5.9470106199e+00 	 2.6665243400e-07
19300 	 19799 	 5.9470106199e+00 	 1.3165839271e-07
19400 	 19906 	 5.9470106199e+00 	 1.0417481443e-07
19500 	 20018 	 5.9470106199e+00 	 1.1808100424e-07
19600 	 20133 	 5.9470106198e+00 	 1.7435965762e-07
# ---- 
 1 		 19637 	 20184 		 6.4840368913e+00 	 5.9470106198e+00 	 2.0128831375e-07
# ---- 
100 	 101 	 1.0707072360e+01 	 1.4277026814e-02
200 	 203 	 1.0699398389e+01 	 1.1863979794e-02
300 	 304 	 1.0693362166e+01 	 6.3162308177e-03
400 	 408 	 1.0689573114e+01 	 6.3875966297e-03
500 	 511 	 1.0687656286e+01 	 8.9636490941e-03
600 	 614 	 1.0686664325e+01 	 3.1543066718e-03
700 	 716 	 1.0686218506e+01 	 2.9183230615e-03
800 	 818 	 1.0686006064e+01 	 1.6276881572e-03
900 	 920 	 1.0685897484e+01 	 1.0641528691e-03
1000 	 1022 	 1.0685824537e+01 	 9.4948591716e-04
1100 	 1126 	 1.0685765648e+01 	 9.2395683360e-04
1200 	 1228 	 1.0685723119e+01 	 8.2613370261e-04
1300 	 1332 	 1.0685667519e+01 	 1.5924116030e-03
1400 	 1436 	 1.0685587060e+01 	 1.1165146143e-03
1500 	 1538 	 1.0685497654e+01 	 1.0917523332e-03
1600 	 1638 	 1.0685423252e+01 	 1.0073519588e-03
1700 	 1740 	 1.0685375283e+01 	 8.8413834128e-04
1800 	 1843 	 1.0685338991e+01 	 1.4895867661e-03
1900 	 1945 	 1.0685303626e+01 	 6.4350971645e-04
2000 	 2047 	 1.0685270922e+01 	 6.6499538997e-04
2100 	 2150 	 1.0685246664e+01 	 5.7778016540e-04
2200 	 2250 	 1.0685225465e+01 	 3.4248058763e-04
2300 	 2354 	 1.0685206364e+01 	 9.4026998585e-04
2400 	 2456 	 1.0685187204e+01 	 3.4379340175e-04
2500 	 2558 	 1.0685173014e+01 	 6.7962483229e-04
2600 	 2658 	 1.0685160517e+01 	 8.6554125663e-04
2700 	 2762 	 1.0685150346e+01 	 2.9977251283e-04
2800 	 2863 	 1.0685143498e+01 	 3.9812194359e-04
2900 	 2965 	 1.0685137454e+01 	 2.3930948402e-04
3000 	 3067 	 1.0685129882e+01 	 6.7616422905e-04
3100 	 3168 	 1.0685121676e+01 	 4.5272464589e-04
3200 	 3271 	 1.0685114409e+01 	 2.8992921321e-04
3300 	 3373 	 1.0685107709e+01 	 2.5597137922e-04
3400 	 3474 	 1.0685103271e+01 	 1.6174615960e-04
3500 	 3576 	 1.0685101148e+01 	 1.3797755753e-04
3600 	 3677 	 1.0685099907e+01 	 1.2559661577e-04
3700 	 3779 	 1.0685099057e+01 	 1.7520069514e-04
3800 	 3881 	 1.0685098472e+01 	 7.1081446010e-05
3900 	 3983 	 1.0685097996e+01 	 1.0037700077e-04
4000 	 4087 	 1.0685097575e+01 	 1.1293630763e-04
4100 	 4187 	 1.0685097117e+01 	 8.2927298794e-05
4200 	 4291 	 1.0685096666e+01 	 9.9309356624e-05
4300 	 4392 	 1.0685096276e+01 	 7.0613246524e-05
4400 	 4493 	 1.0685095989e+01 	 5.4046065673e-05
4500 	 4594 	 1.0685095748e+01 	 5.7944086758e-05
4600 	 4698 	 1.0685095534e+01 	 4.1354403905e-05
4700 	 4799 	 1.0685095405e+01 	 1.0028120428e-04
4800 	 4902 	 1.0685095236e+01 	 3.9663715523e-05
4900 	 5004 	 1.0685095090e+01 	 4.3905679591e-05
5000 	 5108 	 1.0685094977e+01 	 6.9498465660e-05
5100 	 5212 	 1.0685094880e+01 	 3.6747579506e-05
5200 	 5314 	 1.0685094792e+01 	 3.9260427671e-05
5300 	 5414 	 1.0685094681e+01 	 1.1280539639e-04
5400 	 5516 	 1.0685094513e+01 	 4.3694391750e-05
5500 	 5618 	 1.0685094312e+01 	 9.0002502383e-05
5600 	 5720 	 1.0685094165e+01 	 3.4207852570e-05
5700 	 5823 	 1.0685094030e+01 	 6.5549058920e-05
5800 	 5926 	 1.0685093862e+01 	 4.1761215189e-05
5900 	 6030 	 1.0685093732e+01 	 1.0520815911e-04
6000 	 6132 	 1.0685093576e+01 	 4.3482169323e-05
6100 	 6233 	 1.0685093471e+01 	 3.4675691703e-05
6200 	 6337 	 1.0685093398e+01 	 2.6851995296e-05
6300 	 6439 	 1.0685093344e+01 	 2.4907896844e-05
6400 	 6543 	 1.0685093295e+01 	 3.3870315676e-05
6500 	 6647 	 1.0685093250e+01 	 2.7289885628e-05
6600 	 6749 	 1.0685093222e+01 	 1.6260349697e-05
6700 	 6852 	 1.0685093202e+01 	 2.8776355045e-05
6800 	 6953 	 1.0685093180e+01 	 2.7334765356e-05
6900 	 7054 	 1.0685093160e+01 	 1.2139166210e-05
7000 	 7156 	 1.0685093146e+01 	 1.0666242413e-05
7100 	 7258 	 1.0685093134e+01 	 8.9170308833e-06
7200 	 7363 	 1.0685093122e+01 	 1.3721211343e-05
7300 	 7466 	 1.0685093110e+01 	 1.2041964810e-05
7400 	 7570 	 1.0685093101e+01 	 1.8643066194e-05
7500 	 7670 	 1.0685093094e+01 	 9.1817363722e-06
7600 	 7771 	 1.0685093088e+01 	 9.9582477294e-06
7700 	 7872 	 1.0685093084e+01 	 6.2164108837e-06
7800 	 7975 	 1.0685093081e+01 	 6.5014630801e-06
7900 	 8077 	 1.0685093077e+01 	 9.0236060831e-06
8000 	 8179 	 1.0685093074e+01 	 1.1660155534e-05
8100 	 8282 	 1.0685093071e+01 	 4.9912335077e-06
8200 	 8385 	 1.0685093068e+01 	 5.4280843370e-06
8300 	 8490 	 1.0685093066e+01 	 3.7465844332e-06
8400 	 8592 	 1.0685093065e+01 	 6.3899571255e-06
8500 	 8693 	 1.0685093064e+01 	 4.1722747081e-06
8600 	 8796 	 1.0685093062e+01 	 3.1435064498e-06
8700 	 8900 	 1.0685093061e+01 	 3.8545456618e-06
8800 	 9003 	 1.0685093060e+01 	 2.9445286571e-06
8900 	 9106 	 1.0685093059e+01 	 2.6182242971e-06
9000 	 9210 	 1.0685093059e+01 	 2.3908234820e-06
9100 	 9311 	 1.0685093059e+01 	 2.2952954345e-06
9200 	 9412 	 1.0685093058e+01 	 2.2203995891e-06
9300 	 9514 	 1.0685093058e+01 	 2.6078045139e-06
9400 	 9617 	 1.0685093057e+01 	 2.7607725365e-06
9500 	 9720 	 1.0685093057e+01 	 1.6629985261e-06
9600 	 9821 	 1.0685093057e+01 	 2.2902613519e-06
9700 	 9925 	 1.0685093057e+01 	 2.1189716293e-06
9800 	 10028 	 1.0685093056e+01 	 2.6662999428e-06
9900 	 10131 	 1.0685093056e+01 	 3.3439352733e-06
10000 	 10233 	 1.0685093056e+01 	 1.8041044901e-06
10100 	 10334 	 1.0685093055e+01 	 1.5491303063e-06
10200 	 10437 	 1.0685093055e+01 	 1.7059167651e-06
10300 	 10540 	 1.0685093055e+01 	 1.3923217718e-06
10400 	 10643 	 1.0685093055e+01 	 1.4964705685e-06
10500 	 10746 	 1.0685093054e+01 	 1.6662112504e-06
10600 	 10847 	 1.0685093054e+01 	 2.1215506986e-06
10700 	 10949 	 1.0685093054e+01 	 2.7542350020e-06
10800 	 11052 	 1.0685093054e+01 	 1.7696337450e-06
10900 	 11154 	 1.0685093054e+01 	 1.1043287789e-06
11000 	 11258 	 1.0685093053e+01 	 1.7003801527e-06
11100 	 11360 	 1.0685093053e+01 	 1.1446189686e-06
11200 	 11463 	 1.0685093053e+01 	 8.5975227129e-07
11300 	 11563 	 1.0685093053e+01 	 1.0412482523e-06
11400 	 11664 	 1.0685093053e+01 	 1.1191219737e-06
11500 	 11768 	 1.0685093053e+01 	 9.8993988531e-07
11600 	 11871 	 1.0685093053e+01 	 1.1850040069e-06
11700 	 11975 	 1.0685093053e+01 	 1.1342476511e-06
11800 	 12077 	 1.0685093053e+01 	 1.4733686348e-06
11900 	 12178 	 1.0685093053e+01 	 1.3652042985e-06
12000 	 12281 	 1.0685093052e+01 	 1.8313787744e-06
12100 	 12383 	 1.0685093052e+01 	 1.9354260091e-06
12200 	 12485 	 1.0685093052e+01 	 1.0954413955e-06
12300 	 12589 	 1.0685093052e+01 	 7.3772005895e-07
12400 	 12690 	 1.0685093052e+01 	 9.4108417334e-07
12500 	 12793 	 1.0685093052e+01 	 6.0946613290e-07
12600 	 12897 	 1.0685093052e+01 	 4.8981709196e-07
12700 	 13000 	 1.0685093052e+01 	 4.2692244963e-07
12800 	 13102 	 1.0685093052e+01 	 4.3572980948e-07
12900 	 13206 	 1.0685093052e+01 	 7.4964857765e-07
13000 	 13308 	 1.0685093052e+01 	 3.9396536837e-07
13100 	 13411 	 1.0685093052e+01 	 2.6215409075e-07
13200 	 13515 	 1.0685093052e+01 	 3.8766128912e-07
13300 	 13619 	 1.0685093052e+01 	 4.1460193866e-07
13400 	 13721 	 1.0685093052e+01 	 3.8392793114e-07
13500 	 13824 	 1.0685093052e+01 	 5.8113237242e-07
13600 	 13926 	 1.0685093052e+01 	 4.5707473538e-07
13700 	 14030 	 1.0685093052e+01 	 6.0984610711e-07
13800 	 14134 	 1.0685093052e+01 	 4.9628321201e-07
13900 	 14237 	 1.0685093052e+01 	 4.1125633531e-07
14000 	 14338 	 1.0685093052e+01 	 2.4681661891e-07
14100 	 14443 	 1.0685093052e+01 	 2.5125408025e-07
14200 	 14548 	 1.0685093052e+01 	 3.1972778983e-07
14300 	 14652 	 1.0685093052e+01 	 2.7501035179e-07
14400 	 14758 	 1.0685093052e+01 	 4.0038241042e-07
14500 	 14862 	 1.0685093052e+01 	 2.0652744657e-07
14600 	 14971 	 1.0685093052e+01 	 2.9640597752e-07
14700 	 15080 	 1.0685093052e+01 	 2.5647830034e-07
14800 	 15191 	 1.0685093052e+01 	 2.6341983080e-07
14900 	 15304 	 1.0685093052e+01 	 1.5940972902e-07
15000 	 15416 	 1.0685093052e+01 	 1.9204464396e-07
15100 	 15524 	 1.0685093052e+01 	 1.3271790680e-07
15200 	 15633 	 1.0685093052e+01 	 1.8170649377e-07
# ---- 
 1 		 15295 	 15759 		 1.1216272980e+01 	 1.0685093052e+01 	 2.3837154655e-07
# ---- 
100 	 101 	 1.6848130998e+01 	 1.8309567219e-02
200 	 204 	 1.6841604580e+01 	 1.3706745680e-02
300 	 307 	 1.6836106140e+01 	 1.0905983117e-02
400 	 409 	 1.6832546425e+01 	 5.2940412060e-03
500 	 511 	 1.6830241233e+01 	 5.7244649048e-03
600 	 613 	 1.6828876717e+01 	 3.6502900016e-03
700 	 716 	 1.6828240358e+01 	 2.4670857992e-03
800 	 818 	 1.6827933315e+01 	 1.3756514669e-03
900 	 920 	 1.6827761554e+01 	 1.2074048599e-03
1000 	 1020 	 1.6827659250e+01 	 7.8404840040e-04
1100 	 1121 	 1.6827570994e+01 	 9.6525305574e-04
1200 	 1224 	 1.6827506542e+01 	 1.0411893272e-03
1300 	 1325 	 1.6827413819e+01 	 1.1728515643e-03
1400 	 1430 	 1.6827298036e+01 	 1.1150037790e-03
1500 	 1533 	 1.6827199700e+01 	 1.1815618775e-03
1600 	 1638 	 1.6827114366e+01 	 1.0108224079e-03
1700 	 1740 	 1.6827049028e+01 	 9.0808160410e-04
1800 	 1842 	 1.6826988205e+01 	 9.6655363647e-04
1900 	 1944 	 1.6826934256e+01 	 8.7464686913e-04
2000 	 2045 	 1.6826902689e+01 	 6.8331926849e-04
2100 	 2147 	 1.6826877342e+01 	 1.0323815809e-03
2200 	 2249 	 1.6826851625e+01 	 4.6014575297e-04
2300 	 2350 	 1.6826833791e+01 	 3.8795352687e-04
2400 	 2452 	 1.6826814654e+01 	 6.5240751682e-04
2500 	 2555 	 1.6826793846e+01 	 5.6319139084e-04
2600 	 2659 	 1.6826777561e+01 	 3.0763817671e-04
2700 	 2762 	 1.6826766725e+01 	 3.3255884712e-04
2800 	 2868 	 1.6826759020e+01 	 3.8219568067e-04
2900 	 2970 	 1.6826748147e+01 	 1.1688194842e-03
3000 	 3072 	 1.6826735593e+01 	 5.8349515920e-04
3100 	 3176 	 1.6826726734e+01 	 2.7564504323e-04
3200 	 3276 	 1.6826719332e+01 	 3.3023823438e-04
3300 	 3378 	 1.6826713979e+01 	 6.6231712573e-04
3400 	 3480 	 1.6826710311e+01 	 1.7156994236e-04
3500 	 3580 	 1.6826708202e+01 	 1.3668008609e-04
3600 	 3683 	 1.6826706470e+01 	 1.4724148118e-04
3700 	 3785 	 1.6826705186e+01 	 1.3077094291e-04
3800 	 3886 	 1.6826704207e+01 	 1.2149823058e-04
3900 	 3988 	 1.6826702943e+01 	 1.0769393387e-04
4000 	 4089 	 1.6826701683e+01 	 1.8004001324e-04
4100 	 4193 	 1.6826700739e+01 	 1.8771539147e-04
4200 	 4296 	 1.6826699667e+01 	 2.4357320112e-04
4300 	 4399 	 1.6826698465e+01 	 1.0370408018e-04
4400 	 4501 	 1.6826697581e+01 	 1.3081834423e-04
4500 	 4602 	 1.6826696803e+01 	 1.0153560292e-04
4600 	 4704 	 1.6826696078e+01 	 9.1246478410e-05
4700 	 4809 	 1.6826695446e+01 	 7.4030420540e-05
4800 	 4914 	 1.6826694933e+01 	 7.8622067822e-05
4900 	 5017 	 1.6826694540e+01 	 6.3367279527e-05
5000 	 5120 	 1.6826694237e+01 	 5.8216215798e-05
5100 	 5224 	 1.6826693914e+01 	 6.8532932353e-05
5200 	 5325 	 1.6826693617e+01 	 7.6636806223e-05
5300 	 5431 	 1.6826693367e+01 	 4.6748550805e-05
5400 	 5534 	 1.6826693125e+01 	 5.1286934422e-05
5500 	 5635 	 1.6826692906e+01 	 9.8451134595e-05
5600 	 5737 	 1.6826692617e+01 	 5.5544688439e-05
5700 	 5839 	 1.6826692281e+01 	 1.0022918487e-04
5800 	 5941 	 1.6826691988e+01 	 4.7601143894e-05
5900 	 6043 	 1.6826691727e+01 	 1.1605857318e-04
6000 	 6147 	 1.6826691561e+01 	 1.2003549067e-04
6100 	 6250 	 1.6826691422e+01 	 3.6149725086e-05
6200 	 6352 	 1.6826691287e+01 	 4.2849916772e-05
6300 	 6454 	 1.6826691137e+01 	 4.5953309818e-05
6400 	 6556 	 1.6826690996e+01 	 3.7364053456e-05
6500 	 6659 	 1.6826690882e+01 	 4.8305103430e-05
6600 	 6762 	 1.6826690809e+01 	 3.3913088530e-05
6700 	 6864 	 1.6826690745e+01 	 1.8972659063e-05
6800 	 6966 	 1.6826690702e+01 	 2.0511264456e-05
6900 	 7067 	 1.6826690667e+01 	 1.9076125652e-05
7000 	 7168 	 1.6826690640e+01 	 1.4355998809e-05
7100 	 7270 	 1.6826690622e+01 	 1.5051886103e-05
7200 	 7372 	 1.6826690606e+01 	 1.1125365377e-05
7300 	 7474 	 1.6826690591e+01 	 9.9800898395e-06
7400 	 7575 	 1.6826690582e+01 	 1.0269427027e-05
7500 	 7677 	 1.6826690575e+01 	 1.3928813426e-05
7600 	 7778 	 1.6826690570e+01 	 5.9978651497e-06
7700 	 7881 	 1.6826690566e+01 	 7.0568199168e-06
7800 	 7985 	 1.6826690561e+01 	 9.3892025130e-06
7900 	 8088 	 1.6826690557e+01 	 8.9751356637e-06
8000 	 8190 	 1.6826690553e+01 	 6.8355929053e-06
8100 	 8292 	 1.6826690549e+01 	 1.0118600499e-05
8200 	 8394 	 1.6826690547e+01 	 6.1509912078e-06
8300 	 8499 	 1.6826690545e+01 	 7.9007094745e-06
8400 	 8600 	 1.6826690544e+01 	 3.6174407074e-06
8500 	 8703 	 1.6826690542e+01 	 4.0792965508e-06
8600 	 8804 	 1.6826690541e+01 	 7.4640504976e-06
8700 	 8906 	 1.6826690539e+01 	 3.9461133578e-06
8800 	 9008 	 1.6826690538e+01 	 4.8173945433e-06
8900 	 9110 	 1.6826690537e+01 	 3.5870787944e-06
9000 	 9213 	 1.6826690536e+01 	 7.6439916575e-06
9100 	 9315 	 1.6826690534e+01 	 9.2064113524e-06
9200 	 9419 	 1.6826690533e+01 	 6.6639484807e-06
9300 	 9521 	 1.6826690532e+01 	 2.3428016401e-06
9400 	 9625 	 1.6826690532e+01 	 3.3612265737e-06
9500 	 9727 	 1.6826690531e+01 	 2.9370829150e-06
9600 	 9831 	 1.6826690530e+01 	 3.8034617266e-06
9700 	 9933 	 1.6826690530e+01 	 1.4280878095e-06
9800 	 10034 	 1.6826690530e+01 	 1.8461963704e-06
9900 	 10137 	 1.6826690530e+01 	 1.9289973875e-06
10000 	 10241 	 1.6826690529e+01 	 3.2193313535e-06
10100 	 10344 	 1.6826690529e+01 	 1.6392879339e-06
10200 	 10446 	 1.6826690529e+01 	 2.4503631356e-06
10300 	 10548 	 1.6826690528e+01 	 2.3884308699e-06
10400 	 10649 	 1.6826690528e+01 	 2.4268447869e-06
10500 	 10752 	 1.6826690528e+01 	 4.4977276792e-06
10600 	 10854 	 1.6826690527e+01 	 2.1313999757e-06
10700 	 10955 	 1.6826690527e+01 	 1.7666287829e-06
10800 	 11058 	 1.6826690527e+01 	 1.2817352396e-06
10900 	 11160 	 1.6826690527e+01 	 1.2560734563e-06
11000 	 11263 	 1.6826690527e+01 	 1.1367360440e-06
11100 	 11367 	 1.6826690527e+01 	 7.5654660666e-07
11200 	 11470 	 1.6826690527e+01 	 7.9305780019e-07
11300 	 11574 	 1.6826690527e+01 	 1.5717803019e-06
11400 	 11676 	 1.6826690527e+01 	 7.4971543960e-07
11500 	 11778 	 1.6826690526e+01 	 4.9644149943e-07
11600 	 11880 	 1.6826690526e+01 	 1.0687633026e-06
11700 	 11982 	 1.6826690526e+01 	 4.8570983108e-07
11800 	 12085 	 1.6826690526e+01 	 5.4579552829e-07
11900 	 12186 	 1.6826690526e+01 	 4.6263138065e-07
12000 	 12295 	 1.6826690526e+01 	 5.1492327482e-07
12100 	 12398 	 1.6826690526e+01 	 5.5433058130e-07
12200 	 12503 	 1.6826690526e+01 	 3.7865184721e-07
12300 	 12613 	 1.6826690526e+01 	 5.5654453880e-07
12400 	 12717 	 1.6826690526e+01 	 4.6063483310e-07
12500 	 12829 	 1.6826690526e+01 	 3.6725005914e-07
12600 	 12935 	 1.6826690526e+01 	 8.7778365770e-07
12700 	 13037 	 1.6826690526e+01 	 4.7981301525e-07
12800 	 13137 	 1.6826690526e+01 	 6.4725712816e-07
12900 	 13241 	 1.6826690526e+01 	 1.2403614933e-06
13000 	 13347 	 1.6826690526e+01 	 4.8347899971e-07
13100 	 13455 	 1.6826690526e+01 	 3.3538802507e-07
13200 	 13562 	 1.6826690526e+01 	 4.2708631562e-07
13300 	 13671 	 1.6826690526e+01 	 3.2591932530e-07
13400 	 13785 	 1.6826690526e+01 	 6.7478035358e-07
13500 	 13896 	 1.6826690526e+01 	 2.7611563458e-07
# ---- 
 1 		 13572 	 13999 		 1.7354361590e+01 	 1.6826690526e+01 	 3.0039044719e-07
# ---- 
100 	 102 	 2.4400502826e+01 	 1.6440207169e-02
200 	 202 	 2.4394575545e+01 	 1.1102389729e-02
300 	 303 	 2.4389639110e+01 	 9.8783624182e-03
400 	 408 	 2.4386053145e+01 	 7.1135109325e-03
500 	 510 	 2.4383471777e+01 	 4.9215929056e-03
600 	 612 	 2.4381990648e+01 	 4.3326341760e-03
700 	 714 	 2.4381298318e+01 	 2.1498743609e-03
800 	 816 	 2.4380978963e+01 	 2.4294571264e-03
900 	 917 	 2.4380762066e+01 	 1.0402013356e-03
1000 	 1018 	 2.4380664064e+01 	 8.8105702429e-04
1100 	 1120 	 2.4380594955e+01 	 9.4193652145e-04
1200 	 1222 	 2.4380508689e+01 	 1.2130261364e-03
1300 	 1323 	 2.4380407775e+01 	 1.3020472117e-03
1400 	 1425 	 2.4380302688e+01 	 1.5245230204e-03
1500 	 1527 	 2.4380197954e+01 	 9.1453672651e-04
1600 	 1631 	 2.4380114559e+01 	 8.8237964604e-04
1700 	 1736 	 2.4380052720e+01 	 6.9145582131e-04
1800 	 1837 	 2.4380001569e+01 	 8.3925796901e-04
1900 	 1939 	 2.4379965733e+01 	 6.1510437223e-04
2000 	 2043 	 2.4379937475e+01 	 1.1939454355e-03
2100 	 2146 	 2.4379913814e+01 	 5.2562576777e-04
2200 	 2246 	 2.4379887574e+01 	 4.8267108052e-04
2300 	 2347 	 2.4379868600e+01 	 4.7509534432e-04
2400 	 2449 	 2.4379850644e+01 	 4.3110310428e-04
2500 	 2551 	 2.4379837435e+01 	 5.2740226706e-04
2600 	 2655 	 2.4379822599e+01 	 5.2592564768e-04
2700 	 2756 	 2.4379811856e+01 	 4.1021558923e-04
2800 	 2859 	 2.4379800930e+01 	 3.3823297022e-04
2900 	 2960 	 2.4379790364e+01 	 2.9735430814e-04
3000 	 3062 	 2.4379782369e+01 	 2.9163761591e-04
3100 	 3162 	 2.4379776011e+01 	 3.4565389860e-04
3200 	 3263 	 2.4379771865e+01 	 1.9239089408e-04
3300 	 3366 	 2.4379770074e+01 	 1.5676047200e-04
3400 	 3467 	 2.4379768710e+01 	 1.0971101078e-04
3500 	 3569 	 2.4379767658e+01 	 1.4114727801e-04
3600 	 3671 	 2.4379766877e+01 	 2.7840073064e-04
3700 	 3775 	 2.4379766133e+01 	 1.0062876280e-04
3800 	 3877 	 2.4379765469e+01 	 1.2178849133e-04
3900 	 3981 	 2.4379764769e+01 	 1.4596831708e-04
4000 	 4082 	 2.4379764148e+01 	 1.1008742297e-04
4100 	 4184 	 2.4379763237e+01 	 1.1913180863e-04
4200 	 4287 	 2.4379762314e+01 	 1.0707749665e-04
4300 	 4390 	 2.4379760955e+01 	 1.5659285665e-04
4400 	 4491 	 2.4379759350e+01 	 1.3257852892e-04
4500 	 4594 	 2.4379758228e+01 	 1.0284278835e-04
4600 	 4695 	 2.4379757394e+01 	 1.0243733166e-04
4700 	 4799 	 2.4379756668e+01 	 9.0091053959e-05
4800 	 4902 	 2.4379756082e+01 	 7.9779375928e-05
4900 	 5003 	 2.4379755620e+01 	 1.3824787761e-04
5000 	 5105 	 2.4379755267e+01 	 4.5037192553e-05
5100 	 5208 	 2.4379754990e+01 	 1.0208102228e-04
5200 	 5311 	 2.4379754679e+01 	 4.8026369753e-05
5300 	 5413 	 2.4379754429e+01 	 4.9055731853e-05
5400 	 5519 	 2.4379754269e+01 	 4.0153804153e-05
5500 	 5621 	 2.4379754159e+01 	 3.7826638039e-05
5600 	 5724 	 2.4379754088e+01 	 3.3068185801e-05
5700 	 5826 	 2.4379754048e+01 	 1.7660038066e-05
5800 	 5929 	 2.4379754023e+01 	 1.3358341038e-05
5900 	 6031 	 2.4379753999e+01 	 1.2371888098e-05
6000 	 6134 	 2.4379753978e+01 	 1.5750667677e-05
6100 	 6235 	 2.4379753963e+01 	 9.9048483870e-06
6200 	 6337 	 2.4379753950e+01 	 1.1589044694e-05
6300 	 6439 	 2.4379753938e+01 	 9.8145895743e-06
6400 	 6541 	 2.4379753929e+01 	 9.2428058288e-06
6500 	 6643 	 2.4379753922e+01 	 9.9087518243e-06
6600 	 6745 	 2.4379753911e+01 	 1.5923688138e-05
6700 	 6849 	 2.4379753900e+01 	 1.0136550661e-05
6800 	 6951 	 2.4379753892e+01 	 1.2974485492e-05
6900 	 7057 	 2.4379753888e+01 	 6.6707255390e-06
7000 	 7157 	 2.4379753884e+01 	 1.4949795284e-05
7100 	 7259 	 2.4379753880e+01 	 1.1182339082e-05
7200 	 7362 	 2.4379753877e+01 	 5.3335499943e-06
7300 	 7465 	 2.4379753873e+01 	 7.1044614572e-06
7400 	 7570 	 2.4379753868e+01 	 9.0257869558e-06
7500 	 7671 	 2.4379753863e+01 	 8.3244310831e-06
7600 	 7775 	 2.4379753858e+01 	 1.6365083951e-05
7700 	 7877 	 2.4379753855e+01 	 7.5672326663e-06
7800 	 7981 	 2.4379753851e+01 	 6.0866511821e-06
7900 	 8084 	 2.4379753848e+01 	 6.1240201028e-06
8000 	 8187 	 2.4379753844e+01 	 6.0469314796e-06
8100 	 8290 	 2.4379753842e+01 	 5.2581250065e-06
8200 	 8395 	 2.4379753840e+01 	 3.5821525563e-06
8300 	 8498 	 2.4379753838e+01 	 8.8129040991e-06
8400 	 8601 	 2.4379753836e+01 	 7.5266096275e-06
8500 	 8704 	 2.4379753834e+01 	 7.6038363642e-06
8600 	 8807 	 2.4379753833e+01 	 3.0155764196e-06
8700 	 8910 	 2.4379753832e+01 	 2.6235262226e-06
8800 	 9012 	 2.4379753832e+01 	 2.7491699610e-06
8900 	 9115 	 2.4379753831e+01 	 2.8908619361e-06
9000 	 9220 	 2.4379753831e+01 	 1.3853665252e-06
9100 	 9322 	 2.4379753830e+01 	 1.3218011244e-06
9200 	 9427 	 2.4379753830e+01 	 1.5818173925e-06
9300 	 9528 	 2.4379753830e+01 	 1.8753027833e-06
9400 	 9632 	 2.4379753830e+01 	 1.2793314553e-06
9500 	 9734 	 2.4379753830e+01 	 1.2669641779e-06
9600 	 9835 	 2.4379753829e+01 	 1.5109857152e-06
9700 	 9936 	 2.4379753829e+01 	 1.1721496141e-06
9800 	 10040 	 2.4379753829e+01 	 1.9617553259e-06
9900 	 10146 	 2.4379753829e+01 	 1.5256223864e-06
10000 	 10252 	 2.4379753829e+01 	 2.0796575048e-06
10100 	 10356 	 2.4379753828e+01 	 1.6690976344e-06
10200 	 10458 	 2.4379753828e+01 	 1.8387517995e-06
10300 	 10559 	 2.4379753828e+01 	 1.8615342962e-06
10400 	 10659 	 2.4379753828e+01 	 1.5145482469e-06
10500 	 10762 	 2.4379753828e+01 	 1.2803268139e-06
10600 	 10864 	 2.4379753827e+01 	 1.3314962484e-06
10700 	 10965 	 2.4379753827e+01 	 2.2521008358e-06
10800 	 11068 	 2.4379753827e+01 	 2.0428060702e-06
10900 	 11172 	 2.4379753827e+01 	 1.2435151746e-06
11000 	 11274 	 2.4379753827e+01 	 9.4718346379e-07
11100 	 11376 	 2.4379753827e+01 	 9.9923134072e-07
11200 	 11479 	 2.4379753827e+01 	 1.5569769272e-06
11300 	 11582 	 2.4379753827e+01 	 1.8367292153e-06
11400 	 11685 	 2.4379753827e+01 	 8.4462383014e-07
11500 	 11788 	 2.4379753827e+01 	 8.4231998633e-07
11600 	 11891 	 2.4379753827e+01 	 6.8130500238e-07
11700 	 11999 	 2.4379753827e+01 	 5.9260278000e-07
11800 	 12104 	 2.4379753827e+01 	 6.1219419105e-07
11900 	 12213 	 2.4379753827e+01 	 5.3374375589e-07
12000 	 12318 	 2.4379753827e+01 	 5.5394809052e-07
12100 	 12428 	 2.4379753827e+01 	 3.2726459035e-07
12200 	 12538 	 2.4379753826e+01 	 4.5018968221e-07
12300 	 12654 	 2.4379753826e+01 	 7.5698346474e-07
12400 	 12761 	 2.4379753826e+01 	 7.5905564089e-07
12500 	 12874 	 2.4379753826e+01 	 2.8049552692e-07
12600 	 12990 	 2.4379753826e+01 	 1.7870220730e-07
12700 	 13100 	 2.4379753826e+01 	 2.9394211920e-07
12800 	 13214 	 2.4379753826e+01 	 3.1426642897e-07
# ---- 
 1 		 12865 	 13305 		 2.4904824368e+01 	 2.4379753826e+01 	 2.7269339909e-07
# ---- 
100 	 101 	 3.3370564373e+01 	 1.2945424043e-02
200 	 202 	 3.3365108629e+01 	 7.3884564556e-03
300 	 303 	 3.3360735935e+01 	 9.4176730397e-03
400 	 409 	 3.3357360453e+01 	 6.5883941969e-03
500 	 511 	 3.3354701637e+01 	 7.5750234183e-03
600 	 613 	 3.3353141206e+01 	 3.8771097635e-03
700 	 714 	 3.3352451575e+01 	 4.3960618530e-03
800 	 815 	 3.3352003853e+01 	 2.0562640073e-03
900 	 918 	 3.3351750821e+01 	 1.1513774888e-03
1000 	 1023 	 3.3351627637e+01 	 8.3958789715e-04
1100 	 1125 	 3.3351541652e+01 	 2.1405805234e-03
1200 	 1229 	 3.3351466151e+01 	 8.7848860733e-04
1300 	 1330 	 3.3351385504e+01 	 1.1876002901e-03
1400 	 1431 	 3.3351286775e+01 	 1.2721215689e-03
1500 	 1531 	 3.3351163099e+01 	 1.8350264916e-03
1600 	 1635 	 3.3351082736e+01 	 9.3136641944e-04
1700 	 1736 	 3.3351020050e+01 	 7.9637724230e-04
1800 	 1839 	 3.3350977526e+01 	 1.2048811573e-03
1900 	 1942 	 3.3350945761e+01 	 6.7109922202e-04
2000 	 2045 	 3.3350919984e+01 	 6.0180444865e-04
2100 	 2146 	 3.3350893695e+01 	 7.4016612959e-04
2200 	 2248 	 3.3350873561e+01 	 4.1135990767e-04
2300 	 2349 	 3.3350857703e+01 	 3.0363852933e-04
2400 	 2452 	 3.3350843729e+01 	 5.5265828259e-04
2500 	 2552 	 3.3350829889e+01 	 3.5710105444e-04
2600 	 2654 	 3.3350818588e+01 	 6.0383945244e-04
2700 	 2757 	 3.3350807404e+01 	 7.3791426747e-04
2800 	 2859 	 3.3350798738e+01 	 2.2601616616e-04
2900 	 2961 	 3.3350793344e+01 	 6.5781369777e-04
3000 	 3066 	 3.3350788628e+01 	 2.2048679824e-04
3100 	 3168 	 3.3350784959e+01 	 3.1073295289e-04
3200 	 3271 	 3.3350782659e+01 	 1.5582569973e-04
3300 	 3377 	 3.3350781014e+01 	 1.4093617458e-04
3400 	 3480 	 3.3350779697e+01 	 1.1366161945e-04
3500 	 3583 	 3.3350778593e+01 	 1.6167624204e-04
3600 	 3686 	 3.3350777493e+01 	 1.7046537794e-04
3700 	 3788 	 3.3350776313e+01 	 2.5754350913e-04
3800 	 3889 	 3.3350774274e+01 	 1.7875011142e-04
3900 	 3991 	 3.3350772396e+01 	 2.3886990923e-04
4000 	 4092 	 3.3350770820e+01 	 1.2397877849e-04
4100 	 4194 	 3.3350769454e+01 	 2.8746185748e-04
4200 	 4295 	 3.3350768172e+01 	 1.8295724482e-04
4300 	 4397 	 3.3350767064e+01 	 1.3710061686e-04
4400 	 4498 	 3.3350766277e+01 	 1.8133576649e-04
4500 	 4601 	 3.3350765505e+01 	 9.0996610626e-05
4600 	 4703 	 3.3350764831e+01 	 2.0049698348e-04
4700 	 4806 	 3.3350764156e+01 	 8.0660529279e-05
4800 	 4907 	 3.3350763780e+01 	 1.7236679753e-04
4900 	 5009 	 3.3350763506e+01 	 5.7494568962e-05
5000 	 5112 	 3.3350763286e+01 	 4.6919800093e-05
5100 	 5215 	 3.3350763067e+01 	 4.4950235213e-05
5200 	 5316 	 3.3350762873e+01 	 4.1667460024e-05
5300 	 5420 	 3.3350762703e+01 	 4.4060192355e-05
5400 	 5525 	 3.3350762582e+01 	 2.8387806649e-05
5500 	 5628 	 3.3350762490e+01 	 3.9618932621e-05
5600 	 5730 	 3.3350762405e+01 	 2.6638981078e-05
5700 	 5833 	 3.3350762325e+01 	 3.8793614682e-05
5800 	 5935 	 3.3350762237e+01 	 3.3261347819e-05
5900 	 6036 	 3.3350762154e+01 	 7.8769934623e-05
6000 	 6140 	 3.3350762089e+01 	 2.7278321204e-05
6100 	 6243 	 3.3350762044e+01 	 2.0240120970e-05
6200 	 6345 	 3.3350762014e+01 	 2.8335776160e-05
6300 	 6446 	 3.3350761996e+01 	 1.3583680153e-05
6400 	 6550 	 3.3350761981e+01 	 1.2947392373e-05
6500 	 6655 	 3.3350761963e+01 	 3.8162609059e-05
6600 	 6758 	 3.3350761943e+01 	 3.0970405146e-05
6700 	 6859 	 3.3350761929e+01 	 1.6662872458e-05
6800 	 6960 	 3.3350761919e+01 	 2.0086803553e-05
6900 	 7062 	 3.3350761909e+01 	 9.7648701448e-06
7000 	 7164 	 3.3350761899e+01 	 1.1092795006e-05
7100 	 7269 	 3.3350761893e+01 	 8.1649541291e-06
7200 	 7373 	 3.3350761888e+01 	 7.0989549192e-06
7300 	 7475 	 3.3350761884e+01 	 7.8344326545e-06
7400 	 7578 	 3.3350761881e+01 	 1.6536788254e-05
7500 	 7681 	 3.3350761878e+01 	 5.0292824542e-06
7600 	 7783 	 3.3350761875e+01 	 4.4951079917e-06
7700 	 7884 	 3.3350761872e+01 	 6.8987704679e-06
7800 	 7987 	 3.3350761869e+01 	 5.2575698212e-06
7900 	 8090 	 3.3350761866e+01 	 1.8352921951e-05
8000 	 8193 	 3.3350761862e+01 	 9.7592688088e-06
8100 	 8297 	 3.3350761858e+01 	 8.3975923426e-06
8200 	 8399 	 3.3350761855e+01 	 5.3541459108e-06
8300 	 8503 	 3.3350761854e+01 	 4.3832096829e-06
8400 	 8606 	 3.3350761852e+01 	 3.0352407700e-06
8500 	 8709 	 3.3350761851e+01 	 5.0810380896e-06
8600 	 8812 	 3.3350761850e+01 	 3.8721784633e-06
8700 	 8915 	 3.3350761849e+01 	 7.7975896645e-06
8800 	 9016 	 3.3350761848e+01 	 2.3818913305e-06
8900 	 9118 	 3.3350761847e+01 	 4.4912674219e-06
9000 	 9221 	 3.3350761846e+01 	 1.0261236513e-05
9100 	 9322 	 3.3350761844e+01 	 1.1350196339e-05
9200 	 9422 	 3.3350761844e+01 	 4.3506081010e-06
9300 	 9523 	 3.3350761843e+01 	 2.8214892964e-06
9400 	 9625 	 3.3350761842e+01 	 3.1049575861e-06
9500 	 9729 	 3.3350761842e+01 	 2.3549827206e-06
9600 	 9832 	 3.3350761841e+01 	 1.7822972282e-06
9700 	 9933 	 3.3350761841e+01 	 1.7133995983e-06
9800 	 10034 	 3.3350761841e+01 	 1.4091895318e-06
9900 	 10136 	 3.3350761841e+01 	 1.3412378025e-06
10000 	 10236 	 3.3350761841e+01 	 1.0869831611e-06
10100 	 10339 	 3.3350761840e+01 	 1.7877656487e-06
10200 	 10444 	 3.3350761840e+01 	 2.1750927045e-06
10300 	 10546 	 3.3350761840e+01 	 2.8619447065e-06
10400 	 10648 	 3.3350761840e+01 	 2.6983599974e-06
10500 	 10748 	 3.3350761840e+01 	 9.7307730917e-07
10600 	 10850 	 3.3350761839e+01 	 2.5833224830e-06
10700 	 10952 	 3.3350761839e+01 	 2.5955119052e-06
10800 	 11054 	 3.3350761839e+01 	 1.9641676404e-06
10900 	 11157 	 3.3350761839e+01 	 3.8065435609e-06
11000 	 11261 	 3.3350761839e+01 	 1.5546569738e-06
11100 	 11364 	 3.3350761839e+01 	 1.0338522070e-06
11200 	 11466 	 3.3350761839e+01 	 1.1905111976e-06
11300 	 11569 	 3.3350761839e+01 	 1.3495815242e-06
11400 	 11672 	 3.3350761839e+01 	 9.2100250670e-07
11500 	 11775 	 3.3350761839e+01 	 6.5639788336e-07
11600 	 11883 	 3.3350761839e+01 	 4.1168310551e-07
11700 	 11994 	 3.3350761838e+01 	 9.9080958144e-07
11800 	 12099 	 3.3350761838e+01 	 3.6413377378e-07
11900 	 12206 	 3.3350761838e+01 	 8.5742269537e-07
12000 	 12314 	 3.3350761838e+01 	 1.2382003082e-06
12100 	 12429 	 3.3350761838e+01 	 4.9105430849e-07
12200 	 12554 	 3.3350761838e+01 	 1.8813601653e-07
# ---- 
 1 		 12235 	 12613 		 3.3873953204e+01 	 3.3350761838e+01 	 5.4291869351e-07
# ---- 
100 	 102 	 4.3764029859e+01 	 9.5406770723e-03
200 	 203 	 4.3759003840e+01 	 8.6660978713e-03
300 	 305 	 4.3755183612e+01 	 8.7538496284e-03
400 	 406 	 4.3751806758e+01 	 8.1408994765e-03
500 	 509 	 4.3748741990e+01 	 7.2349929157e-03
600 	 610 	 4.3747310651e+01 	 2.7042161792e-03
700 	 714 	 4.3746600971e+01 	 3.6315448745e-03
800 	 816 	 4.3746196987e+01 	 1.6665105631e-03
900 	 919 	 4.3745971420e+01 	 2.9754795224e-03
1000 	 1021 	 4.3745858679e+01 	 1.2048716479e-03
1100 	 1124 	 4.3745765296e+01 	 1.1861893367e-03
1200 	 1226 	 4.3745685542e+01 	 1.3188666309e-03
1300 	 1327 	 4.3745603450e+01 	 1.2033648105e-03
1400 	 1430 	 4.3745485772e+01 	 1.1147734569e-03
1500 	 1533 	 4.3745392015e+01 	 1.2321906500e-03
1600 	 1634 	 4.3745313105e+01 	 1.4220340452e-03
1700 	 1736 	 4.3745264971e+01 	 7.4104531531e-04
1800 	 1838 	 4.3745228661e+01 	 6.6564067058e-04
1900 	 1940 	 4.3745195913e+01 	 1.8576985403e-03
2000 	 2043 	 4.3745172230e+01 	 6.7847925931e-04
2100 	 2146 	 4.3745152623e+01 	 5.2221084705e-04
2200 	 2248 	 4.3745133376e+01 	 4.9078438182e-04
2300 	 2350 	 4.3745114749e+01 	 5.8574327583e-04
2400 	 2452 	 4.3745097641e+01 	 8.3563204213e-04
2500 	 2554 	 4.3745082616e+01 	 9.9770861161e-04
2600 	 2656 	 4.3745070308e+01 	 4.4119959370e-04
2700 	 2757 	 4.3745061480e+01 	 2.5469338601e-04
2800 	 2858 	 4.3745053428e+01 	 2.2128876196e-04
2900 	 2960 	 4.3745049206e+01 	 2.4609461052e-04
3000 	 3061 	 4.3745045937e+01 	 1.7018423049e-04
3100 	 3163 	 4.3745043634e+01 	 1.7588589679e-04
3200 	 3265 	 4.3745041863e+01 	 2.1864197978e-04
3300 	 3366 	 4.3745040500e+01 	 1.3830457395e-04
3400 	 3469 	 4.3745039375e+01 	 8.5075757672e-05
3500 	 3571 	 4.3745038265e+01 	 1.2812042988e-04
3600 	 3674 	 4.3745037142e+01 	 1.2494526891e-04
3700 	 3778 	 4.3745035531e+01 	 2.0331616531e-04
3800 	 3880 	 4.3745034023e+01 	 1.4864878657e-04
3900 	 3982 	 4.3745032911e+01 	 1.3899117620e-04
4000 	 4084 	 4.3745031832e+01 	 1.4043482668e-04
4100 	 4188 	 4.3745030896e+01 	 9.4756838893e-05
4200 	 4291 	 4.3745030072e+01 	 8.4505797572e-05
4300 	 4392 	 4.3745029156e+01 	 1.2573449181e-04
4400 	 4494 	 4.3745028380e+01 	 1.0829429874e-04
4500 	 4598 	 4.3745027919e+01 	 7.2042992506e-05
4600 	 4701 	 4.3745027633e+01 	 5.9557170004e-05
4700 	 4803 	 4.3745027429e+01 	 4.0363035607e-05
4800 	 4906 	 4.3745027240e+01 	 4.9554645700e-05
4900 	 5007 	 4.3745027012e+01 	 6.9924177073e-05
5000 	 5110 	 4.3745026777e+01 	 5.8388031510e-05
5100 	 5214 	 4.3745026597e+01 	 3.7033766158e-05
5200 	 5316 	 4.3745026476e+01 	 4.0750580027e-05
5300 	 5418 	 4.3745026368e+01 	 3.5697718229e-05
5400 	 5519 	 4.3745026255e+01 	 2.7121296027e-05
5500 	 5621 	 4.3745026182e+01 	 2.5267653828e-05
5600 	 5723 	 4.3745026087e+01 	 3.5069232936e-05
5700 	 5825 	 4.3745026004e+01 	 8.7089196163e-05
5800 	 5928 	 4.3745025943e+01 	 2.1469592739e-05
5900 	 6030 	 4.3745025913e+01 	 1.8073688667e-05
6000 	 6133 	 4.3745025886e+01 	 1.5385286196e-05
6100 	 6236 	 4.3745025860e+01 	 3.3418010854e-05
6200 	 6340 	 4.3745025830e+01 	 1.6043915923e-05
6300 	 6442 	 4.3745025813e+01 	 2.0467707595e-05
6400 	 6544 	 4.3745025795e+01 	 9.4025812702e-06
6500 	 6647 	 4.3745025778e+01 	 2.9908150315e-05
6600 	 6750 	 4.3745025756e+01 	 1.3716366618e-05
6700 	 6852 	 4.3745025722e+01 	 5.9829252969e-05
6800 	 6953 	 4.3745025690e+01 	 1.6788224519e-05
6900 	 7054 	 4.3745025672e+01 	 1.1777405703e-05
7000 	 7157 	 4.3745025660e+01 	 8.1039656718e-06
7100 	 7259 	 4.3745025650e+01 	 1.1259378438e-05
7200 	 7364 	 4.3745025641e+01 	 9.4229753378e-06
7300 	 7466 	 4.3745025634e+01 	 1.6597497330e-05
7400 	 7568 	 4.3745025626e+01 	 7.3599893210e-06
7500 	 7672 	 4.3745025619e+01 	 1.3470056062e-05
7600 	 7773 	 4.3745025614e+01 	 8.9141524646e-06
7700 	 7877 	 4.3745025610e+01 	 4.7924015350e-06
7800 	 7980 	 4.3745025607e+01 	 1.1919776355e-05
7900 	 8082 	 4.3745025605e+01 	 1.1460100432e-05
8000 	 8185 	 4.3745025604e+01 	 3.6005804170e-06
8100 	 8290 	 4.3745025602e+01 	 3.2325777440e-06
8200 	 8393 	 4.3745025601e+01 	 3.7374978091e-06
8300 	 8496 	 4.3745025600e+01 	 2.7740829144e-06
8400 	 8598 	 4.3745025600e+01 	 4.7712928487e-06
8500 	 8702 	 4.3745025599e+01 	 4.8996925984e-06
8600 	 8805 	 4.3745025598e+01 	 2.8094724384e-06
8700 	 8909 	 4.3745025597e+01 	 2.5777377618e-06
8800 	 9013 	 4.3745025597e+01 	 4.1809452503e-06
8900 	 9117 	 4.3745025596e+01 	 5.1292840644e-06
9000 	 9220 	 4.3745025595e+01 	 2.8285794918e-06
9100 	 9321 	 4.3745025595e+01 	 2.7400073352e-06
9200 	 9424 	 4.3745025594e+01 	 1.7702892427e-06
9300 	 9526 	 4.3745025594e+01 	 6.2549922819e-06
9400 	 9628 	 4.3745025594e+01 	 3.4369894842e-06
9500 	 9733 	 4.3745025593e+01 	 1.9362562232e-06
9600 	 9836 	 4.3745025593e+01 	 1.8979459821e-06
9700 	 9937 	 4.3745025593e+01 	 2.0787083257e-06
9800 	 10043 	 4.3745025592e+01 	 1.6461898337e-06
9900 	 10144 	 4.3745025592e+01 	 1.3096003765e-06
10000 	 10247 	 4.3745025592e+01 	 1.5940493456e-06
10100 	 10348 	 4.3745025592e+01 	 4.0984282781e-06
10200 	 10450 	 4.3745025591e+01 	 3.7989630611e-06
10300 	 10550 	 4.3745025591e+01 	 1.8482573554e-06
10400 	 10651 	 4.3745025591e+01 	 1.1307027125e-06
10500 	 10753 	 4.3745025591e+01 	 1.1284419036e-06
10600 	 10855 	 4.3745025591e+01 	 1.2950846149e-06
10700 	 10957 	 4.3745025591e+01 	 1.0109435665e-06
10800 	 11060 	 4.3745025591e+01 	 7.3874683604e-07
10900 	 11164 	 4.3745025590e+01 	 7.1847779619e-07
11000 	 11267 	 4.3745025590e+01 	 8.2963510186e-07
11100 	 11379 	 4.3745025590e+01 	 5.7717943990e-07
11200 	 11483 	 4.3745025590e+01 	 5.2284681447e-07
11300 	 11593 	 4.3745025590e+01 	 5.7711989166e-07
11400 	 11697 	 4.3745025590e+01 	 9.9709359341e-07
11500 	 11810 	 4.3745025590e+01 	 5.6444185963e-07
11600 	 11920 	 4.3745025590e+01 	 1.0238372610e-06
11700 	 12032 	 4.3745025590e+01 	 4.2806241688e-07
# ---- 
 1 		 11742 	 12101 		 4.4266868807e+01 	 4.3745025590e+01 	 4.8248758240e-07
# ---- 
100 	 103 	 5.5585287039e+01 	 7.9576132771e-03
200 	 206 	 5.5580574139e+01 	 7.4014299408e-03
300 	 309 	 5.5576822614e+01 	 7.7085902756e-03
400 	 413 	 5.5573660819e+01 	 7.3239392735e-03
500 	 513 	 5.5570792075e+01 	 1.4415054502e-02
600 	 616 	 5.5569370995e+01 	 7.5475422473e-03
700 	 716 	 5.5568604726e+01 	 4.1030646706e-03
800 	 817 	 5.5568157198e+01 	 2.5827957773e-03
900 	 921 	 5.5567913581e+01 	 2.1996038829e-03
1000 	 1023 	 5.5567779117e+01 	 1.3654753726e-03
1100 	 1124 	 5.5567682037e+01 	 1.0350007603e-03
1200 	 1228 	 5.5567596702e+01 	 9.6192133342e-04
1300 	 1330 	 5.5567507025e+01 	 1.9198542347e-03
1400 	 1432 	 5.5567395189e+01 	 1.3385694580e-03
1500 	 1533 	 5.5567298663e+01 	 1.1028717123e-03
1600 	 1637 	 5.5567231626e+01 	 9.3997786824e-04
1700 	 1739 	 5.5567192759e+01 	 6.2869375676e-04
1800 	 1842 	 5.5567153496e+01 	 8.5110609833e-04
1900 	 1944 	 5.5567118260e+01 	 7.6985523863e-04
2000 	 2048 	 5.5567089167e+01 	 7.2854815594e-04
2100 	 2151 	 5.5567066264e+01 	 5.4215680397e-04
2200 	 2254 	 5.5567048651e+01 	 4.4409246965e-04
2300 	 2356 	 5.5567032796e+01 	 3.0755662594e-04
2400 	 2458 	 5.5567021152e+01 	 3.2105809343e-04
2500 	 2560 	 5.5567011465e+01 	 3.6312217339e-04
2600 	 2662 	 5.5567000274e+01 	 4.1579878373e-04
2700 	 2763 	 5.5566991665e+01 	 3.4052671952e-04
2800 	 2867 	 5.5566986672e+01 	 4.0432125149e-04
2900 	 2968 	 5.5566983734e+01 	 1.9976043399e-04
3000 	 3073 	 5.5566981708e+01 	 1.3295017126e-04
3100 	 3177 	 5.5566980610e+01 	 1.0405399143e-04
3200 	 3279 	 5.5566979577e+01 	 8.6345540451e-05
3300 	 3382 	 5.5566978402e+01 	 1.1468616540e-04
3400 	 3485 	 5.5566977324e+01 	 9.5925549965e-05
3500 	 3589 	 5.5566976227e+01 	 1.8095748542e-04
3600 	 3690 	 5.5566975245e+01 	 1.3340361008e-04
3700 	 3794 	 5.5566974431e+01 	 8.6335309271e-05
3800 	 3896 	 5.5566973586e+01 	 1.7180052046e-04
3900 	 3997 	 5.5566972629e+01 	 1.6129247992e-04
4000 	 4098 	 5.5566971309e+01 	 9.4871799790e-05
4100 	 4200 	 5.5566970357e+01 	 1.1941391939e-04
4200 	 4300 	 5.5566969684e+01 	 9.0061567608e-05
4300 	 4401 	 5.5566969091e+01 	 8.0522978641e-05
4400 	 4504 	 5.5566968652e+01 	 6.2495274925e-05
4500 	 4609 	 5.5566968352e+01 	 1.5459290242e-04
4600 	 4712 	 5.5566968145e+01 	 4.4313946591e-05
4700 	 4814 	 5.5566968013e+01 	 8.2393716977e-05
4800 	 4917 	 5.5566967912e+01 	 4.8326317248e-05
4900 	 5019 	 5.5566967825e+01 	 2.8494187807e-05
5000 	 5122 	 5.5566967773e+01 	 2.2670170512e-05
5100 	 5225 	 5.5566967733e+01 	 1.8750159695e-05
5200 	 5327 	 5.5566967701e+01 	 1.8878174342e-05
5300 	 5430 	 5.5566967678e+01 	 1.2472876843e-05
5400 	 5532 	 5.5566967658e+01 	 4.5289263387e-05
5500 	 5635 	 5.5566967635e+01 	 1.6215233704e-05
5600 	 5740 	 5.5566967613e+01 	 1.3545423777e-05
5700 	 5843 	 5.5566967592e+01 	 2.1025358575e-05
5800 	 5944 	 5.5566967572e+01 	 1.3799224505e-05
5900 	 6050 	 5.5566967559e+01 	 1.0719147060e-05
6000 	 6152 	 5.5566967547e+01 	 1.4641823254e-05
6100 	 6255 	 5.5566967538e+01 	 1.0814717323e-05
6200 	 6360 	 5.5566967528e+01 	 3.6281157117e-05
6300 	 6462 	 5.5566967520e+01 	 1.1125316902e-05
6400 	 6563 	 5.5566967514e+01 	 9.8876652861e-06
6500 	 6667 	 5.5566967509e+01 	 6.1903519863e-06
6600 	 6771 	 5.5566967504e+01 	 7.2715028050e-06
6700 	 6873 	 5.5566967500e+01 	 8.5214633147e-06
6800 	 6976 	 5.5566967496e+01 	 6.2991892275e-06
6900 	 7078 	 5.5566967494e+01 	 8.4760884854e-06
7000 	 7180 	 5.5566967491e+01 	 3.7728579725e-06
7100 	 7284 	 5.5566967489e+01 	 5.1425366706e-06
7200 	 7388 	 5.5566967487e+01 	 6.1190419187e-06
7300 	 7492 	 5.5566967485e+01 	 3.2131471882e-06
7400 	 7595 	 5.5566967484e+01 	 7.7774290248e-06
7500 	 7698 	 5.5566967483e+01 	 9.1524140511e-06
7600 	 7800 	 5.5566967482e+01 	 3.3931478238e-06
7700 	 7902 	 5.5566967480e+01 	 3.9421678036e-06
7800 	 8004 	 5.5566967479e+01 	 2.4255529655e-06
7900 	 8105 	 5.5566967478e+01 	 3.1411118753e-06
8000 	 8207 	 5.5566967477e+01 	 2.1000332611e-06
8100 	 8308 	 5.5566967477e+01 	 1.9919376598e-06
8200 	 8412 	 5.5566967477e+01 	 1.6779460106e-06
8300 	 8514 	 5.5566967476e+01 	 4.5185878998e-06
8400 	 8617 	 5.5566967476e+01 	 2.8525853349e-06
8500 	 8720 	 5.5566967475e+01 	 1.9551774819e-06
8600 	 8820 	 5.5566967475e+01 	 2.6087776588e-06
8700 	 8924 	 5.5566967474e+01 	 2.0641023720e-06
8800 	 9026 	 5.5566967474e+01 	 1.9393586932e-06
8900 	 9128 	 5.5566967474e+01 	 1.4193696989e-06
9000 	 9230 	 5.5566967474e+01 	 2.4655050772e-06
9100 	 9331 	 5.5566967474e+01 	 1.5239546817e-06
9200 	 9434 	 5.5566967473e+01 	 1.5424584831e-06
9300 	 9536 	 5.5566967473e+01 	 1.9182016496e-06
9400 	 9639 	 5.5566967473e+01 	 1.3317566061e-06
9500 	 9744 	 5.5566967473e+01 	 1.2293007881e-06
9600 	 9845 	 5.5566967473e+01 	 1.1348386799e-06
9700 	 9947 	 5.5566967473e+01 	 1.0996462971e-06
9800 	 10050 	 5.5566967473e+01 	 6.4617097205e-07
9900 	 10154 	 5.5566967473e+01 	 1.0151295265e-06
10000 	 10258 	 5.5566967472e+01 	 3.8219144606e-07
10100 	 10365 	 5.5566967472e+01 	 7.9391495841e-07
10200 	 10472 	 5.5566967472e+01 	 9.0988258757e-07
10300 	 10576 	 5.5566967472e+01 	 1.0104571300e-06
10400 	 10677 	 5.5566967472e+01 	 1.0089644190e-06
10500 	 10780 	 5.5566967472e+01 	 1.3409590409e-06
10600 	 10883 	 5.5566967472e+01 	 1.0170735861e-06
10700 	 10986 	 5.5566967472e+01 	 8.4625455010e-07
10800 	 11095 	 5.5566967472e+01 	 1.8919303484e-06
10900 	 11204 	 5.5566967472e+01 	 4.1513253374e-07
11000 	 11319 	 5.5566967472e+01 	 4.3273886896e-07
11100 	 11432 	 5.5566967472e+01 	 4.7131827218e-07
11200 	 11556 	 5.5566967472e+01 	 3.3559789736e-07
# ---- 
 1 		 11201 	 11576 		 5.6087859238e+01 	 5.5566967472e+01 	 3.3559699458e-07
# ---- 
100 	 103 	 6.8837864977e+01 	 1.0016670592e-02
200 	 204 	 6.8833440354e+01 	 8.8698170108e-03
300 	 307 	 6.8830014043e+01 	 7.5677437060e-03
400 	 408 	 6.8826920896e+01 	 1.4200718612e-02
500 	 509 	 6.8824072770e+01 	 5.9545106907e-03
600 	 611 	 6.8822669733e+01 	 8.4095039288e-03
700 	 714 	 6.8821967702e+01 	 7.8532086741e-03
800 	 817 	 6.8821520101e+01 	 2.2969546599e-03
900 	 919 	 6.8821279516e+01 	 1.5803931756e-03
1000 	 1021 	 6.8821132527e+01 	 1.7053536293e-03
1100 	 1125 	 6.8821015056e+01 	 1.4763461901e-03
1200 	 1227 	 6.8820915068e+01 	 1.5002282808e-03
1300 	 1328 	 6.8820810809e+01 	 2.2436014541e-03
1400 	 1432 	 6.8820710192e+01 	 1.7630881579e-03
1500 	 1533 	 6.8820616733e+01 	 1.0549155168e-03
1600 	 1635 	 6.8820559880e+01 	 1.0912922820e-03
1700 	 1737 	 6.8820516303e+01 	 8.6021850084e-04
1800 	 1840 	 6.8820477479e+01 	 6.7574971514e-04
1900 	 1943 	 6.8820442891e+01 	 1.8275458850e-03
2000 	 2045 	 6.8820417490e+01 	 1.2306582114e-03
2100 	 2147 	 6.8820397479e+01 	 1.1559972281e-03
2200 	 2250 	 6.8820384886e+01 	 3.2529566257e-04
2300 	 2354 	 6.8820370899e+01 	 4.0654883658e-04
2400 	 2455 	 6.8820358576e+01 	 5.8779244382e-04
2500 	 2556 	 6.8820347887e+01 	 4.1061111960e-04
2600 	 2659 	 6.8820338567e+01 	 3.7103740664e-04
2700 	 2760 	 6.8820332908e+01 	 2.1162506007e-04
2800 	 2861 	 6.8820329562e+01 	 2.0352813920e-04
2900 	 2962 	 6.8820327014e+01 	 1.7777260762e-04
3000 	 3065 	 6.8820325745e+01 	 1.9094578209e-04
3100 	 3169 	 6.8820324353e+01 	 1.7498556906e-04
3200 	 3271 	 6.8820322579e+01 	 1.1980132153e-04
3300 	 3374 	 6.8820321409e+01 	 1.4283491453e-04
3400 	 3477 	 6.8820320495e+01 	 1.8333664435e-04
3500 	 3581 	 6.8820319626e+01 	 1.4703949584e-04
3600 	 3684 	 6.8820318610e+01 	 1.2669564270e-04
3700 	 3789 	 6.8820317632e+01 	 1.6384294514e-04
3800 	 3894 	 6.8820316600e+01 	 1.2013805786e-04
3900 	 3997 	 6.8820315728e+01 	 1.0319282009e-04
4000 	 4099 	 6.8820315134e+01 	 8.2991460408e-05
4100 	 4200 	 6.8820314791e+01 	 7.3391822356e-05
4200 	 4303 	 6.8820314452e+01 	 6.6763957117e-05
4300 	 4405 	 6.8820314062e+01 	 1.0034543262e-04
4400 	 4507 	 6.8820313630e+01 	 7.5115040112e-05
4500 	 4612 	 6.8820313209e+01 	 7.2899388798e-05
4600 	 4714 	 6.8820312923e+01 	 4.4163571831e-05
4700 	 4815 	 6.8820312719e+01 	 4.4280744609e-05
4800 	 4919 	 6.8820312568e+01 	 5.3034150282e-05
4900 	 5022 	 6.8820312466e+01 	 2.9153310924e-05
5000 	 5125 	 6.8820312412e+01 	 2.7273190320e-05
5100 	 5228 	 6.8820312353e+01 	 2.3571610049e-05
5200 	 5331 	 6.8820312318e+01 	 1.8627303008e-05
5300 	 5433 	 6.8820312285e+01 	 2.1520657600e-05
5400 	 5538 	 6.8820312254e+01 	 2.6229936408e-05
5500 	 5640 	 6.8820312228e+01 	 1.6548869918e-05
5600 	 5742 	 6.8820312207e+01 	 2.7707245485e-05
5700 	 5847 	 6.8820312195e+01 	 8.5549714700e-06
5800 	 5949 	 6.8820312186e+01 	 3.5477032558e-05
5900 	 6052 	 6.8820312174e+01 	 1.4479650687e-05
6000 	 6154 	 6.8820312157e+01 	 1.4046082632e-05
6100 	 6255 	 6.8820312145e+01 	 1.1484707964e-05
6200 	 6356 	 6.8820312137e+01 	 6.6835006723e-06
6300 	 6458 	 6.8820312130e+01 	 9.3227506664e-06
6400 	 6559 	 6.8820312124e+01 	 1.2212102455e-05
6500 	 6660 	 6.8820312120e+01 	 7.4922653061e-06
6600 	 6764 	 6.8820312116e+01 	 8.3880628942e-06
6700 	 6867 	 6.8820312112e+01 	 6.6330143013e-06
6800 	 6969 	 6.8820312108e+01 	 4.5960801828e-06
6900 	 7071 	 6.8820312107e+01 	 1.0752153934e-05
7000 	 7175 	 6.8820312105e+01 	 3.4587400469e-06
7100 	 7276 	 6.8820312104e+01 	 7.5370665262e-06
7200 	 7379 	 6.8820312103e+01 	 3.9116139112e-06
7300 	 7481 	 6.8820312102e+01 	 3.1834263906e-06
7400 	 7583 	 6.8820312101e+01 	 3.3669081491e-06
7500 	 7685 	 6.8820312100e+01 	 3.6841917764e-06
7600 	 7788 	 6.8820312099e+01 	 7.2082004283e-06
7700 	 7891 	 6.8820312098e+01 	 2.3511389662e-06
7800 	 7992 	 6.8820312098e+01 	 2.5715466419e-06
7900 	 8095 	 6.8820312097e+01 	 1.8434076211e-06
8000 	 8196 	 6.8820312097e+01 	 1.2912057301e-06
8100 	 8298 	 6.8820312097e+01 	 1.7736204256e-06
8200 	 8403 	 6.8820312097e+01 	 1.2480988997e-06
8300 	 8505 	 6.8820312096e+01 	 1.4689841853e-06
8400 	 8607 	 6.8820312096e+01 	 2.4648364537e-06
8500 	 8710 	 6.8820312096e+01 	 1.5269932031e-06
8600 	 8812 	 6.8820312096e+01 	 1.5574831434e-06
8700 	 8914 	 6.8820312096e+01 	 7.7023016422e-07
8800 	 9017 	 6.8820312096e+01 	 1.2055732960e-06
8900 	 9121 	 6.8820312096e+01 	 1.0227160366e-06
9000 	 9224 	 6.8820312096e+01 	 2.5557712294e-06
9100 	 9326 	 6.8820312096e+01 	 1.0664089054e-06
9200 	 9431 	 6.8820312095e+01 	 1.0804928462e-06
9300 	 9536 	 6.8820312095e+01 	 1.5867624777e-06
9400 	 9640 	 6.8820312095e+01 	 7.7812532343e-07
9500 	 9756 	 6.8820312095e+01 	 7.1983197697e-07
9600 	 9865 	 6.8820312095e+01 	 5.8334389928e-07
9700 	 9971 	 6.8820312095e+01 	 9.9972374311e-07
9800 	 10078 	 6.8820312095e+01 	 6.0166820669e-07
9900 	 10187 	 6.8820312095e+01 	 4.8288053666e-07
10000 	 10303 	 6.8820312095e+01 	 2.7568812392e-07
# ---- 
 1 		 10049 	 10373 		 6.9340560889e+01 	 6.8820312095e+01 	 6.8364106076e-07
# ---- 
100 	 104 	 6.8614885022e+01 	 4.1277047551e-02
200 	 206 	 6.8571250129e+01 	 1.8407444864e-02
300 	 309 	 6.8559448952e+01 	 1.2272880623e-02
400 	 410 	 6.8555815833e+01 	 9.5110086066e-03
500 	 510 	 6.8554721263e+01 	 2.8124767504e-03
600 	 612 	 6.8554320925e+01 	 1.9532326654e-03
700 	 715 	 6.8554115542e+01 	 1.8253719592e-03
800 	 817 	 6.8553985219e+01 	 1.4175866108e-03
900 	 919 	 6.8553876859e+01 	 1.4483193882e-03
1000 	 1024 	 6.8553734766e+01 	 2.1754223756e-03
1100 	 1126 	 6.8553547708e+01 	 3.6633022984e-03
1200 	 1227 	 6.8553448583e+01 	 1.6520750639e-03
1300 	 1330 	 6.8553350877e+01 	 8.9474829541e-04
1400 	 1434 	 6.8553255216e+01 	 1.2122902365e-03
1500 	 1535 	 6.8553191729e+01 	 9.3115837751e-04
1600 	 1635 	 6.8553154628e+01 	 1.5328309624e-03
1700 	 1735 	 6.8553124277e+01 	 6.6307751741e-04
1800 	 1838 	 6.8553089646e+01 	 5.7671525635e-04
1900 	 1941 	 6.8553061104e+01 	 5.2592619264e-04
2000 	 2045 	 6.8553042169e+01 	 5.6637884704e-04
2100 	 2146 	 6.8553026476e+01 	 6.6611161441e-04
2200 	 2249 	 6.8553013000e+01 	 7.3735039170e-04
2300 	 2351 	 6.8553002660e+01 	 7.0586215880e-04
2400 	 2453 	 6.8552993655e+01 	 3.2855103410e-04
2500 	 2557 	 6.8552984911e+01 	 5.8601301752e-04
2600 	 2659 	 6.8552979683e+01 	 2.4286218402e-04
2700 	 2761 	 6.8552976882e+01 	 1.2565434195e-04
2800 	 2863 	 6.8552975104e+01 	 1.1562212432e-04
2900 	 2965 	 6.8552973752e+01 	 1.4618291675e-04
3000 	 3069 	 6.8552972717e+01 	 1.3442764145e-04
3100 	 3172 	 6.8552971886e+01 	 1.2064728872e-04
3200 	 3275 	 6.8552971067e+01 	 8.9400855538e-05
3300 	 3377 	 6.8552970448e+01 	 2.4425517451e-04
3400 	 3480 	 6.8552969679e+01 	 6.8465951126e-05
3500 	 3583 	 6.8552968937e+01 	 8.6446673519e-05
3600 	 3683 	 6.8552968003e+01 	 1.3813036622e-04
3700 	 3787 	 6.8552967079e+01 	 2.4960035891e-04
3800 	 3891 	 6.8552965893e+01 	 3.3517433704e-04
3900 	 3997 	 6.8552964447e+01 	 1.9957315393e-04
4000 	 4099 	 6.8552963477e+01 	 2.2824909013e-04
4100 	 4200 	 6.8552962758e+01 	 8.9213182442e-05
4200 	 4302 	 6.8552962061e+01 	 1.2082764125e-04
4300 	 4403 	 6.8552961276e+01 	 9.6121265217e-05
4400 	 4504 	 6.8552960390e+01 	 9.1576070955e-05
4500 	 4605 	 6.8552959770e+01 	 1.4212288889e-04
4600 	 4707 	 6.8552959121e+01 	 2.5267947114e-04
4700 	 4809 	 6.8552958512e+01 	 8.2979508256e-05
4800 	 4913 	 6.8552958044e+01 	 7.0264512314e-05
4900 	 5016 	 6.8552957716e+01 	 1.0436862842e-04
5000 	 5119 	 6.8552957469e+01 	 4.9951561233e-05
5100 	 5220 	 6.8552957288e+01 	 4.5020441947e-05
5200 	 5322 	 6.8552957109e+01 	 5.8409766458e-05
5300 	 5424 	 6.8552956852e+01 	 5.1395281048e-05
5400 	 5525 	 6.8552956651e+01 	 4.4652915888e-05
5500 	 5626 	 6.8552956441e+01 	 4.3538970389e-05
5600 	 5729 	 6.8552956295e+01 	 3.9894323153e-05
5700 	 5831 	 6.8552956181e+01 	 7.3184814255e-05
5800 	 5934 	 6.8552956080e+01 	 4.5530111283e-05
5900 	 6037 	 6.8552955995e+01 	 3.2835609242e-05
6000 	 6140 	 6.8552955898e+01 	 4.1652648859e-05
6100 	 6241 	 6.8552955786e+01 	 3.8756671813e-05
6200 	 6345 	 6.8552955658e+01 	 3.8805313063e-05
6300 	 6448 	 6.8552955560e+01 	 3.1667934706e-05
6400 	 6551 	 6.8552955447e+01 	 3.8105160847e-05
6500 	 6653 	 6.8552955360e+01 	 2.7869089713e-05
6600 	 6756 	 6.8552955308e+01 	 1.6956545724e-05
6700 	 6859 	 6.8552955274e+01 	 2.0425712086e-05
6800 	 6961 	 6.8552955241e+01 	 1.8529554070e-05
6900 	 7062 	 6.8552955208e+01 	 1.8858097746e-05
7000 	 7164 	 6.8552955192e+01 	 1.0559392188e-05
7100 	 7268 	 6.8552955178e+01 	 1.7495967968e-05
7200 	 7370 	 6.8552955162e+01 	 3.2585238730e-05
7300 	 7474 	 6.8552955151e+01 	 1.0466530282e-05
7400 	 7575 	 6.8552955144e+01 	 9.9910389172e-06
7500 	 7675 	 6.8552955137e+01 	 2.6531051914e-05
7600 	 7779 	 6.8552955127e+01 	 1.5623466387e-05
7700 	 7881 	 6.8552955116e+01 	 1.1725577521e-05
7800 	 7984 	 6.8552955106e+01 	 1.2349499686e-05
7900 	 8085 	 6.8552955097e+01 	 2.2657191729e-05
8000 	 8186 	 6.8552955092e+01 	 5.7692178383e-06
8100 	 8289 	 6.8552955087e+01 	 1.1286037712e-05
8200 	 8393 	 6.8552955080e+01 	 1.8170546734e-05
8300 	 8496 	 6.8552955074e+01 	 8.2520419079e-06
8400 	 8597 	 6.8552955070e+01 	 5.9949623123e-06
8500 	 8700 	 6.8552955065e+01 	 6.6387173691e-06
8600 	 8802 	 6.8552955063e+01 	 1.4060077493e-05
8700 	 8905 	 6.8552955061e+01 	 3.6434576102e-06
8800 	 9007 	 6.8552955059e+01 	 4.9446926290e-06
8900 	 9107 	 6.8552955057e+01 	 1.1533562006e-05
9000 	 9211 	 6.8552955056e+01 	 4.5558620614e-06
9100 	 9313 	 6.8552955055e+01 	 1.9665108960e-06
9200 	 9416 	 6.8552955054e+01 	 2.6254870736e-06
9300 	 9520 	 6.8552955054e+01 	 2.0461381194e-06
9400 	 9622 	 6.8552955053e+01 	 2.4962302241e-06
9500 	 9723 	 6.8552955053e+01 	 2.8427358775e-06
9600 	 9826 	 6.8552955052e+01 	 2.6527479581e-06
9700 	 9926 	 6.8552955051e+01 	 2.1376481011e-06
9800 	 10031 	 6.8552955051e+01 	 2.5609843170e-06
9900 	 10134 	 6.8552955050e+01 	 2.3583758234e-06
10000 	 10237 	 6.8552955050e+01 	 3.5143138045e-06
10100 	 10339 	 6.8552955049e+01 	 2.0317890117e-06
10200 	 10442 	 6.8552955048e+01 	 2.4614529750e-06
10300 	 10544 	 6.8552955048e+01 	 2.0160581779e-06
10400 	 10647 	 6.8552955047e+01 	 1.6771208845e-06
10500 	 10751 	 6.8552955047e+01 	 1.9547174993e-06
10600 	 10851 	 6.8552955047e+01 	 1.3631706693e-06
10700 	 10953 	 6.8552955047e+01 	 1.4137803002e-06
10800 	 11057 	 6.8552955047e+01 	 8.5277955069e-07
10900 	 11164 	 6.8552955047e+01 	 9.1201117121e-07
11000 	 11268 	 6.8552955047e+01 	 6.7412287242e-07
11100 	 11379 	 6.8552955047e+01 	 1.2192897669e-06
11200 	 11489 	 6.8552955046e+01 	 7.0515959427e-07
11300 	 11604 	 6.8552955046e+01 	 5.0147793594e-07
11400 	 11709 	 6.8552955046e+01 	 9.8945572949e-07
11500 	 11815 	 6.8552955046e+01 	 1.5134835911e-06
11600 	 11919 	 6.8552955046e+01 	 2.1508181762e-06
11700 	 12024 	 6.8552955046e+01 	 1.2092289029e-06
11800 	 12130 	 6.8552955046e+01 	 9.5232881787e-07
11900 	 12242 	 6.8552955046e+01 	 8.3685209929e-07
12000 	 12350 	 6.8552955046e+01 	 9.0350168442e-07
12100 	 12467 	 6.8552955046e+01 	 6.1524351742e-07
12200 	 12586 	 6.8552955046e+01 	 6.3123702669e-07
12300 	 12694 	 6.8552955046e+01 	 1.0624532716e-06
12400 	 12806 	 6.8552955046e+01 	 5.6673699648e-07
# ---- 
 1 		 12448 	 12885 		 7.4887694529e+01 	 6.8552955046e+01 	 7.8129813650e-07
# ---- 
100 	 101 	 6.8391597309e+01 	 3.3939076100e-02
200 	 201 	 6.8354547466e+01 	 1.7629760157e-02
300 	 305 	 6.8344568389e+01 	 1.2590651344e-02
400 	 408 	 6.8341394917e+01 	 4.7411727387e-03
500 	 508 	 6.8340300372e+01 	 7.7256220611e-03
600 	 611 	 6.8339877448e+01 	 2.5928981431e-03
700 	 712 	 6.8339657954e+01 	 1.7603910130e-03
800 	 815 	 6.8339472090e+01 	 1.5618412859e-03
900 	 918 	 6.8339315288e+01 	 2.0768929948e-03
1000 	 1022 	 6.8339140606e+01 	 2.5322083496e-03
1100 	 1125 	 6.8338897923e+01 	 2.9135167627e-03
1200 	 1229 	 6.8338772752e+01 	 2.1571553590e-03
1300 	 1332 	 6.8338675913e+01 	 1.3988817238e-03
1400 	 1433 	 6.8338562555e+01 	 1.3961982051e-03
1500 	 1537 	 6.8338469039e+01 	 3.3877132245e-03
1600 	 1642 	 6.8338408989e+01 	 1.1374205792e-03
1700 	 1746 	 6.8338365729e+01 	 7.8913194551e-04
1800 	 1846 	 6.8338321260e+01 	 1.1316864764e-03
1900 	 1948 	 6.8338274983e+01 	 1.2166830904e-03
2000 	 2049 	 6.8338245974e+01 	 8.6667928247e-04
2100 	 2152 	 6.8338225935e+01 	 1.0828743987e-03
2200 	 2255 	 6.8338210123e+01 	 1.1635962386e-03
2300 	 2356 	 6.8338195292e+01 	 4.8978729770e-04
2400 	 2460 	 6.8338178780e+01 	 5.4403578180e-04
2500 	 2562 	 6.8338166855e+01 	 4.0708785832e-04
2600 	 2665 	 6.8338156737e+01 	 2.8192511422e-04
2700 	 2768 	 6.8338150956e+01 	 1.8544669949e-04
2800 	 2874 	 6.8338147578e+01 	 2.1384486084e-04
2900 	 2978 	 6.8338145360e+01 	 1.8539473624e-04
3000 	 3079 	 6.8338143347e+01 	 1.4228179278e-04
3100 	 3182 	 6.8338141715e+01 	 1.0264756866e-04
3200 	 3285 	 6.8338140589e+01 	 1.0074587891e-04
3300 	 3385 	 6.8338139721e+01 	 1.5740116328e-04
3400 	 3486 	 6.8338138963e+01 	 1.0595403934e-04
3500 	 3590 	 6.8338138498e+01 	 8.2951080760e-05
3600 	 3693 	 6.8338137936e+01 	 9.3387037745e-05
3700 	 3794 	 6.8338137275e+01 	 7.1150539785e-05
3800 	 3895 	 6.8338136535e+01 	 9.6758599586e-05
3900 	 3999 	 6.8338135971e+01 	 1.9418935178e-04
4000 	 4102 	 6.8338135525e+01 	 5.3140335488e-05
4100 	 4205 	 6.8338135106e+01 	 9.1080920054e-05
4200 	 4307 	 6.8338134668e+01 	 2.5600953140e-04
4300 	 4409 	 6.8338134278e+01 	 6.5312024293e-05
4400 	 4513 	 6.8338133835e+01 	 9.2203522228e-05
4500 	 4614 	 6.8338133326e+01 	 8.9886816125e-05
4600 	 4717 	 6.8338132912e+01 	 5.7482438040e-05
4700 	 4820 	 6.8338132540e+01 	 7.2999574733e-05
4800 	 4922 	 6.8338131993e+01 	 1.0966713987e-04
4900 	 5026 	 6.8338131522e+01 	 5.8754555239e-05
5000 	 5128 	 6.8338131170e+01 	 7.3368336708e-05
5100 	 5229 	 6.8338130920e+01 	 4.8922917082e-05
5200 	 5330 	 6.8338130672e+01 	 8.5688805068e-05
5300 	 5433 	 6.8338130446e+01 	 4.8543675526e-05
5400 	 5537 	 6.8338130246e+01 	 6.4685540381e-05
5500 	 5640 	 6.8338130041e+01 	 4.1775506837e-05
5600 	 5741 	 6.8338129896e+01 	 4.2433060695e-05
5700 	 5843 	 6.8338129771e+01 	 4.9535885350e-05
5800 	 5945 	 6.8338129651e+01 	 5.5151093588e-05
5900 	 6049 	 6.8338129492e+01 	 7.5008604914e-05
6000 	 6152 	 6.8338129340e+01 	 8.4915785681e-05
6100 	 6256 	 6.8338129228e+01 	 2.5881076447e-05
6200 	 6359 	 6.8338129143e+01 	 4.3390524634e-05
6300 	 6463 	 6.8338129063e+01 	 2.1819288632e-05
6400 	 6568 	 6.8338129001e+01 	 2.5868070905e-05
6500 	 6671 	 6.8338128961e+01 	 1.9578342160e-05
6600 	 6771 	 6.8338128925e+01 	 1.8640470069e-05
6700 	 6874 	 6.8338128890e+01 	 1.4914783892e-05
6800 	 6975 	 6.8338128864e+01 	 1.8837738988e-05
6900 	 7077 	 6.8338128834e+01 	 1.7952761091e-05
7000 	 7179 	 6.8338128793e+01 	 3.9523415924e-05
7100 	 7282 	 6.8338128731e+01 	 2.2554235209e-05
7200 	 7384 	 6.8338128685e+01 	 2.7777743694e-05
7300 	 7486 	 6.8338128657e+01 	 1.5033192614e-05
7400 	 7588 	 6.8338128633e+01 	 1.3038194844e-05
7500 	 7688 	 6.8338128619e+01 	 8.9697639759e-06
7600 	 7789 	 6.8338128608e+01 	 1.0610221396e-05
7700 	 7892 	 6.8338128599e+01 	 9.9977200568e-06
7800 	 7995 	 6.8338128589e+01 	 9.3749738778e-06
7900 	 8099 	 6.8338128580e+01 	 8.0110087077e-06
8000 	 8202 	 6.8338128571e+01 	 1.1432484082e-05
8100 	 8304 	 6.8338128564e+01 	 1.0599235940e-05
8200 	 8406 	 6.8338128557e+01 	 8.4975377298e-06
8300 	 8509 	 6.8338128551e+01 	 7.4119371995e-06
8400 	 8610 	 6.8338128542e+01 	 7.6085286856e-06
8500 	 8712 	 6.8338128535e+01 	 8.6919541411e-06
8600 	 8814 	 6.8338128529e+01 	 8.3247960615e-06
8700 	 8917 	 6.8338128523e+01 	 1.0182235944e-05
8800 	 9018 	 6.8338128518e+01 	 5.9778042402e-06
8900 	 9121 	 6.8338128514e+01 	 1.0603501352e-05
9000 	 9222 	 6.8338128512e+01 	 5.4196202283e-06
9100 	 9324 	 6.8338128509e+01 	 9.9015634223e-06
9200 	 9425 	 6.8338128507e+01 	 5.0385770886e-06
9300 	 9529 	 6.8338128504e+01 	 1.0063479237e-05
9400 	 9632 	 6.8338128502e+01 	 6.8516383356e-06
9500 	 9734 	 6.8338128501e+01 	 3.7375394192e-06
9600 	 9837 	 6.8338128500e+01 	 4.7906487763e-06
9700 	 9941 	 6.8338128499e+01 	 3.6976936566e-06
9800 	 10044 	 6.8338128498e+01 	 2.8743966669e-06
9900 	 10146 	 6.8338128497e+01 	 2.7440466165e-06
10000 	 10247 	 6.8338128496e+01 	 3.5310150616e-06
10100 	 10349 	 6.8338128495e+01 	 3.2651251826e-06
10200 	 10449 	 6.8338128494e+01 	 3.5512767775e-06
10300 	 10552 	 6.8338128493e+01 	 3.3411264100e-06
10400 	 10655 	 6.8338128493e+01 	 2.3276006727e-06
10500 	 10758 	 6.8338128492e+01 	 4.3242442688e-06
10600 	 10861 	 6.8338128492e+01 	 3.4403137234e-06
10700 	 10963 	 6.8338128492e+01 	 1.9048591699e-06
10800 	 11065 	 6.8338128491e+01 	 2.5878016668e-06
10900 	 11167 	 6.8338128491e+01 	 2.3137962139e-06
11000 	 11269 	 6.8338128490e+01 	 3.5396762954e-06
11100 	 11372 	 6.8338128490e+01 	 2.4096609908e-06
11200 	 11473 	 6.8338128489e+01 	 1.7990705642e-06
11300 	 11576 	 6.8338128489e+01 	 4.0867773215e-06
11400 	 11678 	 6.8338128488e+01 	 3.2974429122e-06
11500 	 11779 	 6.8338128488e+01 	 2.3638046162e-06
11600 	 11880 	 6.8338128488e+01 	 3.3156076175e-06
11700 	 11983 	 6.8338128488e+01 	 1.7883288229e-06
11800 	 12084 	 6.8338128487e+01 	 2.3770977590e-06
11900 	 12185 	 6.8338128487e+01 	 2.3825340113e-06
12000 	 12285 	 6.8338128487e+01 	 2.6005786127e-06
12100 	 12388 	 6.8338128487e+01 	 1.2278668829e-06
12200 	 12492 	 6.8338128487e+01 	 2.0411118696e-06
12300 	 12595 	 6.8338128487e+01 	 1.2472064539e-06
12400 	 12699 	 6.8338128487e+01 	 9.5326229546e-07
12500 	 12807 	 6.8338128487e+01 	 7.0947678904e-07
12600 	 12918 	 6.8338128486e+01 	 1.2272664476e-06
12700 	 13024 	 6.8338128486e+01 	 6.7480915716e-07
12800 	 13133 	 6.8338128486e+01 	 1.3812489069e-06
12900 	 13241 	 6.8338128486e+01 	 5.6346344947e-07
13000 	 13348 	 6.8338128486e+01 	 8.6711935679e-07
13100 	 13461 	 6.8338128486e+01 	 4.5464248974e-07
13200 	 13574 	 6.8338128486e+01 	 3.4545988464e-07
13300 	 13690 	 6.8338128486e+01 	 6.1298435280e-07
13400 	 13806 	 6.8338128486e+01 	 4.7967716620e-07
13500 	 13925 	 6.8338128486e+01 	 4.1768564730e-07
# ---- 
 1 		 13521 	 13972 		 7.4421550705e+01 	 6.8338128486e+01 	 2.5287703209e-07
# ---- 
100 	 103 	 6.8211468956e+01 	 3.7371913138e-02
200 	 205 	 6.8181259284e+01 	 3.4726677936e-02
300 	 309 	 6.8172660356e+01 	 1.2903395589e-02
400 	 411 	 6.8169784111e+01 	 7.3908136908e-03
500 	 512 	 6.8168749991e+01 	 4.1141234020e-03
600 	 615 	 6.8168321050e+01 	 3.7893116284e-03
700 	 718 	 6.8168067339e+01 	 4.8464394962e-03
800 	 821 	 6.8167832012e+01 	 3.2116059655e-03
900 	 923 	 6.8167613807e+01 	 1.8177723925e-03
1000 	 1026 	 6.8167405162e+01 	 1.6448299563e-03
1100 	 1128 	 6.8167144002e+01 	 1.5099685286e-03
1200 	 1229 	 6.8166996456e+01 	 1.4827371361e-03
1300 	 1332 	 6.8166889436e+01 	 3.0619204726e-03
1400 	 1434 	 6.8166771344e+01 	 1.0377440460e-03
1500 	 1537 	 6.8166626991e+01 	 2.6346319175e-03
1600 	 1641 	 6.8166513385e+01 	 1.4273537834e-03
1700 	 1743 	 6.8166441268e+01 	 9.8663077095e-04
1800 	 1845 	 6.8166379075e+01 	 1.0383155229e-03
1900 	 1947 	 6.8166326731e+01 	 2.1854311464e-03
2000 	 2050 	 6.8166288374e+01 	 4.5669134624e-04
2100 	 2152 	 6.8166267511e+01 	 5.1557507914e-04
2200 	 2255 	 6.8166248384e+01 	 6.3142685166e-04
2300 	 2356 	 6.8166224209e+01 	 1.0551705758e-03
2400 	 2458 	 6.8166196946e+01 	 5.5797322865e-04
2500 	 2562 	 6.8166179833e+01 	 4.9533053357e-04
2600 	 2664 	 6.8166164378e+01 	 4.1486725331e-04
2700 	 2768 	 6.8166150933e+01 	 3.5077341700e-04
2800 	 2873 	 6.8166141954e+01 	 4.4361642490e-04
2900 	 2976 	 6.8166135553e+01 	 2.3689908661e-04
3000 	 3081 	 6.8166131387e+01 	 1.9432770945e-04
3100 	 3183 	 6.8166126798e+01 	 2.7106122680e-04
3200 	 3284 	 6.8166123251e+01 	 1.6317986884e-04
3300 	 3388 	 6.8166120687e+01 	 1.6530682832e-04
3400 	 3492 	 6.8166118151e+01 	 3.9294852370e-04
3500 	 3594 	 6.8166116667e+01 	 1.3581164122e-04
3600 	 3696 	 6.8166115784e+01 	 1.3749181857e-04
3700 	 3799 	 6.8166114384e+01 	 1.5572008351e-04
3800 	 3901 	 6.8166112764e+01 	 1.0599285060e-04
3900 	 4003 	 6.8166111487e+01 	 1.3939404597e-04
4000 	 4106 	 6.8166110079e+01 	 1.8804755613e-04
4100 	 4208 	 6.8166108834e+01 	 1.3204570180e-04
4200 	 4312 	 6.8166107661e+01 	 1.3187626429e-04
4300 	 4416 	 6.8166106878e+01 	 9.4357427145e-05
4400 	 4517 	 6.8166106290e+01 	 6.3775333384e-05
4500 	 4620 	 6.8166105651e+01 	 7.9455222936e-05
4600 	 4723 	 6.8166104962e+01 	 9.3873039373e-05
4700 	 4826 	 6.8166104275e+01 	 1.5049886168e-04
4800 	 4929 	 6.8166103530e+01 	 6.7169119412e-05
4900 	 5034 	 6.8166102862e+01 	 7.1778752508e-05
5000 	 5137 	 6.8166102428e+01 	 6.9213706738e-05
5100 	 5240 	 6.8166102055e+01 	 7.7711728878e-05
5200 	 5342 	 6.8166101659e+01 	 6.4875731432e-05
5300 	 5448 	 6.8166101393e+01 	 5.6977172874e-05
5400 	 5550 	 6.8166101221e+01 	 4.0382336921e-05
5500 	 5653 	 6.8166101095e+01 	 4.1292634913e-05
5600 	 5755 	 6.8166100971e+01 	 5.0717880747e-05
5700 	 5857 	 6.8166100860e+01 	 3.4627667179e-05
5800 	 5960 	 6.8166100775e+01 	 8.1744777435e-05
5900 	 6063 	 6.8166100703e+01 	 5.1980187348e-05
6000 	 6163 	 6.8166100646e+01 	 2.7119389180e-05
6100 	 6265 	 6.8166100599e+01 	 4.0693641295e-05
6200 	 6365 	 6.8166100552e+01 	 3.4039211852e-05
6300 	 6468 	 6.8166100488e+01 	 2.0578902110e-05
6400 	 6570 	 6.8166100431e+01 	 1.9042015761e-05
6500 	 6675 	 6.8166100398e+01 	 2.1448701268e-05
6600 	 6777 	 6.8166100376e+01 	 1.3515617339e-05
6700 	 6879 	 6.8166100355e+01 	 1.2820073646e-05
6800 	 6980 	 6.8166100332e+01 	 1.5106075878e-05
6900 	 7082 	 6.8166100318e+01 	 1.4820041925e-05
7000 	 7184 	 6.8166100308e+01 	 1.6489299868e-05
7100 	 7287 	 6.8166100299e+01 	 1.9496032369e-05
7200 	 7389 	 6.8166100293e+01 	 9.9352997879e-06
7300 	 7490 	 6.8166100287e+01 	 9.8096565988e-06
7400 	 7595 	 6.8166100279e+01 	 2.5384583649e-05
7500 	 7698 	 6.8166100270e+01 	 1.1089602327e-05
7600 	 7799 	 6.8166100263e+01 	 5.8212988688e-06
7700 	 7903 	 6.8166100258e+01 	 5.8768833860e-06
7800 	 8007 	 6.8166100255e+01 	 6.5106512427e-06
7900 	 8108 	 6.8166100251e+01 	 6.9909239714e-06
8000 	 8211 	 6.8166100245e+01 	 7.3616941419e-06
8100 	 8313 	 6.8166100239e+01 	 8.2303734424e-06
8200 	 8418 	 6.8166100232e+01 	 1.0506152732e-05
8300 	 8521 	 6.8166100227e+01 	 1.4986542961e-05
8400 	 8624 	 6.8166100225e+01 	 8.5011507821e-06
8500 	 8726 	 6.8166100222e+01 	 4.1390650177e-06
8600 	 8831 	 6.8166100220e+01 	 1.4473650819e-05
8700 	 8933 	 6.8166100218e+01 	 6.9858894245e-06
8800 	 9037 	 6.8166100215e+01 	 7.5211915779e-06
8900 	 9139 	 6.8166100213e+01 	 5.4223501859e-06
9000 	 9243 	 6.8166100211e+01 	 4.5908820712e-06
9100 	 9347 	 6.8166100209e+01 	 6.1480346231e-06
9200 	 9450 	 6.8166100206e+01 	 1.2171776601e-05
9300 	 9551 	 6.8166100204e+01 	 5.1035699118e-06
9400 	 9654 	 6.8166100201e+01 	 3.8129544325e-06
9500 	 9756 	 6.8166100199e+01 	 5.9043076643e-06
9600 	 9858 	 6.8166100197e+01 	 1.2440316200e-05
9700 	 9962 	 6.8166100195e+01 	 7.4219261274e-06
9800 	 10063 	 6.8166100195e+01 	 2.6406225351e-06
9900 	 10165 	 6.8166100194e+01 	 2.5803906647e-06
10000 	 10270 	 6.8166100193e+01 	 2.5770136012e-06
10100 	 10374 	 6.8166100193e+01 	 2.4342992197e-06
10200 	 10476 	 6.8166100192e+01 	 2.7800441117e-06
10300 	 10579 	 6.8166100191e+01 	 1.5001295571e-06
10400 	 10682 	 6.8166100191e+01 	 1.8236130169e-06
10500 	 10784 	 6.8166100191e+01 	 2.9750637990e-06
10600 	 10887 	 6.8166100191e+01 	 2.1294412497e-06
10700 	 10990 	 6.8166100190e+01 	 2.4960779594e-06
10800 	 11091 	 6.8166100190e+01 	 1.5456554587e-06
10900 	 11194 	 6.8166100190e+01 	 2.0951552781e-06
11000 	 11295 	 6.8166100189e+01 	 1.4220379222e-06
11100 	 11396 	 6.8166100189e+01 	 1.4768494403e-06
11200 	 11499 	 6.8166100189e+01 	 1.7105018713e-06
11300 	 11601 	 6.8166100189e+01 	 2.7282112577e-06
11400 	 11705 	 6.8166100189e+01 	 2.4710175062e-06
11500 	 11811 	 6.8166100189e+01 	 1.0710077840e-06
11600 	 11913 	 6.8166100189e+01 	 1.9587965850e-06
11700 	 12017 	 6.8166100188e+01 	 1.1624760827e-06
11800 	 12119 	 6.8166100188e+01 	 1.6165986129e-06
11900 	 12220 	 6.8166100188e+01 	 1.0811110270e-06
12000 	 12324 	 6.8166100188e+01 	 9.5909195319e-07
12100 	 12427 	 6.8166100188e+01 	 7.0053506113e-07
12200 	 12530 	 6.8166100188e+01 	 5.9791279894e-07
12300 	 12639 	 6.8166100188e+01 	 9.0364956990e-07
12400 	 12747 	 6.8166100188e+01 	 5.1641745729e-07
12500 	 12857 	 6.8166100188e+01 	 6.7005711453e-07
12600 	 12970 	 6.8166100188e+01 	 6.5286219685e-07
12700 	 13075 	 6.8166100188e+01 	 7.2591722703e-07
12800 	 13183 	 6.8166100188e+01 	 8.0056261355e-07
12900 	 13288 	 6.8166100188e+01 	 6.6619225752e-07
13000 	 13394 	 6.8166100188e+01 	 5.7538125523e-07
13100 	 13509 	 6.8166100188e+01 	 5.4912362852e-07
13200 	 13622 	 6.8166100187e+01 	 6.7959828628e-07
13300 	 13735 	 6.8166100187e+01 	 3.9453771329e-07
# ---- 
 1 		 13303 	 13751 		 7.3967461551e+01 	 6.8166100187e+01 	 3.8414307775e-07
# ---- 
100 	 107 	 6.8069498085e+01 	 3.4776332745e-02
200 	 209 	 6.8042777766e+01 	 1.4430601768e-02
300 	 309 	 6.8035264608e+01 	 8.9287631007e-03
400 	 412 	 6.8032718520e+01 	 4.3629594436e-03
500 	 515 	 6.8031714784e+01 	 3.4631308777e-03
600 	 616 	 6.8031249237e+01 	 2.4471958597e-03
700 	 720 	 6.8030962906e+01 	 2.3557991452e-03
800 	 822 	 6.8030665898e+01 	 2.2777954124e-03
900 	 925 	 6.8030389095e+01 	 2.5858540423e-03
1000 	 1027 	 6.8030145543e+01 	 1.5176447398e-03
1100 	 1132 	 6.8029863306e+01 	 2.0702436233e-03
1200 	 1234 	 6.8029683231e+01 	 1.6166996346e-03
1300 	 1335 	 6.8029576788e+01 	 1.1780742185e-03
1400 	 1436 	 6.8029450194e+01 	 1.4490686714e-03
1500 	 1540 	 6.8029273733e+01 	 1.5578527630e-03
1600 	 1643 	 6.8029077232e+01 	 1.4459213595e-03
1700 	 1745 	 6.8028978595e+01 	 1.6881760153e-03
1800 	 1846 	 6.8028903059e+01 	 2.0395742039e-03
1900 	 1949 	 6.8028831264e+01 	 1.0110798653e-03
2000 	 2053 	 6.8028763159e+01 	 8.0252851074e-04
2100 	 2155 	 6.8028719541e+01 	 5.1256748270e-04
2200 	 2257 	 6.8028690046e+01 	 4.0378532384e-04
2300 	 2359 	 6.8028665774e+01 	 6.6439198252e-04
2400 	 2461 	 6.8028635153e+01 	 4.7742280316e-04
2500 	 2565 	 6.8028610955e+01 	 5.1429988758e-04
2600 	 2668 	 6.8028592626e+01 	 5.0219483133e-04
2700 	 2773 	 6.8028572811e+01 	 6.3591851679e-04
2800 	 2876 	 6.8028555113e+01 	 1.2614716957e-03
2900 	 2978 	 6.8028543185e+01 	 2.6970171405e-04
3000 	 3078 	 6.8028535031e+01 	 3.4225760135e-04
3100 	 3180 	 6.8028528171e+01 	 7.2641982749e-04
3200 	 3283 	 6.8028521277e+01 	 2.6456819257e-04
3300 	 3386 	 6.8028516458e+01 	 2.1172190471e-04
3400 	 3488 	 6.8028513374e+01 	 2.8342236471e-04
3500 	 3592 	 6.8028510123e+01 	 2.0502778132e-04
3600 	 3695 	 6.8028507459e+01 	 2.4096375280e-04
3700 	 3796 	 6.8028504582e+01 	 3.5488311186e-04
3800 	 3898 	 6.8028500537e+01 	 2.1932110429e-04
3900 	 4001 	 6.8028496629e+01 	 2.4882095220e-04
4000 	 4103 	 6.8028492610e+01 	 1.7523786859e-04
4100 	 4206 	 6.8028489456e+01 	 1.7690187871e-04
4200 	 4308 	 6.8028487101e+01 	 1.3634030296e-04
4300 	 4411 	 6.8028484355e+01 	 5.6266258686e-04
4400 	 4514 	 6.8028481617e+01 	 2.5639225206e-04
4500 	 4618 	 6.8028479555e+01 	 1.6503097306e-04
4600 	 4722 	 6.8028477734e+01 	 1.4824921981e-04
4700 	 4826 	 6.8028476346e+01 	 2.2997841462e-04
4800 	 4926 	 6.8028474916e+01 	 1.6409969743e-04
4900 	 5028 	 6.8028473149e+01 	 1.7894338903e-04
5000 	 5131 	 6.8028471639e+01 	 1.4896397087e-04
5100 	 5231 	 6.8028470669e+01 	 7.5708104389e-05
5200 	 5336 	 6.8028469914e+01 	 8.2521935375e-05
5300 	 5439 	 6.8028469318e+01 	 8.1176787056e-05
5400 	 5541 	 6.8028468874e+01 	 1.2385186842e-04
5500 	 5642 	 6.8028468308e+01 	 1.0830886570e-04
5600 	 5746 	 6.8028467657e+01 	 1.5475307920e-04
5700 	 5846 	 6.8028467220e+01 	 5.8944766981e-05
5800 	 5949 	 6.8028466937e+01 	 7.3192781949e-05
5900 	 6054 	 6.8028466682e+01 	 4.7294510853e-05
6000 	 6157 	 6.8028466412e+01 	 4.7626558183e-05
6100 	 6257 	 6.8028466179e+01 	 6.8469044709e-05
6200 	 6359 	 6.8028465874e+01 	 6.1753810166e-05
6300 	 6462 	 6.8028465554e+01 	 7.6268457967e-05
6400 	 6565 	 6.8028465173e+01 	 6.5154266818e-05
6500 	 6668 	 6.8028464895e+01 	 8.7900882204e-05
6600 	 6769 	 6.8028464699e+01 	 5.1638106438e-05
6700 	 6872 	 6.8028464511e+01 	 8.5627565233e-05
6800 	 6975 	 6.8028464330e+01 	 6.5202244137e-05
6900 	 7077 	 6.8028464175e+01 	 6.3010502367e-05
7000 	 7178 	 6.8028464056e+01 	 3.3422650503e-05
7100 	 7279 	 6.8028463945e+01 	 4.2033890355e-05
7200 	 7382 	 6.8028463841e+01 	 3.1658345798e-05
7300 	 7484 	 6.8028463744e+01 	 3.4188215048e-05
7400 	 7585 	 6.8028463646e+01 	 3.6829786369e-05
7500 	 7688 	 6.8028463535e+01 	 3.3320496558e-05
7600 	 7791 	 6.8028463394e+01 	 5.1488735178e-05
7700 	 7893 	 6.8028463232e+01 	 5.5553683038e-05
7800 	 7997 	 6.8028463084e+01 	 8.3510810276e-05
7900 	 8100 	 6.8028462934e+01 	 3.1038669908e-05
8000 	 8201 	 6.8028462817e+01 	 3.5371345505e-05
8100 	 8306 	 6.8028462708e+01 	 6.8396786494e-05
8200 	 8409 	 6.8028462607e+01 	 2.7911087856e-05
8300 	 8511 	 6.8028462522e+01 	 2.5582745691e-05
8400 	 8612 	 6.8028462465e+01 	 2.8244307260e-05
8500 	 8715 	 6.8028462426e+01 	 1.7585062784e-05
8600 	 8818 	 6.8028462396e+01 	 2.0996561058e-05
8700 	 8920 	 6.8028462366e+01 	 1.6198572337e-05
8800 	 9023 	 6.8028462333e+01 	 1.8336605375e-05
8900 	 9130 	 6.8028462294e+01 	 2.0475722840e-05
9000 	 9231 	 6.8028462257e+01 	 2.5903981883e-05
9100 	 9334 	 6.8028462224e+01 	 2.8142330639e-05
9200 	 9437 	 6.8028462195e+01 	 2.3679579313e-05
9300 	 9538 	 6.8028462164e+01 	 2.2012126014e-05
9400 	 9640 	 6.8028462134e+01 	 1.6721474003e-05
9500 	 9741 	 6.8028462102e+01 	 6.5282670535e-05
9600 	 9845 	 6.8028462066e+01 	 2.0316610818e-05
9700 	 9948 	 6.8028462040e+01 	 3.8669031965e-05
9800 	 10051 	 6.8028462022e+01 	 1.5574713084e-05
9900 	 10152 	 6.8028462008e+01 	 4.1970789316e-05
10000 	 10253 	 6.8028461995e+01 	 9.1911851656e-06
10100 	 10355 	 6.8028461983e+01 	 9.1201305417e-06
10200 	 10458 	 6.8028461971e+01 	 2.0486359311e-05
10300 	 10561 	 6.8028461960e+01 	 9.6580441353e-06
10400 	 10662 	 6.8028461952e+01 	 8.7001209427e-06
10500 	 10765 	 6.8028461947e+01 	 9.8884314877e-06
10600 	 10867 	 6.8028461945e+01 	 7.2073815996e-06
10700 	 10970 	 6.8028461942e+01 	 6.4573355952e-06
10800 	 11072 	 6.8028461940e+01 	 3.6229354395e-06
10900 	 11175 	 6.8028461937e+01 	 4.7824907678e-06
11000 	 11278 	 6.8028461935e+01 	 6.9499462048e-06
11100 	 11381 	 6.8028461932e+01 	 5.4261182129e-06
11200 	 11483 	 6.8028461930e+01 	 5.0653165469e-06
11300 	 11586 	 6.8028461927e+01 	 8.2001635244e-06
11400 	 11688 	 6.8028461925e+01 	 6.1083465479e-06
11500 	 11791 	 6.8028461923e+01 	 8.7487475189e-06
11600 	 11894 	 6.8028461921e+01 	 4.1192609629e-06
11700 	 11996 	 6.8028461920e+01 	 4.9412100831e-06
11800 	 12098 	 6.8028461918e+01 	 4.1881545771e-06
11900 	 12201 	 6.8028461917e+01 	 7.1506238205e-06
12000 	 12303 	 6.8028461916e+01 	 3.3765570018e-06
12100 	 12408 	 6.8028461915e+01 	 3.1910815665e-06
12200 	 12510 	 6.8028461913e+01 	 2.8445447618e-06
12300 	 12613 	 6.8028461913e+01 	 5.3128758016e-06
12400 	 12715 	 6.8028461912e+01 	 3.9929646589e-06
12500 	 12816 	 6.8028461911e+01 	 3.9290282003e-06
12600 	 12917 	 6.8028461910e+01 	 4.0930537555e-06
12700 	 13019 	 6.8028461909e+01 	 2.3127163460e-06
12800 	 13122 	 6.8028461909e+01 	 4.1447423494e-06
12900 	 13226 	 6.8028461908e+01 	 2.8271500923e-06
13000 	 13328 	 6.8028461907e+01 	 2.2807955327e-06
13100 	 13429 	 6.8028461907e+01 	 2.0378248843e-06
13200 	 13535 	 6.8028461906e+01 	 2.8331205487e-06
13300 	 13636 	 6.8028461905e+01 	 3.0884984271e-06
13400 	 13740 	 6.8028461905e+01 	 5.8803532569e-06
13500 	 13844 	 6.8028461904e+01 	 2.6197992796e-06
13600 	 13949 	 6.8028461904e+01 	 2.8403812847e-06
13700 	 14053 	 6.8028461903e+01 	 3.4022810212e-06
13800 	 14157 	 6.8028461903e+01 	 1.5594430864e-06
13900 	 14259 	 6.8028461903e+01 	 2.0221137905e-06
14000 	 14360 	 6.8028461902e+01 	 1.2173892301e-06
14100 	 14461 	 6.8028461902e+01 	 1.4886802212e-06
14200 	 14563 	 6.8028461902e+01 	 1.1652570679e-06
14300 	 14665 	 6.8028461902e+01 	 1.3374941743e-06
14400 	 14769 	 6.8028461902e+01 	 1.3475865101e-06
14500 	 14871 	 6.8028461901e+01 	 2.3033215669e-06
14600 	 14974 	 6.8028461901e+01 	 2.1018535195e-06
14700 	 15077 	 6.8028461901e+01 	 2.3522720572e-06
14800 	 15183 	 6.8028461901e+01 	 1.1481970573e-06
14900 	 15290 	 6.8028461901e+01 	 9.4578940001e-07
15000 	 15393 	 6.8028461901e+01 	 1.1392820194e-06
15100 	 15498 	 6.8028461901e+01 	 9.2895377829e-07
15200 	 15604 	 6.8028461901e+01 	 2.2584650680e-06
15300 	 15707 	 6.8028461901e+01 	 1.3860332906e-06
15400 	 15814 	 6.8028461901e+01 	 9.2219997315e-07
15500 	 15921 	 6.8028461900e+01 	 8.1117574865e-07
15600 	 16025 	 6.8028461900e+01 	 5.6004677726e-07
15700 	 16136 	 6.8028461900e+01 	 1.1776676480e-06
15800 	 16241 	 6.8028461900e+01 	 8.6400162007e-07
15900 	 16350 	 6.8028461900e+01 	 4.7663242589e-07
16000 	 16462 	 6.8028461900e+01 	 6.2824132263e-07
16100 	 16570 	 6.8028461900e+01 	 5.5416594902e-07
16200 	 16680 	 6.8028461900e+01 	 2.5200356585e-07
16300 	 16795 	 6.8028461900e+01 	 2.5753804900e-07
16400 	 16913 	 6.8028461900e+01 	 1.0919793128e-06
16500 	 17026 	 6.8028461900e+01 	 5.7305356038e-07
16600 	 17142 	 6.8028461900e+01 	 7.3857836318e-07
16700 	 17266 	 6.8028461900e+01 	 4.0172456600e-07
# ---- 
 1 		 16751 	 17341 		 7.3523418444e+01 	 6.8028461900e+01 	 6.4690294828e-07
# ---- 
100 	 104 	 6.7953372887e+01 	 4.9968823851e-02
200 	 204 	 6.7931473899e+01 	 1.5354334591e-02
300 	 306 	 6.7925190755e+01 	 7.9107812084e-03
400 	 408 	 6.7922971113e+01 	 6.1078859686e-03
500 	 510 	 6.7922008270e+01 	 3.9538536540e-03
600 	 612 	 6.7921515954e+01 	 3.9045060683e-03
700 	 714 	 6.7921194573e+01 	 2.4257797904e-03
800 	 816 	 6.7920843068e+01 	 1.8642097365e-03
900 	 917 	 6.7920530227e+01 	 1.6855645780e-03
1000 	 1019 	 6.7920252588e+01 	 2.4013281454e-03
1100 	 1120 	 6.7919973182e+01 	 2.1179261008e-03
1200 	 1223 	 6.7919764666e+01 	 3.4955439847e-03
1300 	 1326 	 6.7919649254e+01 	 1.0336191484e-03
1400 	 1429 	 6.7919516458e+01 	 1.5545431397e-03
1500 	 1531 	 6.7919308568e+01 	 1.7848162989e-03
1600 	 1632 	 6.7919110992e+01 	 3.7607482799e-03
1700 	 1735 	 6.7918996900e+01 	 2.6131223436e-03
1800 	 1837 	 6.7918910018e+01 	 1.1468915933e-03
1900 	 1940 	 6.7918817759e+01 	 1.4488700991e-03
2000 	 2043 	 6.7918727833e+01 	 1.7248251736e-03
2100 	 2147 	 6.7918673221e+01 	 7.4580816468e-04
2200 	 2250 	 6.7918629062e+01 	 8.8142915613e-04
2300 	 2352 	 6.7918590674e+01 	 5.5095319603e-04
2400 	 2452 	 6.7918554236e+01 	 9.4536274231e-04
2500 	 2554 	 6.7918526250e+01 	 6.3318081128e-04
2600 	 2656 	 6.7918506018e+01 	 5.7320642104e-04
2700 	 2762 	 6.7918482575e+01 	 6.3316580153e-04
2800 	 2863 	 6.7918459457e+01 	 4.3747474771e-04
2900 	 2966 	 6.7918439879e+01 	 4.7507838680e-04
3000 	 3069 	 6.7918424922e+01 	 3.4454526516e-04
3100 	 3171 	 6.7918413435e+01 	 4.4236151582e-04
3200 	 3274 	 6.7918399940e+01 	 3.3118995673e-04
3300 	 3378 	 6.7918389380e+01 	 6.2567456188e-04
3400 	 3480 	 6.7918381629e+01 	 4.2073680465e-04
3500 	 3581 	 6.7918374705e+01 	 3.1958687462e-04
3600 	 3686 	 6.7918369267e+01 	 2.3890676432e-04
3700 	 3788 	 6.7918365287e+01 	 3.3448539642e-04
3800 	 3890 	 6.7918360372e+01 	 3.1637602954e-04
3900 	 3995 	 6.7918354672e+01 	 2.7231364294e-04
4000 	 4096 	 6.7918348845e+01 	 2.7776997588e-04
4100 	 4198 	 6.7918341145e+01 	 2.7129191798e-04
4200 	 4303 	 6.7918336056e+01 	 1.9505971013e-04
4300 	 4403 	 6.7918332127e+01 	 2.2589525843e-04
4400 	 4507 	 6.7918326176e+01 	 2.4707522733e-04
4500 	 4611 	 6.7918320066e+01 	 4.8769405089e-04
4600 	 4715 	 6.7918313803e+01 	 2.0588504195e-04
4700 	 4818 	 6.7918308231e+01 	 4.1802805699e-04
4800 	 4919 	 6.7918303662e+01 	 2.5122433958e-04
4900 	 5022 	 6.7918299275e+01 	 2.5443285784e-04
5000 	 5125 	 6.7918294707e+01 	 2.2360987171e-04
5100 	 5227 	 6.7918290402e+01 	 2.6498413607e-04
5200 	 5330 	 6.7918286835e+01 	 2.3333805555e-04
5300 	 5433 	 6.7918283048e+01 	 1.7313620213e-04
5400 	 5534 	 6.7918280604e+01 	 1.7964263328e-04
5500 	 5636 	 6.7918279007e+01 	 9.6117232336e-05
5600 	 5738 	 6.7918277971e+01 	 1.7649856542e-04
5700 	 5838 	 6.7918277104e+01 	 1.0086199171e-04
5800 	 5942 	 6.7918276285e+01 	 7.7300402670e-05
5900 	 6044 	 6.7918275659e+01 	 9.6628982314e-05
6000 	 6148 	 6.7918274873e+01 	 1.1847479552e-04
6100 	 6251 	 6.7918273750e+01 	 1.0863525022e-04
6200 	 6354 	 6.7918272789e+01 	 8.2939673880e-05
6300 	 6454 	 6.7918272117e+01 	 8.6877551354e-05
6400 	 6556 	 6.7918271246e+01 	 1.1512455315e-04
6500 	 6659 	 6.7918270211e+01 	 1.4008050010e-04
6600 	 6762 	 6.7918269431e+01 	 1.0852357219e-04
6700 	 6864 	 6.7918268692e+01 	 7.3583177740e-05
6800 	 6966 	 6.7918267851e+01 	 8.8929735146e-05
6900 	 7068 	 6.7918266755e+01 	 8.8682333312e-05
7000 	 7170 	 6.7918265682e+01 	 1.5780573175e-04
7100 	 7271 	 6.7918264687e+01 	 1.0104252644e-04
7200 	 7372 	 6.7918263753e+01 	 8.3903028520e-05
7300 	 7475 	 6.7918262642e+01 	 2.8758218921e-04
7400 	 7576 	 6.7918261566e+01 	 1.1312789073e-04
7500 	 7679 	 6.7918260559e+01 	 9.8933664948e-05
7600 	 7785 	 6.7918259551e+01 	 1.2818445616e-04
7700 	 7886 	 6.7918258643e+01 	 6.5118079742e-05
7800 	 7989 	 6.7918258181e+01 	 7.4564145603e-05
7900 	 8092 	 6.7918257826e+01 	 5.1067893777e-05
8000 	 8195 	 6.7918257496e+01 	 9.2572948419e-05
8100 	 8297 	 6.7918257263e+01 	 5.1772693365e-05
8200 	 8399 	 6.7918257085e+01 	 3.4040396316e-05
8300 	 8501 	 6.7918256926e+01 	 6.4764478036e-05
8400 	 8604 	 6.7918256759e+01 	 4.5679300699e-05
8500 	 8710 	 6.7918256550e+01 	 7.7370573770e-05
8600 	 8812 	 6.7918256360e+01 	 1.0762831530e-04
8700 	 8914 	 6.7918256079e+01 	 1.2236254874e-04
8800 	 9015 	 6.7918255746e+01 	 6.4953654095e-05
8900 	 9118 	 6.7918255486e+01 	 4.9469023272e-05
9000 	 9220 	 6.7918255300e+01 	 5.2980006903e-05
9100 	 9322 	 6.7918255094e+01 	 6.0838972922e-05
9200 	 9426 	 6.7918254841e+01 	 7.1251034399e-05
9300 	 9529 	 6.7918254639e+01 	 5.0199995720e-05
9400 	 9631 	 6.7918254452e+01 	 5.2496595606e-05
9500 	 9733 	 6.7918254293e+01 	 4.2855298314e-05
9600 	 9836 	 6.7918254176e+01 	 2.5628748088e-05
9700 	 9937 	 6.7918254089e+01 	 3.8563860800e-05
9800 	 10038 	 6.7918254020e+01 	 2.4400959878e-05
9900 	 10139 	 6.7918253960e+01 	 2.6771350150e-05
10000 	 10240 	 6.7918253886e+01 	 3.1712273003e-05
10100 	 10340 	 6.7918253828e+01 	 2.4495003537e-05
10200 	 10445 	 6.7918253784e+01 	 3.0242212627e-05
10300 	 10545 	 6.7918253762e+01 	 1.4050569645e-05
10400 	 10649 	 6.7918253746e+01 	 1.6004976906e-05
10500 	 10751 	 6.7918253731e+01 	 1.5401131009e-05
10600 	 10853 	 6.7918253710e+01 	 1.8427496517e-05
10700 	 10956 	 6.7918253685e+01 	 1.1933345092e-05
10800 	 11060 	 6.7918253661e+01 	 1.5782751612e-05
10900 	 11162 	 6.7918253637e+01 	 2.1577303000e-05
11000 	 11263 	 6.7918253614e+01 	 2.5990877009e-05
11100 	 11365 	 6.7918253589e+01 	 3.9675783904e-05
11200 	 11468 	 6.7918253556e+01 	 3.2142349428e-05
11300 	 11570 	 6.7918253514e+01 	 2.4216297148e-05
11400 	 11673 	 6.7918253476e+01 	 1.8075394503e-05
11500 	 11774 	 6.7918253453e+01 	 1.4431888855e-05
11600 	 11877 	 6.7918253440e+01 	 7.9626801348e-06
11700 	 11978 	 6.7918253429e+01 	 1.2264799813e-05
11800 	 12080 	 6.7918253417e+01 	 1.0953089267e-05
11900 	 12181 	 6.7918253402e+01 	 2.0500046453e-05
12000 	 12282 	 6.7918253390e+01 	 1.0796808241e-05
12100 	 12384 	 6.7918253380e+01 	 1.4367937652e-05
12200 	 12487 	 6.7918253366e+01 	 2.1547753449e-05
12300 	 12591 	 6.7918253347e+01 	 1.6601860467e-05
12400 	 12694 	 6.7918253327e+01 	 2.1228387512e-05
12500 	 12797 	 6.7918253312e+01 	 1.2978308423e-05
12600 	 12898 	 6.7918253301e+01 	 9.3224833727e-06
12700 	 13000 	 6.7918253289e+01 	 1.8846949425e-05
12800 	 13104 	 6.7918253276e+01 	 1.5057298204e-05
12900 	 13205 	 6.7918253265e+01 	 1.5114207872e-05
13000 	 13306 	 6.7918253258e+01 	 6.7131172313e-06
13100 	 13408 	 6.7918253250e+01 	 1.1577756283e-05
13200 	 13511 	 6.7918253243e+01 	 1.3528048337e-05
13300 	 13612 	 6.7918253238e+01 	 6.3570402311e-06
13400 	 13714 	 6.7918253234e+01 	 8.9490133690e-06
13500 	 13817 	 6.7918253230e+01 	 7.2504746737e-06
13600 	 13921 	 6.7918253226e+01 	 9.6225266100e-06
13700 	 14022 	 6.7918253224e+01 	 4.7900297253e-06
13800 	 14126 	 6.7918253221e+01 	 1.3320712128e-05
13900 	 14227 	 6.7918253218e+01 	 1.3023119693e-05
14000 	 14329 	 6.7918253216e+01 	 7.8352085616e-06
14100 	 14431 	 6.7918253214e+01 	 7.1295953750e-06
14200 	 14534 	 6.7918253213e+01 	 4.9941993701e-06
14300 	 14635 	 6.7918253211e+01 	 5.0567625672e-06
14400 	 14737 	 6.7918253209e+01 	 3.7217192653e-06
14500 	 14839 	 6.7918253206e+01 	 8.8904304378e-06
14600 	 14941 	 6.7918253203e+01 	 9.8440645263e-06
14700 	 15043 	 6.7918253200e+01 	 7.3086576315e-06
14800 	 15145 	 6.7918253195e+01 	 7.1962673625e-06
14900 	 15246 	 6.7918253190e+01 	 7.1195020845e-06
15000 	 15350 	 6.7918253186e+01 	 9.3100828225e-06
15100 	 15452 	 6.7918253183e+01 	 4.5137152689e-06
15200 	 15555 	 6.7918253180e+01 	 4.3672282643e-06
15300 	 15660 	 6.7918253178e+01 	 4.7504054918e-06
15400 	 15761 	 6.7918253176e+01 	 3.6866401629e-06
15500 	 15861 	 6.7918253175e+01 	 6.8951626542e-06
15600 	 15961 	 6.7918253174e+01 	 3.3452201935e-06
15700 	 16066 	 6.7918253174e+01 	 2.2989610406e-06
15800 	 16167 	 6.7918253173e+01 	 2.1015596620e-06
15900 	 16269 	 6.7918253173e+01 	 1.6912088535e-06
16000 	 16371 	 6.7918253172e+01 	 1.6838219208e-06
16100 	 16472 	 6.7918253172e+01 	 1.6691712860e-06
16200 	 16574 	 6.7918253172e+01 	 1.1699232578e-06
16300 	 16675 	 6.7918253172e+01 	 1.0915156449e-06
16400 	 16781 	 6.7918253171e+01 	 1.1621410533e-06
16500 	 16886 	 6.7918253171e+01 	 1.4014101101e-06
16600 	 16988 	 6.7918253171e+01 	 2.3070608834e-06
16700 	 17090 	 6.7918253171e+01 	 1.3608175132e-06
16800 	 17193 	 6.7918253171e+01 	 1.3300010532e-06
16900 	 17294 	 6.7918253171e+01 	 1.1198934155e-06
17000 	 17395 	 6.7918253171e+01 	 1.2721989847e-06
17100 	 17499 	 6.7918253171e+01 	 2.0052904372e-06
17200 	 17604 	 6.7918253170e+01 	 1.0181415556e-06
17300 	 17708 	 6.7918253170e+01 	 7.7985808223e-07
17400 	 17817 	 6.7918253170e+01 	 1.1132561755e-06
17500 	 17926 	 6.7918253170e+01 	 8.1969782618e-07
17600 	 18033 	 6.7918253170e+01 	 1.2088864275e-06
17700 	 18138 	 6.7918253170e+01 	 1.0529995853e-06
17800 	 18243 	 6.7918253170e+01 	 9.7144446994e-07
17900 	 18347 	 6.7918253170e+01 	 2.3203343998e-06
18000 	 18453 	 6.7918253170e+01 	 8.3629465373e-07
18100 	 18563 	 6.7918253170e+01 	 1.0863546391e-06
18200 	 18670 	 6.7918253170e+01 	 1.2268377417e-06
18300 	 18775 	 6.7918253170e+01 	 5.8430783064e-07
18400 	 18880 	 6.7918253170e+01 	 7.4417467606e-07
18500 	 18988 	 6.7918253170e+01 	 4.3409005466e-07
18600 	 19107 	 6.7918253170e+01 	 9.2532744822e-07
18700 	 19218 	 6.7918253169e+01 	 3.5402608253e-07
18800 	 19336 	 6.7918253169e+01 	 3.6168451759e-07
18900 	 19445 	 6.7918253169e+01 	 5.9435572684e-07
19000 	 19551 	 6.7918253169e+01 	 1.6396246251e-06
19100 	 19663 	 6.7918253169e+01 	 6.0500916073e-07
19200 	 19777 	 6.7918253169e+01 	 6.5585514936e-07
19300 	 19887 	 6.7918253169e+01 	 9.8117210620e-07
19400 	 19993 	 6.7918253169e+01 	 4.3073993617e-07
19500 	 20100 	 6.7918253169e+01 	 5.8545588429e-07
19600 	 20208 	 6.7918253169e+01 	 3.2921502898e-07
19700 	 20318 	 6.7918253169e+01 	 1.2056241300e-06
19800 	 20423 	 6.7918253169e+01 	 7.8004909213e-07
19900 	 20533 	 6.7918253169e+01 	 5.5681258956e-07
20000 	 20640 	 6.7918253169e+01 	 5.5620461506e-07
# ---- 
 1 		 20043 	 20700 		 7.3221244845e+01 	 6.7918253169e+01 	 4.5952944592e-07
# ---- 
100 	 104 	 6.7860919247e+01 	 3.8940129606e-02
200 	 205 	 6.7842594779e+01 	 2.5746341673e-02
300 	 308 	 6.7837065031e+01 	 1.3572854036e-02
400 	 409 	 6.7834928044e+01 	 5.0667288749e-03
500 	 511 	 6.7834012050e+01 	 7.8725090253e-03
600 	 613 	 6.7833493382e+01 	 3.0981449556e-03
700 	 715 	 6.7833131286e+01 	 3.4848680688e-03
800 	 817 	 6.7832760197e+01 	 2.4882666113e-03
900 	 917 	 6.7832430984e+01 	 2.2488010429e-03
1000 	 1021 	 6.7832175652e+01 	 2.1111425401e-03
1100 	 1124 	 6.7831915810e+01 	 1.9472729034e-03
1200 	 1226 	 6.7831699422e+01 	 5.1834299400e-03
1300 	 1328 	 6.7831551889e+01 	 1.2459268316e-03
1400 	 1430 	 6.7831416632e+01 	 1.6800311187e-03
1500 	 1533 	 6.7831166662e+01 	 1.4966453116e-03
1600 	 1634 	 6.7830936923e+01 	 1.3622533959e-03
1700 	 1737 	 6.7830803240e+01 	 1.1988258671e-03
1800 	 1838 	 6.7830711800e+01 	 1.1966576791e-03
1900 	 1940 	 6.7830612007e+01 	 2.9180128102e-03
2000 	 2041 	 6.7830519446e+01 	 1.0083074801e-03
2100 	 2142 	 6.7830434716e+01 	 7.8647400891e-04
2200 	 2243 	 6.7830379314e+01 	 7.4142249574e-04
2300 	 2345 	 6.7830329377e+01 	 7.1541671130e-04
2400 	 2446 	 6.7830281163e+01 	 9.2330103765e-04
2500 	 2548 	 6.7830240501e+01 	 5.6819356561e-04
2600 	 2649 	 6.7830211110e+01 	 6.7920074860e-04
2700 	 2752 	 6.7830184554e+01 	 4.4571028541e-04
2800 	 2854 	 6.7830156123e+01 	 5.5458437389e-04
2900 	 2957 	 6.7830132037e+01 	 3.7751372018e-04
3000 	 3060 	 6.7830109471e+01 	 1.5912632194e-03
3100 	 3163 	 6.7830081078e+01 	 6.0840040136e-04
3200 	 3266 	 6.7830051866e+01 	 4.6747574486e-04
3300 	 3369 	 6.7830031267e+01 	 4.6817385556e-04
3400 	 3471 	 6.7830019193e+01 	 2.8290448302e-04
3500 	 3575 	 6.7830010326e+01 	 4.3607967244e-04
3600 	 3678 	 6.7830001513e+01 	 3.7040473904e-04
3700 	 3781 	 6.7829991318e+01 	 3.5898879338e-04
3800 	 3882 	 6.7829980359e+01 	 4.4718917724e-04
3900 	 3983 	 6.7829970103e+01 	 3.5588308113e-04
4000 	 4085 	 6.7829956369e+01 	 4.1712884728e-04
4100 	 4189 	 6.7829944077e+01 	 4.6382560208e-04
4200 	 4292 	 6.7829934241e+01 	 4.3041425910e-04
4300 	 4393 	 6.7829926644e+01 	 3.6971221997e-04
4400 	 4495 	 6.7829913423e+01 	 5.2837161631e-04
4500 	 4597 	 6.7829896134e+01 	 4.7514961765e-04
4600 	 4700 	 6.7829883126e+01 	 4.0875753725e-04
4700 	 4801 	 6.7829872922e+01 	 3.3680728538e-04
4800 	 4906 	 6.7829864550e+01 	 2.4627091587e-04
4900 	 5009 	 6.7829857450e+01 	 2.2951133599e-04
5000 	 5110 	 6.7829851366e+01 	 2.1396988128e-04
5100 	 5212 	 6.7829846480e+01 	 2.4941277696e-04
5200 	 5316 	 6.7829842640e+01 	 2.6267573853e-04
5300 	 5417 	 6.7829838179e+01 	 3.5519891740e-04
5400 	 5519 	 6.7829833748e+01 	 2.1666438157e-04
5500 	 5622 	 6.7829829870e+01 	 2.5643520027e-04
5600 	 5723 	 6.7829825983e+01 	 3.4812336398e-04
5700 	 5826 	 6.7829821827e+01 	 3.2280085416e-04
5800 	 5929 	 6.7829817656e+01 	 1.8732316834e-04
5900 	 6032 	 6.7829813613e+01 	 2.4188478138e-04
6000 	 6133 	 6.7829808643e+01 	 2.6341875428e-04
6100 	 6237 	 6.7829804378e+01 	 2.3828393647e-04
6200 	 6339 	 6.7829800460e+01 	 3.7948709474e-04
6300 	 6441 	 6.7829797470e+01 	 2.6058192910e-04
6400 	 6544 	 6.7829795144e+01 	 1.9897439414e-04
6500 	 6646 	 6.7829793401e+01 	 2.5956429583e-04
6600 	 6748 	 6.7829791601e+01 	 3.8547988002e-04
6700 	 6850 	 6.7829789527e+01 	 1.6128173975e-04
6800 	 6952 	 6.7829787440e+01 	 1.4028060733e-04
6900 	 7054 	 6.7829785553e+01 	 2.3776979802e-04
7000 	 7158 	 6.7829783561e+01 	 2.7052154179e-04
7100 	 7261 	 6.7829781791e+01 	 1.5173921191e-04
7200 	 7365 	 6.7829779329e+01 	 1.8406496340e-04
7300 	 7470 	 6.7829777295e+01 	 2.7319430757e-04
7400 	 7570 	 6.7829775663e+01 	 2.8117689485e-04
7500 	 7672 	 6.7829774216e+01 	 2.3959625510e-04
7600 	 7774 	 6.7829772693e+01 	 1.2244053474e-04
7700 	 7877 	 6.7829771471e+01 	 1.2545571404e-04
7800 	 7979 	 6.7829770162e+01 	 3.2006458325e-04
7900 	 8080 	 6.7829768975e+01 	 1.8158600964e-04
8000 	 8181 	 6.7829768053e+01 	 9.6745494573e-05
8100 	 8283 	 6.7829766829e+01 	 1.1135015604e-04
8200 	 8385 	 6.7829765600e+01 	 9.8462529901e-05
8300 	 8489 	 6.7829764195e+01 	 1.4189278854e-04
8400 	 8592 	 6.7829762817e+01 	 9.4590241711e-05
8500 	 8693 	 6.7829761576e+01 	 2.4285218681e-04
8600 	 8795 	 6.7829760489e+01 	 1.0107443300e-04
8700 	 8897 	 6.7829759568e+01 	 3.0084199689e-04
8800 	 9001 	 6.7829758473e+01 	 9.0108298689e-05
8900 	 9104 	 6.7829757511e+01 	 9.6314069447e-05
9000 	 9205 	 6.7829756873e+01 	 1.0102364775e-04
9100 	 9307 	 6.7829756222e+01 	 9.2154565156e-05
9200 	 9410 	 6.7829755593e+01 	 8.4321258181e-05
9300 	 9514 	 6.7829754928e+01 	 9.1955428119e-05
9400 	 9617 	 6.7829754367e+01 	 8.1477257971e-05
9500 	 9719 	 6.7829753632e+01 	 7.7215755473e-05
9600 	 9820 	 6.7829752910e+01 	 9.3003028789e-05
9700 	 9925 	 6.7829752298e+01 	 1.0983758472e-04
9800 	 10027 	 6.7829751751e+01 	 6.9234685567e-05
9900 	 10130 	 6.7829751281e+01 	 6.1626604700e-05
10000 	 10232 	 6.7829750851e+01 	 1.3446546128e-04
10100 	 10336 	 6.7829750296e+01 	 8.2065011240e-05
10200 	 10439 	 6.7829749905e+01 	 1.5470570593e-04
10300 	 10542 	 6.7829749506e+01 	 1.1074420964e-04
10400 	 10644 	 6.7829749196e+01 	 7.7391166162e-05
10500 	 10746 	 6.7829748802e+01 	 9.2095162376e-05
10600 	 10848 	 6.7829748396e+01 	 6.7370090176e-05
10700 	 10951 	 6.7829748155e+01 	 5.5757425564e-05
10800 	 11053 	 6.7829748015e+01 	 4.6392234841e-05
10900 	 11157 	 6.7829747872e+01 	 5.3460265760e-05
11000 	 11260 	 6.7829747747e+01 	 1.1656606443e-04
11100 	 11363 	 6.7829747651e+01 	 6.7322748233e-05
11200 	 11466 	 6.7829747589e+01 	 3.7600280776e-05
11300 	 11569 	 6.7829747534e+01 	 5.0462301628e-05
11400 	 11672 	 6.7829747481e+01 	 2.8661756170e-05
11500 	 11774 	 6.7829747388e+01 	 3.9601178656e-05
11600 	 11878 	 6.7829747260e+01 	 4.1598451806e-05
11700 	 11980 	 6.7829747098e+01 	 3.7834191143e-05
11800 	 12082 	 6.7829746943e+01 	 7.9266370193e-05
11900 	 12187 	 6.7829746779e+01 	 3.8373729757e-05
12000 	 12288 	 6.7829746657e+01 	 6.5114759746e-05
12100 	 12389 	 6.7829746559e+01 	 4.6038138640e-05
12200 	 12491 	 6.7829746434e+01 	 4.1326908098e-05
12300 	 12594 	 6.7829746290e+01 	 3.6095473735e-05
12400 	 12696 	 6.7829746172e+01 	 3.4270158819e-05
12500 	 12799 	 6.7829746026e+01 	 1.1631755190e-04
12600 	 12902 	 6.7829745921e+01 	 4.6997898983e-05
12700 	 13002 	 6.7829745831e+01 	 5.8302647988e-05
12800 	 13107 	 6.7829745753e+01 	 4.5148141035e-05
12900 	 13211 	 6.7829745690e+01 	 2.8689125136e-05
13000 	 13314 	 6.7829745648e+01 	 2.0318763750e-05
13100 	 13419 	 6.7829745623e+01 	 2.2526318062e-05
13200 	 13521 	 6.7829745606e+01 	 1.3194083804e-05
13300 	 13623 	 6.7829745593e+01 	 1.3800078760e-05
13400 	 13725 	 6.7829745583e+01 	 9.8298197213e-06
13500 	 13827 	 6.7829745577e+01 	 7.3087494928e-06
13600 	 13928 	 6.7829745570e+01 	 8.0657638840e-06
13700 	 14029 	 6.7829745561e+01 	 1.6600567321e-05
13800 	 14132 	 6.7829745554e+01 	 8.9279286932e-06
13900 	 14233 	 6.7829745548e+01 	 1.1341352154e-05
14000 	 14333 	 6.7829745543e+01 	 1.4249347628e-05
14100 	 14438 	 6.7829745536e+01 	 1.3562971688e-05
14200 	 14540 	 6.7829745530e+01 	 9.4789097731e-06
14300 	 14644 	 6.7829745525e+01 	 8.0678365399e-06
14400 	 14745 	 6.7829745520e+01 	 1.3752030975e-05
14500 	 14845 	 6.7829745517e+01 	 5.0374132970e-06
14600 	 14947 	 6.7829745514e+01 	 3.9001527988e-06
14700 	 15049 	 6.7829745512e+01 	 7.5018606641e-06
14800 	 15152 	 6.7829745509e+01 	 1.2715921111e-05
14900 	 15253 	 6.7829745506e+01 	 8.2863574741e-06
15000 	 15356 	 6.7829745504e+01 	 4.4028481259e-06
15100 	 15459 	 6.7829745502e+01 	 9.9474288502e-06
15200 	 15560 	 6.7829745500e+01 	 6.1829299627e-06
15300 	 15662 	 6.7829745498e+01 	 4.5324446150e-06
15400 	 15765 	 6.7829745497e+01 	 8.1453943299e-06
15500 	 15868 	 6.7829745496e+01 	 3.1227494837e-06
15600 	 15968 	 6.7829745494e+01 	 4.7626946294e-06
15700 	 16073 	 6.7829745492e+01 	 7.4508698058e-06
15800 	 16177 	 6.7829745491e+01 	 6.5465595052e-06
15900 	 16280 	 6.7829745489e+01 	 3.5752722970e-06
16000 	 16382 	 6.7829745488e+01 	 3.6253092735e-06
16100 	 16486 	 6.7829745487e+01 	 4.9792444528e-06
16200 	 16590 	 6.7829745485e+01 	 4.9724561817e-06
16300 	 16691 	 6.7829745483e+01 	 5.4642597202e-06
16400 	 16794 	 6.7829745482e+01 	 8.3014964755e-06
16500 	 16896 	 6.7829745479e+01 	 5.3911701033e-06
16600 	 16999 	 6.7829745478e+01 	 4.7418232473e-06
16700 	 17102 	 6.7829745476e+01 	 4.3125297107e-06
16800 	 17204 	 6.7829745474e+01 	 4.9576597558e-06
16900 	 17307 	 6.7829745473e+01 	 4.8927984206e-06
17000 	 17407 	 6.7829745472e+01 	 3.4240181446e-06
17100 	 17509 	 6.7829745471e+01 	 2.7245059469e-06
17200 	 17613 	 6.7829745470e+01 	 2.7374543874e-06
17300 	 17715 	 6.7829745470e+01 	 1.6986631695e-06
17400 	 17816 	 6.7829745469e+01 	 1.8578852721e-06
17500 	 17919 	 6.7829745469e+01 	 1.2538761706e-06
17600 	 18021 	 6.7829745469e+01 	 1.3704489548e-06
17700 	 18123 	 6.7829745469e+01 	 2.8908845368e-06
17800 	 18223 	 6.7829745469e+01 	 2.4335530443e-06
17900 	 18326 	 6.7829745469e+01 	 1.1312244365e-06
18000 	 18431 	 6.7829745468e+01 	 1.1456588665e-06
18100 	 18533 	 6.7829745468e+01 	 1.3821985553e-06
18200 	 18637 	 6.7829745468e+01 	 1.0090449471e-06
18300 	 18739 	 6.7829745468e+01 	 1.5079243124e-06
18400 	 18839 	 6.7829745468e+01 	 1.4449386859e-06
18500 	 18943 	 6.7829745467e+01 	 1.0846879805e-06
18600 	 19046 	 6.7829745467e+01 	 1.6080316142e-06
18700 	 19148 	 6.7829745467e+01 	 9.4249790796e-07
18800 	 19249 	 6.7829745467e+01 	 3.9845338353e-06
18900 	 19350 	 6.7829745466e+01 	 1.7173658504e-06
19000 	 19453 	 6.7829745466e+01 	 9.7862312996e-07
19100 	 19558 	 6.7829745466e+01 	 3.1324165456e-06
19200 	 19662 	 6.7829745466e+01 	 1.0580072623e-06
19300 	 19769 	 6.7829745466e+01 	 8.3937397828e-07
19400 	 19873 	 6.7829745466e+01 	 9.9272503517e-07
19500 	 19979 	 6.7829745466e+01 	 1.0501277073e-06
19600 	 20086 	 6.7829745466e+01 	 1.2224206268e-06
19700 	 20191 	 6.7829745466e+01 	 1.1886801513e-06
19800 	 20299 	 6.7829745466e+01 	 6.9175219468e-07
19900 	 20407 	 6.7829745466e+01 	 7.3295494769e-07
20000 	 20517 	 6.7829745466e+01 	 5.5947672195e-07
20100 	 20622 	 6.7829745466e+01 	 7.6591677465e-07
20200 	 20731 	 6.7829745465e+01 	 8.3192857358e-07
20300 	 20847 	 6.7829745465e+01 	 5.2134105061e-07
20400 	 20958 	 6.7829745465e+01 	 1.2878501417e-06
20500 	 21067 	 6.7829745465e+01 	 3.8466874751e-07
20600 	 21182 	 6.7829745465e+01 	 5.6436317708e-07
20700 	 21299 	 6.7829745465e+01 	 5.3286560969e-07
20800 	 21420 	 6.7829745465e+01 	 6.6429108491e-07
20900 	 21531 	 6.7829745465e+01 	 3.3946371109e-07
# ---- 
 1 		 20922 	 21574 		 7.2965244604e+01 	 6.7829745465e+01 	 3.8030511094e-07
# ---- 
100 	 102 	 6.7786478100e+01 	 4.3779290211e-02
200 	 205 	 6.7770631842e+01 	 3.1549907117e-02
300 	 307 	 6.7765705654e+01 	 1.1642748345e-02
400 	 411 	 6.7763746330e+01 	 9.3444294500e-03
500 	 513 	 6.7762818071e+01 	 4.2966768966e-03
600 	 614 	 6.7762246842e+01 	 3.0597152969e-03
700 	 718 	 6.7761858179e+01 	 2.5687117433e-03
800 	 820 	 6.7761442733e+01 	 4.3520837862e-03
900 	 922 	 6.7761081354e+01 	 2.4859634336e-03
1000 	 1023 	 6.7760793961e+01 	 3.8389275411e-03
1100 	 1124 	 6.7760528550e+01 	 1.8892294522e-03
1200 	 1226 	 6.7760324164e+01 	 1.3858695022e-03
1300 	 1328 	 6.7760178268e+01 	 2.1964202147e-03
1400 	 1428 	 6.7760045573e+01 	 3.1462564949e-03
1500 	 1530 	 6.7759849725e+01 	 3.3897834398e-03
1600 	 1635 	 6.7759644453e+01 	 2.2724534446e-03
1700 	 1737 	 6.7759459522e+01 	 1.5858614220e-03
1800 	 1840 	 6.7759325189e+01 	 1.7806282274e-03
1900 	 1942 	 6.7759191794e+01 	 1.5852903065e-03
2000 	 2044 	 6.7759097445e+01 	 8.8992804098e-04
2100 	 2146 	 6.7759012342e+01 	 1.4984314919e-03
2200 	 2251 	 6.7758939430e+01 	 8.9387949586e-04
2300 	 2352 	 6.7758876139e+01 	 1.5740070610e-03
2400 	 2456 	 6.7758821703e+01 	 8.8342965190e-04
2500 	 2560 	 6.7758766410e+01 	 1.1251798199e-03
2600 	 2662 	 6.7758708370e+01 	 9.8258561085e-04
2700 	 2763 	 6.7758659783e+01 	 2.5303913040e-03
2800 	 2864 	 6.7758624405e+01 	 7.8611584133e-04
2900 	 2969 	 6.7758591156e+01 	 5.0012212977e-04
3000 	 3070 	 6.7758548360e+01 	 9.4472903196e-04
3100 	 3173 	 6.7758511147e+01 	 9.1047065928e-04
3200 	 3275 	 6.7758484236e+01 	 6.2947639793e-04
3300 	 3376 	 6.7758457149e+01 	 5.8321648592e-04
3400 	 3476 	 6.7758435686e+01 	 6.1169016552e-04
3500 	 3579 	 6.7758411821e+01 	 5.9098499755e-04
3600 	 3681 	 6.7758389637e+01 	 1.3168905045e-03
3700 	 3784 	 6.7758371834e+01 	 4.4425007886e-04
3800 	 3887 	 6.7758356824e+01 	 7.9089786520e-04
3900 	 3990 	 6.7758342500e+01 	 4.7525920149e-04
4000 	 4093 	 6.7758329545e+01 	 5.7388524216e-04
4100 	 4195 	 6.7758314917e+01 	 7.0573648078e-04
4200 	 4297 	 6.7758296393e+01 	 7.2794256659e-04
4300 	 4400 	 6.7758281013e+01 	 5.9249893926e-04
4400 	 4500 	 6.7758261942e+01 	 4.2383808898e-04
4500 	 4600 	 6.7758242064e+01 	 6.4303376428e-04
4600 	 4701 	 6.7758216592e+01 	 6.2307009094e-04
4700 	 4804 	 6.7758188829e+01 	 5.6708147380e-04
4800 	 4908 	 6.7758165955e+01 	 6.0589960942e-04
4900 	 5009 	 6.7758147984e+01 	 6.0231971171e-04
5000 	 5110 	 6.7758130694e+01 	 4.6481421001e-04
5100 	 5213 	 6.7758116551e+01 	 3.0787807214e-04
5200 	 5315 	 6.7758106475e+01 	 4.7821526961e-04
5300 	 5416 	 6.7758099757e+01 	 3.5591820683e-04
5400 	 5519 	 6.7758094192e+01 	 2.0298325221e-04
5500 	 5621 	 6.7758089950e+01 	 4.5757905248e-04
5600 	 5723 	 6.7758086224e+01 	 1.5448599828e-04
5700 	 5825 	 6.7758083129e+01 	 1.9329659120e-04
5800 	 5928 	 6.7758078991e+01 	 2.2324969486e-04
5900 	 6029 	 6.7758073870e+01 	 3.6313566709e-04
6000 	 6130 	 6.7758069202e+01 	 4.2627137611e-04
6100 	 6230 	 6.7758064424e+01 	 2.4115796342e-04
6200 	 6335 	 6.7758060330e+01 	 4.4053559725e-04
6300 	 6438 	 6.7758055824e+01 	 2.5628569733e-04
6400 	 6542 	 6.7758052441e+01 	 2.7310119662e-04
6500 	 6646 	 6.7758049721e+01 	 1.4070113034e-04
6600 	 6748 	 6.7758046402e+01 	 2.3053171365e-04
6700 	 6851 	 6.7758041839e+01 	 1.8706517219e-04
6800 	 6953 	 6.7758037042e+01 	 1.9432575097e-04
6900 	 7057 	 6.7758031465e+01 	 3.9071843226e-04
7000 	 7160 	 6.7758026803e+01 	 1.6121097944e-04
7100 	 7261 	 6.7758022955e+01 	 1.8677044322e-04
7200 	 7365 	 6.7758019161e+01 	 2.8832019552e-04
7300 	 7468 	 6.7758014477e+01 	 4.0407056328e-04
7400 	 7571 	 6.7758009211e+01 	 2.2881618816e-04
7500 	 7673 	 6.7758004852e+01 	 2.7150960395e-04
7600 	 7774 	 6.7758001381e+01 	 1.8685592556e-04
7700 	 7877 	 6.7757997448e+01 	 2.4379500037e-04
7800 	 7982 	 6.7757994002e+01 	 1.8940377801e-04
7900 	 8088 	 6.7757992142e+01 	 1.3058944196e-04
8000 	 8188 	 6.7757990797e+01 	 1.1295677107e-04
8100 	 8291 	 6.7757989720e+01 	 1.4722833561e-04
8200 	 8393 	 6.7757988634e+01 	 9.7994429433e-05
8300 	 8494 	 6.7757987568e+01 	 2.2169845539e-04
8400 	 8595 	 6.7757986333e+01 	 1.1099364166e-04
8500 	 8696 	 6.7757985166e+01 	 1.8708162507e-04
8600 	 8797 	 6.7757983682e+01 	 1.0174514200e-04
8700 	 8899 	 6.7757982050e+01 	 1.2830098636e-04
8800 	 9000 	 6.7757980455e+01 	 3.3191151747e-04
8900 	 9100 	 6.7757978984e+01 	 1.1903886870e-04
9000 	 9204 	 6.7757977985e+01 	 9.3788910349e-05
9100 	 9306 	 6.7757977546e+01 	 6.3326093517e-05
9200 	 9407 	 6.7757977113e+01 	 8.8700873727e-05
9300 	 9511 	 6.7757976576e+01 	 6.0937579734e-05
9400 	 9613 	 6.7757976049e+01 	 5.7223980441e-05
9500 	 9713 	 6.7757975575e+01 	 7.5338034607e-05
9600 	 9817 	 6.7757975109e+01 	 6.6305638446e-05
9700 	 9918 	 6.7757974629e+01 	 8.2826014624e-05
9800 	 10025 	 6.7757974219e+01 	 1.3546299026e-04
9900 	 10129 	 6.7757973914e+01 	 5.6516574801e-05
10000 	 10230 	 6.7757973581e+01 	 6.5433641140e-05
10100 	 10333 	 6.7757973214e+01 	 8.5761719258e-05
10200 	 10436 	 6.7757972951e+01 	 5.4066126144e-05
10300 	 10538 	 6.7757972680e+01 	 5.1751576588e-05
10400 	 10640 	 6.7757972300e+01 	 7.0946997948e-05
10500 	 10745 	 6.7757971892e+01 	 1.1677385975e-04
10600 	 10848 	 6.7757971443e+01 	 5.9574722444e-05
10700 	 10949 	 6.7757971200e+01 	 1.4390312114e-04
10800 	 11052 	 6.7757970947e+01 	 7.5691385014e-05
10900 	 11154 	 6.7757970712e+01 	 4.8862996364e-05
11000 	 11256 	 6.7757970500e+01 	 4.2018433867e-05
11100 	 11358 	 6.7757970283e+01 	 5.6201643515e-05
11200 	 11462 	 6.7757970084e+01 	 5.1258229747e-05
11300 	 11564 	 6.7757969839e+01 	 4.9300087039e-05
11400 	 11665 	 6.7757969621e+01 	 8.8735514352e-05
11500 	 11768 	 6.7757969454e+01 	 5.7990312513e-05
11600 	 11870 	 6.7757969336e+01 	 8.8498474652e-05
11700 	 11972 	 6.7757969227e+01 	 3.3770500797e-05
11800 	 12075 	 6.7757969144e+01 	 4.5591331250e-05
11900 	 12176 	 6.7757969071e+01 	 3.2798214918e-05
12000 	 12278 	 6.7757969014e+01 	 2.9810291421e-05
12100 	 12381 	 6.7757968965e+01 	 3.3764098018e-05
12200 	 12483 	 6.7757968932e+01 	 1.7184328700e-05
12300 	 12585 	 6.7757968907e+01 	 1.3591313349e-05
12400 	 12686 	 6.7757968881e+01 	 1.6420392580e-05
12500 	 12789 	 6.7757968846e+01 	 1.7006380970e-05
12600 	 12891 	 6.7757968808e+01 	 1.6666718620e-05
12700 	 12991 	 6.7757968761e+01 	 2.9137328754e-05
12800 	 13093 	 6.7757968694e+01 	 3.3717568527e-05
12900 	 13194 	 6.7757968623e+01 	 2.8737516142e-05
13000 	 13296 	 6.7757968568e+01 	 2.6626012140e-05
13100 	 13396 	 6.7757968516e+01 	 4.3940866433e-05
13200 	 13500 	 6.7757968471e+01 	 2.7587127803e-05
13300 	 13602 	 6.7757968431e+01 	 2.0408978091e-05
13400 	 13705 	 6.7757968383e+01 	 2.2482936509e-05
13500 	 13808 	 6.7757968336e+01 	 5.6356439462e-05
13600 	 13912 	 6.7757968292e+01 	 1.8525580875e-05
13700 	 14016 	 6.7757968254e+01 	 1.9892779563e-05
13800 	 14121 	 6.7757968221e+01 	 2.9724537327e-05
13900 	 14221 	 6.7757968187e+01 	 1.2582626464e-05
14000 	 14322 	 6.7757968160e+01 	 1.7408131013e-05
14100 	 14426 	 6.7757968133e+01 	 4.0598335731e-05
14200 	 14528 	 6.7757968110e+01 	 1.8038957741e-05
14300 	 14632 	 6.7757968090e+01 	 1.2432833238e-05
14400 	 14735 	 6.7757968076e+01 	 1.5537005261e-05
14500 	 14836 	 6.7757968064e+01 	 1.0998611368e-05
14600 	 14938 	 6.7757968050e+01 	 1.2444693742e-05
14700 	 15040 	 6.7757968035e+01 	 1.5301074931e-05
14800 	 15141 	 6.7757968020e+01 	 1.2653844208e-05
14900 	 15243 	 6.7757968007e+01 	 1.2360466537e-05
15000 	 15345 	 6.7757967991e+01 	 2.6433779610e-05
15100 	 15447 	 6.7757967979e+01 	 9.2156467344e-06
15200 	 15549 	 6.7757967967e+01 	 8.9827977469e-06
15300 	 15652 	 6.7757967956e+01 	 1.3770558300e-05
15400 	 15755 	 6.7757967947e+01 	 9.1230574170e-06
15500 	 15861 	 6.7757967939e+01 	 7.8372183966e-06
15600 	 15964 	 6.7757967935e+01 	 5.4933354896e-06
15700 	 16067 	 6.7757967931e+01 	 5.6201186472e-06
15800 	 16170 	 6.7757967928e+01 	 1.2716836846e-05
15900 	 16273 	 6.7757967926e+01 	 6.8246203536e-06
16000 	 16375 	 6.7757967924e+01 	 4.2612363171e-06
16100 	 16477 	 6.7757967922e+01 	 6.5308181779e-06
16200 	 16579 	 6.7757967921e+01 	 3.3580306106e-06
16300 	 16679 	 6.7757967919e+01 	 1.1572144346e-05
16400 	 16780 	 6.7757967918e+01 	 8.8790239622e-06
16500 	 16881 	 6.7757967917e+01 	 3.4745812723e-06
16600 	 16985 	 6.7757967916e+01 	 3.5836266995e-06
16700 	 17088 	 6.7757967915e+01 	 6.9750742285e-06
16800 	 17192 	 6.7757967913e+01 	 5.1341628531e-06
16900 	 17295 	 6.7757967912e+01 	 8.6813476955e-06
17000 	 17398 	 6.7757967909e+01 	 8.9792675756e-06
17100 	 17499 	 6.7757967907e+01 	 7.4529160060e-06
17200 	 17601 	 6.7757967905e+01 	 6.0384885766e-06
17300 	 17703 	 6.7757967903e+01 	 5.0151766516e-06
17400 	 17805 	 6.7757967902e+01 	 6.4458776083e-06
17500 	 17907 	 6.7757967901e+01 	 7.7765752733e-06
17600 	 18008 	 6.7757967899e+01 	 6.8116582380e-06
17700 	 18111 	 6.7757967898e+01 	 2.7819938905e-06
17800 	 18214 	 6.7757967897e+01 	 4.0581722726e-06
17900 	 18317 	 6.7757967897e+01 	 1.9811785282e-06
18000 	 18420 	 6.7757967896e+01 	 6.0491838628e-06
18100 	 18522 	 6.7757967895e+01 	 3.3464188974e-06
18200 	 18623 	 6.7757967895e+01 	 4.7259749302e-06
18300 	 18725 	 6.7757967894e+01 	 2.5572874364e-06
18400 	 18826 	 6.7757967894e+01 	 3.0517680951e-06
18500 	 18927 	 6.7757967894e+01 	 7.0455427061e-06
18600 	 19029 	 6.7757967893e+01 	 2.2257178135e-06
18700 	 19131 	 6.7757967893e+01 	 1.9052800818e-06
18800 	 19234 	 6.7757967892e+01 	 1.5356884130e-06
18900 	 19337 	 6.7757967892e+01 	 2.5111074479e-06
19000 	 19438 	 6.7757967892e+01 	 1.4596154830e-06
19100 	 19538 	 6.7757967891e+01 	 1.7485993241e-06
19200 	 19642 	 6.7757967891e+01 	 2.2443603321e-06
19300 	 19746 	 6.7757967891e+01 	 1.5247742443e-06
19400 	 19848 	 6.7757967891e+01 	 1.9880055317e-06
19500 	 19952 	 6.7757967890e+01 	 1.4302479907e-06
19600 	 20053 	 6.7757967890e+01 	 3.2915642471e-06
19700 	 20155 	 6.7757967890e+01 	 1.6571395738e-06
19800 	 20258 	 6.7757967889e+01 	 9.2688526112e-07
19900 	 20361 	 6.7757967889e+01 	 8.9749679400e-07
20000 	 20464 	 6.7757967889e+01 	 2.6176521327e-06
20100 	 20566 	 6.7757967889e+01 	 1.3024994009e-06
20200 	 20668 	 6.7757967889e+01 	 8.7233611099e-07
20300 	 20770 	 6.7757967889e+01 	 1.5230556859e-06
20400 	 20873 	 6.7757967889e+01 	 1.1698846415e-06
20500 	 20974 	 6.7757967888e+01 	 1.7218886339e-06
20600 	 21079 	 6.7757967888e+01 	 9.7681918868e-07
20700 	 21183 	 6.7757967888e+01 	 1.1522532879e-06
20800 	 21284 	 6.7757967888e+01 	 1.0476875944e-06
20900 	 21390 	 6.7757967888e+01 	 1.2363368300e-06
21000 	 21493 	 6.7757967888e+01 	 1.5083909022e-06
21100 	 21598 	 6.7757967888e+01 	 5.5625778409e-07
21200 	 21702 	 6.7757967888e+01 	 1.0478296123e-06
21300 	 21807 	 6.7757967888e+01 	 1.2698726864e-06
21400 	 21914 	 6.7757967888e+01 	 5.5890013593e-07
21500 	 22023 	 6.7757967888e+01 	 8.4278842155e-07
21600 	 22127 	 6.7757967888e+01 	 8.4881704900e-07
21700 	 22234 	 6.7757967888e+01 	 5.0750753427e-07
21800 	 22348 	 6.7757967888e+01 	 7.7989782190e-07
21900 	 22453 	 6.7757967888e+01 	 8.3012353831e-07
22000 	 22555 	 6.7757967887e+01 	 5.4438835902e-07
22100 	 22664 	 6.7757967887e+01 	 1.3743716332e-06
22200 	 22769 	 6.7757967887e+01 	 8.8075466180e-07
22300 	 22873 	 6.7757967887e+01 	 6.9730947716e-07
22400 	 22981 	 6.7757967887e+01 	 6.6416722191e-07
22500 	 23085 	 6.7757967887e+01 	 5.3695904527e-07
22600 	 23198 	 6.7757967887e+01 	 1.4472654355e-06
22700 	 23309 	 6.7757967887e+01 	 9.4693970595e-07
22800 	 23417 	 6.7757967887e+01 	 7.5748342787e-07
22900 	 23527 	 6.7757967887e+01 	 6.5352265555e-07
23000 	 23639 	 6.7757967887e+01 	 7.1177619354e-07
23100 	 23749 	 6.7757967887e+01 	 4.3718601048e-07
23200 	 23862 	 6.7757967887e+01 	 7.8322963054e-07
23300 	 23978 	 6.7757967887e+01 	 3.7823522414e-07
# ---- 
 1 		 23318 	 24020 		 7.2985940180e+01 	 6.7757967887e+01 	 6.1243785210e-07
# ---- 
100 	 105 	 6.7725408787e+01 	 5.8214870671e-02
200 	 206 	 6.7711319784e+01 	 1.0629850117e-02
300 	 307 	 6.7706807449e+01 	 5.1256061661e-03
400 	 408 	 6.7704958764e+01 	 4.7359359819e-03
500 	 509 	 6.7704037147e+01 	 3.7074233993e-03
600 	 611 	 6.7703427974e+01 	 2.2819606959e-03
700 	 713 	 6.7703003907e+01 	 1.8595227434e-03
800 	 814 	 6.7702562460e+01 	 2.5495812628e-03
900 	 915 	 6.7702160533e+01 	 2.6358357166e-03
1000 	 1016 	 6.7701848761e+01 	 2.1530438501e-03
1100 	 1118 	 6.7701563800e+01 	 1.7523903242e-03
1200 	 1220 	 6.7701308681e+01 	 1.4679841564e-03
1300 	 1322 	 6.7701150540e+01 	 1.2442391537e-03
1400 	 1426 	 6.7701003891e+01 	 1.9177447684e-03
1500 	 1529 	 6.7700805857e+01 	 1.7405523465e-03
1600 	 1631 	 6.7700606626e+01 	 1.5760916128e-03
1700 	 1731 	 6.7700435971e+01 	 1.6807152702e-03
1800 	 1832 	 6.7700294497e+01 	 2.5034604162e-03
1900 	 1934 	 6.7700177231e+01 	 1.2007787779e-03
2000 	 2036 	 6.7700076185e+01 	 1.7860079173e-03
2100 	 2136 	 6.7699973755e+01 	 1.8178197145e-03
2200 	 2241 	 6.7699895917e+01 	 1.5651427525e-03
2300 	 2345 	 6.7699825861e+01 	 1.4278113545e-03
2400 	 2449 	 6.7699758277e+01 	 9.1706806893e-04
2500 	 2551 	 6.7699695675e+01 	 1.0264283588e-03
2600 	 2655 	 6.7699631354e+01 	 1.3170217137e-03
2700 	 2758 	 6.7699566259e+01 	 1.0464622914e-03
2800 	 2864 	 6.7699507293e+01 	 9.8396339961e-04
2900 	 2966 	 6.7699447173e+01 	 1.2738476962e-03
3000 	 3067 	 6.7699392455e+01 	 7.6943990032e-04
3100 	 3170 	 6.7699337074e+01 	 7.8970532321e-04
3200 	 3272 	 6.7699291301e+01 	 7.5686107389e-04
3300 	 3374 	 6.7699253053e+01 	 5.0362091247e-04
3400 	 3476 	 6.7699223589e+01 	 6.2411383568e-04
3500 	 3577 	 6.7699196015e+01 	 5.6073255716e-04
3600 	 3680 	 6.7699170550e+01 	 6.1076266646e-04
3700 	 3783 	 6.7699138916e+01 	 1.7903847605e-03
3800 	 3885 	 6.7699109057e+01 	 7.0999485781e-04
3900 	 3987 	 6.7699081498e+01 	 8.3353682225e-04
4000 	 4090 	 6.7699058118e+01 	 5.5680512572e-04
4100 	 4192 	 6.7699039547e+01 	 5.3584162900e-04
4200 	 4294 	 6.7699023482e+01 	 1.1020054844e-03
4300 	 4395 	 6.7699009277e+01 	 4.8608487687e-04
4400 	 4498 	 6.7698993255e+01 	 6.4576097662e-04
4500 	 4602 	 6.7698975194e+01 	 7.6380607032e-04
4600 	 4705 	 6.7698955436e+01 	 5.4891606607e-04
4700 	 4806 	 6.7698931857e+01 	 4.5296932876e-04
4800 	 4909 	 6.7698906133e+01 	 5.7491725064e-04
4900 	 5013 	 6.7698882975e+01 	 5.3936045157e-04
5000 	 5116 	 6.7698863615e+01 	 4.1961797605e-04
5100 	 5217 	 6.7698846934e+01 	 4.4214204557e-04
5200 	 5320 	 6.7698832246e+01 	 3.7100469087e-04
5300 	 5421 	 6.7698822469e+01 	 3.2611852000e-04
5400 	 5526 	 6.7698813180e+01 	 4.8196881074e-04
5500 	 5628 	 6.7698804439e+01 	 4.2307131075e-04
5600 	 5729 	 6.7698795136e+01 	 3.1958590187e-04
5700 	 5835 	 6.7698787930e+01 	 4.3053484329e-04
5800 	 5937 	 6.7698782361e+01 	 2.8818139586e-04
5900 	 6040 	 6.7698776488e+01 	 4.8942956588e-04
6000 	 6142 	 6.7698772601e+01 	 1.4670502483e-04
6100 	 6245 	 6.7698769431e+01 	 1.8216466896e-04
6200 	 6350 	 6.7698765999e+01 	 1.5970070434e-04
6300 	 6452 	 6.7698762771e+01 	 1.8185092555e-04
6400 	 6554 	 6.7698758595e+01 	 2.7665343694e-04
6500 	 6657 	 6.7698754508e+01 	 2.2421457861e-04
6600 	 6759 	 6.7698750016e+01 	 2.0995628135e-04
6700 	 6860 	 6.7698744893e+01 	 2.2354034328e-04
6800 	 6965 	 6.7698740388e+01 	 2.1604718045e-04
6900 	 7065 	 6.7698736398e+01 	 3.0226475975e-04
7000 	 7167 	 6.7698732931e+01 	 2.4994255454e-04
7100 	 7270 	 6.7698728939e+01 	 2.5342865243e-04
7200 	 7370 	 6.7698724341e+01 	 2.3581634578e-04
7300 	 7475 	 6.7698721813e+01 	 2.4299728831e-04
7400 	 7577 	 6.7698719035e+01 	 2.3852411790e-04
7500 	 7681 	 6.7698714839e+01 	 4.4956873407e-04
7600 	 7784 	 6.7698709250e+01 	 2.1874232481e-04
7700 	 7885 	 6.7698704346e+01 	 1.7552497683e-04
7800 	 7985 	 6.7698700712e+01 	 2.4917708053e-04
7900 	 8089 	 6.7698696849e+01 	 3.4525051728e-04
8000 	 8190 	 6.7698692354e+01 	 4.4251874965e-04
8100 	 8291 	 6.7698688228e+01 	 1.9382462901e-04
8200 	 8393 	 6.7698684374e+01 	 2.2799588176e-04
8300 	 8494 	 6.7698678531e+01 	 3.1717328238e-04
8400 	 8598 	 6.7698673556e+01 	 2.7133408899e-04
8500 	 8699 	 6.7698669259e+01 	 4.0732467003e-04
8600 	 8801 	 6.7698666655e+01 	 1.9061852269e-04
8700 	 8904 	 6.7698664414e+01 	 1.5724586257e-04
8800 	 9008 	 6.7698662551e+01 	 1.8078012250e-04
8900 	 9112 	 6.7698661136e+01 	 1.0407134373e-04
9000 	 9217 	 6.7698660136e+01 	 1.5082658581e-04
9100 	 9320 	 6.7698659217e+01 	 1.2752996244e-04
9200 	 9424 	 6.7698658055e+01 	 1.1261102018e-04
9300 	 9528 	 6.7698657039e+01 	 2.1513632706e-04
9400 	 9633 	 6.7698656332e+01 	 1.2500781688e-04
9500 	 9734 	 6.7698655694e+01 	 7.9089041180e-05
9600 	 9836 	 6.7698655129e+01 	 1.0327130968e-04
9700 	 9939 	 6.7698654571e+01 	 8.2834479494e-05
9800 	 10042 	 6.7698654080e+01 	 8.9251800225e-05
9900 	 10146 	 6.7698653664e+01 	 1.3127861823e-04
10000 	 10249 	 6.7698653312e+01 	 5.6845879611e-05
10100 	 10352 	 6.7698653062e+01 	 5.0678434593e-05
10200 	 10455 	 6.7698652916e+01 	 4.3232885374e-05
10300 	 10558 	 6.7698652763e+01 	 4.6434190387e-05
10400 	 10659 	 6.7698652584e+01 	 3.6033052410e-05
10500 	 10761 	 6.7698652388e+01 	 1.1574046542e-04
10600 	 10862 	 6.7698652112e+01 	 8.0658636277e-05
10700 	 10963 	 6.7698651819e+01 	 1.1892594426e-04
10800 	 11065 	 6.7698651544e+01 	 6.0183045786e-05
10900 	 11167 	 6.7698651244e+01 	 6.5448417266e-05
11000 	 11267 	 6.7698650954e+01 	 5.3258926264e-05
11100 	 11371 	 6.7698650739e+01 	 4.9094855835e-05
11200 	 11473 	 6.7698650560e+01 	 4.3403961452e-05
11300 	 11576 	 6.7698650432e+01 	 3.1017194454e-05
11400 	 11678 	 6.7698650307e+01 	 8.9989466006e-05
11500 	 11780 	 6.7698650147e+01 	 5.0582961614e-05
11600 	 11883 	 6.7698649945e+01 	 6.1709412586e-05
11700 	 11986 	 6.7698649736e+01 	 4.9179064873e-05
11800 	 12088 	 6.7698649553e+01 	 3.5906471364e-05
11900 	 12190 	 6.7698649420e+01 	 4.5945292959e-05
12000 	 12295 	 6.7698649302e+01 	 9.7570943202e-05
12100 	 12400 	 6.7698649205e+01 	 2.9817982858e-05
12200 	 12502 	 6.7698649125e+01 	 3.2716935797e-05
12300 	 12603 	 6.7698649033e+01 	 2.4765098133e-05
12400 	 12704 	 6.7698648946e+01 	 7.9120277592e-05
12500 	 12806 	 6.7698648868e+01 	 8.1390823672e-05
12600 	 12907 	 6.7698648796e+01 	 2.9037112667e-05
12700 	 13010 	 6.7698648724e+01 	 2.9023968027e-05
12800 	 13113 	 6.7698648660e+01 	 2.2735548625e-05
12900 	 13215 	 6.7698648597e+01 	 3.8412384848e-05
13000 	 13317 	 6.7698648542e+01 	 3.5085718334e-05
13100 	 13421 	 6.7698648484e+01 	 4.1305685796e-05
13200 	 13525 	 6.7698648436e+01 	 2.1129543189e-05
13300 	 13626 	 6.7698648390e+01 	 1.8713286222e-05
13400 	 13730 	 6.7698648346e+01 	 1.8957277294e-05
13500 	 13833 	 6.7698648303e+01 	 2.4191800457e-05
13600 	 13933 	 6.7698648271e+01 	 1.6199902890e-05
13700 	 14037 	 6.7698648237e+01 	 3.4898184983e-05
13800 	 14138 	 6.7698648211e+01 	 1.5824939825e-05
13900 	 14240 	 6.7698648188e+01 	 4.5626033271e-05
14000 	 14343 	 6.7698648167e+01 	 1.3737541099e-05
14100 	 14447 	 6.7698648149e+01 	 1.1497613205e-05
14200 	 14550 	 6.7698648134e+01 	 1.2469481292e-05
14300 	 14652 	 6.7698648123e+01 	 1.6588237425e-05
14400 	 14754 	 6.7698648113e+01 	 1.5535794035e-05
14500 	 14855 	 6.7698648104e+01 	 2.1369443613e-05
14600 	 14958 	 6.7698648096e+01 	 9.7711769642e-06
14700 	 15060 	 6.7698648085e+01 	 1.2128349223e-05
14800 	 15165 	 6.7698648070e+01 	 1.4541413868e-05
14900 	 15267 	 6.7698648053e+01 	 2.8955117141e-05
15000 	 15370 	 6.7698648036e+01 	 1.5843266845e-05
15100 	 15474 	 6.7698648014e+01 	 2.2035160324e-05
15200 	 15576 	 6.7698647995e+01 	 1.1971573429e-05
15300 	 15679 	 6.7698647979e+01 	 1.8579743433e-05
15400 	 15782 	 6.7698647960e+01 	 3.3710639208e-05
15500 	 15883 	 6.7698647943e+01 	 2.0316936121e-05
15600 	 15984 	 6.7698647931e+01 	 1.6350884642e-05
15700 	 16087 	 6.7698647921e+01 	 9.4653572832e-06
15800 	 16188 	 6.7698647913e+01 	 7.5527183824e-06
15900 	 16290 	 6.7698647909e+01 	 1.6696172084e-05
16000 	 16393 	 6.7698647904e+01 	 8.5973881619e-06
16100 	 16496 	 6.7698647901e+01 	 4.9841250573e-06
16200 	 16598 	 6.7698647898e+01 	 5.9954400927e-06
16300 	 16700 	 6.7698647894e+01 	 4.8892919774e-06
16400 	 16803 	 6.7698647892e+01 	 4.4230451583e-06
16500 	 16906 	 6.7698647890e+01 	 5.9200087060e-06
16600 	 17010 	 6.7698647888e+01 	 4.0628125912e-06
16700 	 17111 	 6.7698647886e+01 	 3.6664774332e-06
16800 	 17212 	 6.7698647884e+01 	 5.2423195941e-06
16900 	 17316 	 6.7698647883e+01 	 7.8411155428e-06
17000 	 17417 	 6.7698647882e+01 	 3.4067410078e-06
17100 	 17519 	 6.7698647881e+01 	 5.1470852224e-06
17200 	 17620 	 6.7698647879e+01 	 1.1335248237e-05
17300 	 17723 	 6.7698647877e+01 	 3.7804047469e-06
17400 	 17827 	 6.7698647875e+01 	 4.3795810142e-06
17500 	 17929 	 6.7698647871e+01 	 6.0802858350e-06
17600 	 18032 	 6.7698647868e+01 	 6.3262017739e-06
17700 	 18137 	 6.7698647865e+01 	 6.1235487355e-06
17800 	 18240 	 6.7698647862e+01 	 7.5035383131e-06
17900 	 18344 	 6.7698647859e+01 	 8.5973680858e-06
18000 	 18446 	 6.7698647855e+01 	 1.6604768844e-05
18100 	 18549 	 6.7698647852e+01 	 4.8988271261e-06
18200 	 18652 	 6.7698647849e+01 	 9.2711104209e-06
18300 	 18753 	 6.7698647848e+01 	 3.5701100809e-06
18400 	 18856 	 6.7698647846e+01 	 5.1727458450e-06
18500 	 18960 	 6.7698647845e+01 	 4.1798978774e-06
18600 	 19064 	 6.7698647845e+01 	 5.7486093151e-06
18700 	 19167 	 6.7698647844e+01 	 1.9948040015e-06
18800 	 19270 	 6.7698647844e+01 	 2.3072695486e-06
18900 	 19374 	 6.7698647843e+01 	 1.6903202359e-06
19000 	 19478 	 6.7698647843e+01 	 1.8363662102e-06
19100 	 19580 	 6.7698647843e+01 	 1.5189554094e-06
19200 	 19684 	 6.7698647842e+01 	 1.2058452996e-06
19300 	 19789 	 6.7698647842e+01 	 1.8749053914e-06
19400 	 19896 	 6.7698647842e+01 	 1.6058304787e-06
19500 	 19998 	 6.7698647842e+01 	 1.0376803764e-06
19600 	 20103 	 6.7698647842e+01 	 3.1860686873e-06
19700 	 20204 	 6.7698647842e+01 	 9.8947095610e-07
19800 	 20307 	 6.7698647842e+01 	 8.7298391066e-07
19900 	 20410 	 6.7698647842e+01 	 1.5529251216e-06
20000 	 20514 	 6.7698647842e+01 	 9.5010691248e-07
20100 	 20618 	 6.7698647842e+01 	 1.2644681047e-06
20200 	 20723 	 6.7698647841e+01 	 1.3294013962e-06
20300 	 20825 	 6.7698647841e+01 	 1.4317780694e-06
20400 	 20927 	 6.7698647841e+01 	 1.5876699610e-06
20500 	 21030 	 6.7698647841e+01 	 7.8972841671e-07
20600 	 21139 	 6.7698647841e+01 	 1.0533961588e-06
20700 	 21247 	 6.7698647841e+01 	 9.1193281271e-07
20800 	 21350 	 6.7698647841e+01 	 1.1146892546e-06
20900 	 21459 	 6.7698647841e+01 	 1.0925856481e-06
21000 	 21574 	 6.7698647841e+01 	 8.9785666599e-07
21100 	 21690 	 6.7698647841e+01 	 1.2513069093e-06
# ---- 
 1 		 21175 	 21796 		 7.3027095802e+01 	 6.7698647841e+01 	 7.9400574612e-07
# ---- 
100 	 103 	 6.7673015675e+01 	 4.7932453081e-02
200 	 205 	 6.7660820573e+01 	 1.1913384041e-02
300 	 307 	 6.7656832359e+01 	 1.1757644736e-02
400 	 409 	 6.7655070300e+01 	 4.5379010416e-03
500 	 510 	 6.7654134851e+01 	 7.6981990135e-03
600 	 610 	 6.7653452439e+01 	 7.5363252490e-03
700 	 711 	 6.7652933114e+01 	 2.5254202198e-03
800 	 815 	 6.7652430835e+01 	 3.4052021660e-03
900 	 915 	 6.7652006563e+01 	 2.9436614841e-03
1000 	 1018 	 6.7651656978e+01 	 3.5262393931e-03
1100 	 1122 	 6.7651358146e+01 	 2.0750748821e-03
1200 	 1225 	 6.7651125090e+01 	 1.4698796427e-03
1300 	 1328 	 6.7650931596e+01 	 2.4092629593e-03
1400 	 1429 	 6.7650759298e+01 	 1.3654965321e-03
1500 	 1532 	 6.7650560534e+01 	 1.7332710120e-03
1600 	 1635 	 6.7650347008e+01 	 2.0473580981e-03
1700 	 1738 	 6.7650156699e+01 	 1.5854341448e-03
1800 	 1842 	 6.7649999685e+01 	 1.0195928804e-03
1900 	 1944 	 6.7649889719e+01 	 1.5189773887e-03
2000 	 2046 	 6.7649805557e+01 	 1.0172627933e-03
2100 	 2147 	 6.7649718939e+01 	 1.1065409419e-03
2200 	 2250 	 6.7649651742e+01 	 9.2515273254e-04
2300 	 2352 	 6.7649597731e+01 	 6.6428877915e-04
2400 	 2456 	 6.7649544586e+01 	 1.0386445474e-03
2500 	 2560 	 6.7649477208e+01 	 1.4784773967e-03
2600 	 2661 	 6.7649415874e+01 	 1.3307220363e-03
2700 	 2762 	 6.7649367476e+01 	 6.8879620950e-04
2800 	 2864 	 6.7649317405e+01 	 9.2242231378e-04
2900 	 2966 	 6.7649248030e+01 	 8.8033577514e-04
3000 	 3068 	 6.7649181693e+01 	 8.9683355240e-04
3100 	 3171 	 6.7649124441e+01 	 8.2705906071e-04
3200 	 3272 	 6.7649083905e+01 	 8.5570413698e-04
3300 	 3374 	 6.7649036328e+01 	 6.9169696162e-04
3400 	 3476 	 6.7648996088e+01 	 5.7457595633e-04
3500 	 3579 	 6.7648957765e+01 	 5.6473065062e-04
3600 	 3682 	 6.7648923524e+01 	 9.5261490147e-04
3700 	 3785 	 6.7648896095e+01 	 5.6073267948e-04
3800 	 3888 	 6.7648872332e+01 	 3.8817783574e-04
3900 	 3990 	 6.7648857727e+01 	 3.9079456135e-04
4000 	 4092 	 6.7648845609e+01 	 3.7934552987e-04
4100 	 4196 	 6.7648832668e+01 	 4.0776740164e-04
4200 	 4298 	 6.7648818014e+01 	 4.5634850500e-04
4300 	 4400 	 6.7648805250e+01 	 6.7727324973e-04
4400 	 4503 	 6.7648791920e+01 	 3.3365690539e-04
4500 	 4603 	 6.7648778057e+01 	 3.4429139836e-04
4600 	 4706 	 6.7648758071e+01 	 6.0127702408e-04
4700 	 4808 	 6.7648734477e+01 	 5.9422781452e-04
4800 	 4908 	 6.7648707140e+01 	 6.2932461861e-04
4900 	 5009 	 6.7648684730e+01 	 4.9759414736e-04
5000 	 5112 	 6.7648665878e+01 	 4.7426711740e-04
5100 	 5215 	 6.7648653964e+01 	 4.4518124046e-04
5200 	 5319 	 6.7648646156e+01 	 5.0891409553e-04
5300 	 5422 	 6.7648639425e+01 	 2.9618389861e-04
5400 	 5524 	 6.7648632651e+01 	 6.0306210896e-04
5500 	 5627 	 6.7648624577e+01 	 5.7370411649e-04
5600 	 5728 	 6.7648617474e+01 	 1.9232617556e-04
5700 	 5831 	 6.7648611868e+01 	 2.6990310434e-04
5800 	 5935 	 6.7648607060e+01 	 2.8963563817e-04
5900 	 6036 	 6.7648603449e+01 	 1.2376424828e-04
6000 	 6139 	 6.7648600929e+01 	 2.5811082091e-04
6100 	 6243 	 6.7648598583e+01 	 1.3553822051e-04
6200 	 6347 	 6.7648597151e+01 	 1.8585954305e-04
6300 	 6447 	 6.7648595593e+01 	 1.2807845774e-04
6400 	 6550 	 6.7648593737e+01 	 1.6693543406e-04
6500 	 6653 	 6.7648592221e+01 	 2.5099782700e-04
6600 	 6756 	 6.7648590503e+01 	 1.9726696374e-04
6700 	 6858 	 6.7648588092e+01 	 1.7569975368e-04
6800 	 6959 	 6.7648585465e+01 	 2.1216728448e-04
6900 	 7061 	 6.7648581698e+01 	 4.8572251764e-04
7000 	 7164 	 6.7648577528e+01 	 1.8882998031e-04
7100 	 7266 	 6.7648572123e+01 	 2.3809656653e-04
7200 	 7369 	 6.7648568477e+01 	 2.3015520889e-04
7300 	 7473 	 6.7648565787e+01 	 1.9855972220e-04
7400 	 7574 	 6.7648563557e+01 	 1.2060589131e-04
7500 	 7677 	 6.7648560995e+01 	 2.1447180819e-04
7600 	 7778 	 6.7648558715e+01 	 4.3122326056e-04
7700 	 7881 	 6.7648556002e+01 	 2.7521419749e-04
7800 	 7983 	 6.7648553501e+01 	 1.2085242128e-04
7900 	 8084 	 6.7648551738e+01 	 1.3467756148e-04
8000 	 8186 	 6.7648550873e+01 	 1.1960112703e-04
8100 	 8291 	 6.7648550202e+01 	 1.5288946888e-04
8200 	 8394 	 6.7648549563e+01 	 1.0366407532e-04
8300 	 8501 	 6.7648548822e+01 	 1.0536471916e-04
8400 	 8604 	 6.7648547792e+01 	 8.7034170517e-05
8500 	 8707 	 6.7648546797e+01 	 8.8438808586e-05
8600 	 8811 	 6.7648545767e+01 	 1.0490170549e-04
8700 	 8914 	 6.7648544896e+01 	 1.0484953404e-04
8800 	 9016 	 6.7648543964e+01 	 1.0111949564e-04
8900 	 9120 	 6.7648543054e+01 	 1.3427737081e-04
9000 	 9220 	 6.7648542268e+01 	 8.9580515700e-05
9100 	 9323 	 6.7648541410e+01 	 1.4561814357e-04
9200 	 9428 	 6.7648540664e+01 	 6.7146548177e-05
9300 	 9530 	 6.7648540188e+01 	 1.5538449020e-04
9400 	 9634 	 6.7648539818e+01 	 9.9215333015e-05
9500 	 9737 	 6.7648539471e+01 	 1.7594403592e-04
9600 	 9841 	 6.7648539141e+01 	 5.3200572041e-05
9700 	 9946 	 6.7648538863e+01 	 5.3149126909e-05
9800 	 10050 	 6.7648538649e+01 	 4.4725941706e-05
9900 	 10152 	 6.7648538511e+01 	 4.0718215549e-05
10000 	 10253 	 6.7648538373e+01 	 8.3461924660e-05
10100 	 10355 	 6.7648538211e+01 	 9.7283914227e-05
10200 	 10457 	 6.7648538071e+01 	 4.1331886799e-05
10300 	 10560 	 6.7648537935e+01 	 4.0023288877e-05
10400 	 10664 	 6.7648537794e+01 	 6.9701357174e-05
10500 	 10765 	 6.7648537653e+01 	 4.4317737028e-05
10600 	 10868 	 6.7648537519e+01 	 2.7632724171e-05
10700 	 10970 	 6.7648537387e+01 	 4.5018040698e-05
10800 	 11074 	 6.7648537216e+01 	 4.4984373933e-05
10900 	 11177 	 6.7648537051e+01 	 5.1264885300e-05
11000 	 11282 	 6.7648536889e+01 	 4.2779122398e-05
11100 	 11385 	 6.7648536678e+01 	 6.1111871878e-05
11200 	 11486 	 6.7648536455e+01 	 4.8650948696e-05
11300 	 11587 	 6.7648536250e+01 	 5.8292780399e-05
11400 	 11688 	 6.7648536038e+01 	 6.3166884931e-05
11500 	 11790 	 6.7648535838e+01 	 4.8417384337e-05
11600 	 11891 	 6.7648535622e+01 	 5.4506766282e-05
11700 	 11992 	 6.7648535434e+01 	 4.1124281487e-05
11800 	 12093 	 6.7648535306e+01 	 4.6301229666e-05
11900 	 12196 	 6.7648535205e+01 	 4.8107239535e-05
12000 	 12297 	 6.7648535122e+01 	 3.1278980350e-05
12100 	 12402 	 6.7648535065e+01 	 5.3530538302e-05
12200 	 12506 	 6.7648535023e+01 	 1.9065900015e-05
12300 	 12608 	 6.7648534984e+01 	 1.7501003513e-05
12400 	 12711 	 6.7648534961e+01 	 3.3425836517e-05
12500 	 12814 	 6.7648534938e+01 	 1.3219076590e-05
12600 	 12918 	 6.7648534916e+01 	 1.5446732418e-05
12700 	 13020 	 6.7648534899e+01 	 1.6248013228e-05
12800 	 13123 	 6.7648534882e+01 	 9.5599344752e-06
12900 	 13224 	 6.7648534871e+01 	 9.2061100546e-06
13000 	 13326 	 6.7648534862e+01 	 1.6586070343e-05
13100 	 13428 	 6.7648534853e+01 	 9.9275603199e-06
13200 	 13528 	 6.7648534844e+01 	 1.7597606506e-05
13300 	 13630 	 6.7648534833e+01 	 1.0702108257e-05
13400 	 13733 	 6.7648534823e+01 	 1.1860208175e-05
13500 	 13835 	 6.7648534811e+01 	 1.4920453640e-05
13600 	 13937 	 6.7648534790e+01 	 4.6209207808e-05
13700 	 14039 	 6.7648534763e+01 	 1.6319439467e-05
13800 	 14143 	 6.7648534734e+01 	 3.0253913953e-05
13900 	 14245 	 6.7648534711e+01 	 1.9347819125e-05
14000 	 14350 	 6.7648534689e+01 	 2.1819996680e-05
14100 	 14454 	 6.7648534670e+01 	 1.2143929902e-05
14200 	 14556 	 6.7648534650e+01 	 3.1277653498e-05
14300 	 14660 	 6.7648534633e+01 	 2.3526146954e-05
14400 	 14763 	 6.7648534620e+01 	 1.0658887386e-05
14500 	 14866 	 6.7648534613e+01 	 8.2699182665e-06
14600 	 14968 	 6.7648534607e+01 	 5.3937046655e-06
14700 	 15071 	 6.7648534604e+01 	 1.2008752448e-05
14800 	 15173 	 6.7648534602e+01 	 4.1715339364e-06
14900 	 15276 	 6.7648534600e+01 	 1.2559796175e-05
15000 	 15378 	 6.7648534599e+01 	 4.2795233096e-06
15100 	 15481 	 6.7648534597e+01 	 4.3879428071e-06
15200 	 15585 	 6.7648534596e+01 	 4.3512669813e-06
15300 	 15686 	 6.7648534595e+01 	 3.4287901882e-06
15400 	 15790 	 6.7648534593e+01 	 3.6855935994e-06
15500 	 15893 	 6.7648534592e+01 	 9.4366858867e-06
15600 	 15995 	 6.7648534590e+01 	 4.3772484606e-06
15700 	 16098 	 6.7648534589e+01 	 4.4543945929e-06
15800 	 16200 	 6.7648534587e+01 	 5.1024580114e-06
15900 	 16302 	 6.7648534586e+01 	 5.5972362880e-06
16000 	 16403 	 6.7648534584e+01 	 4.7725623277e-06
16100 	 16506 	 6.7648534582e+01 	 3.0674625466e-06
16200 	 16610 	 6.7648534581e+01 	 2.5878729639e-06
16300 	 16712 	 6.7648534580e+01 	 3.6334931626e-06
16400 	 16814 	 6.7648534579e+01 	 3.6983913153e-06
16500 	 16917 	 6.7648534578e+01 	 6.5644902389e-06
16600 	 17020 	 6.7648534576e+01 	 9.5021723165e-06
16700 	 17124 	 6.7648534575e+01 	 7.3609930198e-06
16800 	 17228 	 6.7648534574e+01 	 3.8740961021e-06
16900 	 17332 	 6.7648534573e+01 	 2.9661215029e-06
17000 	 17435 	 6.7648534572e+01 	 4.4630789151e-06
17100 	 17536 	 6.7648534571e+01 	 3.0731039401e-06
17200 	 17639 	 6.7648534570e+01 	 6.3075029036e-06
17300 	 17741 	 6.7648534570e+01 	 2.6503737504e-06
17400 	 17843 	 6.7648534569e+01 	 2.7829181150e-06
17500 	 17946 	 6.7648534568e+01 	 2.8882282994e-06
17600 	 18049 	 6.7648534567e+01 	 4.0193073716e-06
17700 	 18151 	 6.7648534567e+01 	 2.4835178138e-06
17800 	 18252 	 6.7648534567e+01 	 2.6841132800e-06
17900 	 18353 	 6.7648534566e+01 	 2.1218278998e-06
18000 	 18456 	 6.7648534566e+01 	 2.4070626796e-06
18100 	 18560 	 6.7648534565e+01 	 2.2497107108e-06
18200 	 18662 	 6.7648534565e+01 	 1.9345313082e-06
18300 	 18762 	 6.7648534565e+01 	 1.5752696149e-06
18400 	 18865 	 6.7648534565e+01 	 2.2380549805e-06
18500 	 18968 	 6.7648534564e+01 	 3.7721990808e-06
18600 	 19070 	 6.7648534564e+01 	 3.7319921755e-06
18700 	 19172 	 6.7648534564e+01 	 1.6141776523e-06
18800 	 19274 	 6.7648534563e+01 	 1.1643947336e-06
18900 	 19378 	 6.7648534563e+01 	 1.1877475951e-06
19000 	 19479 	 6.7648534563e+01 	 1.1431638127e-06
19100 	 19586 	 6.7648534563e+01 	 9.7323326444e-07
19200 	 19690 	 6.7648534563e+01 	 8.4896476016e-07
19300 	 19791 	 6.7648534563e+01 	 1.2477745912e-06
19400 	 19894 	 6.7648534563e+01 	 1.1796847048e-06
19500 	 19994 	 6.7648534562e+01 	 4.5153619802e-06
19600 	 20097 	 6.7648534562e+01 	 3.4188176222e-06
19700 	 20198 	 6.7648534562e+01 	 1.6179274421e-06
19800 	 20300 	 6.7648534562e+01 	 2.5394585736e-06
19900 	 20401 	 6.7648534561e+01 	 1.9176993885e-06
20000 	 20502 	 6.7648534561e+01 	 1.8651638322e-06
20100 	 20603 	 6.7648534561e+01 	 2.9754629041e-06
20200 	 20706 	 6.7648534561e+01 	 1.7933844775e-06
20300 	 20806 	 6.7648534560e+01 	 1.9743213405e-06
20400 	 20908 	 6.7648534560e+01 	 1.0104574389e-06
20500 	 21013 	 6.7648534560e+01 	 1.3645386990e-06
20600 	 21118 	 6.7648534560e+01 	 9.1149496544e-07
20700 	 21225 	 6.7648534560e+01 	 6.9624031295e-07
20800 	 21334 	 6.7648534560e+01 	 7.6853174896e-07
20900 	 21445 	 6.7648534560e+01 	 8.1741344487e-07
21000 	 21554 	 6.7648534560e+01 	 6.5428754033e-07
21100 	 21661 	 6.7648534560e+01 	 7.2737661369e-07
21200 	 21767 	 6.7648534560e+01 	 4.8156823347e-07
21300 	 21882 	 6.7648534560e+01 	 5.5593363606e-07
21400 	 21992 	 6.7648534560e+01 	 5.5557988999e-07
21500 	 22101 	 6.7648534560e+01 	 9.2283372785e-07
21600 	 22215 	 6.7648534560e+01 	 1.7843058401e-06
21700 	 22325 	 6.7648534560e+01 	 8.1279007791e-07
21800 	 22436 	 6.7648534560e+01 	 3.2615386520e-07
21900 	 22544 	 6.7648534560e+01 	 3.0722767447e-07
# ---- 
 1 		 21933 	 22595 		 7.2979027876e+01 	 6.7648534560e+01 	 3.1380195620e-07
# ---- 
100 	 104 	 6.7628634011e+01 	 4.0030965990e-02
200 	 207 	 6.7617586963e+01 	 8.6791749977e-03
300 	 309 	 6.7613883039e+01 	 4.8330777779e-03
400 	 412 	 6.7612218241e+01 	 6.3226620486e-03
500 	 515 	 6.7611218651e+01 	 4.9665646755e-03
600 	 616 	 6.7610439730e+01 	 4.4114267630e-03
700 	 719 	 6.7609828269e+01 	 3.6156806247e-03
800 	 822 	 6.7609289824e+01 	 8.1110842354e-03
900 	 923 	 6.7608858458e+01 	 4.3058322460e-03
1000 	 1026 	 6.7608497420e+01 	 1.6010785000e-03
1100 	 1127 	 6.7608175747e+01 	 2.2714983944e-03
1200 	 1229 	 6.7607946808e+01 	 1.6344394854e-03
1300 	 1333 	 6.7607753204e+01 	 1.3505749165e-03
1400 	 1433 	 6.7607586286e+01 	 1.4688379461e-03
1500 	 1534 	 6.7607428814e+01 	 1.1653872089e-03
1600 	 1636 	 6.7607271989e+01 	 1.7891757279e-03
1700 	 1741 	 6.7607121774e+01 	 1.6251499786e-03
1800 	 1842 	 6.7606991265e+01 	 1.1621956538e-03
1900 	 1945 	 6.7606896224e+01 	 9.2432833851e-04
2000 	 2048 	 6.7606825716e+01 	 1.6307510081e-03
2100 	 2148 	 6.7606766160e+01 	 9.3349188824e-04
2200 	 2252 	 6.7606703666e+01 	 8.9161507646e-04
2300 	 2355 	 6.7606644610e+01 	 1.0454812323e-03
2400 	 2456 	 6.7606593291e+01 	 1.0096654871e-03
2500 	 2560 	 6.7606543810e+01 	 6.7473053190e-04
2600 	 2663 	 6.7606497554e+01 	 7.8177883064e-04
2700 	 2764 	 6.7606453970e+01 	 6.9812581343e-04
2800 	 2868 	 6.7606414789e+01 	 7.6511911708e-04
2900 	 2970 	 6.7606368061e+01 	 1.1256294120e-03
3000 	 3071 	 6.7606300989e+01 	 8.4508181022e-04
3100 	 3175 	 6.7606248425e+01 	 6.7671053277e-04
3200 	 3278 	 6.7606209159e+01 	 6.9492778375e-04
3300 	 3378 	 6.7606170614e+01 	 5.4533426857e-04
3400 	 3480 	 6.7606146021e+01 	 5.8587541806e-04
3500 	 3583 	 6.7606122226e+01 	 1.5483858811e-03
3600 	 3687 	 6.7606098833e+01 	 1.0989738585e-03
3700 	 3790 	 6.7606080808e+01 	 5.9101756833e-04
3800 	 3893 	 6.7606065686e+01 	 7.1789090346e-04
3900 	 3995 	 6.7606052345e+01 	 7.8763544130e-04
4000 	 4096 	 6.7606039168e+01 	 1.1369632971e-03
4100 	 4197 	 6.7606024692e+01 	 7.1013098216e-04
4200 	 4300 	 6.7606009788e+01 	 4.1876027224e-04
4300 	 4403 	 6.7605997745e+01 	 4.8799069254e-04
4400 	 4507 	 6.7605986631e+01 	 3.2639893739e-04
4500 	 4611 	 6.7605978487e+01 	 2.7966679974e-04
4600 	 4712 	 6.7605970240e+01 	 7.4879206489e-04
4700 	 4816 	 6.7605958721e+01 	 9.0279263458e-04
4800 	 4919 	 6.7605944934e+01 	 3.4111340761e-04
4900 	 5021 	 6.7605934739e+01 	 5.2054148778e-04
5000 	 5125 	 6.7605926239e+01 	 3.2353550596e-04
5100 	 5226 	 6.7605917768e+01 	 3.2005572599e-04
5200 	 5328 	 6.7605908724e+01 	 3.9704468616e-04
5300 	 5428 	 6.7605897132e+01 	 3.5015430160e-04
5400 	 5532 	 6.7605886984e+01 	 3.7375540634e-04
5500 	 5634 	 6.7605878110e+01 	 3.3976537739e-04
5600 	 5736 	 6.7605872383e+01 	 1.9656897634e-04
5700 	 5838 	 6.7605868599e+01 	 2.0289729929e-04
5800 	 5940 	 6.7605864973e+01 	 1.9212229390e-04
5900 	 6044 	 6.7605862276e+01 	 1.5513759718e-04
6000 	 6145 	 6.7605860138e+01 	 1.2802926538e-04
6100 	 6249 	 6.7605858418e+01 	 2.8396553698e-04
6200 	 6350 	 6.7605856945e+01 	 1.1434726455e-04
6300 	 6451 	 6.7605855804e+01 	 1.0655487930e-04
6400 	 6554 	 6.7605855194e+01 	 1.2686456502e-04
6500 	 6658 	 6.7605854668e+01 	 7.4370171878e-05
6600 	 6760 	 6.7605854236e+01 	 5.7523644834e-05
6700 	 6862 	 6.7605853782e+01 	 8.9152562867e-05
6800 	 6964 	 6.7605853211e+01 	 7.5740866858e-05
6900 	 7067 	 6.7605852618e+01 	 9.1673621106e-05
7000 	 7169 	 6.7605851849e+01 	 1.1437653680e-04
7100 	 7272 	 6.7605851112e+01 	 9.6299129686e-05
7200 	 7375 	 6.7605850018e+01 	 1.1522892488e-04
7300 	 7475 	 6.7605848694e+01 	 2.9769357338e-04
7400 	 7577 	 6.7605847083e+01 	 1.0969250466e-04
7500 	 7679 	 6.7605845381e+01 	 2.5271559075e-04
7600 	 7781 	 6.7605844105e+01 	 2.7884396832e-04
7700 	 7884 	 6.7605842913e+01 	 9.9481187368e-05
7800 	 7987 	 6.7605841927e+01 	 1.1421601359e-04
7900 	 8092 	 6.7605840971e+01 	 1.7235281524e-04
8000 	 8193 	 6.7605840022e+01 	 1.1847864710e-04
8100 	 8295 	 6.7605839190e+01 	 1.2788526651e-04
8200 	 8398 	 6.7605838172e+01 	 9.3958207923e-05
8300 	 8502 	 6.7605837391e+01 	 1.0195806363e-04
8400 	 8605 	 6.7605836525e+01 	 1.3990276029e-04
8500 	 8710 	 6.7605835788e+01 	 1.2022346887e-04
8600 	 8810 	 6.7605835169e+01 	 8.7049366565e-05
8700 	 8915 	 6.7605834655e+01 	 7.5054156277e-05
8800 	 9019 	 6.7605834247e+01 	 1.3181502585e-04
8900 	 9122 	 6.7605833997e+01 	 1.0109133926e-04
9000 	 9225 	 6.7605833706e+01 	 9.2629116427e-05
9100 	 9326 	 6.7605833357e+01 	 7.5458002963e-05
9200 	 9429 	 6.7605833037e+01 	 4.8721595477e-05
9300 	 9530 	 6.7605832720e+01 	 5.9352846276e-05
9400 	 9634 	 6.7605832502e+01 	 5.8495500790e-05
9500 	 9736 	 6.7605832268e+01 	 5.1693762364e-05
9600 	 9841 	 6.7605832076e+01 	 5.4306978494e-05
9700 	 9946 	 6.7605831960e+01 	 2.7776754456e-05
9800 	 10047 	 6.7605831805e+01 	 3.9805235793e-05
9900 	 10149 	 6.7605831665e+01 	 2.8327576099e-05
10000 	 10251 	 6.7605831537e+01 	 4.5841276345e-05
10100 	 10352 	 6.7605831380e+01 	 5.1640635797e-05
10200 	 10454 	 6.7605831171e+01 	 7.1972511956e-05
10300 	 10556 	 6.7605830977e+01 	 4.6200526646e-05
10400 	 10658 	 6.7605830816e+01 	 1.2296489302e-04
10500 	 10761 	 6.7605830673e+01 	 4.8135444340e-05
10600 	 10864 	 6.7605830508e+01 	 4.0917867718e-05
10700 	 10966 	 6.7605830362e+01 	 4.3545645770e-05
10800 	 11069 	 6.7605830229e+01 	 3.3487650594e-05
10900 	 11170 	 6.7605830098e+01 	 4.6466896279e-05
11000 	 11272 	 6.7605829967e+01 	 9.1982761592e-05
11100 	 11374 	 6.7605829848e+01 	 5.9373552600e-05
11200 	 11475 	 6.7605829725e+01 	 3.6763447438e-05
11300 	 11577 	 6.7605829564e+01 	 4.3949307679e-05
11400 	 11678 	 6.7605829374e+01 	 4.1940649598e-05
11500 	 11779 	 6.7605829152e+01 	 5.1328406261e-05
11600 	 11880 	 6.7605828975e+01 	 4.3091484748e-05
11700 	 11984 	 6.7605828817e+01 	 7.1078604133e-05
11800 	 12087 	 6.7605828665e+01 	 3.5419485783e-05
11900 	 12188 	 6.7605828485e+01 	 1.0872141578e-04
12000 	 12290 	 6.7605828255e+01 	 4.4279922422e-05
12100 	 12393 	 6.7605827988e+01 	 5.3143380173e-05
12200 	 12495 	 6.7605827620e+01 	 9.5074436582e-05
12300 	 12595 	 6.7605827134e+01 	 8.9092425913e-05
12400 	 12696 	 6.7605826551e+01 	 8.6626862709e-05
12500 	 12799 	 6.7605825886e+01 	 8.1282622061e-05
12600 	 12902 	 6.7605825173e+01 	 9.9917110454e-05
12700 	 13004 	 6.7605823985e+01 	 1.1893791343e-04
12800 	 13106 	 6.7605821737e+01 	 2.1370958281e-04
12900 	 13210 	 6.7605819020e+01 	 1.9922640287e-04
13000 	 13311 	 6.7605813888e+01 	 2.4113797895e-04
13100 	 13412 	 6.7605807500e+01 	 2.4181382194e-04
13200 	 13514 	 6.7605801876e+01 	 8.7209650831e-04
13300 	 13616 	 6.7605796791e+01 	 2.2472425896e-04
13400 	 13718 	 6.7605792650e+01 	 1.9266799377e-04
13500 	 13820 	 6.7605789666e+01 	 1.7641721801e-04
13600 	 13922 	 6.7605787548e+01 	 1.6782447110e-04
13700 	 14025 	 6.7605785359e+01 	 1.4998916696e-04
13800 	 14129 	 6.7605783527e+01 	 2.3711994363e-04
13900 	 14232 	 6.7605782297e+01 	 1.5190208059e-04
14000 	 14334 	 6.7605780985e+01 	 2.0824802800e-04
14100 	 14437 	 6.7605779703e+01 	 1.5967055570e-04
14200 	 14540 	 6.7605778537e+01 	 9.8075345157e-05
14300 	 14642 	 6.7605777477e+01 	 1.2094965305e-04
14400 	 14747 	 6.7605776387e+01 	 9.0518091962e-05
14500 	 14848 	 6.7605775448e+01 	 9.4512602699e-05
14600 	 14951 	 6.7605774476e+01 	 1.8082384220e-04
14700 	 15055 	 6.7605773442e+01 	 1.1083510132e-04
14800 	 15159 	 6.7605772644e+01 	 1.0681737185e-04
14900 	 15261 	 6.7605771767e+01 	 1.8805386470e-04
15000 	 15366 	 6.7605770609e+01 	 1.2319392885e-04
15100 	 15468 	 6.7605769288e+01 	 1.9974281337e-04
15200 	 15571 	 6.7605767862e+01 	 1.2621230177e-04
15300 	 15675 	 6.7605766279e+01 	 1.3803520192e-04
15400 	 15778 	 6.7605764720e+01 	 2.3842816140e-04
15500 	 15880 	 6.7605762793e+01 	 1.2843156915e-04
15600 	 15981 	 6.7605761178e+01 	 9.5170013626e-05
15700 	 16082 	 6.7605759894e+01 	 1.2458830630e-04
15800 	 16186 	 6.7605758607e+01 	 1.0333111052e-04
15900 	 16290 	 6.7605757518e+01 	 2.4788708095e-04
16000 	 16392 	 6.7605756560e+01 	 2.5348853343e-04
16100 	 16494 	 6.7605755713e+01 	 1.1740989235e-04
16200 	 16597 	 6.7605754792e+01 	 1.2863054861e-04
16300 	 16699 	 6.7605754035e+01 	 1.1363338155e-04
16400 	 16802 	 6.7605753252e+01 	 9.2462966762e-05
16500 	 16907 	 6.7605752518e+01 	 9.8731481263e-05
16600 	 17008 	 6.7605751891e+01 	 8.9267939857e-05
16700 	 17112 	 6.7605751030e+01 	 7.2257070072e-05
16800 	 17215 	 6.7605750165e+01 	 1.2219910901e-04
16900 	 17316 	 6.7605748937e+01 	 1.2258597324e-04
17000 	 17418 	 6.7605747584e+01 	 1.1660025474e-04
17100 	 17523 	 6.7605746220e+01 	 1.9646186675e-04
17200 	 17623 	 6.7605745019e+01 	 1.0738445208e-04
17300 	 17726 	 6.7605744009e+01 	 8.4287403585e-05
17400 	 17828 	 6.7605743112e+01 	 2.5482729148e-04
17500 	 17931 	 6.7605742217e+01 	 1.3429801134e-04
17600 	 18035 	 6.7605741324e+01 	 1.0956007709e-04
17700 	 18138 	 6.7605740687e+01 	 4.7834389434e-05
17800 	 18241 	 6.7605740168e+01 	 7.9873520776e-05
17900 	 18343 	 6.7605739777e+01 	 8.5443443472e-05
18000 	 18444 	 6.7605739473e+01 	 7.8409125081e-05
18100 	 18546 	 6.7605739169e+01 	 6.7968523336e-05
18200 	 18650 	 6.7605738805e+01 	 1.4712869781e-04
18300 	 18751 	 6.7605738445e+01 	 5.6546076126e-05
18400 	 18854 	 6.7605738065e+01 	 6.2534993081e-05
18500 	 18958 	 6.7605737779e+01 	 4.9839509255e-05
18600 	 19061 	 6.7605737531e+01 	 4.2992763484e-05
18700 	 19164 	 6.7605737293e+01 	 6.2854841054e-05
18800 	 19264 	 6.7605737055e+01 	 4.3606490699e-05
18900 	 19365 	 6.7605736894e+01 	 4.5654850737e-05
19000 	 19467 	 6.7605736726e+01 	 7.7798165041e-05
19100 	 19570 	 6.7605736568e+01 	 3.5915347479e-05
19200 	 19673 	 6.7605736417e+01 	 3.1928494191e-05
19300 	 19775 	 6.7605736262e+01 	 3.2200307512e-05
19400 	 19876 	 6.7605736118e+01 	 7.7016733954e-05
19500 	 19978 	 6.7605736003e+01 	 8.2157498365e-05
19600 	 20081 	 6.7605735907e+01 	 3.0611986576e-05
19700 	 20183 	 6.7605735814e+01 	 4.5121045206e-05
19800 	 20287 	 6.7605735732e+01 	 2.6678978266e-05
19900 	 20390 	 6.7605735651e+01 	 3.0836796897e-05
20000 	 20491 	 6.7605735577e+01 	 2.9939200552e-05
20100 	 20594 	 6.7605735531e+01 	 1.9920462967e-05
20200 	 20698 	 6.7605735489e+01 	 2.2630721707e-05
20300 	 20801 	 6.7605735447e+01 	 1.6900196500e-05
20400 	 20902 	 6.7605735416e+01 	 1.8557104966e-05
20500 	 21004 	 6.7605735391e+01 	 1.7024121374e-05
20600 	 21105 	 6.7605735372e+01 	 1.0773000079e-05
20700 	 21209 	 6.7605735350e+01 	 1.2638545694e-05
20800 	 21311 	 6.7605735330e+01 	 1.3506757056e-05
20900 	 21412 	 6.7605735311e+01 	 1.5280442437e-05
21000 	 21514 	 6.7605735296e+01 	 2.4440931918e-05
21100 	 21616 	 6.7605735282e+01 	 1.3081952290e-05
21200 	 21718 	 6.7605735266e+01 	 1.3433637813e-05
21300 	 21820 	 6.7605735251e+01 	 1.1891703494e-05
21400 	 21924 	 6.7605735236e+01 	 1.3181711236e-05
21500 	 22027 	 6.7605735225e+01 	 1.3654299251e-05
21600 	 22128 	 6.7605735215e+01 	 8.9639786273e-06
21700 	 22231 	 6.7605735207e+01 	 1.5659502935e-05
21800 	 22335 	 6.7605735201e+01 	 1.1715426847e-05
21900 	 22438 	 6.7605735196e+01 	 7.6538132267e-06
22000 	 22541 	 6.7605735191e+01 	 1.2214829054e-05
22100 	 22643 	 6.7605735185e+01 	 1.0819324997e-05
22200 	 22744 	 6.7605735179e+01 	 7.8037567346e-06
22300 	 22846 	 6.7605735174e+01 	 7.1826475130e-06
22400 	 22949 	 6.7605735169e+01 	 1.3814753039e-05
22500 	 23051 	 6.7605735164e+01 	 6.4167651405e-06
22600 	 23154 	 6.7605735160e+01 	 7.7536774775e-06
22700 	 23256 	 6.7605735157e+01 	 1.0564269095e-05
22800 	 23357 	 6.7605735153e+01 	 8.5191191404e-06
22900 	 23460 	 6.7605735149e+01 	 6.3896191224e-06
23000 	 23560 	 6.7605735146e+01 	 5.3857577936e-06
23100 	 23663 	 6.7605735143e+01 	 5.9330390311e-06
23200 	 23766 	 6.7605735141e+01 	 1.5986690833e-05
23300 	 23868 	 6.7605735138e+01 	 9.2585594245e-06
23400 	 23970 	 6.7605735135e+01 	 5.0536485594e-06
23500 	 24071 	 6.7605735132e+01 	 8.9037929420e-06
23600 	 24171 	 6.7605735130e+01 	 3.4103149994e-06
23700 	 24274 	 6.7605735128e+01 	 4.4775551764e-06
23800 	 24376 	 6.7605735126e+01 	 4.3260656061e-06
23900 	 24476 	 6.7605735125e+01 	 3.6283815106e-06
24000 	 24578 	 6.7605735123e+01 	 3.4512521645e-06
24100 	 24681 	 6.7605735122e+01 	 4.4450731649e-06
24200 	 24786 	 6.7605735120e+01 	 4.5273805124e-06
24300 	 24887 	 6.7605735119e+01 	 2.9885961371e-06
24400 	 24991 	 6.7605735118e+01 	 3.0795922928e-06
24500 	 25094 	 6.7605735117e+01 	 3.4155414586e-06
24600 	 25197 	 6.7605735116e+01 	 2.7619382339e-06
24700 	 25300 	 6.7605735115e+01 	 3.0560010840e-06
24800 	 25403 	 6.7605735114e+01 	 3.6293814290e-06
24900 	 25506 	 6.7605735112e+01 	 6.3838995556e-06
25000 	 25608 	 6.7605735111e+01 	 3.0162098062e-06
25100 	 25711 	 6.7605735110e+01 	 7.5860278287e-06
25200 	 25814 	 6.7605735108e+01 	 6.7730055697e-06
25300 	 25917 	 6.7605735107e+01 	 3.7787087605e-06
25400 	 26020 	 6.7605735105e+01 	 3.7247515931e-06
25500 	 26121 	 6.7605735104e+01 	 3.4106242264e-06
25600 	 26225 	 6.7605735102e+01 	 4.2159385045e-06
25700 	 26327 	 6.7605735101e+01 	 2.8090919843e-06
25800 	 26430 	 6.7605735100e+01 	 2.7614508214e-06
25900 	 26533 	 6.7605735099e+01 	 3.9174934202e-06
26000 	 26636 	 6.7605735098e+01 	 2.5320869628e-06
26100 	 26739 	 6.7605735098e+01 	 2.5963275135e-06
26200 	 26841 	 6.7605735097e+01 	 1.4999890615e-06
26300 	 26945 	 6.7605735097e+01 	 1.7130518993e-06
26400 	 27048 	 6.7605735097e+01 	 1.8526987317e-06
26500 	 27150 	 6.7605735097e+01 	 3.0369943466e-06
26600 	 27253 	 6.7605735096e+01 	 1.9857251783e-06
26700 	 27354 	 6.7605735096e+01 	 4.5971748820e-06
26800 	 27455 	 6.7605735095e+01 	 2.3882765211e-06
26900 	 27560 	 6.7605735095e+01 	 4.2574607534e-06
27000 	 27661 	 6.7605735094e+01 	 2.5594576600e-06
27100 	 27763 	 6.7605735094e+01 	 3.4217760297e-06
27200 	 27865 	 6.7605735093e+01 	 2.5694949159e-06
27300 	 27969 	 6.7605735093e+01 	 5.2669899743e-06
27400 	 28073 	 6.7605735092e+01 	 4.2638174955e-06
27500 	 28176 	 6.7605735092e+01 	 2.6505184390e-06
27600 	 28278 	 6.7605735092e+01 	 2.0096932029e-06
27700 	 28379 	 6.7605735091e+01 	 1.4927077059e-06
27800 	 28480 	 6.7605735091e+01 	 1.3022554561e-06
27900 	 28582 	 6.7605735091e+01 	 1.6015808837e-06
28000 	 28683 	 6.7605735091e+01 	 1.5757800179e-06
28100 	 28783 	 6.7605735091e+01 	 1.1881161685e-06
28200 	 28887 	 6.7605735090e+01 	 3.6888661277e-06
28300 	 28992 	 6.7605735090e+01 	 1.7598345453e-06
28400 	 29095 	 6.7605735090e+01 	 7.9726974271e-07
28500 	 29198 	 6.7605735090e+01 	 2.2210668243e-06
28600 	 29299 	 6.7605735090e+01 	 1.7041951416e-06
28700 	 29401 	 6.7605735090e+01 	 8.7214198359e-07
28800 	 29504 	 6.7605735090e+01 	 8.9086846414e-07
28900 	 29608 	 6.7605735090e+01 	 1.5402717343e-06
29000 	 29711 	 6.7605735089e+01 	 1.0526672263e-06
29100 	 29817 	 6.7605735089e+01 	 8.4050753254e-07
29200 	 29918 	 6.7605735089e+01 	 7.4174646158e-07
29300 	 30023 	 6.7605735089e+01 	 1.2456503713e-06
29400 	 30127 	 6.7605735089e+01 	 1.2866476379e-06
29500 	 30236 	 6.7605735089e+01 	 1.4901244328e-06
29600 	 30346 	 6.7605735089e+01 	 1.1890311222e-06
29700 	 30451 	 6.7605735089e+01 	 9.3553009962e-07
29800 	 30555 	 6.7605735089e+01 	 1.3854453690e-06
29900 	 30658 	 6.7605735089e+01 	 8.1630834860e-07
30000 	 30764 	 6.7605735089e+01 	 1.3252009853e-06
30100 	 30873 	 6.7605735089e+01 	 8.1471772947e-07
30200 	 30982 	 6.7605735089e+01 	 6.3231447388e-07
30300 	 31091 	 6.7605735089e+01 	 1.2042000092e-06
30400 	 31200 	 6.7605735089e+01 	 5.4837687369e-07
# ---- 
 1 		 30411 	 31223 		 7.3020478201e+01 	 6.7605735089e+01 	 5.0204450604e-07
# ---- 
100 	 102 	 7.0031865455e-01 	 6.0431605623e-02
200 	 205 	 6.7161206555e-01 	 1.9088399481e-02
300 	 308 	 6.6045522940e-01 	 1.0726112313e-02
400 	 412 	 6.5475522444e-01 	 8.6003635837e-03
500 	 515 	 6.4934396603e-01 	 7.0389374975e-03
600 	 616 	 6.4436567974e-01 	 5.7352005510e-03
700 	 718 	 6.4243695889e-01 	 8.2199851338e-03
800 	 819 	 6.4138315853e-01 	 3.9359243647e-03
900 	 921 	 6.4063692028e-01 	 3.8704289148e-03
1000 	 1024 	 6.4006475492e-01 	 2.8243342180e-03
1100 	 1125 	 6.3971443653e-01 	 2.6060478743e-03
1200 	 1228 	 6.3948021558e-01 	 1.6134270581e-03
1300 	 1333 	 6.3933284659e-01 	 1.1569555416e-03
1400 	 1435 	 6.3925453517e-01 	 1.0327853999e-03
1500 	 1538 	 6.3919842960e-01 	 9.5881281481e-04
1600 	 1641 	 6.3914397988e-01 	 6.9139941160e-04
1700 	 1743 	 6.3910199409e-01 	 5.6240687620e-04
1800 	 1843 	 6.3905132210e-01 	 1.0762176116e-03
1900 	 1944 	 6.3897760816e-01 	 1.1994009423e-03
2000 	 2044 	 6.3889391686e-01 	 1.4704908162e-03
2100 	 2146 	 6.3882955206e-01 	 8.8422230924e-04
2200 	 2249 	 6.3878044459e-01 	 6.7804557256e-04
2300 	 2352 	 6.3873335845e-01 	 9.1081703514e-04
2400 	 2454 	 6.3868373960e-01 	 8.2893633470e-04
2500 	 2557 	 6.3863313153e-01 	 6.0574633373e-04
2600 	 2661 	 6.3859121156e-01 	 5.9683296553e-04
2700 	 2764 	 6.3854096765e-01 	 7.7430613932e-04
2800 	 2865 	 6.3850729047e-01 	 5.8103698537e-04
2900 	 2968 	 6.3845806568e-01 	 1.0693557479e-03
3000 	 3070 	 6.3839058686e-01 	 1.4457733053e-03
3100 	 3173 	 6.3832594671e-01 	 1.0606398814e-03
3200 	 3275 	 6.3827721257e-01 	 7.7968959538e-04
3300 	 3377 	 6.3824327980e-01 	 1.2203195665e-03
3400 	 3482 	 6.3822131919e-01 	 6.5178023355e-04
3500 	 3585 	 6.3820332534e-01 	 1.0382127404e-03
3600 	 3686 	 6.3818720139e-01 	 5.3785122673e-04
3700 	 3790 	 6.3817263463e-01 	 4.7248225533e-04
3800 	 3895 	 6.3815717803e-01 	 4.8497830860e-04
3900 	 3999 	 6.3814125668e-01 	 3.3864635430e-04
4000 	 4102 	 6.3812400823e-01 	 4.0091211298e-04
4100 	 4207 	 6.3809963952e-01 	 4.3852432445e-04
4200 	 4309 	 6.3806493567e-01 	 6.8113014340e-04
4300 	 4411 	 6.3803418001e-01 	 5.9739950970e-04
4400 	 4513 	 6.3800702738e-01 	 5.7197631491e-04
4500 	 4617 	 6.3798226457e-01 	 6.1391025190e-04
4600 	 4718 	 6.3796000969e-01 	 6.1235566442e-04
4700 	 4821 	 6.3794111204e-01 	 5.7199041281e-04
4800 	 4921 	 6.3791596049e-01 	 5.2969032398e-04
4900 	 5022 	 6.3789586021e-01 	 7.5755384491e-04
5000 	 5123 	 6.3787995280e-01 	 9.1381535071e-04
5100 	 5227 	 6.3786363366e-01 	 5.3679878327e-04
5200 	 5330 	 6.3784941645e-01 	 3.9218720281e-04
5300 	 5432 	 6.3783234229e-01 	 1.0386123737e-03
5400 	 5535 	 6.3781095254e-01 	 5.4523366299e-04
5500 	 5637 	 6.3778351628e-01 	 4.2834792436e-04
5600 	 5740 	 6.3776637943e-01 	 3.4572022665e-04
5700 	 5842 	 6.3775688712e-01 	 2.5048284306e-04
5800 	 5944 	 6.3774798926e-01 	 2.8564482268e-04
5900 	 6045 	 6.3773927742e-01 	 3.2080344409e-04
6000 	 6149 	 6.3772983086e-01 	 5.6685035913e-04
6100 	 6251 	 6.3772204088e-01 	 3.1076510409e-04
6200 	 6354 	 6.3771466929e-01 	 2.5335743436e-04
6300 	 6456 	 6.3770445616e-01 	 4.2466912836e-04
6400 	 6558 	 6.3769033507e-01 	 5.1358784544e-04
6500 	 6660 	 6.3767724136e-01 	 2.8458686145e-04
6600 	 6763 	 6.3766481124e-01 	 3.0538285073e-04
6700 	 6865 	 6.3765334822e-01 	 6.4302543927e-04
6800 	 6966 	 6.3764200560e-01 	 4.1789374369e-04
6900 	 7072 	 6.3763266843e-01 	 2.8552695067e-04
7000 	 7176 	 6.3762628200e-01 	 1.7027068146e-04
7100 	 7277 	 6.3761938352e-01 	 2.9938493705e-04
7200 	 7381 	 6.3761005835e-01 	 2.7172525669e-04
7300 	 7485 	 6.3760142658e-01 	 2.1787009713e-04
7400 	 7588 	 6.3759422367e-01 	 3.0044654575e-04
7500 	 7692 	 6.3758808487e-01 	 3.9965377272e-04
7600 	 7794 	 6.3758219537e-01 	 2.1984628602e-04
7700 	 7897 	 6.3757738226e-01 	 4.6178171859e-04
7800 	 7998 	 6.3757311326e-01 	 1.8114727180e-04
7900 	 8101 	 6.3756922067e-01 	 3.7196856312e-04
8000 	 8201 	 6.3756451361e-01 	 4.1917606491e-04
8100 	 8304 	 6.3756025920e-01 	 1.9701946465e-04
8200 	 8405 	 6.3755666632e-01 	 4.5062432125e-04
8300 	 8508 	 6.3755276525e-01 	 2.4537632989e-04
8400 	 8613 	 6.3754887572e-01 	 2.0948684085e-04
8500 	 8713 	 6.3754450568e-01 	 3.3274056877e-04
8600 	 8815 	 6.3754047306e-01 	 2.1297009038e-04
8700 	 8916 	 6.3753692436e-01 	 2.3198319470e-04
8800 	 9021 	 6.3753355498e-01 	 2.9786136377e-04
8900 	 9121 	 6.3753141808e-01 	 4.1166503908e-04
9000 	 9225 	 6.3752943410e-01 	 1.2224000126e-04
9100 	 9327 	 6.3752767809e-01 	 1.1577624858e-04
9200 	 9432 	 6.3752622305e-01 	 1.3322418523e-04
9300 	 9533 	 6.3752480001e-01 	 1.3912413085e-04
9400 	 9635 	 6.3752350991e-01 	 2.1779707226e-04
9500 	 9738 	 6.3752176050e-01 	 1.6342114676e-04
9600 	 9839 	 6.3751957062e-01 	 1.8719785752e-04
9700 	 9943 	 6.3751678563e-01 	 1.6764942741e-04
9800 	 10043 	 6.3751441437e-01 	 1.3972600023e-04
9900 	 10146 	 6.3751240380e-01 	 1.4984983498e-04
10000 	 10248 	 6.3751078336e-01 	 1.3179364595e-04
10100 	 10353 	 6.3750936613e-01 	 1.2224081205e-04
10200 	 10454 	 6.3750814821e-01 	 1.1486250082e-04
10300 	 10558 	 6.3750684587e-01 	 1.2298739523e-04
10400 	 10660 	 6.3750554808e-01 	 9.4127430604e-05
10500 	 10764 	 6.3750420611e-01 	 1.1066293037e-04
10600 	 10865 	 6.3750330910e-01 	 8.7031128241e-05
10700 	 10967 	 6.3750260280e-01 	 1.7983074061e-04
10800 	 11070 	 6.3750193682e-01 	 7.9790950448e-05
10900 	 11171 	 6.3750120935e-01 	 2.8792821177e-04
11000 	 11274 	 6.3750043621e-01 	 1.5623757097e-04
11100 	 11374 	 6.3749952172e-01 	 1.4755944527e-04
11200 	 11475 	 6.3749854658e-01 	 1.0991682066e-04
11300 	 11577 	 6.3749737716e-01 	 1.1895174038e-04
11400 	 11679 	 6.3749588601e-01 	 1.4860283703e-04
11500 	 11781 	 6.3749446968e-01 	 1.5749955195e-04
11600 	 11886 	 6.3749315375e-01 	 8.6553280323e-05
11700 	 11990 	 6.3749208475e-01 	 9.9821545978e-05
11800 	 12093 	 6.3749122572e-01 	 8.2548084156e-05
11900 	 12195 	 6.3749052515e-01 	 1.0282981911e-04
12000 	 12296 	 6.3748975862e-01 	 9.6556280216e-05
12100 	 12400 	 6.3748901187e-01 	 9.1034258904e-05
12200 	 12502 	 6.3748858491e-01 	 1.3367868428e-04
12300 	 12606 	 6.3748834823e-01 	 9.0093666445e-05
12400 	 12709 	 6.3748813827e-01 	 3.3099191985e-05
12500 	 12813 	 6.3748798428e-01 	 3.8810707758e-05
12600 	 12913 	 6.3748783518e-01 	 3.8483767275e-05
12700 	 13015 	 6.3748766169e-01 	 3.8900690566e-05
12800 	 13116 	 6.3748751710e-01 	 3.5563660899e-05
12900 	 13219 	 6.3748739357e-01 	 6.3897551319e-05
13000 	 13322 	 6.3748727160e-01 	 8.1870196407e-05
13100 	 13428 	 6.3748711456e-01 	 6.5500621892e-05
13200 	 13531 	 6.3748693883e-01 	 3.6178433415e-05
13300 	 13633 	 6.3748672543e-01 	 9.5437293388e-05
13400 	 13736 	 6.3748641524e-01 	 4.2213218776e-05
13500 	 13838 	 6.3748620762e-01 	 4.5455113382e-05
13600 	 13940 	 6.3748596401e-01 	 4.5554418868e-05
13700 	 14043 	 6.3748574359e-01 	 3.8656252521e-05
13800 	 14147 	 6.3748551797e-01 	 9.1171203231e-05
13900 	 14251 	 6.3748528895e-01 	 1.7393455286e-04
14000 	 14351 	 6.3748501198e-01 	 5.5179068027e-05
14100 	 14453 	 6.3748468837e-01 	 5.2151794637e-05
14200 	 14556 	 6.3748421159e-01 	 5.5371407952e-05
14300 	 14659 	 6.3748380930e-01 	 7.1355072187e-05
14400 	 14761 	 6.3748341300e-01 	 7.1284996895e-05
14500 	 14864 	 6.3748287671e-01 	 6.9171710085e-05
14600 	 14968 	 6.3748240534e-01 	 5.7101820941e-05
14700 	 15071 	 6.3748195662e-01 	 1.0835811948e-04
14800 	 15172 	 6.3748163844e-01 	 8.6783090635e-05
14900 	 15276 	 6.3748141587e-01 	 7.0467219576e-05
15000 	 15380 	 6.3748123237e-01 	 4.3363198056e-05
15100 	 15484 	 6.3748107191e-01 	 6.5187890055e-05
15200 	 15585 	 6.3748096401e-01 	 5.3155790830e-05
15300 	 15687 	 6.3748084264e-01 	 4.2258603359e-05
15400 	 15791 	 6.3748068990e-01 	 4.6928807991e-05
15500 	 15894 	 6.3748051636e-01 	 4.2772714625e-05
15600 	 15995 	 6.3748039965e-01 	 3.6123948827e-05
15700 	 16099 	 6.3748031128e-01 	 4.5385737868e-05
15800 	 16201 	 6.3748023441e-01 	 2.9026799817e-05
15900 	 16303 	 6.3748017387e-01 	 2.2677684282e-05
16000 	 16406 	 6.3748013653e-01 	 1.6553202137e-05
16100 	 16508 	 6.3748010935e-01 	 3.2373567176e-05
16200 	 16612 	 6.3748008081e-01 	 1.5987788196e-05
16300 	 16716 	 6.3748004902e-01 	 1.7880887009e-05
16400 	 16818 	 6.3748002016e-01 	 2.0505015329e-05
16500 	 16920 	 6.3747999364e-01 	 1.9095240229e-05
16600 	 17024 	 6.3747996896e-01 	 1.2019496906e-05
16700 	 17125 	 6.3747994890e-01 	 1.0467450085e-05
16800 	 17227 	 6.3747992917e-01 	 1.7435019145e-05
16900 	 17329 	 6.3747990860e-01 	 1.4748582751e-05
17000 	 17430 	 6.3747988972e-01 	 1.3351858580e-05
17100 	 17531 	 6.3747987348e-01 	 1.7434732399e-05
17200 	 17635 	 6.3747985867e-01 	 1.0222097654e-05
17300 	 17736 	 6.3747984607e-01 	 1.0085324890e-05
17400 	 17839 	 6.3747983464e-01 	 1.0655973640e-05
17500 	 17942 	 6.3747982219e-01 	 1.1397736288e-05
17600 	 18045 	 6.3747981048e-01 	 1.1323030982e-05
17700 	 18148 	 6.3747980175e-01 	 9.5824745817e-06
17800 	 18250 	 6.3747979268e-01 	 1.0003866682e-05
17900 	 18351 	 6.3747978245e-01 	 8.6890351889e-06
18000 	 18453 	 6.3747976648e-01 	 1.1218747962e-05
18100 	 18556 	 6.3747975339e-01 	 2.4741564279e-05
18200 	 18659 	 6.3747974256e-01 	 3.3848914609e-05
18300 	 18761 	 6.3747972683e-01 	 1.6704916873e-05
18400 	 18864 	 6.3747971269e-01 	 1.0588099163e-05
18500 	 18967 	 6.3747970148e-01 	 1.1779482314e-05
18600 	 19069 	 6.3747968998e-01 	 1.6206093617e-05
18700 	 19170 	 6.3747967913e-01 	 9.7113964739e-06
18800 	 19271 	 6.3747967120e-01 	 8.7945188680e-06
18900 	 19373 	 6.3747966331e-01 	 9.0267581407e-06
19000 	 19475 	 6.3747965568e-01 	 1.5377546416e-05
19100 	 19576 	 6.3747964809e-01 	 8.8940396380e-06
19200 	 19677 	 6.3747964015e-01 	 6.6402212565e-06
19300 	 19779 	 6.3747963159e-01 	 8.3583888879e-06
19400 	 19881 	 6.3747962481e-01 	 8.4146883712e-06
19500 	 19983 	 6.3747962050e-01 	 7.1612317217e-06
19600 	 20084 	 6.3747961683e-01 	 5.6505275438e-06
19700 	 20187 	 6.3747961382e-01 	 9.1929957848e-06
19800 	 20290 	 6.3747961036e-01 	 5.3753386812e-06
19900 	 20392 	 6.3747960619e-01 	 5.3915790905e-06
20000 	 20495 	 6.3747960269e-01 	 5.7001602670e-06
20100 	 20598 	 6.3747959900e-01 	 8.5600060126e-06
20200 	 20702 	 6.3747959424e-01 	 6.0101137139e-06
20300 	 20804 	 6.3747959047e-01 	 5.7474039684e-06
20400 	 20906 	 6.3747958713e-01 	 8.4671547813e-06
20500 	 21007 	 6.3747958426e-01 	 6.1228574725e-06
20600 	 21108 	 6.3747958131e-01 	 8.6988867617e-06
20700 	 21210 	 6.3747957814e-01 	 1.1446359559e-05
20800 	 21312 	 6.3747957465e-01 	 1.8668668896e-05
20900 	 21413 	 6.3747957164e-01 	 5.5414410099e-06
21000 	 21518 	 6.3747956910e-01 	 1.3869661927e-05
21100 	 21621 	 6.3747956638e-01 	 1.0913812488e-05
21200 	 21725 	 6.3747956457e-01 	 4.0250271926e-06
21300 	 21826 	 6.3747956257e-01 	 4.0997374992e-06
21400 	 21927 	 6.3747955996e-01 	 6.4410667073e-06
21500 	 22030 	 6.3747955628e-01 	 6.0220661868e-06
21600 	 22134 	 6.3747955214e-01 	 8.9538275232e-06
21700 	 22236 	 6.3747954854e-01 	 6.1855384193e-06
21800 	 22340 	 6.3747954519e-01 	 9.3642727044e-06
21900 	 22442 	 6.3747954193e-01 	 6.1664481497e-06
22000 	 22544 	 6.3747953904e-01 	 7.6825414965e-06
22100 	 22647 	 6.3747953635e-01 	 4.9294360522e-06
22200 	 22748 	 6.3747953401e-01 	 3.5750864753e-06
22300 	 22852 	 6.3747953244e-01 	 4.4744310804e-06
22400 	 22953 	 6.3747953111e-01 	 3.4148301305e-06
22500 	 23057 	 6.3747952982e-01 	 3.1919886706e-06
22600 	 23158 	 6.3747952836e-01 	 4.8068004051e-06
22700 	 23260 	 6.3747952735e-01 	 2.8650573130e-06
22800 	 23362 	 6.3747952660e-01 	 5.2937962994e-06
22900 	 23465 	 6.3747952606e-01 	 2.4980569611e-06
23000 	 23567 	 6.3747952564e-01 	 4.6639976974e-06
23100 	 23671 	 6.3747952528e-01 	 3.0388390810e-06
23200 	 23773 	 6.3747952499e-01 	 1.4092499854e-06
23300 	 23875 	 6.3747952464e-01 	 1.8887899423e-06
23400 	 23980 	 6.3747952421e-01 	 2.0667614477e-06
23500 	 24083 	 6.3747952362e-01 	 2.5656886927e-06
23600 	 24188 	 6.3747952291e-01 	 2.8454673165e-06
23700 	 24292 	 6.3747952224e-01 	 3.1779160632e-06
23800 	 24395 	 6.3747952161e-01 	 5.4349485798e-06
23900 	 24496 	 6.3747952090e-01 	 2.3122092917e-06
24000 	 24599 	 6.3747952010e-01 	 3.4211697841e-06
24100 	 24702 	 6.3747951924e-01 	 5.6136169786e-06
24200 	 24804 	 6.3747951844e-01 	 2.2397487472e-06
24300 	 24906 	 6.3747951783e-01 	 2.2802045472e-06
24400 	 25007 	 6.3747951725e-01 	 3.1203839459e-06
24500 	 25110 	 6.3747951672e-01 	 2.2773132322e-06
24600 	 25212 	 6.3747951626e-01 	 1.8172355911e-06
24700 	 25314 	 6.3747951585e-01 	 1.9236381231e-06
24800 	 25416 	 6.3747951554e-01 	 1.8993337641e-06
24900 	 25520 	 6.3747951527e-01 	 1.6017551273e-06
25000 	 25622 	 6.3747951498e-01 	 1.8463825735e-06
25100 	 25725 	 6.3747951474e-01 	 4.0757696866e-06
25200 	 25827 	 6.3747951454e-01 	 1.1627191778e-06
25300 	 25928 	 6.3747951435e-01 	 1.4352789527e-06
25400 	 26031 	 6.3747951417e-01 	 1.0981324334e-06
25500 	 26132 	 6.3747951397e-01 	 3.3535543027e-06
25600 	 26235 	 6.3747951376e-01 	 1.3258290484e-06
25700 	 26338 	 6.3747951359e-01 	 1.4775414538e-06
25800 	 26442 	 6.3747951342e-01 	 2.0791793065e-06
25900 	 26544 	 6.3747951325e-01 	 9.4448933052e-07
26000 	 26647 	 6.3747951311e-01 	 9.8951031152e-07
26100 	 26750 	 6.3747951300e-01 	 1.5481261142e-06
26200 	 26853 	 6.3747951291e-01 	 8.6742838067e-07
26300 	 26957 	 6.3747951285e-01 	 8.5468791113e-07
26400 	 27058 	 6.3747951280e-01 	 6.6201770247e-07
26500 	 27161 	 6.3747951276e-01 	 5.4271743406e-07
26600 	 27263 	 6.3747951273e-01 	 1.1057041386e-06
26700 	 27363 	 6.3747951269e-01 	 6.6002262803e-07
26800 	 27468 	 6.3747951266e-01 	 8.3174589189e-07
26900 	 27572 	 6.3747951263e-01 	 7.8109785539e-07
27000 	 27674 	 6.3747951259e-01 	 5.8880939947e-07
27100 	 27776 	 6.3747951255e-01 	 7.0693510753e-07
27200 	 27878 	 6.3747951250e-01 	 8.1301205072e-07
27300 	 27981 	 6.3747951243e-01 	 7.0102622711e-07
27400 	 28082 	 6.3747951236e-01 	 9.1239990222e-07
27500 	 28185 	 6.3747951229e-01 	 8.7021106122e-07
27600 	 28288 	 6.3747951224e-01 	 5.5572496157e-07
27700 	 28391 	 6.3747951219e-01 	 6.3842831507e-07
27800 	 28493 	 6.3747951215e-01 	 5.9465511768e-07
27900 	 28596 	 6.3747951211e-01 	 6.5652470905e-07
28000 	 28697 	 6.3747951207e-01 	 6.0309047566e-07
28100 	 28797 	 6.3747951204e-01 	 1.4403189195e-06
28200 	 28899 	 6.3747951200e-01 	 7.4779060247e-07
28300 	 29001 	 6.3747951196e-01 	 7.0508785107e-07
28400 	 29104 	 6.3747951192e-01 	 6.5239960076e-07
28500 	 29205 	 6.3747951189e-01 	 5.4367984097e-07
28600 	 29306 	 6.3747951186e-01 	 9.9056040326e-07
28700 	 29410 	 6.3747951182e-01 	 7.7036376978e-07
28800 	 29513 	 6.3747951179e-01 	 5.4881375948e-07
28900 	 29615 	 6.3747951177e-01 	 8.0866740133e-07
29000 	 29716 	 6.3747951174e-01 	 6.0214807553e-07
29100 	 29818 	 6.3747951173e-01 	 3.3647251616e-07
29200 	 29920 	 6.3747951172e-01 	 3.7101807283e-07
29300 	 30024 	 6.3747951171e-01 	 2.8080492664e-07
29400 	 30127 	 6.3747951170e-01 	 2.6157979334e-07
29500 	 30229 	 6.3747951169e-01 	 2.7860719805e-07
29600 	 30333 	 6.3747951169e-01 	 3.0763410481e-07
29700 	 30435 	 6.3747951168e-01 	 3.9920265999e-07
29800 	 30538 	 6.3747951167e-01 	 2.8711941819e-07
29900 	 30640 	 6.3747951166e-01 	 3.0165979763e-07
30000 	 30742 	 6.3747951165e-01 	 2.2969726428e-07
30100 	 30846 	 6.3747951164e-01 	 2.7811448902e-07
30200 	 30950 	 6.3747951163e-01 	 2.9814666954e-07
30300 	 31052 	 6.3747951162e-01 	 3.2084903356e-07
30400 	 31153 	 6.3747951161e-01 	 3.6013368989e-07
30500 	 31255 	 6.3747951159e-01 	 4.2086993122e-07
30600 	 31357 	 6.3747951158e-01 	 3.6851771066e-07
30700 	 31458 	 6.3747951157e-01 	 3.5705591471e-07
30800 	 31560 	 6.3747951156e-01 	 3.3752388720e-07
30900 	 31663 	 6.3747951155e-01 	 2.9500126008e-07
31000 	 31766 	 6.3747951154e-01 	 2.4011911639e-07
31100 	 31867 	 6.3747951154e-01 	 1.9840419687e-07
31200 	 31968 	 6.3747951153e-01 	 1.7822031170e-07
31300 	 32072 	 6.3747951153e-01 	 2.4296742113e-07
31400 	 32176 	 6.3747951153e-01 	 3.0445929941e-07
31500 	 32278 	 6.3747951152e-01 	 1.3131902571e-07
31600 	 32380 	 6.3747951152e-01 	 1.3689853502e-07
31700 	 32482 	 6.3747951152e-01 	 1.2514891189e-07
31800 	 32586 	 6.3747951152e-01 	 2.5909712632e-07
31900 	 32690 	 6.3747951151e-01 	 1.1848179497e-07
32000 	 32793 	 6.3747951151e-01 	 1.8850836837e-07
32100 	 32898 	 6.3747951151e-01 	 2.1686552405e-07
32200 	 32998 	 6.3747951151e-01 	 1.6593832621e-07
32300 	 33102 	 6.3747951150e-01 	 1.9260427183e-07
32400 	 33205 	 6.3747951150e-01 	 1.3258310177e-07
32500 	 33309 	 6.3747951150e-01 	 2.2921086252e-07
32600 	 33413 	 6.3747951150e-01 	 2.4105050314e-07
32700 	 33516 	 6.3747951150e-01 	 3.5373840637e-07
32800 	 33619 	 6.3747951149e-01 	 1.6421525306e-07
32900 	 33722 	 6.3747951149e-01 	 1.8482358960e-07
33000 	 33824 	 6.3747951149e-01 	 1.2767337643e-07
33100 	 33927 	 6.3747951149e-01 	 1.5175576079e-07
33200 	 34030 	 6.3747951148e-01 	 2.1082572274e-07
33300 	 34132 	 6.3747951148e-01 	 2.3905563647e-07
33400 	 34237 	 6.3747951148e-01 	 1.4396071363e-07
33500 	 34340 	 6.3747951148e-01 	 1.5943413639e-07
33600 	 34442 	 6.3747951148e-01 	 1.4328218814e-07
33700 	 34545 	 6.3747951147e-01 	 1.2795146961e-07
33800 	 34648 	 6.3747951147e-01 	 9.3187189385e-08
33900 	 34750 	 6.3747951147e-01 	 6.9983727241e-08
34000 	 34851 	 6.3747951147e-01 	 1.3976713844e-07
34100 	 34958 	 6.3747951147e-01 	 8.4471342777e-08
34200 	 35062 	 6.3747951147e-01 	 7.2023779298e-08
34300 	 35170 	 6.3747951147e-01 	 9.6882469238e-08
34400 	 35276 	 6.3747951147e-01 	 5.2935549456e-08
# ---- 
 1 		 34491 	 35393 		 1.2264310191e+00 	 6.3747951147e-01 	 6.3800265181e-08
# ---- 
100 	 102 	 2.6418737611e+00 	 2.2643569637e-02
200 	 203 	 2.6288060371e+00 	 3.1824353907e-02
300 	 308 	 2.6247577793e+00 	 6.5851596753e-03
400 	 409 	 2.6218325903e+00 	 6.8553479903e-03
500 	 514 	 2.6196508133e+00 	 8.2132863071e-03
600 	 615 	 2.6183386539e+00 	 3.1152888482e-03
700 	 716 	 2.6177539993e+00 	 2.1716545289e-03
800 	 819 	 2.6173708890e+00 	 2.7284056033e-03
900 	 920 	 2.6171462456e+00 	 1.3480667158e-03
1000 	 1021 	 2.6170297630e+00 	 1.6641132298e-03
1100 	 1123 	 2.6169553741e+00 	 1.4098392082e-03
1200 	 1224 	 2.6169039871e+00 	 1.7224524821e-03
1300 	 1327 	 2.6168645092e+00 	 8.2867145011e-04
1400 	 1430 	 2.6168341925e+00 	 5.6027701020e-04
1500 	 1531 	 2.6168112438e+00 	 6.0908922613e-04
1600 	 1634 	 2.6167890528e+00 	 5.8753820923e-04
1700 	 1736 	 2.6167698052e+00 	 5.1941610965e-04
1800 	 1839 	 2.6167481655e+00 	 6.7923040455e-04
1900 	 1940 	 2.6167278623e+00 	 4.4447656368e-04
2000 	 2043 	 2.6167089641e+00 	 4.2042169123e-04
2100 	 2147 	 2.6166954614e+00 	 4.2866585322e-04
2200 	 2247 	 2.6166843048e+00 	 4.1293978826e-04
2300 	 2350 	 2.6166738279e+00 	 4.2317767095e-04
2400 	 2453 	 2.6166614507e+00 	 9.6124076595e-04
2500 	 2556 	 2.6166441084e+00 	 4.3239871414e-04
2600 	 2658 	 2.6166260083e+00 	 4.4983648954e-04
2700 	 2760 	 2.6166098176e+00 	 4.3417699858e-04
2800 	 2861 	 2.6165962930e+00 	 4.1615382696e-04
2900 	 2962 	 2.6165858510e+00 	 3.6829556932e-04
3000 	 3066 	 2.6165774390e+00 	 5.0177835099e-04
3100 	 3167 	 2.6165714741e+00 	 2.3144959802e-04
3200 	 3269 	 2.6165665384e+00 	 3.6175553638e-04
3300 	 3371 	 2.6165618671e+00 	 2.4681610598e-04
3400 	 3475 	 2.6165568072e+00 	 3.5380738351e-04
3500 	 3577 	 2.6165504966e+00 	 4.5664778356e-04
3600 	 3681 	 2.6165451872e+00 	 3.0968672395e-04
3700 	 3784 	 2.6165411446e+00 	 2.2937749001e-04
3800 	 3887 	 2.6165383697e+00 	 1.6640120564e-04
3900 	 3989 	 2.6165361216e+00 	 1.4540066174e-04
4000 	 4090 	 2.6165340050e+00 	 1.4353650894e-04
4100 	 4194 	 2.6165320513e+00 	 2.5294785568e-04
4200 	 4296 	 2.6165302076e+00 	 1.7314951863e-04
4300 	 4400 	 2.6165281539e+00 	 2.4672654605e-04
4400 	 4502 	 2.6165265805e+00 	 9.0745484865e-05
4500 	 4605 	 2.6165250059e+00 	 2.0896899537e-04
4600 	 4706 	 2.6165231069e+00 	 3.1393184822e-04
4700 	 4806 	 2.6165213566e+00 	 1.5826331952e-04
4800 	 4909 	 2.6165197843e+00 	 2.5698085441e-04
4900 	 5011 	 2.6165184517e+00 	 1.4861612476e-04
5000 	 5113 	 2.6165171390e+00 	 2.5819507281e-04
5100 	 5216 	 2.6165156002e+00 	 2.2877027036e-04
5200 	 5316 	 2.6165137640e+00 	 1.0580998359e-04
5300 	 5420 	 2.6165126412e+00 	 1.4787279758e-04
5400 	 5521 	 2.6165117240e+00 	 9.7764320713e-05
5500 	 5625 	 2.6165109253e+00 	 8.2804607220e-05
5600 	 5728 	 2.6165101452e+00 	 1.3139644118e-04
5700 	 5831 	 2.6165094286e+00 	 9.6475130059e-05
5800 	 5934 	 2.6165088321e+00 	 7.1570004684e-05
5900 	 6034 	 2.6165083122e+00 	 8.5762286392e-05
6000 	 6136 	 2.6165076242e+00 	 9.0453258189e-05
6100 	 6237 	 2.6165068149e+00 	 9.4711360570e-05
6200 	 6338 	 2.6165060537e+00 	 7.2314379686e-05
6300 	 6440 	 2.6165053963e+00 	 1.0048925670e-04
6400 	 6543 	 2.6165047836e+00 	 6.8169302625e-05
6500 	 6645 	 2.6165042767e+00 	 9.3249662295e-05
6600 	 6747 	 2.6165039112e+00 	 8.2235741729e-05
6700 	 6852 	 2.6165036063e+00 	 4.1923956723e-05
6800 	 6955 	 2.6165033559e+00 	 5.6422298236e-05
6900 	 7059 	 2.6165031201e+00 	 6.3610674034e-05
7000 	 7161 	 2.6165029814e+00 	 5.5982092164e-05
7100 	 7262 	 2.6165028820e+00 	 4.6009043677e-05
7200 	 7363 	 2.6165027743e+00 	 3.3957027476e-05
7300 	 7464 	 2.6165026708e+00 	 3.8752526489e-05
7400 	 7565 	 2.6165025798e+00 	 3.2513966575e-05
7500 	 7665 	 2.6165024585e+00 	 3.4563453982e-05
7600 	 7768 	 2.6165023213e+00 	 4.2826645136e-05
7700 	 7869 	 2.6165021804e+00 	 5.1424042257e-05
7800 	 7972 	 2.6165020640e+00 	 8.5749213634e-05
7900 	 8074 	 2.6165019638e+00 	 5.3639907691e-05
8000 	 8177 	 2.6165018693e+00 	 4.4769273381e-05
8100 	 8278 	 2.6165017709e+00 	 2.9333163893e-05
8200 	 8382 	 2.6165016947e+00 	 1.9870191486e-05
8300 	 8486 	 2.6165016424e+00 	 2.0588763115e-05
8400 	 8589 	 2.6165015991e+00 	 3.6466709572e-05
8500 	 8691 	 2.6165015510e+00 	 3.2477617881e-05
8600 	 8793 	 2.6165015078e+00 	 2.9529533676e-05
8700 	 8897 	 2.6165014715e+00 	 1.9895672135e-05
8800 	 8999 	 2.6165014332e+00 	 2.2977270889e-05
8900 	 9101 	 2.6165013793e+00 	 1.9622286653e-05
9000 	 9203 	 2.6165013375e+00 	 4.2966745644e-05
9100 	 9304 	 2.6165012978e+00 	 2.0667756367e-05
9200 	 9405 	 2.6165012612e+00 	 4.1304227141e-05
9300 	 9510 	 2.6165012294e+00 	 1.3980573252e-05
9400 	 9611 	 2.6165012090e+00 	 1.4027846101e-05
9500 	 9716 	 2.6165011905e+00 	 1.6043333030e-05
9600 	 9818 	 2.6165011760e+00 	 8.7866361785e-06
9700 	 9921 	 2.6165011663e+00 	 1.9029241523e-05
9800 	 10025 	 2.6165011576e+00 	 9.2479183643e-06
9900 	 10128 	 2.6165011484e+00 	 9.5733956242e-06
10000 	 10231 	 2.6165011360e+00 	 1.1812269205e-05
10100 	 10334 	 2.6165011236e+00 	 1.2363895679e-05
10200 	 10435 	 2.6165011119e+00 	 1.1307529706e-05
10300 	 10535 	 2.6165011036e+00 	 9.6337214825e-06
10400 	 10640 	 2.6165010948e+00 	 1.0339012455e-05
10500 	 10742 	 2.6165010840e+00 	 1.1520861504e-05
10600 	 10844 	 2.6165010715e+00 	 1.3511990128e-05
10700 	 10947 	 2.6165010595e+00 	 1.0739190671e-05
10800 	 11050 	 2.6165010485e+00 	 1.3445908332e-05
10900 	 11152 	 2.6165010368e+00 	 3.1392888635e-05
11000 	 11255 	 2.6165010279e+00 	 1.2042030375e-05
11100 	 11357 	 2.6165010208e+00 	 7.6694486283e-06
11200 	 11460 	 2.6165010155e+00 	 8.4770930860e-06
11300 	 11564 	 2.6165010111e+00 	 8.6520430082e-06
11400 	 11666 	 2.6165010064e+00 	 9.0615880420e-06
11500 	 11770 	 2.6165010012e+00 	 8.6963670057e-06
11600 	 11872 	 2.6165009962e+00 	 7.0964658492e-06
11700 	 11973 	 2.6165009921e+00 	 6.3045689662e-06
11800 	 12075 	 2.6165009894e+00 	 5.5945740337e-06
11900 	 12177 	 2.6165009870e+00 	 6.3526704783e-06
12000 	 12278 	 2.6165009848e+00 	 1.0197336587e-05
12100 	 12380 	 2.6165009828e+00 	 3.0784052471e-06
12200 	 12482 	 2.6165009813e+00 	 3.4851466894e-06
12300 	 12584 	 2.6165009801e+00 	 3.2836036204e-06
12400 	 12686 	 2.6165009792e+00 	 6.3901201518e-06
12500 	 12788 	 2.6165009784e+00 	 2.6968131094e-06
12600 	 12889 	 2.6165009773e+00 	 3.3115158284e-06
12700 	 12992 	 2.6165009757e+00 	 4.2069581593e-06
12800 	 13095 	 2.6165009743e+00 	 4.3084439763e-06
12900 	 13196 	 2.6165009729e+00 	 3.3401512872e-06
13000 	 13299 	 2.6165009717e+00 	 3.0186527600e-06
13100 	 13401 	 2.6165009707e+00 	 4.9105034684e-06
13200 	 13502 	 2.6165009700e+00 	 3.2350448231e-06
13300 	 13605 	 2.6165009694e+00 	 2.6836103167e-06
13400 	 13707 	 2.6165009684e+00 	 4.1198099631e-06
13500 	 13809 	 2.6165009675e+00 	 2.4260412402e-06
13600 	 13914 	 2.6165009664e+00 	 4.9982319474e-06
13700 	 14017 	 2.6165009653e+00 	 5.3330949625e-06
13800 	 14118 	 2.6165009641e+00 	 3.8186075992e-06
13900 	 14220 	 2.6165009630e+00 	 2.2199133002e-06
14000 	 14322 	 2.6165009622e+00 	 4.1022935101e-06
14100 	 14423 	 2.6165009614e+00 	 3.3123576311e-06
14200 	 14526 	 2.6165009609e+00 	 2.3438689070e-06
14300 	 14630 	 2.6165009605e+00 	 4.6953429048e-06
14400 	 14732 	 2.6165009602e+00 	 1.4459678076e-06
14500 	 14835 	 2.6165009599e+00 	 2.5675381785e-06
14600 	 14938 	 2.6165009596e+00 	 1.8859653426e-06
14700 	 15042 	 2.6165009593e+00 	 2.3597820924e-06
14800 	 15146 	 2.6165009591e+00 	 2.0782561229e-06
14900 	 15247 	 2.6165009590e+00 	 2.3691347840e-06
15000 	 15347 	 2.6165009588e+00 	 2.0259733637e-06
15100 	 15450 	 2.6165009587e+00 	 1.4190169897e-06
15200 	 15553 	 2.6165009585e+00 	 1.2581909836e-06
15300 	 15656 	 2.6165009584e+00 	 2.4828196008e-06
15400 	 15758 	 2.6165009582e+00 	 2.2273697231e-06
15500 	 15859 	 2.6165009581e+00 	 2.7354139311e-06
15600 	 15961 	 2.6165009579e+00 	 1.3908477720e-06
15700 	 16064 	 2.6165009578e+00 	 9.9158128638e-07
15800 	 16167 	 2.6165009577e+00 	 1.0646134492e-06
15900 	 16269 	 2.6165009576e+00 	 1.3754137632e-06
16000 	 16372 	 2.6165009575e+00 	 1.0020872806e-06
16100 	 16476 	 2.6165009574e+00 	 9.5935917422e-07
16200 	 16578 	 2.6165009573e+00 	 8.9894410998e-07
16300 	 16683 	 2.6165009573e+00 	 8.8591583760e-07
16400 	 16787 	 2.6165009572e+00 	 9.6946991978e-07
16500 	 16891 	 2.6165009571e+00 	 6.3877585951e-07
16600 	 16997 	 2.6165009571e+00 	 7.5806341689e-07
16700 	 17099 	 2.6165009570e+00 	 7.2741885533e-07
16800 	 17199 	 2.6165009570e+00 	 5.3881976658e-07
16900 	 17302 	 2.6165009570e+00 	 6.2598233270e-07
17000 	 17403 	 2.6165009569e+00 	 4.0252541506e-07
17100 	 17506 	 2.6165009569e+00 	 6.6301468712e-07
17200 	 17608 	 2.6165009569e+00 	 5.7872510768e-07
17300 	 17714 	 2.6165009569e+00 	 4.9846403776e-07
17400 	 17818 	 2.6165009569e+00 	 1.3333805232e-06
17500 	 17920 	 2.6165009568e+00 	 7.4480190700e-07
17600 	 18024 	 2.6165009568e+00 	 4.5160132122e-07
17700 	 18124 	 2.6165009568e+00 	 6.8562927358e-07
17800 	 18227 	 2.6165009568e+00 	 6.7226366117e-07
17900 	 18329 	 2.6165009568e+00 	 4.1679789311e-07
18000 	 18433 	 2.6165009567e+00 	 5.0244684508e-07
18100 	 18537 	 2.6165009567e+00 	 3.4740031455e-07
18200 	 18641 	 2.6165009567e+00 	 4.9491509686e-07
18300 	 18743 	 2.6165009567e+00 	 3.8478428904e-07
18400 	 18844 	 2.6165009567e+00 	 6.0608534611e-07
18500 	 18946 	 2.6165009567e+00 	 3.0219497160e-07
18600 	 19048 	 2.6165009567e+00 	 3.3644578393e-07
18700 	 19150 	 2.6165009567e+00 	 5.7880651104e-07
18800 	 19251 	 2.6165009566e+00 	 5.4153180783e-07
18900 	 19352 	 2.6165009566e+00 	 3.7880783817e-07
19000 	 19453 	 2.6165009566e+00 	 2.7703055185e-07
19100 	 19557 	 2.6165009566e+00 	 2.2453024075e-07
19200 	 19660 	 2.6165009566e+00 	 1.8393244997e-07
19300 	 19761 	 2.6165009566e+00 	 1.3457268064e-07
19400 	 19864 	 2.6165009566e+00 	 9.5250812246e-08
19500 	 19977 	 2.6165009566e+00 	 7.0599344577e-08
19600 	 20091 	 2.6165009566e+00 	 1.9268457627e-07
19700 	 20200 	 2.6165009566e+00 	 9.9525860864e-08
19800 	 20304 	 2.6165009566e+00 	 1.8980618322e-07
19900 	 20416 	 2.6165009566e+00 	 1.3540060100e-07
20000 	 20525 	 2.6165009566e+00 	 7.3477806007e-08
20100 	 20642 	 2.6165009566e+00 	 1.1780889553e-07
20200 	 20748 	 2.6165009566e+00 	 2.1510510601e-07
20300 	 20854 	 2.6165009566e+00 	 1.1652858816e-07
20400 	 20959 	 2.6165009566e+00 	 2.0434191291e-07
20500 	 21070 	 2.6165009566e+00 	 1.6968672291e-07
20600 	 21184 	 2.6165009566e+00 	 5.7439454944e-08
20700 	 21304 	 2.6165009566e+00 	 7.5158713647e-08
20800 	 21422 	 2.6165009566e+00 	 1.2863559527e-07
20900 	 21531 	 2.6165009566e+00 	 9.1024241959e-08
21000 	 21645 	 2.6165009566e+00 	 8.5935574443e-08
21100 	 21754 	 2.6165009566e+00 	 8.1745478556e-08
21200 	 21876 	 2.6165009566e+00 	 1.1137364415e-07
# ---- 
 1 		 21260 	 21970 		 3.1609226258e+00 	 2.6165009566e+00 	 6.8079419346e-08
# ---- 
100 	 104 	 6.0009309068e+00 	 2.4932726748e-02
200 	 205 	 5.9934213309e+00 	 1.0122814438e-02
300 	 308 	 5.9907323893e+00 	 7.9646443109e-03
400 	 410 	 5.9883494595e+00 	 6.8433442095e-03
500 	 511 	 5.9869643423e+00 	 3.3633904133e-03
600 	 612 	 5.9861955102e+00 	 2.7956931169e-03
700 	 712 	 5.9857358535e+00 	 2.8508290941e-03
800 	 812 	 5.9854671438e+00 	 3.4855983480e-03
900 	 915 	 5.9853379160e+00 	 1.3692856745e-03
1000 	 1015 	 5.9852585878e+00 	 6.8047808784e-04
1100 	 1119 	 5.9852089849e+00 	 8.2449630378e-04
1200 	 1221 	 5.9851761955e+00 	 1.6583734617e-03
1300 	 1322 	 5.9851529075e+00 	 5.6766254932e-04
1400 	 1425 	 5.9851332042e+00 	 5.1708719305e-04
1500 	 1528 	 5.9851159079e+00 	 5.5098124878e-04
1600 	 1630 	 5.9851014560e+00 	 4.5348778543e-04
1700 	 1732 	 5.9850873662e+00 	 5.4060647936e-04
1800 	 1834 	 5.9850759858e+00 	 4.1701345610e-04
1900 	 1938 	 5.9850643866e+00 	 2.5971693037e-04
2000 	 2042 	 5.9850548573e+00 	 3.5067569773e-04
2100 	 2145 	 5.9850471776e+00 	 3.1542461291e-04
2200 	 2249 	 5.9850410621e+00 	 3.5774211960e-04
2300 	 2350 	 5.9850320115e+00 	 1.2350805690e-03
2400 	 2452 	 5.9850184340e+00 	 3.8299092611e-04
2500 	 2554 	 5.9850101589e+00 	 2.4741772362e-04
2600 	 2657 	 5.9850046084e+00 	 2.7069884017e-04
2700 	 2758 	 5.9849982128e+00 	 4.7560729394e-04
2800 	 2861 	 5.9849935119e+00 	 3.1191966246e-04
2900 	 2962 	 5.9849896623e+00 	 2.0854389344e-04
3000 	 3063 	 5.9849863799e+00 	 2.2678410082e-04
3100 	 3169 	 5.9849828599e+00 	 2.3684578958e-04
3200 	 3270 	 5.9849800305e+00 	 2.8954611658e-04
3300 	 3370 	 5.9849768125e+00 	 2.5053849605e-04
3400 	 3474 	 5.9849740565e+00 	 1.3872462813e-04
3500 	 3576 	 5.9849724342e+00 	 1.5311916347e-04
3600 	 3677 	 5.9849713645e+00 	 1.2231888277e-04
3700 	 3780 	 5.9849702212e+00 	 1.3051481252e-04
3800 	 3883 	 5.9849691401e+00 	 3.3946374350e-04
3900 	 3986 	 5.9849678898e+00 	 2.1834702918e-04
4000 	 4088 	 5.9849668105e+00 	 1.7131509054e-04
4100 	 4191 	 5.9849658580e+00 	 9.2383813184e-05
4200 	 4296 	 5.9849648846e+00 	 8.3180155500e-05
4300 	 4398 	 5.9849638254e+00 	 9.1022064280e-05
4400 	 4499 	 5.9849625189e+00 	 2.6221383248e-04
4500 	 4600 	 5.9849611017e+00 	 1.1579777538e-04
4600 	 4705 	 5.9849599693e+00 	 1.0234462457e-04
4700 	 4808 	 5.9849589257e+00 	 1.1218302869e-04
4800 	 4910 	 5.9849580142e+00 	 1.5114716489e-04
4900 	 5014 	 5.9849573894e+00 	 6.4596356382e-05
5000 	 5114 	 5.9849569101e+00 	 8.2221426241e-05
5100 	 5214 	 5.9849564729e+00 	 7.0468368923e-05
5200 	 5315 	 5.9849560946e+00 	 9.5099371471e-05
5300 	 5419 	 5.9849558375e+00 	 4.3308530691e-05
5400 	 5521 	 5.9849556718e+00 	 6.6280306298e-05
5500 	 5623 	 5.9849555484e+00 	 1.0169132293e-04
5600 	 5727 	 5.9849554223e+00 	 4.9795739003e-05
5700 	 5827 	 5.9849552553e+00 	 4.8008623664e-05
5800 	 5931 	 5.9849550941e+00 	 4.6379411004e-05
5900 	 6034 	 5.9849549761e+00 	 3.9102207843e-05
6000 	 6135 	 5.9849548883e+00 	 2.6271458589e-05
6100 	 6238 	 5.9849548370e+00 	 1.7995708108e-05
6200 	 6340 	 5.9849547970e+00 	 2.6064142481e-05
6300 	 6441 	 5.9849547567e+00 	 1.6897875072e-05
6400 	 6544 	 5.9849547236e+00 	 1.7505445145e-05
6500 	 6647 	 5.9849546976e+00 	 2.2011808244e-05
6600 	 6747 	 5.9849546747e+00 	 1.9027938242e-05
6700 	 6849 	 5.9849546498e+00 	 2.1070709678e-05
6800 	 6955 	 5.9849546271e+00 	 2.0532832086e-05
6900 	 7056 	 5.9849546065e+00 	 1.2771121122e-05
7000 	 7160 	 5.9849545926e+00 	 1.0676618839e-05
7100 	 7262 	 5.9849545803e+00 	 1.4197060123e-05
7200 	 7363 	 5.9849545697e+00 	 8.3670035885e-06
7300 	 7465 	 5.9849545609e+00 	 1.0147892888e-05
7400 	 7569 	 5.9849545549e+00 	 1.4872137264e-05
7500 	 7671 	 5.9849545495e+00 	 9.6937769965e-06
7600 	 7775 	 5.9849545456e+00 	 7.4387594310e-06
7700 	 7880 	 5.9849545416e+00 	 1.4169778336e-05
7800 	 7984 	 5.9849545370e+00 	 8.2918259597e-06
7900 	 8085 	 5.9849545335e+00 	 6.0072862066e-06
8000 	 8187 	 5.9849545308e+00 	 1.1338402221e-05
8100 	 8289 	 5.9849545281e+00 	 1.0109757311e-05
8200 	 8392 	 5.9849545255e+00 	 5.8419507628e-06
8300 	 8496 	 5.9849545232e+00 	 4.2893600459e-06
8400 	 8600 	 5.9849545213e+00 	 5.5473498374e-06
8500 	 8701 	 5.9849545194e+00 	 5.0922380524e-06
8600 	 8805 	 5.9849545173e+00 	 4.2121127728e-06
8700 	 8909 	 5.9849545142e+00 	 9.1115131401e-06
8800 	 9012 	 5.9849545115e+00 	 5.2514135942e-06
8900 	 9115 	 5.9849545094e+00 	 3.6327730915e-06
9000 	 9220 	 5.9849545074e+00 	 4.3880904134e-06
9100 	 9320 	 5.9849545060e+00 	 1.0149687584e-05
9200 	 9421 	 5.9849545049e+00 	 3.4369285894e-06
9300 	 9524 	 5.9849545039e+00 	 3.0995165730e-06
9400 	 9629 	 5.9849545028e+00 	 5.9450239464e-06
9500 	 9731 	 5.9849545017e+00 	 5.7205611167e-06
9600 	 9831 	 5.9849545009e+00 	 3.4555655926e-06
9700 	 9932 	 5.9849545003e+00 	 2.3574551050e-06
9800 	 10035 	 5.9849544999e+00 	 1.7472625733e-06
9900 	 10137 	 5.9849544996e+00 	 3.0077033313e-06
10000 	 10238 	 5.9849544992e+00 	 2.0338725911e-06
10100 	 10342 	 5.9849544984e+00 	 2.8040725875e-06
10200 	 10443 	 5.9849544977e+00 	 2.9113877599e-06
10300 	 10544 	 5.9849544969e+00 	 2.1053043057e-06
10400 	 10646 	 5.9849544964e+00 	 1.7639521003e-06
10500 	 10746 	 5.9849544960e+00 	 2.8841644891e-06
10600 	 10848 	 5.9849544958e+00 	 1.2775936538e-06
10700 	 10952 	 5.9849544956e+00 	 1.2006645723e-06
10800 	 11056 	 5.9849544954e+00 	 1.5281801568e-06
10900 	 11157 	 5.9849544952e+00 	 1.8321950712e-06
11000 	 11259 	 5.9849544950e+00 	 3.0455375502e-06
11100 	 11362 	 5.9849544949e+00 	 1.2310781599e-06
11200 	 11464 	 5.9849544948e+00 	 1.1715583449e-06
11300 	 11567 	 5.9849544947e+00 	 1.0242710692e-06
11400 	 11668 	 5.9849544946e+00 	 9.1275937932e-07
11500 	 11771 	 5.9849544945e+00 	 6.9358157381e-07
11600 	 11873 	 5.9849544945e+00 	 8.2977378608e-07
11700 	 11974 	 5.9849544944e+00 	 7.4850352108e-07
11800 	 12079 	 5.9849544944e+00 	 9.9680260431e-07
11900 	 12182 	 5.9849544943e+00 	 7.8281440821e-07
12000 	 12284 	 5.9849544943e+00 	 6.9439633479e-07
12100 	 12385 	 5.9849544942e+00 	 7.2910026188e-07
12200 	 12488 	 5.9849544942e+00 	 7.9358059982e-07
12300 	 12592 	 5.9849544941e+00 	 6.3780594590e-07
12400 	 12696 	 5.9849544941e+00 	 5.6360628000e-07
12500 	 12798 	 5.9849544941e+00 	 7.9939209529e-07
12600 	 12899 	 5.9849544941e+00 	 5.0798310184e-07
12700 	 13002 	 5.9849544940e+00 	 7.7224954404e-07
12800 	 13105 	 5.9849544940e+00 	 6.5560231275e-07
12900 	 13207 	 5.9849544940e+00 	 8.8030881125e-07
13000 	 13312 	 5.9849544939e+00 	 8.2359817955e-07
13100 	 13417 	 5.9849544939e+00 	 6.4327066579e-07
13200 	 13519 	 5.9849544938e+00 	 6.4827907451e-07
13300 	 13621 	 5.9849544938e+00 	 1.2287388207e-06
13400 	 13723 	 5.9849544938e+00 	 7.4314555661e-07
13500 	 13826 	 5.9849544938e+00 	 5.7739111973e-07
13600 	 13930 	 5.9849544938e+00 	 5.1517043078e-07
13700 	 14031 	 5.9849544937e+00 	 4.3443159566e-07
13800 	 14133 	 5.9849544937e+00 	 2.6151309386e-07
13900 	 14238 	 5.9849544937e+00 	 1.8270171988e-07
14000 	 14344 	 5.9849544937e+00 	 2.2160559755e-07
14100 	 14451 	 5.9849544937e+00 	 4.5504947256e-07
14200 	 14554 	 5.9849544937e+00 	 2.2427602395e-07
14300 	 14659 	 5.9849544937e+00 	 2.0446060296e-07
14400 	 14767 	 5.9849544937e+00 	 5.9128056385e-07
14500 	 14873 	 5.9849544937e+00 	 1.3097590090e-07
14600 	 14984 	 5.9849544937e+00 	 2.3545389450e-07
14700 	 15092 	 5.9849544937e+00 	 1.2313144911e-07
14800 	 15202 	 5.9849544937e+00 	 1.5091844666e-07
14900 	 15314 	 5.9849544937e+00 	 3.4709369764e-07
15000 	 15421 	 5.9849544937e+00 	 1.0553315649e-07
15100 	 15535 	 5.9849544937e+00 	 1.3858856875e-07
15200 	 15644 	 5.9849544937e+00 	 1.6419126971e-07
15300 	 15751 	 5.9849544937e+00 	 5.6515364383e-07
15400 	 15856 	 5.9849544937e+00 	 2.6238303354e-07
15500 	 15962 	 5.9849544937e+00 	 1.7232655497e-07
15600 	 16069 	 5.9849544937e+00 	 3.2186879626e-07
15700 	 16175 	 5.9849544937e+00 	 1.4650078975e-07
15800 	 16284 	 5.9849544937e+00 	 1.2445018516e-07
15900 	 16397 	 5.9849544937e+00 	 1.4814161567e-07
# ---- 
 1 		 15907 	 16418 		 6.5141677273e+00 	 5.9849544937e+00 	 1.2103696508e-07
# ---- 
100 	 102 	 1.0776542844e+01 	 1.1121723825e-02
200 	 203 	 1.0771191524e+01 	 9.3790021836e-03
300 	 303 	 1.0768897878e+01 	 5.5366790248e-03
400 	 406 	 1.0766963486e+01 	 4.9073003734e-03
500 	 509 	 1.0765885826e+01 	 4.2075244953e-03
600 	 611 	 1.0765300529e+01 	 2.3369425170e-03
700 	 711 	 1.0764936038e+01 	 2.1866984508e-03
800 	 812 	 1.0764712643e+01 	 2.5860408040e-03
900 	 915 	 1.0764586438e+01 	 2.0002543815e-03
1000 	 1018 	 1.0764522552e+01 	 1.2752320579e-03
1100 	 1121 	 1.0764476962e+01 	 5.7564909672e-04
1200 	 1223 	 1.0764455329e+01 	 5.2719217201e-04
1300 	 1324 	 1.0764437719e+01 	 4.1666531665e-04
1400 	 1427 	 1.0764421186e+01 	 4.4616249212e-04
1500 	 1530 	 1.0764406216e+01 	 4.6166378515e-04
1600 	 1635 	 1.0764395508e+01 	 2.4394426323e-04
1700 	 1737 	 1.0764387463e+01 	 3.2630351833e-04
1800 	 1839 	 1.0764378748e+01 	 9.7381753929e-04
1900 	 1941 	 1.0764370745e+01 	 3.3734906694e-04
2000 	 2045 	 1.0764364303e+01 	 4.6448002349e-04
2100 	 2147 	 1.0764359231e+01 	 3.8979300006e-04
2200 	 2249 	 1.0764353184e+01 	 2.7268629317e-04
2300 	 2352 	 1.0764344865e+01 	 8.2121176176e-04
2400 	 2455 	 1.0764336407e+01 	 5.3319534068e-04
2500 	 2559 	 1.0764329658e+01 	 4.8449578547e-04
2600 	 2663 	 1.0764325316e+01 	 3.7332452160e-04
2700 	 2765 	 1.0764322523e+01 	 2.0943416299e-04
2800 	 2866 	 1.0764320867e+01 	 1.7655589683e-04
2900 	 2968 	 1.0764319635e+01 	 1.0083369717e-04
3000 	 3070 	 1.0764318236e+01 	 1.2858229597e-04
3100 	 3170 	 1.0764316983e+01 	 1.6554547345e-04
3200 	 3273 	 1.0764315624e+01 	 1.1789029009e-04
3300 	 3376 	 1.0764314614e+01 	 8.6145003936e-05
3400 	 3479 	 1.0764313904e+01 	 7.8889639491e-05
3500 	 3580 	 1.0764313420e+01 	 7.1127222544e-05
3600 	 3682 	 1.0764313003e+01 	 1.7688279459e-04
3700 	 3786 	 1.0764312502e+01 	 1.3514144773e-04
3800 	 3889 	 1.0764311766e+01 	 9.2290766065e-05
3900 	 3989 	 1.0764311123e+01 	 1.0723336160e-04
4000 	 4091 	 1.0764310476e+01 	 1.0290223928e-04
4100 	 4194 	 1.0764309843e+01 	 1.1489263005e-04
4200 	 4296 	 1.0764309245e+01 	 2.0343282616e-04
4300 	 4398 	 1.0764308648e+01 	 1.6127031155e-04
4400 	 4498 	 1.0764308130e+01 	 1.7029074793e-04
4500 	 4601 	 1.0764307799e+01 	 5.5507222334e-05
4600 	 4703 	 1.0764307547e+01 	 5.5810778850e-05
4700 	 4806 	 1.0764307381e+01 	 3.8399139554e-05
4800 	 4909 	 1.0764307226e+01 	 7.6317820402e-05
4900 	 5009 	 1.0764307076e+01 	 4.0077301323e-05
5000 	 5111 	 1.0764306962e+01 	 5.2061371420e-05
5100 	 5213 	 1.0764306862e+01 	 3.4987675424e-05
5200 	 5318 	 1.0764306804e+01 	 5.3093715787e-05
5300 	 5420 	 1.0764306767e+01 	 4.3531023337e-05
5400 	 5522 	 1.0764306742e+01 	 1.3816965695e-05
5500 	 5623 	 1.0764306723e+01 	 1.1766221752e-05
5600 	 5723 	 1.0764306708e+01 	 1.1306744188e-05
5700 	 5826 	 1.0764306697e+01 	 1.2841704387e-05
5800 	 5928 	 1.0764306687e+01 	 8.3174302188e-06
5900 	 6029 	 1.0764306680e+01 	 8.6145713260e-06
6000 	 6131 	 1.0764306674e+01 	 7.3113981433e-06
6100 	 6232 	 1.0764306668e+01 	 1.3611171783e-05
6200 	 6335 	 1.0764306660e+01 	 1.0314026748e-05
6300 	 6438 	 1.0764306651e+01 	 1.1931658934e-05
6400 	 6538 	 1.0764306642e+01 	 1.0441425043e-05
6500 	 6639 	 1.0764306633e+01 	 1.1018303391e-05
6600 	 6741 	 1.0764306627e+01 	 1.1143468554e-05
6700 	 6844 	 1.0764306619e+01 	 1.2971066346e-05
6800 	 6948 	 1.0764306614e+01 	 1.2625349485e-05
6900 	 7052 	 1.0764306612e+01 	 4.6940928514e-06
7000 	 7155 	 1.0764306610e+01 	 3.5445256199e-06
7100 	 7257 	 1.0764306609e+01 	 3.6588966000e-06
7200 	 7357 	 1.0764306607e+01 	 4.8839056158e-06
7300 	 7459 	 1.0764306605e+01 	 6.0314000446e-06
7400 	 7560 	 1.0764306604e+01 	 5.2331265699e-06
7500 	 7664 	 1.0764306603e+01 	 7.5890077855e-06
7600 	 7767 	 1.0764306601e+01 	 1.1804659862e-05
7700 	 7868 	 1.0764306600e+01 	 2.8478237519e-06
7800 	 7971 	 1.0764306599e+01 	 4.1368463753e-06
7900 	 8074 	 1.0764306598e+01 	 3.8872430561e-06
8000 	 8178 	 1.0764306597e+01 	 2.1234946403e-06
8100 	 8280 	 1.0764306597e+01 	 2.3896265630e-06
8200 	 8383 	 1.0764306596e+01 	 2.7054505064e-06
8300 	 8486 	 1.0764306596e+01 	 2.6969739981e-06
8400 	 8589 	 1.0764306595e+01 	 1.9396268278e-06
8500 	 8691 	 1.0764306595e+01 	 1.7981520770e-06
8600 	 8795 	 1.0764306595e+01 	 1.9558625089e-06
8700 	 8896 	 1.0764306594e+01 	 6.3670067341e-06
8800 	 9000 	 1.0764306594e+01 	 5.0318831766e-06
8900 	 9104 	 1.0764306593e+01 	 1.9044122404e-06
9000 	 9206 	 1.0764306593e+01 	 2.4943885910e-06
9100 	 9309 	 1.0764306593e+01 	 1.7785688496e-06
9200 	 9413 	 1.0764306592e+01 	 1.0610170444e-06
9300 	 9516 	 1.0764306592e+01 	 1.6808862389e-06
9400 	 9618 	 1.0764306592e+01 	 7.9244446854e-07
9500 	 9722 	 1.0764306592e+01 	 7.6677320469e-07
9600 	 9824 	 1.0764306592e+01 	 7.6318076716e-07
9700 	 9927 	 1.0764306592e+01 	 9.2896052806e-07
9800 	 10028 	 1.0764306592e+01 	 1.0336985426e-06
9900 	 10132 	 1.0764306592e+01 	 6.7690973212e-07
10000 	 10236 	 1.0764306592e+01 	 5.7214201524e-07
10100 	 10338 	 1.0764306592e+01 	 9.5790860966e-07
10200 	 10440 	 1.0764306592e+01 	 9.7058502523e-07
10300 	 10543 	 1.0764306592e+01 	 7.6757361503e-07
10400 	 10646 	 1.0764306592e+01 	 1.0901305365e-06
10500 	 10749 	 1.0764306592e+01 	 9.1900455035e-07
10600 	 10853 	 1.0764306592e+01 	 7.0355601698e-07
10700 	 10956 	 1.0764306592e+01 	 3.4106562449e-07
10800 	 11059 	 1.0764306592e+01 	 2.8554656943e-07
10900 	 11163 	 1.0764306591e+01 	 2.6965803640e-07
11000 	 11272 	 1.0764306591e+01 	 3.9535251023e-07
11100 	 11385 	 1.0764306591e+01 	 2.3503274026e-07
11200 	 11490 	 1.0764306591e+01 	 2.7697789477e-07
11300 	 11599 	 1.0764306591e+01 	 3.0193142468e-07
11400 	 11710 	 1.0764306591e+01 	 3.8488284516e-07
11500 	 11819 	 1.0764306591e+01 	 2.6260619087e-07
11600 	 11927 	 1.0764306591e+01 	 2.5006342946e-07
11700 	 12038 	 1.0764306591e+01 	 6.6824269588e-07
11800 	 12139 	 1.0764306591e+01 	 8.7431751542e-07
11900 	 12244 	 1.0764306591e+01 	 3.6254414148e-07
12000 	 12350 	 1.0764306591e+01 	 7.9036715400e-07
12100 	 12458 	 1.0764306591e+01 	 4.7377631450e-07
12200 	 12566 	 1.0764306591e+01 	 4.0618410018e-07
12300 	 12674 	 1.0764306591e+01 	 3.4375737587e-07
12400 	 12783 	 1.0764306591e+01 	 2.2818504796e-07
# ---- 
 1 		 12486 	 12900 		 1.1286175081e+01 	 1.0764306591e+01 	 1.5186433431e-07
# ---- 
100 	 103 	 1.6977908817e+01 	 1.2084017538e-02
200 	 204 	 1.6973517375e+01 	 1.0619159634e-02
300 	 305 	 1.6971462682e+01 	 7.9673124370e-03
400 	 406 	 1.6969827149e+01 	 4.5162281265e-03
500 	 507 	 1.6968785634e+01 	 6.0164451783e-03
600 	 608 	 1.6968274148e+01 	 2.3677155457e-03
700 	 712 	 1.6967948034e+01 	 1.6630752806e-03
800 	 814 	 1.6967763389e+01 	 1.3900191098e-03
900 	 917 	 1.6967662678e+01 	 2.0793460994e-03
1000 	 1020 	 1.6967610338e+01 	 1.5675212591e-03
1100 	 1122 	 1.6967571816e+01 	 6.0969073796e-04
1200 	 1223 	 1.6967550423e+01 	 4.3164124053e-04
1300 	 1324 	 1.6967536421e+01 	 5.0328612667e-04
1400 	 1425 	 1.6967524351e+01 	 4.4707727334e-04
1500 	 1528 	 1.6967512435e+01 	 7.4178067096e-04
1600 	 1629 	 1.6967504958e+01 	 3.2751371499e-04
1700 	 1730 	 1.6967499163e+01 	 6.2240842912e-04
1800 	 1832 	 1.6967493388e+01 	 2.7790926100e-04
1900 	 1934 	 1.6967489085e+01 	 2.8866746902e-04
2000 	 2036 	 1.6967484446e+01 	 2.5074359850e-04
2100 	 2138 	 1.6967480294e+01 	 3.6409976513e-04
2200 	 2239 	 1.6967474087e+01 	 2.2724143379e-04
2300 	 2343 	 1.6967467872e+01 	 3.2479384799e-04
2400 	 2446 	 1.6967462502e+01 	 1.6242362914e-04
2500 	 2547 	 1.6967459371e+01 	 1.9979947665e-04
2600 	 2650 	 1.6967457641e+01 	 1.1927751935e-04
2700 	 2752 	 1.6967456547e+01 	 1.0089541874e-04
2800 	 2855 	 1.6967455612e+01 	 1.1847780879e-04
2900 	 2957 	 1.6967454801e+01 	 1.3968343742e-04
3000 	 3059 	 1.6967454121e+01 	 9.2169702874e-05
3100 	 3162 	 1.6967453630e+01 	 5.8979802646e-05
3200 	 3263 	 1.6967453201e+01 	 5.0805824442e-05
3300 	 3365 	 1.6967452809e+01 	 7.6053702173e-05
3400 	 3469 	 1.6967452461e+01 	 5.8429047364e-05
3500 	 3573 	 1.6967452193e+01 	 5.4719323591e-05
3600 	 3675 	 1.6967451814e+01 	 7.0428964102e-05
3700 	 3778 	 1.6967451422e+01 	 7.2859276515e-05
3800 	 3881 	 1.6967451085e+01 	 7.0606241930e-05
3900 	 3982 	 1.6967450683e+01 	 4.5794396379e-05
4000 	 4086 	 1.6967450323e+01 	 7.2118973493e-05
4100 	 4188 	 1.6967449945e+01 	 6.7704981315e-05
4200 	 4293 	 1.6967449672e+01 	 5.2473360316e-05
4300 	 4395 	 1.6967449459e+01 	 4.6545481681e-05
4400 	 4496 	 1.6967449275e+01 	 9.8822402617e-05
4500 	 4600 	 1.6967449153e+01 	 4.1882572311e-05
4600 	 4703 	 1.6967449085e+01 	 2.6618180055e-05
4700 	 4806 	 1.6967449029e+01 	 2.0956819285e-05
4800 	 4909 	 1.6967448979e+01 	 2.5296102281e-05
4900 	 5011 	 1.6967448897e+01 	 3.9793783182e-05
5000 	 5115 	 1.6967448827e+01 	 2.2866584809e-05
5100 	 5218 	 1.6967448792e+01 	 3.2756825226e-05
5200 	 5319 	 1.6967448767e+01 	 1.6902377494e-05
5300 	 5421 	 1.6967448746e+01 	 4.1292197339e-05
5400 	 5524 	 1.6967448720e+01 	 2.2106723258e-05
5500 	 5626 	 1.6967448697e+01 	 1.3917261773e-05
5600 	 5727 	 1.6967448674e+01 	 2.0863189235e-05
5700 	 5829 	 1.6967448657e+01 	 1.6074092035e-05
5800 	 5931 	 1.6967448644e+01 	 1.1580003758e-05
5900 	 6034 	 1.6967448632e+01 	 1.9750278333e-05
6000 	 6137 	 1.6967448617e+01 	 1.3984391441e-05
6100 	 6238 	 1.6967448598e+01 	 1.4444331169e-05
6200 	 6342 	 1.6967448588e+01 	 9.3987849014e-06
6300 	 6442 	 1.6967448582e+01 	 7.4790061956e-06
6400 	 6544 	 1.6967448579e+01 	 7.4189326302e-06
6500 	 6647 	 1.6967448576e+01 	 1.0970597734e-05
6600 	 6747 	 1.6967448574e+01 	 5.3883184456e-06
6700 	 6849 	 1.6967448572e+01 	 3.9604291410e-06
6800 	 6952 	 1.6967448571e+01 	 4.4011929659e-06
6900 	 7054 	 1.6967448570e+01 	 2.7497090406e-06
7000 	 7154 	 1.6967448569e+01 	 3.5161348372e-06
7100 	 7257 	 1.6967448568e+01 	 4.5868833730e-06
7200 	 7361 	 1.6967448568e+01 	 2.2535777569e-06
7300 	 7462 	 1.6967448567e+01 	 4.4904199853e-06
7400 	 7563 	 1.6967448567e+01 	 2.4182268811e-06
7500 	 7665 	 1.6967448566e+01 	 2.1235304675e-06
7600 	 7766 	 1.6967448566e+01 	 2.1788388494e-06
7700 	 7868 	 1.6967448565e+01 	 2.2645038691e-06
7800 	 7970 	 1.6967448565e+01 	 5.1225745100e-06
7900 	 8074 	 1.6967448564e+01 	 2.6821690400e-06
8000 	 8178 	 1.6967448564e+01 	 2.5676295663e-06
8100 	 8281 	 1.6967448563e+01 	 2.7084501161e-06
8200 	 8383 	 1.6967448563e+01 	 2.5054043050e-06
8300 	 8485 	 1.6967448562e+01 	 4.2862780126e-06
8400 	 8588 	 1.6967448562e+01 	 3.4040425757e-06
8500 	 8691 	 1.6967448562e+01 	 4.2466050469e-06
8600 	 8793 	 1.6967448562e+01 	 1.4000036690e-06
8700 	 8896 	 1.6967448562e+01 	 9.4719216893e-07
8800 	 8999 	 1.6967448562e+01 	 6.1181050214e-07
8900 	 9101 	 1.6967448562e+01 	 5.0904695617e-07
9000 	 9204 	 1.6967448562e+01 	 1.1755680416e-06
9100 	 9305 	 1.6967448562e+01 	 7.2094294757e-07
9200 	 9409 	 1.6967448562e+01 	 1.6897018961e-06
9300 	 9513 	 1.6967448562e+01 	 6.7313157110e-07
9400 	 9616 	 1.6967448562e+01 	 7.4413693123e-07
9500 	 9719 	 1.6967448562e+01 	 4.7249258555e-07
9600 	 9823 	 1.6967448562e+01 	 6.2412570225e-07
9700 	 9926 	 1.6967448561e+01 	 4.7467990005e-07
9800 	 10031 	 1.6967448561e+01 	 5.2741295673e-07
9900 	 10136 	 1.6967448561e+01 	 4.0108249600e-07
10000 	 10241 	 1.6967448561e+01 	 5.9641471627e-07
10100 	 10345 	 1.6967448561e+01 	 5.3119220175e-07
10200 	 10447 	 1.6967448561e+01 	 2.7044146319e-07
10300 	 10558 	 1.6967448561e+01 	 2.1663989112e-07
10400 	 10667 	 1.6967448561e+01 	 1.4624559883e-07
10500 	 10786 	 1.6967448561e+01 	 2.6077093677e-07
# ---- 
 1 		 10586 	 10908 		 1.7484992646e+01 	 1.6967448561e+01 	 1.9822292235e-07
# ---- 
100 	 102 	 2.4612504185e+01 	 1.9989385851e-02
200 	 203 	 2.4608733037e+01 	 6.8414222810e-03
300 	 303 	 2.4606852055e+01 	 8.3984375927e-03
400 	 404 	 2.4605412391e+01 	 7.1838457912e-03
500 	 505 	 2.4604523286e+01 	 3.7867720061e-03
600 	 609 	 2.4604076742e+01 	 4.5798374046e-03
700 	 711 	 2.4603757939e+01 	 1.8789994684e-03
800 	 811 	 2.4603596470e+01 	 1.6567722493e-03
900 	 914 	 2.4603503582e+01 	 1.7940210096e-03
1000 	 1015 	 2.4603441887e+01 	 6.3209615667e-04
1100 	 1117 	 2.4603407452e+01 	 9.0838215287e-04
1200 	 1218 	 2.4603389666e+01 	 5.1045250839e-04
1300 	 1321 	 2.4603378270e+01 	 6.2800713529e-04
1400 	 1422 	 2.4603367626e+01 	 5.4730908480e-04
1500 	 1524 	 2.4603359725e+01 	 3.0441521804e-04
1600 	 1625 	 2.4603354431e+01 	 2.7669807846e-04
1700 	 1726 	 2.4603350044e+01 	 4.0376987901e-04
1800 	 1826 	 2.4603346015e+01 	 2.5015271818e-04
1900 	 1929 	 2.4603343034e+01 	 4.3978169307e-04
2000 	 2030 	 2.4603340011e+01 	 1.5673393132e-04
2100 	 2132 	 2.4603336807e+01 	 2.7472636465e-04
2200 	 2234 	 2.4603332508e+01 	 2.3521855214e-04
2300 	 2335 	 2.4603328198e+01 	 2.7859122647e-04
2400 	 2437 	 2.4603325404e+01 	 1.4647636151e-04
2500 	 2539 	 2.4603323844e+01 	 9.8986568875e-05
2600 	 2641 	 2.4603322860e+01 	 1.3756849479e-04
2700 	 2743 	 2.4603322026e+01 	 7.9062784300e-05
2800 	 2846 	 2.4603321247e+01 	 1.0287627312e-04
2900 	 2949 	 2.4603320585e+01 	 8.3496051977e-05
3000 	 3052 	 2.4603320104e+01 	 7.0714787140e-05
3100 	 3157 	 2.4603319696e+01 	 6.2501207961e-05
3200 	 3258 	 2.4603319398e+01 	 5.1962444950e-05
3300 	 3361 	 2.4603319133e+01 	 5.0660581073e-05
3400 	 3464 	 2.4603318904e+01 	 6.1035458457e-05
3500 	 3565 	 2.4603318529e+01 	 1.8862552304e-04
3600 	 3670 	 2.4603318221e+01 	 5.7637059088e-05
3700 	 3775 	 2.4603318004e+01 	 4.3294372657e-05
3800 	 3876 	 2.4603317809e+01 	 5.6776690940e-05
3900 	 3978 	 2.4603317500e+01 	 6.4260585018e-05
4000 	 4079 	 2.4603317265e+01 	 4.7415491156e-05
4100 	 4182 	 2.4603317116e+01 	 3.7813435815e-05
4200 	 4286 	 2.4603317013e+01 	 2.1841773757e-05
4300 	 4388 	 2.4603316964e+01 	 2.0504419379e-05
4400 	 4489 	 2.4603316916e+01 	 2.2030495196e-05
4500 	 4592 	 2.4603316858e+01 	 3.5941628310e-05
4600 	 4695 	 2.4603316797e+01 	 2.5307902697e-05
4700 	 4797 	 2.4603316758e+01 	 2.3122855699e-05
4800 	 4899 	 2.4603316732e+01 	 2.6633191778e-05
4900 	 5000 	 2.4603316712e+01 	 2.1758096435e-05
5000 	 5105 	 2.4603316694e+01 	 2.5673365419e-05
5100 	 5209 	 2.4603316680e+01 	 1.2792984407e-05
5200 	 5311 	 2.4603316669e+01 	 1.1058259391e-05
5300 	 5413 	 2.4603316657e+01 	 1.7682411828e-05
5400 	 5516 	 2.4603316647e+01 	 1.0349477771e-05
5500 	 5616 	 2.4603316638e+01 	 1.1534851559e-05
5600 	 5718 	 2.4603316633e+01 	 7.3584804102e-06
5700 	 5822 	 2.4603316629e+01 	 9.3926315222e-06
5800 	 5925 	 2.4603316627e+01 	 3.8198637261e-06
5900 	 6028 	 2.4603316625e+01 	 4.6055264211e-06
6000 	 6130 	 2.4603316623e+01 	 3.6491205666e-06
6100 	 6230 	 2.4603316623e+01 	 2.9056679648e-06
6200 	 6333 	 2.4603316622e+01 	 6.1964831098e-06
6300 	 6435 	 2.4603316621e+01 	 2.1548163392e-06
6400 	 6537 	 2.4603316621e+01 	 5.8686337242e-06
6500 	 6639 	 2.4603316620e+01 	 9.4606142410e-06
6600 	 6741 	 2.4603316618e+01 	 9.5795257405e-06
6700 	 6844 	 2.4603316617e+01 	 5.2560776206e-06
6800 	 6947 	 2.4603316616e+01 	 3.1120716339e-06
6900 	 7049 	 2.4603316614e+01 	 3.6459860510e-06
7000 	 7151 	 2.4603316614e+01 	 3.0558342595e-06
7100 	 7255 	 2.4603316613e+01 	 2.0330832665e-06
7200 	 7358 	 2.4603316613e+01 	 1.7289344483e-06
7300 	 7461 	 2.4603316613e+01 	 3.0216214290e-06
7400 	 7562 	 2.4603316613e+01 	 1.1976439652e-06
7500 	 7665 	 2.4603316612e+01 	 1.0934430905e-06
7600 	 7768 	 2.4603316612e+01 	 1.2662123142e-06
7700 	 7869 	 2.4603316612e+01 	 2.2386619965e-06
7800 	 7971 	 2.4603316612e+01 	 2.2118984871e-06
7900 	 8074 	 2.4603316612e+01 	 1.8712665894e-06
8000 	 8176 	 2.4603316612e+01 	 1.8602154310e-06
8100 	 8279 	 2.4603316612e+01 	 9.8201116631e-07
8200 	 8382 	 2.4603316611e+01 	 5.2540380084e-07
8300 	 8485 	 2.4603316611e+01 	 9.5309362637e-07
8400 	 8588 	 2.4603316611e+01 	 7.2152554269e-07
8500 	 8690 	 2.4603316611e+01 	 5.8444422071e-07
8600 	 8795 	 2.4603316611e+01 	 7.3902498121e-07
8700 	 8901 	 2.4603316611e+01 	 9.5849766928e-07
8800 	 9004 	 2.4603316611e+01 	 7.5387864621e-07
8900 	 9112 	 2.4603316611e+01 	 3.4630252790e-07
9000 	 9226 	 2.4603316611e+01 	 4.4090150330e-07
9100 	 9337 	 2.4603316611e+01 	 5.0405592483e-07
9200 	 9443 	 2.4603316611e+01 	 7.2695662510e-07
9300 	 9553 	 2.4603316611e+01 	 5.5975712129e-07
9400 	 9663 	 2.4603316611e+01 	 9.9166430516e-07
9500 	 9769 	 2.4603316611e+01 	 1.1343184316e-06
9600 	 9878 	 2.4603316611e+01 	 3.2999900416e-07
9700 	 9985 	 2.4603316611e+01 	 3.1264536076e-07
9800 	 10096 	 2.4603316611e+01 	 3.3389658849e-07
9900 	 10210 	 2.4603316611e+01 	 4.4931171041e-07
10000 	 10348 	 2.4603316611e+01 	 1.8387977040e-07
# ---- 
 1 		 10058 	 10429 		 2.5118053681e+01 	 2.4603316611e+01 	 2.2518827429e-07
# ---- 
100 	 103 	 3.3687085399e+01 	 9.2138511568e-03
200 	 203 	 3.3683642509e+01 	 1.5607432732e-02
300 	 306 	 3.3681846477e+01 	 5.5236426713e-03
400 	 409 	 3.3680564426e+01 	 5.1036512783e-03
500 	 514 	 3.3679733557e+01 	 8.2970439775e-03
600 	 616 	 3.3679295058e+01 	 3.5148413455e-03
700 	 718 	 3.3678994970e+01 	 1.5862360729e-03
800 	 819 	 3.3678821752e+01 	 1.1296288469e-03
900 	 920 	 3.3678740570e+01 	 9.8459702323e-04
1000 	 1022 	 3.3678686754e+01 	 1.9778781516e-03
1100 	 1124 	 3.3678660235e+01 	 5.8689698175e-04
1200 	 1227 	 3.3678643653e+01 	 3.6630165672e-04
1300 	 1329 	 3.3678633506e+01 	 3.5049175013e-04
1400 	 1432 	 3.3678623293e+01 	 3.9423653289e-04
1500 	 1535 	 3.3678616712e+01 	 2.4978754480e-04
1600 	 1636 	 3.3678612994e+01 	 5.8211419796e-04
1700 	 1739 	 3.3678609591e+01 	 2.5779724037e-04
1800 	 1841 	 3.3678607045e+01 	 2.0402835022e-04
1900 	 1944 	 3.3678604601e+01 	 1.5201359879e-04
2000 	 2046 	 3.3678602411e+01 	 2.1202107349e-04
2100 	 2148 	 3.3678599542e+01 	 3.6324149507e-04
2200 	 2250 	 3.3678596177e+01 	 1.7376168437e-04
2300 	 2352 	 3.3678593540e+01 	 2.1180348908e-04
2400 	 2453 	 3.3678592129e+01 	 1.1505197174e-04
2500 	 2554 	 3.3678591523e+01 	 1.0025763732e-04
2600 	 2656 	 3.3678591054e+01 	 1.0317677499e-04
2700 	 2757 	 3.3678590579e+01 	 9.1832784060e-05
2800 	 2860 	 3.3678590099e+01 	 1.2609357238e-04
2900 	 2963 	 3.3678589663e+01 	 1.1016442235e-04
3000 	 3065 	 3.3678589418e+01 	 5.7963665329e-05
3100 	 3168 	 3.3678589226e+01 	 1.2853594247e-04
3200 	 3272 	 3.3678589089e+01 	 4.2116990921e-05
3300 	 3377 	 3.3678588995e+01 	 5.6447953745e-05
3400 	 3480 	 3.3678588804e+01 	 7.8884418152e-05
3500 	 3581 	 3.3678588528e+01 	 6.1032969245e-05
3600 	 3684 	 3.3678588296e+01 	 6.1501407268e-05
3700 	 3787 	 3.3678588157e+01 	 3.6169472558e-05
3800 	 3891 	 3.3678588062e+01 	 3.1097846755e-05
3900 	 3992 	 3.3678587992e+01 	 2.5466489246e-05
4000 	 4095 	 3.3678587925e+01 	 5.1805297464e-05
4100 	 4197 	 3.3678587859e+01 	 3.6298320366e-05
4200 	 4302 	 3.3678587806e+01 	 2.8893749522e-05
4300 	 4406 	 3.3678587770e+01 	 2.3836955683e-05
4400 	 4506 	 3.3678587741e+01 	 1.4099644257e-05
4500 	 4609 	 3.3678587725e+01 	 1.0768753111e-05
4600 	 4711 	 3.3678587715e+01 	 8.1537546684e-06
4700 	 4813 	 3.3678587708e+01 	 1.0184750744e-05
4800 	 4916 	 3.3678587699e+01 	 1.7437011929e-05
4900 	 5020 	 3.3678587689e+01 	 1.1992149711e-05
5000 	 5122 	 3.3678587678e+01 	 1.0499870518e-05
5100 	 5223 	 3.3678587669e+01 	 1.3224047816e-05
5200 	 5324 	 3.3678587662e+01 	 8.5323513354e-06
5300 	 5427 	 3.3678587658e+01 	 1.8864604920e-05
5400 	 5529 	 3.3678587652e+01 	 6.6826833436e-06
5500 	 5630 	 3.3678587650e+01 	 4.8431486310e-06
5600 	 5733 	 3.3678587648e+01 	 4.7608696057e-06
5700 	 5835 	 3.3678587647e+01 	 3.5242148888e-06
5800 	 5936 	 3.3678587645e+01 	 4.2628131149e-06
5900 	 6038 	 3.3678587644e+01 	 7.2484932375e-06
6000 	 6140 	 3.3678587642e+01 	 4.7046406205e-06
6100 	 6241 	 3.3678587640e+01 	 4.0653213433e-06
6200 	 6344 	 3.3678587639e+01 	 3.9215747294e-06
6300 	 6446 	 3.3678587637e+01 	 5.5831899246e-06
6400 	 6548 	 3.3678587635e+01 	 3.4832728568e-06
6500 	 6651 	 3.3678587634e+01 	 3.6201976222e-06
6600 	 6754 	 3.3678587633e+01 	 5.2228625356e-06
6700 	 6856 	 3.3678587633e+01 	 3.6168816305e-06
6800 	 6957 	 3.3678587632e+01 	 2.8012333702e-06
6900 	 7059 	 3.3678587631e+01 	 4.2292541767e-06
7000 	 7161 	 3.3678587631e+01 	 2.1116935069e-06
7100 	 7263 	 3.3678587631e+01 	 1.2566961290e-06
7200 	 7365 	 3.3678587631e+01 	 1.4443060856e-06
7300 	 7468 	 3.3678587631e+01 	 1.8421908089e-06
7400 	 7570 	 3.3678587630e+01 	 1.1687991602e-06
7500 	 7674 	 3.3678587630e+01 	 7.1847026960e-07
7600 	 7778 	 3.3678587630e+01 	 1.3909778285e-06
7700 	 7880 	 3.3678587630e+01 	 2.9479995417e-06
7800 	 7984 	 3.3678587630e+01 	 5.9085393819e-07
7900 	 8091 	 3.3678587630e+01 	 1.1808304704e-06
8000 	 8197 	 3.3678587630e+01 	 1.0504043353e-06
8100 	 8300 	 3.3678587630e+01 	 1.2801978832e-06
8200 	 8404 	 3.3678587630e+01 	 7.3505229471e-07
8300 	 8510 	 3.3678587630e+01 	 8.0848127677e-07
8400 	 8615 	 3.3678587630e+01 	 4.9980108093e-07
8500 	 8719 	 3.3678587630e+01 	 4.4623832488e-07
8600 	 8830 	 3.3678587630e+01 	 7.2783108362e-07
8700 	 8948 	 3.3678587630e+01 	 5.6567076063e-07
8800 	 9069 	 3.3678587630e+01 	 1.8048371476e-07
# ---- 
 1 		 8826 	 9110 		 3.4191405362e+01 	 3.3678587630e+01 	 1.9076501489e-07
# ---- 
100 	 103 	 4.4206117416e+01 	 1.2651755044e-02
200 	 205 	 4.4203050133e+01 	 6.1713231886e-03
300 	 308 	 4.4201462499e+01 	 4.0679064206e-03
400 	 409 	 4.4200305077e+01 	 5.0040510761e-03
500 	 515 	 4.4199562502e+01 	 5.0999492853e-03
600 	 616 	 4.4199128517e+01 	 2.3741849975e-03
700 	 717 	 4.4198840261e+01 	 2.7150235719e-03
800 	 822 	 4.4198685788e+01 	 1.7861815804e-03
900 	 925 	 4.4198605913e+01 	 1.1744782640e-03
1000 	 1030 	 4.4198557919e+01 	 1.4684213527e-03
1100 	 1133 	 4.4198533065e+01 	 1.2682048652e-03
1200 	 1234 	 4.4198517629e+01 	 4.9414932411e-04
1300 	 1339 	 4.4198507825e+01 	 3.2553970450e-04
1400 	 1440 	 4.4198498410e+01 	 3.7489206834e-04
1500 	 1543 	 4.4198493423e+01 	 3.3315531981e-04
1600 	 1646 	 4.4198490413e+01 	 3.1226616857e-04
1700 	 1749 	 4.4198487893e+01 	 2.9417765971e-04
1800 	 1852 	 4.4198485774e+01 	 3.3332154909e-04
1900 	 1955 	 4.4198484236e+01 	 1.7575721360e-04
2000 	 2059 	 4.4198482369e+01 	 1.8291959798e-04
2100 	 2162 	 4.4198480013e+01 	 1.3756917998e-04
2200 	 2266 	 4.4198478059e+01 	 1.4199439948e-04
2300 	 2369 	 4.4198476789e+01 	 1.3207218424e-04
2400 	 2471 	 4.4198476102e+01 	 9.7669244877e-05
2500 	 2575 	 4.4198475592e+01 	 1.1574363787e-04
2600 	 2678 	 4.4198475055e+01 	 1.8782741039e-04
2700 	 2781 	 4.4198474548e+01 	 1.6434981232e-04
2800 	 2883 	 4.4198474065e+01 	 1.0899119414e-04
2900 	 2986 	 4.4198473798e+01 	 7.2774943732e-05
3000 	 3088 	 4.4198473634e+01 	 8.2332897962e-05
3100 	 3191 	 4.4198473522e+01 	 2.6113351859e-05
3200 	 3295 	 4.4198473431e+01 	 4.3330279746e-05
3300 	 3400 	 4.4198473294e+01 	 5.9936055467e-05
3400 	 3503 	 4.4198473150e+01 	 9.9459964945e-05
3500 	 3605 	 4.4198473021e+01 	 6.2419798177e-05
3600 	 3707 	 4.4198472932e+01 	 3.7352769827e-05
3700 	 3811 	 4.4198472840e+01 	 3.6758425602e-05
3800 	 3915 	 4.4198472765e+01 	 4.0364992853e-05
3900 	 4019 	 4.4198472698e+01 	 2.8007111196e-05
4000 	 4120 	 4.4198472628e+01 	 2.5492892278e-05
4100 	 4222 	 4.4198472555e+01 	 7.1276783534e-05
4200 	 4326 	 4.4198472515e+01 	 1.7384256535e-05
4300 	 4428 	 4.4198472498e+01 	 1.0503333985e-05
4400 	 4531 	 4.4198472485e+01 	 1.0554378080e-05
4500 	 4634 	 4.4198472474e+01 	 1.7778094681e-05
4600 	 4736 	 4.4198472466e+01 	 9.9174054239e-06
4700 	 4838 	 4.4198472460e+01 	 8.0096534955e-06
4800 	 4939 	 4.4198472455e+01 	 6.3602972956e-06
4900 	 5039 	 4.4198472451e+01 	 8.4181802247e-06
5000 	 5141 	 4.4198472447e+01 	 7.2910892938e-06
5100 	 5244 	 4.4198472443e+01 	 6.6197722292e-06
5200 	 5346 	 4.4198472440e+01 	 8.8714016685e-06
5300 	 5448 	 4.4198472438e+01 	 6.2912594563e-06
5400 	 5549 	 4.4198472437e+01 	 4.2028415131e-06
5500 	 5650 	 4.4198472436e+01 	 3.7075580094e-06
5600 	 5751 	 4.4198472435e+01 	 1.0108488523e-05
5700 	 5853 	 4.4198472434e+01 	 3.4055623324e-06
5800 	 5953 	 4.4198472433e+01 	 2.6553650538e-06
5900 	 6055 	 4.4198472432e+01 	 2.8222044309e-06
6000 	 6159 	 4.4198472432e+01 	 2.4814526884e-06
6100 	 6262 	 4.4198472431e+01 	 2.2935024961e-06
6200 	 6364 	 4.4198472431e+01 	 2.1461412860e-06
6300 	 6468 	 4.4198472430e+01 	 2.5144586285e-06
6400 	 6572 	 4.4198472430e+01 	 4.7357362813e-06
6500 	 6675 	 4.4198472429e+01 	 2.7563806301e-06
6600 	 6779 	 4.4198472428e+01 	 1.8686991383e-06
6700 	 6883 	 4.4198472428e+01 	 2.2064567656e-06
6800 	 6988 	 4.4198472428e+01 	 1.7816906712e-06
6900 	 7093 	 4.4198472427e+01 	 2.0170371100e-06
7000 	 7197 	 4.4198472427e+01 	 1.5326670503e-06
7100 	 7299 	 4.4198472427e+01 	 9.5427630552e-07
7200 	 7402 	 4.4198472427e+01 	 7.7150829386e-07
7300 	 7506 	 4.4198472427e+01 	 9.3052132178e-07
7400 	 7612 	 4.4198472427e+01 	 9.9585719137e-07
7500 	 7720 	 4.4198472427e+01 	 4.1339785107e-07
7600 	 7832 	 4.4198472427e+01 	 3.5655637546e-07
7700 	 7945 	 4.4198472427e+01 	 3.0830417141e-07
7800 	 8061 	 4.4198472427e+01 	 1.9885756172e-07
7900 	 8173 	 4.4198472427e+01 	 2.0002339005e-07
8000 	 8284 	 4.4198472427e+01 	 2.9225527048e-07
# ---- 
 1 		 8023 	 8329 		 4.4709944423e+01 	 4.4198472427e+01 	 2.5319608090e-07
# ---- 
100 	 103 	 5.6174357502e+01 	 1.0082683037e-02
200 	 204 	 5.6171420690e+01 	 5.6862085265e-03
300 	 309 	 5.6169921986e+01 	 4.9643823209e-03
400 	 413 	 5.6168820227e+01 	 4.4594839677e-03
500 	 515 	 5.6168157965e+01 	 7.6701438944e-03
600 	 618 	 5.6167753952e+01 	 3.9106418091e-03
700 	 720 	 5.6167493939e+01 	 1.6177401046e-03
800 	 825 	 5.6167346717e+01 	 1.3143427166e-03
900 	 929 	 5.6167267030e+01 	 1.1530158967e-03
1000 	 1031 	 5.6167223540e+01 	 8.0348306719e-04
1100 	 1134 	 5.6167200225e+01 	 6.1532041627e-04
1200 	 1236 	 5.6167186070e+01 	 5.2287277852e-04
1300 	 1338 	 5.6167175767e+01 	 5.4493429280e-04
1400 	 1442 	 5.6167166694e+01 	 4.3210093755e-04
1500 	 1546 	 5.6167162064e+01 	 2.0425074287e-04
1600 	 1649 	 5.6167159527e+01 	 3.8249550932e-04
1700 	 1752 	 5.6167157434e+01 	 1.3735145160e-04
1800 	 1856 	 5.6167155550e+01 	 1.3003002779e-04
1900 	 1959 	 5.6167154508e+01 	 9.8239500395e-05
2000 	 2061 	 5.6167153266e+01 	 1.5231238715e-04
2100 	 2165 	 5.6167151520e+01 	 1.5580996120e-04
2200 	 2268 	 5.6167150485e+01 	 1.0832290610e-04
2300 	 2371 	 5.6167149741e+01 	 8.7882746284e-05
2400 	 2473 	 5.6167149210e+01 	 8.2326136236e-05
2500 	 2576 	 5.6167148759e+01 	 1.2908361300e-04
2600 	 2679 	 5.6167148238e+01 	 2.3027604738e-04
2700 	 2781 	 5.6167147670e+01 	 8.0378348106e-05
2800 	 2883 	 5.6167147371e+01 	 6.1119884951e-05
2900 	 2983 	 5.6167147217e+01 	 2.8541112483e-05
3000 	 3086 	 5.6167147097e+01 	 6.2774232854e-05
3100 	 3188 	 5.6167146989e+01 	 3.7072176463e-05
3200 	 3288 	 5.6167146877e+01 	 4.3875587051e-05
3300 	 3389 	 5.6167146781e+01 	 4.1333239292e-05
3400 	 3490 	 5.6167146698e+01 	 2.4495771739e-05
3500 	 3592 	 5.6167146635e+01 	 2.9689094428e-05
3600 	 3695 	 5.6167146573e+01 	 3.7079675894e-05
3700 	 3796 	 5.6167146500e+01 	 2.7692228634e-05
3800 	 3899 	 5.6167146406e+01 	 2.5583618140e-05
3900 	 4003 	 5.6167146349e+01 	 4.7921022500e-05
4000 	 4106 	 5.6167146300e+01 	 1.7166551616e-05
4100 	 4209 	 5.6167146265e+01 	 1.6975200139e-05
4200 	 4312 	 5.6167146244e+01 	 1.3268407564e-05
4300 	 4413 	 5.6167146228e+01 	 1.3826899773e-05
4400 	 4514 	 5.6167146218e+01 	 3.1077139382e-05
4500 	 4618 	 5.6167146208e+01 	 9.1752093173e-06
4600 	 4722 	 5.6167146202e+01 	 8.9768944941e-06
4700 	 4824 	 5.6167146199e+01 	 6.5310143504e-06
4800 	 4924 	 5.6167146195e+01 	 7.5945756225e-06
4900 	 5028 	 5.6167146190e+01 	 6.8271382383e-06
5000 	 5130 	 5.6167146185e+01 	 6.1306550023e-06
5100 	 5235 	 5.6167146182e+01 	 8.9859780618e-06
5200 	 5336 	 5.6167146180e+01 	 3.8811264430e-06
5300 	 5438 	 5.6167146178e+01 	 5.9640518926e-06
5400 	 5538 	 5.6167146177e+01 	 4.5559855020e-06
5500 	 5641 	 5.6167146175e+01 	 3.2288132190e-06
5600 	 5741 	 5.6167146174e+01 	 4.3926958363e-06
5700 	 5843 	 5.6167146172e+01 	 3.1530052068e-06
5800 	 5945 	 5.6167146171e+01 	 6.7000257133e-06
5900 	 6046 	 5.6167146171e+01 	 2.2905495462e-06
6000 	 6149 	 5.6167146170e+01 	 2.7305174346e-06
6100 	 6253 	 5.6167146170e+01 	 1.8509043634e-06
6200 	 6354 	 5.6167146169e+01 	 3.5350076894e-06
6300 	 6458 	 5.6167146169e+01 	 8.0735547213e-06
6400 	 6560 	 5.6167146168e+01 	 4.3505565355e-06
6500 	 6663 	 5.6167146168e+01 	 4.3250108361e-06
6600 	 6764 	 5.6167146168e+01 	 1.3906304767e-06
6700 	 6869 	 5.6167146167e+01 	 1.6344805091e-06
6800 	 6970 	 5.6167146167e+01 	 3.1406504878e-06
6900 	 7071 	 5.6167146167e+01 	 1.1020137316e-06
7000 	 7174 	 5.6167146167e+01 	 1.7774451190e-06
7100 	 7280 	 5.6167146167e+01 	 6.6898379273e-07
7200 	 7387 	 5.6167146167e+01 	 1.4418877870e-06
7300 	 7497 	 5.6167146167e+01 	 5.2980306582e-07
7400 	 7622 	 5.6167146167e+01 	 8.4966589709e-07
7500 	 7736 	 5.6167146167e+01 	 3.3783154814e-07
# ---- 
 1 		 7579 	 7836 		 5.6677672892e+01 	 5.6167146167e+01 	 3.6600545317e-07
# ---- 
100 	 103 	 6.9594770259e+01 	 2.5624063554e-02
200 	 204 	 6.9592045664e+01 	 1.8509698489e-02
300 	 305 	 6.9590650509e+01 	 8.1428049706e-03
400 	 409 	 6.9589596646e+01 	 3.9388103457e-03
500 	 512 	 6.9588965247e+01 	 3.4719244421e-03
600 	 612 	 6.9588580332e+01 	 2.5765906858e-03
700 	 716 	 6.9588364998e+01 	 1.6881275954e-03
800 	 821 	 6.9588223365e+01 	 2.3643204034e-03
900 	 923 	 6.9588132858e+01 	 1.0924086384e-03
1000 	 1026 	 6.9588083626e+01 	 6.9800906575e-04
1100 	 1131 	 6.9588055977e+01 	 9.5372308196e-04
1200 	 1233 	 6.9588040318e+01 	 3.6631988967e-04
1300 	 1338 	 6.9588029397e+01 	 3.6379646554e-04
1400 	 1441 	 6.9588022011e+01 	 7.4528040455e-04
1500 	 1546 	 6.9588018618e+01 	 3.8463844875e-04
1600 	 1647 	 6.9588016505e+01 	 2.0952111519e-04
1700 	 1748 	 6.9588014664e+01 	 1.8638648292e-04
1800 	 1850 	 6.9588013275e+01 	 1.3160556798e-04
1900 	 1952 	 6.9588012295e+01 	 1.1787768972e-04
2000 	 2053 	 6.9588011135e+01 	 1.9268565420e-04
2100 	 2154 	 6.9588009863e+01 	 1.1604081936e-04
2200 	 2258 	 6.9588009162e+01 	 1.1796285579e-04
2300 	 2360 	 6.9588008744e+01 	 1.0282579703e-04
2400 	 2460 	 6.9588008399e+01 	 8.6145611175e-05
2500 	 2561 	 6.9588008002e+01 	 7.5613403344e-05
2600 	 2663 	 6.9588007635e+01 	 8.3721356229e-05
2700 	 2767 	 6.9588007366e+01 	 5.2725436914e-05
2800 	 2868 	 6.9588007206e+01 	 5.2785741386e-05
2900 	 2972 	 6.9588007089e+01 	 2.8674575851e-05
3000 	 3074 	 6.9588006955e+01 	 4.1766161135e-05
3100 	 3176 	 6.9588006853e+01 	 2.9128126168e-05
3200 	 3279 	 6.9588006779e+01 	 3.0887999549e-05
3300 	 3382 	 6.9588006710e+01 	 2.6300640693e-05
3400 	 3486 	 6.9588006646e+01 	 5.1380420521e-05
3500 	 3588 	 6.9588006585e+01 	 4.2071678352e-05
3600 	 3689 	 6.9588006510e+01 	 2.3320554494e-05
3700 	 3790 	 6.9588006445e+01 	 2.7567881031e-05
3800 	 3892 	 6.9588006404e+01 	 2.0222680778e-05
3900 	 3995 	 6.9588006371e+01 	 2.1853384024e-05
4000 	 4099 	 6.9588006340e+01 	 1.9152681529e-05
4100 	 4202 	 6.9588006311e+01 	 1.7593076016e-05
4200 	 4304 	 6.9588006293e+01 	 1.1914045368e-05
4300 	 4407 	 6.9588006282e+01 	 2.2526149494e-05
4400 	 4508 	 6.9588006271e+01 	 1.5605741538e-05
4500 	 4609 	 6.9588006263e+01 	 2.6070984076e-05
4600 	 4713 	 6.9588006259e+01 	 6.2609052234e-06
4700 	 4816 	 6.9588006254e+01 	 7.5274062842e-06
4800 	 4917 	 6.9588006251e+01 	 6.2886217607e-06
4900 	 5019 	 6.9588006247e+01 	 5.3025182163e-06
5000 	 5123 	 6.9588006244e+01 	 6.4737236773e-06
5100 	 5227 	 6.9588006242e+01 	 5.5748021414e-06
5200 	 5330 	 6.9588006240e+01 	 4.0414326960e-06
5300 	 5430 	 6.9588006238e+01 	 3.4028559204e-06
5400 	 5533 	 6.9588006238e+01 	 2.5177461844e-06
5500 	 5635 	 6.9588006237e+01 	 3.4304045382e-06
5600 	 5739 	 6.9588006236e+01 	 9.0808929974e-06
5700 	 5841 	 6.9588006235e+01 	 2.2513495391e-06
5800 	 5946 	 6.9588006235e+01 	 3.6754597003e-06
5900 	 6048 	 6.9588006234e+01 	 2.1251148622e-06
6000 	 6150 	 6.9588006234e+01 	 4.3046984989e-06
6100 	 6255 	 6.9588006233e+01 	 2.8768087296e-06
6200 	 6359 	 6.9588006233e+01 	 3.3883745568e-06
6300 	 6461 	 6.9588006232e+01 	 6.3703864394e-06
6400 	 6564 	 6.9588006232e+01 	 2.1498547689e-06
6500 	 6666 	 6.9588006232e+01 	 1.4933264624e-06
6600 	 6770 	 6.9588006231e+01 	 2.2660975366e-06
6700 	 6874 	 6.9588006231e+01 	 2.8290754011e-06
6800 	 6982 	 6.9588006231e+01 	 8.6360187196e-07
6900 	 7090 	 6.9588006231e+01 	 1.1125799295e-06
7000 	 7202 	 6.9588006231e+01 	 8.2292213843e-07
7100 	 7318 	 6.9588006231e+01 	 6.8569807130e-07
7200 	 7436 	 6.9588006231e+01 	 5.7653626202e-07
# ---- 
 1 		 7231 	 7491 		 7.0097885899e+01 	 6.9588006231e+01 	 6.4709765421e-07
# ---- 
100 	 101 	 6.9276221849e+01 	 5.9805222005e-02
200 	 202 	 6.9201767206e+01 	 2.3423277803e-02
300 	 304 	 6.9178616084e+01 	 1.0214916125e-02
400 	 407 	 6.9173269015e+01 	 5.6654781682e-03
500 	 511 	 6.9172224040e+01 	 2.9738834373e-03
600 	 616 	 6.9171930963e+01 	 1.5118549504e-03
700 	 719 	 6.9171763480e+01 	 1.3821234689e-03
800 	 819 	 6.9171634796e+01 	 1.5832362253e-03
900 	 921 	 6.9171455823e+01 	 2.2501590812e-03
1000 	 1023 	 6.9171233211e+01 	 2.4905974122e-03
1100 	 1126 	 6.9171046343e+01 	 2.6535517851e-03
1200 	 1226 	 6.9170909152e+01 	 1.6779443275e-03
1300 	 1331 	 6.9170774880e+01 	 1.3350184423e-03
1400 	 1435 	 6.9170633287e+01 	 1.0827929170e-03
1500 	 1537 	 6.9170533352e+01 	 1.2321296887e-03
1600 	 1641 	 6.9170442479e+01 	 7.8116506667e-04
1700 	 1743 	 6.9170367403e+01 	 8.4492044154e-04
1800 	 1848 	 6.9170313299e+01 	 1.4458908099e-03
1900 	 1950 	 6.9170276444e+01 	 2.1220243504e-03
2000 	 2052 	 6.9170240784e+01 	 6.8344553394e-04
2100 	 2154 	 6.9170215032e+01 	 9.1303374394e-04
2200 	 2255 	 6.9170196996e+01 	 4.9478137950e-04
2300 	 2357 	 6.9170176160e+01 	 6.5588574279e-04
2400 	 2460 	 6.9170155958e+01 	 7.7861194001e-04
2500 	 2561 	 6.9170143050e+01 	 6.9144109179e-04
2600 	 2662 	 6.9170133518e+01 	 3.3419405483e-04
2700 	 2765 	 6.9170124894e+01 	 5.2833266441e-04
2800 	 2866 	 6.9170114328e+01 	 4.4041615695e-04
2900 	 2969 	 6.9170102619e+01 	 3.8623765689e-04
3000 	 3071 	 6.9170093418e+01 	 4.9320780457e-04
3100 	 3173 	 6.9170084794e+01 	 3.4425511045e-04
3200 	 3274 	 6.9170078164e+01 	 4.4890775803e-04
3300 	 3379 	 6.9170072836e+01 	 2.7813459803e-04
3400 	 3480 	 6.9170068953e+01 	 4.1196387058e-04
3500 	 3582 	 6.9170065337e+01 	 1.7115507102e-04
3600 	 3683 	 6.9170062947e+01 	 1.4372416817e-04
3700 	 3786 	 6.9170060967e+01 	 9.3530770418e-05
3800 	 3888 	 6.9170060003e+01 	 1.1802360972e-04
3900 	 3990 	 6.9170059279e+01 	 7.8417468248e-05
4000 	 4091 	 6.9170058549e+01 	 6.8463628396e-05
4100 	 4194 	 6.9170057901e+01 	 7.8759547422e-05
4200 	 4295 	 6.9170057395e+01 	 5.5309622344e-05
4300 	 4398 	 6.9170056841e+01 	 7.6952569241e-05
4400 	 4499 	 6.9170056404e+01 	 6.5671387406e-05
4500 	 4601 	 6.9170056048e+01 	 9.6191759700e-05
4600 	 4704 	 6.9170055758e+01 	 4.3892304574e-05
4700 	 4807 	 6.9170055514e+01 	 6.9836356813e-05
4800 	 4911 	 6.9170055323e+01 	 6.7170365605e-05
4900 	 5012 	 6.9170055209e+01 	 3.3077286900e-05
5000 	 5117 	 6.9170055128e+01 	 2.9643113049e-05
5100 	 5219 	 6.9170055047e+01 	 3.7557984951e-05
5200 	 5322 	 6.9170054977e+01 	 3.0110172677e-05
5300 	 5424 	 6.9170054934e+01 	 2.1335596584e-05
5400 	 5525 	 6.9170054905e+01 	 1.6311416198e-05
5500 	 5628 	 6.9170054885e+01 	 1.5946155558e-05
5600 	 5730 	 6.9170054870e+01 	 2.3643199977e-05
5700 	 5831 	 6.9170054860e+01 	 2.6725876142e-05
5800 	 5936 	 6.9170054853e+01 	 1.5623303009e-05
5900 	 6037 	 6.9170054846e+01 	 1.3208142678e-05
6000 	 6139 	 6.9170054836e+01 	 3.6462671294e-05
6100 	 6240 	 6.9170054821e+01 	 1.0225094230e-05
6200 	 6342 	 6.9170054809e+01 	 1.3505572031e-05
6300 	 6444 	 6.9170054801e+01 	 1.4950474791e-05
6400 	 6549 	 6.9170054796e+01 	 7.2861360566e-06
6500 	 6652 	 6.9170054794e+01 	 4.5353439711e-06
6600 	 6756 	 6.9170054792e+01 	 1.2279366196e-05
6700 	 6860 	 6.9170054791e+01 	 3.1216148722e-06
6800 	 6962 	 6.9170054790e+01 	 3.4704388575e-06
6900 	 7065 	 6.9170054789e+01 	 3.0960558834e-06
7000 	 7167 	 6.9170054788e+01 	 4.3329914191e-06
7100 	 7269 	 6.9170054787e+01 	 2.6083585099e-06
7200 	 7372 	 6.9170054786e+01 	 3.5367794025e-06
7300 	 7476 	 6.9170054786e+01 	 3.3859046564e-06
7400 	 7578 	 6.9170054785e+01 	 3.2239238253e-06
7500 	 7681 	 6.9170054785e+01 	 3.5294496677e-06
7600 	 7784 	 6.9170054784e+01 	 3.1754971064e-06
7700 	 7885 	 6.9170054783e+01 	 2.4493594809e-06
7800 	 7988 	 6.9170054783e+01 	 2.3680065874e-06
7900 	 8088 	 6.9170054782e+01 	 1.8639181389e-06
8000 	 8190 	 6.9170054782e+01 	 1.2863234752e-06
8100 	 8291 	 6.9170054782e+01 	 1.7269714351e-06
8200 	 8395 	 6.9170054782e+01 	 2.9785010597e-06
8300 	 8498 	 6.9170054782e+01 	 8.9256148463e-07
8400 	 8602 	 6.9170054782e+01 	 1.1344220780e-06
8500 	 8707 	 6.9170054782e+01 	 8.5544563322e-07
8600 	 8817 	 6.9170054781e+01 	 9.6427618214e-07
8700 	 8923 	 6.9170054781e+01 	 9.8967424407e-07
8800 	 9032 	 6.9170054781e+01 	 7.1390565305e-07
8900 	 9144 	 6.9170054781e+01 	 5.8495734356e-07
9000 	 9255 	 6.9170054781e+01 	 1.0423219530e-06
9100 	 9364 	 6.9170054781e+01 	 1.4911538348e-06
9200 	 9476 	 6.9170054781e+01 	 7.0626261451e-07
9300 	 9585 	 6.9170054781e+01 	 6.0859596921e-07
9400 	 9691 	 6.9170054781e+01 	 1.1052934050e-06
9500 	 9804 	 6.9170054781e+01 	 4.2888258979e-07
9600 	 9922 	 6.9170054781e+01 	 6.0947469209e-07
9700 	 10048 	 6.9170054781e+01 	 5.8212080321e-07
9800 	 10176 	 6.9170054781e+01 	 5.6311581972e-07
# ---- 
 1 		 9800 	 10176 		 7.6182212320e+01 	 6.9170054781e+01 	 5.6311581972e-07
# ---- 
100 	 116 	 6.8955300961e+01 	 5.1160433085e-02
200 	 219 	 6.8865297000e+01 	 2.4950053323e-02
300 	 321 	 6.8840250731e+01 	 1.7151024600e-02
400 	 422 	 6.8833269824e+01 	 6.1144790260e-03
500 	 525 	 6.8831530918e+01 	 4.1571723805e-03
600 	 628 	 6.8831094779e+01 	 1.8958437408e-03
700 	 729 	 6.8830901234e+01 	 3.3326277717e-03
800 	 832 	 6.8830766098e+01 	 1.3092692229e-03
900 	 933 	 6.8830573430e+01 	 1.8421707490e-03
1000 	 1037 	 6.8830317079e+01 	 1.7361061375e-03
1100 	 1137 	 6.8830096224e+01 	 1.5732013431e-03
1200 	 1238 	 6.8829940892e+01 	 1.6331797291e-03
1300 	 1342 	 6.8829809863e+01 	 1.6621421937e-03
1400 	 1447 	 6.8829670803e+01 	 1.2835984237e-03
1500 	 1549 	 6.8829527054e+01 	 1.2350922380e-03
1600 	 1650 	 6.8829392050e+01 	 1.1118473446e-03
1700 	 1753 	 6.8829297190e+01 	 1.1438828059e-03
1800 	 1854 	 6.8829227946e+01 	 8.7619745071e-04
1900 	 1956 	 6.8829177111e+01 	 1.0211385750e-03
2000 	 2058 	 6.8829133886e+01 	 6.8408677861e-04
2100 	 2161 	 6.8829099815e+01 	 1.5734964967e-03
2200 	 2263 	 6.8829073505e+01 	 5.1875902722e-04
2300 	 2364 	 6.8829054242e+01 	 1.4616453518e-03
2400 	 2467 	 6.8829033825e+01 	 4.9993472651e-04
2500 	 2570 	 6.8829014773e+01 	 5.7672625321e-04
2600 	 2674 	 6.8828996263e+01 	 4.5709533351e-04
2700 	 2776 	 6.8828981184e+01 	 3.4914531907e-04
2800 	 2878 	 6.8828966595e+01 	 4.1343885829e-04
2900 	 2980 	 6.8828951175e+01 	 5.7510051146e-04
3000 	 3082 	 6.8828938480e+01 	 3.5274784949e-04
3100 	 3183 	 6.8828929406e+01 	 3.1092356241e-04
3200 	 3283 	 6.8828922801e+01 	 2.5612971296e-04
3300 	 3384 	 6.8828917027e+01 	 2.7966303425e-04
3400 	 3487 	 6.8828911599e+01 	 4.8054928161e-04
3500 	 3589 	 6.8828907881e+01 	 1.9684263116e-04
3600 	 3690 	 6.8828905228e+01 	 1.1505958795e-04
3700 	 3793 	 6.8828903712e+01 	 1.1405047153e-04
3800 	 3896 	 6.8828902923e+01 	 2.2867795405e-04
3900 	 3999 	 6.8828902484e+01 	 8.0977175574e-05
4000 	 4102 	 6.8828902207e+01 	 9.7303782941e-05
4100 	 4202 	 6.8828901983e+01 	 5.2127790243e-05
4200 	 4305 	 6.8828901792e+01 	 4.5631770464e-05
4300 	 4407 	 6.8828901584e+01 	 7.7297836488e-05
4400 	 4511 	 6.8828901361e+01 	 5.5467995766e-05
4500 	 4613 	 6.8828901149e+01 	 4.7781705601e-05
4600 	 4716 	 6.8828900968e+01 	 8.0766831653e-05
4700 	 4816 	 6.8828900808e+01 	 7.1624833936e-05
4800 	 4919 	 6.8828900668e+01 	 6.0194980029e-05
4900 	 5022 	 6.8828900574e+01 	 2.3350603650e-05
5000 	 5125 	 6.8828900477e+01 	 3.4137759349e-05
5100 	 5227 	 6.8828900401e+01 	 5.8687014420e-05
5200 	 5329 	 6.8828900348e+01 	 2.4516318601e-05
5300 	 5432 	 6.8828900312e+01 	 2.5366109891e-05
5400 	 5534 	 6.8828900282e+01 	 1.9646070695e-05
5500 	 5638 	 6.8828900258e+01 	 1.5531367358e-05
5600 	 5742 	 6.8828900238e+01 	 1.7030929447e-05
5700 	 5847 	 6.8828900223e+01 	 1.1105410801e-05
5800 	 5950 	 6.8828900210e+01 	 9.9655248724e-06
5900 	 6051 	 6.8828900200e+01 	 9.3547992867e-06
6000 	 6153 	 6.8828900191e+01 	 2.2194083813e-05
6100 	 6258 	 6.8828900183e+01 	 1.2290914755e-05
6200 	 6359 	 6.8828900175e+01 	 1.0392766089e-05
6300 	 6463 	 6.8828900165e+01 	 2.3861750013e-05
6400 	 6564 	 6.8828900159e+01 	 5.4446857046e-06
6500 	 6666 	 6.8828900154e+01 	 7.8703199633e-06
6600 	 6767 	 6.8828900150e+01 	 5.7109741661e-06
6700 	 6870 	 6.8828900147e+01 	 5.3438049568e-06
6800 	 6972 	 6.8828900145e+01 	 4.1216178099e-06
6900 	 7076 	 6.8828900143e+01 	 6.4019753921e-06
7000 	 7178 	 6.8828900142e+01 	 3.8081407219e-06
7100 	 7281 	 6.8828900141e+01 	 3.8206722007e-06
7200 	 7384 	 6.8828900140e+01 	 3.1892617052e-06
7300 	 7486 	 6.8828900139e+01 	 5.5265219822e-06
7400 	 7587 	 6.8828900138e+01 	 3.2732961178e-06
7500 	 7692 	 6.8828900137e+01 	 7.5200730021e-06
7600 	 7796 	 6.8828900136e+01 	 9.2788371396e-06
7700 	 7901 	 6.8828900135e+01 	 4.6842669240e-06
7800 	 8005 	 6.8828900134e+01 	 3.3016388450e-06
7900 	 8108 	 6.8828900134e+01 	 3.2294015594e-06
8000 	 8211 	 6.8828900133e+01 	 2.4691546182e-06
8100 	 8314 	 6.8828900133e+01 	 4.7214590943e-06
8200 	 8415 	 6.8828900132e+01 	 1.7500761843e-06
8300 	 8519 	 6.8828900132e+01 	 1.4579034570e-06
8400 	 8623 	 6.8828900132e+01 	 1.5224188080e-06
8500 	 8725 	 6.8828900132e+01 	 2.7229571881e-06
8600 	 8827 	 6.8828900132e+01 	 1.4480197664e-06
8700 	 8931 	 6.8828900132e+01 	 9.3247812985e-07
8800 	 9032 	 6.8828900132e+01 	 9.8150896352e-07
8900 	 9139 	 6.8828900131e+01 	 8.5806307666e-07
9000 	 9248 	 6.8828900131e+01 	 1.1068286211e-06
9100 	 9356 	 6.8828900131e+01 	 8.1365521309e-07
9200 	 9457 	 6.8828900131e+01 	 7.6968413724e-07
9300 	 9560 	 6.8828900131e+01 	 8.2082940274e-07
9400 	 9664 	 6.8828900131e+01 	 1.2251500129e-06
9500 	 9772 	 6.8828900131e+01 	 6.3079634802e-07
9600 	 9881 	 6.8828900131e+01 	 6.9856779874e-07
# ---- 
 1 		 9637 	 9944 		 7.5783678069e+01 	 6.8828900131e+01 	 9.6111478354e-07
# ---- 
100 	 106 	 6.8657808751e+01 	 5.3886060752e-02
200 	 207 	 6.8587098162e+01 	 2.6227096081e-02
300 	 307 	 6.8564777294e+01 	 1.9816418070e-02
400 	 409 	 6.8557746833e+01 	 9.5577838464e-03
500 	 512 	 6.8555607810e+01 	 3.5534545558e-03
600 	 614 	 6.8555074038e+01 	 5.9521099051e-03
700 	 716 	 6.8554840243e+01 	 1.7181494965e-03
800 	 817 	 6.8554687026e+01 	 1.9716344091e-03
900 	 920 	 6.8554498601e+01 	 1.7644834490e-03
1000 	 1022 	 6.8554250318e+01 	 2.5283964987e-03
1100 	 1123 	 6.8554032407e+01 	 1.6707994823e-03
1200 	 1225 	 6.8553860192e+01 	 1.3438543477e-03
1300 	 1327 	 6.8553725613e+01 	 1.1311140898e-03
1400 	 1428 	 6.8553581053e+01 	 1.4518840779e-03
1500 	 1532 	 6.8553436557e+01 	 2.5833334108e-03
1600 	 1634 	 6.8553248883e+01 	 2.6051868896e-03
1700 	 1735 	 6.8553099860e+01 	 1.7673968385e-03
1800 	 1838 	 6.8553003480e+01 	 1.2446765862e-03
1900 	 1941 	 6.8552934988e+01 	 9.0500314844e-04
2000 	 2045 	 6.8552888245e+01 	 8.0345381565e-04
2100 	 2148 	 6.8552850631e+01 	 5.4819284654e-04
2200 	 2250 	 6.8552821912e+01 	 3.9804543753e-04
2300 	 2352 	 6.8552799912e+01 	 1.3183646532e-03
2400 	 2453 	 6.8552782154e+01 	 7.3909536366e-04
2500 	 2558 	 6.8552763028e+01 	 4.4929900585e-04
2600 	 2660 	 6.8552743181e+01 	 7.3125967902e-04
2700 	 2762 	 6.8552724983e+01 	 5.4473220820e-04
2800 	 2866 	 6.8552710548e+01 	 4.3343675350e-04
2900 	 2970 	 6.8552695148e+01 	 8.8965256220e-04
3000 	 3072 	 6.8552677904e+01 	 5.4337970842e-04
3100 	 3174 	 6.8552662682e+01 	 3.4825798984e-04
3200 	 3276 	 6.8552651290e+01 	 3.3616056131e-04
3300 	 3378 	 6.8552643292e+01 	 3.2770286928e-04
3400 	 3481 	 6.8552636780e+01 	 3.0341465199e-04
3500 	 3585 	 6.8552630067e+01 	 2.2907335107e-04
3600 	 3690 	 6.8552625714e+01 	 1.9117296935e-04
3700 	 3795 	 6.8552623068e+01 	 2.3795715513e-04
3800 	 3897 	 6.8552621430e+01 	 1.7406058196e-04
3900 	 4000 	 6.8552620329e+01 	 8.5397974900e-05
4000 	 4106 	 6.8552619517e+01 	 7.5023653359e-05
4100 	 4212 	 6.8552618746e+01 	 8.5440105926e-05
4200 	 4316 	 6.8552618010e+01 	 8.6455009920e-05
4300 	 4417 	 6.8552617334e+01 	 6.5138107894e-05
4400 	 4519 	 6.8552616786e+01 	 7.6317627175e-05
4500 	 4621 	 6.8552616383e+01 	 7.6816732310e-05
4600 	 4724 	 6.8552616072e+01 	 1.1824067119e-04
4700 	 4827 	 6.8552615731e+01 	 6.8845614375e-05
4800 	 4930 	 6.8552615339e+01 	 6.1572238511e-05
4900 	 5030 	 6.8552614920e+01 	 7.2402024727e-05
5000 	 5133 	 6.8552614591e+01 	 8.2263104063e-05
5100 	 5235 	 6.8552614281e+01 	 7.2339755793e-05
5200 	 5340 	 6.8552613903e+01 	 6.7110282823e-05
5300 	 5443 	 6.8552613632e+01 	 7.5583791062e-05
5400 	 5546 	 6.8552613418e+01 	 4.7153111547e-05
5500 	 5647 	 6.8552613242e+01 	 1.3577148138e-04
5600 	 5749 	 6.8552613103e+01 	 6.0670103964e-05
5700 	 5849 	 6.8552612970e+01 	 3.7315150570e-05
5800 	 5951 	 6.8552612851e+01 	 4.0609083772e-05
5900 	 6053 	 6.8552612726e+01 	 5.0765310079e-05
6000 	 6154 	 6.8552612610e+01 	 3.5208163209e-05
6100 	 6258 	 6.8552612516e+01 	 2.7179876364e-05
6200 	 6361 	 6.8552612446e+01 	 2.7964338337e-05
6300 	 6465 	 6.8552612390e+01 	 3.8039010074e-05
6400 	 6567 	 6.8552612346e+01 	 2.1312489541e-05
6500 	 6670 	 6.8552612307e+01 	 1.8279070798e-05
6600 	 6773 	 6.8552612278e+01 	 2.1857449988e-05
6700 	 6876 	 6.8552612256e+01 	 2.1529289273e-05
6800 	 6978 	 6.8552612235e+01 	 2.7480230045e-05
6900 	 7081 	 6.8552612214e+01 	 1.4699527396e-05
7000 	 7185 	 6.8552612192e+01 	 1.7929768248e-05
7100 	 7287 	 6.8552612167e+01 	 1.4912741751e-05
7200 	 7390 	 6.8552612151e+01 	 1.3769131387e-05
7300 	 7492 	 6.8552612140e+01 	 1.2555142316e-05
7400 	 7597 	 6.8552612132e+01 	 1.5340740044e-05
7500 	 7700 	 6.8552612124e+01 	 8.8553158256e-06
7600 	 7803 	 6.8552612116e+01 	 2.0785674758e-05
7700 	 7903 	 6.8552612110e+01 	 8.8170953748e-06
7800 	 8004 	 6.8552612102e+01 	 1.0452845159e-05
7900 	 8105 	 6.8552612092e+01 	 8.6226866528e-06
8000 	 8207 	 6.8552612084e+01 	 8.5899004992e-06
8100 	 8311 	 6.8552612079e+01 	 8.3564550249e-06
8200 	 8414 	 6.8552612075e+01 	 1.0315364082e-05
8300 	 8515 	 6.8552612071e+01 	 1.1390767402e-05
8400 	 8617 	 6.8552612069e+01 	 4.1411798140e-06
8500 	 8718 	 6.8552612067e+01 	 6.4047257137e-06
8600 	 8823 	 6.8552612066e+01 	 4.4757781067e-06
8700 	 8926 	 6.8552612064e+01 	 3.3345459037e-06
8800 	 9029 	 6.8552612064e+01 	 2.7617855390e-06
8900 	 9134 	 6.8552612063e+01 	 5.1038900901e-06
9000 	 9234 	 6.8552612062e+01 	 2.1948376900e-06
9100 	 9336 	 6.8552612062e+01 	 2.4156712833e-06
9200 	 9438 	 6.8552612062e+01 	 1.8599193035e-06
9300 	 9543 	 6.8552612061e+01 	 1.9294411084e-06
9400 	 9646 	 6.8552612061e+01 	 2.0639806089e-06
9500 	 9749 	 6.8552612061e+01 	 1.7673955921e-06
9600 	 9850 	 6.8552612060e+01 	 1.7177074747e-06
9700 	 9951 	 6.8552612060e+01 	 5.3735807130e-06
9800 	 10051 	 6.8552612060e+01 	 2.0800242646e-06
9900 	 10155 	 6.8552612059e+01 	 2.1806540168e-06
10000 	 10258 	 6.8552612059e+01 	 1.3520006035e-06
10100 	 10360 	 6.8552612059e+01 	 2.7115166324e-06
10200 	 10464 	 6.8552612059e+01 	 9.4588319364e-07
10300 	 10570 	 6.8552612059e+01 	 8.7544272213e-07
10400 	 10682 	 6.8552612059e+01 	 2.0794111213e-06
10500 	 10792 	 6.8552612059e+01 	 5.6137322317e-07
10600 	 10908 	 6.8552612059e+01 	 7.8005216651e-07
10700 	 11017 	 6.8552612059e+01 	 6.2924285609e-07
10800 	 11125 	 6.8552612059e+01 	 9.6597780765e-07
10900 	 11233 	 6.8552612059e+01 	 1.1422900339e-06
11000 	 11335 	 6.8552612058e+01 	 1.6984201295e-06
11100 	 11442 	 6.8552612058e+01 	 4.8994655858e-07
11200 	 11554 	 6.8552612058e+01 	 2.3323796555e-06
11300 	 11669 	 6.8552612058e+01 	 8.8041032449e-07
11400 	 11779 	 6.8552612058e+01 	 3.2980630032e-07
11500 	 11896 	 6.8552612058e+01 	 7.7844363129e-07
# ---- 
 1 		 11530 	 11949 		 7.5445689410e+01 	 6.8552612058e+01 	 9.1322867728e-07
# ---- 
100 	 103 	 6.8423172326e+01 	 5.5378590523e-02
200 	 208 	 6.8361612411e+01 	 2.4678377466e-02
300 	 311 	 6.8341974946e+01 	 2.3770436322e-02
400 	 415 	 6.8335205030e+01 	 2.2844022311e-02
500 	 518 	 6.8332915466e+01 	 4.4768074306e-03
600 	 620 	 6.8332257057e+01 	 1.9925815360e-03
700 	 723 	 6.8331972908e+01 	 1.6565754986e-03
800 	 826 	 6.8331787070e+01 	 1.5063527354e-03
900 	 928 	 6.8331572447e+01 	 2.2928238141e-03
1000 	 1030 	 6.8331319524e+01 	 2.4489648172e-03
1100 	 1134 	 6.8331057006e+01 	 2.1430302621e-03
1200 	 1236 	 6.8330851839e+01 	 1.4533482387e-03
1300 	 1339 	 6.8330684793e+01 	 4.8066484577e-03
1400 	 1443 	 6.8330517743e+01 	 1.2323236565e-03
1500 	 1545 	 6.8330346783e+01 	 1.7931577908e-03
1600 	 1648 	 6.8330164055e+01 	 1.6498393089e-03
1700 	 1750 	 6.8330014483e+01 	 1.4840471239e-03
1800 	 1852 	 6.8329900920e+01 	 2.1615873002e-03
1900 	 1955 	 6.8329817873e+01 	 1.0480546177e-03
2000 	 2056 	 6.8329753404e+01 	 6.1315629181e-04
2100 	 2159 	 6.8329714722e+01 	 6.5570696076e-04
2200 	 2263 	 6.8329682618e+01 	 5.8349974243e-04
2300 	 2367 	 6.8329653362e+01 	 6.2425639250e-04
2400 	 2468 	 6.8329630928e+01 	 8.9799721009e-04
2500 	 2569 	 6.8329607679e+01 	 4.8389425616e-04
2600 	 2670 	 6.8329580989e+01 	 5.7719313012e-04
2700 	 2775 	 6.8329549433e+01 	 4.7216501652e-04
2800 	 2878 	 6.8329529981e+01 	 4.7874213185e-04
2900 	 2980 	 6.8329513666e+01 	 4.4434358313e-04
3000 	 3082 	 6.8329495097e+01 	 3.5758177825e-04
3100 	 3185 	 6.8329479034e+01 	 6.4895925312e-04
3200 	 3288 	 6.8329465394e+01 	 6.4657805012e-04
3300 	 3391 	 6.8329453460e+01 	 3.1514353894e-04
3400 	 3495 	 6.8329445475e+01 	 4.4214675579e-04
3500 	 3598 	 6.8329439285e+01 	 2.6227840140e-04
3600 	 3703 	 6.8329434375e+01 	 4.3918640394e-04
3700 	 3806 	 6.8329429174e+01 	 4.0335662792e-04
3800 	 3908 	 6.8329425225e+01 	 6.1500562345e-04
3900 	 4010 	 6.8329420143e+01 	 2.0251422496e-04
4000 	 4111 	 6.8329415664e+01 	 1.7795266690e-04
4100 	 4214 	 6.8329412566e+01 	 2.0086528584e-04
4200 	 4316 	 6.8329409634e+01 	 1.6666710611e-04
4300 	 4416 	 6.8329406956e+01 	 2.0642470390e-04
4400 	 4519 	 6.8329404002e+01 	 2.2946958441e-04
4500 	 4621 	 6.8329402055e+01 	 1.3528453658e-04
4600 	 4723 	 6.8329400599e+01 	 2.3079452469e-04
4700 	 4825 	 6.8329399122e+01 	 1.3034190144e-04
4800 	 4928 	 6.8329398019e+01 	 1.1641732070e-04
4900 	 5030 	 6.8329397109e+01 	 2.6644963428e-04
5000 	 5135 	 6.8329395989e+01 	 1.2449343650e-04
5100 	 5237 	 6.8329394711e+01 	 1.2014679287e-04
5200 	 5340 	 6.8329393641e+01 	 2.1914614120e-04
5300 	 5445 	 6.8329392535e+01 	 9.0991958868e-05
5400 	 5547 	 6.8329391781e+01 	 7.3894877937e-05
5500 	 5648 	 6.8329391059e+01 	 1.0277869303e-04
5600 	 5750 	 6.8329390584e+01 	 7.6494954904e-05
5700 	 5854 	 6.8329390170e+01 	 8.4902018135e-05
5800 	 5954 	 6.8329389790e+01 	 5.2859486659e-05
5900 	 6056 	 6.8329389434e+01 	 1.3082758698e-04
6000 	 6158 	 6.8329389018e+01 	 4.5458634964e-05
6100 	 6262 	 6.8329388550e+01 	 8.2389813474e-05
6200 	 6363 	 6.8329388113e+01 	 8.0921291257e-05
6300 	 6466 	 6.8329387852e+01 	 6.1116826056e-05
6400 	 6569 	 6.8329387603e+01 	 1.0875445626e-04
6500 	 6672 	 6.8329387357e+01 	 1.0741106965e-04
6600 	 6776 	 6.8329387189e+01 	 5.1247548550e-05
6700 	 6879 	 6.8329387045e+01 	 1.1968271837e-04
6800 	 6984 	 6.8329386936e+01 	 3.4275285404e-05
6900 	 7087 	 6.8329386854e+01 	 3.0708649909e-05
7000 	 7189 	 6.8329386768e+01 	 3.2917571531e-05
7100 	 7290 	 6.8329386695e+01 	 2.5017004104e-05
7200 	 7393 	 6.8329386637e+01 	 2.1716242672e-05
7300 	 7497 	 6.8329386585e+01 	 2.7110218147e-05
7400 	 7599 	 6.8329386529e+01 	 3.6492541578e-05
7500 	 7702 	 6.8329386473e+01 	 2.7029057057e-05
7600 	 7808 	 6.8329386428e+01 	 4.5654650921e-05
7700 	 7909 	 6.8329386389e+01 	 1.8043629660e-05
7800 	 8015 	 6.8329386359e+01 	 4.1772678978e-05
7900 	 8117 	 6.8329386330e+01 	 1.9307054188e-05
8000 	 8220 	 6.8329386312e+01 	 1.7704423495e-05
8100 	 8323 	 6.8329386296e+01 	 1.1041402896e-05
8200 	 8426 	 6.8329386284e+01 	 8.4172649408e-06
8300 	 8529 	 6.8329386276e+01 	 1.2977927961e-05
8400 	 8630 	 6.8329386269e+01 	 1.2738755182e-05
8500 	 8731 	 6.8329386263e+01 	 7.7754100806e-06
8600 	 8833 	 6.8329386257e+01 	 8.0906672636e-06
8700 	 8937 	 6.8329386252e+01 	 7.6016347333e-06
8800 	 9040 	 6.8329386248e+01 	 6.1802604130e-06
8900 	 9144 	 6.8329386245e+01 	 1.2356841595e-05
9000 	 9246 	 6.8329386242e+01 	 6.3112921884e-06
9100 	 9347 	 6.8329386240e+01 	 3.1265814046e-06
9200 	 9450 	 6.8329386239e+01 	 3.0683307820e-06
9300 	 9552 	 6.8329386238e+01 	 5.1241479490e-06
9400 	 9654 	 6.8329386238e+01 	 5.3179110737e-06
9500 	 9757 	 6.8329386237e+01 	 8.5396756483e-06
9600 	 9861 	 6.8329386236e+01 	 2.7129968454e-06
9700 	 9964 	 6.8329386235e+01 	 3.9579221130e-06
9800 	 10067 	 6.8329386235e+01 	 5.1614760662e-06
9900 	 10168 	 6.8329386234e+01 	 2.4522043680e-06
10000 	 10272 	 6.8329386234e+01 	 1.9900763501e-06
10100 	 10374 	 6.8329386233e+01 	 4.8063013160e-06
10200 	 10476 	 6.8329386233e+01 	 3.0060105161e-06
10300 	 10577 	 6.8329386232e+01 	 3.7372474345e-06
10400 	 10680 	 6.8329386232e+01 	 2.0805907036e-06
10500 	 10781 	 6.8329386232e+01 	 1.4387187871e-06
10600 	 10882 	 6.8329386231e+01 	 2.1602886846e-06
10700 	 10983 	 6.8329386231e+01 	 1.8685997538e-06
10800 	 11085 	 6.8329386231e+01 	 1.3908419150e-06
10900 	 11188 	 6.8329386231e+01 	 1.3779227536e-06
11000 	 11291 	 6.8329386231e+01 	 1.5095934244e-06
11100 	 11402 	 6.8329386231e+01 	 1.2171971903e-06
11200 	 11505 	 6.8329386230e+01 	 1.7430958585e-06
11300 	 11605 	 6.8329386230e+01 	 2.2608778269e-06
11400 	 11708 	 6.8329386230e+01 	 1.2007149090e-06
11500 	 11816 	 6.8329386230e+01 	 9.5846429366e-07
11600 	 11925 	 6.8329386230e+01 	 8.1433219966e-07
11700 	 12029 	 6.8329386230e+01 	 9.6348043540e-07
11800 	 12132 	 6.8329386230e+01 	 8.4741209110e-07
11900 	 12236 	 6.8329386230e+01 	 1.2023783697e-06
12000 	 12342 	 6.8329386230e+01 	 5.6268964151e-07
12100 	 12445 	 6.8329386230e+01 	 6.7238362596e-07
12200 	 12551 	 6.8329386230e+01 	 5.5990621089e-07
12300 	 12659 	 6.8329386230e+01 	 4.8760865854e-07
12400 	 12774 	 6.8329386230e+01 	 8.1758959895e-07
12500 	 12882 	 6.8329386230e+01 	 5.0173251353e-07
12600 	 12995 	 6.8329386230e+01 	 6.7374696348e-07
12700 	 13106 	 6.8329386230e+01 	 5.4919089435e-07
12800 	 13222 	 6.8329386230e+01 	 3.7128508401e-07
12900 	 13339 	 6.8329386230e+01 	 4.5987551781e-07
# ---- 
 1 		 12907 	 13369 		 7.5169390467e+01 	 6.8329386230e+01 	 4.4145957204e-07
# ---- 
100 	 104 	 6.8239831778e+01 	 1.0973348429e-01
200 	 205 	 6.8180348739e+01 	 2.0211289718e-02
300 	 308 	 6.8162333504e+01 	 1.3192561914e-02
400 	 410 	 6.8155182377e+01 	 1.0445883565e-02
500 	 515 	 6.8152306063e+01 	 4.9218500655e-03
600 	 617 	 6.8151423663e+01 	 2.9205839361e-03
700 	 720 	 6.8151044525e+01 	 2.1240241821e-03
800 	 823 	 6.8150810878e+01 	 1.8613119916e-03
900 	 926 	 6.8150594848e+01 	 2.0296155014e-03
1000 	 1026 	 6.8150323927e+01 	 1.7663229368e-03
1100 	 1127 	 6.8150044312e+01 	 4.0024283742e-03
1200 	 1227 	 6.8149748545e+01 	 3.7672522934e-03
1300 	 1328 	 6.8149542379e+01 	 3.6113553443e-03
1400 	 1430 	 6.8149338038e+01 	 1.7282568172e-03
1500 	 1533 	 6.8149140618e+01 	 1.5700034777e-03
1600 	 1635 	 6.8148946403e+01 	 1.4413052951e-03
1700 	 1738 	 6.8148753351e+01 	 1.1195327456e-03
1800 	 1839 	 6.8148619213e+01 	 1.3404753878e-03
1900 	 1942 	 6.8148501980e+01 	 9.4252287976e-04
2000 	 2045 	 6.8148421635e+01 	 1.3535966762e-03
2100 	 2145 	 6.8148373511e+01 	 9.0299304976e-04
2200 	 2247 	 6.8148343625e+01 	 5.9345011070e-04
2300 	 2348 	 6.8148320293e+01 	 4.1906230714e-04
2400 	 2450 	 6.8148294740e+01 	 5.4341524635e-04
2500 	 2553 	 6.8148272005e+01 	 4.8477901895e-04
2600 	 2655 	 6.8148249670e+01 	 6.4145185568e-04
2700 	 2756 	 6.8148222833e+01 	 5.8230100188e-04
2800 	 2857 	 6.8148197136e+01 	 5.8704022424e-04
2900 	 2957 	 6.8148176459e+01 	 4.0276857043e-04
3000 	 3058 	 6.8148158864e+01 	 7.1443500930e-04
3100 	 3162 	 6.8148144361e+01 	 1.2105343454e-03
3200 	 3265 	 6.8148129345e+01 	 9.8259346159e-04
3300 	 3365 	 6.8148115776e+01 	 4.2235073775e-04
3400 	 3468 	 6.8148101822e+01 	 6.3937508378e-04
3500 	 3570 	 6.8148090343e+01 	 3.6800691060e-04
3600 	 3672 	 6.8148081395e+01 	 3.4625219157e-04
3700 	 3774 	 6.8148072181e+01 	 2.3945612136e-04
3800 	 3879 	 6.8148062793e+01 	 4.0611377316e-04
3900 	 3983 	 6.8148053574e+01 	 3.4327236219e-04
4000 	 4085 	 6.8148046208e+01 	 2.8069683063e-04
4100 	 4186 	 6.8148040084e+01 	 3.2671068099e-04
4200 	 4290 	 6.8148035327e+01 	 2.1722736864e-04
4300 	 4392 	 6.8148031779e+01 	 2.8399929588e-04
4400 	 4498 	 6.8148029444e+01 	 2.5296164198e-04
4500 	 4600 	 6.8148027318e+01 	 1.7003610328e-04
4600 	 4701 	 6.8148025409e+01 	 1.7320741293e-04
4700 	 4803 	 6.8148023907e+01 	 2.9923977439e-04
4800 	 4907 	 6.8148022363e+01 	 2.1596136844e-04
4900 	 5011 	 6.8148020932e+01 	 1.6082085825e-04
5000 	 5111 	 6.8148019467e+01 	 1.7337604092e-04
5100 	 5213 	 6.8148017697e+01 	 2.3399782812e-04
5200 	 5317 	 6.8148016199e+01 	 1.5463356456e-04
5300 	 5417 	 6.8148015225e+01 	 1.1961458775e-04
5400 	 5520 	 6.8148014072e+01 	 1.0034111027e-04
5500 	 5622 	 6.8148012742e+01 	 2.6452226186e-04
5600 	 5726 	 6.8148011457e+01 	 1.2485048126e-04
5700 	 5830 	 6.8148010200e+01 	 1.4237061820e-04
5800 	 5933 	 6.8148008902e+01 	 1.7254128726e-04
5900 	 6036 	 6.8148007757e+01 	 1.3917187332e-04
6000 	 6137 	 6.8148006620e+01 	 1.5809640874e-04
6100 	 6240 	 6.8148005667e+01 	 8.6783580749e-05
6200 	 6341 	 6.8148004968e+01 	 1.0087990692e-04
6300 	 6444 	 6.8148004310e+01 	 1.0206472620e-04
6400 	 6550 	 6.8148003683e+01 	 6.0979916742e-05
6500 	 6652 	 6.8148003246e+01 	 1.5385089177e-04
6600 	 6755 	 6.8148002931e+01 	 1.0089027711e-04
6700 	 6858 	 6.8148002714e+01 	 1.0879330181e-04
6800 	 6961 	 6.8148002554e+01 	 3.3297801825e-05
6900 	 7063 	 6.8148002415e+01 	 4.2916165736e-05
7000 	 7166 	 6.8148002289e+01 	 3.4998073956e-05
7100 	 7268 	 6.8148002219e+01 	 2.4559959439e-05
7200 	 7371 	 6.8148002155e+01 	 3.1277472497e-05
7300 	 7473 	 6.8148002090e+01 	 4.7851097451e-05
7400 	 7576 	 6.8148002000e+01 	 4.4290190793e-05
7500 	 7680 	 6.8148001919e+01 	 2.5401609011e-05
7600 	 7780 	 6.8148001846e+01 	 2.3663967653e-05
7700 	 7883 	 6.8148001758e+01 	 3.2785401674e-05
7800 	 7986 	 6.8148001673e+01 	 3.4957354510e-05
7900 	 8089 	 6.8148001602e+01 	 2.5873404245e-05
8000 	 8190 	 6.8148001528e+01 	 8.0574995944e-05
8100 	 8293 	 6.8148001477e+01 	 2.3373782883e-05
8200 	 8394 	 6.8148001431e+01 	 2.4543169614e-05
8300 	 8497 	 6.8148001394e+01 	 1.4330987000e-05
8400 	 8600 	 6.8148001371e+01 	 1.7804331637e-05
8500 	 8704 	 6.8148001350e+01 	 1.5818911580e-05
8600 	 8804 	 6.8148001335e+01 	 1.4398658255e-05
8700 	 8905 	 6.8148001321e+01 	 1.1145817158e-05
8800 	 9009 	 6.8148001308e+01 	 1.3658105310e-05
8900 	 9113 	 6.8148001299e+01 	 1.4548507195e-05
9000 	 9215 	 6.8148001291e+01 	 1.0476259574e-05
9100 	 9316 	 6.8148001285e+01 	 7.7857436346e-06
9200 	 9421 	 6.8148001281e+01 	 7.6723817551e-06
9300 	 9526 	 6.8148001277e+01 	 9.5357455372e-06
9400 	 9626 	 6.8148001269e+01 	 9.0047630331e-06
9500 	 9729 	 6.8148001262e+01 	 8.8412403851e-06
9600 	 9833 	 6.8148001258e+01 	 8.3847671105e-06
9700 	 9935 	 6.8148001254e+01 	 5.9658061826e-06
9800 	 10036 	 6.8148001250e+01 	 1.2142341392e-05
9900 	 10138 	 6.8148001248e+01 	 5.0303684067e-06
10000 	 10240 	 6.8148001246e+01 	 1.1704383657e-05
10100 	 10344 	 6.8148001244e+01 	 4.3137260725e-06
10200 	 10447 	 6.8148001243e+01 	 7.1465912635e-06
10300 	 10548 	 6.8148001242e+01 	 6.1310001449e-06
10400 	 10651 	 6.8148001241e+01 	 2.8886038293e-06
10500 	 10753 	 6.8148001240e+01 	 3.1770519875e-06
10600 	 10855 	 6.8148001239e+01 	 3.9142139825e-06
10700 	 10955 	 6.8148001238e+01 	 4.5515228201e-06
10800 	 11058 	 6.8148001237e+01 	 3.3443089240e-06
10900 	 11160 	 6.8148001236e+01 	 3.1946507841e-06
11000 	 11262 	 6.8148001236e+01 	 4.5341598511e-06
11100 	 11364 	 6.8148001235e+01 	 1.9075872627e-06
11200 	 11467 	 6.8148001235e+01 	 2.1548495006e-06
11300 	 11569 	 6.8148001234e+01 	 2.6840775391e-06
11400 	 11674 	 6.8148001234e+01 	 1.3619031829e-06
11500 	 11776 	 6.8148001234e+01 	 1.6020049097e-06
11600 	 11878 	 6.8148001234e+01 	 2.6809740491e-06
11700 	 11981 	 6.8148001233e+01 	 2.4739162991e-06
11800 	 12084 	 6.8148001233e+01 	 1.4777614775e-06
11900 	 12187 	 6.8148001233e+01 	 2.0142511811e-06
12000 	 12290 	 6.8148001233e+01 	 2.6239793390e-06
12100 	 12394 	 6.8148001232e+01 	 1.8828492333e-06
12200 	 12495 	 6.8148001232e+01 	 2.3728257284e-06
12300 	 12596 	 6.8148001232e+01 	 1.8455015785e-06
12400 	 12700 	 6.8148001232e+01 	 1.2072808997e-06
12500 	 12804 	 6.8148001232e+01 	 1.4495195586e-06
12600 	 12907 	 6.8148001232e+01 	 1.4826205695e-06
12700 	 13009 	 6.8148001231e+01 	 1.2752304430e-06
12800 	 13109 	 6.8148001231e+01 	 1.5704646536e-06
12900 	 13212 	 6.8148001231e+01 	 1.2545970075e-06
13000 	 13314 	 6.8148001231e+01 	 7.0698008979e-07
13100 	 13419 	 6.8148001231e+01 	 7.9246459000e-07
13200 	 13523 	 6.8148001231e+01 	 9.2256051940e-07
13300 	 13629 	 6.8148001231e+01 	 8.6554949725e-07
13400 	 13735 	 6.8148001231e+01 	 1.0654277374e-06
13500 	 13850 	 6.8148001231e+01 	 5.3972065289e-07
13600 	 13959 	 6.8148001231e+01 	 6.0690187407e-07
13700 	 14079 	 6.8148001231e+01 	 5.6817205679e-07
13800 	 14196 	 6.8148001231e+01 	 3.4355013564e-07
# ---- 
 1 		 13807 	 14216 		 7.4992789920e+01 	 6.8148001231e+01 	 4.4766477217e-07
# ---- 
100 	 109 	 6.8089522112e+01 	 6.6675922456e-02
200 	 211 	 6.8031866478e+01 	 1.6969323991e-02
300 	 313 	 6.8014792392e+01 	 1.2921564878e-02
400 	 415 	 6.8007575151e+01 	 6.8362378428e-03
500 	 517 	 6.8004482143e+01 	 1.2414185262e-02
600 	 619 	 6.8003506367e+01 	 4.2890543085e-03
700 	 721 	 6.8003069422e+01 	 3.6908540281e-03
800 	 824 	 6.8002819756e+01 	 1.3763534904e-03
900 	 925 	 6.8002621885e+01 	 2.2614372151e-03
1000 	 1027 	 6.8002392237e+01 	 2.8518781303e-03
1100 	 1131 	 6.8002125598e+01 	 2.2958750683e-03
1200 	 1231 	 6.8001810902e+01 	 1.7505957538e-03
1300 	 1334 	 6.8001608312e+01 	 1.3426882614e-03
1400 	 1436 	 6.8001420587e+01 	 1.5976241920e-03
1500 	 1537 	 6.8001237703e+01 	 1.7116337631e-03
1600 	 1639 	 6.8001022383e+01 	 3.3794570045e-03
1700 	 1739 	 6.8000808809e+01 	 1.2978664100e-03
1800 	 1842 	 6.8000633113e+01 	 2.0855018217e-03
1900 	 1943 	 6.8000491922e+01 	 1.8758618777e-03
2000 	 2048 	 6.8000389580e+01 	 8.7459366040e-04
2100 	 2149 	 6.8000336057e+01 	 8.2838507946e-04
2200 	 2250 	 6.8000297179e+01 	 6.0835104166e-04
2300 	 2351 	 6.8000266250e+01 	 9.0805614719e-04
2400 	 2455 	 6.8000240140e+01 	 6.5601302345e-04
2500 	 2557 	 6.8000212622e+01 	 6.8408251822e-04
2600 	 2658 	 6.8000181441e+01 	 5.3667232617e-04
2700 	 2760 	 6.8000146018e+01 	 6.4380790514e-04
2800 	 2862 	 6.8000106754e+01 	 9.3543414895e-04
2900 	 2965 	 6.8000079519e+01 	 5.3882939491e-04
3000 	 3067 	 6.8000059784e+01 	 7.8565327803e-04
3100 	 3170 	 6.8000044594e+01 	 9.8102813873e-04
3200 	 3272 	 6.8000029953e+01 	 4.8146035259e-04
3300 	 3375 	 6.8000014383e+01 	 1.6569858361e-03
3400 	 3477 	 6.7999995159e+01 	 8.4058052826e-04
3500 	 3580 	 6.7999975288e+01 	 3.4965481134e-04
3600 	 3682 	 6.7999954973e+01 	 5.4513754247e-04
3700 	 3785 	 6.7999936901e+01 	 4.7036247024e-04
3800 	 3887 	 6.7999926551e+01 	 4.4781870580e-04
3900 	 3990 	 6.7999916508e+01 	 3.6563545842e-04
4000 	 4095 	 6.7999907625e+01 	 6.8893672951e-04
4100 	 4197 	 6.7999900960e+01 	 3.3654680833e-04
4200 	 4298 	 6.7999894111e+01 	 5.6562984196e-04
4300 	 4402 	 6.7999886702e+01 	 6.1719904397e-04
4400 	 4505 	 6.7999880021e+01 	 4.3249741562e-04
4500 	 4607 	 6.7999875738e+01 	 2.0549333775e-04
4600 	 4709 	 6.7999872561e+01 	 2.2838063728e-04
4700 	 4812 	 6.7999869774e+01 	 2.4694395949e-04
4800 	 4915 	 6.7999866512e+01 	 2.9481865550e-04
4900 	 5015 	 6.7999862790e+01 	 2.1937623627e-04
5000 	 5120 	 6.7999859241e+01 	 3.0859015120e-04
5100 	 5223 	 6.7999856552e+01 	 3.2252066231e-04
5200 	 5325 	 6.7999854175e+01 	 1.8637402882e-04
5300 	 5428 	 6.7999851980e+01 	 1.6347528298e-04
5400 	 5532 	 6.7999850287e+01 	 9.7605373481e-05
5500 	 5635 	 6.7999848820e+01 	 1.2725881375e-04
5600 	 5738 	 6.7999847379e+01 	 1.1279983498e-04
5700 	 5841 	 6.7999845465e+01 	 2.0369820369e-04
5800 	 5943 	 6.7999843372e+01 	 3.8678669962e-04
5900 	 6046 	 6.7999840832e+01 	 2.8371786330e-04
6000 	 6150 	 6.7999838695e+01 	 1.8461381947e-04
6100 	 6252 	 6.7999836160e+01 	 1.5592795687e-04
6200 	 6357 	 6.7999833982e+01 	 1.6963836607e-04
6300 	 6459 	 6.7999831947e+01 	 1.3725174830e-04
6400 	 6561 	 6.7999830584e+01 	 1.1715904765e-04
6500 	 6662 	 6.7999829679e+01 	 1.1750208922e-04
6600 	 6765 	 6.7999829037e+01 	 8.1395054017e-05
6700 	 6865 	 6.7999828540e+01 	 1.4041860304e-04
6800 	 6966 	 6.7999828146e+01 	 1.1783420863e-04
6900 	 7071 	 6.7999827787e+01 	 6.1615535107e-05
7000 	 7175 	 6.7999827531e+01 	 6.9428089341e-05
7100 	 7278 	 6.7999827330e+01 	 3.9089555998e-05
7200 	 7379 	 6.7999827230e+01 	 2.3948287878e-05
7300 	 7484 	 6.7999827151e+01 	 2.6776276728e-05
7400 	 7586 	 6.7999827040e+01 	 3.3418668614e-05
7500 	 7688 	 6.7999826952e+01 	 2.6291672744e-05
7600 	 7792 	 6.7999826860e+01 	 3.5927247915e-05
7700 	 7898 	 6.7999826764e+01 	 6.1364482245e-05
7800 	 8004 	 6.7999826652e+01 	 5.2876854884e-05
7900 	 8105 	 6.7999826550e+01 	 3.4681939791e-05
8000 	 8207 	 6.7999826487e+01 	 1.8007682664e-05
8100 	 8309 	 6.7999826439e+01 	 3.0146061987e-05
8200 	 8411 	 6.7999826362e+01 	 6.2129572581e-05
8300 	 8512 	 6.7999826269e+01 	 4.5438894904e-05
8400 	 8613 	 6.7999826187e+01 	 4.1753319644e-05
8500 	 8715 	 6.7999826119e+01 	 2.9844447849e-05
8600 	 8818 	 6.7999826048e+01 	 2.8192542698e-05
8700 	 8920 	 6.7999825973e+01 	 2.8124697191e-05
8800 	 9021 	 6.7999825897e+01 	 2.9308087128e-05
8900 	 9125 	 6.7999825805e+01 	 2.9215239660e-05
9000 	 9226 	 6.7999825734e+01 	 2.4198057230e-05
9100 	 9327 	 6.7999825686e+01 	 4.2154211908e-05
9200 	 9428 	 6.7999825640e+01 	 1.8985717864e-05
9300 	 9532 	 6.7999825606e+01 	 1.9822841437e-05
9400 	 9634 	 6.7999825578e+01 	 1.8768161883e-05
9500 	 9736 	 6.7999825558e+01 	 1.2318631177e-05
9600 	 9839 	 6.7999825536e+01 	 1.4537980317e-05
9700 	 9943 	 6.7999825522e+01 	 1.0504912405e-05
9800 	 10044 	 6.7999825510e+01 	 1.1210509138e-05
9900 	 10146 	 6.7999825498e+01 	 2.3736459070e-05
10000 	 10248 	 6.7999825488e+01 	 7.8543298213e-06
10100 	 10352 	 6.7999825477e+01 	 9.8487450520e-06
10200 	 10455 	 6.7999825467e+01 	 1.7253259328e-05
10300 	 10557 	 6.7999825459e+01 	 8.2566504298e-06
10400 	 10657 	 6.7999825451e+01 	 7.2593006579e-06
10500 	 10762 	 6.7999825441e+01 	 9.3768256858e-06
10600 	 10866 	 6.7999825434e+01 	 7.5504092627e-06
10700 	 10968 	 6.7999825431e+01 	 5.9945968367e-06
10800 	 11068 	 6.7999825428e+01 	 5.3261547301e-06
10900 	 11171 	 6.7999825425e+01 	 6.3183633224e-06
11000 	 11272 	 6.7999825422e+01 	 6.2071827799e-06
11100 	 11376 	 6.7999825420e+01 	 1.0804723360e-05
11200 	 11480 	 6.7999825417e+01 	 4.6669232891e-06
11300 	 11582 	 6.7999825415e+01 	 4.9204466680e-06
11400 	 11684 	 6.7999825413e+01 	 9.9920298315e-06
11500 	 11787 	 6.7999825410e+01 	 4.0435793551e-06
11600 	 11889 	 6.7999825408e+01 	 3.7923998104e-06
11700 	 11991 	 6.7999825407e+01 	 3.2986165350e-06
11800 	 12096 	 6.7999825405e+01 	 6.0831428996e-06
11900 	 12198 	 6.7999825403e+01 	 3.5083450546e-06
12000 	 12302 	 6.7999825401e+01 	 3.2069060664e-06
12100 	 12404 	 6.7999825399e+01 	 4.4571042375e-06
12200 	 12507 	 6.7999825397e+01 	 4.0180677667e-06
12300 	 12609 	 6.7999825395e+01 	 9.0499417972e-06
12400 	 12713 	 6.7999825393e+01 	 4.2005697598e-06
12500 	 12817 	 6.7999825391e+01 	 3.2959789427e-06
12600 	 12919 	 6.7999825391e+01 	 2.8876632366e-06
12700 	 13022 	 6.7999825390e+01 	 4.8663793746e-06
12800 	 13124 	 6.7999825389e+01 	 4.9085690926e-06
12900 	 13228 	 6.7999825389e+01 	 1.5520146422e-06
13000 	 13329 	 6.7999825389e+01 	 1.9646416737e-06
13100 	 13431 	 6.7999825389e+01 	 1.6931458554e-06
13200 	 13532 	 6.7999825388e+01 	 2.6757135618e-06
13300 	 13634 	 6.7999825388e+01 	 1.8293232010e-06
13400 	 13737 	 6.7999825388e+01 	 1.2035280637e-06
13500 	 13839 	 6.7999825388e+01 	 3.4660637069e-06
13600 	 13941 	 6.7999825387e+01 	 1.8051989740e-06
13700 	 14046 	 6.7999825387e+01 	 1.9297357552e-06
13800 	 14149 	 6.7999825387e+01 	 1.9892949054e-06
13900 	 14251 	 6.7999825387e+01 	 1.3500475310e-06
14000 	 14355 	 6.7999825387e+01 	 8.6745906996e-07
14100 	 14463 	 6.7999825387e+01 	 9.4513259205e-07
14200 	 14573 	 6.7999825386e+01 	 1.4517992715e-06
14300 	 14682 	 6.7999825386e+01 	 1.4324041967e-06
14400 	 14791 	 6.7999825386e+01 	 7.9897486289e-07
14500 	 14903 	 6.7999825386e+01 	 1.0453839453e-06
14600 	 15014 	 6.7999825386e+01 	 3.8546149632e-07
14700 	 15129 	 6.7999825386e+01 	 7.8833842174e-07
14800 	 15243 	 6.7999825386e+01 	 8.1443114026e-07
14900 	 15354 	 6.7999825386e+01 	 9.7080243006e-07
15000 	 15462 	 6.7999825386e+01 	 8.8694457065e-07
15100 	 15571 	 6.7999825386e+01 	 7.2448867409e-07
15200 	 15686 	 6.7999825386e+01 	 1.1604717787e-06
15300 	 15797 	 6.7999825386e+01 	 3.7591657070e-07
15400 	 15911 	 6.7999825386e+01 	 4.1931529343e-07
15500 	 16022 	 6.7999825386e+01 	 1.0440685331e-06
# ---- 
 1 		 15555 	 16097 		 7.4858950401e+01 	 6.7999825386e+01 	 5.5915734006e-07
# ---- 
100 	 103 	 6.7956578422e+01 	 4.7039791662e-02
200 	 205 	 6.7908166797e+01 	 2.0940182006e-02
300 	 307 	 6.7893441308e+01 	 1.9513839241e-02
400 	 408 	 6.7886442858e+01 	 8.2596080785e-03
500 	 509 	 6.7883512556e+01 	 5.9241874561e-03
600 	 613 	 6.7882618957e+01 	 2.3233996802e-03
700 	 715 	 6.7882136914e+01 	 2.6447773921e-03
800 	 818 	 6.7881864130e+01 	 2.9232083802e-03
900 	 919 	 6.7881659755e+01 	 1.1387881421e-03
1000 	 1023 	 6.7881466231e+01 	 2.8391192404e-03
1100 	 1124 	 6.7881224362e+01 	 2.1431651538e-03
1200 	 1227 	 6.7880918769e+01 	 1.6187704650e-03
1300 	 1328 	 6.7880664383e+01 	 2.4242358284e-03
1400 	 1433 	 6.7880456881e+01 	 1.5082178033e-03
1500 	 1536 	 6.7880254912e+01 	 2.0111726834e-03
1600 	 1640 	 6.7880042318e+01 	 2.1870768179e-03
1700 	 1743 	 6.7879822358e+01 	 1.3217685043e-03
1800 	 1847 	 6.7879668404e+01 	 2.3290407038e-03
1900 	 1949 	 6.7879545360e+01 	 1.6972001118e-03
2000 	 2051 	 6.7879447790e+01 	 1.1741107289e-03
2100 	 2151 	 6.7879379238e+01 	 8.0911515346e-04
2200 	 2255 	 6.7879334254e+01 	 5.8686679767e-04
2300 	 2359 	 6.7879299777e+01 	 5.6368622210e-04
2400 	 2459 	 6.7879272885e+01 	 6.8627070099e-04
2500 	 2562 	 6.7879249136e+01 	 4.4459408309e-04
2600 	 2664 	 6.7879228129e+01 	 5.7587594393e-04
2700 	 2766 	 6.7879197634e+01 	 7.9218539801e-04
2800 	 2868 	 6.7879153056e+01 	 7.9196217652e-04
2900 	 2969 	 6.7879110789e+01 	 6.2744031126e-04
3000 	 3070 	 6.7879080138e+01 	 6.9574223183e-04
3100 	 3174 	 6.7879053490e+01 	 7.1046380255e-04
3200 	 3277 	 6.7879038268e+01 	 4.4732429385e-04
3300 	 3380 	 6.7879024267e+01 	 5.1440281308e-04
3400 	 3482 	 6.7879011076e+01 	 6.4387648966e-04
3500 	 3584 	 6.7878994662e+01 	 3.4042344211e-04
3600 	 3688 	 6.7878976535e+01 	 4.5750781654e-04
3700 	 3790 	 6.7878954513e+01 	 4.4348663207e-04
3800 	 3890 	 6.7878932603e+01 	 8.1621393554e-04
3900 	 3990 	 6.7878908037e+01 	 9.2036671551e-04
4000 	 4093 	 6.7878889869e+01 	 4.5048561668e-04
4100 	 4195 	 6.7878877946e+01 	 4.2376170047e-04
4200 	 4300 	 6.7878863246e+01 	 1.2634107523e-03
4300 	 4400 	 6.7878851218e+01 	 4.8071006373e-04
4400 	 4501 	 6.7878841204e+01 	 5.5784210196e-04
4500 	 4605 	 6.7878832020e+01 	 5.1782762058e-04
4600 	 4706 	 6.7878822087e+01 	 3.4002366439e-04
4700 	 4809 	 6.7878812812e+01 	 3.7954614535e-04
4800 	 4911 	 6.7878804146e+01 	 3.1604046745e-04
4900 	 5012 	 6.7878794485e+01 	 3.1167916236e-04
5000 	 5117 	 6.7878787176e+01 	 2.7659198866e-04
5100 	 5221 	 6.7878781473e+01 	 3.1481754708e-04
5200 	 5323 	 6.7878775614e+01 	 2.5468832655e-04
5300 	 5425 	 6.7878771162e+01 	 2.2000110335e-04
5400 	 5530 	 6.7878767520e+01 	 2.1460861565e-04
5500 	 5631 	 6.7878763888e+01 	 2.2065953124e-04
5600 	 5734 	 6.7878761016e+01 	 2.4209955775e-04
5700 	 5838 	 6.7878758169e+01 	 3.5302073171e-04
5800 	 5941 	 6.7878755148e+01 	 3.1163838516e-04
5900 	 6043 	 6.7878751366e+01 	 1.9650397067e-04
6000 	 6147 	 6.7878748175e+01 	 3.3042829696e-04
6100 	 6250 	 6.7878744986e+01 	 1.5493409801e-04
6200 	 6353 	 6.7878742379e+01 	 2.6364852576e-04
6300 	 6456 	 6.7878739345e+01 	 1.8877302617e-04
6400 	 6559 	 6.7878735836e+01 	 2.1494363116e-04
6500 	 6663 	 6.7878732941e+01 	 1.7850738653e-04
6600 	 6765 	 6.7878730455e+01 	 1.6201131246e-04
6700 	 6868 	 6.7878728769e+01 	 2.2270498845e-04
6800 	 6972 	 6.7878727116e+01 	 1.5992520467e-04
6900 	 7073 	 6.7878725617e+01 	 1.2761857578e-04
7000 	 7178 	 6.7878724402e+01 	 2.3784572884e-04
7100 	 7280 	 6.7878723563e+01 	 1.3178528057e-04
7200 	 7383 	 6.7878723000e+01 	 9.4115852387e-05
7300 	 7487 	 6.7878722541e+01 	 7.8800347129e-05
7400 	 7589 	 6.7878722147e+01 	 5.3274622167e-05
7500 	 7689 	 6.7878721804e+01 	 4.5535873665e-05
7600 	 7791 	 6.7878721470e+01 	 6.1851430062e-05
7700 	 7893 	 6.7878721199e+01 	 7.6724404419e-05
7800 	 7996 	 6.7878720971e+01 	 7.4527829661e-05
7900 	 8099 	 6.7878720810e+01 	 5.5576304953e-05
8000 	 8201 	 6.7878720666e+01 	 4.0645915676e-05
8100 	 8304 	 6.7878720549e+01 	 4.3810984854e-05
8200 	 8406 	 6.7878720455e+01 	 4.2297330658e-05
8300 	 8511 	 6.7878720364e+01 	 3.3057004293e-05
8400 	 8613 	 6.7878720268e+01 	 3.4035093222e-05
8500 	 8715 	 6.7878720148e+01 	 3.6222197857e-05
8600 	 8817 	 6.7878720031e+01 	 4.1119791706e-05
8700 	 8923 	 6.7878719903e+01 	 3.2374138182e-05
8800 	 9028 	 6.7878719794e+01 	 3.2225466975e-05
8900 	 9131 	 6.7878719675e+01 	 2.9240517984e-05
9000 	 9233 	 6.7878719551e+01 	 7.9487453556e-05
9100 	 9335 	 6.7878719452e+01 	 2.7612575522e-05
9200 	 9438 	 6.7878719395e+01 	 2.3738195785e-05
9300 	 9540 	 6.7878719354e+01 	 2.1100792479e-05
9400 	 9641 	 6.7878719324e+01 	 1.8779076005e-05
9500 	 9743 	 6.7878719294e+01 	 3.4706981931e-05
9600 	 9847 	 6.7878719262e+01 	 2.1439409363e-05
9700 	 9949 	 6.7878719229e+01 	 3.8081250707e-05
9800 	 10052 	 6.7878719192e+01 	 2.7315200235e-05
9900 	 10156 	 6.7878719148e+01 	 6.3368510259e-05
10000 	 10258 	 6.7878719101e+01 	 2.1463328566e-05
10100 	 10360 	 6.7878719054e+01 	 2.5734132657e-05
10200 	 10463 	 6.7878719004e+01 	 2.8823676610e-05
10300 	 10566 	 6.7878718963e+01 	 1.8214768086e-05
10400 	 10667 	 6.7878718931e+01 	 1.7744987800e-05
10500 	 10769 	 6.7878718907e+01 	 1.6420134295e-05
10600 	 10873 	 6.7878718885e+01 	 3.1427782519e-05
10700 	 10976 	 6.7878718866e+01 	 1.6276461534e-05
10800 	 11079 	 6.7878718852e+01 	 3.7615521399e-05
10900 	 11181 	 6.7878718843e+01 	 1.0182803256e-05
11000 	 11282 	 6.7878718836e+01 	 8.3969508454e-06
11100 	 11386 	 6.7878718827e+01 	 1.0046722196e-05
11200 	 11487 	 6.7878718819e+01 	 1.1938064940e-05
11300 	 11588 	 6.7878718812e+01 	 8.2121778163e-06
11400 	 11692 	 6.7878718808e+01 	 7.9219964751e-06
11500 	 11795 	 6.7878718805e+01 	 6.3251682306e-06
11600 	 11896 	 6.7878718802e+01 	 5.5086570491e-06
11700 	 11998 	 6.7878718799e+01 	 1.4007195926e-05
11800 	 12102 	 6.7878718795e+01 	 9.2430943431e-06
11900 	 12205 	 6.7878718792e+01 	 9.6679300086e-06
12000 	 12309 	 6.7878718789e+01 	 5.5668736046e-06
12100 	 12412 	 6.7878718787e+01 	 6.6946462217e-06
12200 	 12513 	 6.7878718783e+01 	 1.5146208258e-05
12300 	 12617 	 6.7878718779e+01 	 1.3166459748e-05
12400 	 12718 	 6.7878718776e+01 	 1.1140840152e-05
12500 	 12820 	 6.7878718774e+01 	 3.6107870875e-06
12600 	 12924 	 6.7878718772e+01 	 3.6736905701e-06
12700 	 13025 	 6.7878718771e+01 	 2.6622470066e-06
12800 	 13126 	 6.7878718770e+01 	 1.9834934107e-06
12900 	 13229 	 6.7878718770e+01 	 4.2436838223e-06
13000 	 13334 	 6.7878718769e+01 	 2.0900850773e-06
13100 	 13437 	 6.7878718769e+01 	 2.0211414047e-06
13200 	 13541 	 6.7878718768e+01 	 2.2390976540e-06
13300 	 13643 	 6.7878718768e+01 	 4.6968208016e-06
13400 	 13745 	 6.7878718767e+01 	 2.6247777948e-06
13500 	 13848 	 6.7878718767e+01 	 3.5623209537e-06
13600 	 13950 	 6.7878718766e+01 	 2.6146508038e-06
13700 	 14051 	 6.7878718765e+01 	 2.9091406071e-06
13800 	 14154 	 6.7878718765e+01 	 2.1206347901e-06
13900 	 14255 	 6.7878718765e+01 	 2.1917456002e-06
14000 	 14358 	 6.7878718764e+01 	 2.1857735908e-06
14100 	 14462 	 6.7878718764e+01 	 3.2695423217e-06
14200 	 14563 	 6.7878718763e+01 	 2.3774154879e-06
14300 	 14664 	 6.7878718763e+01 	 1.6620092250e-06
14400 	 14768 	 6.7878718763e+01 	 2.5022161938e-06
14500 	 14870 	 6.7878718763e+01 	 1.6538386559e-06
14600 	 14971 	 6.7878718762e+01 	 1.8232522778e-06
14700 	 15075 	 6.7878718762e+01 	 4.3135933165e-06
14800 	 15176 	 6.7878718762e+01 	 1.4146351830e-06
14900 	 15277 	 6.7878718762e+01 	 1.8481535279e-06
15000 	 15381 	 6.7878718761e+01 	 1.3972233509e-06
15100 	 15484 	 6.7878718761e+01 	 1.3089080974e-06
15200 	 15589 	 6.7878718761e+01 	 1.0106534501e-06
15300 	 15693 	 6.7878718761e+01 	 9.6619362636e-07
15400 	 15797 	 6.7878718761e+01 	 7.3873024701e-07
15500 	 15909 	 6.7878718761e+01 	 5.5219233096e-07
15600 	 16019 	 6.7878718761e+01 	 4.9282703472e-07
15700 	 16131 	 6.7878718761e+01 	 5.8688075373e-07
15800 	 16267 	 6.7878718761e+01 	 5.2923829048e-07
15900 	 16378 	 6.7878718761e+01 	 7.9393228341e-07
16000 	 16491 	 6.7878718761e+01 	 2.3368512322e-07
# ---- 
 1 		 16051 	 16560 		 7.4697516784e+01 	 6.7878718761e+01 	 1.4184159817e-07
# ---- 
100 	 104 	 6.7856881789e+01 	 4.1434739564e-02
200 	 206 	 6.7809282047e+01 	 2.1814767368e-02
300 	 310 	 6.7795261957e+01 	 1.2192841243e-02
400 	 412 	 6.7788062060e+01 	 1.1567856497e-02
500 	 514 	 6.7785068312e+01 	 1.1705217692e-02
600 	 615 	 6.7783965636e+01 	 3.2103390640e-03
700 	 717 	 6.7783455836e+01 	 3.7702080735e-03
800 	 820 	 6.7783138707e+01 	 2.0281020644e-03
900 	 923 	 6.7782952615e+01 	 2.6338960675e-03
1000 	 1024 	 6.7782740372e+01 	 1.7927347644e-03
1100 	 1128 	 6.7782540795e+01 	 3.6824578566e-03
1200 	 1233 	 6.7782275631e+01 	 1.4427756927e-03
1300 	 1335 	 6.7782048563e+01 	 1.5540938100e-03
1400 	 1438 	 6.7781810160e+01 	 1.9853584219e-03
1500 	 1539 	 6.7781599384e+01 	 1.3744186835e-03
1600 	 1640 	 6.7781402167e+01 	 2.5812961424e-03
1700 	 1743 	 6.7781164910e+01 	 1.6342027324e-03
1800 	 1846 	 6.7780959325e+01 	 1.4036545191e-03
1900 	 1948 	 6.7780805412e+01 	 2.0836673361e-03
2000 	 2049 	 6.7780678693e+01 	 1.0526268745e-03
2100 	 2152 	 6.7780607528e+01 	 8.3525537193e-04
2200 	 2253 	 6.7780553706e+01 	 2.5819609512e-03
2300 	 2354 	 6.7780506816e+01 	 9.2564142474e-04
2400 	 2456 	 6.7780468970e+01 	 8.7435322752e-04
2500 	 2559 	 6.7780444479e+01 	 4.2476690075e-04
2600 	 2663 	 6.7780419678e+01 	 7.8270267705e-04
2700 	 2765 	 6.7780398611e+01 	 5.9426436203e-04
2800 	 2866 	 6.7780376066e+01 	 6.1696939859e-04
2900 	 2968 	 6.7780349739e+01 	 6.6184612606e-04
3000 	 3069 	 6.7780307108e+01 	 8.3587427216e-04
3100 	 3171 	 6.7780259593e+01 	 1.0879154244e-03
3200 	 3274 	 6.7780220727e+01 	 1.2519644005e-03
3300 	 3377 	 6.7780196478e+01 	 5.3394996124e-04
3400 	 3480 	 6.7780173915e+01 	 6.5037107813e-04
3500 	 3582 	 6.7780145977e+01 	 4.3692458905e-04
3600 	 3686 	 6.7780122806e+01 	 5.4133072147e-04
3700 	 3790 	 6.7780098150e+01 	 1.0724615693e-03
3800 	 3891 	 6.7780068656e+01 	 6.9497237633e-04
3900 	 3991 	 6.7780030058e+01 	 6.9391411087e-04
4000 	 4094 	 6.7779997427e+01 	 9.7756678066e-04
4100 	 4195 	 6.7779970408e+01 	 6.0416421171e-04
4200 	 4299 	 6.7779945276e+01 	 8.9772777912e-04
4300 	 4400 	 6.7779922364e+01 	 3.8002975102e-04
4400 	 4502 	 6.7779907418e+01 	 6.9249699553e-04
4500 	 4606 	 6.7779897519e+01 	 2.8356108440e-04
4600 	 4708 	 6.7779889732e+01 	 4.2413382860e-04
4700 	 4809 	 6.7779882117e+01 	 3.4111959049e-04
4800 	 4912 	 6.7779875849e+01 	 3.5143423812e-04
4900 	 5014 	 6.7779869461e+01 	 2.9521238031e-04
5000 	 5118 	 6.7779863521e+01 	 4.5349853716e-04
5100 	 5220 	 6.7779856763e+01 	 3.6942194843e-04
5200 	 5322 	 6.7779849746e+01 	 2.7272040378e-04
5300 	 5425 	 6.7779842274e+01 	 4.5865732093e-04
5400 	 5529 	 6.7779834258e+01 	 2.8561502480e-04
5500 	 5632 	 6.7779829727e+01 	 2.5193052253e-04
5600 	 5734 	 6.7779826161e+01 	 1.7583233280e-04
5700 	 5836 	 6.7779822718e+01 	 2.3834415376e-04
5800 	 5939 	 6.7779819835e+01 	 1.7081682850e-04
5900 	 6040 	 6.7779816480e+01 	 2.6564523312e-04
6000 	 6143 	 6.7779813679e+01 	 2.3108932673e-04
6100 	 6246 	 6.7779810925e+01 	 2.8742586111e-04
6200 	 6350 	 6.7779808301e+01 	 1.5970004223e-04
6300 	 6452 	 6.7779805399e+01 	 2.1097920918e-04
6400 	 6554 	 6.7779802560e+01 	 1.7356886557e-04
6500 	 6657 	 6.7779800197e+01 	 1.7225607787e-04
6600 	 6758 	 6.7779797591e+01 	 1.8602546759e-04
6700 	 6863 	 6.7779794726e+01 	 1.6888089506e-04
6800 	 6963 	 6.7779792713e+01 	 2.0164403326e-04
6900 	 7065 	 6.7779791297e+01 	 1.6685840992e-04
7000 	 7166 	 6.7779790056e+01 	 1.6088181766e-04
7100 	 7269 	 6.7779789048e+01 	 1.0827403940e-04
7200 	 7376 	 6.7779788466e+01 	 7.5725479021e-05
7300 	 7477 	 6.7779788079e+01 	 5.5903456037e-05
7400 	 7580 	 6.7779787781e+01 	 1.2771755414e-04
7500 	 7683 	 6.7779787514e+01 	 8.8957354818e-05
7600 	 7786 	 6.7779787327e+01 	 3.9028537904e-05
7700 	 7888 	 6.7779787177e+01 	 9.4324669527e-05
7800 	 7991 	 6.7779787046e+01 	 9.9588202268e-05
7900 	 8092 	 6.7779786925e+01 	 7.9715816672e-05
8000 	 8197 	 6.7779786764e+01 	 8.7535621205e-05
8100 	 8300 	 6.7779786594e+01 	 6.0997462745e-05
8200 	 8403 	 6.7779786448e+01 	 4.0792338438e-05
8300 	 8505 	 6.7779786309e+01 	 3.1149410407e-05
8400 	 8606 	 6.7779786189e+01 	 5.2595086286e-05
8500 	 8708 	 6.7779786082e+01 	 3.6427603665e-05
8600 	 8809 	 6.7779785978e+01 	 3.6931733299e-05
8700 	 8910 	 6.7779785861e+01 	 9.8719317085e-05
8800 	 9014 	 6.7779785741e+01 	 6.6281555344e-05
8900 	 9118 	 6.7779785597e+01 	 5.6468363260e-05
9000 	 9222 	 6.7779785460e+01 	 3.7463429239e-05
9100 	 9326 	 6.7779785338e+01 	 3.8994048716e-05
9200 	 9429 	 6.7779785218e+01 	 2.8639483764e-05
9300 	 9532 	 6.7779785126e+01 	 5.5516757339e-05
9400 	 9633 	 6.7779785050e+01 	 3.3751232317e-05
9500 	 9737 	 6.7779784984e+01 	 2.2838128862e-05
9600 	 9841 	 6.7779784929e+01 	 2.0080377343e-05
9700 	 9946 	 6.7779784890e+01 	 1.7507452255e-05
9800 	 10047 	 6.7779784858e+01 	 2.4073148344e-05
9900 	 10148 	 6.7779784833e+01 	 1.8506148490e-05
10000 	 10252 	 6.7779784805e+01 	 1.9447058794e-05
10100 	 10353 	 6.7779784779e+01 	 2.0023721998e-05
10200 	 10454 	 6.7779784752e+01 	 2.4582843482e-05
10300 	 10558 	 6.7779784731e+01 	 2.3853580216e-05
10400 	 10660 	 6.7779784705e+01 	 1.8855952941e-05
10500 	 10761 	 6.7779784674e+01 	 2.2769225582e-05
10600 	 10865 	 6.7779784644e+01 	 2.2226048592e-05
10700 	 10969 	 6.7779784618e+01 	 1.3968348012e-05
10800 	 11073 	 6.7779784604e+01 	 1.3875463878e-05
10900 	 11176 	 6.7779784594e+01 	 1.1462146542e-05
11000 	 11278 	 6.7779784587e+01 	 7.7994303605e-06
11100 	 11381 	 6.7779784581e+01 	 8.2949206230e-06
11200 	 11483 	 6.7779784574e+01 	 7.4212924754e-06
11300 	 11584 	 6.7779784567e+01 	 1.1804441570e-05
11400 	 11686 	 6.7779784560e+01 	 1.9754313098e-05
11500 	 11789 	 6.7779784551e+01 	 8.5444803856e-06
11600 	 11892 	 6.7779784543e+01 	 6.9705422878e-06
11700 	 11996 	 6.7779784534e+01 	 1.3886221628e-05
11800 	 12098 	 6.7779784525e+01 	 1.1583722488e-05
11900 	 12200 	 6.7779784517e+01 	 2.8297575735e-05
12000 	 12302 	 6.7779784511e+01 	 5.5155090808e-06
12100 	 12403 	 6.7779784507e+01 	 6.3335094350e-06
12200 	 12503 	 6.7779784503e+01 	 6.1798103155e-06
12300 	 12605 	 6.7779784500e+01 	 5.4701919803e-06
12400 	 12706 	 6.7779784497e+01 	 8.6838401684e-06
12500 	 12807 	 6.7779784495e+01 	 5.9118971544e-06
12600 	 12912 	 6.7779784493e+01 	 9.6092794787e-06
12700 	 13015 	 6.7779784492e+01 	 7.1865794944e-06
12800 	 13118 	 6.7779784491e+01 	 4.3335879349e-06
12900 	 13218 	 6.7779784490e+01 	 3.6331354446e-06
13000 	 13321 	 6.7779784489e+01 	 3.1726917319e-06
13100 	 13424 	 6.7779784488e+01 	 8.7888559147e-06
13200 	 13527 	 6.7779784487e+01 	 2.4124526595e-06
13300 	 13629 	 6.7779784487e+01 	 1.8539986906e-06
13400 	 13731 	 6.7779784486e+01 	 2.6466466027e-06
13500 	 13834 	 6.7779784486e+01 	 2.2075942746e-06
13600 	 13937 	 6.7779784486e+01 	 2.0072321034e-06
13700 	 14037 	 6.7779784485e+01 	 2.0875049916e-06
13800 	 14141 	 6.7779784485e+01 	 3.2560499941e-06
13900 	 14241 	 6.7779784484e+01 	 1.4664490906e-06
14000 	 14345 	 6.7779784484e+01 	 2.1729190957e-06
14100 	 14446 	 6.7779784484e+01 	 1.5160036885e-06
14200 	 14547 	 6.7779784483e+01 	 1.9065745236e-06
14300 	 14649 	 6.7779784483e+01 	 7.4460385690e-06
14400 	 14750 	 6.7779784482e+01 	 2.9568988517e-06
14500 	 14852 	 6.7779784482e+01 	 2.2628109694e-06
14600 	 14953 	 6.7779784481e+01 	 1.9836509586e-06
14700 	 15057 	 6.7779784481e+01 	 1.3086092455e-06
14800 	 15161 	 6.7779784481e+01 	 1.6659280156e-06
14900 	 15264 	 6.7779784481e+01 	 2.0332892866e-06
15000 	 15368 	 6.7779784481e+01 	 1.3537388165e-06
15100 	 15471 	 6.7779784481e+01 	 2.0815388528e-06
15200 	 15573 	 6.7779784480e+01 	 1.0860920320e-06
15300 	 15675 	 6.7779784480e+01 	 1.3647421573e-06
15400 	 15777 	 6.7779784480e+01 	 6.8743945004e-07
15500 	 15883 	 6.7779784480e+01 	 1.0591353030e-06
15600 	 15985 	 6.7779784480e+01 	 5.9667174722e-07
15700 	 16092 	 6.7779784480e+01 	 8.1666857330e-07
15800 	 16197 	 6.7779784480e+01 	 8.7369830668e-07
15900 	 16299 	 6.7779784480e+01 	 6.6274884971e-07
16000 	 16406 	 6.7779784480e+01 	 6.8218789328e-07
16100 	 16513 	 6.7779784480e+01 	 7.2099176907e-07
16200 	 16622 	 6.7779784480e+01 	 1.0712371922e-06
16300 	 16728 	 6.7779784480e+01 	 9.0303121209e-07
16400 	 16835 	 6.7779784480e+01 	 8.7865211152e-07
16500 	 16943 	 6.7779784480e+01 	 8.3290961003e-07
16600 	 17053 	 6.7779784480e+01 	 6.2745086098e-07
16700 	 17162 	 6.7779784480e+01 	 4.1703693030e-07
16800 	 17271 	 6.7779784480e+01 	 6.7997812059e-07
16900 	 17392 	 6.7779784480e+01 	 3.8719141601e-07
17000 	 17510 	 6.7779784480e+01 	 9.5143393173e-07
17100 	 17624 	 6.7779784480e+01 	 2.7270346287e-07
17200 	 17744 	 6.7779784480e+01 	 5.7122551570e-07
17300 	 17864 	 6.7779784480e+01 	 3.8458866525e-07
17400 	 17978 	 6.7779784480e+01 	 4.3638126182e-07
17500 	 18094 	 6.7779784480e+01 	 2.1488779348e-07
17600 	 18218 	 6.7779784479e+01 	 2.5370399915e-07
# ---- 
 1 		 17640 	 18280 		 7.4626264875e+01 	 6.7779784479e+01 	 5.0444402333e-07
# ---- 
100 	 105 	 6.7780015630e+01 	 9.1866647286e-02
200 	 208 	 6.7729098146e+01 	 1.7966221051e-02
300 	 308 	 6.7715356843e+01 	 2.8623995654e-02
400 	 411 	 6.7707979827e+01 	 1.6342270682e-02
500 	 513 	 6.7704675220e+01 	 4.4905019197e-03
600 	 617 	 6.7703424001e+01 	 3.4959355568e-03
700 	 721 	 6.7702806891e+01 	 4.9870714302e-03
800 	 822 	 6.7702432099e+01 	 5.9280684612e-03
900 	 926 	 6.7702218498e+01 	 1.7235044883e-03
1000 	 1027 	 6.7702032124e+01 	 2.5852634052e-03
1100 	 1130 	 6.7701809988e+01 	 2.0308315661e-03
1200 	 1234 	 6.7701547869e+01 	 2.1530853330e-03
1300 	 1337 	 6.7701310212e+01 	 1.9176692790e-03
1400 	 1439 	 6.7701095879e+01 	 1.6268174348e-03
1500 	 1540 	 6.7700881268e+01 	 3.8282061580e-03
1600 	 1642 	 6.7700669178e+01 	 1.5224077403e-03
1700 	 1744 	 6.7700400291e+01 	 2.0316738140e-03
1800 	 1845 	 6.7700179794e+01 	 1.6993418942e-03
1900 	 1946 	 6.7699998371e+01 	 3.1102977543e-03
2000 	 2049 	 6.7699850069e+01 	 1.6788755775e-03
2100 	 2153 	 6.7699759439e+01 	 9.5193119064e-04
2200 	 2255 	 6.7699706844e+01 	 8.9440924988e-04
2300 	 2355 	 6.7699661137e+01 	 7.8272794617e-04
2400 	 2457 	 6.7699615732e+01 	 6.5363724392e-04
2500 	 2561 	 6.7699578430e+01 	 6.0842629513e-04
2600 	 2663 	 6.7699554624e+01 	 5.3206256109e-04
2700 	 2767 	 6.7699537558e+01 	 8.8341189484e-04
2800 	 2869 	 6.7699519550e+01 	 7.0215018480e-04
2900 	 2972 	 6.7699497991e+01 	 4.8802849533e-04
3000 	 3076 	 6.7699469516e+01 	 8.0068624670e-04
3100 	 3179 	 6.7699434428e+01 	 6.3656760262e-04
3200 	 3280 	 6.7699394208e+01 	 6.2610626199e-04
3300 	 3384 	 6.7699355178e+01 	 8.4748728724e-04
3400 	 3486 	 6.7699321778e+01 	 8.0527590386e-04
3500 	 3588 	 6.7699286024e+01 	 6.7689728850e-04
3600 	 3690 	 6.7699245097e+01 	 1.0249319628e-03
3700 	 3795 	 6.7699208558e+01 	 1.5069315890e-03
3800 	 3897 	 6.7699171572e+01 	 1.8624120073e-03
3900 	 4001 	 6.7699140973e+01 	 1.8312128823e-03
4000 	 4103 	 6.7699108731e+01 	 6.4717706383e-04
4100 	 4206 	 6.7699077214e+01 	 1.0574642323e-03
4200 	 4308 	 6.7699038870e+01 	 1.6182940143e-03
4300 	 4410 	 6.7699008002e+01 	 6.6074228083e-04
4400 	 4512 	 6.7698984716e+01 	 9.1582194661e-04
4500 	 4613 	 6.7698966859e+01 	 3.2798469549e-04
4600 	 4714 	 6.7698953724e+01 	 3.9716598394e-04
4700 	 4815 	 6.7698943425e+01 	 2.7064018705e-04
4800 	 4918 	 6.7698935560e+01 	 2.3293991487e-04
4900 	 5022 	 6.7698929247e+01 	 7.1118140107e-04
5000 	 5125 	 6.7698923474e+01 	 3.0660948056e-04
5100 	 5226 	 6.7698917135e+01 	 2.2532575588e-04
5200 	 5330 	 6.7698910115e+01 	 7.1335251171e-04
5300 	 5431 	 6.7698903829e+01 	 2.4463486278e-04
5400 	 5534 	 6.7698897950e+01 	 3.3970797582e-04
5500 	 5636 	 6.7698891123e+01 	 3.3162377662e-04
5600 	 5738 	 6.7698884301e+01 	 5.1889797484e-04
5700 	 5840 	 6.7698879255e+01 	 1.7392849746e-04
5800 	 5942 	 6.7698875630e+01 	 2.1593711732e-04
5900 	 6045 	 6.7698872548e+01 	 1.4160485907e-04
6000 	 6145 	 6.7698869687e+01 	 2.1513156440e-04
6100 	 6250 	 6.7698866851e+01 	 3.9552325031e-04
6200 	 6353 	 6.7698864092e+01 	 1.6271398375e-04
6300 	 6455 	 6.7698861700e+01 	 1.5265495595e-04
6400 	 6559 	 6.7698859644e+01 	 1.1089911147e-04
6500 	 6663 	 6.7698858227e+01 	 2.5007680564e-04
6600 	 6767 	 6.7698857112e+01 	 1.0919379321e-04
6700 	 6869 	 6.7698856008e+01 	 1.2223405083e-04
6800 	 6971 	 6.7698854560e+01 	 1.4800069773e-04
6900 	 7076 	 6.7698852948e+01 	 1.1599018023e-04
7000 	 7179 	 6.7698851268e+01 	 2.2762818642e-04
7100 	 7282 	 6.7698849494e+01 	 1.3465378969e-04
7200 	 7388 	 6.7698848305e+01 	 9.0668584520e-05
7300 	 7492 	 6.7698847432e+01 	 1.4222008690e-04
7400 	 7594 	 6.7698846610e+01 	 9.7805660183e-05
7500 	 7699 	 6.7698845949e+01 	 2.5335411837e-04
7600 	 7801 	 6.7698845436e+01 	 9.2839243424e-05
7700 	 7905 	 6.7698844968e+01 	 8.5892858598e-05
7800 	 8007 	 6.7698844479e+01 	 1.4935555228e-04
7900 	 8110 	 6.7698844095e+01 	 6.2301815435e-05
8000 	 8216 	 6.7698843712e+01 	 1.4168986832e-04
8100 	 8316 	 6.7698843345e+01 	 6.1403945881e-05
8200 	 8416 	 6.7698843029e+01 	 8.3331084982e-05
8300 	 8518 	 6.7698842704e+01 	 6.3154927439e-05
8400 	 8621 	 6.7698842445e+01 	 5.0647925728e-05
8500 	 8723 	 6.7698842287e+01 	 8.4455501736e-05
8600 	 8827 	 6.7698842170e+01 	 3.4654880509e-05
8700 	 8930 	 6.7698842036e+01 	 5.4131559641e-05
8800 	 9030 	 6.7698841861e+01 	 7.1260633570e-05
8900 	 9134 	 6.7698841670e+01 	 8.6799725305e-05
9000 	 9235 	 6.7698841440e+01 	 5.7353713357e-05
9100 	 9336 	 6.7698841132e+01 	 6.0256413025e-05
9200 	 9439 	 6.7698840790e+01 	 6.4876002665e-05
9300 	 9540 	 6.7698840423e+01 	 6.1492619065e-05
9400 	 9643 	 6.7698840128e+01 	 6.0759141835e-05
9500 	 9746 	 6.7698839878e+01 	 9.7424376864e-05
9600 	 9847 	 6.7698839702e+01 	 2.7867607512e-05
9700 	 9949 	 6.7698839569e+01 	 4.3150167037e-05
9800 	 10051 	 6.7698839436e+01 	 5.1520631109e-05
9900 	 10154 	 6.7698839356e+01 	 2.4378309873e-05
10000 	 10256 	 6.7698839285e+01 	 2.5149458633e-05
10100 	 10357 	 6.7698839235e+01 	 1.9272307874e-05
10200 	 10461 	 6.7698839190e+01 	 2.6233621397e-05
10300 	 10561 	 6.7698839154e+01 	 2.1525088624e-05
10400 	 10664 	 6.7698839120e+01 	 2.0099816951e-05
10500 	 10768 	 6.7698839087e+01 	 1.4550956531e-05
10600 	 10870 	 6.7698839056e+01 	 4.7299485743e-05
10700 	 10972 	 6.7698839034e+01 	 2.2185022547e-05
10800 	 11072 	 6.7698839018e+01 	 1.8329755424e-05
10900 	 11174 	 6.7698839005e+01 	 1.7968651435e-05
11000 	 11275 	 6.7698838995e+01 	 9.8242788520e-06
11100 	 11379 	 6.7698838984e+01 	 1.1755497738e-05
11200 	 11481 	 6.7698838965e+01 	 4.0723366021e-05
11300 	 11583 	 6.7698838945e+01 	 2.5952269679e-05
11400 	 11687 	 6.7698838925e+01 	 9.6456452081e-06
11500 	 11792 	 6.7698838909e+01 	 1.5436460235e-05
11600 	 11895 	 6.7698838891e+01 	 1.8016442189e-05
11700 	 11998 	 6.7698838871e+01 	 1.2920204100e-05
11800 	 12102 	 6.7698838853e+01 	 1.5561239150e-05
11900 	 12202 	 6.7698838828e+01 	 1.4500600779e-05
12000 	 12306 	 6.7698838808e+01 	 1.0697868343e-05
12100 	 12409 	 6.7698838793e+01 	 1.0858217740e-05
12200 	 12511 	 6.7698838780e+01 	 8.8776409852e-06
12300 	 12612 	 6.7698838771e+01 	 8.3979239516e-06
12400 	 12715 	 6.7698838763e+01 	 1.8570923400e-05
12500 	 12819 	 6.7698838756e+01 	 1.2024122653e-05
12600 	 12921 	 6.7698838748e+01 	 9.7954697507e-06
12700 	 13025 	 6.7698838742e+01 	 6.8257772360e-06
12800 	 13129 	 6.7698838737e+01 	 1.0920204035e-05
12900 	 13229 	 6.7698838732e+01 	 1.0632462483e-05
13000 	 13333 	 6.7698838728e+01 	 7.2074357923e-06
13100 	 13437 	 6.7698838726e+01 	 1.1703371035e-05
13200 	 13541 	 6.7698838724e+01 	 7.7221212457e-06
13300 	 13642 	 6.7698838721e+01 	 1.3139083542e-05
13400 	 13744 	 6.7698838717e+01 	 6.1831692992e-06
13500 	 13848 	 6.7698838714e+01 	 6.6624329221e-06
13600 	 13949 	 6.7698838712e+01 	 8.2367281621e-06
13700 	 14050 	 6.7698838709e+01 	 7.3471371090e-06
13800 	 14152 	 6.7698838708e+01 	 4.1884769484e-06
13900 	 14255 	 6.7698838706e+01 	 3.6239156784e-06
14000 	 14356 	 6.7698838705e+01 	 4.5158403221e-06
14100 	 14457 	 6.7698838705e+01 	 2.2590959936e-06
14200 	 14559 	 6.7698838704e+01 	 2.4110008690e-06
14300 	 14661 	 6.7698838704e+01 	 2.2924438583e-06
14400 	 14763 	 6.7698838703e+01 	 3.2705412372e-06
14500 	 14868 	 6.7698838702e+01 	 6.0236330305e-06
14600 	 14970 	 6.7698838701e+01 	 3.6271651101e-06
14700 	 15074 	 6.7698838700e+01 	 6.2337670094e-06
14800 	 15179 	 6.7698838699e+01 	 3.0429323035e-06
14900 	 15281 	 6.7698838698e+01 	 3.3741751562e-06
15000 	 15383 	 6.7698838697e+01 	 6.8798383961e-06
15100 	 15485 	 6.7698838697e+01 	 2.3620941148e-06
15200 	 15589 	 6.7698838696e+01 	 2.5458973638e-06
15300 	 15693 	 6.7698838696e+01 	 2.3861767967e-06
15400 	 15797 	 6.7698838696e+01 	 2.4681728306e-06
15500 	 15899 	 6.7698838695e+01 	 2.3399224590e-06
15600 	 16000 	 6.7698838695e+01 	 1.9783249551e-06
15700 	 16101 	 6.7698838695e+01 	 1.9867790314e-06
15800 	 16203 	 6.7698838694e+01 	 1.9556601764e-06
15900 	 16304 	 6.7698838694e+01 	 2.1877864512e-06
16000 	 16407 	 6.7698838694e+01 	 1.2747019103e-06
16100 	 16511 	 6.7698838694e+01 	 2.9619200770e-06
16200 	 16613 	 6.7698838693e+01 	 1.5730034404e-06
16300 	 16714 	 6.7698838693e+01 	 2.5981359686e-06
16400 	 16815 	 6.7698838693e+01 	 2.0324255603e-06
16500 	 16918 	 6.7698838693e+01 	 1.4447314035e-06
16600 	 17020 	 6.7698838693e+01 	 1.4679848297e-06
16700 	 17120 	 6.7698838693e+01 	 1.8078830993e-06
16800 	 17223 	 6.7698838692e+01 	 1.2552629838e-06
16900 	 17327 	 6.7698838692e+01 	 1.0698960281e-06
17000 	 17436 	 6.7698838692e+01 	 8.0233277877e-07
17100 	 17538 	 6.7698838692e+01 	 7.0367515905e-07
17200 	 17643 	 6.7698838692e+01 	 7.0916686484e-07
17300 	 17747 	 6.7698838692e+01 	 1.1565204373e-06
17400 	 17851 	 6.7698838692e+01 	 8.9434063339e-07
17500 	 17957 	 6.7698838692e+01 	 1.6084003338e-06
17600 	 18062 	 6.7698838692e+01 	 8.3965015150e-07
17700 	 18168 	 6.7698838692e+01 	 7.3764212909e-07
17800 	 18278 	 6.7698838692e+01 	 1.1120618278e-06
17900 	 18384 	 6.7698838692e+01 	 7.8158643820e-07
18000 	 18491 	 6.7698838692e+01 	 7.0681518797e-07
18100 	 18596 	 6.7698838692e+01 	 9.5990768364e-07
18200 	 18709 	 6.7698838692e+01 	 6.0256509374e-07
18300 	 18825 	 6.7698838692e+01 	 5.9509714900e-07
# ---- 
 1 		 18301 	 18841 		 7.4512835959e+01 	 6.7698838692e+01 	 5.9509868861e-07
# ---- 
100 	 144 	 6.7725070289e+01 	 1.2806346335e-01
200 	 246 	 6.7664444258e+01 	 2.7794557911e-02
300 	 350 	 6.7649958341e+01 	 1.2969779090e-02
400 	 452 	 6.7642441197e+01 	 1.0988215932e-02
500 	 556 	 6.7638770681e+01 	 9.3561235645e-03
600 	 659 	 6.7637332743e+01 	 3.6954129545e-03
700 	 760 	 6.7636588406e+01 	 4.8190965180e-03
800 	 862 	 6.7636115674e+01 	 3.3092190846e-03
900 	 966 	 6.7635849249e+01 	 2.6174064979e-03
1000 	 1069 	 6.7635634077e+01 	 4.0063821778e-03
1100 	 1170 	 6.7635393651e+01 	 2.1344927259e-03
1200 	 1272 	 6.7635090513e+01 	 3.4273804585e-03
1300 	 1376 	 6.7634865972e+01 	 1.8522424739e-03
1400 	 1477 	 6.7634647978e+01 	 1.8390741118e-03
1500 	 1577 	 6.7634447110e+01 	 2.0267682688e-03
1600 	 1677 	 6.7634235996e+01 	 1.6177609703e-03
1700 	 1779 	 6.7633997891e+01 	 1.8947694486e-03
1800 	 1882 	 6.7633768327e+01 	 3.8138000166e-03
1900 	 1982 	 6.7633561056e+01 	 1.6064140474e-03
2000 	 2085 	 6.7633402309e+01 	 1.3708980229e-03
2100 	 2186 	 6.7633307042e+01 	 8.2699491205e-04
2200 	 2288 	 6.7633250155e+01 	 7.2937323672e-04
2300 	 2389 	 6.7633205997e+01 	 5.4822205473e-04
2400 	 2491 	 6.7633161433e+01 	 7.6258529771e-04
2500 	 2592 	 6.7633113193e+01 	 1.2626249959e-03
2600 	 2697 	 6.7633076561e+01 	 7.3357937129e-04
2700 	 2801 	 6.7633055183e+01 	 5.7838841840e-04
2800 	 2905 	 6.7633036679e+01 	 5.7026199641e-04
2900 	 3008 	 6.7633013575e+01 	 6.9059278756e-04
3000 	 3110 	 6.7632984548e+01 	 1.3292274751e-03
3100 	 3211 	 6.7632948279e+01 	 7.9314780951e-04
3200 	 3313 	 6.7632902854e+01 	 1.0114411827e-03
3300 	 3416 	 6.7632855306e+01 	 9.8340633515e-04
3400 	 3519 	 6.7632812689e+01 	 8.9290934165e-04
3500 	 3620 	 6.7632780604e+01 	 7.6504325693e-04
3600 	 3725 	 6.7632747197e+01 	 6.2613527703e-04
3700 	 3825 	 6.7632714291e+01 	 1.0913362797e-03
3800 	 3927 	 6.7632673805e+01 	 7.7102280815e-04
3900 	 4029 	 6.7632633998e+01 	 8.3151811010e-04
4000 	 4132 	 6.7632585097e+01 	 8.4184167747e-04
4100 	 4234 	 6.7632549096e+01 	 7.1702212436e-04
4200 	 4336 	 6.7632520186e+01 	 1.5312186659e-03
4300 	 4439 	 6.7632487051e+01 	 7.0531751843e-04
4400 	 4541 	 6.7632451083e+01 	 1.0617955933e-03
4500 	 4643 	 6.7632424329e+01 	 5.8363786174e-04
4600 	 4743 	 6.7632406230e+01 	 1.2063126211e-03
4700 	 4843 	 6.7632393962e+01 	 3.7498892891e-04
4800 	 4945 	 6.7632382675e+01 	 3.7556963521e-04
4900 	 5048 	 6.7632371969e+01 	 5.0084979897e-04
5000 	 5150 	 6.7632362218e+01 	 4.1580285153e-04
5100 	 5252 	 6.7632352818e+01 	 3.9372930746e-04
5200 	 5354 	 6.7632342556e+01 	 3.5287927672e-04
5300 	 5455 	 6.7632330398e+01 	 5.8542604505e-04
5400 	 5559 	 6.7632320123e+01 	 3.9233729421e-04
5500 	 5662 	 6.7632309959e+01 	 2.5090236476e-04
5600 	 5763 	 6.7632301779e+01 	 3.8623803860e-04
5700 	 5865 	 6.7632293741e+01 	 8.7227558884e-04
5800 	 5965 	 6.7632285582e+01 	 4.9364210604e-04
5900 	 6069 	 6.7632280273e+01 	 2.1678791968e-04
6000 	 6173 	 6.7632276084e+01 	 1.4547173389e-04
6100 	 6278 	 6.7632272044e+01 	 5.9498890534e-04
6200 	 6382 	 6.7632268458e+01 	 2.3486424043e-04
6300 	 6485 	 6.7632264903e+01 	 2.5383009203e-04
6400 	 6587 	 6.7632260699e+01 	 1.7234275382e-04
6500 	 6688 	 6.7632257609e+01 	 1.7201560344e-04
6600 	 6791 	 6.7632255253e+01 	 1.3854125329e-04
6700 	 6894 	 6.7632252766e+01 	 4.5990595015e-04
6800 	 6997 	 6.7632250553e+01 	 1.9899690447e-04
6900 	 7097 	 6.7632248368e+01 	 1.6303749494e-04
7000 	 7199 	 6.7632246348e+01 	 1.7464397586e-04
7100 	 7301 	 6.7632244723e+01 	 3.0833343748e-04
7200 	 7407 	 6.7632242967e+01 	 1.3007452427e-04
7300 	 7508 	 6.7632241574e+01 	 3.1288093213e-04
7400 	 7613 	 6.7632240156e+01 	 2.4171037240e-04
7500 	 7715 	 6.7632238906e+01 	 2.8550084094e-04
7600 	 7816 	 6.7632237773e+01 	 1.9798382319e-04
7700 	 7917 	 6.7632236659e+01 	 1.0885978855e-04
7800 	 8020 	 6.7632235758e+01 	 2.3526932579e-04
7900 	 8124 	 6.7632235058e+01 	 8.5654399385e-05
8000 	 8226 	 6.7632234355e+01 	 1.0506321993e-04
8100 	 8329 	 6.7632233644e+01 	 9.2092534929e-05
8200 	 8432 	 6.7632232633e+01 	 1.6018128384e-04
8300 	 8534 	 6.7632231700e+01 	 1.0462478030e-04
8400 	 8637 	 6.7632231109e+01 	 6.1703062664e-05
8500 	 8741 	 6.7632230716e+01 	 5.2967248828e-05
8600 	 8843 	 6.7632230390e+01 	 5.1329467307e-05
8700 	 8945 	 6.7632230075e+01 	 4.2629208084e-05
8800 	 9047 	 6.7632229821e+01 	 6.2135398525e-05
8900 	 9148 	 6.7632229433e+01 	 6.0364545925e-05
9000 	 9251 	 6.7632228993e+01 	 5.9690495897e-05
9100 	 9353 	 6.7632228519e+01 	 6.2975736611e-05
9200 	 9458 	 6.7632228056e+01 	 6.3691284104e-05
9300 	 9560 	 6.7632227565e+01 	 8.1846362583e-05
9400 	 9663 	 6.7632227035e+01 	 1.0022626138e-04
9500 	 9765 	 6.7632226527e+01 	 8.9462208395e-05
9600 	 9869 	 6.7632226139e+01 	 7.0543147788e-05
9700 	 9971 	 6.7632225758e+01 	 5.8101126305e-05
9800 	 10072 	 6.7632225510e+01 	 6.4016369056e-05
9900 	 10175 	 6.7632225379e+01 	 7.6454696354e-05
10000 	 10278 	 6.7632225268e+01 	 4.5687847879e-05
10100 	 10380 	 6.7632225191e+01 	 2.9557485904e-05
10200 	 10485 	 6.7632225107e+01 	 3.4306749297e-05
10300 	 10586 	 6.7632225021e+01 	 4.1751807213e-05
10400 	 10690 	 6.7632224932e+01 	 2.9821800067e-05
10500 	 10792 	 6.7632224846e+01 	 4.4575507263e-05
10600 	 10895 	 6.7632224777e+01 	 2.3341980180e-05
10700 	 10996 	 6.7632224725e+01 	 2.2942681931e-05
10800 	 11099 	 6.7632224665e+01 	 4.2901718019e-05
10900 	 11200 	 6.7632224597e+01 	 3.1174151959e-05
11000 	 11300 	 6.7632224530e+01 	 2.1035588236e-05
11100 	 11403 	 6.7632224471e+01 	 4.6144143327e-05
11200 	 11505 	 6.7632224403e+01 	 2.7930472120e-05
11300 	 11608 	 6.7632224342e+01 	 5.5283055792e-05
11400 	 11709 	 6.7632224279e+01 	 2.6803830780e-05
11500 	 11811 	 6.7632224228e+01 	 2.5066035285e-05
11600 	 11913 	 6.7632224175e+01 	 2.7126856593e-05
11700 	 12015 	 6.7632224124e+01 	 2.7936818031e-05
11800 	 12117 	 6.7632224083e+01 	 3.3224080039e-05
11900 	 12218 	 6.7632224040e+01 	 2.2867309093e-05
12000 	 12321 	 6.7632224007e+01 	 1.8119778533e-05
12100 	 12427 	 6.7632223979e+01 	 1.6794914100e-05
12200 	 12529 	 6.7632223961e+01 	 3.5362767219e-05
12300 	 12631 	 6.7632223945e+01 	 1.5532253669e-05
12400 	 12731 	 6.7632223929e+01 	 1.1457214513e-05
12500 	 12832 	 6.7632223920e+01 	 1.8984770606e-05
12600 	 12935 	 6.7632223911e+01 	 1.5431816890e-05
12700 	 13038 	 6.7632223904e+01 	 1.6285137025e-05
12800 	 13141 	 6.7632223895e+01 	 1.0979499516e-05
12900 	 13241 	 6.7632223886e+01 	 9.8426083800e-06
13000 	 13344 	 6.7632223876e+01 	 1.0880131683e-05
13100 	 13446 	 6.7632223865e+01 	 8.3677161245e-06
13200 	 13547 	 6.7632223853e+01 	 1.2005644167e-05
13300 	 13648 	 6.7632223842e+01 	 1.0933099539e-05
13400 	 13753 	 6.7632223831e+01 	 1.5293945453e-05
13500 	 13855 	 6.7632223819e+01 	 1.5123362369e-05
13600 	 13955 	 6.7632223806e+01 	 1.1918404719e-05
13700 	 14058 	 6.7632223793e+01 	 1.4465779788e-05
13800 	 14161 	 6.7632223784e+01 	 9.2934351828e-06
13900 	 14264 	 6.7632223777e+01 	 8.2914706596e-06
14000 	 14366 	 6.7632223773e+01 	 5.7216978681e-06
14100 	 14468 	 6.7632223768e+01 	 5.2435316408e-06
14200 	 14570 	 6.7632223765e+01 	 7.1695936779e-06
14300 	 14675 	 6.7632223762e+01 	 4.3260741379e-06
14400 	 14779 	 6.7632223759e+01 	 5.7316784992e-06
14500 	 14884 	 6.7632223757e+01 	 4.7485646523e-06
14600 	 14985 	 6.7632223755e+01 	 6.6684479713e-06
14700 	 15089 	 6.7632223753e+01 	 4.2659099346e-06
14800 	 15193 	 6.7632223752e+01 	 5.2912143629e-06
14900 	 15295 	 6.7632223750e+01 	 8.9791520528e-06
15000 	 15398 	 6.7632223748e+01 	 8.3015461687e-06
15100 	 15501 	 6.7632223747e+01 	 3.0753490167e-06
15200 	 15604 	 6.7632223746e+01 	 6.4118648130e-06
15300 	 15707 	 6.7632223744e+01 	 4.8023092945e-06
15400 	 15807 	 6.7632223743e+01 	 3.4041004109e-06
15500 	 15911 	 6.7632223741e+01 	 3.7692212654e-06
15600 	 16011 	 6.7632223740e+01 	 3.4815600444e-06
15700 	 16113 	 6.7632223739e+01 	 2.4204971187e-06
15800 	 16215 	 6.7632223739e+01 	 2.7284873981e-06
15900 	 16318 	 6.7632223738e+01 	 4.9128426080e-06
16000 	 16423 	 6.7632223737e+01 	 6.7643589389e-06
16100 	 16525 	 6.7632223736e+01 	 5.4283635521e-06
16200 	 16628 	 6.7632223735e+01 	 3.5201052999e-06
16300 	 16728 	 6.7632223734e+01 	 3.6674741561e-06
16400 	 16831 	 6.7632223733e+01 	 3.0851110982e-06
16500 	 16932 	 6.7632223732e+01 	 2.7413635042e-06
16600 	 17034 	 6.7632223732e+01 	 4.2602865904e-06
16700 	 17137 	 6.7632223731e+01 	 3.3218183920e-06
16800 	 17242 	 6.7632223731e+01 	 2.4841577585e-06
16900 	 17343 	 6.7632223730e+01 	 3.2421304796e-06
17000 	 17446 	 6.7632223730e+01 	 4.5838624708e-06
17100 	 17551 	 6.7632223730e+01 	 1.3865359934e-06
17200 	 17655 	 6.7632223729e+01 	 1.1925581481e-06
17300 	 17758 	 6.7632223729e+01 	 1.8549679151e-06
17400 	 17861 	 6.7632223729e+01 	 1.0888434412e-06
17500 	 17966 	 6.7632223729e+01 	 1.4880290062e-06
17600 	 18069 	 6.7632223729e+01 	 1.7609223241e-06
17700 	 18173 	 6.7632223729e+01 	 1.1973096275e-06
17800 	 18276 	 6.7632223728e+01 	 9.4751135054e-07
17900 	 18379 	 6.7632223728e+01 	 8.9265810963e-07
18000 	 18489 	 6.7632223728e+01 	 4.8509613070e-07
18100 	 18598 	 6.7632223728e+01 	 3.9094326727e-07
18200 	 18709 	 6.7632223728e+01 	 3.9959590045e-07
# ---- 
 1 		 18228 	 18756 		 7.4435854219e+01 	 6.7632223728e+01 	 4.0644818727e-07
# ---- 
