100 	 104 	 6.5868208758e-01 	 8.2130643743e-02
200 	 206 	 6.1811135545e-01 	 1.3259956363e-02
300 	 310 	 6.1440960039e-01 	 3.6645364252e-03
400 	 412 	 6.1364779868e-01 	 3.2970952071e-03
500 	 513 	 6.1314553220e-01 	 8.2929342873e-03
600 	 616 	 6.1287674334e-01 	 1.7861813624e-03
700 	 718 	 6.1259918544e-01 	 3.7994662840e-03
800 	 822 	 6.1222837102e-01 	 2.2740607912e-03
900 	 924 	 6.1198773747e-01 	 4.8477492536e-03
1000 	 1026 	 6.1180157785e-01 	 1.7372080067e-03
1100 	 1129 	 6.1162219932e-01 	 1.2265898719e-03
1200 	 1231 	 6.1142037776e-01 	 2.4107669806e-03
1300 	 1334 	 6.1123940271e-01 	 1.4527526136e-03
1400 	 1437 	 6.1111593482e-01 	 1.0825288911e-03
1500 	 1543 	 6.1097655647e-01 	 2.6434733333e-03
1600 	 1644 	 6.1083361879e-01 	 2.2580888592e-03
1700 	 1747 	 6.1071972537e-01 	 1.1277277486e-03
1800 	 1848 	 6.1063131424e-01 	 1.3234613689e-03
1900 	 1953 	 6.1051033249e-01 	 1.0532365862e-03
2000 	 2054 	 6.1037886015e-01 	 1.3741528736e-03
2100 	 2154 	 6.1027526094e-01 	 1.3982826310e-03
2200 	 2257 	 6.1018767685e-01 	 8.7545290680e-04
2300 	 2359 	 6.1012243849e-01 	 2.0886547862e-03
2400 	 2460 	 6.1005332226e-01 	 1.2194549462e-03
2500 	 2561 	 6.0999361113e-01 	 2.0150629491e-03
2600 	 2662 	 6.0992200451e-01 	 7.8665687383e-04
2700 	 2764 	 6.0984380649e-01 	 7.9561252765e-04
2800 	 2867 	 6.0978804028e-01 	 8.8836931576e-04
2900 	 2971 	 6.0972114274e-01 	 6.9325798700e-04
3000 	 3074 	 6.0964991441e-01 	 6.7931231488e-04
3100 	 3175 	 6.0958559975e-01 	 6.7166938956e-04
3200 	 3279 	 6.0953550613e-01 	 9.8830230183e-04
3300 	 3381 	 6.0947674056e-01 	 9.5920355650e-04
3400 	 3484 	 6.0942398063e-01 	 7.7497541877e-04
3500 	 3588 	 6.0939466688e-01 	 1.0717912768e-03
3600 	 3689 	 6.0936449901e-01 	 1.2926432580e-03
3700 	 3790 	 6.0933029737e-01 	 8.8169656384e-04
3800 	 3892 	 6.0930074564e-01 	 6.4364149581e-04
3900 	 3993 	 6.0927925970e-01 	 5.1472953257e-04
4000 	 4095 	 6.0926290990e-01 	 5.4971938384e-04
4100 	 4200 	 6.0924331256e-01 	 5.2512327519e-04
4200 	 4302 	 6.0921709300e-01 	 5.8939350902e-04
4300 	 4405 	 6.0918947106e-01 	 5.8355895571e-04
4400 	 4507 	 6.0916327029e-01 	 9.3996748212e-04
4500 	 4608 	 6.0914027754e-01 	 5.7186528997e-04
4600 	 4709 	 6.0911251000e-01 	 5.6398382210e-04
4700 	 4811 	 6.0908893991e-01 	 4.2350781282e-04
4800 	 4911 	 6.0906557589e-01 	 8.9962812639e-04
4900 	 5015 	 6.0902666283e-01 	 6.4443874499e-04
5000 	 5117 	 6.0898824589e-01 	 7.3693686961e-04
5100 	 5218 	 6.0895166165e-01 	 1.7164276394e-03
5200 	 5321 	 6.0891323330e-01 	 6.1624151871e-04
5300 	 5423 	 6.0888307563e-01 	 5.8034250011e-04
5400 	 5527 	 6.0885612012e-01 	 6.8248721415e-04
5500 	 5628 	 6.0882599721e-01 	 5.2507850017e-04
5600 	 5728 	 6.0879802273e-01 	 6.0810407319e-04
5700 	 5830 	 6.0877364593e-01 	 3.7672634247e-04
5800 	 5932 	 6.0875226120e-01 	 6.1265232069e-04
5900 	 6035 	 6.0873329983e-01 	 6.9276294637e-04
6000 	 6136 	 6.0871726824e-01 	 4.3713637436e-04
6100 	 6241 	 6.0870428984e-01 	 3.5834420412e-04
6200 	 6344 	 6.0869212244e-01 	 3.0283760901e-04
6300 	 6446 	 6.0868111997e-01 	 3.0520081890e-04
6400 	 6547 	 6.0867010619e-01 	 5.3683699133e-04
6500 	 6652 	 6.0865938300e-01 	 3.0636223803e-04
6600 	 6754 	 6.0864790591e-01 	 2.9857683229e-04
6700 	 6857 	 6.0863745388e-01 	 3.4499744873e-04
6800 	 6960 	 6.0862536316e-01 	 4.4381530541e-04
6900 	 7063 	 6.0861113578e-01 	 4.3910107269e-04
7000 	 7165 	 6.0859474844e-01 	 4.7889272618e-04
7100 	 7270 	 6.0858333929e-01 	 6.9352100272e-04
7200 	 7373 	 6.0857308917e-01 	 5.4543447750e-04
7300 	 7474 	 6.0856232999e-01 	 5.8425651714e-04
7400 	 7574 	 6.0855384125e-01 	 3.5187896907e-04
7500 	 7675 	 6.0854408305e-01 	 3.1696536717e-04
7600 	 7775 	 6.0853345914e-01 	 4.0699332461e-04
7700 	 7879 	 6.0852600637e-01 	 2.9899130760e-04
7800 	 7984 	 6.0851940177e-01 	 3.9489897289e-04
7900 	 8087 	 6.0851401629e-01 	 1.6826634067e-04
8000 	 8190 	 6.0850866559e-01 	 2.6129140205e-04
8100 	 8293 	 6.0850326508e-01 	 2.2900700972e-04
8200 	 8397 	 6.0849962703e-01 	 1.8054858162e-04
8300 	 8500 	 6.0849665587e-01 	 1.9457286479e-04
8400 	 8602 	 6.0849386584e-01 	 1.6697645749e-04
8500 	 8704 	 6.0849101929e-01 	 1.9661142024e-04
8600 	 8805 	 6.0848817162e-01 	 1.8418503892e-04
8700 	 8906 	 6.0848506748e-01 	 2.5790315248e-04
8800 	 9010 	 6.0848232781e-01 	 3.7277315395e-04
8900 	 9111 	 6.0847981656e-01 	 1.7057042006e-04
9000 	 9214 	 6.0847704888e-01 	 1.8485014762e-04
9100 	 9316 	 6.0847426070e-01 	 1.6130898184e-04
9200 	 9419 	 6.0847215031e-01 	 1.3114005974e-04
9300 	 9521 	 6.0846968353e-01 	 4.8485799728e-04
9400 	 9623 	 6.0846690080e-01 	 2.8375252135e-04
9500 	 9726 	 6.0846439485e-01 	 1.5539923188e-04
9600 	 9828 	 6.0846132493e-01 	 1.8289216418e-04
9700 	 9929 	 6.0845880172e-01 	 1.7082919609e-04
9800 	 10032 	 6.0845585779e-01 	 1.6632376260e-04
9900 	 10135 	 6.0845310979e-01 	 1.4031856431e-04
10000 	 10238 	 6.0845067289e-01 	 1.3140679043e-04
10100 	 10342 	 6.0844847061e-01 	 3.5063936426e-04
10200 	 10445 	 6.0844683116e-01 	 2.5834496121e-04
10300 	 10545 	 6.0844518187e-01 	 1.5825162777e-04
10400 	 10647 	 6.0844341693e-01 	 1.3373472232e-04
10500 	 10749 	 6.0844204994e-01 	 1.1197311040e-04
10600 	 10854 	 6.0844109774e-01 	 2.3470056720e-04
10700 	 10956 	 6.0844032973e-01 	 1.2062725805e-04
10800 	 11059 	 6.0843948299e-01 	 1.7415985170e-04
10900 	 11161 	 6.0843860052e-01 	 7.5291857217e-05
11000 	 11263 	 6.0843778670e-01 	 8.3647272104e-05
11100 	 11365 	 6.0843685516e-01 	 1.2538245387e-04
11200 	 11470 	 6.0843549975e-01 	 1.2755971894e-04
11300 	 11572 	 6.0843421968e-01 	 8.9587182417e-05
11400 	 11674 	 6.0843309101e-01 	 1.8964045901e-04
11500 	 11777 	 6.0843186580e-01 	 1.1336598549e-04
11600 	 11880 	 6.0843051903e-01 	 1.5672278054e-04
11700 	 11980 	 6.0842956575e-01 	 8.4329610116e-05
11800 	 12082 	 6.0842876023e-01 	 2.2883882638e-04
11900 	 12185 	 6.0842809469e-01 	 1.1880568057e-04
12000 	 12289 	 6.0842731301e-01 	 1.2838989750e-04
12100 	 12393 	 6.0842657910e-01 	 1.1165045166e-04
12200 	 12497 	 6.0842589463e-01 	 8.2460405727e-05
12300 	 12600 	 6.0842515465e-01 	 1.1527719557e-04
12400 	 12703 	 6.0842439088e-01 	 1.0172945683e-04
12500 	 12806 	 6.0842363033e-01 	 1.9589293783e-04
12600 	 12909 	 6.0842304122e-01 	 7.9774618283e-05
12700 	 13012 	 6.0842256638e-01 	 5.4439072494e-05
12800 	 13113 	 6.0842212775e-01 	 1.6832561971e-04
12900 	 13216 	 6.0842168060e-01 	 5.9521257948e-05
13000 	 13320 	 6.0842122246e-01 	 6.8602344748e-05
13100 	 13423 	 6.0842082551e-01 	 6.4413604818e-05
13200 	 13527 	 6.0842041199e-01 	 7.3389868320e-05
13300 	 13629 	 6.0842004950e-01 	 5.0609972526e-05
13400 	 13732 	 6.0841972938e-01 	 8.9880467490e-05
13500 	 13835 	 6.0841937909e-01 	 1.3395982950e-04
13600 	 13937 	 6.0841902884e-01 	 2.0009031352e-04
13700 	 14038 	 6.0841876284e-01 	 5.9275240041e-05
13800 	 14141 	 6.0841849379e-01 	 4.9549294866e-05
13900 	 14243 	 6.0841826444e-01 	 1.2548765590e-04
14000 	 14344 	 6.0841806745e-01 	 5.8806526523e-05
14100 	 14444 	 6.0841789975e-01 	 5.7578905655e-05
14200 	 14544 	 6.0841775704e-01 	 4.2383123034e-05
14300 	 14648 	 6.0841765391e-01 	 2.8475030707e-05
14400 	 14752 	 6.0841756753e-01 	 4.2054687520e-05
14500 	 14856 	 6.0841746710e-01 	 3.6573846199e-05
14600 	 14959 	 6.0841735987e-01 	 5.5428416122e-05
14700 	 15060 	 6.0841724128e-01 	 5.0246089801e-05
14800 	 15161 	 6.0841710677e-01 	 3.0114642532e-05
14900 	 15263 	 6.0841697326e-01 	 4.0904664995e-05
15000 	 15364 	 6.0841683901e-01 	 3.9340238908e-05
15100 	 15467 	 6.0841669170e-01 	 3.5699194352e-05
15200 	 15569 	 6.0841651002e-01 	 3.6609799315e-05
15300 	 15670 	 6.0841636764e-01 	 4.7997074701e-05
15400 	 15772 	 6.0841624070e-01 	 4.4660857120e-05
15500 	 15873 	 6.0841615065e-01 	 2.7338208519e-05
15600 	 15973 	 6.0841607877e-01 	 2.9896312220e-05
15700 	 16077 	 6.0841601938e-01 	 2.9359548650e-05
15800 	 16177 	 6.0841594851e-01 	 2.8036330730e-05
15900 	 16277 	 6.0841585398e-01 	 5.1885636504e-05
16000 	 16380 	 6.0841574717e-01 	 6.6192895920e-05
16100 	 16481 	 6.0841563964e-01 	 3.8570439761e-05
16200 	 16586 	 6.0841552570e-01 	 3.3329277338e-05
16300 	 16687 	 6.0841542823e-01 	 3.5198142717e-05
16400 	 16789 	 6.0841534880e-01 	 2.9480737890e-05
16500 	 16892 	 6.0841527254e-01 	 2.7198525803e-05
16600 	 16992 	 6.0841520627e-01 	 2.4701891518e-05
16700 	 17093 	 6.0841514562e-01 	 2.6720184632e-05
16800 	 17195 	 6.0841508404e-01 	 4.2297814289e-05
16900 	 17297 	 6.0841502825e-01 	 4.4419909490e-05
17000 	 17398 	 6.0841499220e-01 	 6.0098776083e-05
17100 	 17501 	 6.0841496153e-01 	 2.8323298106e-05
17200 	 17604 	 6.0841494120e-01 	 1.1380144498e-05
17300 	 17706 	 6.0841492598e-01 	 1.5889086545e-05
17400 	 17811 	 6.0841490743e-01 	 1.5591890308e-05
17500 	 17913 	 6.0841488221e-01 	 1.8420013698e-05
17600 	 18018 	 6.0841485293e-01 	 3.9704625149e-05
17700 	 18119 	 6.0841481541e-01 	 1.8454155158e-05
17800 	 18222 	 6.0841475480e-01 	 2.1302326048e-05
17900 	 18326 	 6.0841467845e-01 	 4.4265859680e-05
18000 	 18430 	 6.0841456308e-01 	 4.0060033204e-05
18100 	 18532 	 6.0841440943e-01 	 4.3054516350e-05
18200 	 18632 	 6.0841427935e-01 	 3.4360161243e-05
18300 	 18733 	 6.0841418737e-01 	 3.1612501148e-05
18400 	 18837 	 6.0841411455e-01 	 2.2846469728e-05
18500 	 18939 	 6.0841405918e-01 	 3.8293194860e-05
18600 	 19040 	 6.0841399349e-01 	 2.5219527437e-05
18700 	 19142 	 6.0841395023e-01 	 2.7216712675e-05
18800 	 19243 	 6.0841392307e-01 	 1.8720475451e-05
18900 	 19344 	 6.0841389903e-01 	 1.2848687629e-05
19000 	 19447 	 6.0841387872e-01 	 1.8003899632e-05
19100 	 19550 	 6.0841385370e-01 	 2.0474949098e-05
19200 	 19652 	 6.0841382658e-01 	 1.9029119059e-05
19300 	 19755 	 6.0841379457e-01 	 1.7913087256e-05
19400 	 19859 	 6.0841376930e-01 	 1.5762195052e-05
19500 	 19961 	 6.0841374981e-01 	 1.7116135198e-05
19600 	 20063 	 6.0841373717e-01 	 1.5299728063e-05
19700 	 20167 	 6.0841372963e-01 	 6.6145322342e-06
19800 	 20268 	 6.0841372407e-01 	 8.3537961816e-06
19900 	 20370 	 6.0841371974e-01 	 5.4108164934e-06
20000 	 20473 	 6.0841371492e-01 	 6.3569234496e-06
20100 	 20578 	 6.0841371101e-01 	 1.1976322766e-05
20200 	 20679 	 6.0841370775e-01 	 6.9681052684e-06
20300 	 20781 	 6.0841370363e-01 	 6.5451409506e-06
20400 	 20881 	 6.0841369783e-01 	 2.2692704435e-05
20500 	 20984 	 6.0841369125e-01 	 6.4486443325e-06
20600 	 21086 	 6.0841368365e-01 	 7.6687402668e-06
20700 	 21191 	 6.0841367652e-01 	 6.1859942122e-06
20800 	 21295 	 6.0841367124e-01 	 1.6405305401e-05
20900 	 21396 	 6.0841366629e-01 	 2.1296241784e-05
21000 	 21498 	 6.0841366056e-01 	 1.4767139771e-05
21100 	 21599 	 6.0841365405e-01 	 2.1252784580e-05
21200 	 21700 	 6.0841364503e-01 	 9.4289351094e-06
21300 	 21804 	 6.0841363649e-01 	 2.4676989342e-05
21400 	 21908 	 6.0841362577e-01 	 1.0543548092e-05
21500 	 22010 	 6.0841361652e-01 	 1.0393527332e-05
21600 	 22114 	 6.0841360771e-01 	 7.7703150611e-06
21700 	 22216 	 6.0841359923e-01 	 9.1860015256e-06
21800 	 22317 	 6.0841359082e-01 	 9.4027777159e-06
21900 	 22418 	 6.0841357980e-01 	 1.0907912579e-05
22000 	 22519 	 6.0841356780e-01 	 1.0385446203e-05
22100 	 22622 	 6.0841355903e-01 	 8.0993362868e-06
22200 	 22722 	 6.0841355179e-01 	 1.0250340486e-05
22300 	 22827 	 6.0841354614e-01 	 1.3694947541e-05
22400 	 22928 	 6.0841354135e-01 	 8.2250509894e-06
100 	 104 	 6.5868208693e-01 	 8.2130600645e-02
200 	 205 	 6.1788889624e-01 	 2.1179890247e-02
300 	 307 	 6.1440642854e-01 	 3.2160938975e-03
400 	 409 	 6.1364100584e-01 	 5.2466565737e-03
500 	 512 	 6.1314562196e-01 	 2.6717714210e-03
600 	 613 	 6.1287750694e-01 	 2.0822092865e-03
700 	 715 	 6.1260420854e-01 	 1.9973413533e-03
800 	 818 	 6.1223441179e-01 	 1.6666579093e-03
900 	 922 	 6.1198258446e-01 	 3.5908131343e-03
1000 	 1026 	 6.1180407038e-01 	 1.9702674428e-03
1100 	 1129 	 6.1164378064e-01 	 1.8297916354e-03
1200 	 1232 	 6.1145249807e-01 	 2.1058024172e-03
1300 	 1333 	 6.1128906354e-01 	 1.1370998567e-03
1400 	 1435 	 6.1119306035e-01 	 1.7522199566e-03
1500 	 1536 	 6.1107567715e-01 	 1.3222241007e-03
1600 	 1638 	 6.1094838614e-01 	 1.7175228095e-03
1700 	 1739 	 6.1082327029e-01 	 2.2962404495e-03
1800 	 1841 	 6.1072560889e-01 	 7.5001875398e-04
1900 	 1943 	 6.1058273562e-01 	 1.5335933100e-03
2000 	 2045 	 6.1040402576e-01 	 1.3854043450e-03
2100 	 2145 	 6.1027495511e-01 	 1.1688977705e-03
2200 	 2248 	 6.1019325222e-01 	 1.5466239414e-03
2300 	 2351 	 6.1013337808e-01 	 8.1735129585e-04
2400 	 2453 	 6.1008007708e-01 	 1.0943514589e-03
2500 	 2554 	 6.1001069128e-01 	 9.4551037401e-04
2600 	 2655 	 6.0994438479e-01 	 8.6861090008e-04
2700 	 2757 	 6.0986879468e-01 	 1.1132445570e-03
2800 	 2860 	 6.0980234416e-01 	 7.8511718029e-04
2900 	 2963 	 6.0973554524e-01 	 9.3956462117e-04
3000 	 3066 	 6.0964766339e-01 	 9.4355979946e-04
3100 	 3170 	 6.0955574535e-01 	 1.4550848230e-03
3200 	 3272 	 6.0949172572e-01 	 6.3280533093e-04
3300 	 3376 	 6.0944137491e-01 	 9.1724257272e-04
3400 	 3478 	 6.0938759328e-01 	 6.3803904577e-04
3500 	 3581 	 6.0934988855e-01 	 5.8152709491e-04
3600 	 3683 	 6.0930743612e-01 	 8.9519687440e-04
3700 	 3786 	 6.0927864322e-01 	 5.3236783371e-04
3800 	 3889 	 6.0925493050e-01 	 6.4008308614e-04
3900 	 3993 	 6.0923245679e-01 	 6.3722726464e-04
4000 	 4100 	 6.0921359450e-01 	 7.6637886527e-04
4100 	 4203 	 6.0918992669e-01 	 5.2494833842e-04
4200 	 4305 	 6.0916894631e-01 	 4.9968678354e-04
4300 	 4409 	 6.0914994317e-01 	 7.8782740213e-04
4400 	 4510 	 6.0913201649e-01 	 4.8920363732e-04
4500 	 4613 	 6.0911689062e-01 	 7.6956239451e-04
4600 	 4716 	 6.0910265319e-01 	 6.4833343107e-04
4700 	 4820 	 6.0908627943e-01 	 6.2790951173e-04
4800 	 4921 	 6.0906787812e-01 	 6.9168768325e-04
4900 	 5024 	 6.0904477635e-01 	 6.8283351061e-04
5000 	 5126 	 6.0902913030e-01 	 4.9441220828e-04
5100 	 5228 	 6.0900431302e-01 	 6.1571886297e-04
5200 	 5331 	 6.0897821974e-01 	 7.4156542499e-04
5300 	 5433 	 6.0895170384e-01 	 6.3458087392e-04
5400 	 5534 	 6.0892307124e-01 	 1.3098978106e-03
5500 	 5635 	 6.0889802069e-01 	 5.0253358728e-04
5600 	 5738 	 6.0887039069e-01 	 6.5755757108e-04
5700 	 5841 	 6.0882541695e-01 	 1.1247328569e-03
5800 	 5942 	 6.0879093543e-01 	 6.0341352353e-04
5900 	 6044 	 6.0876453662e-01 	 4.5029806616e-04
6000 	 6148 	 6.0874288262e-01 	 4.4005834205e-04
6100 	 6251 	 6.0872633834e-01 	 3.4398194164e-04
6200 	 6351 	 6.0870658476e-01 	 5.1967429260e-04
6300 	 6452 	 6.0868596545e-01 	 4.3484785765e-04
6400 	 6555 	 6.0866517069e-01 	 3.5660400360e-04
6500 	 6657 	 6.0864424026e-01 	 5.2712329359e-04
6600 	 6760 	 6.0862648829e-01 	 3.4092219500e-04
6700 	 6862 	 6.0861256108e-01 	 4.7402075852e-04
6800 	 6965 	 6.0859946517e-01 	 4.0743502488e-04
6900 	 7067 	 6.0858424310e-01 	 4.6682351443e-04
7000 	 7169 	 6.0856730709e-01 	 3.2856850154e-04
7100 	 7272 	 6.0855554676e-01 	 2.9911472493e-04
7200 	 7375 	 6.0854523424e-01 	 2.8427288412e-04
7300 	 7478 	 6.0853471636e-01 	 2.8166565330e-04
7400 	 7580 	 6.0852636631e-01 	 2.8553619298e-04
7500 	 7682 	 6.0852024042e-01 	 6.8015913411e-04
7600 	 7784 	 6.0851326723e-01 	 4.7697075896e-04
7700 	 7887 	 6.0850630710e-01 	 2.6549280821e-04
7800 	 7988 	 6.0849965104e-01 	 2.7544289571e-04
7900 	 8093 	 6.0849453618e-01 	 3.0663254680e-04
8000 	 8199 	 6.0849030893e-01 	 2.6534232931e-04
8100 	 8303 	 6.0848639900e-01 	 2.1299630853e-04
8200 	 8406 	 6.0848290077e-01 	 1.5112282509e-04
8300 	 8508 	 6.0847981368e-01 	 2.8789510820e-04
8400 	 8608 	 6.0847741125e-01 	 1.8437001954e-04
8500 	 8711 	 6.0847507437e-01 	 1.4092349313e-04
8600 	 8812 	 6.0847322004e-01 	 9.8995097950e-05
8700 	 8914 	 6.0847169646e-01 	 1.2976839710e-04
8800 	 9016 	 6.0846989376e-01 	 1.4506731053e-04
8900 	 9118 	 6.0846837919e-01 	 1.1559465162e-04
9000 	 9220 	 6.0846728560e-01 	 1.6795714952e-04
9100 	 9322 	 6.0846603530e-01 	 1.2309470145e-04
9200 	 9423 	 6.0846473045e-01 	 3.1396927551e-04
9300 	 9524 	 6.0846318343e-01 	 1.5131036615e-04
9400 	 9625 	 6.0846156328e-01 	 1.8011269252e-04
9500 	 9730 	 6.0845997054e-01 	 1.5823681388e-04
9600 	 9831 	 6.0845833047e-01 	 2.1931115439e-04
9700 	 9933 	 6.0845631902e-01 	 4.9212346174e-04
9800 	 10040 	 6.0845336832e-01 	 2.3167064889e-04
9900 	 10142 	 6.0844988506e-01 	 2.2677119052e-04
10000 	 10246 	 6.0844629282e-01 	 1.8620302397e-04
10100 	 10350 	 6.0844386379e-01 	 1.6301564658e-04
10200 	 10451 	 6.0844229063e-01 	 7.9785490212e-05
10300 	 10553 	 6.0844135237e-01 	 1.6611865884e-04
10400 	 10655 	 6.0844048581e-01 	 9.9728137258e-05
10500 	 10757 	 6.0843963430e-01 	 9.8982114636e-05
10600 	 10858 	 6.0843871046e-01 	 2.7444368539e-04
10700 	 10960 	 6.0843762139e-01 	 9.0177086255e-05
10800 	 11063 	 6.0843625293e-01 	 1.3690375280e-04
10900 	 11163 	 6.0843449347e-01 	 1.2598459213e-04
11000 	 11263 	 6.0843238194e-01 	 1.3854143059e-04
11100 	 11365 	 6.0843073716e-01 	 3.2456685366e-04
11200 	 11466 	 6.0842914906e-01 	 1.5512349531e-04
11300 	 11567 	 6.0842768730e-01 	 1.1875159526e-04
11400 	 11667 	 6.0842694473e-01 	 6.1258276753e-05
11500 	 11771 	 6.0842634655e-01 	 1.0659064565e-04
11600 	 11875 	 6.0842578299e-01 	 7.8353591067e-05
11700 	 11976 	 6.0842532834e-01 	 9.2682925197e-05
11800 	 12078 	 6.0842483695e-01 	 5.8673267300e-05
11900 	 12179 	 6.0842440050e-01 	 9.7228569754e-05
12000 	 12281 	 6.0842396192e-01 	 7.1866193751e-05
12100 	 12383 	 6.0842358514e-01 	 5.6594129423e-05
12200 	 12487 	 6.0842323775e-01 	 4.8782627371e-05
12300 	 12589 	 6.0842293089e-01 	 4.5631032152e-05
12400 	 12692 	 6.0842259965e-01 	 6.8915173862e-05
12500 	 12794 	 6.0842208647e-01 	 9.2983525595e-05
12600 	 12894 	 6.0842147863e-01 	 8.7772830790e-05
12700 	 12997 	 6.0842092690e-01 	 7.4436703111e-05
12800 	 13100 	 6.0842055093e-01 	 4.3849407764e-05
12900 	 13202 	 6.0842026375e-01 	 4.6573267032e-05
13000 	 13304 	 6.0841999924e-01 	 6.5844939146e-05
13100 	 13406 	 6.0841974149e-01 	 8.3679969351e-05
13200 	 13510 	 6.0841955435e-01 	 4.0592793985e-05
13300 	 13614 	 6.0841936531e-01 	 4.5658778845e-05
13400 	 13715 	 6.0841914753e-01 	 7.4942079611e-05
13500 	 13818 	 6.0841894067e-01 	 5.7951902122e-05
13600 	 13920 	 6.0841862380e-01 	 6.4911588075e-05
13700 	 14024 	 6.0841833565e-01 	 1.4578870132e-04
13800 	 14127 	 6.0841801655e-01 	 1.1917047287e-04
13900 	 14231 	 6.0841773612e-01 	 5.3417630190e-05
14000 	 14334 	 6.0841754400e-01 	 4.5068119622e-05
14100 	 14435 	 6.0841737428e-01 	 4.2116145536e-05
14200 	 14536 	 6.0841722045e-01 	 3.8950568658e-05
14300 	 14640 	 6.0841708861e-01 	 3.7610412395e-05
14400 	 14742 	 6.0841696762e-01 	 3.7864186780e-05
14500 	 14842 	 6.0841684451e-01 	 3.2662662043e-05
14600 	 14943 	 6.0841674190e-01 	 2.6938120875e-05
14700 	 15045 	 6.0841664742e-01 	 2.7221579974e-05
14800 	 15147 	 6.0841657032e-01 	 2.9394436254e-05
14900 	 15250 	 6.0841646114e-01 	 3.9049303042e-05
15000 	 15352 	 6.0841634129e-01 	 6.3958829526e-05
15100 	 15455 	 6.0841622959e-01 	 3.5362520504e-05
15200 	 15557 	 6.0841611081e-01 	 3.6237648834e-05
15300 	 15659 	 6.0841600278e-01 	 3.5516263631e-05
15400 	 15761 	 6.0841590311e-01 	 4.5194674955e-05
15500 	 15863 	 6.0841578486e-01 	 5.8714300426e-05
15600 	 15966 	 6.0841564456e-01 	 3.7109033803e-05
15700 	 16067 	 6.0841550193e-01 	 3.8571130495e-05
15800 	 16171 	 6.0841535767e-01 	 4.7029582808e-05
15900 	 16273 	 6.0841522502e-01 	 2.8393263304e-05
16000 	 16376 	 6.0841512068e-01 	 3.3361592448e-05
16100 	 16478 	 6.0841501724e-01 	 3.4377665209e-05
16200 	 16580 	 6.0841492320e-01 	 2.9280497873e-05
16300 	 16682 	 6.0841485767e-01 	 2.2917084089e-05
16400 	 16783 	 6.0841480331e-01 	 2.2284607989e-05
16500 	 16887 	 6.0841475594e-01 	 3.7829333268e-05
16600 	 16988 	 6.0841471601e-01 	 4.7378791331e-05
16700 	 17091 	 6.0841467563e-01 	 4.3171866347e-05
16800 	 17192 	 6.0841464562e-01 	 2.4940706336e-05
16900 	 17294 	 6.0841462204e-01 	 1.2107993312e-05
17000 	 17396 	 6.0841460227e-01 	 1.6942755493e-05
17100 	 17497 	 6.0841458117e-01 	 2.3002402006e-05
17200 	 17599 	 6.0841456108e-01 	 1.9218724375e-05
17300 	 17701 	 6.0841454147e-01 	 4.8364897710e-05
17400 	 17803 	 6.0841451548e-01 	 1.8471510502e-05
17500 	 17905 	 6.0841448594e-01 	 1.5066892596e-05
17600 	 18009 	 6.0841445953e-01 	 1.8967340857e-05
17700 	 18113 	 6.0841442398e-01 	 1.9638542407e-05
17800 	 18214 	 6.0841437195e-01 	 3.4679992050e-05
17900 	 18316 	 6.0841430917e-01 	 4.0301933922e-05
18000 	 18420 	 6.0841424578e-01 	 4.0357490277e-05
18100 	 18523 	 6.0841419111e-01 	 1.9701364780e-05
18200 	 18627 	 6.0841415641e-01 	 2.0548229570e-05
18300 	 18728 	 6.0841411576e-01 	 2.2365251786e-05
18400 	 18831 	 6.0841407676e-01 	 2.0451499573e-05
18500 	 18936 	 6.0841404108e-01 	 1.7450500276e-05
18600 	 19037 	 6.0841400303e-01 	 2.1442695871e-05
18700 	 19141 	 6.0841396025e-01 	 2.0463728051e-05
18800 	 19244 	 6.0841391349e-01 	 2.3744009578e-05
18900 	 19346 	 6.0841386672e-01 	 6.1722667439e-05
19000 	 19447 	 6.0841382643e-01 	 1.8294054660e-05
19100 	 19550 	 6.0841379980e-01 	 2.2599918425e-05
19200 	 19650 	 6.0841377863e-01 	 1.1182232244e-05
19300 	 19755 	 6.0841375995e-01 	 1.2887407310e-05
19400 	 19857 	 6.0841374464e-01 	 1.3450258970e-05
19500 	 19959 	 6.0841373309e-01 	 1.1240861327e-05
19600 	 20063 	 6.0841372560e-01 	 2.5471191528e-05
19700 	 20164 	 6.0841371893e-01 	 7.2477789256e-06
19800 	 20264 	 6.0841371294e-01 	 5.7566498331e-06
19900 	 20367 	 6.0841370671e-01 	 8.2388458508e-06
20000 	 20470 	 6.0841370040e-01 	 7.2748372433e-06
20100 	 20572 	 6.0841369194e-01 	 1.0399079913e-05
20200 	 20674 	 6.0841368325e-01 	 1.5096275306e-05
20300 	 20774 	 6.0841367389e-01 	 9.1896126668e-06
20400 	 20875 	 6.0841366446e-01 	 1.4667679351e-05
20500 	 20976 	 6.0841365534e-01 	 2.4683088037e-05
20600 	 21076 	 6.0841364851e-01 	 6.7727770241e-06
20700 	 21177 	 6.0841364325e-01 	 6.7699635024e-06
20800 	 21279 	 6.0841363850e-01 	 8.4832668227e-06
20900 	 21380 	 6.0841363288e-01 	 8.8287537286e-06
21000 	 21484 	 6.0841362644e-01 	 8.7814562169e-06
21100 	 21586 	 6.0841362056e-01 	 6.0560544409e-06
21200 	 21689 	 6.0841361566e-01 	 6.8616950689e-06
21300 	 21792 	 6.0841361073e-01 	 1.0019117287e-05
21400 	 21894 	 6.0841360813e-01 	 4.1780818151e-06
21500 	 21997 	 6.0841360648e-01 	 4.0744495032e-06
21600 	 22098 	 6.0841360504e-01 	 7.7455982788e-06
21700 	 22201 	 6.0841360260e-01 	 1.1070113141e-05
21800 	 22303 	 6.0841359877e-01 	 6.2685166831e-06
21900 	 22405 	 6.0841359586e-01 	 4.1833135765e-06
22000 	 22509 	 6.0841359310e-01 	 9.5186168491e-06
22100 	 22611 	 6.0841358980e-01 	 1.5087547678e-05
22200 	 22716 	 6.0841358568e-01 	 1.2570306242e-05
22300 	 22819 	 6.0841358167e-01 	 1.1484931936e-05
22400 	 22921 	 6.0841357810e-01 	 6.2252967492e-06
22500 	 23024 	 6.0841357350e-01 	 1.7914808094e-05
22600 	 23125 	 6.0841356897e-01 	 5.5129690052e-06
22700 	 23228 	 6.0841356528e-01 	 9.8882326671e-06
22800 	 23331 	 6.0841356200e-01 	 9.8388760413e-06
22900 	 23434 	 6.0841355863e-01 	 6.0573337494e-06
23000 	 23536 	 6.0841355389e-01 	 9.5181715300e-06
23100 	 23638 	 6.0841355062e-01 	 1.1390423659e-05
23200 	 23742 	 6.0841354825e-01 	 4.0461764709e-06
23300 	 23846 	 6.0841354642e-01 	 6.1357768618e-06
23400 	 23948 	 6.0841354465e-01 	 4.6852773906e-06
23500 	 24051 	 6.0841354236e-01 	 4.3796880511e-06
23600 	 24152 	 6.0841354038e-01 	 5.0268096975e-06
23700 	 24254 	 6.0841353867e-01 	 1.0318467727e-05
23800 	 24357 	 6.0841353730e-01 	 4.2619738682e-06
23900 	 24457 	 6.0841353590e-01 	 4.7696435859e-06
24000 	 24560 	 6.0841353446e-01 	 3.8067131437e-06
24100 	 24665 	 6.0841353317e-01 	 4.0071046179e-06
24200 	 24768 	 6.0841353171e-01 	 5.6137142298e-06
24300 	 24870 	 6.0841352988e-01 	 3.4928542536e-06
24400 	 24972 	 6.0841352782e-01 	 4.2593672113e-06
24500 	 25075 	 6.0841352593e-01 	 5.3029309081e-06
24600 	 25176 	 6.0841352419e-01 	 4.2054886860e-06
24700 	 25279 	 6.0841352288e-01 	 3.7253427090e-06
24800 	 25385 	 6.0841352168e-01 	 4.6994864941e-06
24900 	 25488 	 6.0841352089e-01 	 3.3215623328e-06
25000 	 25589 	 6.0841351982e-01 	 2.6342366657e-06
25100 	 25691 	 6.0841351896e-01 	 2.1371881999e-06
25200 	 25794 	 6.0841351842e-01 	 1.8906574039e-06
25300 	 25897 	 6.0841351795e-01 	 2.0564447098e-06
25400 	 25998 	 6.0841351752e-01 	 2.5024552657e-06
25500 	 26102 	 6.0841351711e-01 	 2.2252380492e-06
25600 	 26206 	 6.0841351669e-01 	 2.1382505114e-06
25700 	 26309 	 6.0841351613e-01 	 2.4992776900e-06
25800 	 26413 	 6.0841351547e-01 	 2.5997149735e-06
25900 	 26515 	 6.0841351490e-01 	 1.7002686260e-06
26000 	 26616 	 6.0841351434e-01 	 3.1456145778e-06
26100 	 26722 	 6.0841351355e-01 	 3.2264065811e-06
26200 	 26826 	 6.0841351287e-01 	 2.6644647574e-06
26300 	 26929 	 6.0841351218e-01 	 2.7024193616e-06
26400 	 27032 	 6.0841351155e-01 	 4.0687252943e-06
26500 	 27133 	 6.0841351097e-01 	 2.2047345910e-06
26600 	 27234 	 6.0841351057e-01 	 2.0393160576e-06
26700 	 27335 	 6.0841351020e-01 	 2.0267896989e-06
26800 	 27438 	 6.0841350988e-01 	 2.0565426774e-06
26900 	 27541 	 6.0841350954e-01 	 2.0699609747e-06
27000 	 27642 	 6.0841350911e-01 	 4.9006100918e-06
27100 	 27745 	 6.0841350872e-01 	 4.3042780440e-06
27200 	 27848 	 6.0841350835e-01 	 2.4774904462e-06
27300 	 27948 	 6.0841350810e-01 	 1.4297969643e-06
27400 	 28052 	 6.0841350783e-01 	 2.7129144062e-06
27500 	 28153 	 6.0841350746e-01 	 1.9400098370e-06
27600 	 28257 	 6.0841350705e-01 	 2.1285440583e-06
27700 	 28361 	 6.0841350670e-01 	 7.1246763809e-06
27800 	 28465 	 6.0841350632e-01 	 4.4364306011e-06
27900 	 28567 	 6.0841350588e-01 	 3.0462669423e-06
28000 	 28669 	 6.0841350545e-01 	 3.0863012370e-06
28100 	 28772 	 6.0841350512e-01 	 1.7038882058e-06
28200 	 28876 	 6.0841350492e-01 	 1.2618069650e-06
28300 	 28980 	 6.0841350476e-01 	 1.6073749992e-06
28400 	 29082 	 6.0841350458e-01 	 1.4850381198e-06
28500 	 29182 	 6.0841350438e-01 	 1.0593311146e-06
28600 	 29286 	 6.0841350417e-01 	 1.0954777654e-06
28700 	 29389 	 6.0841350391e-01 	 1.8164117530e-06
28800 	 29492 	 6.0841350367e-01 	 1.6189861425e-06
28900 	 29594 	 6.0841350341e-01 	 1.7523194989e-06
29000 	 29697 	 6.0841350306e-01 	 1.6175330608e-06
29100 	 29799 	 6.0841350275e-01 	 1.9514784331e-06
29200 	 29902 	 6.0841350251e-01 	 1.7286319733e-06
29300 	 30006 	 6.0841350219e-01 	 2.1396567490e-06
29400 	 30110 	 6.0841350185e-01 	 2.0074404162e-06
29500 	 30215 	 6.0841350156e-01 	 2.6696757209e-06
29600 	 30322 	 6.0841350132e-01 	 1.5056182110e-06
29700 	 30424 	 6.0841350115e-01 	 8.3252096395e-07
29800 	 30528 	 6.0841350107e-01 	 1.6318225946e-06
29900 	 30632 	 6.0841350100e-01 	 7.9608770397e-07
30000 	 30734 	 6.0841350090e-01 	 1.3883778700e-06
30100 	 30838 	 6.0841350081e-01 	 1.6696510443e-06
30200 	 30942 	 6.0841350072e-01 	 1.7249161425e-06
30300 	 31044 	 6.0841350064e-01 	 1.2251518990e-06
30400 	 31146 	 6.0841350055e-01 	 1.2528415135e-06
30500 	 31248 	 6.0841350049e-01 	 1.1403660060e-06
30600 	 31351 	 6.0841350045e-01 	 5.9691173303e-07
30700 	 31454 	 6.0841350042e-01 	 1.4203957699e-06
30800 	 31559 	 6.0841350039e-01 	 4.4951150684e-07
30900 	 31659 	 6.0841350036e-01 	 1.5547981826e-06
31000 	 31763 	 6.0841350033e-01 	 7.9791192366e-07
31100 	 31865 	 6.0841350031e-01 	 6.0086548946e-07
31200 	 31969 	 6.0841350029e-01 	 5.7040585989e-07
31300 	 32071 	 6.0841350027e-01 	 6.3397219452e-07
31400 	 32173 	 6.0841350024e-01 	 6.5980284717e-07
31500 	 32275 	 6.0841350022e-01 	 5.3135547011e-07
31600 	 32376 	 6.0841350019e-01 	 4.0815588519e-07
31700 	 32476 	 6.0841350018e-01 	 5.3299779666e-07
31800 	 32577 	 6.0841350016e-01 	 5.4678472785e-07
31900 	 32679 	 6.0841350014e-01 	 5.1153494216e-07
32000 	 32782 	 6.0841350011e-01 	 1.4167617077e-06
32100 	 32886 	 6.0841350009e-01 	 6.3239066125e-07
32200 	 32987 	 6.0841350006e-01 	 4.1853260540e-07
32300 	 33091 	 6.0841350004e-01 	 4.5045878345e-07
32400 	 33195 	 6.0841350002e-01 	 1.1211961097e-06
32500 	 33298 	 6.0841350000e-01 	 4.7428001819e-07
32600 	 33399 	 6.0841349997e-01 	 6.0079924415e-07
32700 	 33502 	 6.0841349994e-01 	 5.4594756294e-07
32800 	 33604 	 6.0841349991e-01 	 8.5117898118e-07
32900 	 33706 	 6.0841349989e-01 	 4.2730130870e-07
33000 	 33809 	 6.0841349987e-01 	 8.6353812786e-07
33100 	 33910 	 6.0841349985e-01 	 1.0068735162e-06
33200 	 34012 	 6.0841349982e-01 	 4.5409026134e-07
33300 	 34115 	 6.0841349980e-01 	 6.1031142920e-07
33400 	 34217 	 6.0841349978e-01 	 4.3074195764e-07
33500 	 34319 	 6.0841349977e-01 	 4.0096423182e-07
33600 	 34423 	 6.0841349976e-01 	 3.8964133827e-07
33700 	 34526 	 6.0841349975e-01 	 3.3243365239e-07
33800 	 34627 	 6.0841349974e-01 	 3.7063172655e-07
33900 	 34728 	 6.0841349973e-01 	 2.2445553180e-07
34000 	 34831 	 6.0841349972e-01 	 6.7984615929e-07
34100 	 34934 	 6.0841349972e-01 	 1.9343017390e-07
34200 	 35038 	 6.0841349971e-01 	 1.6882192243e-07
34300 	 35142 	 6.0841349971e-01 	 2.4794346514e-07
34400 	 35242 	 6.0841349971e-01 	 2.0661885515e-07
34500 	 35346 	 6.0841349970e-01 	 1.7229255744e-07
34600 	 35448 	 6.0841349970e-01 	 1.8215010904e-07
34700 	 35550 	 6.0841349970e-01 	 1.9647544295e-07
34800 	 35654 	 6.0841349969e-01 	 1.6412647377e-07
34900 	 35759 	 6.0841349969e-01 	 3.0271777715e-07
35000 	 35862 	 6.0841349969e-01 	 2.0619863640e-07
35100 	 35966 	 6.0841349968e-01 	 2.8950999274e-07
35200 	 36068 	 6.0841349968e-01 	 1.8436060117e-07
35300 	 36171 	 6.0841349967e-01 	 3.9235671621e-07
35400 	 36273 	 6.0841349967e-01 	 2.5387499498e-07
35500 	 36377 	 6.0841349966e-01 	 2.7520796644e-07
35600 	 36480 	 6.0841349965e-01 	 2.8611551670e-07
35700 	 36582 	 6.0841349964e-01 	 2.8860834404e-07
35800 	 36684 	 6.0841349963e-01 	 3.9393600247e-07
35900 	 36789 	 6.0841349962e-01 	 2.9758637367e-07
36000 	 36890 	 6.0841349961e-01 	 2.3165993265e-07
36100 	 36994 	 6.0841349960e-01 	 2.3317749784e-07
36200 	 37096 	 6.0841349959e-01 	 3.1096408381e-07
36300 	 37199 	 6.0841349959e-01 	 4.4165499771e-07
36400 	 37302 	 6.0841349958e-01 	 3.3547709069e-07
36500 	 37404 	 6.0841349958e-01 	 3.0569294422e-07
36600 	 37505 	 6.0841349958e-01 	 2.1266890764e-07
36700 	 37607 	 6.0841349957e-01 	 1.1263267704e-07
36800 	 37712 	 6.0841349957e-01 	 2.5338641558e-07
36900 	 37816 	 6.0841349957e-01 	 1.1798745879e-07
37000 	 37919 	 6.0841349957e-01 	 1.0817425749e-07
37100 	 38023 	 6.0841349957e-01 	 3.4881890816e-07
37200 	 38125 	 6.0841349957e-01 	 2.3709812821e-07
37300 	 38228 	 6.0841349957e-01 	 9.2662355823e-08
37400 	 38333 	 6.0841349957e-01 	 8.9273013516e-08
37500 	 38437 	 6.0841349956e-01 	 1.6389695216e-07
37600 	 38539 	 6.0841349956e-01 	 9.0250650225e-08
37700 	 38642 	 6.0841349956e-01 	 1.4611282861e-07
37800 	 38745 	 6.0841349956e-01 	 8.4519119173e-08
37900 	 38849 	 6.0841349956e-01 	 1.2087434380e-07
38000 	 38953 	 6.0841349956e-01 	 9.6734101747e-08
38100 	 39055 	 6.0841349956e-01 	 7.9023373106e-08
38200 	 39158 	 6.0841349956e-01 	 9.4495325521e-08
38300 	 39261 	 6.0841349956e-01 	 1.4213175267e-07
38400 	 39364 	 6.0841349956e-01 	 9.5630739417e-08
38500 	 39469 	 6.0841349956e-01 	 9.4910277875e-08
38600 	 39575 	 6.0841349956e-01 	 1.4222516205e-07
38700 	 39678 	 6.0841349955e-01 	 1.1487045827e-07
38800 	 39780 	 6.0841349955e-01 	 1.0721721149e-07
38900 	 39884 	 6.0841349955e-01 	 1.9651168542e-07
39000 	 39985 	 6.0841349955e-01 	 7.2196792390e-08
39100 	 40088 	 6.0841349955e-01 	 5.3070520846e-08
39200 	 40191 	 6.0841349955e-01 	 4.8628969702e-08
39300 	 40301 	 6.0841349955e-01 	 5.0833373937e-08
39400 	 40409 	 6.0841349955e-01 	 9.0241225186e-08
39500 	 40514 	 6.0841349955e-01 	 7.7475923070e-08
39600 	 40618 	 6.0841349955e-01 	 7.0039719171e-08
39700 	 40720 	 6.0841349955e-01 	 7.2293823596e-08
39800 	 40826 	 6.0841349955e-01 	 1.1239500304e-07
39900 	 40932 	 6.0841349955e-01 	 1.0641235310e-07
40000 	 41037 	 6.0841349955e-01 	 8.1486437807e-08
40100 	 41147 	 6.0841349955e-01 	 4.0569794067e-08
# ---- 
 1 		 40156 	 41231 		 1.2262184074e+00 	 6.0841349955e-01 	 6.1098850361e-08
# ---- 
100 	 102 	 2.5182909299e+00 	 2.1820970869e-02
200 	 204 	 2.5019186999e+00 	 1.2692857459e-02
300 	 305 	 2.4997376253e+00 	 6.9692211245e-03
400 	 406 	 2.4982600920e+00 	 2.7128377269e-03
500 	 507 	 2.4978937253e+00 	 1.4832772733e-03
600 	 611 	 2.4977955339e+00 	 2.1592483648e-03
700 	 713 	 2.4977368469e+00 	 6.9574370091e-04
800 	 815 	 2.4976934535e+00 	 7.8438761327e-04
900 	 919 	 2.4976335559e+00 	 1.0530420661e-03
1000 	 1022 	 2.4975964176e+00 	 6.6871135362e-04
1100 	 1122 	 2.4975634270e+00 	 6.3225415670e-04
1200 	 1224 	 2.4975333103e+00 	 6.1929281397e-04
1300 	 1326 	 2.4975023962e+00 	 8.1123480115e-04
1400 	 1428 	 2.4974795218e+00 	 4.9978528491e-04
1500 	 1530 	 2.4974609405e+00 	 4.1812498743e-04
1600 	 1633 	 2.4974466183e+00 	 4.7576314793e-04
1700 	 1736 	 2.4974292043e+00 	 9.8230041977e-04
1800 	 1838 	 2.4974172523e+00 	 3.5649478187e-04
1900 	 1941 	 2.4974048691e+00 	 5.8955954980e-04
2000 	 2042 	 2.4973900360e+00 	 3.9603949663e-04
2100 	 2146 	 2.4973798534e+00 	 2.4805798473e-04
2200 	 2247 	 2.4973735746e+00 	 3.4687747039e-04
2300 	 2348 	 2.4973687829e+00 	 2.9031170265e-04
2400 	 2452 	 2.4973632845e+00 	 4.0577910690e-04
2500 	 2553 	 2.4973575555e+00 	 4.9102742478e-04
2600 	 2656 	 2.4973526123e+00 	 4.4185489698e-04
2700 	 2758 	 2.4973464070e+00 	 4.4941624347e-04
2800 	 2859 	 2.4973400167e+00 	 3.1779391386e-04
2900 	 2959 	 2.4973329222e+00 	 2.7930517694e-04
3000 	 3062 	 2.4973263007e+00 	 2.1212320123e-04
3100 	 3165 	 2.4973222125e+00 	 2.5912990196e-04
3200 	 3269 	 2.4973190687e+00 	 1.6041555943e-04
3300 	 3374 	 2.4973162426e+00 	 1.8261452753e-04
3400 	 3476 	 2.4973145130e+00 	 1.2737257832e-04
3500 	 3579 	 2.4973131996e+00 	 2.4911435261e-04
3600 	 3686 	 2.4973123188e+00 	 7.3526001732e-05
3700 	 3789 	 2.4973117251e+00 	 1.0122729419e-04
3800 	 3892 	 2.4973113385e+00 	 4.1724341994e-05
3900 	 3996 	 2.4973110942e+00 	 6.8039003056e-05
4000 	 4097 	 2.4973108539e+00 	 5.0893312060e-05
4100 	 4199 	 2.4973106828e+00 	 4.1336610810e-05
4200 	 4301 	 2.4973105317e+00 	 4.5762922100e-05
4300 	 4403 	 2.4973103759e+00 	 3.3014835829e-05
4400 	 4505 	 2.4973102732e+00 	 3.1737299082e-05
4500 	 4607 	 2.4973102048e+00 	 2.3606326020e-05
4600 	 4711 	 2.4973101448e+00 	 3.8752416507e-05
4700 	 4814 	 2.4973100612e+00 	 3.0901254211e-05
4800 	 4915 	 2.4973099519e+00 	 2.9948993191e-05
4900 	 5017 	 2.4973098511e+00 	 4.1753615452e-05
5000 	 5121 	 2.4973097245e+00 	 6.3011963697e-05
5100 	 5224 	 2.4973095448e+00 	 4.6016661307e-05
5200 	 5326 	 2.4973093898e+00 	 2.8599721715e-05
5300 	 5429 	 2.4973093036e+00 	 3.4395718880e-05
5400 	 5529 	 2.4973092249e+00 	 2.1738265725e-05
5500 	 5631 	 2.4973091793e+00 	 1.7801164798e-05
5600 	 5733 	 2.4973091420e+00 	 3.3009409556e-05
5700 	 5834 	 2.4973091008e+00 	 2.4742282633e-05
5800 	 5937 	 2.4973090511e+00 	 3.2641210780e-05
5900 	 6039 	 2.4973089979e+00 	 1.7848422722e-05
6000 	 6139 	 2.4973089455e+00 	 3.8463919090e-05
6100 	 6240 	 2.4973088941e+00 	 4.7681617860e-05
6200 	 6342 	 2.4973088510e+00 	 2.8495457274e-05
6300 	 6443 	 2.4973087922e+00 	 2.8776458451e-05
6400 	 6544 	 2.4973087269e+00 	 4.4072966154e-05
6500 	 6647 	 2.4973086681e+00 	 3.0506276535e-05
6600 	 6750 	 2.4973086330e+00 	 3.4852880191e-05
6700 	 6855 	 2.4973086050e+00 	 2.0499109596e-05
6800 	 6957 	 2.4973085768e+00 	 1.6329382094e-05
6900 	 7060 	 2.4973085529e+00 	 2.0315285271e-05
7000 	 7164 	 2.4973085370e+00 	 1.1095329786e-05
7100 	 7268 	 2.4973085247e+00 	 2.6020833505e-05
7200 	 7370 	 2.4973085056e+00 	 4.7925257248e-05
7300 	 7475 	 2.4973084814e+00 	 1.5894430191e-05
7400 	 7576 	 2.4973084599e+00 	 2.3247190194e-05
7500 	 7678 	 2.4973084400e+00 	 3.8529971662e-05
7600 	 7780 	 2.4973084209e+00 	 1.1391720259e-05
7700 	 7882 	 2.4973083936e+00 	 2.7047921657e-05
7800 	 7985 	 2.4973083716e+00 	 2.0272360422e-05
7900 	 8088 	 2.4973083558e+00 	 1.4678652665e-05
8000 	 8191 	 2.4973083417e+00 	 1.8815047540e-05
8100 	 8293 	 2.4973083286e+00 	 1.1690723461e-05
8200 	 8395 	 2.4973083176e+00 	 1.0484432632e-05
8300 	 8498 	 2.4973083084e+00 	 1.1312956138e-05
8400 	 8599 	 2.4973083011e+00 	 8.8783451176e-06
8500 	 8703 	 2.4973082962e+00 	 1.1869463450e-05
8600 	 8807 	 2.4973082911e+00 	 9.1932556268e-06
8700 	 8909 	 2.4973082866e+00 	 7.5624538589e-06
8800 	 9013 	 2.4973082826e+00 	 8.8821654733e-06
8900 	 9117 	 2.4973082782e+00 	 1.6608408595e-05
9000 	 9221 	 2.4973082727e+00 	 1.8458112713e-05
9100 	 9324 	 2.4973082652e+00 	 6.9879114871e-06
9200 	 9426 	 2.4973082592e+00 	 2.1232184262e-05
9300 	 9529 	 2.4973082539e+00 	 9.7817383978e-06
9400 	 9632 	 2.4973082489e+00 	 1.4851973166e-05
9500 	 9734 	 2.4973082439e+00 	 5.7435027711e-06
9600 	 9837 	 2.4973082409e+00 	 8.4702663151e-06
9700 	 9938 	 2.4973082388e+00 	 5.4177355448e-06
9800 	 10042 	 2.4973082371e+00 	 3.5216336529e-06
9900 	 10143 	 2.4973082358e+00 	 7.2951869156e-06
10000 	 10245 	 2.4973082343e+00 	 7.0867001316e-06
10100 	 10346 	 2.4973082321e+00 	 6.9488247322e-06
10200 	 10447 	 2.4973082297e+00 	 5.5779625549e-06
10300 	 10548 	 2.4973082275e+00 	 4.7945219433e-06
10400 	 10650 	 2.4973082254e+00 	 6.6747198882e-06
10500 	 10753 	 2.4973082240e+00 	 4.3514354264e-06
10600 	 10855 	 2.4973082228e+00 	 1.0545586911e-05
10700 	 10956 	 2.4973082214e+00 	 3.3228245247e-06
10800 	 11059 	 2.4973082198e+00 	 5.6270319812e-06
10900 	 11161 	 2.4973082181e+00 	 7.0260925026e-06
11000 	 11264 	 2.4973082166e+00 	 4.3222911596e-06
11100 	 11367 	 2.4973082153e+00 	 4.1022602508e-06
11200 	 11469 	 2.4973082142e+00 	 3.5437787307e-06
11300 	 11571 	 2.4973082127e+00 	 3.0936182317e-06
11400 	 11674 	 2.4973082112e+00 	 1.1270447610e-05
11500 	 11778 	 2.4973082101e+00 	 2.5622521800e-06
11600 	 11881 	 2.4973082093e+00 	 2.9608039845e-06
11700 	 11984 	 2.4973082087e+00 	 2.1154166313e-06
11800 	 12085 	 2.4973082082e+00 	 5.6950958130e-06
11900 	 12187 	 2.4973082076e+00 	 4.1093845465e-06
12000 	 12289 	 2.4973082068e+00 	 3.4230637242e-06
12100 	 12391 	 2.4973082062e+00 	 2.4474711778e-06
12200 	 12493 	 2.4973082057e+00 	 2.2737751034e-06
12300 	 12596 	 2.4973082052e+00 	 2.1831351645e-06
12400 	 12699 	 2.4973082048e+00 	 1.8995686130e-06
12500 	 12802 	 2.4973082044e+00 	 2.0015877447e-06
12600 	 12906 	 2.4973082042e+00 	 1.9929463840e-06
12700 	 13007 	 2.4973082040e+00 	 1.3759552246e-06
12800 	 13109 	 2.4973082038e+00 	 1.0114761222e-06
12900 	 13211 	 2.4973082037e+00 	 1.2897752241e-06
13000 	 13314 	 2.4973082036e+00 	 1.1531320029e-06
13100 	 13417 	 2.4973082034e+00 	 1.2477571466e-06
13200 	 13520 	 2.4973082033e+00 	 1.4571935132e-06
13300 	 13624 	 2.4973082032e+00 	 8.5113476997e-07
13400 	 13728 	 2.4973082031e+00 	 9.8058144880e-07
13500 	 13830 	 2.4973082029e+00 	 8.2208046969e-07
13600 	 13930 	 2.4973082028e+00 	 9.2678860072e-07
13700 	 14031 	 2.4973082027e+00 	 9.8206681874e-07
13800 	 14133 	 2.4973082026e+00 	 1.1463306614e-06
13900 	 14237 	 2.4973082025e+00 	 1.6157712144e-06
14000 	 14341 	 2.4973082023e+00 	 1.9367724653e-06
14100 	 14445 	 2.4973082021e+00 	 2.4649414812e-06
14200 	 14549 	 2.4973082020e+00 	 8.9636420738e-07
14300 	 14650 	 2.4973082019e+00 	 9.4818787938e-07
14400 	 14752 	 2.4973082019e+00 	 5.9674537172e-07
14500 	 14854 	 2.4973082018e+00 	 7.2769509178e-07
14600 	 14958 	 2.4973082018e+00 	 1.1824511774e-06
14700 	 15059 	 2.4973082017e+00 	 6.4752203867e-07
14800 	 15163 	 2.4973082017e+00 	 6.3494261010e-07
14900 	 15265 	 2.4973082017e+00 	 4.7679920086e-07
15000 	 15369 	 2.4973082016e+00 	 8.3850421331e-07
15100 	 15470 	 2.4973082016e+00 	 8.0812749869e-07
15200 	 15574 	 2.4973082015e+00 	 1.2312572366e-06
15300 	 15676 	 2.4973082015e+00 	 7.7236865175e-07
15400 	 15777 	 2.4973082014e+00 	 9.2836550923e-07
15500 	 15880 	 2.4973082014e+00 	 7.3573268779e-07
15600 	 15981 	 2.4973082013e+00 	 8.3366871984e-07
15700 	 16084 	 2.4973082013e+00 	 9.0750370182e-07
15800 	 16185 	 2.4973082012e+00 	 1.2435012761e-06
15900 	 16287 	 2.4973082012e+00 	 6.6421411982e-07
16000 	 16392 	 2.4973082012e+00 	 1.0753699402e-06
16100 	 16495 	 2.4973082011e+00 	 7.7842283516e-07
16200 	 16598 	 2.4973082011e+00 	 5.9759880685e-07
16300 	 16701 	 2.4973082011e+00 	 5.5622690257e-07
16400 	 16804 	 2.4973082010e+00 	 3.7695043562e-07
16500 	 16907 	 2.4973082010e+00 	 6.5600323497e-07
16600 	 17009 	 2.4973082010e+00 	 4.1860393072e-07
16700 	 17113 	 2.4973082010e+00 	 3.0801392998e-07
16800 	 17213 	 2.4973082010e+00 	 2.1798844308e-07
16900 	 17316 	 2.4973082010e+00 	 4.0616936350e-07
17000 	 17418 	 2.4973082010e+00 	 2.6944742830e-07
17100 	 17522 	 2.4973082010e+00 	 2.2339381198e-07
17200 	 17624 	 2.4973082010e+00 	 2.6427301210e-07
17300 	 17728 	 2.4973082010e+00 	 2.1253676559e-07
17400 	 17832 	 2.4973082010e+00 	 4.4869449114e-07
17500 	 17937 	 2.4973082010e+00 	 4.0792763506e-07
17600 	 18039 	 2.4973082010e+00 	 1.7554427276e-07
17700 	 18144 	 2.4973082009e+00 	 3.1893223102e-07
17800 	 18245 	 2.4973082009e+00 	 3.7576391727e-07
17900 	 18348 	 2.4973082009e+00 	 3.9403018150e-07
18000 	 18453 	 2.4973082009e+00 	 2.7554375653e-07
18100 	 18556 	 2.4973082009e+00 	 2.5344819725e-07
18200 	 18661 	 2.4973082009e+00 	 2.7503976255e-07
18300 	 18764 	 2.4973082009e+00 	 2.5500715360e-07
18400 	 18866 	 2.4973082009e+00 	 2.3114661523e-07
18500 	 18969 	 2.4973082009e+00 	 3.1596302570e-07
18600 	 19072 	 2.4973082009e+00 	 2.0983997795e-07
18700 	 19177 	 2.4973082009e+00 	 1.3344845460e-07
18800 	 19283 	 2.4973082009e+00 	 1.2640252534e-07
18900 	 19388 	 2.4973082009e+00 	 2.5027279147e-07
19000 	 19498 	 2.4973082009e+00 	 1.4525782784e-07
19100 	 19612 	 2.4973082009e+00 	 1.5280486201e-07
19200 	 19729 	 2.4973082009e+00 	 1.0240733947e-07
19300 	 19847 	 2.4973082009e+00 	 5.9639772719e-08
# ---- 
 1 		 19331 	 19902 		 3.0711274199e+00 	 2.4973082009e+00 	 7.0129059155e-08
# ---- 
100 	 102 	 5.7356795230e+00 	 1.4832477830e-02
200 	 204 	 5.7272007470e+00 	 6.8430297990e-03
300 	 304 	 5.7244283067e+00 	 5.6810268555e-03
400 	 405 	 5.7231196233e+00 	 2.9220448119e-03
500 	 507 	 5.7228770644e+00 	 1.5420628210e-03
600 	 609 	 5.7227558759e+00 	 8.2270004548e-04
700 	 711 	 5.7227245935e+00 	 5.6936621800e-04
800 	 813 	 5.7227018726e+00 	 5.5617376740e-04
900 	 915 	 5.7226773152e+00 	 4.0853423573e-04
1000 	 1019 	 5.7226516973e+00 	 5.9559560932e-04
1100 	 1124 	 5.7226369397e+00 	 1.1225142597e-03
1200 	 1225 	 5.7226262834e+00 	 6.9814327286e-04
1300 	 1326 	 5.7226137399e+00 	 6.6472033622e-04
1400 	 1428 	 5.7226006888e+00 	 6.2158741642e-04
1500 	 1531 	 5.7225927616e+00 	 2.6906472073e-04
1600 	 1633 	 5.7225873649e+00 	 4.9033281231e-04
1700 	 1735 	 5.7225814809e+00 	 4.0161518893e-04
1800 	 1836 	 5.7225766697e+00 	 3.8835743704e-04
1900 	 1939 	 5.7225718067e+00 	 3.5573677629e-04
2000 	 2042 	 5.7225677918e+00 	 1.5752258944e-04
2100 	 2145 	 5.7225641314e+00 	 3.2020782565e-04
2200 	 2246 	 5.7225620280e+00 	 2.0183468779e-04
2300 	 2350 	 5.7225604920e+00 	 1.6951948557e-04
2400 	 2452 	 5.7225585209e+00 	 1.5500916493e-04
2500 	 2553 	 5.7225562157e+00 	 4.6740897417e-04
2600 	 2654 	 5.7225537473e+00 	 1.6217944138e-04
2700 	 2755 	 5.7225521368e+00 	 2.8499815932e-04
2800 	 2860 	 5.7225504548e+00 	 1.9332106688e-04
2900 	 2961 	 5.7225484133e+00 	 1.8842130867e-04
3000 	 3065 	 5.7225465416e+00 	 1.3887166411e-04
3100 	 3168 	 5.7225451063e+00 	 1.1511032411e-04
3200 	 3271 	 5.7225442651e+00 	 1.5853907195e-04
3300 	 3374 	 5.7225437506e+00 	 8.9600554354e-05
3400 	 3477 	 5.7225433805e+00 	 5.4528343672e-05
3500 	 3578 	 5.7225431176e+00 	 7.2892887242e-05
3600 	 3680 	 5.7225429992e+00 	 3.7340178198e-05
3700 	 3782 	 5.7225429012e+00 	 5.1408564664e-05
3800 	 3885 	 5.7225428101e+00 	 2.6135386453e-05
3900 	 3987 	 5.7225427493e+00 	 2.5732578619e-05
4000 	 4089 	 5.7225426858e+00 	 2.6417156753e-05
4100 	 4189 	 5.7225426345e+00 	 2.4324483382e-05
4200 	 4291 	 5.7225425911e+00 	 2.6039957399e-05
4300 	 4395 	 5.7225425525e+00 	 2.4736502233e-05
4400 	 4496 	 5.7225425151e+00 	 4.1824913138e-05
4500 	 4598 	 5.7225424544e+00 	 3.2770487519e-05
4600 	 4700 	 5.7225423954e+00 	 3.9860117800e-05
4700 	 4801 	 5.7225423243e+00 	 2.9514290887e-05
4800 	 4903 	 5.7225422566e+00 	 4.5509684893e-05
4900 	 5004 	 5.7225421905e+00 	 3.5388312766e-05
5000 	 5107 	 5.7225421522e+00 	 1.6010327170e-05
5100 	 5208 	 5.7225421249e+00 	 1.1983963770e-05
5200 	 5309 	 5.7225421083e+00 	 8.3988073474e-06
5300 	 5411 	 5.7225420958e+00 	 1.2110027542e-05
5400 	 5514 	 5.7225420763e+00 	 1.4627419154e-05
5500 	 5618 	 5.7225420501e+00 	 1.5686749329e-05
5600 	 5720 	 5.7225420241e+00 	 1.8578952770e-05
5700 	 5822 	 5.7225420020e+00 	 1.7229866802e-05
5800 	 5925 	 5.7225419863e+00 	 1.3247233147e-05
5900 	 6028 	 5.7225419714e+00 	 1.0822066899e-05
6000 	 6130 	 5.7225419560e+00 	 1.4263679619e-05
6100 	 6231 	 5.7225419397e+00 	 2.4368076403e-05
6200 	 6332 	 5.7225419229e+00 	 1.8450979911e-05
6300 	 6435 	 5.7225419067e+00 	 1.5375362894e-05
6400 	 6537 	 5.7225418830e+00 	 1.5848344036e-05
6500 	 6639 	 5.7225418585e+00 	 1.3224422618e-05
6600 	 6741 	 5.7225418365e+00 	 1.4385537357e-05
6700 	 6841 	 5.7225418187e+00 	 2.1446619705e-05
6800 	 6941 	 5.7225418016e+00 	 1.2817730859e-05
6900 	 7046 	 5.7225417898e+00 	 7.3577212546e-06
7000 	 7150 	 5.7225417828e+00 	 9.9361461807e-06
7100 	 7252 	 5.7225417751e+00 	 1.0452315463e-05
7200 	 7355 	 5.7225417669e+00 	 1.2508640243e-05
7300 	 7457 	 5.7225417604e+00 	 1.2013631942e-05
7400 	 7560 	 5.7225417552e+00 	 8.1171327928e-06
7500 	 7661 	 5.7225417490e+00 	 2.8348134207e-05
7600 	 7763 	 5.7225417430e+00 	 9.4348583552e-06
7700 	 7866 	 5.7225417379e+00 	 1.7444486464e-05
7800 	 7973 	 5.7225417326e+00 	 1.4125198353e-05
7900 	 8077 	 5.7225417275e+00 	 1.0253831771e-05
8000 	 8178 	 5.7225417235e+00 	 9.1740808087e-06
8100 	 8278 	 5.7225417208e+00 	 7.9829968138e-06
8200 	 8382 	 5.7225417187e+00 	 6.2900752615e-06
8300 	 8484 	 5.7225417171e+00 	 5.4752001194e-06
8400 	 8586 	 5.7225417161e+00 	 3.8434396533e-06
8500 	 8687 	 5.7225417150e+00 	 3.4142421793e-06
8600 	 8790 	 5.7225417136e+00 	 3.1105491231e-06
8700 	 8893 	 5.7225417122e+00 	 4.8240389915e-06
8800 	 8997 	 5.7225417106e+00 	 3.2581201105e-06
8900 	 9103 	 5.7225417091e+00 	 4.1397971423e-06
9000 	 9203 	 5.7225417078e+00 	 3.1382147843e-06
9100 	 9304 	 5.7225417064e+00 	 4.4162806140e-06
9200 	 9408 	 5.7225417050e+00 	 5.4881533812e-06
9300 	 9511 	 5.7225417038e+00 	 3.5713260096e-06
9400 	 9613 	 5.7225417028e+00 	 2.3277271536e-06
9500 	 9715 	 5.7225417020e+00 	 2.2729624009e-06
9600 	 9815 	 5.7225417014e+00 	 2.4764067057e-06
9700 	 9919 	 5.7225417008e+00 	 7.2526171194e-06
9800 	 10023 	 5.7225417003e+00 	 3.0886382207e-06
9900 	 10126 	 5.7225416999e+00 	 4.7485377959e-06
10000 	 10229 	 5.7225416995e+00 	 2.1209186630e-06
10100 	 10334 	 5.7225416992e+00 	 1.8315148829e-06
10200 	 10436 	 5.7225416989e+00 	 2.9993358329e-06
10300 	 10541 	 5.7225416987e+00 	 2.2168181446e-06
10400 	 10641 	 5.7225416985e+00 	 1.0908048499e-06
10500 	 10743 	 5.7225416984e+00 	 2.5442955762e-06
10600 	 10844 	 5.7225416983e+00 	 3.8583487176e-06
10700 	 10948 	 5.7225416981e+00 	 1.3854241352e-06
10800 	 11050 	 5.7225416980e+00 	 1.5998704781e-06
10900 	 11151 	 5.7225416978e+00 	 1.6793003171e-06
11000 	 11252 	 5.7225416977e+00 	 1.3339459860e-06
11100 	 11355 	 5.7225416976e+00 	 1.3439095108e-06
11200 	 11457 	 5.7225416974e+00 	 2.7589473669e-06
11300 	 11559 	 5.7225416973e+00 	 1.7617144875e-06
11400 	 11662 	 5.7225416971e+00 	 1.0504084544e-06
11500 	 11766 	 5.7225416970e+00 	 8.5134218195e-07
11600 	 11867 	 5.7225416969e+00 	 2.0620326407e-06
11700 	 11972 	 5.7225416968e+00 	 1.0336991369e-06
11800 	 12074 	 5.7225416967e+00 	 1.3803850104e-06
11900 	 12178 	 5.7225416966e+00 	 1.4291375107e-06
12000 	 12280 	 5.7225416966e+00 	 8.7453792910e-07
12100 	 12381 	 5.7225416965e+00 	 8.4325072783e-07
12200 	 12485 	 5.7225416965e+00 	 8.5875076355e-07
12300 	 12587 	 5.7225416964e+00 	 7.7551790183e-07
12400 	 12689 	 5.7225416964e+00 	 5.8811526978e-07
12500 	 12792 	 5.7225416964e+00 	 7.2509637267e-07
12600 	 12895 	 5.7225416963e+00 	 6.3256545526e-07
12700 	 12997 	 5.7225416963e+00 	 4.7438792110e-07
12800 	 13100 	 5.7225416963e+00 	 4.6215645229e-07
12900 	 13202 	 5.7225416962e+00 	 3.8951696356e-07
13000 	 13305 	 5.7225416962e+00 	 3.7424118511e-07
13100 	 13406 	 5.7225416962e+00 	 3.9783779349e-07
13200 	 13507 	 5.7225416962e+00 	 3.0442759624e-07
13300 	 13607 	 5.7225416962e+00 	 2.4472234584e-07
13400 	 13711 	 5.7225416962e+00 	 3.4332104414e-07
13500 	 13813 	 5.7225416962e+00 	 3.0849131233e-07
13600 	 13915 	 5.7225416962e+00 	 4.6019129768e-07
13700 	 14018 	 5.7225416962e+00 	 3.4079516611e-07
13800 	 14121 	 5.7225416961e+00 	 4.3395771750e-07
13900 	 14224 	 5.7225416961e+00 	 2.3972261683e-07
14000 	 14328 	 5.7225416961e+00 	 3.7177386116e-07
14100 	 14430 	 5.7225416961e+00 	 3.9679189614e-07
14200 	 14531 	 5.7225416961e+00 	 3.2106731829e-07
14300 	 14637 	 5.7225416961e+00 	 3.2033059374e-07
14400 	 14741 	 5.7225416961e+00 	 2.6469653853e-07
14500 	 14845 	 5.7225416961e+00 	 5.9959825465e-07
14600 	 14953 	 5.7225416961e+00 	 1.9660692678e-07
14700 	 15061 	 5.7225416961e+00 	 1.0676168535e-07
14800 	 15169 	 5.7225416961e+00 	 1.5397507900e-07
14900 	 15277 	 5.7225416961e+00 	 1.5281543908e-07
15000 	 15387 	 5.7225416961e+00 	 2.3402535878e-07
15100 	 15492 	 5.7225416961e+00 	 2.8103596178e-07
15200 	 15600 	 5.7225416961e+00 	 3.0168593925e-07
15300 	 15704 	 5.7225416961e+00 	 1.8976795544e-07
15400 	 15812 	 5.7225416961e+00 	 1.3713959830e-07
15500 	 15919 	 5.7225416961e+00 	 2.0380544947e-07
15600 	 16024 	 5.7225416961e+00 	 1.4159072958e-07
15700 	 16141 	 5.7225416960e+00 	 1.7154483321e-07
15800 	 16248 	 5.7225416960e+00 	 2.2700449031e-07
# ---- 
 1 		 15897 	 16380 		 6.2766958230e+00 	 5.7225416960e+00 	 1.1897906534e-07
# ---- 
100 	 103 	 1.0322965734e+01 	 1.1661121554e-02
200 	 206 	 1.0316984691e+01 	 1.0539542905e-02
300 	 306 	 1.0313627862e+01 	 6.8385422527e-03
400 	 409 	 1.0312548232e+01 	 2.2647469073e-03
500 	 511 	 1.0312261250e+01 	 1.3453346139e-03
600 	 613 	 1.0312134784e+01 	 2.2451258942e-03
700 	 714 	 1.0312108208e+01 	 5.6154572983e-04
800 	 816 	 1.0312088931e+01 	 8.8185793143e-04
900 	 917 	 1.0312071213e+01 	 8.9668298357e-04
1000 	 1019 	 1.0312048757e+01 	 4.4684893143e-04
1100 	 1122 	 1.0312036782e+01 	 3.4036629340e-04
1200 	 1225 	 1.0312028226e+01 	 2.6888985673e-04
1300 	 1327 	 1.0312019109e+01 	 7.3373216786e-04
1400 	 1430 	 1.0312009641e+01 	 4.6805916965e-04
1500 	 1535 	 1.0312004670e+01 	 2.2193612985e-04
1600 	 1638 	 1.0312000706e+01 	 3.6948771184e-04
1700 	 1741 	 1.0311996221e+01 	 2.5827255796e-04
1800 	 1845 	 1.0311992137e+01 	 2.6035445217e-04
1900 	 1946 	 1.0311988457e+01 	 1.8332695874e-04
2000 	 2047 	 1.0311985906e+01 	 2.4935163137e-04
2100 	 2151 	 1.0311983321e+01 	 1.8564869104e-04
2200 	 2254 	 1.0311981266e+01 	 2.0588857530e-04
2300 	 2354 	 1.0311979610e+01 	 1.2569700119e-04
2400 	 2458 	 1.0311978173e+01 	 2.1359073645e-04
2500 	 2558 	 1.0311976951e+01 	 1.2667828520e-04
2600 	 2660 	 1.0311975885e+01 	 1.3333763438e-04
2700 	 2762 	 1.0311974587e+01 	 1.4245181972e-04
2800 	 2862 	 1.0311972927e+01 	 2.3289622989e-04
2900 	 2964 	 1.0311971548e+01 	 1.0601732119e-04
3000 	 3066 	 1.0311970650e+01 	 8.0969019581e-05
3100 	 3167 	 1.0311970142e+01 	 1.5996630051e-04
3200 	 3268 	 1.0311969720e+01 	 8.0634311626e-05
3300 	 3371 	 1.0311969414e+01 	 5.8346639872e-05
3400 	 3476 	 1.0311969208e+01 	 9.2235412650e-05
3500 	 3579 	 1.0311969085e+01 	 6.1628958495e-05
3600 	 3681 	 1.0311968989e+01 	 2.5668513444e-05
3700 	 3783 	 1.0311968920e+01 	 2.2169187793e-05
3800 	 3884 	 1.0311968865e+01 	 3.8194078030e-05
3900 	 3986 	 1.0311968804e+01 	 2.5917449650e-05
4000 	 4090 	 1.0311968742e+01 	 2.6919981503e-05
4100 	 4192 	 1.0311968691e+01 	 2.8497846097e-05
4200 	 4296 	 1.0311968636e+01 	 3.1811717750e-05
4300 	 4399 	 1.0311968554e+01 	 7.0324132436e-05
4400 	 4501 	 1.0311968424e+01 	 9.4691791605e-05
4500 	 4606 	 1.0311968283e+01 	 3.7343238129e-05
4600 	 4707 	 1.0311968173e+01 	 5.5184815982e-05
4700 	 4810 	 1.0311968101e+01 	 5.3491447519e-05
4800 	 4913 	 1.0311968029e+01 	 3.3683309315e-05
4900 	 5016 	 1.0311967983e+01 	 2.9833047600e-05
5000 	 5117 	 1.0311967929e+01 	 2.6119408094e-05
5100 	 5219 	 1.0311967882e+01 	 2.5239636270e-05
5200 	 5319 	 1.0311967836e+01 	 2.2111341538e-05
5300 	 5420 	 1.0311967796e+01 	 2.3730779809e-05
5400 	 5522 	 1.0311967760e+01 	 1.9667627055e-05
5500 	 5627 	 1.0311967723e+01 	 1.6641436299e-05
5600 	 5729 	 1.0311967692e+01 	 3.3488618789e-05
5700 	 5832 	 1.0311967664e+01 	 1.8612938368e-05
5800 	 5933 	 1.0311967641e+01 	 1.4664513103e-05
5900 	 6035 	 1.0311967622e+01 	 1.5493927954e-05
6000 	 6138 	 1.0311967603e+01 	 2.2565021255e-05
6100 	 6242 	 1.0311967590e+01 	 9.7307491491e-06
6200 	 6344 	 1.0311967580e+01 	 1.3259190044e-05
6300 	 6447 	 1.0311967570e+01 	 8.8032926517e-06
6400 	 6551 	 1.0311967562e+01 	 1.0868141564e-05
6500 	 6653 	 1.0311967555e+01 	 7.7712681651e-06
6600 	 6756 	 1.0311967548e+01 	 8.1192349092e-06
6700 	 6859 	 1.0311967541e+01 	 1.0077011317e-05
6800 	 6961 	 1.0311967534e+01 	 8.9877479468e-06
6900 	 7063 	 1.0311967528e+01 	 1.3537384374e-05
7000 	 7165 	 1.0311967523e+01 	 9.7069968585e-06
7100 	 7266 	 1.0311967519e+01 	 6.9106124982e-06
7200 	 7368 	 1.0311967516e+01 	 5.9549783628e-06
7300 	 7468 	 1.0311967513e+01 	 4.9148195965e-06
7400 	 7571 	 1.0311967510e+01 	 4.3353365192e-06
7500 	 7673 	 1.0311967508e+01 	 5.0752674376e-06
7600 	 7774 	 1.0311967506e+01 	 1.1617846295e-05
7700 	 7877 	 1.0311967504e+01 	 5.8973624652e-06
7800 	 7979 	 1.0311967503e+01 	 3.8415277027e-06
7900 	 8084 	 1.0311967501e+01 	 4.7167132078e-06
8000 	 8185 	 1.0311967499e+01 	 6.2057876869e-06
8100 	 8288 	 1.0311967498e+01 	 4.6996968681e-06
8200 	 8391 	 1.0311967497e+01 	 2.8708820183e-06
8300 	 8494 	 1.0311967496e+01 	 2.0986564796e-06
8400 	 8599 	 1.0311967495e+01 	 3.6250501347e-06
8500 	 8702 	 1.0311967495e+01 	 2.4359428243e-06
8600 	 8804 	 1.0311967494e+01 	 3.0664479453e-06
8700 	 8907 	 1.0311967493e+01 	 4.0626294171e-06
8800 	 9012 	 1.0311967492e+01 	 3.2823019078e-06
8900 	 9115 	 1.0311967492e+01 	 3.7935883709e-06
9000 	 9217 	 1.0311967491e+01 	 2.9194866975e-06
9100 	 9320 	 1.0311967490e+01 	 4.1571384534e-06
9200 	 9422 	 1.0311967488e+01 	 4.3175213097e-06
9300 	 9523 	 1.0311967488e+01 	 3.0013022758e-06
9400 	 9626 	 1.0311967487e+01 	 3.6841383243e-06
9500 	 9727 	 1.0311967487e+01 	 2.6881657521e-06
9600 	 9829 	 1.0311967486e+01 	 5.7565815446e-06
9700 	 9933 	 1.0311967486e+01 	 1.9807140273e-06
9800 	 10036 	 1.0311967486e+01 	 1.7085516296e-06
9900 	 10137 	 1.0311967485e+01 	 2.1980642705e-06
10000 	 10239 	 1.0311967485e+01 	 9.0759739182e-07
10100 	 10342 	 1.0311967485e+01 	 2.8180093228e-06
10200 	 10444 	 1.0311967485e+01 	 1.0692998646e-06
10300 	 10544 	 1.0311967485e+01 	 7.0979448559e-07
10400 	 10648 	 1.0311967485e+01 	 1.4004423569e-06
10500 	 10752 	 1.0311967485e+01 	 5.5090324007e-07
10600 	 10854 	 1.0311967485e+01 	 5.7243501092e-07
10700 	 10956 	 1.0311967485e+01 	 6.2691181751e-07
10800 	 11058 	 1.0311967485e+01 	 6.6184821185e-07
10900 	 11160 	 1.0311967485e+01 	 6.4170964131e-07
11000 	 11262 	 1.0311967485e+01 	 5.5222410322e-07
11100 	 11364 	 1.0311967485e+01 	 6.1135349964e-07
11200 	 11465 	 1.0311967485e+01 	 7.4872230986e-07
11300 	 11568 	 1.0311967485e+01 	 6.3288102087e-07
11400 	 11669 	 1.0311967484e+01 	 7.1697317325e-07
11500 	 11775 	 1.0311967484e+01 	 7.1488984630e-07
11600 	 11880 	 1.0311967484e+01 	 7.7858880513e-07
11700 	 11982 	 1.0311967484e+01 	 4.3890105842e-07
11800 	 12085 	 1.0311967484e+01 	 3.3688247145e-07
11900 	 12192 	 1.0311967484e+01 	 5.2014324109e-07
12000 	 12295 	 1.0311967484e+01 	 5.6749103144e-07
12100 	 12398 	 1.0311967484e+01 	 1.1979869871e-06
12200 	 12502 	 1.0311967484e+01 	 4.1031051033e-07
12300 	 12607 	 1.0311967484e+01 	 3.7414348134e-07
12400 	 12713 	 1.0311967484e+01 	 5.6667104424e-07
12500 	 12817 	 1.0311967484e+01 	 3.7046727383e-07
12600 	 12924 	 1.0311967484e+01 	 4.0993280630e-07
12700 	 13034 	 1.0311967484e+01 	 4.8312276592e-07
12800 	 13143 	 1.0311967484e+01 	 1.5305361358e-07
12900 	 13250 	 1.0311967484e+01 	 1.4176497385e-07
13000 	 13359 	 1.0311967484e+01 	 2.8314447639e-07
13100 	 13466 	 1.0311967484e+01 	 1.4354906361e-07
13200 	 13580 	 1.0311967484e+01 	 1.5401867316e-07
13300 	 13691 	 1.0311967484e+01 	 3.5230359665e-07
13400 	 13799 	 1.0311967484e+01 	 3.0391096172e-07
13500 	 13908 	 1.0311967484e+01 	 2.4752698852e-07
13600 	 14020 	 1.0311967484e+01 	 1.1644981182e-07
13700 	 14130 	 1.0311967484e+01 	 1.7711763931e-07
# ---- 
 1 		 13736 	 14195 		 1.0855994256e+01 	 1.0311967484e+01 	 1.2407954490e-07
# ---- 
100 	 102 	 1.6292698314e+01 	 3.2983604786e-02
200 	 202 	 1.6287716860e+01 	 7.5348540835e-03
300 	 302 	 1.6284127633e+01 	 7.2061392180e-03
400 	 404 	 1.6283003960e+01 	 4.8923962066e-03
500 	 504 	 1.6282671576e+01 	 2.2732475711e-03
600 	 606 	 1.6282527795e+01 	 2.7739620494e-03
700 	 709 	 1.6282495546e+01 	 4.0198911250e-04
800 	 811 	 1.6282475599e+01 	 1.0464680406e-03
900 	 912 	 1.6282457262e+01 	 7.5727052652e-04
1000 	 1017 	 1.6282433708e+01 	 5.4852406279e-04
1100 	 1120 	 1.6282419414e+01 	 3.6787203098e-04
1200 	 1222 	 1.6282411449e+01 	 5.0010724884e-04
1300 	 1326 	 1.6282402435e+01 	 2.7741925703e-04
1400 	 1428 	 1.6282393894e+01 	 2.7635929358e-04
1500 	 1529 	 1.6282387330e+01 	 3.8196239994e-04
1600 	 1631 	 1.6282382766e+01 	 2.4800891274e-04
1700 	 1732 	 1.6282378622e+01 	 2.2791368372e-04
1800 	 1833 	 1.6282375484e+01 	 1.5206777133e-04
1900 	 1936 	 1.6282373052e+01 	 2.2697443365e-04
2000 	 2039 	 1.6282370114e+01 	 1.8977887205e-04
2100 	 2140 	 1.6282367824e+01 	 2.4842545826e-04
2200 	 2243 	 1.6282366056e+01 	 1.5183784992e-04
2300 	 2345 	 1.6282364695e+01 	 1.5991765711e-04
2400 	 2448 	 1.6282363346e+01 	 1.4062132393e-04
2500 	 2548 	 1.6282362029e+01 	 1.1743331402e-04
2600 	 2650 	 1.6282360526e+01 	 2.5836414869e-04
2700 	 2753 	 1.6282358970e+01 	 2.0009611719e-04
2800 	 2853 	 1.6282357551e+01 	 3.1387004556e-04
2900 	 2957 	 1.6282356833e+01 	 7.2896963416e-05
3000 	 3059 	 1.6282356464e+01 	 8.2119614467e-05
3100 	 3161 	 1.6282356188e+01 	 8.2208840456e-05
3200 	 3262 	 1.6282355936e+01 	 5.8689921153e-05
3300 	 3365 	 1.6282355762e+01 	 3.9652661466e-05
3400 	 3467 	 1.6282355633e+01 	 5.2055643069e-05
3500 	 3570 	 1.6282355515e+01 	 2.9778103422e-05
3600 	 3676 	 1.6282355407e+01 	 3.0679251192e-05
3700 	 3776 	 1.6282355305e+01 	 3.3968295761e-05
3800 	 3878 	 1.6282355209e+01 	 5.6317607462e-05
3900 	 3981 	 1.6282355138e+01 	 2.6892392686e-05
4000 	 4086 	 1.6282355068e+01 	 6.6771740942e-05
4100 	 4188 	 1.6282354974e+01 	 3.1076204004e-05
4200 	 4291 	 1.6282354855e+01 	 2.9178944295e-05
4300 	 4393 	 1.6282354746e+01 	 3.5977959000e-05
4400 	 4494 	 1.6282354595e+01 	 8.3531439366e-05
4500 	 4596 	 1.6282354439e+01 	 3.9027804800e-05
4600 	 4698 	 1.6282354305e+01 	 4.1918117608e-05
4700 	 4799 	 1.6282354185e+01 	 3.7870489979e-05
4800 	 4902 	 1.6282354073e+01 	 7.3268698548e-05
4900 	 5004 	 1.6282353988e+01 	 4.4467922562e-05
5000 	 5109 	 1.6282353932e+01 	 2.8154416287e-05
5100 	 5214 	 1.6282353892e+01 	 1.7882147080e-05
5200 	 5316 	 1.6282353857e+01 	 1.7968468679e-05
5300 	 5421 	 1.6282353827e+01 	 1.3334142730e-05
5400 	 5523 	 1.6282353808e+01 	 1.0234594271e-05
5500 	 5625 	 1.6282353793e+01 	 1.6387090310e-05
5600 	 5726 	 1.6282353780e+01 	 9.2432482732e-06
5700 	 5830 	 1.6282353773e+01 	 1.1414347383e-05
5800 	 5933 	 1.6282353767e+01 	 7.7559691511e-06
5900 	 6036 	 1.6282353761e+01 	 1.0909197057e-05
6000 	 6139 	 1.6282353754e+01 	 2.2014384702e-05
6100 	 6240 	 1.6282353750e+01 	 7.6663377001e-06
6200 	 6342 	 1.6282353746e+01 	 5.5362594490e-06
6300 	 6443 	 1.6282353741e+01 	 1.0570442086e-05
6400 	 6546 	 1.6282353736e+01 	 9.8694834921e-06
6500 	 6649 	 1.6282353732e+01 	 6.5564587111e-06
6600 	 6751 	 1.6282353728e+01 	 1.0485572763e-05
6700 	 6852 	 1.6282353723e+01 	 6.9220277239e-06
6800 	 6953 	 1.6282353719e+01 	 6.2741110367e-06
6900 	 7058 	 1.6282353716e+01 	 5.5816279584e-06
7000 	 7161 	 1.6282353714e+01 	 5.0586389675e-06
7100 	 7263 	 1.6282353712e+01 	 4.4648332468e-06
7200 	 7367 	 1.6282353710e+01 	 4.1648559035e-06
7300 	 7470 	 1.6282353709e+01 	 4.3723666852e-06
7400 	 7573 	 1.6282353707e+01 	 4.4745856601e-06
7500 	 7676 	 1.6282353705e+01 	 6.8408669895e-06
7600 	 7780 	 1.6282353703e+01 	 5.5800639766e-06
7700 	 7882 	 1.6282353702e+01 	 3.5930918055e-06
7800 	 7985 	 1.6282353701e+01 	 2.6859712232e-06
7900 	 8087 	 1.6282353700e+01 	 2.3256384564e-06
8000 	 8191 	 1.6282353700e+01 	 1.9052683477e-06
8100 	 8294 	 1.6282353699e+01 	 2.6022641567e-06
8200 	 8396 	 1.6282353699e+01 	 1.6086646177e-06
8300 	 8498 	 1.6282353699e+01 	 1.8864482812e-06
8400 	 8602 	 1.6282353698e+01 	 1.4920335778e-06
8500 	 8704 	 1.6282353698e+01 	 2.9397494551e-06
8600 	 8807 	 1.6282353698e+01 	 2.2776917936e-06
8700 	 8909 	 1.6282353698e+01 	 1.2500617520e-06
8800 	 9013 	 1.6282353698e+01 	 1.4727248582e-06
8900 	 9116 	 1.6282353698e+01 	 8.1094462447e-07
9000 	 9218 	 1.6282353697e+01 	 7.9352292776e-07
9100 	 9322 	 1.6282353697e+01 	 5.9279361247e-07
9200 	 9426 	 1.6282353697e+01 	 6.6471483697e-07
9300 	 9532 	 1.6282353697e+01 	 7.0084569939e-07
9400 	 9637 	 1.6282353697e+01 	 8.5770998486e-07
9500 	 9739 	 1.6282353697e+01 	 1.2095324326e-06
9600 	 9841 	 1.6282353697e+01 	 1.1580190927e-06
9700 	 9942 	 1.6282353697e+01 	 1.1205853522e-06
9800 	 10043 	 1.6282353697e+01 	 9.8643661860e-07
9900 	 10146 	 1.6282353697e+01 	 6.3842143729e-07
10000 	 10250 	 1.6282353697e+01 	 8.3017682540e-07
10100 	 10351 	 1.6282353697e+01 	 4.8731523166e-07
10200 	 10455 	 1.6282353697e+01 	 6.4807705667e-07
10300 	 10558 	 1.6282353697e+01 	 7.7112914489e-07
10400 	 10663 	 1.6282353697e+01 	 4.4636067275e-07
10500 	 10768 	 1.6282353697e+01 	 8.0610791611e-07
10600 	 10872 	 1.6282353697e+01 	 1.0034219770e-06
10700 	 10975 	 1.6282353697e+01 	 3.6048400799e-07
10800 	 11082 	 1.6282353697e+01 	 4.5882048292e-07
10900 	 11185 	 1.6282353697e+01 	 3.3927098607e-07
11000 	 11292 	 1.6282353697e+01 	 2.8820125835e-07
11100 	 11402 	 1.6282353697e+01 	 4.3287747586e-07
# ---- 
 1 		 11102 	 11420 		 1.6820250688e+01 	 1.6282353697e+01 	 3.9902201298e-07
# ---- 
100 	 103 	 2.3655177417e+01 	 1.0065344071e-02
200 	 204 	 2.3650827108e+01 	 1.0732401742e-02
300 	 308 	 2.3647108998e+01 	 6.3343570847e-03
400 	 410 	 2.3645907559e+01 	 3.5201381042e-03
500 	 512 	 2.3645509583e+01 	 1.7343430894e-03
600 	 613 	 2.3645317310e+01 	 1.0155410136e-03
700 	 717 	 2.3645279716e+01 	 6.5608800091e-04
800 	 820 	 2.3645258140e+01 	 4.3104198317e-04
900 	 924 	 2.3645236529e+01 	 6.8722439992e-04
1000 	 1027 	 2.3645207789e+01 	 8.4296648548e-04
1100 	 1129 	 2.3645188832e+01 	 3.8956507201e-04
1200 	 1230 	 2.3645180141e+01 	 3.8387444400e-04
1300 	 1333 	 2.3645170206e+01 	 3.8283368376e-04
1400 	 1436 	 2.3645159863e+01 	 4.0022945937e-04
1500 	 1537 	 2.3645151785e+01 	 3.0426639224e-04
1600 	 1638 	 2.3645147158e+01 	 2.6917972867e-04
1700 	 1741 	 2.3645142882e+01 	 3.5445740938e-04
1800 	 1844 	 2.3645139509e+01 	 2.7689066364e-04
1900 	 1945 	 2.3645136551e+01 	 2.2630244531e-04
2000 	 2047 	 2.3645134218e+01 	 1.6475503752e-04
2100 	 2149 	 2.3645132108e+01 	 1.1702636792e-04
2200 	 2250 	 2.3645130133e+01 	 1.6236784304e-04
2300 	 2354 	 2.3645128837e+01 	 1.4994556888e-04
2400 	 2459 	 2.3645127349e+01 	 2.3224359846e-04
2500 	 2561 	 2.3645124912e+01 	 2.5048184680e-04
2600 	 2662 	 2.3645122551e+01 	 1.8613962404e-04
2700 	 2763 	 2.3645121241e+01 	 1.0959483023e-04
2800 	 2865 	 2.3645120558e+01 	 9.2953706022e-05
2900 	 2970 	 2.3645120064e+01 	 1.4747598075e-04
3000 	 3074 	 2.3645119685e+01 	 4.6092094457e-05
3100 	 3176 	 2.3645119467e+01 	 4.7936660262e-05
3200 	 3276 	 2.3645119317e+01 	 6.9928211024e-05
3300 	 3378 	 2.3645119175e+01 	 7.6945276982e-05
3400 	 3481 	 2.3645119010e+01 	 5.2580439342e-05
3500 	 3583 	 2.3645118832e+01 	 4.4375710101e-05
3600 	 3683 	 2.3645118640e+01 	 6.1719481260e-05
3700 	 3787 	 2.3645118462e+01 	 5.0279407375e-05
3800 	 3891 	 2.3645118268e+01 	 4.7873282455e-05
3900 	 3993 	 2.3645118065e+01 	 9.2234347150e-05
4000 	 4096 	 2.3645117868e+01 	 4.5407552636e-05
4100 	 4201 	 2.3645117746e+01 	 3.5645560963e-05
4200 	 4302 	 2.3645117656e+01 	 3.5691379556e-05
4300 	 4404 	 2.3645117581e+01 	 2.5895291954e-05
4400 	 4508 	 2.3645117501e+01 	 2.5013413959e-05
4500 	 4610 	 2.3645117431e+01 	 4.1627418147e-05
4600 	 4713 	 2.3645117354e+01 	 2.4700093493e-05
4700 	 4815 	 2.3645117285e+01 	 2.7687695530e-05
4800 	 4919 	 2.3645117224e+01 	 2.3971761827e-05
4900 	 5022 	 2.3645117145e+01 	 3.8629949233e-05
5000 	 5125 	 2.3645117058e+01 	 2.4423090320e-05
5100 	 5227 	 2.3645116977e+01 	 4.6161456241e-05
5200 	 5329 	 2.3645116902e+01 	 2.5271815399e-05
5300 	 5431 	 2.3645116844e+01 	 2.0566449114e-05
5400 	 5533 	 2.3645116802e+01 	 2.7863641036e-05
5500 	 5636 	 2.3645116766e+01 	 5.1941360094e-05
5600 	 5738 	 2.3645116731e+01 	 4.7864473353e-05
5700 	 5840 	 2.3645116703e+01 	 1.9244825104e-05
5800 	 5941 	 2.3645116680e+01 	 2.8995805862e-05
5900 	 6043 	 2.3645116665e+01 	 1.2659916435e-05
6000 	 6148 	 2.3645116651e+01 	 1.6473587946e-05
6100 	 6250 	 2.3645116638e+01 	 1.5625940697e-05
6200 	 6353 	 2.3645116631e+01 	 8.0144637977e-06
6300 	 6455 	 2.3645116626e+01 	 5.5699338687e-06
6400 	 6558 	 2.3645116622e+01 	 1.6602088197e-05
6500 	 6659 	 2.3645116616e+01 	 1.9334479819e-05
6600 	 6762 	 2.3645116611e+01 	 8.4822762615e-06
6700 	 6864 	 2.3645116607e+01 	 7.0567061368e-06
6800 	 6967 	 2.3645116602e+01 	 1.1459861251e-05
6900 	 7069 	 2.3645116597e+01 	 1.0437317738e-05
7000 	 7171 	 2.3645116592e+01 	 8.5421145378e-06
7100 	 7274 	 2.3645116587e+01 	 5.7352337130e-06
7200 	 7377 	 2.3645116583e+01 	 6.3751651286e-06
7300 	 7479 	 2.3645116580e+01 	 1.2560415686e-05
7400 	 7581 	 2.3645116576e+01 	 4.9277918325e-06
7500 	 7683 	 2.3645116572e+01 	 5.2677151645e-06
7600 	 7788 	 2.3645116570e+01 	 8.4766370750e-06
7700 	 7892 	 2.3645116569e+01 	 2.7920759618e-06
7800 	 7993 	 2.3645116569e+01 	 3.1297350449e-06
7900 	 8097 	 2.3645116568e+01 	 2.2965531108e-06
8000 	 8198 	 2.3645116568e+01 	 4.5181636697e-06
8100 	 8301 	 2.3645116567e+01 	 2.6261688752e-06
8200 	 8401 	 2.3645116567e+01 	 1.8460785734e-06
8300 	 8505 	 2.3645116567e+01 	 1.3926920585e-06
8400 	 8607 	 2.3645116567e+01 	 2.1544007056e-06
8500 	 8708 	 2.3645116566e+01 	 1.2347232071e-06
8600 	 8809 	 2.3645116566e+01 	 1.6752157167e-06
8700 	 8912 	 2.3645116566e+01 	 2.7874665559e-06
8800 	 9015 	 2.3645116566e+01 	 2.5344156662e-06
8900 	 9118 	 2.3645116565e+01 	 1.4730395892e-06
9000 	 9220 	 2.3645116565e+01 	 1.1996883693e-06
9100 	 9323 	 2.3645116565e+01 	 1.5230888594e-06
9200 	 9427 	 2.3645116565e+01 	 1.0288687971e-06
9300 	 9528 	 2.3645116565e+01 	 4.8045579072e-06
9400 	 9630 	 2.3645116564e+01 	 1.0208237757e-06
9500 	 9732 	 2.3645116564e+01 	 1.1552898311e-06
9600 	 9835 	 2.3645116564e+01 	 2.1941598068e-06
9700 	 9938 	 2.3645116564e+01 	 1.1625314794e-06
9800 	 10042 	 2.3645116564e+01 	 6.3476283217e-07
9900 	 10144 	 2.3645116564e+01 	 8.2051698823e-07
10000 	 10246 	 2.3645116564e+01 	 4.5773884498e-07
10100 	 10350 	 2.3645116564e+01 	 5.5716971576e-07
10200 	 10453 	 2.3645116564e+01 	 6.0801446449e-07
10300 	 10555 	 2.3645116564e+01 	 8.5528413814e-07
10400 	 10658 	 2.3645116564e+01 	 1.3278280920e-06
10500 	 10762 	 2.3645116564e+01 	 9.3494598018e-07
10600 	 10865 	 2.3645116564e+01 	 1.3122326319e-06
10700 	 10968 	 2.3645116564e+01 	 5.7078482666e-07
10800 	 11069 	 2.3645116564e+01 	 9.4967938605e-07
10900 	 11173 	 2.3645116564e+01 	 5.1267401165e-07
11000 	 11279 	 2.3645116564e+01 	 6.5731458695e-07
11100 	 11385 	 2.3645116564e+01 	 3.8232095078e-07
11200 	 11494 	 2.3645116564e+01 	 3.5964483019e-07
11300 	 11606 	 2.3645116564e+01 	 1.7280290641e-07
# ---- 
 1 		 11382 	 11719 		 2.4178977737e+01 	 2.3645116564e+01 	 2.3338000604e-07
# ---- 
100 	 101 	 3.2418440119e+01 	 9.4617952964e-03
200 	 201 	 3.2414491396e+01 	 9.4719995595e-03
300 	 302 	 3.2410858619e+01 	 5.1798000234e-03
400 	 406 	 3.2409494981e+01 	 3.8004610678e-03
500 	 507 	 3.2409050896e+01 	 2.4547966264e-03
600 	 610 	 3.2408841793e+01 	 9.3827098712e-04
700 	 713 	 3.2408792228e+01 	 7.4641417558e-04
800 	 818 	 3.2408767576e+01 	 5.3488435234e-04
900 	 920 	 3.2408738580e+01 	 7.0554853015e-04
1000 	 1023 	 3.2408700927e+01 	 1.0868711833e-03
1100 	 1127 	 3.2408677732e+01 	 4.6674292400e-04
1200 	 1228 	 3.2408664749e+01 	 4.9855061028e-04
1300 	 1331 	 3.2408650320e+01 	 7.9315259931e-04
1400 	 1435 	 3.2408637366e+01 	 4.2081382199e-04
1500 	 1537 	 3.2408628857e+01 	 3.1389104177e-04
1600 	 1639 	 3.2408622954e+01 	 4.1532626902e-04
1700 	 1743 	 3.2408616151e+01 	 2.6911627863e-04
1800 	 1846 	 3.2408611654e+01 	 2.1369058630e-04
1900 	 1947 	 3.2408608187e+01 	 2.1132704079e-04
2000 	 2047 	 3.2408605450e+01 	 1.4879716922e-04
2100 	 2147 	 3.2408602686e+01 	 1.9837025706e-04
2200 	 2247 	 3.2408600115e+01 	 4.3812959671e-04
2300 	 2350 	 3.2408598084e+01 	 1.7051498592e-04
2400 	 2453 	 3.2408595816e+01 	 2.1360224925e-04
2500 	 2556 	 3.2408593613e+01 	 3.2537514140e-04
2600 	 2660 	 3.2408591707e+01 	 1.4067725098e-04
2700 	 2761 	 3.2408590090e+01 	 1.4874076281e-04
2800 	 2863 	 3.2408588982e+01 	 8.0148428838e-05
2900 	 2968 	 3.2408588341e+01 	 2.6082040930e-04
3000 	 3071 	 3.2408587996e+01 	 4.3031029221e-05
3100 	 3174 	 3.2408587800e+01 	 4.2056963553e-05
3200 	 3277 	 3.2408587629e+01 	 4.7131872049e-05
3300 	 3379 	 3.2408587459e+01 	 4.4893459527e-05
3400 	 3481 	 3.2408587314e+01 	 3.8316567790e-05
3500 	 3583 	 3.2408587141e+01 	 4.4829333636e-05
3600 	 3685 	 3.2408586905e+01 	 5.8623542550e-05
3700 	 3788 	 3.2408586632e+01 	 4.5586999135e-05
3800 	 3891 	 3.2408586426e+01 	 4.8236130282e-05
3900 	 3993 	 3.2408586256e+01 	 3.6461290572e-05
4000 	 4095 	 3.2408586057e+01 	 7.4228099296e-05
4100 	 4199 	 3.2408585843e+01 	 8.7411970008e-05
4200 	 4301 	 3.2408585631e+01 	 4.8261771302e-05
4300 	 4405 	 3.2408585446e+01 	 6.2342355792e-05
4400 	 4505 	 3.2408585311e+01 	 9.7743680067e-05
4500 	 4607 	 3.2408585171e+01 	 6.4809401468e-05
4600 	 4708 	 3.2408585064e+01 	 3.1188049756e-05
4700 	 4810 	 3.2408584990e+01 	 2.7448680219e-05
4800 	 4912 	 3.2408584945e+01 	 2.5421429557e-05
4900 	 5015 	 3.2408584913e+01 	 1.6829894538e-05
5000 	 5117 	 3.2408584891e+01 	 3.6486646390e-05
5100 	 5221 	 3.2408584873e+01 	 1.7392196273e-05
5200 	 5324 	 3.2408584858e+01 	 1.1378401746e-05
5300 	 5427 	 3.2408584845e+01 	 1.1147247013e-05
5400 	 5531 	 3.2408584835e+01 	 1.5838453762e-05
5500 	 5635 	 3.2408584826e+01 	 2.1874043076e-05
5600 	 5736 	 3.2408584820e+01 	 8.2584416114e-06
5700 	 5838 	 3.2408584815e+01 	 6.1117330401e-06
5800 	 5940 	 3.2408584810e+01 	 9.6085503091e-06
5900 	 6040 	 3.2408584804e+01 	 8.1737005958e-06
6000 	 6143 	 3.2408584798e+01 	 1.1864757658e-05
6100 	 6247 	 3.2408584793e+01 	 5.5780764743e-06
6200 	 6348 	 3.2408584788e+01 	 7.8672454617e-06
6300 	 6452 	 3.2408584781e+01 	 1.0278011537e-05
6400 	 6558 	 3.2408584775e+01 	 1.0463608970e-05
6500 	 6661 	 3.2408584770e+01 	 8.0211346626e-06
6600 	 6761 	 3.2408584766e+01 	 9.9634572301e-06
6700 	 6866 	 3.2408584763e+01 	 7.5639276039e-06
6800 	 6969 	 3.2408584760e+01 	 4.5426181737e-06
6900 	 7070 	 3.2408584758e+01 	 4.5352339661e-06
7000 	 7172 	 3.2408584757e+01 	 5.0395877735e-06
7100 	 7275 	 3.2408584755e+01 	 5.4911138470e-06
7200 	 7379 	 3.2408584754e+01 	 4.4515817887e-06
7300 	 7482 	 3.2408584753e+01 	 3.0215213675e-06
7400 	 7584 	 3.2408584752e+01 	 3.0754391807e-06
7500 	 7685 	 3.2408584751e+01 	 6.4864683748e-06
7600 	 7787 	 3.2408584750e+01 	 2.7586911347e-06
7700 	 7891 	 3.2408584750e+01 	 2.0694669335e-06
7800 	 7994 	 3.2408584749e+01 	 1.9230070447e-06
7900 	 8097 	 3.2408584749e+01 	 3.9650715572e-06
8000 	 8199 	 3.2408584748e+01 	 1.9220694153e-06
8100 	 8300 	 3.2408584748e+01 	 2.8428805752e-06
8200 	 8403 	 3.2408584748e+01 	 1.7580597674e-06
8300 	 8507 	 3.2408584748e+01 	 1.0453114795e-06
8400 	 8609 	 3.2408584748e+01 	 1.5966414737e-06
8500 	 8711 	 3.2408584747e+01 	 1.8071206802e-06
8600 	 8811 	 3.2408584747e+01 	 1.7437261433e-06
8700 	 8913 	 3.2408584747e+01 	 7.9062802662e-07
8800 	 9016 	 3.2408584747e+01 	 1.2307938308e-06
8900 	 9120 	 3.2408584747e+01 	 9.9403582344e-07
9000 	 9223 	 3.2408584747e+01 	 1.4902617602e-06
9100 	 9327 	 3.2408584746e+01 	 1.2503460285e-06
9200 	 9431 	 3.2408584746e+01 	 1.3890788457e-06
9300 	 9531 	 3.2408584746e+01 	 1.1543033621e-06
9400 	 9633 	 3.2408584746e+01 	 9.4520845868e-07
9500 	 9735 	 3.2408584746e+01 	 1.3021692864e-06
9600 	 9839 	 3.2408584746e+01 	 7.1807711183e-07
9700 	 9942 	 3.2408584746e+01 	 7.1447625240e-07
9800 	 10046 	 3.2408584746e+01 	 6.1870145631e-07
9900 	 10150 	 3.2408584746e+01 	 5.3022203720e-07
10000 	 10255 	 3.2408584746e+01 	 5.3281740527e-07
10100 	 10360 	 3.2408584746e+01 	 8.0174360522e-07
10200 	 10462 	 3.2408584746e+01 	 4.0568414546e-07
10300 	 10569 	 3.2408584746e+01 	 1.1048764051e-06
10400 	 10678 	 3.2408584746e+01 	 1.1151276537e-06
10500 	 10789 	 3.2408584746e+01 	 6.5023211096e-07
10600 	 10904 	 3.2408584746e+01 	 4.5329599769e-07
10700 	 11013 	 3.2408584746e+01 	 4.2489588390e-07
10800 	 11123 	 3.2408584746e+01 	 3.0136528645e-07
10900 	 11233 	 3.2408584746e+01 	 1.3896274843e-07
11000 	 11344 	 3.2408584746e+01 	 2.0683781478e-07
11100 	 11465 	 3.2408584746e+01 	 1.6427812238e-07
11200 	 11589 	 3.2408584746e+01 	 2.1577484929e-07
11300 	 11722 	 3.2408584746e+01 	 2.0348606012e-07
11400 	 11835 	 3.2408584746e+01 	 2.9514750728e-07
11500 	 11954 	 3.2408584746e+01 	 2.1752574331e-07
11600 	 12079 	 3.2408584746e+01 	 8.7044236581e-08
# ---- 
 1 		 11678 	 12194 		 3.2939682450e+01 	 3.2408584746e+01 	 1.5091343120e-07
# ---- 
100 	 101 	 4.2588926119e+01 	 9.4264407796e-03
200 	 204 	 4.2585150982e+01 	 1.2042527892e-02
300 	 305 	 4.2581646543e+01 	 5.9903128838e-03
400 	 407 	 4.2580117878e+01 	 2.9616012537e-03
500 	 509 	 4.2579653789e+01 	 2.7397952739e-03
600 	 612 	 4.2579419007e+01 	 3.5811360782e-03
700 	 713 	 4.2579356515e+01 	 6.5843641104e-04
800 	 815 	 4.2579322893e+01 	 7.2373003049e-04
900 	 918 	 4.2579284491e+01 	 1.0380781533e-03
1000 	 1020 	 4.2579239861e+01 	 1.4713343849e-03
1100 	 1122 	 4.2579206989e+01 	 5.1903255447e-04
1200 	 1224 	 4.2579186699e+01 	 6.2177654461e-04
1300 	 1325 	 4.2579164095e+01 	 5.0314188826e-04
1400 	 1426 	 4.2579149151e+01 	 7.8855660571e-04
1500 	 1529 	 4.2579138217e+01 	 2.6465304678e-04
1600 	 1632 	 4.2579129540e+01 	 2.8514365580e-04
1700 	 1734 	 4.2579120491e+01 	 3.2994143365e-04
1800 	 1836 	 4.2579113788e+01 	 2.1693518996e-04
1900 	 1940 	 4.2579108487e+01 	 2.9733402401e-04
2000 	 2040 	 4.2579105167e+01 	 1.7082068714e-04
2100 	 2143 	 4.2579101869e+01 	 2.2387122756e-04
2200 	 2246 	 4.2579098357e+01 	 1.6143376147e-04
2300 	 2348 	 4.2579094857e+01 	 1.8597722058e-04
2400 	 2451 	 4.2579091727e+01 	 2.0170185042e-04
2500 	 2553 	 4.2579089372e+01 	 2.2513619933e-04
2600 	 2655 	 4.2579087634e+01 	 2.2948143831e-04
2700 	 2759 	 4.2579086030e+01 	 2.2463623019e-04
2800 	 2860 	 4.2579084838e+01 	 1.4889766170e-04
2900 	 2961 	 4.2579084117e+01 	 7.1344047631e-05
3000 	 3061 	 4.2579083697e+01 	 5.1229269523e-05
3100 	 3163 	 4.2579083405e+01 	 5.1371656368e-05
3200 	 3264 	 4.2579083166e+01 	 4.6986074842e-05
3300 	 3367 	 4.2579082970e+01 	 1.3188136533e-04
3400 	 3468 	 4.2579082710e+01 	 5.5114914774e-05
3500 	 3570 	 4.2579082412e+01 	 1.3775221794e-04
3600 	 3673 	 4.2579082185e+01 	 4.7355036001e-05
3700 	 3777 	 4.2579081926e+01 	 5.6307692384e-05
3800 	 3880 	 4.2579081638e+01 	 7.5109343175e-05
3900 	 3984 	 4.2579081406e+01 	 7.9039542211e-05
4000 	 4087 	 4.2579081230e+01 	 1.1473454949e-04
4100 	 4190 	 4.2579081051e+01 	 3.6509116557e-05
4200 	 4291 	 4.2579080830e+01 	 6.5884792174e-05
100 	 104 	 6.5868208674e-01 	 8.2130587813e-02
200 	 206 	 6.1794316685e-01 	 1.6503768026e-02
300 	 308 	 6.1439835491e-01 	 3.4045708128e-03
400 	 410 	 6.1363868548e-01 	 3.6909662716e-03
500 	 513 	 6.1314796151e-01 	 6.8132692175e-03
600 	 617 	 6.1286414539e-01 	 3.0742390523e-03
700 	 723 	 6.1260983612e-01 	 1.8685648541e-03
800 	 825 	 6.1222338361e-01 	 2.3937641698e-03
900 	 926 	 6.1199718349e-01 	 2.4709933519e-03
1000 	 1029 	 6.1183280330e-01 	 1.7205668330e-03
1100 	 1132 	 6.1166734588e-01 	 1.1375698089e-03
1200 	 1235 	 6.1144931081e-01 	 1.8817801100e-03
1300 	 1337 	 6.1124169517e-01 	 1.6134409950e-03
1400 	 1438 	 6.1111823161e-01 	 2.1942321221e-03
1500 	 1541 	 6.1096618006e-01 	 1.5624025160e-03
1600 	 1643 	 6.1081669373e-01 	 1.3961875242e-03
1700 	 1746 	 6.1070365394e-01 	 1.1861435030e-03
1800 	 1849 	 6.1062090949e-01 	 2.0286351230e-03
1900 	 1952 	 6.1050460041e-01 	 1.2262051725e-03
2000 	 2056 	 6.1037331552e-01 	 8.4294917768e-04
2100 	 2159 	 6.1027630769e-01 	 9.0795774941e-04
2200 	 2263 	 6.1019840276e-01 	 1.0941262382e-03
2300 	 2366 	 6.1014088851e-01 	 7.1555212089e-04
2400 	 2467 	 6.1006700100e-01 	 9.6320466000e-04
2500 	 2570 	 6.0997935289e-01 	 1.2257823576e-03
2600 	 2672 	 6.0990796853e-01 	 2.9626392163e-03
2700 	 2775 	 6.0983269429e-01 	 1.2831217606e-03
2800 	 2878 	 6.0978941868e-01 	 2.5886120142e-03
2900 	 2980 	 6.0973570662e-01 	 9.2485966238e-04
3000 	 3083 	 6.0966127919e-01 	 1.8008957890e-03
3100 	 3184 	 6.0957641629e-01 	 1.0758276071e-03
3200 	 3286 	 6.0949159369e-01 	 1.1078899649e-03
3300 	 3390 	 6.0942107976e-01 	 8.2913254009e-04
3400 	 3491 	 6.0936808777e-01 	 1.0636823157e-03
3500 	 3593 	 6.0932609982e-01 	 2.2292628276e-03
3600 	 3697 	 6.0929332810e-01 	 4.4592804047e-04
3700 	 3800 	 6.0927168128e-01 	 4.0476986477e-04
3800 	 3903 	 6.0925077223e-01 	 5.6132136941e-04
3900 	 4006 	 6.0923287519e-01 	 3.7799816454e-04
4000 	 4108 	 6.0921803584e-01 	 7.1489463189e-04
4100 	 4210 	 6.0919981904e-01 	 7.2212678703e-04
4200 	 4313 	 6.0918031414e-01 	 5.4356672562e-04
4300 	 4415 	 6.0916154704e-01 	 5.5361720305e-04
4400 	 4518 	 6.0914334364e-01 	 5.2723204270e-04
4500 	 4620 	 6.0912015580e-01 	 9.1025998817e-04
4600 	 4723 	 6.0909613027e-01 	 5.0801373265e-04
4700 	 4826 	 6.0907471999e-01 	 4.2742056556e-04
4800 	 4929 	 6.0904812778e-01 	 6.1963222797e-04
4900 	 5033 	 6.0901160689e-01 	 5.8101454099e-04
5000 	 5136 	 6.0897658171e-01 	 6.7416187532e-04
5100 	 5237 	 6.0892580387e-01 	 9.8099576954e-04
5200 	 5340 	 6.0888116608e-01 	 1.3773417796e-03
5300 	 5442 	 6.0884774660e-01 	 1.0660255602e-03
5400 	 5543 	 6.0881592990e-01 	 5.1795020501e-04
5500 	 5646 	 6.0878916138e-01 	 5.5053468033e-04
5600 	 5750 	 6.0876241493e-01 	 4.4734495896e-04
5700 	 5852 	 6.0873472174e-01 	 1.4268192208e-03
5800 	 5954 	 6.0871274883e-01 	 3.8433659536e-04
5900 	 6055 	 6.0869769906e-01 	 5.2772555801e-04
6000 	 6160 	 6.0868673837e-01 	 5.7000772018e-04
6100 	 6265 	 6.0867712021e-01 	 3.5426669908e-04
6200 	 6370 	 6.0866602657e-01 	 3.1249083341e-04
6300 	 6473 	 6.0865339191e-01 	 5.0362906808e-04
6400 	 6574 	 6.0863874658e-01 	 6.3743978828e-04
6500 	 6676 	 6.0862690350e-01 	 6.1546491161e-04
6600 	 6778 	 6.0861543205e-01 	 3.8074374710e-04
6700 	 6882 	 6.0860263493e-01 	 8.3696250557e-04
6800 	 6983 	 6.0858963731e-01 	 3.4655943276e-04
6900 	 7085 	 6.0857842956e-01 	 3.8434618568e-04
7000 	 7186 	 6.0856395473e-01 	 5.2885661449e-04
7100 	 7288 	 6.0854699210e-01 	 5.0437907550e-04
7200 	 7389 	 6.0852981991e-01 	 3.3853089064e-04
7300 	 7491 	 6.0851409173e-01 	 3.8137717571e-04
7400 	 7595 	 6.0849989714e-01 	 2.8227256384e-04
7500 	 7695 	 6.0848981174e-01 	 3.3352142020e-04
7600 	 7800 	 6.0848293780e-01 	 7.2835897113e-04
7700 	 7903 	 6.0847732890e-01 	 2.0238278600e-04
7800 	 8008 	 6.0847343229e-01 	 3.0833912966e-04
7900 	 8111 	 6.0847024173e-01 	 3.3680312718e-04
8000 	 8214 	 6.0846674054e-01 	 5.6474182583e-04
8100 	 8318 	 6.0846381395e-01 	 3.7015084917e-04
8200 	 8420 	 6.0846117260e-01 	 1.5577366887e-04
8300 	 8523 	 6.0845866266e-01 	 1.5116388179e-04
8400 	 8624 	 6.0845660183e-01 	 2.4151312983e-04
8500 	 8725 	 6.0845508414e-01 	 1.0575822855e-04
8600 	 8829 	 6.0845351991e-01 	 1.7251653877e-04
8700 	 8931 	 6.0845164007e-01 	 1.8636120359e-04
8800 	 9032 	 6.0844948979e-01 	 2.3754114767e-04
8900 	 9135 	 6.0844808747e-01 	 1.0113616590e-04
9000 	 9235 	 6.0844708052e-01 	 2.5081886942e-04
9100 	 9337 	 6.0844594242e-01 	 1.3930061746e-04
9200 	 9439 	 6.0844476354e-01 	 1.1410966027e-04
9300 	 9542 	 6.0844365762e-01 	 1.2031602313e-04
9400 	 9643 	 6.0844270870e-01 	 2.8713146331e-04
9500 	 9746 	 6.0844189144e-01 	 1.1817019582e-04
9600 	 9848 	 6.0844120319e-01 	 1.4069711126e-04
9700 	 9951 	 6.0844050419e-01 	 1.1086539300e-04
9800 	 10052 	 6.0843969987e-01 	 1.4432207919e-04
9900 	 10157 	 6.0843890899e-01 	 1.5620548883e-04
10000 	 10258 	 6.0843801314e-01 	 9.2992962842e-05
10100 	 10360 	 6.0843722878e-01 	 9.8119205486e-05
10200 	 10463 	 6.0843628045e-01 	 2.3649686610e-04
10300 	 10565 	 6.0843524176e-01 	 1.1692125094e-04
10400 	 10667 	 6.0843402334e-01 	 1.2818061625e-04
10500 	 10770 	 6.0843288344e-01 	 1.0240685642e-04
10600 	 10871 	 6.0843195252e-01 	 7.0336231494e-05
10700 	 10972 	 6.0843070806e-01 	 1.2048339492e-04
10800 	 11073 	 6.0842941649e-01 	 1.2989214545e-04
10900 	 11176 	 6.0842830937e-01 	 1.1079686721e-04
11000 	 11278 	 6.0842754333e-01 	 7.1863663716e-05
11100 	 11381 	 6.0842704056e-01 	 7.0566068867e-05
11200 	 11484 	 6.0842647578e-01 	 6.4367969066e-05
11300 	 11585 	 6.0842590088e-01 	 1.1155531867e-04
11400 	 11686 	 6.0842537152e-01 	 9.2793527665e-05
11500 	 11787 	 6.0842491950e-01 	 1.2574269618e-04
11600 	 11889 	 6.0842456830e-01 	 6.6010534491e-05
11700 	 11992 	 6.0842429605e-01 	 4.4733822366e-05
11800 	 12097 	 6.0842415893e-01 	 3.7396692148e-05
11900 	 12199 	 6.0842401451e-01 	 4.4992523174e-05
12000 	 12303 	 6.0842385850e-01 	 9.1346459262e-05
12100 	 12406 	 6.0842370965e-01 	 8.8193985529e-05
12200 	 12508 	 6.0842351475e-01 	 4.5121939042e-05
12300 	 12609 	 6.0842330092e-01 	 4.0903287270e-05
12400 	 12711 	 6.0842301488e-01 	 7.2558129303e-05
12500 	 12811 	 6.0842256019e-01 	 1.7911627784e-04
12600 	 12914 	 6.0842199306e-01 	 6.9595550948e-05
12700 	 13017 	 6.0842137480e-01 	 1.1528995677e-04
12800 	 13120 	 6.0842061632e-01 	 1.2872411146e-04
12900 	 13221 	 6.0841997742e-01 	 9.8259517872e-05
13000 	 13325 	 6.0841946658e-01 	 6.6453996361e-05
13100 	 13427 	 6.0841899211e-01 	 5.9727320654e-05
13200 	 13529 	 6.0841864830e-01 	 7.7971640347e-05
13300 	 13631 	 6.0841830335e-01 	 7.8526556127e-05
13400 	 13735 	 6.0841799452e-01 	 3.6365083567e-05
13500 	 13836 	 6.0841764687e-01 	 6.1424981523e-05
13600 	 13937 	 6.0841730821e-01 	 5.5353940994e-05
13700 	 14038 	 6.0841703835e-01 	 5.5911221088e-05
13800 	 14140 	 6.0841680261e-01 	 7.3299448841e-05
13900 	 14240 	 6.0841661995e-01 	 3.3907674134e-05
14000 	 14342 	 6.0841645953e-01 	 3.8640025949e-05
14100 	 14444 	 6.0841631869e-01 	 3.1948146588e-05
14200 	 14547 	 6.0841618659e-01 	 2.7444571548e-05
14300 	 14650 	 6.0841608595e-01 	 2.8973841174e-05
14400 	 14752 	 6.0841600083e-01 	 2.7871998219e-05
14500 	 14854 	 6.0841590604e-01 	 2.8940476385e-05
14600 	 14956 	 6.0841581077e-01 	 3.7007559081e-05
14700 	 15056 	 6.0841571492e-01 	 3.1071115087e-05
14800 	 15157 	 6.0841562629e-01 	 3.1040769456e-05
14900 	 15260 	 6.0841553692e-01 	 7.2650289168e-05
15000 	 15364 	 6.0841544316e-01 	 5.1823955630e-05
15100 	 15467 	 6.0841536841e-01 	 2.7566531044e-05
15200 	 15568 	 6.0841529688e-01 	 3.4431739658e-05
15300 	 15671 	 6.0841521028e-01 	 2.7025227144e-05
15400 	 15773 	 6.0841515839e-01 	 2.3110788307e-05
15500 	 15876 	 6.0841510114e-01 	 2.8720854470e-05
15600 	 15976 	 6.0841503782e-01 	 2.2427613713e-05
15700 	 16081 	 6.0841497395e-01 	 3.8495104277e-05
15800 	 16183 	 6.0841491115e-01 	 2.7992440667e-05
15900 	 16283 	 6.0841485526e-01 	 2.8742568036e-05
16000 	 16385 	 6.0841481415e-01 	 2.1333468447e-05
16100 	 16488 	 6.0841477479e-01 	 2.0606441074e-05
16200 	 16590 	 6.0841473767e-01 	 1.8086860053e-05
16300 	 16691 	 6.0841471417e-01 	 1.3226852514e-05
16400 	 16795 	 6.0841468541e-01 	 1.5515433940e-05
16500 	 16899 	 6.0841464855e-01 	 2.2968007993e-05
16600 	 16999 	 6.0841460798e-01 	 2.1005227047e-05
16700 	 17100 	 6.0841457190e-01 	 2.2758183046e-05
16800 	 17201 	 6.0841453399e-01 	 2.1301236443e-05
16900 	 17305 	 6.0841449891e-01 	 3.1209621989e-05
17000 	 17407 	 6.0841446923e-01 	 2.7187166819e-05
17100 	 17509 	 6.0841444599e-01 	 1.2889209170e-05
17200 	 17614 	 6.0841442592e-01 	 9.5193976396e-06
17300 	 17717 	 6.0841440281e-01 	 2.1218208175e-05
17400 	 17818 	 6.0841436730e-01 	 1.8622916377e-05
17500 	 17919 	 6.0841433743e-01 	 2.0036554771e-05
17600 	 18021 	 6.0841430710e-01 	 1.8185112848e-05
17700 	 18122 	 6.0841426352e-01 	 4.2317035156e-05
17800 	 18224 	 6.0841420007e-01 	 4.1507902167e-05
17900 	 18326 	 6.0841412737e-01 	 2.5693948481e-05
18000 	 18427 	 6.0841407119e-01 	 3.0357660547e-05
18100 	 18530 	 6.0841402541e-01 	 2.3180989334e-05
18200 	 18631 	 6.0841399803e-01 	 2.0889643363e-05
18300 	 18732 	 6.0841398030e-01 	 1.4814340060e-05
18400 	 18834 	 6.0841396770e-01 	 1.0465996276e-05
18500 	 18939 	 6.0841395569e-01 	 1.8683822852e-05
18600 	 19039 	 6.0841394085e-01 	 1.2213874346e-05
18700 	 19141 	 6.0841392182e-01 	 1.3557151581e-05
18800 	 19246 	 6.0841390134e-01 	 2.3556580259e-05
18900 	 19348 	 6.0841388552e-01 	 2.6318378623e-05
19000 	 19452 	 6.0841387342e-01 	 1.0257818117e-05
19100 	 19555 	 6.0841385815e-01 	 1.3211054337e-05
19200 	 19658 	 6.0841383940e-01 	 1.3649053704e-05
19300 	 19761 	 6.0841381563e-01 	 2.6421378222e-05
19400 	 19863 	 6.0841379301e-01 	 1.2451129497e-05
19500 	 19965 	 6.0841377388e-01 	 2.2903886264e-05
19600 	 20070 	 6.0841375437e-01 	 1.4053268468e-05
19700 	 20172 	 6.0841373654e-01 	 1.5239040122e-05
19800 	 20275 	 6.0841372249e-01 	 1.2863311773e-05
19900 	 20378 	 6.0841370774e-01 	 2.7895262594e-05
20000 	 20480 	 6.0841369621e-01 	 8.7971672341e-06
20100 	 20580 	 6.0841368744e-01 	 1.1685821129e-05
20200 	 20682 	 6.0841367761e-01 	 9.8655807126e-06
20300 	 20784 	 6.0841366615e-01 	 1.3438556726e-05
20400 	 20886 	 6.0841365391e-01 	 1.1010400826e-05
20500 	 20988 	 6.0841364021e-01 	 9.2650234527e-06
20600 	 21090 	 6.0841362950e-01 	 1.2310638654e-05
20700 	 21192 	 6.0841362058e-01 	 2.0181069949e-05
20800 	 21295 	 6.0841361133e-01 	 1.6354953276e-05
20900 	 21397 	 6.0841360535e-01 	 1.3182792957e-05
21000 	 21499 	 6.0841360115e-01 	 5.9284230985e-06
21100 	 21602 	 6.0841359656e-01 	 8.1729611806e-06
21200 	 21704 	 6.0841359081e-01 	 1.1658820139e-05
21300 	 21805 	 6.0841358608e-01 	 5.4460904746e-06
21400 	 21906 	 6.0841358205e-01 	 5.9261220138e-06
21500 	 22007 	 6.0841357819e-01 	 6.2384714926e-06
21600 	 22110 	 6.0841357451e-01 	 6.7762369548e-06
21700 	 22212 	 6.0841357000e-01 	 7.0770224268e-06
21800 	 22314 	 6.0841356544e-01 	 9.0718861490e-06
21900 	 22416 	 6.0841356191e-01 	 5.6493342180e-06
22000 	 22519 	 6.0841355869e-01 	 5.4080964426e-06
22100 	 22621 	 6.0841355534e-01 	 7.0452158440e-06
22200 	 22726 	 6.0841355242e-01 	 6.5559801662e-06
22300 	 22828 	 6.0841354982e-01 	 1.5186887055e-05
22400 	 22931 	 6.0841354737e-01 	 4.6622391507e-06
22500 	 23035 	 6.0841354526e-01 	 6.4782670089e-06
22600 	 23139 	 6.0841354320e-01 	 4.8117703599e-06
22700 	 23240 	 6.0841354137e-01 	 3.6935958834e-06
22800 	 23343 	 6.0841353981e-01 	 9.0406927970e-06
22900 	 23446 	 6.0841353834e-01 	 6.8103230438e-06
23000 	 23548 	 6.0841353693e-01 	 3.7801723201e-06
23100 	 23651 	 6.0841353578e-01 	 5.9909696409e-06
23200 	 23755 	 6.0841353450e-01 	 3.4427330138e-06
23300 	 23858 	 6.0841353286e-01 	 3.8127442469e-06
23400 	 23961 	 6.0841353139e-01 	 9.0998960621e-06
23500 	 24062 	 6.0841353002e-01 	 6.3457531161e-06
23600 	 24166 	 6.0841352890e-01 	 3.3507610061e-06
23700 	 24269 	 6.0841352770e-01 	 3.8766645470e-06
23800 	 24372 	 6.0841352613e-01 	 3.9658421290e-06
23900 	 24475 	 6.0841352460e-01 	 3.6400006592e-06
24000 	 24578 	 6.0841352299e-01 	 4.6107445164e-06
24100 	 24680 	 6.0841352142e-01 	 5.2896152893e-06
24200 	 24782 	 6.0841351975e-01 	 8.7324800682e-06
24300 	 24886 	 6.0841351845e-01 	 3.1200908433e-06
24400 	 24987 	 6.0841351746e-01 	 2.8678171406e-06
24500 	 25090 	 6.0841351667e-01 	 4.4255702651e-06
24600 	 25192 	 6.0841351601e-01 	 4.7877051418e-06
24700 	 25292 	 6.0841351566e-01 	 1.8367979915e-06
24800 	 25396 	 6.0841351535e-01 	 2.0271449911e-06
24900 	 25499 	 6.0841351492e-01 	 2.4485714337e-06
25000 	 25600 	 6.0841351437e-01 	 3.1167984469e-06
25100 	 25705 	 6.0841351370e-01 	 2.2807857483e-06
25200 	 25809 	 6.0841351292e-01 	 4.6486799753e-06
25300 	 25909 	 6.0841351221e-01 	 2.0333519333e-06
25400 	 26011 	 6.0841351157e-01 	 2.0262034325e-06
25500 	 26114 	 6.0841351104e-01 	 4.1261607756e-06
25600 	 26215 	 6.0841351051e-01 	 2.5725220031e-06
25700 	 26318 	 6.0841350984e-01 	 3.3137347393e-06
25800 	 26419 	 6.0841350919e-01 	 3.7146644153e-06
25900 	 26522 	 6.0841350871e-01 	 2.4636153248e-06
26000 	 26624 	 6.0841350825e-01 	 1.9596999828e-06
26100 	 26729 	 6.0841350787e-01 	 2.2702133666e-06
26200 	 26832 	 6.0841350736e-01 	 2.2440917171e-06
26300 	 26935 	 6.0841350662e-01 	 2.1171372349e-06
26400 	 27037 	 6.0841350606e-01 	 1.9262495559e-06
26500 	 27141 	 6.0841350558e-01 	 3.7027487435e-06
26600 	 27243 	 6.0841350514e-01 	 2.1752789714e-06
26700 	 27344 	 6.0841350470e-01 	 1.8037518098e-06
26800 	 27446 	 6.0841350439e-01 	 1.3714662147e-06
26900 	 27548 	 6.0841350411e-01 	 1.9633278223e-06
27000 	 27652 	 6.0841350384e-01 	 1.6996094102e-06
27100 	 27754 	 6.0841350353e-01 	 3.1409552115e-06
27200 	 27858 	 6.0841350326e-01 	 4.2606912786e-06
27300 	 27962 	 6.0841350309e-01 	 1.1743217616e-06
27400 	 28064 	 6.0841350292e-01 	 1.5315988969e-06
27500 	 28167 	 6.0841350273e-01 	 2.0878127251e-06
27600 	 28269 	 6.0841350255e-01 	 1.8311951004e-06
27700 	 28371 	 6.0841350238e-01 	 1.3533602929e-06
27800 	 28475 	 6.0841350222e-01 	 8.1961525075e-07
27900 	 28578 	 6.0841350210e-01 	 1.3109641680e-06
28000 	 28680 	 6.0841350200e-01 	 1.0558443609e-06
28100 	 28781 	 6.0841350192e-01 	 9.1435073705e-07
28200 	 28884 	 6.0841350186e-01 	 7.7917725539e-07
28300 	 28987 	 6.0841350182e-01 	 7.3063095129e-07
28400 	 29091 	 6.0841350176e-01 	 9.6497371833e-07
28500 	 29193 	 6.0841350170e-01 	 1.6947207824e-06
28600 	 29294 	 6.0841350163e-01 	 9.3216790660e-07
28700 	 29396 	 6.0841350156e-01 	 2.7458593904e-06
28800 	 29499 	 6.0841350149e-01 	 2.1667803220e-06
28900 	 29603 	 6.0841350140e-01 	 1.8263525527e-06
29000 	 29703 	 6.0841350130e-01 	 1.0990560142e-06
29100 	 29804 	 6.0841350122e-01 	 8.0501267849e-07
29200 	 29907 	 6.0841350117e-01 	 5.8166106728e-07
29300 	 30009 	 6.0841350112e-01 	 9.6917106639e-07
29400 	 30111 	 6.0841350107e-01 	 8.2435880913e-07
29500 	 30213 	 6.0841350101e-01 	 6.7244011977e-07
29600 	 30317 	 6.0841350096e-01 	 6.1037280327e-07
29700 	 30421 	 6.0841350090e-01 	 7.5727561670e-07
29800 	 30523 	 6.0841350083e-01 	 6.6120639086e-07
29900 	 30624 	 6.0841350077e-01 	 6.7211801390e-07
30000 	 30728 	 6.0841350071e-01 	 8.2142701020e-07
30100 	 30829 	 6.0841350065e-01 	 1.8925438633e-06
30200 	 30931 	 6.0841350060e-01 	 1.4260094021e-06
30300 	 31032 	 6.0841350054e-01 	 8.3160849839e-07
30400 	 31135 	 6.0841350048e-01 	 8.2557662030e-07
30500 	 31236 	 6.0841350042e-01 	 6.8031577912e-07
30600 	 31338 	 6.0841350036e-01 	 1.2604649193e-06
30700 	 31442 	 6.0841350031e-01 	 5.7801300846e-07
30800 	 31543 	 6.0841350025e-01 	 7.7765865520e-07
30900 	 31644 	 6.0841350019e-01 	 9.2567082995e-07
31000 	 31747 	 6.0841350012e-01 	 1.6573567306e-06
31100 	 31849 	 6.0841350006e-01 	 9.4833138592e-07
31200 	 31953 	 6.0841349998e-01 	 1.1104708448e-06
31300 	 32057 	 6.0841349992e-01 	 1.4270387197e-06
31400 	 32160 	 6.0841349986e-01 	 6.0273648055e-07
31500 	 32262 	 6.0841349981e-01 	 7.1051803720e-07
31600 	 32364 	 6.0841349977e-01 	 4.6407639716e-07
31700 	 32466 	 6.0841349974e-01 	 4.7674805679e-07
31800 	 32570 	 6.0841349971e-01 	 5.7790006291e-07
31900 	 32672 	 6.0841349969e-01 	 5.6817803456e-07
32000 	 32774 	 6.0841349968e-01 	 2.8286706976e-07
32100 	 32875 	 6.0841349967e-01 	 2.1413111300e-07
32200 	 32975 	 6.0841349966e-01 	 3.3016011714e-07
32300 	 33076 	 6.0841349966e-01 	 2.9715232175e-07
32400 	 33180 	 6.0841349965e-01 	 2.1999690832e-07
32500 	 33283 	 6.0841349964e-01 	 2.6174864137e-07
32600 	 33387 	 6.0841349964e-01 	 1.7997464661e-07
32700 	 33491 	 6.0841349964e-01 	 1.8573710028e-07
32800 	 33596 	 6.0841349963e-01 	 1.2868531005e-07
32900 	 33700 	 6.0841349963e-01 	 2.6630588323e-07
33000 	 33804 	 6.0841349963e-01 	 1.0736898887e-07
33100 	 33905 	 6.0841349963e-01 	 1.8526088539e-07
33200 	 34007 	 6.0841349962e-01 	 1.5691324706e-07
33300 	 34108 	 6.0841349962e-01 	 1.9244211639e-07
33400 	 34209 	 6.0841349962e-01 	 1.5767531056e-07
33500 	 34310 	 6.0841349962e-01 	 1.6843750142e-07
33600 	 34413 	 6.0841349961e-01 	 1.7561457063e-07
33700 	 34516 	 6.0841349961e-01 	 1.4830360911e-07
33800 	 34619 	 6.0841349961e-01 	 1.3310872730e-07
33900 	 34721 	 6.0841349961e-01 	 2.5298939518e-07
34000 	 34825 	 6.0841349960e-01 	 1.5651653426e-07
34100 	 34929 	 6.0841349960e-01 	 3.4161922626e-07
34200 	 35030 	 6.0841349960e-01 	 4.2291064339e-07
34300 	 35132 	 6.0841349959e-01 	 4.8269219041e-07
34400 	 35233 	 6.0841349959e-01 	 1.7329753353e-07
34500 	 35339 	 6.0841349959e-01 	 1.5879945106e-07
34600 	 35440 	 6.0841349958e-01 	 1.1593299033e-07
34700 	 35544 	 6.0841349958e-01 	 1.2282226931e-07
34800 	 35646 	 6.0841349958e-01 	 1.6959595667e-07
34900 	 35750 	 6.0841349958e-01 	 1.3751556342e-07
35000 	 35852 	 6.0841349958e-01 	 1.4209032235e-07
35100 	 35955 	 6.0841349957e-01 	 1.2482845739e-07
35200 	 36059 	 6.0841349957e-01 	 2.1635733520e-07
35300 	 36163 	 6.0841349957e-01 	 3.3456200311e-07
35400 	 36265 	 6.0841349957e-01 	 2.4428519413e-07
35500 	 36368 	 6.0841349957e-01 	 1.8967100097e-07
35600 	 36475 	 6.0841349956e-01 	 1.5212633501e-07
35700 	 36578 	 6.0841349956e-01 	 1.1938044092e-07
35800 	 36680 	 6.0841349956e-01 	 2.0651567756e-07
35900 	 36783 	 6.0841349956e-01 	 9.0895049492e-08
36000 	 36885 	 6.0841349956e-01 	 9.9341757149e-08
36100 	 36992 	 6.0841349956e-01 	 1.5262404754e-07
36200 	 37099 	 6.0841349956e-01 	 7.0129407467e-08
36300 	 37205 	 6.0841349956e-01 	 9.5180190993e-08
36400 	 37307 	 6.0841349956e-01 	 8.1790295472e-08
36500 	 37409 	 6.0841349955e-01 	 1.7589864871e-07
36600 	 37514 	 6.0841349955e-01 	 7.0051055530e-08
36700 	 37622 	 6.0841349955e-01 	 8.1989112695e-08
36800 	 37732 	 6.0841349955e-01 	 1.1750900718e-07
36900 	 37838 	 6.0841349955e-01 	 9.7062422471e-08
37000 	 37939 	 6.0841349955e-01 	 6.0240596052e-08
37100 	 38043 	 6.0841349955e-01 	 7.0651577236e-08
37200 	 38146 	 6.0841349955e-01 	 1.4097572415e-07
37300 	 38249 	 6.0841349955e-01 	 1.5180780227e-07
37400 	 38353 	 6.0841349955e-01 	 8.4777609178e-08
37500 	 38459 	 6.0841349955e-01 	 8.0281122173e-08
37600 	 38562 	 6.0841349955e-01 	 4.6076778513e-08
37700 	 38666 	 6.0841349955e-01 	 1.5622355468e-07
37800 	 38770 	 6.0841349955e-01 	 1.0062452146e-07
37900 	 38872 	 6.0841349955e-01 	 1.9348713677e-07
38000 	 38981 	 6.0841349955e-01 	 7.5975199192e-08
38100 	 39089 	 6.0841349955e-01 	 7.5525779855e-08
38200 	 39201 	 6.0841349955e-01 	 5.1315731930e-08
38300 	 39308 	 6.0841349955e-01 	 4.7619560161e-08
38400 	 39427 	 6.0841349955e-01 	 2.9116105110e-08
38500 	 39546 	 6.0841349955e-01 	 3.0252349841e-08
# ---- 
 1 		 38526 	 39590 		 1.2262184074e+00 	 6.0841349955e-01 	 7.0811931647e-08
# ---- 
100 	 103 	 2.5180846943e+00 	 1.6154940861e-02
200 	 205 	 2.5017386697e+00 	 9.2754145665e-03
300 	 309 	 2.4997147103e+00 	 4.7296874044e-03
400 	 411 	 2.4981505562e+00 	 2.4340670912e-03
500 	 515 	 2.4978842564e+00 	 1.9081448296e-03
600 	 615 	 2.4977897231e+00 	 1.4347028558e-03
700 	 718 	 2.4977342598e+00 	 7.3564126274e-04
800 	 818 	 2.4976901799e+00 	 8.4320147756e-04
900 	 920 	 2.4976261862e+00 	 1.1538098492e-03
1000 	 1022 	 2.4975856997e+00 	 7.2080156461e-04
1100 	 1124 	 2.4975552145e+00 	 8.6776134055e-04
1200 	 1225 	 2.4975306520e+00 	 7.0089051106e-04
1300 	 1326 	 2.4975027179e+00 	 8.0017745139e-04
1400 	 1429 	 2.4974769843e+00 	 5.2525473046e-04
1500 	 1530 	 2.4974568914e+00 	 3.6138578729e-04
1600 	 1633 	 2.4974435805e+00 	 9.3795956425e-04
1700 	 1736 	 2.4974269039e+00 	 5.4810224498e-04
1800 	 1836 	 2.4974139043e+00 	 4.0906258787e-04
1900 	 1938 	 2.4974036276e+00 	 2.8022704689e-04
2000 	 2039 	 2.4973933308e+00 	 3.0896850483e-04
2100 	 2143 	 2.4973848588e+00 	 2.3877444159e-04
2200 	 2246 	 2.4973775899e+00 	 3.1753354851e-04
2300 	 2350 	 2.4973718427e+00 	 5.8351079683e-04
2400 	 2454 	 2.4973659180e+00 	 2.6714952558e-04
2500 	 2558 	 2.4973602755e+00 	 7.2733592262e-04
2600 	 2660 	 2.4973543907e+00 	 2.7110484017e-04
2700 	 2762 	 2.4973471253e+00 	 3.0693899114e-04
2800 	 2865 	 2.4973404950e+00 	 3.4626990261e-04
2900 	 2967 	 2.4973356852e+00 	 3.1238261430e-04
3000 	 3070 	 2.4973297462e+00 	 2.2917625358e-04
3100 	 3170 	 2.4973248638e+00 	 2.2053239170e-04
3200 	 3271 	 2.4973190878e+00 	 2.4841362969e-04
3300 	 3374 	 2.4973163435e+00 	 1.2563938483e-04
3400 	 3478 	 2.4973144077e+00 	 1.6604120362e-04
3500 	 3580 	 2.4973128045e+00 	 3.0376441401e-04
3600 	 3685 	 2.4973120256e+00 	 1.1755042829e-04
3700 	 3788 	 2.4973115590e+00 	 6.3213019771e-05
3800 	 3892 	 2.4973112058e+00 	 6.6962108935e-05
3900 	 3996 	 2.4973109623e+00 	 9.2562161743e-05
4000 	 4097 	 2.4973107296e+00 	 4.2524914271e-05
4100 	 4200 	 2.4973105198e+00 	 8.3997204154e-05
4200 	 4302 	 2.4973103532e+00 	 6.0235212977e-05
4300 	 4403 	 2.4973102183e+00 	 5.2134378310e-05
4400 	 4506 	 2.4973101318e+00 	 5.3196287514e-05
4500 	 4607 	 2.4973100673e+00 	 2.8119714264e-05
4600 	 4710 	 2.4973100062e+00 	 5.0094363955e-05
4700 	 4811 	 2.4973099292e+00 	 4.4369256476e-05
4800 	 4915 	 2.4973098325e+00 	 2.5530265279e-05
4900 	 5016 	 2.4973097262e+00 	 3.1946350146e-05
5000 	 5117 	 2.4973096199e+00 	 3.5642001435e-05
5100 	 5221 	 2.4973095216e+00 	 4.7526154883e-05
5200 	 5322 	 2.4973094403e+00 	 3.2679320135e-05
5300 	 5425 	 2.4973093694e+00 	 8.6516264842e-05
5400 	 5528 	 2.4973092813e+00 	 2.9587971157e-05
5500 	 5630 	 2.4973092144e+00 	 7.0640413060e-05
5600 	 5733 	 2.4973091692e+00 	 4.3163602922e-05
5700 	 5837 	 2.4973091148e+00 	 7.4992098184e-05
5800 	 5940 	 2.4973090606e+00 	 3.5302759366e-05
5900 	 6042 	 2.4973090091e+00 	 5.8796360478e-05
6000 	 6146 	 2.4973089610e+00 	 2.9074300163e-05
6100 	 6248 	 2.4973088882e+00 	 9.3682758210e-05
6200 	 6353 	 2.4973088040e+00 	 2.7980768382e-05
6300 	 6456 	 2.4973087221e+00 	 2.8093258072e-05
6400 	 6558 	 2.4973086636e+00 	 3.0813827193e-05
6500 	 6659 	 2.4973086110e+00 	 2.2934730353e-05
6600 	 6760 	 2.4973085763e+00 	 5.0421864930e-05
6700 	 6861 	 2.4973085504e+00 	 1.9349968354e-05
6800 	 6962 	 2.4973085257e+00 	 1.1997603982e-05
6900 	 7064 	 2.4973085083e+00 	 1.3209710142e-05
7000 	 7167 	 2.4973084933e+00 	 1.5965267896e-05
7100 	 7269 	 2.4973084743e+00 	 1.2094873111e-05
7200 	 7371 	 2.4973084576e+00 	 1.8334700910e-05
7300 	 7473 	 2.4973084450e+00 	 1.5408414740e-05
7400 	 7575 	 2.4973084351e+00 	 1.7698408163e-05
7500 	 7678 	 2.4973084240e+00 	 2.3950698175e-05
7600 	 7781 	 2.4973084123e+00 	 1.3180920330e-05
7700 	 7882 	 2.4973083991e+00 	 9.6765496600e-06
7800 	 7984 	 2.4973083851e+00 	 2.5588702648e-05
7900 	 8087 	 2.4973083669e+00 	 2.4752958516e-05
8000 	 8191 	 2.4973083442e+00 	 2.3311710238e-05
8100 	 8292 	 2.4973083283e+00 	 2.0414896712e-05
8200 	 8396 	 2.4973083183e+00 	 9.8863597778e-06
8300 	 8499 	 2.4973083088e+00 	 1.4028338865e-05
8400 	 8603 	 2.4973082997e+00 	 1.1138931501e-05
8500 	 8705 	 2.4973082922e+00 	 1.2133534513e-05
8600 	 8806 	 2.4973082844e+00 	 1.5616556656e-05
8700 	 8908 	 2.4973082776e+00 	 1.0161044016e-05
8800 	 9009 	 2.4973082717e+00 	 8.3336548980e-06
8900 	 9112 	 2.4973082670e+00 	 1.1185693076e-05
9000 	 9215 	 2.4973082624e+00 	 7.2811407311e-06
9100 	 9318 	 2.4973082577e+00 	 1.3879579251e-05
9200 	 9421 	 2.4973082536e+00 	 1.5874066961e-05
9300 	 9526 	 2.4973082502e+00 	 1.1391303251e-05
9400 	 9627 	 2.4973082464e+00 	 6.8524481811e-06
9500 	 9728 	 2.4973082437e+00 	 5.3718682229e-06
9600 	 9832 	 2.4973082416e+00 	 7.9483304101e-06
9700 	 9936 	 2.4973082396e+00 	 5.1489011722e-06
9800 	 10036 	 2.4973082377e+00 	 4.2811622844e-06
9900 	 10137 	 2.4973082362e+00 	 1.2907276033e-05
10000 	 10240 	 2.4973082346e+00 	 3.4005313154e-06
10100 	 10344 	 2.4973082328e+00 	 1.3625675781e-05
10200 	 10447 	 2.4973082308e+00 	 6.5668216449e-06
10300 	 10549 	 2.4973082289e+00 	 4.5371667173e-06
10400 	 10652 	 2.4973082269e+00 	 5.3354914673e-06
10500 	 10753 	 2.4973082246e+00 	 4.3580910699e-06
10600 	 10859 	 2.4973082221e+00 	 4.5023552285e-06
10700 	 10960 	 2.4973082191e+00 	 5.9139700366e-06
10800 	 11062 	 2.4973082161e+00 	 5.9497380558e-06
10900 	 11164 	 2.4973082134e+00 	 8.1305679555e-06
11000 	 11265 	 2.4973082118e+00 	 5.3528174432e-06
11100 	 11367 	 2.4973082106e+00 	 4.4110785930e-06
11200 	 11467 	 2.4973082099e+00 	 2.7936078445e-06
11300 	 11571 	 2.4973082094e+00 	 2.0308804781e-06
11400 	 11673 	 2.4973082089e+00 	 3.1082276915e-06
11500 	 11776 	 2.4973082082e+00 	 2.8322484226e-06
11600 	 11878 	 2.4973082075e+00 	 2.3773243174e-06
11700 	 11982 	 2.4973082069e+00 	 2.2805767108e-06
11800 	 12086 	 2.4973082063e+00 	 2.5648842521e-06
11900 	 12188 	 2.4973082056e+00 	 2.2610423977e-06
12000 	 12290 	 2.4973082051e+00 	 1.8850940622e-06
12100 	 12392 	 2.4973082046e+00 	 2.8295589212e-06
12200 	 12495 	 2.4973082042e+00 	 2.3246289215e-06
12300 	 12598 	 2.4973082038e+00 	 3.8701434990e-06
12400 	 12699 	 2.4973082035e+00 	 2.8865017349e-06
12500 	 12800 	 2.4973082033e+00 	 2.7537030947e-06
12600 	 12901 	 2.4973082032e+00 	 1.5750589655e-06
12700 	 13005 	 2.4973082030e+00 	 3.3870755283e-06
12800 	 13109 	 2.4973082028e+00 	 1.1764986988e-06
12900 	 13210 	 2.4973082026e+00 	 1.2658649948e-06
13000 	 13313 	 2.4973082024e+00 	 1.3022367112e-06
13100 	 13416 	 2.4973082023e+00 	 1.9733693177e-06
13200 	 13516 	 2.4973082022e+00 	 9.2606668730e-07
13300 	 13616 	 2.4973082021e+00 	 2.2694421371e-06
13400 	 13720 	 2.4973082020e+00 	 1.0563635210e-06
13500 	 13822 	 2.4973082019e+00 	 1.5286545012e-06
13600 	 13924 	 2.4973082018e+00 	 1.0031130065e-06
13700 	 14027 	 2.4973082017e+00 	 1.6725300699e-06
13800 	 14128 	 2.4973082016e+00 	 1.2312676247e-06
13900 	 14231 	 2.4973082015e+00 	 2.0395692588e-06
14000 	 14333 	 2.4973082014e+00 	 5.7539253620e-07
14100 	 14435 	 2.4973082013e+00 	 8.8510953314e-07
14200 	 14538 	 2.4973082013e+00 	 6.1403582029e-07
14300 	 14639 	 2.4973082013e+00 	 6.8051733046e-07
14400 	 14743 	 2.4973082012e+00 	 6.1475917327e-07
14500 	 14847 	 2.4973082012e+00 	 4.3740166284e-07
14600 	 14950 	 2.4973082012e+00 	 3.6216677729e-07
14700 	 15053 	 2.4973082012e+00 	 4.9239942488e-07
14800 	 15155 	 2.4973082012e+00 	 2.8773145295e-07
14900 	 15260 	 2.4973082011e+00 	 3.9926881471e-07
15000 	 15363 	 2.4973082011e+00 	 7.0688902770e-07
15100 	 15464 	 2.4973082011e+00 	 4.1619290934e-07
15200 	 15567 	 2.4973082011e+00 	 3.4206422221e-07
15300 	 15673 	 2.4973082011e+00 	 9.7467139291e-07
15400 	 15774 	 2.4973082011e+00 	 4.0207868584e-07
15500 	 15875 	 2.4973082011e+00 	 4.0481197059e-07
15600 	 15977 	 2.4973082010e+00 	 6.7842662015e-07
15700 	 16080 	 2.4973082010e+00 	 8.9402285949e-07
15800 	 16181 	 2.4973082010e+00 	 8.4158337439e-07
15900 	 16284 	 2.4973082010e+00 	 5.5330275280e-07
16000 	 16386 	 2.4973082010e+00 	 6.7367918997e-07
16100 	 16488 	 2.4973082010e+00 	 8.2744457492e-07
16200 	 16593 	 2.4973082010e+00 	 4.7985455773e-07
16300 	 16697 	 2.4973082010e+00 	 2.5680068998e-07
16400 	 16798 	 2.4973082010e+00 	 3.1955004653e-07
16500 	 16900 	 2.4973082009e+00 	 2.8294987414e-07
16600 	 17000 	 2.4973082009e+00 	 2.8597511904e-07
16700 	 17104 	 2.4973082009e+00 	 3.0062479122e-07
16800 	 17208 	 2.4973082009e+00 	 2.8057151691e-07
16900 	 17311 	 2.4973082009e+00 	 3.1556054941e-07
17000 	 17413 	 2.4973082009e+00 	 2.2296481417e-07
17100 	 17516 	 2.4973082009e+00 	 2.0861429879e-07
17200 	 17621 	 2.4973082009e+00 	 1.6493964540e-07
17300 	 17725 	 2.4973082009e+00 	 2.0810577366e-07
17400 	 17829 	 2.4973082009e+00 	 1.3566967441e-07
17500 	 17933 	 2.4973082009e+00 	 1.9773427137e-07
17600 	 18039 	 2.4973082009e+00 	 1.5036347605e-07
17700 	 18152 	 2.4973082009e+00 	 8.1859325717e-08
17800 	 18263 	 2.4973082009e+00 	 2.7894214098e-07
# ---- 
 1 		 17877 	 18364 		 3.0711273606e+00 	 2.4973082009e+00 	 1.8029952001e-07
# ---- 
100 	 102 	 5.7357490233e+00 	 1.7761308595e-02
200 	 204 	 5.7271977612e+00 	 8.5669223410e-03
300 	 307 	 5.7243962691e+00 	 6.1136007827e-03
400 	 408 	 5.7231067944e+00 	 1.9918964104e-03
500 	 509 	 5.7228691071e+00 	 1.2119650226e-03
600 	 613 	 5.7227547232e+00 	 9.6060083083e-04
700 	 715 	 5.7227243191e+00 	 3.5088863522e-04
800 	 816 	 5.7227010066e+00 	 1.0408716171e-03
900 	 918 	 5.7226764287e+00 	 4.6044722642e-04
1000 	 1023 	 5.7226491171e+00 	 6.7830533949e-04
1100 	 1125 	 5.7226353071e+00 	 7.6041659822e-04
1200 	 1228 	 5.7226248991e+00 	 7.4742700557e-04
1300 	 1330 	 5.7226125463e+00 	 4.9751671809e-04
1400 	 1433 	 5.7225995275e+00 	 2.8661124133e-04
1500 	 1535 	 5.7225920308e+00 	 4.2891117302e-04
1600 	 1636 	 5.7225864302e+00 	 2.1611516122e-04
1700 	 1739 	 5.7225812502e+00 	 2.6920811645e-04
1800 	 1842 	 5.7225758652e+00 	 3.1891382265e-04
1900 	 1942 	 5.7225705773e+00 	 4.2804278906e-04
2000 	 2043 	 5.7225670555e+00 	 2.3106037372e-04
2100 	 2147 	 5.7225638826e+00 	 3.1290860258e-04
2200 	 2250 	 5.7225615467e+00 	 1.6791918896e-04
2300 	 2351 	 5.7225598116e+00 	 1.6479158606e-04
2400 	 2454 	 5.7225578876e+00 	 1.3494295547e-04
2500 	 2557 	 5.7225553857e+00 	 1.7641735759e-04
2600 	 2661 	 5.7225528864e+00 	 1.3265295438e-04
2700 	 2764 	 5.7225511240e+00 	 2.9448739571e-04
2800 	 2867 	 5.7225490715e+00 	 1.8826310477e-04
2900 	 2969 	 5.7225473162e+00 	 1.4340748930e-04
3000 	 3071 	 5.7225455918e+00 	 1.3108712270e-04
3100 	 3171 	 5.7225444161e+00 	 1.1472583727e-04
3200 	 3273 	 5.7225438226e+00 	 9.5507678538e-05
3300 	 3375 	 5.7225434250e+00 	 8.0828983569e-05
3400 	 3477 	 5.7225431636e+00 	 1.9378674921e-04
3500 	 3578 	 5.7225429423e+00 	 4.4948911980e-05
3600 	 3681 	 5.7225428260e+00 	 6.7874229995e-05
3700 	 3784 	 5.7225427544e+00 	 3.4935611480e-05
3800 	 3888 	 5.7225426732e+00 	 2.5890245876e-05
3900 	 3988 	 5.7225426062e+00 	 3.0563932855e-05
4000 	 4091 	 5.7225425509e+00 	 2.4301021396e-05
4100 	 4195 	 5.7225425103e+00 	 3.0196224157e-05
4200 	 4297 	 5.7225424819e+00 	 3.8056054243e-05
4300 	 4399 	 5.7225424552e+00 	 2.1212981334e-05
4400 	 4502 	 5.7225424263e+00 	 3.8911055147e-05
4500 	 4604 	 5.7225423922e+00 	 2.8084300749e-05
4600 	 4706 	 5.7225423516e+00 	 2.7097684477e-05
4700 	 4811 	 5.7225423108e+00 	 2.1913249593e-05
4800 	 4913 	 5.7225422724e+00 	 3.5523555594e-05
4900 	 5016 	 5.7225422376e+00 	 2.2280563485e-05
5000 	 5118 	 5.7225422097e+00 	 1.6915162718e-05
5100 	 5221 	 5.7225421788e+00 	 3.3979397735e-05
5200 	 5324 	 5.7225421454e+00 	 1.6359678015e-05
5300 	 5428 	 5.7225420991e+00 	 1.8771048636e-05
5400 	 5531 	 5.7225420510e+00 	 2.4195384937e-05
5500 	 5632 	 5.7225419926e+00 	 2.2939923029e-05
5600 	 5734 	 5.7225419380e+00 	 2.1124171142e-05
5700 	 5838 	 5.7225418966e+00 	 6.3706830328e-05
5800 	 5941 	 5.7225418697e+00 	 1.2867213697e-05
5900 	 6044 	 5.7225418532e+00 	 2.4309420512e-05
6000 	 6147 	 5.7225418381e+00 	 1.6084422539e-05
6100 	 6251 	 5.7225418296e+00 	 8.9133886708e-06
6200 	 6352 	 5.7225418198e+00 	 1.1330896693e-05
6300 	 6455 	 5.7225418108e+00 	 1.1408577388e-05
6400 	 6558 	 5.7225418019e+00 	 1.1142081339e-05
6500 	 6659 	 5.7225417933e+00 	 1.3846380896e-05
6600 	 6762 	 5.7225417839e+00 	 8.5430004032e-06
6700 	 6865 	 5.7225417747e+00 	 3.0260003329e-05
6800 	 6967 	 5.7225417660e+00 	 2.7714972433e-05
6900 	 7070 	 5.7225417594e+00 	 1.1124075678e-05
7000 	 7171 	 5.7225417533e+00 	 1.0718731951e-05
7100 	 7274 	 5.7225417480e+00 	 1.0302788466e-05
7200 	 7376 	 5.7225417436e+00 	 1.5907317848e-05
7300 	 7478 	 5.7225417400e+00 	 9.9861857185e-06
7400 	 7581 	 5.7225417368e+00 	 6.2538088967e-06
7500 	 7683 	 5.7225417334e+00 	 1.0129441878e-05
7600 	 7785 	 5.7225417298e+00 	 6.6859418407e-06
7700 	 7887 	 5.7225417263e+00 	 6.9643158516e-06
7800 	 7992 	 5.7225417221e+00 	 1.5222933933e-05
7900 	 8094 	 5.7225417179e+00 	 7.6608473754e-06
8000 	 8197 	 5.7225417137e+00 	 6.6534957436e-06
8100 	 8300 	 5.7225417104e+00 	 4.8434296784e-06
8200 	 8402 	 5.7225417075e+00 	 4.8766155130e-06
8300 	 8504 	 5.7225417052e+00 	 8.3435030487e-06
8400 	 8604 	 5.7225417038e+00 	 3.3747274865e-06
8500 	 8706 	 5.7225417028e+00 	 4.7445316000e-06
8600 	 8809 	 5.7225417020e+00 	 4.1224064204e-06
8700 	 8912 	 5.7225417013e+00 	 3.1107481809e-06
8800 	 9014 	 5.7225417009e+00 	 3.4745557563e-06
8900 	 9117 	 5.7225417006e+00 	 2.5168556733e-06
9000 	 9219 	 5.7225417003e+00 	 2.5862926647e-06
9100 	 9322 	 5.7225416999e+00 	 1.9045406002e-06
9200 	 9426 	 5.7225416996e+00 	 1.6910557190e-06
9300 	 9527 	 5.7225416994e+00 	 1.7284422699e-06
9400 	 9632 	 5.7225416991e+00 	 2.4568580508e-06
9500 	 9735 	 5.7225416988e+00 	 1.5005297986e-06
9600 	 9837 	 5.7225416986e+00 	 1.6656666513e-06
9700 	 9940 	 5.7225416983e+00 	 1.6800810742e-06
9800 	 10042 	 5.7225416981e+00 	 1.3137352613e-06
9900 	 10144 	 5.7225416979e+00 	 1.9373933291e-06
10000 	 10249 	 5.7225416978e+00 	 1.1133780451e-06
10100 	 10350 	 5.7225416977e+00 	 8.9348815528e-07
10200 	 10454 	 5.7225416975e+00 	 1.2130139562e-06
10300 	 10557 	 5.7225416974e+00 	 1.0578258621e-06
10400 	 10658 	 5.7225416973e+00 	 1.2670034770e-06
10500 	 10761 	 5.7225416972e+00 	 1.1170846686e-06
10600 	 10861 	 5.7225416971e+00 	 7.0527219679e-07
10700 	 10964 	 5.7225416971e+00 	 1.1020879829e-06
10800 	 11066 	 5.7225416970e+00 	 1.1376767849e-06
10900 	 11171 	 5.7225416969e+00 	 1.2284714172e-06
11000 	 11274 	 5.7225416968e+00 	 1.5128704029e-06
11100 	 11375 	 5.7225416967e+00 	 1.3274982641e-06
11200 	 11476 	 5.7225416966e+00 	 8.5156753464e-07
11300 	 11578 	 5.7225416966e+00 	 1.3041558111e-06
11400 	 11680 	 5.7225416965e+00 	 6.7035232480e-07
11500 	 11781 	 5.7225416965e+00 	 8.8246046869e-07
11600 	 11882 	 5.7225416965e+00 	 4.4205032381e-07
11700 	 11984 	 5.7225416965e+00 	 6.8829436178e-07
11800 	 12087 	 5.7225416964e+00 	 1.3711648514e-06
11900 	 12190 	 5.7225416964e+00 	 4.0085830841e-07
12000 	 12292 	 5.7225416964e+00 	 6.6681706728e-07
12100 	 12393 	 5.7225416964e+00 	 4.8468766581e-07
12200 	 12496 	 5.7225416963e+00 	 5.4087004564e-07
12300 	 12599 	 5.7225416963e+00 	 5.8164517806e-07
12400 	 12701 	 5.7225416963e+00 	 1.2564728329e-06
12500 	 12806 	 5.7225416963e+00 	 6.3298989915e-07
12600 	 12909 	 5.7225416962e+00 	 4.4371391374e-07
12700 	 13013 	 5.7225416962e+00 	 4.7064860148e-07
12800 	 13117 	 5.7225416962e+00 	 9.8530165414e-07
12900 	 13218 	 5.7225416962e+00 	 3.1258330243e-07
13000 	 13320 	 5.7225416962e+00 	 4.8999512111e-07
13100 	 13423 	 5.7225416961e+00 	 3.8360820138e-07
13200 	 13526 	 5.7225416961e+00 	 2.5541737624e-07
13300 	 13632 	 5.7225416961e+00 	 2.5900101068e-07
13400 	 13740 	 5.7225416961e+00 	 3.1299236333e-07
13500 	 13853 	 5.7225416961e+00 	 2.2576021912e-07
13600 	 13956 	 5.7225416961e+00 	 3.4713629088e-07
13700 	 14059 	 5.7225416961e+00 	 3.3446976966e-07
13800 	 14167 	 5.7225416961e+00 	 1.7959514230e-07
13900 	 14270 	 5.7225416961e+00 	 4.1424176890e-07
14000 	 14377 	 5.7225416961e+00 	 3.5517880950e-07
14100 	 14484 	 5.7225416961e+00 	 2.8454524829e-07
14200 	 14589 	 5.7225416961e+00 	 2.8086268838e-07
14300 	 14694 	 5.7225416961e+00 	 3.5755955007e-07
14400 	 14800 	 5.7225416961e+00 	 1.5430110488e-07
14500 	 14910 	 5.7225416961e+00 	 3.0339263571e-07
14600 	 15017 	 5.7225416961e+00 	 2.1949603041e-07
14700 	 15121 	 5.7225416961e+00 	 3.8613610041e-07
14800 	 15227 	 5.7225416961e+00 	 3.0109291983e-07
14900 	 15334 	 5.7225416961e+00 	 2.1525466462e-07
15000 	 15446 	 5.7225416961e+00 	 1.5024014753e-07
15100 	 15554 	 5.7225416961e+00 	 1.7352110766e-07
15200 	 15662 	 5.7225416960e+00 	 4.2781391311e-07
15300 	 15777 	 5.7225416960e+00 	 1.2289043806e-07
15400 	 15898 	 5.7225416960e+00 	 8.7754853697e-08
15500 	 16014 	 5.7225416960e+00 	 1.3071872166e-07
15600 	 16130 	 5.7225416960e+00 	 5.8471713204e-08
15700 	 16247 	 5.7225416960e+00 	 1.2025221407e-07
# ---- 
 1 		 15744 	 16313 		 6.2766958255e+00 	 5.7225416960e+00 	 1.0127446187e-07
# ---- 
100 	 103 	 1.0322966128e+01 	 1.3163476775e-02
200 	 206 	 1.0316968652e+01 	 6.1152549785e-03
300 	 308 	 1.0313514391e+01 	 6.2101782438e-03
400 	 410 	 1.0312529185e+01 	 2.0143630371e-03
500 	 515 	 1.0312250193e+01 	 1.2652681874e-03
600 	 617 	 1.0312132320e+01 	 9.4872987196e-04
700 	 718 	 1.0312106943e+01 	 4.1152316539e-04
800 	 820 	 1.0312088479e+01 	 9.0889037213e-04
900 	 923 	 1.0312069498e+01 	 5.8764831228e-04
1000 	 1025 	 1.0312047736e+01 	 5.4060748029e-04
1100 	 1127 	 1.0312035239e+01 	 2.5300909141e-04
1200 	 1229 	 1.0312027291e+01 	 5.3111542839e-04
1300 	 1331 	 1.0312018895e+01 	 4.2576645110e-04
1400 	 1434 	 1.0312009586e+01 	 3.2579063948e-04
1500 	 1536 	 1.0312003170e+01 	 2.6802579542e-04
1600 	 1638 	 1.0311998100e+01 	 2.2245789323e-04
1700 	 1740 	 1.0311994272e+01 	 1.9146145446e-04
1800 	 1840 	 1.0311991074e+01 	 1.8252963096e-04
1900 	 1943 	 1.0311987798e+01 	 1.6893515064e-04
2000 	 2045 	 1.0311985012e+01 	 2.5357159836e-04
2100 	 2148 	 1.0311982644e+01 	 1.4008906684e-04
2200 	 2249 	 1.0311980969e+01 	 2.5549647287e-04
2300 	 2355 	 1.0311979544e+01 	 1.8416385417e-04
2400 	 2458 	 1.0311978031e+01 	 1.3247539975e-04
2500 	 2561 	 1.0311976694e+01 	 2.4508367970e-04
2600 	 2664 	 1.0311975458e+01 	 1.0075243693e-04
2700 	 2766 	 1.0311974082e+01 	 1.1335547066e-04
2800 	 2869 	 1.0311972286e+01 	 1.3012588537e-04
2900 	 2972 	 1.0311971024e+01 	 1.0301232807e-04
3000 	 3077 	 1.0311970339e+01 	 2.0034071264e-04
3100 	 3178 	 1.0311969901e+01 	 6.0884869337e-05
3200 	 3281 	 1.0311969533e+01 	 1.1009297766e-04
3300 	 3385 	 1.0311969277e+01 	 3.7159493145e-05
3400 	 3489 	 1.0311969137e+01 	 3.9319705756e-05
3500 	 3590 	 1.0311969041e+01 	 3.7139610603e-05
3600 	 3694 	 1.0311968964e+01 	 3.4171848078e-05
3700 	 3795 	 1.0311968881e+01 	 2.5454701057e-05
3800 	 3896 	 1.0311968793e+01 	 3.7266540443e-05
3900 	 3998 	 1.0311968726e+01 	 6.5605631860e-05
4000 	 4101 	 1.0311968663e+01 	 3.1402323327e-05
4100 	 4202 	 1.0311968620e+01 	 2.3586040411e-05
4200 	 4304 	 1.0311968574e+01 	 2.8891170576e-05
4300 	 4408 	 1.0311968532e+01 	 3.2723299161e-05
4400 	 4508 	 1.0311968477e+01 	 6.0156766143e-05
4500 	 4610 	 1.0311968400e+01 	 5.7100244978e-05
4600 	 4711 	 1.0311968331e+01 	 2.4113123506e-05
4700 	 4812 	 1.0311968273e+01 	 2.9453018974e-05
4800 	 4913 	 1.0311968190e+01 	 1.0343773142e-04
4900 	 5015 	 1.0311968080e+01 	 2.6553215948e-05
5000 	 5116 	 1.0311967988e+01 	 3.1121349133e-05
5100 	 5218 	 1.0311967928e+01 	 8.5940797490e-05
5200 	 5321 	 1.0311967859e+01 	 3.3645037489e-05
5300 	 5424 	 1.0311967791e+01 	 7.3601208982e-05
5400 	 5525 	 1.0311967740e+01 	 1.9032062894e-05
5500 	 5630 	 1.0311967702e+01 	 1.9796634563e-05
5600 	 5732 	 1.0311967674e+01 	 2.0933197828e-05
5700 	 5834 	 1.0311967656e+01 	 1.2698546083e-05
5800 	 5936 	 1.0311967641e+01 	 9.4806246481e-06
5900 	 6039 	 1.0311967627e+01 	 1.1040106924e-05
6000 	 6141 	 1.0311967612e+01 	 1.2883814222e-05
6100 	 6241 	 1.0311967597e+01 	 1.1256494510e-05
6200 	 6343 	 1.0311967584e+01 	 1.0464676387e-05
6300 	 6443 	 1.0311967572e+01 	 1.4012049860e-05
6400 	 6546 	 1.0311967560e+01 	 7.8828030293e-06
6500 	 6648 	 1.0311967552e+01 	 7.6075284259e-06
6600 	 6751 	 1.0311967545e+01 	 8.9205109750e-06
6700 	 6852 	 1.0311967540e+01 	 5.4623281240e-06
6800 	 6954 	 1.0311967535e+01 	 1.7770311196e-05
6900 	 7058 	 1.0311967533e+01 	 5.5525441626e-06
7000 	 7160 	 1.0311967530e+01 	 6.8910164113e-06
7100 	 7264 	 1.0311967528e+01 	 7.3383359403e-06
7200 	 7366 	 1.0311967524e+01 	 1.3814226572e-05
7300 	 7470 	 1.0311967520e+01 	 1.0533788707e-05
7400 	 7571 	 1.0311967516e+01 	 6.0958840612e-06
7500 	 7672 	 1.0311967512e+01 	 1.3930823268e-05
7600 	 7775 	 1.0311967510e+01 	 5.4151333644e-06
7700 	 7879 	 1.0311967508e+01 	 7.8262737150e-06
7800 	 7981 	 1.0311967506e+01 	 3.3402380997e-06
7900 	 8086 	 1.0311967504e+01 	 3.8618472001e-06
8000 	 8189 	 1.0311967502e+01 	 5.4394244640e-06
8100 	 8293 	 1.0311967499e+01 	 7.6923400096e-06
8200 	 8395 	 1.0311967497e+01 	 3.6187894179e-06
8300 	 8499 	 1.0311967496e+01 	 4.6783958849e-06
8400 	 8601 	 1.0311967495e+01 	 3.5421441530e-06
8500 	 8703 	 1.0311967493e+01 	 4.1890058778e-06
8600 	 8805 	 1.0311967492e+01 	 7.4357326156e-06
8700 	 8908 	 1.0311967491e+01 	 3.4434949472e-06
8800 	 9011 	 1.0311967490e+01 	 3.6450052801e-06
8900 	 9112 	 1.0311967489e+01 	 2.6810108335e-06
9000 	 9214 	 1.0311967488e+01 	 2.4406926140e-06
9100 	 9320 	 1.0311967488e+01 	 2.2761662295e-06
9200 	 9422 	 1.0311967488e+01 	 1.4971986048e-06
9300 	 9523 	 1.0311967487e+01 	 4.0681414695e-06
9400 	 9624 	 1.0311967487e+01 	 1.6375788322e-06
9500 	 9728 	 1.0311967487e+01 	 1.1861036329e-06
9600 	 9832 	 1.0311967487e+01 	 1.3870572970e-06
9700 	 9934 	 1.0311967486e+01 	 1.5756100906e-06
9800 	 10038 	 1.0311967486e+01 	 2.3470798392e-06
9900 	 10142 	 1.0311967486e+01 	 2.4772890792e-06
10000 	 10243 	 1.0311967486e+01 	 1.1038141589e-06
10100 	 10345 	 1.0311967486e+01 	 4.9772916355e-06
10200 	 10449 	 1.0311967485e+01 	 1.3381619564e-06
10300 	 10551 	 1.0311967485e+01 	 2.3585524634e-06
10400 	 10653 	 1.0311967485e+01 	 2.8827554495e-06
10500 	 10757 	 1.0311967485e+01 	 1.2179596281e-06
10600 	 10859 	 1.0311967485e+01 	 7.1841270406e-07
10700 	 10960 	 1.0311967485e+01 	 1.5119886329e-06
10800 	 11062 	 1.0311967485e+01 	 6.2955451707e-07
10900 	 11164 	 1.0311967485e+01 	 1.1700190792e-06
11000 	 11265 	 1.0311967485e+01 	 5.6019545821e-07
11100 	 11368 	 1.0311967485e+01 	 6.1381484330e-07
11200 	 11471 	 1.0311967485e+01 	 1.0684532819e-06
11300 	 11575 	 1.0311967485e+01 	 4.7059543265e-07
11400 	 11677 	 1.0311967485e+01 	 9.7844855612e-07
11500 	 11780 	 1.0311967484e+01 	 5.6074444229e-07
11600 	 11883 	 1.0311967484e+01 	 7.9696407669e-07
11700 	 11986 	 1.0311967484e+01 	 4.5851294085e-07
11800 	 12088 	 1.0311967484e+01 	 5.6113654557e-07
11900 	 12191 	 1.0311967484e+01 	 4.6630597360e-07
12000 	 12295 	 1.0311967484e+01 	 4.5215745922e-07
12100 	 12399 	 1.0311967484e+01 	 4.7898451893e-07
12200 	 12503 	 1.0311967484e+01 	 4.2610481733e-07
12300 	 12606 	 1.0311967484e+01 	 5.0566638698e-07
12400 	 12715 	 1.0311967484e+01 	 4.2241682989e-07
12500 	 12821 	 1.0311967484e+01 	 3.1515189490e-07
12600 	 12929 	 1.0311967484e+01 	 7.0727379257e-07
12700 	 13032 	 1.0311967484e+01 	 5.8741476167e-07
12800 	 13140 	 1.0311967484e+01 	 4.8391099892e-07
12900 	 13255 	 1.0311967484e+01 	 1.5562214172e-07
# ---- 
 1 		 12917 	 13296 		 1.0855994221e+01 	 1.0311967484e+01 	 2.9498126095e-07
# ---- 
100 	 102 	 1.6292650542e+01 	 1.2744198615e-02
200 	 205 	 1.6287714115e+01 	 7.2957854619e-03
300 	 306 	 1.6284064861e+01 	 6.3800207236e-03
400 	 408 	 1.6283028437e+01 	 2.4911640031e-03
500 	 510 	 1.6282677753e+01 	 2.3345516459e-03
600 	 611 	 1.6282529037e+01 	 1.0968948653e-03
700 	 714 	 1.6282495224e+01 	 4.1765126900e-04
800 	 815 	 1.6282477003e+01 	 4.1876335815e-04
900 	 917 	 1.6282463342e+01 	 5.0159600217e-04
1000 	 1019 	 1.6282441475e+01 	 4.0057017532e-04
1100 	 1119 	 1.6282426031e+01 	 4.4798208524e-04
1200 	 1220 	 1.6282415038e+01 	 4.7276630506e-04
1300 	 1324 	 1.6282402865e+01 	 4.8894528726e-04
1400 	 1427 	 1.6282395685e+01 	 4.2911773313e-04
1500 	 1530 	 1.6282390256e+01 	 2.3787888124e-04
1600 	 1631 	 1.6282384509e+01 	 3.2510249809e-04
1700 	 1733 	 1.6282378669e+01 	 1.8209089711e-04
1800 	 1836 	 1.6282375083e+01 	 2.2907864712e-04
1900 	 1937 	 1.6282373053e+01 	 2.6581334428e-04
2000 	 2038 	 1.6282370676e+01 	 2.6525705650e-04
2100 	 2142 	 1.6282368216e+01 	 2.8222979315e-04
2200 	 2244 	 1.6282366340e+01 	 1.9535669994e-04
2300 	 2346 	 1.6282365253e+01 	 1.0913188522e-04
2400 	 2447 	 1.6282363810e+01 	 2.3105191369e-04
2500 	 2550 	 1.6282362292e+01 	 1.5909326531e-04
2600 	 2655 	 1.6282360783e+01 	 1.8597233657e-04
2700 	 2756 	 1.6282359163e+01 	 1.3738809108e-04
2800 	 2857 	 1.6282357701e+01 	 1.1179383717e-04
2900 	 2957 	 1.6282356746e+01 	 3.0623114319e-04
3000 	 3058 	 1.6282356169e+01 	 1.2415497397e-04
3100 	 3159 	 1.6282355913e+01 	 6.0099010244e-05
3200 	 3264 	 1.6282355765e+01 	 3.5295188162e-05
3300 	 3365 	 1.6282355653e+01 	 3.7880671780e-05
3400 	 3469 	 1.6282355587e+01 	 3.0321804258e-05
3500 	 3571 	 1.6282355516e+01 	 1.0601914993e-04
3600 	 3675 	 1.6282355420e+01 	 2.9097420436e-05
3700 	 3775 	 1.6282355329e+01 	 6.9370982434e-05
3800 	 3878 	 1.6282355231e+01 	 2.7924320383e-05
3900 	 3979 	 1.6282355126e+01 	 3.1728054032e-05
4000 	 4081 	 1.6282355020e+01 	 8.4310683001e-05
4100 	 4183 	 1.6282354881e+01 	 5.4861542301e-05
4200 	 4285 	 1.6282354728e+01 	 6.4554786613e-05
4300 	 4386 	 1.6282354628e+01 	 4.2373066726e-05
4400 	 4487 	 1.6282354542e+01 	 3.5839536726e-05
4500 	 4589 	 1.6282354456e+01 	 3.1864214676e-05
4600 	 4692 	 1.6282354370e+01 	 3.7461420305e-05
4700 	 4796 	 1.6282354277e+01 	 3.4324440047e-05
4800 	 4899 	 1.6282354204e+01 	 3.6574135026e-05
4900 	 5001 	 1.6282354156e+01 	 3.5530227791e-05
5000 	 5103 	 1.6282354114e+01 	 2.5443903142e-05
5100 	 5205 	 1.6282354068e+01 	 2.5097804431e-05
5200 	 5307 	 1.6282354035e+01 	 2.3273016864e-05
5300 	 5410 	 1.6282354005e+01 	 2.3400849131e-05
5400 	 5513 	 1.6282353984e+01 	 1.4669311661e-05
5500 	 5615 	 1.6282353960e+01 	 2.8487921430e-05
5600 	 5716 	 1.6282353937e+01 	 1.4276366811e-05
5700 	 5818 	 1.6282353917e+01 	 2.1163226096e-05
5800 	 5920 	 1.6282353899e+01 	 1.7156160653e-05
5900 	 6022 	 1.6282353881e+01 	 1.4173467922e-05
6000 	 6124 	 1.6282353860e+01 	 1.3399685684e-05
6100 	 6225 	 1.6282353839e+01 	 1.8271358876e-05
6200 	 6326 	 1.6282353819e+01 	 1.9354537746e-05
6300 	 6429 	 1.6282353798e+01 	 2.3675817020e-05
6400 	 6530 	 1.6282353781e+01 	 2.9766191057e-05
6500 	 6632 	 1.6282353770e+01 	 1.5724531843e-05
6600 	 6733 	 1.6282353761e+01 	 8.7044550671e-06
6700 	 6834 	 1.6282353755e+01 	 8.1639671601e-06
6800 	 6935 	 1.6282353750e+01 	 8.9652274083e-06
6900 	 7037 	 1.6282353745e+01 	 5.1450958098e-06
7000 	 7139 	 1.6282353741e+01 	 7.5986254491e-06
7100 	 7241 	 1.6282353739e+01 	 4.7582760175e-06
7200 	 7343 	 1.6282353737e+01 	 5.0032925746e-06
7300 	 7445 	 1.6282353733e+01 	 4.8377710709e-06
7400 	 7547 	 1.6282353729e+01 	 5.5910302402e-06
7500 	 7652 	 1.6282353726e+01 	 1.3874524498e-05
7600 	 7753 	 1.6282353722e+01 	 5.8399401791e-06
7700 	 7857 	 1.6282353718e+01 	 1.1786997863e-05
7800 	 7960 	 1.6282353714e+01 	 8.5828365107e-06
7900 	 8062 	 1.6282353711e+01 	 8.4642879422e-06
8000 	 8164 	 1.6282353709e+01 	 4.8119152964e-06
8100 	 8268 	 1.6282353707e+01 	 6.0304017446e-06
8200 	 8372 	 1.6282353705e+01 	 5.7323139756e-06
8300 	 8477 	 1.6282353704e+01 	 5.2644882316e-06
8400 	 8581 	 1.6282353703e+01 	 2.3387627861e-06
8500 	 8681 	 1.6282353702e+01 	 2.4812897679e-06
8600 	 8785 	 1.6282353702e+01 	 1.5781554006e-06
8700 	 8887 	 1.6282353701e+01 	 2.3414477132e-06
8800 	 8990 	 1.6282353701e+01 	 3.3136475488e-06
8900 	 9094 	 1.6282353700e+01 	 2.4745659253e-06
9000 	 9196 	 1.6282353700e+01 	 1.2145719920e-06
9100 	 9297 	 1.6282353699e+01 	 1.3074684800e-06
9200 	 9400 	 1.6282353699e+01 	 1.9380227121e-06
9300 	 9502 	 1.6282353699e+01 	 1.6976893730e-06
9400 	 9603 	 1.6282353699e+01 	 2.1025111999e-06
9500 	 9707 	 1.6282353698e+01 	 2.3407015751e-06
9600 	 9808 	 1.6282353698e+01 	 1.9593645042e-06
9700 	 9912 	 1.6282353698e+01 	 2.1585147318e-06
9800 	 10014 	 1.6282353698e+01 	 2.0866140877e-06
9900 	 10117 	 1.6282353698e+01 	 1.3334424753e-06
10000 	 10221 	 1.6282353698e+01 	 2.5487371560e-06
10100 	 10324 	 1.6282353697e+01 	 1.1353575225e-06
10200 	 10425 	 1.6282353697e+01 	 1.1015893130e-06
10300 	 10528 	 1.6282353697e+01 	 1.9817383602e-06
10400 	 10632 	 1.6282353697e+01 	 1.9436073792e-06
10500 	 10732 	 1.6282353697e+01 	 9.9154403923e-07
10600 	 10833 	 1.6282353697e+01 	 9.7164906410e-07
10700 	 10935 	 1.6282353697e+01 	 1.2350100794e-06
10800 	 11038 	 1.6282353697e+01 	 9.9320094483e-07
10900 	 11143 	 1.6282353697e+01 	 6.3316357459e-07
11000 	 11247 	 1.6282353697e+01 	 8.3597385343e-07
11100 	 11352 	 1.6282353697e+01 	 7.7249395641e-07
11200 	 11455 	 1.6282353697e+01 	 5.9839198207e-07
11300 	 11560 	 1.6282353697e+01 	 8.7936001220e-07
11400 	 11663 	 1.6282353697e+01 	 4.4381195121e-07
11500 	 11766 	 1.6282353697e+01 	 6.0261899437e-07
11600 	 11869 	 1.6282353697e+01 	 4.0921861331e-07
11700 	 11975 	 1.6282353697e+01 	 4.8344318973e-07
11800 	 12083 	 1.6282353697e+01 	 2.0800196894e-07
11900 	 12197 	 1.6282353697e+01 	 4.2241752475e-07
12000 	 12323 	 1.6282353697e+01 	 1.6097832399e-07
12100 	 12451 	 1.6282353697e+01 	 3.1007196096e-07
12200 	 12574 	 1.6282353697e+01 	 1.2331501985e-07
12300 	 12693 	 1.6282353697e+01 	 5.7424268184e-07
12400 	 12814 	 1.6282353697e+01 	 1.8578532681e-07
12500 	 12924 	 1.6282353697e+01 	 2.4803549714e-07
12600 	 13036 	 1.6282353697e+01 	 2.2745821234e-07
12700 	 13154 	 1.6282353697e+01 	 2.2504090197e-07
12800 	 13276 	 1.6282353697e+01 	 4.8616753442e-07
12900 	 13389 	 1.6282353697e+01 	 3.3861520305e-07
13000 	 13498 	 1.6282353697e+01 	 1.8951968350e-07
# ---- 
 1 		 13075 	 13599 		 1.6820250796e+01 	 1.6282353697e+01 	 1.6479525869e-07
# ---- 
100 	 104 	 2.3655106867e+01 	 1.0455632980e-02
200 	 207 	 2.3650797372e+01 	 7.0561065222e-03
300 	 309 	 2.3647122132e+01 	 1.1612533265e-02
400 	 412 	 2.3645902298e+01 	 3.4108123075e-03
500 	 515 	 2.3645506772e+01 	 1.9872959783e-03
600 	 617 	 2.3645319361e+01 	 1.0264011668e-03
700 	 718 	 2.3645280302e+01 	 6.3237863119e-04
800 	 820 	 2.3645258624e+01 	 5.6678978266e-04
900 	 921 	 2.3645237097e+01 	 6.3474675172e-04
1000 	 1024 	 2.3645208654e+01 	 4.8809974025e-04
1100 	 1126 	 2.3645190370e+01 	 4.3810599533e-04
1200 	 1230 	 2.3645181768e+01 	 9.3448339768e-04
1300 	 1333 	 2.3645170105e+01 	 5.5359761053e-04
1400 	 1436 	 2.3645160316e+01 	 5.2274096533e-04
1500 	 1539 	 2.3645152720e+01 	 3.4472162569e-04
1600 	 1640 	 2.3645147676e+01 	 5.2489586350e-04
1700 	 1741 	 2.3645142940e+01 	 2.4331596332e-04
1800 	 1843 	 2.3645139321e+01 	 1.9450700748e-04
1900 	 1943 	 2.3645136193e+01 	 1.5029559155e-04
2000 	 2046 	 2.3645134053e+01 	 1.5182630907e-04
2100 	 2149 	 2.3645131628e+01 	 1.6536022520e-04
2200 	 2253 	 2.3645129570e+01 	 1.0978715253e-04
2300 	 2355 	 2.3645128184e+01 	 1.5527410414e-04
2400 	 2456 	 2.3645126560e+01 	 1.5561443928e-04
2500 	 2557 	 2.3645124650e+01 	 1.5002600685e-04
2600 	 2658 	 2.3645122689e+01 	 2.6024742935e-04
2700 	 2762 	 2.3645121411e+01 	 1.2989975830e-04
2800 	 2863 	 2.3645120352e+01 	 9.2943139012e-05
2900 	 2965 	 2.3645119716e+01 	 1.7327329591e-04
3000 	 3068 	 2.3645119364e+01 	 5.2965083364e-05
3100 	 3171 	 2.3645119180e+01 	 5.0978968434e-05
3200 	 3273 	 2.3645119048e+01 	 5.4084564481e-05
3300 	 3376 	 2.3645118916e+01 	 5.3936487532e-05
3400 	 3479 	 2.3645118785e+01 	 3.7907375654e-05
3500 	 3581 	 2.3645118657e+01 	 4.3967311076e-05
3600 	 3682 	 2.3645118529e+01 	 4.2030947215e-05
3700 	 3784 	 2.3645118341e+01 	 4.6510508505e-05
3800 	 3886 	 2.3645118144e+01 	 9.7184190932e-05
3900 	 3988 	 2.3645117983e+01 	 4.2247935827e-05
4000 	 4089 	 2.3645117836e+01 	 4.0904940137e-05
4100 	 4191 	 2.3645117686e+01 	 9.1250791435e-05
4200 	 4292 	 2.3645117517e+01 	 5.3901531891e-05
4300 	 4395 	 2.3645117326e+01 	 4.7652911546e-05
4400 	 4497 	 2.3645117180e+01 	 4.0687825204e-05
4500 	 4599 	 2.3645117068e+01 	 2.9543988211e-05
4600 	 4701 	 2.3645116967e+01 	 3.6506324299e-05
4700 	 4804 	 2.3645116873e+01 	 6.2352557494e-05
4800 	 4907 	 2.3645116797e+01 	 2.6543527932e-05
4900 	 5008 	 2.3645116750e+01 	 2.0202412137e-05
5000 	 5111 	 2.3645116724e+01 	 2.1736331093e-05
5100 	 5212 	 2.3645116707e+01 	 1.6759272438e-05
5200 	 5313 	 2.3645116690e+01 	 1.0595665856e-05
5300 	 5417 	 2.3645116676e+01 	 1.3929319122e-05
5400 	 5519 	 2.3645116665e+01 	 1.0859864800e-05
5500 	 5620 	 2.3645116656e+01 	 2.0612513365e-05
5600 	 5721 	 2.3645116649e+01 	 8.0820477670e-06
5700 	 5825 	 2.3645116641e+01 	 1.6727483859e-05
5800 	 5926 	 2.3645116631e+01 	 9.0535112748e-06
5900 	 6030 	 2.3645116623e+01 	 1.0791497701e-05
6000 	 6134 	 2.3645116616e+01 	 9.0447014646e-06
6100 	 6235 	 2.3645116609e+01 	 9.0839227430e-06
6200 	 6338 	 2.3645116603e+01 	 1.0056846248e-05
6300 	 6441 	 2.3645116599e+01 	 7.9898668814e-06
6400 	 6542 	 2.3645116595e+01 	 7.3392164566e-06
6500 	 6645 	 2.3645116590e+01 	 1.5984985893e-05
6600 	 6747 	 2.3645116587e+01 	 1.0463735413e-05
6700 	 6851 	 2.3645116584e+01 	 7.7592725109e-06
6800 	 6954 	 2.3645116581e+01 	 8.0767984769e-06
6900 	 7056 	 2.3645116579e+01 	 1.4154929266e-05
7000 	 7159 	 2.3645116577e+01 	 4.3995959533e-06
7100 	 7261 	 2.3645116575e+01 	 4.2505443455e-06
7200 	 7362 	 2.3645116574e+01 	 3.7960372163e-06
7300 	 7465 	 2.3645116573e+01 	 3.7126855330e-06
7400 	 7567 	 2.3645116572e+01 	 4.3717254897e-06
7500 	 7668 	 2.3645116571e+01 	 3.6572477457e-06
7600 	 7770 	 2.3645116570e+01 	 3.2946338003e-06
7700 	 7871 	 2.3645116569e+01 	 3.3251413427e-06
7800 	 7972 	 2.3645116568e+01 	 2.5189867637e-06
7900 	 8075 	 2.3645116567e+01 	 4.1770591570e-06
8000 	 8177 	 2.3645116567e+01 	 2.0866167557e-06
8100 	 8280 	 2.3645116566e+01 	 1.6232103030e-06
8200 	 8382 	 2.3645116566e+01 	 4.9300715380e-06
8300 	 8487 	 2.3645116566e+01 	 1.7792585285e-06
8400 	 8588 	 2.3645116566e+01 	 2.8024152526e-06
8500 	 8692 	 2.3645116565e+01 	 1.2608237815e-06
8600 	 8796 	 2.3645116565e+01 	 1.4703394795e-06
8700 	 8902 	 2.3645116565e+01 	 1.3461092821e-06
8800 	 9004 	 2.3645116565e+01 	 1.4400492201e-06
8900 	 9106 	 2.3645116565e+01 	 1.3021306049e-06
9000 	 9211 	 2.3645116565e+01 	 1.1399658984e-06
9100 	 9314 	 2.3645116565e+01 	 1.2742318736e-06
9200 	 9417 	 2.3645116564e+01 	 4.6455094132e-06
9300 	 9518 	 2.3645116564e+01 	 1.1032625465e-06
9400 	 9621 	 2.3645116564e+01 	 2.0984872933e-06
9500 	 9723 	 2.3645116564e+01 	 7.0937266738e-07
9600 	 9829 	 2.3645116564e+01 	 6.4858450669e-07
9700 	 9931 	 2.3645116564e+01 	 6.7781844402e-07
9800 	 10036 	 2.3645116564e+01 	 1.5240209741e-06
9900 	 10139 	 2.3645116564e+01 	 6.1368116928e-07
10000 	 10241 	 2.3645116564e+01 	 5.7805858632e-07
10100 	 10343 	 2.3645116564e+01 	 7.6430322344e-07
10200 	 10446 	 2.3645116564e+01 	 4.0833204474e-07
10300 	 10546 	 2.3645116564e+01 	 6.2789273965e-07
10400 	 10648 	 2.3645116564e+01 	 6.1828084367e-07
10500 	 10752 	 2.3645116564e+01 	 4.4956930718e-07
10600 	 10856 	 2.3645116564e+01 	 4.9215867959e-07
10700 	 10969 	 2.3645116564e+01 	 4.2160256639e-07
10800 	 11082 	 2.3645116564e+01 	 2.2823292171e-07
10900 	 11203 	 2.3645116564e+01 	 2.1843025096e-07
11000 	 11317 	 2.3645116564e+01 	 3.9462680471e-07
11100 	 11426 	 2.3645116564e+01 	 2.4107529891e-07
# ---- 
 1 		 11167 	 11518 		 2.4178977759e+01 	 2.3645116564e+01 	 2.5817198903e-07
# ---- 
100 	 101 	 3.2418404104e+01 	 2.1896768528e-02
200 	 204 	 3.2414444750e+01 	 1.1300998693e-02
300 	 306 	 3.2410824030e+01 	 6.7553878188e-03
400 	 409 	 3.2409468224e+01 	 4.3461797540e-03
500 	 511 	 3.2409034564e+01 	 2.3159284683e-03
600 	 615 	 3.2408835226e+01 	 8.2879107037e-04
700 	 717 	 3.2408789362e+01 	 1.1627550781e-03
800 	 819 	 3.2408764171e+01 	 5.5291264228e-04
900 	 921 	 3.2408734626e+01 	 6.5425400682e-04
1000 	 1023 	 3.2408698869e+01 	 6.8770228446e-04
1100 	 1126 	 3.2408676509e+01 	 1.0793179405e-03
1200 	 1228 	 3.2408664352e+01 	 3.8758846451e-04
1300 	 1329 	 3.2408649246e+01 	 5.1704628337e-04
1400 	 1433 	 3.2408636811e+01 	 5.4451604866e-04
1500 	 1535 	 3.2408628724e+01 	 3.3395981126e-04
1600 	 1639 	 3.2408622699e+01 	 2.8120563033e-04
1700 	 1740 	 3.2408617107e+01 	 1.9620224969e-04
1800 	 1842 	 3.2408612683e+01 	 2.6449994490e-04
1900 	 1943 	 3.2408608995e+01 	 3.0514744610e-04
2000 	 2045 	 3.2408606550e+01 	 1.4635906329e-04
2100 	 2147 	 3.2408603859e+01 	 2.2884353569e-04
2200 	 2251 	 3.2408601288e+01 	 1.8039768437e-04
2300 	 2353 	 3.2408598628e+01 	 1.5778809446e-04
2400 	 2456 	 3.2408595871e+01 	 1.7659597827e-04
2500 	 2560 	 3.2408593512e+01 	 1.9521422187e-04
2600 	 2663 	 3.2408591855e+01 	 1.5042997771e-04
2700 	 2763 	 3.2408590731e+01 	 1.2629574083e-04
2800 	 2865 	 3.2408589621e+01 	 1.3600979399e-04
2900 	 2967 	 3.2408588807e+01 	 1.7038648112e-04
3000 	 3071 	 3.2408588413e+01 	 5.3517255638e-05
3100 	 3173 	 3.2408588235e+01 	 4.3637300187e-05
3200 	 3278 	 3.2408588049e+01 	 4.2301348291e-05
3300 	 3379 	 3.2408587815e+01 	 5.5416356786e-05
3400 	 3479 	 3.2408587546e+01 	 7.7254994621e-05
3500 	 3583 	 3.2408587280e+01 	 5.2843531210e-05
3600 	 3685 	 3.2408587016e+01 	 6.0700180819e-05
3700 	 3790 	 3.2408586750e+01 	 9.0507291859e-05
3800 	 3893 	 3.2408586454e+01 	 6.2613701484e-05
3900 	 3996 	 3.2408586196e+01 	 5.8038077640e-05
4000 	 4101 	 3.2408586031e+01 	 3.2327054908e-05
4100 	 4206 	 3.2408585916e+01 	 3.9460240138e-05
4200 	 4309 	 3.2408585764e+01 	 5.0003583867e-05
4300 	 4412 	 3.2408585628e+01 	 6.2795859839e-05
4400 	 4514 	 3.2408585501e+01 	 4.1887173309e-05
4500 	 4617 	 3.2408585391e+01 	 3.0355391200e-05
4600 	 4719 	 3.2408585313e+01 	 5.0597468156e-05
4700 	 4823 	 3.2408585241e+01 	 6.0762220170e-05
4800 	 4926 	 3.2408585185e+01 	 2.6657630473e-05
4900 	 5027 	 3.2408585126e+01 	 3.9825362840e-05
5000 	 5130 	 3.2408585071e+01 	 1.8878266025e-05
5100 	 5233 	 3.2408585027e+01 	 3.8809028364e-05
5200 	 5336 	 3.2408584995e+01 	 1.6013600347e-05
5300 	 5438 	 3.2408584960e+01 	 3.0816192690e-05
5400 	 5540 	 3.2408584929e+01 	 3.8015733367e-05
5500 	 5641 	 3.2408584906e+01 	 2.9316729378e-05
5600 	 5744 	 3.2408584885e+01 	 1.3296504739e-05
5700 	 5845 	 3.2408584863e+01 	 1.1344429221e-05
5800 	 5948 	 3.2408584845e+01 	 1.2504541825e-05
5900 	 6049 	 3.2408584830e+01 	 1.2457731102e-05
6000 	 6153 	 3.2408584817e+01 	 8.7153982935e-06
6100 	 6255 	 3.2408584809e+01 	 9.9768549028e-06
6200 	 6359 	 3.2408584803e+01 	 1.7357225264e-05
6300 	 6459 	 3.2408584798e+01 	 1.4819863446e-05
6400 	 6559 	 3.2408584792e+01 	 9.0504935884e-06
6500 	 6661 	 3.2408584787e+01 	 8.9799244648e-06
6600 	 6762 	 3.2408584782e+01 	 1.2972779240e-05
6700 	 6865 	 3.2408584779e+01 	 1.7141973975e-05
6800 	 6970 	 3.2408584776e+01 	 5.8371757799e-06
6900 	 7071 	 3.2408584773e+01 	 6.1934955308e-06
7000 	 7171 	 3.2408584771e+01 	 4.1922552941e-06
7100 	 7272 	 3.2408584769e+01 	 3.8390908103e-06
7200 	 7374 	 3.2408584766e+01 	 4.7323471051e-06
7300 	 7475 	 3.2408584764e+01 	 6.3696567293e-06
7400 	 7578 	 3.2408584761e+01 	 1.3580660627e-05
7500 	 7681 	 3.2408584758e+01 	 4.3956535199e-06
7600 	 7783 	 3.2408584756e+01 	 8.7828534128e-06
7700 	 7887 	 3.2408584754e+01 	 4.2060150491e-06
7800 	 7988 	 3.2408584753e+01 	 3.5614948412e-06
7900 	 8092 	 3.2408584751e+01 	 3.6768079511e-06
8000 	 8194 	 3.2408584751e+01 	 2.5559040788e-06
8100 	 8296 	 3.2408584750e+01 	 2.9298873868e-06
8200 	 8398 	 3.2408584750e+01 	 2.2553751005e-06
8300 	 8499 	 3.2408584749e+01 	 2.3760923697e-06
8400 	 8601 	 3.2408584749e+01 	 1.4826447075e-06
8500 	 8703 	 3.2408584749e+01 	 2.4643533090e-06
8600 	 8807 	 3.2408584748e+01 	 3.3277327338e-06
8700 	 8909 	 3.2408584748e+01 	 2.1333140005e-06
8800 	 9011 	 3.2408584747e+01 	 2.9701762473e-06
8900 	 9115 	 3.2408584747e+01 	 2.1123982770e-06
9000 	 9217 	 3.2408584747e+01 	 2.0275289719e-06
9100 	 9320 	 3.2408584747e+01 	 1.4491256903e-06
9200 	 9422 	 3.2408584747e+01 	 1.6472830102e-06
9300 	 9525 	 3.2408584747e+01 	 9.4666645512e-07
9400 	 9626 	 3.2408584746e+01 	 1.0368410372e-06
9500 	 9728 	 3.2408584746e+01 	 1.7353125321e-06
9600 	 9831 	 3.2408584746e+01 	 1.4087253315e-06
9700 	 9933 	 3.2408584746e+01 	 7.5736830473e-07
9800 	 10037 	 3.2408584746e+01 	 1.9724118022e-06
9900 	 10142 	 3.2408584746e+01 	 1.9680109443e-06
10000 	 10244 	 3.2408584746e+01 	 5.9749589774e-07
10100 	 10345 	 3.2408584746e+01 	 7.5497638201e-07
10200 	 10453 	 3.2408584746e+01 	 4.0269608966e-07
10300 	 10565 	 3.2408584746e+01 	 4.2328067734e-07
10400 	 10676 	 3.2408584746e+01 	 4.0145668518e-07
10500 	 10784 	 3.2408584746e+01 	 5.9565683935e-07
10600 	 10892 	 3.2408584746e+01 	 3.3057500386e-07
10700 	 11009 	 3.2408584746e+01 	 3.4228783364e-07
10800 	 11119 	 3.2408584746e+01 	 4.8532674025e-07
10900 	 11230 	 3.2408584746e+01 	 4.4115978086e-07
11000 	 11342 	 3.2408584746e+01 	 6.5339372415e-07
11100 	 11450 	 3.2408584746e+01 	 5.5852693730e-07
11200 	 11566 	 3.2408584746e+01 	 2.8658751901e-07
11300 	 11676 	 3.2408584746e+01 	 1.8674313717e-07
11400 	 11791 	 3.2408584746e+01 	 1.6424203836e-07
11500 	 11916 	 3.2408584746e+01 	 2.1332521527e-07
11600 	 12052 	 3.2408584746e+01 	 4.2865267963e-08
# ---- 
 1 		 11613 	 12078 		 3.2939682386e+01 	 3.2408584746e+01 	 8.5442676194e-08
# ---- 
100 	 102 	 4.2588919276e+01 	 1.4564450550e-02
200 	 204 	 4.2585152155e+01 	 8.0924674860e-03
300 	 307 	 4.2581736593e+01 	 9.4033762788e-03
400 	 409 	 4.2580170463e+01 	 4.2950843149e-03
500 	 512 	 4.2579657365e+01 	 2.3799582356e-03
600 	 615 	 4.2579421983e+01 	 1.0142011926e-03
700 	 717 	 4.2579356929e+01 	 9.8466301535e-04
800 	 819 	 4.2579323128e+01 	 6.2995875986e-04
900 	 921 	 4.2579287180e+01 	 1.3233656187e-03
1000 	 1024 	 4.2579238391e+01 	 9.1123291356e-04
1100 	 1125 	 4.2579198543e+01 	 4.5868726178e-04
1200 	 1228 	 4.2579184145e+01 	 4.8767356883e-04
1300 	 1328 	 4.2579169108e+01 	 4.6736202074e-04
1400 	 1429 	 4.2579152173e+01 	 6.1771220574e-04
1500 	 1531 	 4.2579139658e+01 	 3.5080779555e-04
1600 	 1633 	 4.2579129901e+01 	 3.6351005335e-04
1700 	 1735 	 4.2579121059e+01 	 2.8658052397e-04
1800 	 1836 	 4.2579115106e+01 	 3.6032443164e-04
1900 	 1939 	 4.2579110023e+01 	 2.8822829001e-04
2000 	 2041 	 4.2579105335e+01 	 2.3745015774e-04
2100 	 2144 	 4.2579101692e+01 	 2.1761291389e-04
2200 	 2248 	 4.2579098196e+01 	 2.0661788719e-04
2300 	 2352 	 4.2579095231e+01 	 2.7886958350e-04
2400 	 2457 	 4.2579092489e+01 	 3.3912264925e-04
2500 	 2560 	 4.2579089836e+01 	 1.9785412276e-04
2600 	 2664 	 4.2579088069e+01 	 2.2070939329e-04
2700 	 2767 	 4.2579086871e+01 	 1.8552887869e-04
2800 	 2870 	 4.2579085819e+01 	 3.7479921653e-04
2900 	 2972 	 4.2579084903e+01 	 9.4543419608e-05
3000 	 3075 	 4.2579084343e+01 	 7.9133968391e-05
3100 	 3177 	 4.2579083863e+01 	 6.7859264047e-05
3200 	 3282 	 4.2579083428e+01 	 1.0962674069e-04
3300 	 3385 	 4.2579083000e+01 	 7.9019406062e-05
3400 	 3487 	 4.2579082676e+01 	 7.6142345591e-05
3500 	 3590 	 4.2579082463e+01 	 3.9331742590e-05
3600 	 3693 	 4.2579082273e+01 	 6.7444508401e-05
3700 	 3796 	 4.2579082070e+01 	 7.5581764772e-05
3800 	 3900 	 4.2579081843e+01 	 1.0999278305e-04
3900 	 4002 	 4.2579081627e+01 	 1.2611472517e-04
4000 	 4104 	 4.2579081412e+01 	 6.4698733145e-05
4100 	 4206 	 4.2579081129e+01 	 5.1863027201e-05
4200 	 4309 	 4.2579080809e+01 	 1.0266901732e-04
4300 	 4410 	 4.2579080500e+01 	 8.1032055444e-05
4400 	 4513 	 4.2579080329e+01 	 5.0511698836e-05
4500 	 4615 	 4.2579080223e+01 	 3.9171651080e-05
4600 	 4719 	 4.2579080155e+01 	 2.9921023278e-05
4700 	 4820 	 4.2579080110e+01 	 4.8037290546e-05
4800 	 4921 	 4.2579080063e+01 	 2.1224572968e-05
4900 	 5023 	 4.2579080027e+01 	 1.9937989253e-05
5000 	 5126 	 4.2579079997e+01 	 1.5840664120e-05
5100 	 5230 	 4.2579079961e+01 	 2.8946735530e-05
5200 	 5332 	 4.2579079927e+01 	 2.4345481855e-05
5300 	 5434 	 4.2579079892e+01 	 1.7219262703e-05
5400 	 5534 	 4.2579079864e+01 	 1.9478956212e-05
5500 	 5637 	 4.2579079843e+01 	 1.5885468827e-05
5600 	 5741 	 4.2579079829e+01 	 1.0973617282e-05
5700 	 5845 	 4.2579079819e+01 	 1.3462284212e-05
5800 	 5947 	 4.2579079812e+01 	 2.4179891721e-05
5900 	 6049 	 4.2579079804e+01 	 1.9900188017e-05
6000 	 6153 	 4.2579079797e+01 	 8.7437311813e-06
6100 	 6256 	 4.2579079791e+01 	 1.8396616876e-05
6200 	 6360 	 4.2579079787e+01 	 6.6192335542e-06
6300 	 6465 	 4.2579079783e+01 	 1.2157458087e-05
6400 	 6567 	 4.2579079780e+01 	 5.8265904726e-06
6500 	 6671 	 4.2579079776e+01 	 1.4079005953e-05
6600 	 6772 	 4.2579079774e+01 	 4.6680476558e-06
6700 	 6876 	 4.2579079771e+01 	 1.1218077671e-05
6800 	 6976 	 4.2579079769e+01 	 6.1485992636e-06
6900 	 7079 	 4.2579079767e+01 	 4.6869656393e-06
7000 	 7180 	 4.2579079764e+01 	 8.7493077189e-06
7100 	 7282 	 4.2579079760e+01 	 6.7372577589e-06
7200 	 7384 	 4.2579079757e+01 	 1.0404008799e-05
7300 	 7487 	 4.2579079755e+01 	 3.4911537669e-06
7400 	 7590 	 4.2579079754e+01 	 6.9423190121e-06
7500 	 7692 	 4.2579079753e+01 	 6.0738413049e-06
7600 	 7793 	 4.2579079752e+01 	 3.0741582277e-06
7700 	 7897 	 4.2579079752e+01 	 1.7467138361e-06
7800 	 8001 	 4.2579079752e+01 	 2.3100596491e-06
7900 	 8106 	 4.2579079751e+01 	 1.2275680399e-06
8000 	 8207 	 4.2579079751e+01 	 1.8320770471e-06
8100 	 8308 	 4.2579079751e+01 	 1.7920149860e-06
8200 	 8410 	 4.2579079751e+01 	 1.0467072973e-06
8300 	 8513 	 4.2579079751e+01 	 1.3607855708e-06
8400 	 8615 	 4.2579079751e+01 	 1.5302427177e-06
8500 	 8716 	 4.2579079750e+01 	 1.7478620795e-06
8600 	 8818 	 4.2579079750e+01 	 2.3100776247e-06
8700 	 8918 	 4.2579079750e+01 	 1.1537372343e-06
8800 	 9020 	 4.2579079750e+01 	 1.1316921820e-06
8900 	 9122 	 4.2579079750e+01 	 1.0072997581e-06
9000 	 9227 	 4.2579079750e+01 	 5.3667724726e-07
9100 	 9329 	 4.2579079750e+01 	 8.0109878237e-07
9200 	 9437 	 4.2579079750e+01 	 5.0037480990e-07
9300 	 9543 	 4.2579079750e+01 	 8.4566607581e-07
9400 	 9652 	 4.2579079750e+01 	 4.9169837399e-07
9500 	 9759 	 4.2579079750e+01 	 5.5615706683e-07
9600 	 9870 	 4.2579079750e+01 	 6.3387347698e-07
9700 	 9974 	 4.2579079750e+01 	 4.9233440933e-07
9800 	 10084 	 4.2579079750e+01 	 6.0335485078e-07
9900 	 10206 	 4.2579079750e+01 	 2.9273149898e-07
10000 	 10324 	 4.2579079750e+01 	 5.0184755373e-07
10100 	 10437 	 4.2579079750e+01 	 3.7166304229e-07
10200 	 10553 	 4.2579079750e+01 	 4.9659797458e-07
10300 	 10673 	 4.2579079750e+01 	 3.0341888716e-07
10400 	 10798 	 4.2579079750e+01 	 2.5053436834e-07
10500 	 10912 	 4.2579079750e+01 	 3.5195788881e-07
10600 	 11047 	 4.2579079750e+01 	 2.4810458889e-07
10700 	 11175 	 4.2579079750e+01 	 8.0733548720e-08
# ---- 
 1 		 10722 	 11214 		 4.3108273428e+01 	 4.2579079750e+01 	 2.3478861800e-07
# ---- 
100 	 103 	 5.4171572347e+01 	 1.1436234840e-02
200 	 205 	 5.4167871845e+01 	 1.0868415614e-02
300 	 306 	 5.4164444566e+01 	 6.2556525092e-03
400 	 408 	 5.4162855089e+01 	 3.3894135458e-03
500 	 511 	 5.4162245298e+01 	 1.8483506091e-03
600 	 614 	 5.4161959627e+01 	 3.5251140913e-03
700 	 717 	 5.4161882016e+01 	 6.7543053205e-04
800 	 820 	 5.4161839250e+01 	 9.0623074772e-04
900 	 923 	 5.4161782852e+01 	 2.0928786629e-03
1000 	 1025 	 5.4161708882e+01 	 1.0630717771e-03
1100 	 1128 	 5.4161653939e+01 	 6.4251149023e-04
1200 	 1232 	 5.4161630011e+01 	 4.8978952291e-04
1300 	 1334 	 5.4161607422e+01 	 4.9984876494e-04
1400 	 1434 	 5.4161584258e+01 	 5.6185979307e-04
1500 	 1537 	 5.4161564730e+01 	 5.1228665853e-04
1600 	 1638 	 5.4161553176e+01 	 6.2791647342e-04
1700 	 1739 	 5.4161542166e+01 	 4.5056013952e-04
1800 	 1840 	 5.4161534640e+01 	 2.8736826343e-04
1900 	 1942 	 5.4161528570e+01 	 6.7365857668e-04
2000 	 2043 	 5.4161523141e+01 	 2.3171076775e-04
2100 	 2144 	 5.4161518486e+01 	 2.5173361743e-04
2200 	 2245 	 5.4161513253e+01 	 3.5853298160e-04
2300 	 2347 	 5.4161509024e+01 	 2.2708610128e-04
2400 	 2449 	 5.4161505583e+01 	 2.2240546002e-04
2500 	 2550 	 5.4161502260e+01 	 4.3639608448e-04
2600 	 2652 	 5.4161500146e+01 	 2.1274610805e-04
2700 	 2753 	 5.4161498305e+01 	 1.4484923025e-04
2800 	 2854 	 5.4161496946e+01 	 1.0163717865e-04
2900 	 2956 	 5.4161496286e+01 	 7.8892858945e-05
3000 	 3059 	 5.4161495894e+01 	 4.4326842719e-05
3100 	 3163 	 5.4161495612e+01 	 6.3867785518e-05
3200 	 3266 	 5.4161495347e+01 	 9.1149023781e-05
3300 	 3367 	 5.4161494990e+01 	 6.9719725892e-05
3400 	 3469 	 5.4161494640e+01 	 6.8159216491e-05
3500 	 3571 	 5.4161494335e+01 	 6.4487015258e-05
3600 	 3671 	 5.4161494086e+01 	 4.7400052874e-05
3700 	 3773 	 5.4161493825e+01 	 4.6523060596e-05
3800 	 3875 	 5.4161493581e+01 	 5.7241849385e-05
3900 	 3977 	 5.4161493365e+01 	 4.8508855916e-05
4000 	 4080 	 5.4161493150e+01 	 5.3321279274e-05
4100 	 4182 	 5.4161492873e+01 	 5.7203820487e-05
4200 	 4285 	 5.4161492580e+01 	 6.1621631179e-05
4300 	 4387 	 5.4161492352e+01 	 1.1228519636e-04
4400 	 4487 	 5.4161492208e+01 	 4.4077493314e-05
4500 	 4589 	 5.4161492112e+01 	 5.8854594111e-05
4600 	 4691 	 5.4161492040e+01 	 2.8855860056e-05
4700 	 4794 	 5.4161491959e+01 	 2.6326067567e-05
4800 	 4896 	 5.4161491904e+01 	 4.8623964114e-05
4900 	 4998 	 5.4161491867e+01 	 1.6744942167e-05
5000 	 5099 	 5.4161491828e+01 	 2.9240327176e-05
5100 	 5202 	 5.4161491790e+01 	 2.4899405699e-05
5200 	 5304 	 5.4161491751e+01 	 3.5401195632e-05
5300 	 5405 	 5.4161491716e+01 	 1.6334828986e-05
5400 	 5507 	 5.4161491688e+01 	 3.8495224847e-05
5500 	 5609 	 5.4161491660e+01 	 1.9485481583e-05
5600 	 5712 	 5.4161491633e+01 	 1.3353163056e-05
5700 	 5815 	 5.4161491617e+01 	 1.6222359474e-05
5800 	 5917 	 5.4161491598e+01 	 1.3707518663e-05
5900 	 6021 	 5.4161491584e+01 	 2.7717021117e-05
6000 	 6125 	 5.4161491574e+01 	 1.1141837927e-05
6100 	 6226 	 5.4161491568e+01 	 1.0158325421e-05
6200 	 6329 	 5.4161491563e+01 	 6.9340940277e-06
6300 	 6431 	 5.4161491560e+01 	 5.8511935174e-06
6400 	 6533 	 5.4161491558e+01 	 5.5829579924e-06
6500 	 6638 	 5.4161491555e+01 	 6.7210914916e-06
6600 	 6739 	 5.4161491550e+01 	 7.1846624186e-06
6700 	 6842 	 5.4161491546e+01 	 1.7126545534e-05
6800 	 6945 	 5.4161491542e+01 	 5.1293119860e-06
6900 	 7048 	 5.4161491539e+01 	 6.1933840556e-06
7000 	 7153 	 5.4161491536e+01 	 6.9027352006e-06
7100 	 7255 	 5.4161491532e+01 	 6.1788328900e-06
7200 	 7357 	 5.4161491528e+01 	 5.4400954022e-06
7300 	 7460 	 5.4161491526e+01 	 5.8306600139e-06
7400 	 7562 	 5.4161491524e+01 	 4.4116415959e-06
7500 	 7666 	 5.4161491523e+01 	 2.5363683072e-06
7600 	 7768 	 5.4161491522e+01 	 2.3555399414e-06
7700 	 7871 	 5.4161491522e+01 	 2.4540326166e-06
7800 	 7972 	 5.4161491521e+01 	 1.5832673517e-06
7900 	 8075 	 5.4161491521e+01 	 1.6015089136e-06
8000 	 8178 	 5.4161491521e+01 	 1.7209512688e-06
8100 	 8278 	 5.4161491521e+01 	 1.7740693911e-06
8200 	 8381 	 5.4161491520e+01 	 1.4367721640e-06
8300 	 8483 	 5.4161491520e+01 	 1.4281137210e-06
8400 	 8585 	 5.4161491520e+01 	 3.1929812504e-06
8500 	 8690 	 5.4161491520e+01 	 1.9537289765e-06
8600 	 8794 	 5.4161491520e+01 	 1.4354488435e-06
8700 	 8895 	 5.4161491520e+01 	 1.0936685192e-06
8800 	 8998 	 5.4161491520e+01 	 1.0545699011e-06
8900 	 9100 	 5.4161491520e+01 	 1.7703098549e-06
9000 	 9202 	 5.4161491520e+01 	 8.2891171624e-07
9100 	 9306 	 5.4161491520e+01 	 8.8130327569e-07
9200 	 9412 	 5.4161491520e+01 	 6.5616520638e-07
9300 	 9517 	 5.4161491520e+01 	 1.2287621281e-06
9400 	 9624 	 5.4161491519e+01 	 6.4363823881e-07
9500 	 9728 	 5.4161491519e+01 	 5.7533946960e-07
9600 	 9835 	 5.4161491519e+01 	 5.4100766305e-07
9700 	 9945 	 5.4161491519e+01 	 9.7632959329e-07
9800 	 10057 	 5.4161491519e+01 	 4.9904957915e-07
# ---- 
 1 		 9896 	 10189 		 5.4689417029e+01 	 5.4161491519e+01 	 5.6499493612e-07
# ---- 
100 	 103 	 6.7169805101e+01 	 1.4879489636e-02
200 	 204 	 6.7166197561e+01 	 9.0722788909e-03
300 	 306 	 6.7162961334e+01 	 5.1926779318e-03
400 	 407 	 6.7161331053e+01 	 5.2450722420e-03
500 	 508 	 6.7160606865e+01 	 3.0846335538e-03
600 	 611 	 6.7160282154e+01 	 2.3985412049e-03
700 	 714 	 6.7160180530e+01 	 9.3060479758e-04
800 	 816 	 6.7160119648e+01 	 9.2830439402e-04
900 	 918 	 6.7160048089e+01 	 1.0786034831e-03
1000 	 1022 	 6.7159924630e+01 	 1.3251531356e-03
1100 	 1125 	 6.7159838388e+01 	 2.5140768206e-03
1200 	 1227 	 6.7159801032e+01 	 6.2433769093e-04
1300 	 1329 	 6.7159764567e+01 	 9.5702070133e-04
1400 	 1432 	 6.7159729744e+01 	 8.0861220303e-04
1500 	 1536 	 6.7159702225e+01 	 6.6960833570e-04
1600 	 1639 	 6.7159685791e+01 	 3.3159139998e-04
1700 	 1741 	 6.7159670340e+01 	 4.3778071524e-04
1800 	 1843 	 6.7159658682e+01 	 4.4208891083e-04
1900 	 1948 	 6.7159650075e+01 	 3.0560521311e-04
2000 	 2050 	 6.7159640805e+01 	 3.9248912024e-04
2100 	 2150 	 6.7159632996e+01 	 2.9051140262e-04
2200 	 2250 	 6.7159626540e+01 	 4.0527213572e-04
2300 	 2351 	 6.7159620454e+01 	 2.8924906050e-04
2400 	 2452 	 6.7159615837e+01 	 2.7170291291e-04
2500 	 2557 	 6.7159611069e+01 	 2.7151385388e-04
2600 	 2660 	 6.7159606892e+01 	 2.1782319736e-04
2700 	 2761 	 6.7159604434e+01 	 1.2208637255e-04
2800 	 2864 	 6.7159602724e+01 	 2.3985622944e-04
2900 	 2966 	 6.7159601618e+01 	 1.1436637283e-04
3000 	 3068 	 6.7159600893e+01 	 1.0312028766e-04
3100 	 3169 	 6.7159600450e+01 	 7.5021983070e-05
3200 	 3272 	 6.7159600101e+01 	 9.9189202224e-05
3300 	 3374 	 6.7159599770e+01 	 4.4959780579e-05
3400 	 3476 	 6.7159599491e+01 	 1.1656798467e-04
3500 	 3580 	 6.7159599204e+01 	 5.9355677597e-05
3600 	 3685 	 6.7159598915e+01 	 1.1557814231e-04
3700 	 3789 	 6.7159598633e+01 	 6.7706999139e-05
3800 	 3890 	 6.7159598337e+01 	 5.9587380992e-05
3900 	 3992 	 6.7159598053e+01 	 5.6471108721e-05
4000 	 4095 	 6.7159597645e+01 	 7.0598064503e-05
4100 	 4197 	 6.7159597228e+01 	 7.4155496673e-05
4200 	 4302 	 6.7159596958e+01 	 5.9114404184e-05
4300 	 4405 	 6.7159596805e+01 	 4.9161411387e-05
4400 	 4509 	 6.7159596731e+01 	 3.6906873540e-05
4500 	 4611 	 6.7159596662e+01 	 3.3007300287e-05
4600 	 4712 	 6.7159596605e+01 	 3.6424809699e-05
4700 	 4813 	 6.7159596562e+01 	 1.6583456455e-05
4800 	 4916 	 6.7159596535e+01 	 2.0844757882e-05
4900 	 5019 	 6.7159596517e+01 	 1.2398872097e-05
5000 	 5120 	 6.7159596504e+01 	 1.1384533828e-05
5100 	 5223 	 6.7159596494e+01 	 1.1401894032e-05
5200 	 5325 	 6.7159596486e+01 	 9.0175805796e-06
5300 	 5426 	 6.7159596479e+01 	 1.5676017461e-05
5400 	 5527 	 6.7159596472e+01 	 1.5678099839e-05
5500 	 5627 	 6.7159596465e+01 	 7.0442814454e-06
5600 	 5731 	 6.7159596458e+01 	 9.2003967749e-06
5700 	 5831 	 6.7159596448e+01 	 1.2388729539e-05
5800 	 5935 	 6.7159596441e+01 	 1.4892225419e-05
5900 	 6037 	 6.7159596435e+01 	 6.7238989793e-06
6000 	 6138 	 6.7159596430e+01 	 7.2801714226e-06
6100 	 6241 	 6.7159596426e+01 	 1.2296056593e-05
6200 	 6344 	 6.7159596422e+01 	 6.4458187425e-06
6300 	 6448 	 6.7159596418e+01 	 6.3229890337e-06
6400 	 6551 	 6.7159596415e+01 	 5.7991678021e-06
6500 	 6654 	 6.7159596412e+01 	 5.7937911353e-06
6600 	 6756 	 6.7159596411e+01 	 4.6498466458e-06
6700 	 6857 	 6.7159596409e+01 	 3.7225473260e-06
6800 	 6960 	 6.7159596408e+01 	 2.5510539125e-06
6900 	 7063 	 6.7159596407e+01 	 2.5146811755e-06
7000 	 7163 	 6.7159596407e+01 	 3.0907903271e-06
7100 	 7265 	 6.7159596407e+01 	 1.8385106407e-06
7200 	 7368 	 6.7159596406e+01 	 2.3123337218e-06
7300 	 7470 	 6.7159596406e+01 	 4.0341669222e-06
7400 	 7572 	 6.7159596406e+01 	 1.7776336794e-06
7500 	 7673 	 6.7159596405e+01 	 1.4149150251e-06
7600 	 7775 	 6.7159596405e+01 	 1.8646802030e-06
7700 	 7875 	 6.7159596405e+01 	 1.4009076974e-06
7800 	 7977 	 6.7159596405e+01 	 1.7795204441e-06
7900 	 8082 	 6.7159596404e+01 	 1.6379121887e-06
8000 	 8182 	 6.7159596404e+01 	 1.1250852241e-06
8100 	 8286 	 6.7159596404e+01 	 1.3860940277e-06
8200 	 8390 	 6.7159596404e+01 	 1.8949006681e-06
8300 	 8494 	 6.7159596404e+01 	 2.0785245490e-06
8400 	 8598 	 6.7159596404e+01 	 1.3362485046e-06
8500 	 8701 	 6.7159596403e+01 	 1.1445409744e-06
8600 	 8806 	 6.7159596403e+01 	 7.6022643185e-07
8700 	 8915 	 6.7159596403e+01 	 7.3190116864e-07
8800 	 9032 	 6.7159596403e+01 	 5.3047433463e-07
8900 	 9146 	 6.7159596403e+01 	 4.4153871975e-07
# ---- 
 1 		 8969 	 9249 		 6.7686769727e+01 	 6.7159596403e+01 	 5.6461576988e-07
# ---- 
100 	 103 	 6.6869095800e+01 	 4.3856134813e-02
200 	 204 	 6.6818600858e+01 	 1.9706807123e-02
300 	 306 	 6.6802167153e+01 	 1.4647113949e-02
400 	 408 	 6.6794010910e+01 	 6.0052097747e-03
500 	 513 	 6.6792759142e+01 	 3.6630566043e-03
600 	 615 	 6.6792147956e+01 	 2.2511048089e-03
700 	 717 	 6.6791734863e+01 	 2.9679598770e-03
800 	 818 	 6.6791426159e+01 	 1.5369965308e-03
900 	 921 	 6.6791255841e+01 	 1.5503590051e-03
1000 	 1023 	 6.6791166520e+01 	 8.8774458844e-04
1100 	 1124 	 6.6791056920e+01 	 2.3397117305e-03
1200 	 1226 	 6.6790912619e+01 	 1.6338335279e-03
1300 	 1328 	 6.6790795715e+01 	 1.6468411639e-03
1400 	 1432 	 6.6790729907e+01 	 5.7297520197e-04
1500 	 1534 	 6.6790692656e+01 	 8.7420254034e-04
1600 	 1636 	 6.6790663856e+01 	 4.6156235817e-04
1700 	 1738 	 6.6790641781e+01 	 7.6089916301e-04
1800 	 1840 	 6.6790618958e+01 	 8.7370148201e-04
1900 	 1943 	 6.6790598321e+01 	 6.2819799121e-04
2000 	 2044 	 6.6790582525e+01 	 4.4711078352e-04
2100 	 2148 	 6.6790571856e+01 	 4.1236549503e-04
2200 	 2249 	 6.6790563331e+01 	 3.3115958650e-04
2300 	 2352 	 6.6790554903e+01 	 6.8176189425e-04
2400 	 2453 	 6.6790544647e+01 	 8.0697667203e-04
2500 	 2555 	 6.6790533560e+01 	 7.5385523170e-04
2600 	 2657 	 6.6790521665e+01 	 3.9623514117e-04
2700 	 2760 	 6.6790511768e+01 	 4.1224456160e-04
2800 	 2860 	 6.6790506689e+01 	 2.8206123203e-04
2900 	 2963 	 6.6790502105e+01 	 1.7746000327e-04
3000 	 3065 	 6.6790497595e+01 	 2.1620873022e-04
3100 	 3167 	 6.6790494643e+01 	 1.9554352512e-04
3200 	 3270 	 6.6790492251e+01 	 1.3528855183e-04
3300 	 3370 	 6.6790489934e+01 	 1.6909822974e-04
3400 	 3472 	 6.6790486879e+01 	 2.5514124213e-04
3500 	 3573 	 6.6790482987e+01 	 6.1691890914e-04
3600 	 3676 	 6.6790479580e+01 	 1.4979236298e-04
3700 	 3779 	 6.6790477003e+01 	 1.8888159731e-04
3800 	 3880 	 6.6790474253e+01 	 2.0048228954e-04
3900 	 3981 	 6.6790471686e+01 	 2.3600254273e-04
4000 	 4084 	 6.6790469537e+01 	 1.4077081636e-04
4100 	 4185 	 6.6790467568e+01 	 2.5659838335e-04
4200 	 4286 	 6.6790465647e+01 	 1.1953202172e-04
4300 	 4388 	 6.6790463610e+01 	 2.0249510965e-04
4400 	 4490 	 6.6790461617e+01 	 4.5630538732e-04
4500 	 4591 	 6.6790460030e+01 	 2.4566121269e-04
4600 	 4692 	 6.6790459197e+01 	 7.8379861053e-05
4700 	 4794 	 6.6790458776e+01 	 5.9640699029e-05
4800 	 4896 	 6.6790458486e+01 	 6.2494351168e-05
4900 	 4999 	 6.6790458147e+01 	 4.8985446620e-05
5000 	 5100 	 6.6790457932e+01 	 4.8998419393e-05
5100 	 5202 	 6.6790457806e+01 	 3.9607079610e-05
5200 	 5305 	 6.6790457715e+01 	 2.4774510743e-05
5300 	 5407 	 6.6790457638e+01 	 2.3732633255e-05
5400 	 5510 	 6.6790457582e+01 	 4.5239474786e-05
5500 	 5612 	 6.6790457534e+01 	 2.6044796706e-05
5600 	 5713 	 6.6790457489e+01 	 3.5974004053e-05
5700 	 5814 	 6.6790457442e+01 	 3.7404357470e-05
5800 	 5915 	 6.6790457398e+01 	 4.0194166259e-05
5900 	 6016 	 6.6790457366e+01 	 3.5668247567e-05
6000 	 6120 	 6.6790457343e+01 	 2.1673732552e-05
6100 	 6222 	 6.6790457319e+01 	 1.3373378995e-05
6200 	 6324 	 6.6790457300e+01 	 3.4426085745e-05
6300 	 6427 	 6.6790457285e+01 	 1.2537672390e-05
6400 	 6530 	 6.6790457273e+01 	 2.8852905910e-05
6500 	 6633 	 6.6790457261e+01 	 2.0214073984e-05
6600 	 6736 	 6.6790457252e+01 	 9.5981251516e-06
6700 	 6838 	 6.6790457246e+01 	 8.7432886139e-06
6800 	 6940 	 6.6790457241e+01 	 8.5818455206e-06
6900 	 7042 	 6.6790457237e+01 	 8.9858189363e-06
7000 	 7143 	 6.6790457232e+01 	 1.0054372653e-05
7100 	 7244 	 6.6790457227e+01 	 7.5121407530e-06
7200 	 7347 	 6.6790457222e+01 	 9.0824996980e-06
7300 	 7448 	 6.6790457217e+01 	 7.4085938571e-06
7400 	 7551 	 6.6790457212e+01 	 7.4900644655e-06
7500 	 7655 	 6.6790457207e+01 	 6.0344446887e-06
7600 	 7757 	 6.6790457204e+01 	 7.2237075671e-06
7700 	 7861 	 6.6790457201e+01 	 6.1727244414e-06
7800 	 7964 	 6.6790457198e+01 	 3.7250753012e-06
7900 	 8067 	 6.6790457197e+01 	 7.4671446142e-06
8000 	 8170 	 6.6790457196e+01 	 3.4392407076e-06
8100 	 8274 	 6.6790457194e+01 	 4.0133466511e-06
8200 	 8376 	 6.6790457192e+01 	 7.0337030854e-06
8300 	 8476 	 6.6790457190e+01 	 4.4004410312e-06
8400 	 8580 	 6.6790457189e+01 	 4.8065595800e-06
8500 	 8681 	 6.6790457187e+01 	 5.3573791770e-06
8600 	 8785 	 6.6790457186e+01 	 3.3398442573e-06
8700 	 8886 	 6.6790457186e+01 	 3.8855639113e-06
8800 	 8988 	 6.6790457185e+01 	 1.6768129413e-06
8900 	 9090 	 6.6790457185e+01 	 1.9023351507e-06
9000 	 9192 	 6.6790457185e+01 	 1.8994897216e-06
9100 	 9295 	 6.6790457184e+01 	 2.7109615780e-06
9200 	 9398 	 6.6790457184e+01 	 2.0502026195e-06
9300 	 9498 	 6.6790457184e+01 	 1.5153505718e-06
9400 	 9601 	 6.6790457184e+01 	 7.3021544528e-07
9500 	 9704 	 6.6790457183e+01 	 9.6820449072e-07
9600 	 9811 	 6.6790457183e+01 	 2.3000400570e-06
9700 	 9913 	 6.6790457183e+01 	 1.6486944518e-06
9800 	 10015 	 6.6790457183e+01 	 3.2833995737e-06
9900 	 10118 	 6.6790457183e+01 	 1.3740057379e-06
10000 	 10220 	 6.6790457183e+01 	 1.6217289773e-06
10100 	 10321 	 6.6790457182e+01 	 2.3727825430e-06
10200 	 10424 	 6.6790457182e+01 	 2.0664453706e-06
10300 	 10526 	 6.6790457182e+01 	 6.9775731051e-07
10400 	 10636 	 6.6790457182e+01 	 1.5073615498e-06
10500 	 10744 	 6.6790457182e+01 	 1.4881371806e-06
10600 	 10853 	 6.6790457182e+01 	 4.7450218425e-07
# ---- 
 1 		 10669 	 10950 		 7.3085744693e+01 	 6.6790457182e+01 	 4.0730034214e-07
# ---- 
100 	 104 	 6.6540916354e+01 	 5.2129248932e-02
200 	 205 	 6.6495429779e+01 	 3.9991509605e-02
300 	 308 	 6.6481395472e+01 	 1.8946095978e-02
400 	 412 	 6.6473005685e+01 	 8.0670071137e-03
500 	 516 	 6.6471430719e+01 	 4.1543709294e-03
600 	 619 	 6.6470637396e+01 	 4.7136832341e-03
700 	 721 	 6.6470224856e+01 	 2.4863450859e-03
800 	 823 	 6.6469853041e+01 	 1.5104222773e-03
900 	 926 	 6.6469655370e+01 	 1.8208878893e-03
1000 	 1026 	 6.6469563150e+01 	 1.0344451546e-03
1100 	 1127 	 6.6469478545e+01 	 1.4403727683e-03
1200 	 1227 	 6.6469358972e+01 	 1.2361476045e-03
1300 	 1329 	 6.6469243390e+01 	 1.6189198777e-03
1400 	 1430 	 6.6469188799e+01 	 7.8144328238e-04
1500 	 1533 	 6.6469151008e+01 	 8.6110024054e-04
1600 	 1634 	 6.6469126882e+01 	 9.0436543527e-04
1700 	 1737 	 6.6469103272e+01 	 7.4944586939e-04
1800 	 1840 	 6.6469076798e+01 	 6.0775683466e-04
1900 	 1945 	 6.6469057773e+01 	 5.2605845254e-04
2000 	 2046 	 6.6469044215e+01 	 4.0483229735e-04
2100 	 2146 	 6.6469035384e+01 	 6.6404659113e-04
2200 	 2246 	 6.6469026556e+01 	 3.1419384316e-04
2300 	 2350 	 6.6469016187e+01 	 3.7990068196e-04
2400 	 2454 	 6.6469002543e+01 	 8.3397873706e-04
2500 	 2559 	 6.6468990892e+01 	 2.9488010394e-04
2600 	 2661 	 6.6468979692e+01 	 1.2793437359e-03
2700 	 2765 	 6.6468969031e+01 	 6.5504742707e-04
2800 	 2867 	 6.6468960585e+01 	 2.4610619812e-04
2900 	 2968 	 6.6468956280e+01 	 2.4025941774e-04
3000 	 3070 	 6.6468953819e+01 	 4.5978064965e-04
3100 	 3175 	 6.6468951682e+01 	 1.2477382409e-04
3200 	 3280 	 6.6468949378e+01 	 1.7842641455e-04
3300 	 3382 	 6.6468946353e+01 	 3.1886320865e-04
3400 	 3485 	 6.6468943301e+01 	 2.0784445883e-04
3500 	 3587 	 6.6468940574e+01 	 2.6235318915e-04
3600 	 3689 	 6.6468938187e+01 	 1.6115332319e-04
3700 	 3791 	 6.6468935713e+01 	 2.6326860682e-04
3800 	 3894 	 6.6468934121e+01 	 1.4067737159e-04
3900 	 3997 	 6.6468931567e+01 	 2.3036212969e-04
4000 	 4101 	 6.6468928407e+01 	 2.5231852002e-04
4100 	 4205 	 6.6468925649e+01 	 2.0823815292e-04
4200 	 4308 	 6.6468922854e+01 	 1.7434197401e-04
4300 	 4413 	 6.6468920035e+01 	 1.6832527367e-04
4400 	 4516 	 6.6468917704e+01 	 1.6396880632e-04
4500 	 4619 	 6.6468916477e+01 	 1.0418141950e-04
4600 	 4720 	 6.6468915707e+01 	 9.2405282137e-05
4700 	 4823 	 6.6468915255e+01 	 6.6277067440e-05
4800 	 4924 	 6.6468914980e+01 	 5.2757424231e-05
4900 	 5028 	 6.6468914756e+01 	 5.2346966880e-05
5000 	 5131 	 6.6468914493e+01 	 4.8120142156e-05
5100 	 5233 	 6.6468914239e+01 	 5.1609587200e-05
5200 	 5335 	 6.6468913997e+01 	 9.4324742251e-05
5300 	 5436 	 6.6468913729e+01 	 8.0297038924e-05
5400 	 5538 	 6.6468913447e+01 	 1.4306314857e-04
5500 	 5641 	 6.6468913215e+01 	 6.4785538940e-05
5600 	 5743 	 6.6468913032e+01 	 7.3745463437e-05
5700 	 5845 	 6.6468912881e+01 	 5.4302602550e-05
5800 	 5945 	 6.6468912728e+01 	 1.0169563316e-04
5900 	 6047 	 6.6468912579e+01 	 2.9296864632e-05
6000 	 6150 	 6.6468912465e+01 	 3.3737023157e-05
6100 	 6253 	 6.6468912366e+01 	 3.8927058518e-05
6200 	 6356 	 6.6468912244e+01 	 4.2140490757e-05
6300 	 6460 	 6.6468912105e+01 	 3.7323020657e-05
6400 	 6563 	 6.6468912024e+01 	 2.3730356125e-05
6500 	 6665 	 6.6468911962e+01 	 2.7914198730e-05
6600 	 6769 	 6.6468911912e+01 	 1.7675180877e-05
6700 	 6872 	 6.6468911877e+01 	 2.1137037794e-05
6800 	 6974 	 6.6468911844e+01 	 1.1930544456e-05
6900 	 7077 	 6.6468911824e+01 	 1.2552688738e-05
7000 	 7180 	 6.6468911807e+01 	 1.3410227398e-05
7100 	 7282 	 6.6468911796e+01 	 9.8498849074e-06
7200 	 7384 	 6.6468911786e+01 	 9.6876293892e-06
7300 	 7486 	 6.6468911773e+01 	 1.5984802863e-05
7400 	 7589 	 6.6468911758e+01 	 2.3265599477e-05
7500 	 7692 	 6.6468911743e+01 	 1.3636082577e-05
7600 	 7795 	 6.6468911730e+01 	 1.5168020439e-05
7700 	 7898 	 6.6468911713e+01 	 2.3502591050e-05
7800 	 8002 	 6.6468911698e+01 	 1.6465464944e-05
7900 	 8105 	 6.6468911686e+01 	 1.3397807575e-05
8000 	 8206 	 6.6468911671e+01 	 1.1023312129e-05
8100 	 8308 	 6.6468911661e+01 	 1.2142719319e-05
8200 	 8414 	 6.6468911652e+01 	 8.3860878799e-06
8300 	 8516 	 6.6468911646e+01 	 8.3783674095e-06
8400 	 8620 	 6.6468911641e+01 	 1.1574558612e-05
8500 	 8723 	 6.6468911638e+01 	 6.7794112931e-06
8600 	 8826 	 6.6468911635e+01 	 7.9325410247e-06
8700 	 8928 	 6.6468911633e+01 	 4.2938188123e-06
8800 	 9032 	 6.6468911632e+01 	 5.7994572602e-06
8900 	 9134 	 6.6468911631e+01 	 5.4024228068e-06
9000 	 9237 	 6.6468911630e+01 	 2.3289527457e-06
9100 	 9338 	 6.6468911629e+01 	 2.4056187972e-06
9200 	 9440 	 6.6468911628e+01 	 2.9147244018e-06
9300 	 9544 	 6.6468911627e+01 	 3.9230737907e-06
9400 	 9646 	 6.6468911627e+01 	 3.4263708961e-06
9500 	 9751 	 6.6468911626e+01 	 2.8732267288e-06
9600 	 9853 	 6.6468911626e+01 	 3.7771500505e-06
9700 	 9955 	 6.6468911626e+01 	 2.3991231468e-06
9800 	 10057 	 6.6468911625e+01 	 2.2803455930e-06
9900 	 10159 	 6.6468911625e+01 	 2.2531764754e-06
10000 	 10260 	 6.6468911624e+01 	 1.6127630762e-06
10100 	 10364 	 6.6468911624e+01 	 2.2428820382e-06
10200 	 10467 	 6.6468911624e+01 	 1.8087688869e-06
10300 	 10569 	 6.6468911623e+01 	 2.2695414673e-06
10400 	 10671 	 6.6468911623e+01 	 1.0046577362e-06
10500 	 10776 	 6.6468911623e+01 	 1.0972270590e-06
10600 	 10879 	 6.6468911623e+01 	 2.5877633942e-06
10700 	 10981 	 6.6468911623e+01 	 1.1934068959e-06
10800 	 11085 	 6.6468911623e+01 	 7.2069590598e-07
10900 	 11186 	 6.6468911623e+01 	 9.8177680455e-07
11000 	 11291 	 6.6468911623e+01 	 9.7638787219e-07
11100 	 11400 	 6.6468911623e+01 	 5.0237584752e-07
11200 	 11510 	 6.6468911623e+01 	 9.8615722685e-07
11300 	 11621 	 6.6468911623e+01 	 6.9261405893e-07
11400 	 11731 	 6.6468911622e+01 	 1.3115756587e-06
11500 	 11849 	 6.6468911622e+01 	 4.3106104412e-07
# ---- 
 1 		 11594 	 11971 		 7.2711317208e+01 	 6.6468911622e+01 	 4.9657234935e-07
# ---- 
100 	 103 	 6.6252912447e+01 	 5.3923534811e-02
200 	 205 	 6.6212056940e+01 	 2.6767567411e-02
300 	 307 	 6.6200203669e+01 	 1.8710225601e-02
400 	 409 	 6.6192006378e+01 	 8.7524847663e-03
500 	 510 	 6.6189903622e+01 	 3.6782439912e-03
600 	 612 	 6.6188944326e+01 	 2.7519081070e-03
700 	 713 	 6.6188534468e+01 	 1.6416095468e-03
800 	 814 	 6.6188183534e+01 	 1.9709114683e-03
900 	 915 	 6.6188013093e+01 	 1.0999989563e-03
1000 	 1016 	 6.6187913897e+01 	 1.8265333188e-03
1100 	 1118 	 6.6187855346e+01 	 9.6305715410e-04
1200 	 1219 	 6.6187783417e+01 	 1.2849241110e-03
1300 	 1322 	 6.6187715691e+01 	 1.5998608098e-03
1400 	 1427 	 6.6187658773e+01 	 7.7791355331e-04
1500 	 1530 	 6.6187618825e+01 	 6.1945074705e-04
1600 	 1633 	 6.6187594893e+01 	 5.0237136812e-04
1700 	 1735 	 6.6187580407e+01 	 4.7522034112e-04
1800 	 1835 	 6.6187561008e+01 	 4.4469957923e-04
1900 	 1936 	 6.6187544824e+01 	 3.5068223544e-04
2000 	 2042 	 6.6187536132e+01 	 4.2304136199e-04
2100 	 2146 	 6.6187529016e+01 	 4.7961654128e-04
2200 	 2251 	 6.6187521285e+01 	 3.0093776825e-04
2300 	 2351 	 6.6187511664e+01 	 3.3878646790e-04
2400 	 2454 	 6.6187501296e+01 	 4.7432801122e-04
2500 	 2561 	 6.6187489587e+01 	 3.8486620772e-04
2600 	 2664 	 6.6187474824e+01 	 2.6126249886e-04
2700 	 2765 	 6.6187466047e+01 	 2.4198027694e-04
2800 	 2868 	 6.6187458713e+01 	 5.7660643010e-04
2900 	 2970 	 6.6187453679e+01 	 2.1251667648e-04
3000 	 3073 	 6.6187450434e+01 	 2.0311050420e-04
3100 	 3174 	 6.6187448167e+01 	 1.5877145101e-04
3200 	 3276 	 6.6187445712e+01 	 1.5268948257e-04
3300 	 3378 	 6.6187442682e+01 	 2.2685553966e-04
3400 	 3480 	 6.6187438377e+01 	 1.9324862339e-04
3500 	 3582 	 6.6187434254e+01 	 3.6117579498e-04
3600 	 3684 	 6.6187431352e+01 	 1.8376595693e-04
3700 	 3785 	 6.6187429188e+01 	 1.6357060309e-04
3800 	 3889 	 6.6187426767e+01 	 2.0120837305e-04
3900 	 3990 	 6.6187424116e+01 	 1.3814400794e-04
4000 	 4093 	 6.6187420651e+01 	 1.8760268401e-04
4100 	 4196 	 6.6187416793e+01 	 2.2880725709e-04
4200 	 4298 	 6.6187413275e+01 	 1.9084675563e-04
4300 	 4400 	 6.6187410429e+01 	 1.7532607627e-04
4400 	 4501 	 6.6187407967e+01 	 5.6687486426e-04
4500 	 4602 	 6.6187406300e+01 	 1.4884104158e-04
4600 	 4704 	 6.6187404881e+01 	 1.7982550958e-04
4700 	 4807 	 6.6187403754e+01 	 9.6543077124e-05
4800 	 4908 	 6.6187403160e+01 	 7.4677159109e-05
4900 	 5010 	 6.6187402832e+01 	 6.6292600657e-05
5000 	 5111 	 6.6187402648e+01 	 4.8337573998e-05
5100 	 5214 	 6.6187402525e+01 	 3.6086329062e-05
5200 	 5316 	 6.6187402444e+01 	 3.3828199770e-05
5300 	 5421 	 6.6187402347e+01 	 2.8214353843e-05
5400 	 5524 	 6.6187402280e+01 	 3.3856608401e-05
5500 	 5628 	 6.6187402234e+01 	 1.9152714344e-05
5600 	 5730 	 6.6187402194e+01 	 1.5781284089e-05
5700 	 5834 	 6.6187402158e+01 	 3.9587268031e-05
5800 	 5935 	 6.6187402121e+01 	 2.0423618493e-05
5900 	 6037 	 6.6187402095e+01 	 2.0142047107e-05
6000 	 6140 	 6.6187402073e+01 	 3.5236671147e-05
6100 	 6243 	 6.6187402047e+01 	 3.7755427242e-05
6200 	 6346 	 6.6187402020e+01 	 1.7911744744e-05
6300 	 6448 	 6.6187401993e+01 	 2.5401269007e-05
6400 	 6550 	 6.6187401966e+01 	 1.7996950361e-05
6500 	 6655 	 6.6187401943e+01 	 2.2683122663e-05
6600 	 6758 	 6.6187401917e+01 	 1.8460995259e-05
6700 	 6860 	 6.6187401896e+01 	 1.4215922181e-05
6800 	 6962 	 6.6187401878e+01 	 1.2560755581e-05
6900 	 7063 	 6.6187401860e+01 	 1.6815126824e-05
7000 	 7166 	 6.6187401848e+01 	 2.2727422628e-05
7100 	 7267 	 6.6187401837e+01 	 2.2771859917e-05
7200 	 7368 	 6.6187401826e+01 	 1.7089129541e-05
7300 	 7471 	 6.6187401816e+01 	 1.0192999492e-05
7400 	 7574 	 6.6187401806e+01 	 1.1302727203e-05
7500 	 7675 	 6.6187401798e+01 	 1.1822564381e-05
7600 	 7778 	 6.6187401793e+01 	 5.8130152947e-06
7700 	 7882 	 6.6187401789e+01 	 4.8545218359e-06
7800 	 7985 	 6.6187401786e+01 	 1.0543895821e-05
7900 	 8087 	 6.6187401784e+01 	 4.2918274509e-06
8000 	 8188 	 6.6187401781e+01 	 1.4614226494e-05
8100 	 8290 	 6.6187401779e+01 	 9.7707946214e-06
8200 	 8392 	 6.6187401776e+01 	 4.3590731124e-06
8300 	 8496 	 6.6187401774e+01 	 4.6667984317e-06
8400 	 8598 	 6.6187401771e+01 	 5.3667926857e-06
8500 	 8700 	 6.6187401768e+01 	 6.2880137135e-06
8600 	 8803 	 6.6187401766e+01 	 4.7262438709e-06
8700 	 8906 	 6.6187401763e+01 	 9.0073532884e-06
8800 	 9006 	 6.6187401761e+01 	 8.0345351432e-06
8900 	 9107 	 6.6187401760e+01 	 3.8896421315e-06
9000 	 9209 	 6.6187401759e+01 	 4.0664071258e-06
9100 	 9310 	 6.6187401758e+01 	 2.3615473109e-06
9200 	 9413 	 6.6187401758e+01 	 2.9317509646e-06
9300 	 9515 	 6.6187401757e+01 	 2.0213922449e-06
9400 	 9618 	 6.6187401757e+01 	 3.1527541836e-06
9500 	 9721 	 6.6187401757e+01 	 1.6798113680e-06
9600 	 9824 	 6.6187401757e+01 	 8.0214379456e-07
9700 	 9927 	 6.6187401756e+01 	 1.6002009132e-06
9800 	 10031 	 6.6187401756e+01 	 1.6232484089e-06
9900 	 10132 	 6.6187401756e+01 	 1.1103107041e-06
10000 	 10240 	 6.6187401756e+01 	 1.2900286129e-06
10100 	 10350 	 6.6187401756e+01 	 6.0393053284e-07
10200 	 10457 	 6.6187401756e+01 	 1.1740974071e-06
10300 	 10566 	 6.6187401756e+01 	 5.0882105908e-07
10400 	 10673 	 6.6187401756e+01 	 1.3670170212e-06
10500 	 10780 	 6.6187401756e+01 	 5.9532181060e-07
10600 	 10888 	 6.6187401756e+01 	 1.2595934090e-06
10700 	 11002 	 6.6187401756e+01 	 1.0931082421e-06
10800 	 11113 	 6.6187401756e+01 	 4.2134581908e-07
10900 	 11224 	 6.6187401756e+01 	 8.8023242556e-07
11000 	 11336 	 6.6187401756e+01 	 8.3815760977e-07
11100 	 11451 	 6.6187401756e+01 	 4.7016010157e-07
11200 	 11563 	 6.6187401756e+01 	 1.3758207642e-06
11300 	 11678 	 6.6187401756e+01 	 6.4257159120e-07
11400 	 11785 	 6.6187401756e+01 	 6.4624332343e-07
11500 	 11894 	 6.6187401756e+01 	 1.0419273613e-06
11600 	 12009 	 6.6187401756e+01 	 5.3549652510e-07
# ---- 
 1 		 11640 	 12077 		 7.2317848488e+01 	 6.6187401756e+01 	 6.4856316171e-07
# ---- 
100 	 102 	 6.5996975701e+01 	 4.9227792457e-02
200 	 205 	 6.5962096745e+01 	 1.0843951848e-02
300 	 307 	 6.5952125000e+01 	 9.3390717146e-03
400 	 410 	 6.5944311753e+01 	 1.0051969586e-02
500 	 512 	 6.5942072944e+01 	 4.7284529599e-03
600 	 613 	 6.5940987548e+01 	 3.5345916363e-03
700 	 713 	 6.5940496249e+01 	 2.5862022069e-03
800 	 814 	 6.5940209130e+01 	 1.3901983258e-03
900 	 917 	 6.5940044741e+01 	 3.9720459729e-03
1000 	 1018 	 6.5939952513e+01 	 9.7220494351e-04
1100 	 1118 	 6.5939904948e+01 	 7.2331124781e-04
1200 	 1219 	 6.5939862214e+01 	 6.5630243432e-04
1300 	 1322 	 6.5939817607e+01 	 1.5277965935e-03
1400 	 1424 	 6.5939770064e+01 	 6.8804094216e-04
1500 	 1526 	 6.5939737410e+01 	 1.2141885050e-03
1600 	 1630 	 6.5939710331e+01 	 8.7463223570e-04
1700 	 1734 	 6.5939696372e+01 	 4.6966367324e-04
1800 	 1835 	 6.5939683488e+01 	 4.3119646733e-04
1900 	 1936 	 6.5939671845e+01 	 3.7952593436e-04
2000 	 2038 	 6.5939662087e+01 	 4.8686313852e-04
2100 	 2139 	 6.5939651167e+01 	 3.0346823957e-04
2200 	 2241 	 6.5939640063e+01 	 7.7653959544e-04
2300 	 2343 	 6.5939629381e+01 	 5.1433906278e-04
2400 	 2447 	 6.5939620496e+01 	 3.8118775233e-04
2500 	 2551 	 6.5939610788e+01 	 8.0362390863e-04
2600 	 2652 	 6.5939603576e+01 	 2.7243267819e-04
2700 	 2755 	 6.5939598603e+01 	 3.7128788406e-04
2800 	 2856 	 6.5939593262e+01 	 6.5612005788e-04
2900 	 2956 	 6.5939589555e+01 	 2.2187824007e-04
3000 	 3059 	 6.5939586642e+01 	 4.7449070852e-04
3100 	 3161 	 6.5939582802e+01 	 2.1119987763e-04
3200 	 3263 	 6.5939579034e+01 	 5.4978296915e-04
3300 	 3366 	 6.5939575862e+01 	 1.5406444333e-04
3400 	 3470 	 6.5939573029e+01 	 2.0235162309e-04
3500 	 3572 	 6.5939569540e+01 	 2.5547776446e-04
3600 	 3677 	 6.5939564737e+01 	 2.4356791197e-04
3700 	 3780 	 6.5939561484e+01 	 2.7124270060e-04
3800 	 3883 	 6.5939558670e+01 	 1.7114800950e-04
3900 	 3984 	 6.5939555788e+01 	 1.9272514519e-04
4000 	 4084 	 6.5939552965e+01 	 1.9173743731e-04
4100 	 4187 	 6.5939550455e+01 	 1.6874987577e-04
4200 	 4291 	 6.5939548332e+01 	 2.3025528127e-04
4300 	 4391 	 6.5939545978e+01 	 2.2732771324e-04
4400 	 4497 	 6.5939543142e+01 	 1.6499581559e-04
4500 	 4600 	 6.5939540456e+01 	 2.1458654984e-04
4600 	 4704 	 6.5939538487e+01 	 2.1585873164e-04
4700 	 4807 	 6.5939537089e+01 	 1.5110446581e-04
4800 	 4911 	 6.5939536251e+01 	 8.4546395349e-05
4900 	 5012 	 6.5939535739e+01 	 7.9416761682e-05
5000 	 5113 	 6.5939535113e+01 	 9.6019488068e-05
5100 	 5215 	 6.5939534417e+01 	 7.1048456707e-05
5200 	 5317 	 6.5939534002e+01 	 4.9205177832e-05
5300 	 5423 	 6.5939533684e+01 	 6.5871379171e-05
5400 	 5527 	 6.5939533440e+01 	 5.9687562161e-05
5500 	 5631 	 6.5939533188e+01 	 6.2913015561e-05
5600 	 5731 	 6.5939532969e+01 	 6.1782129090e-05
5700 	 5834 	 6.5939532827e+01 	 4.7071720728e-05
5800 	 5938 	 6.5939532656e+01 	 6.3297748055e-05
5900 	 6039 	 6.5939532393e+01 	 6.4231618925e-05
6000 	 6139 	 6.5939532020e+01 	 9.4282461012e-05
6100 	 6242 	 6.5939531638e+01 	 1.3072983846e-04
6200 	 6345 	 6.5939531267e+01 	 7.0022074295e-05
6300 	 6446 	 6.5939530961e+01 	 4.0286093629e-05
6400 	 6551 	 6.5939530805e+01 	 4.1775899014e-05
6500 	 6653 	 6.5939530703e+01 	 4.0739093850e-05
6600 	 6756 	 6.5939530615e+01 	 2.9158386015e-05
6700 	 6857 	 6.5939530559e+01 	 2.2554889191e-05
6800 	 6959 	 6.5939530515e+01 	 2.3314531803e-05
6900 	 7061 	 6.5939530470e+01 	 4.3573595715e-05
7000 	 7164 	 6.5939530418e+01 	 2.7043470039e-05
7100 	 7267 	 6.5939530350e+01 	 2.3515436506e-05
7200 	 7368 	 6.5939530277e+01 	 3.1230995340e-05
7300 	 7471 	 6.5939530223e+01 	 2.4942633971e-05
7400 	 7575 	 6.5939530180e+01 	 1.8298236592e-05
7500 	 7678 	 6.5939530146e+01 	 2.0656814313e-05
7600 	 7778 	 6.5939530120e+01 	 1.8629699113e-05
7700 	 7883 	 6.5939530096e+01 	 1.7235135995e-05
7800 	 7986 	 6.5939530076e+01 	 1.5677433521e-05
7900 	 8087 	 6.5939530057e+01 	 1.2789946496e-05
8000 	 8189 	 6.5939530038e+01 	 1.8577882464e-05
8100 	 8291 	 6.5939530012e+01 	 1.8499493480e-05
8200 	 8395 	 6.5939529987e+01 	 1.5689308681e-05
8300 	 8498 	 6.5939529962e+01 	 1.4344787349e-05
8400 	 8600 	 6.5939529942e+01 	 1.3765739844e-05
8500 	 8703 	 6.5939529928e+01 	 1.1609235538e-05
8600 	 8805 	 6.5939529917e+01 	 1.5578084601e-05
8700 	 8909 	 6.5939529909e+01 	 8.9473015309e-06
8800 	 9012 	 6.5939529900e+01 	 1.4155415254e-05
8900 	 9114 	 6.5939529890e+01 	 6.7581317223e-06
9000 	 9216 	 6.5939529884e+01 	 1.3171030237e-05
9100 	 9317 	 6.5939529880e+01 	 8.8533496954e-06
9200 	 9419 	 6.5939529874e+01 	 6.7065555981e-06
9300 	 9520 	 6.5939529870e+01 	 7.5112091784e-06
9400 	 9621 	 6.5939529866e+01 	 1.3150923692e-05
9500 	 9723 	 6.5939529861e+01 	 1.5269251767e-05
9600 	 9828 	 6.5939529857e+01 	 1.1857769665e-05
9700 	 9932 	 6.5939529853e+01 	 8.1177122188e-06
9800 	 10035 	 6.5939529848e+01 	 6.4270788715e-06
9900 	 10137 	 6.5939529843e+01 	 1.3178022884e-05
10000 	 10240 	 6.5939529839e+01 	 4.5169213231e-06
10100 	 10343 	 6.5939529836e+01 	 6.4059920341e-06
10200 	 10446 	 6.5939529834e+01 	 5.4229762916e-06
10300 	 10549 	 6.5939529833e+01 	 5.7724069995e-06
10400 	 10649 	 6.5939529831e+01 	 4.9627859646e-06
10500 	 10752 	 6.5939529830e+01 	 3.7934719939e-06
10600 	 10855 	 6.5939529829e+01 	 3.3361797338e-06
10700 	 10958 	 6.5939529829e+01 	 2.7226999506e-06
10800 	 11059 	 6.5939529828e+01 	 2.5321214923e-06
10900 	 11162 	 6.5939529827e+01 	 1.9653159714e-06
11000 	 11266 	 6.5939529827e+01 	 2.6636032608e-06
11100 	 11370 	 6.5939529826e+01 	 1.7784966314e-06
11200 	 11476 	 6.5939529826e+01 	 6.1725377295e-06
11300 	 11579 	 6.5939529826e+01 	 2.1658586354e-06
11400 	 11681 	 6.5939529825e+01 	 2.2806604057e-06
11500 	 11785 	 6.5939529825e+01 	 1.7393814007e-06
11600 	 11888 	 6.5939529825e+01 	 1.5701584662e-06
11700 	 11990 	 6.5939529824e+01 	 2.2991042246e-06
11800 	 12093 	 6.5939529824e+01 	 1.6015125545e-06
11900 	 12198 	 6.5939529824e+01 	 2.0162487744e-06
12000 	 12303 	 6.5939529824e+01 	 1.7482635761e-06
12100 	 12404 	 6.5939529823e+01 	 1.7016186685e-06
12200 	 12504 	 6.5939529823e+01 	 9.0396397058e-07
12300 	 12606 	 6.5939529823e+01 	 2.8512274821e-06
12400 	 12707 	 6.5939529823e+01 	 1.0479520085e-06
12500 	 12808 	 6.5939529823e+01 	 1.0356578392e-06
12600 	 12913 	 6.5939529823e+01 	 5.6812218159e-07
12700 	 13023 	 6.5939529823e+01 	 1.0874593246e-06
12800 	 13129 	 6.5939529823e+01 	 8.1904747856e-07
12900 	 13232 	 6.5939529822e+01 	 8.1055238490e-07
13000 	 13334 	 6.5939529822e+01 	 1.0748936131e-06
13100 	 13443 	 6.5939529822e+01 	 1.0443223840e-06
13200 	 13548 	 6.5939529822e+01 	 1.0499231347e-06
13300 	 13651 	 6.5939529822e+01 	 1.2350791794e-06
13400 	 13754 	 6.5939529822e+01 	 1.1125101972e-06
13500 	 13860 	 6.5939529822e+01 	 7.5706922103e-07
13600 	 13964 	 6.5939529822e+01 	 6.3157081094e-07
13700 	 14072 	 6.5939529822e+01 	 6.7161579538e-07
13800 	 14184 	 6.5939529822e+01 	 9.4437830328e-07
13900 	 14296 	 6.5939529822e+01 	 2.6760193349e-07
14000 	 14411 	 6.5939529822e+01 	 3.3984273566e-07
# ---- 
 1 		 14022 	 14459 		 7.1982644291e+01 	 6.5939529822e+01 	 2.4215425679e-07
# ---- 
100 	 104 	 6.5778063340e+01 	 5.4393570568e-02
200 	 205 	 6.5741549611e+01 	 2.1070616824e-02
300 	 307 	 6.5732549239e+01 	 3.3125581666e-02
400 	 408 	 6.5725145749e+01 	 8.9587443315e-03
500 	 510 	 6.5722607748e+01 	 5.7641854749e-03
600 	 610 	 6.5721362459e+01 	 3.6075830563e-03
700 	 712 	 6.5720762939e+01 	 2.2386969477e-03
800 	 814 	 6.5720521463e+01 	 1.8677193565e-03
900 	 917 	 6.5720357615e+01 	 1.0829117056e-03
1000 	 1018 	 6.5720263573e+01 	 1.0843783782e-03
1100 	 1120 	 6.5720210177e+01 	 8.9494197113e-04
1200 	 1223 	 6.5720179787e+01 	 1.3769450986e-03
1300 	 1325 	 6.5720151523e+01 	 6.5088486483e-04
1400 	 1427 	 6.5720116495e+01 	 7.0853019318e-04
1500 	 1530 	 6.5720085725e+01 	 5.2220834419e-04
1600 	 1631 	 6.5720059382e+01 	 1.4366036522e-03
1700 	 1733 	 6.5720038700e+01 	 4.6691650971e-04
1800 	 1836 	 6.5720027675e+01 	 3.6349396332e-04
1900 	 1938 	 6.5720018474e+01 	 4.4162670802e-04
2000 	 2040 	 6.5720011195e+01 	 2.2082930709e-04
2100 	 2142 	 6.5720000012e+01 	 8.5887580196e-04
2200 	 2245 	 6.5719988903e+01 	 4.6843090663e-04
2300 	 2348 	 6.5719978153e+01 	 6.7563625578e-04
2400 	 2450 	 6.5719969337e+01 	 3.4794784737e-04
2500 	 2551 	 6.5719962277e+01 	 2.2058367388e-04
2600 	 2653 	 6.5719956297e+01 	 5.7271341081e-04
2700 	 2756 	 6.5719950868e+01 	 2.7586319919e-04
2800 	 2860 	 6.5719946249e+01 	 4.0806559921e-04
2900 	 2962 	 6.5719942985e+01 	 2.3521544414e-04
3000 	 3066 	 6.5719940512e+01 	 1.7914255203e-04
3100 	 3167 	 6.5719937502e+01 	 3.8610504942e-04
3200 	 3270 	 6.5719933051e+01 	 2.4213956729e-04
3300 	 3375 	 6.5719929290e+01 	 1.9597562467e-04
3400 	 3475 	 6.5719925932e+01 	 4.2569777290e-04
3500 	 3577 	 6.5719923142e+01 	 2.0549443384e-04
3600 	 3679 	 6.5719919626e+01 	 1.8365922104e-04
3700 	 3781 	 6.5719915865e+01 	 2.7704947060e-04
3800 	 3882 	 6.5719912037e+01 	 2.0604932064e-04
3900 	 3984 	 6.5719908991e+01 	 1.8320141456e-04
4000 	 4085 	 6.5719906763e+01 	 3.0022139167e-04
4100 	 4187 	 6.5719904769e+01 	 1.0198593359e-04
4200 	 4292 	 6.5719903037e+01 	 1.2367022437e-04
4300 	 4393 	 6.5719900395e+01 	 1.5479618818e-04
4400 	 4496 	 6.5719897448e+01 	 1.7921417696e-04
4500 	 4600 	 6.5719894800e+01 	 1.6667668193e-04
4600 	 4702 	 6.5719892617e+01 	 1.5688911000e-04
4700 	 4804 	 6.5719890276e+01 	 1.5709557780e-04
4800 	 4908 	 6.5719888605e+01 	 1.5131406842e-04
4900 	 5009 	 6.5719887125e+01 	 1.1648893178e-04
5000 	 5113 	 6.5719886531e+01 	 6.1476558629e-05
5100 	 5215 	 6.5719886139e+01 	 6.9969890757e-05
5200 	 5318 	 6.5719885737e+01 	 7.1941834045e-05
5300 	 5421 	 6.5719885353e+01 	 6.8702453371e-05
5400 	 5526 	 6.5719884930e+01 	 5.1271599599e-05
5500 	 5626 	 6.5719884594e+01 	 1.2386022593e-04
5600 	 5729 	 6.5719884167e+01 	 1.1064417150e-04
5700 	 5831 	 6.5719883497e+01 	 8.1804312170e-05
5800 	 5931 	 6.5719882860e+01 	 8.4431941046e-05
5900 	 6036 	 6.5719882321e+01 	 7.8785129742e-05
6000 	 6140 	 6.5719881829e+01 	 7.3732227464e-05
6100 	 6243 	 6.5719881458e+01 	 6.1902943112e-05
6200 	 6347 	 6.5719881131e+01 	 7.7585647817e-05
6300 	 6450 	 6.5719880848e+01 	 5.4498195800e-05
6400 	 6555 	 6.5719880565e+01 	 5.9397011647e-05
6500 	 6659 	 6.5719880335e+01 	 3.6977716469e-05
6600 	 6760 	 6.5719880139e+01 	 4.4123004104e-05
6700 	 6861 	 6.5719880001e+01 	 4.3672616785e-05
6800 	 6962 	 6.5719879923e+01 	 5.2904685031e-05
6900 	 7065 	 6.5719879858e+01 	 2.3803407760e-05
7000 	 7167 	 6.5719879809e+01 	 2.1217348436e-05
7100 	 7269 	 6.5719879759e+01 	 3.4066009152e-05
7200 	 7373 	 6.5719879672e+01 	 3.6929392836e-05
7300 	 7475 	 6.5719879549e+01 	 4.1620147593e-05
7400 	 7577 	 6.5719879368e+01 	 6.7003410885e-05
7500 	 7681 	 6.5719879241e+01 	 4.7192589773e-05
7600 	 7783 	 6.5719879094e+01 	 3.4749312014e-05
7700 	 7886 	 6.5719879001e+01 	 3.0705652445e-05
7800 	 7989 	 6.5719878938e+01 	 2.5533775096e-05
7900 	 8093 	 6.5719878889e+01 	 2.6750265852e-05
8000 	 8196 	 6.5719878847e+01 	 2.8199455544e-05
8100 	 8299 	 6.5719878800e+01 	 1.9230707863e-05
8200 	 8400 	 6.5719878752e+01 	 3.0069206953e-05
8300 	 8505 	 6.5719878717e+01 	 1.8321677536e-05
8400 	 8608 	 6.5719878681e+01 	 2.3628732781e-05
8500 	 8710 	 6.5719878646e+01 	 1.7652609642e-05
8600 	 8812 	 6.5719878620e+01 	 2.5056460488e-05
8700 	 8914 	 6.5719878596e+01 	 3.4445663758e-05
8800 	 9015 	 6.5719878572e+01 	 1.0346758079e-05
8900 	 9115 	 6.5719878557e+01 	 1.2141848017e-05
9000 	 9216 	 6.5719878544e+01 	 2.0049116359e-05
9100 	 9317 	 6.5719878534e+01 	 9.2083348804e-06
9200 	 9420 	 6.5719878526e+01 	 9.1270672929e-06
9300 	 9524 	 6.5719878520e+01 	 1.3254040611e-05
9400 	 9625 	 6.5719878516e+01 	 7.4416087610e-06
9500 	 9728 	 6.5719878513e+01 	 1.1585732040e-05
9600 	 9828 	 6.5719878510e+01 	 4.4265674606e-06
9700 	 9930 	 6.5719878507e+01 	 8.4893586033e-06
9800 	 10031 	 6.5719878504e+01 	 5.9944313811e-06
9900 	 10135 	 6.5719878501e+01 	 6.7928379608e-06
10000 	 10242 	 6.5719878499e+01 	 4.1387888633e-06
10100 	 10344 	 6.5719878497e+01 	 4.2575311058e-06
10200 	 10446 	 6.5719878495e+01 	 3.1983020489e-06
10300 	 10550 	 6.5719878494e+01 	 6.9364806708e-06
10400 	 10652 	 6.5719878493e+01 	 1.1222274433e-05
10500 	 10755 	 6.5719878492e+01 	 3.3058732962e-06
10600 	 10858 	 6.5719878491e+01 	 4.2730143937e-06
10700 	 10961 	 6.5719878490e+01 	 3.7924331040e-06
10800 	 11063 	 6.5719878488e+01 	 6.5082859552e-06
10900 	 11166 	 6.5719878487e+01 	 3.0859380466e-06
11000 	 11270 	 6.5719878486e+01 	 3.3024603397e-06
11100 	 11373 	 6.5719878485e+01 	 3.3700457354e-06
11200 	 11474 	 6.5719878484e+01 	 3.8758644537e-06
11300 	 11575 	 6.5719878483e+01 	 4.2863775460e-06
11400 	 11678 	 6.5719878482e+01 	 5.1300882290e-06
11500 	 11779 	 6.5719878481e+01 	 2.7234946246e-06
11600 	 11884 	 6.5719878481e+01 	 2.6670855805e-06
11700 	 11986 	 6.5719878480e+01 	 2.5857287436e-06
11800 	 12089 	 6.5719878480e+01 	 1.8495587057e-06
11900 	 12192 	 6.5719878479e+01 	 1.6626744252e-06
12000 	 12294 	 6.5719878479e+01 	 2.6527157436e-06
12100 	 12396 	 6.5719878479e+01 	 1.5640651180e-06
12200 	 12499 	 6.5719878479e+01 	 1.8909191438e-06
12300 	 12602 	 6.5719878478e+01 	 1.8314736065e-06
12400 	 12707 	 6.5719878478e+01 	 1.0807691658e-06
12500 	 12811 	 6.5719878478e+01 	 6.8720504076e-07
12600 	 12918 	 6.5719878478e+01 	 9.0411955360e-07
12700 	 13024 	 6.5719878478e+01 	 5.3503088574e-07
12800 	 13140 	 6.5719878478e+01 	 1.1044789890e-06
12900 	 13248 	 6.5719878478e+01 	 4.6991750194e-07
13000 	 13359 	 6.5719878478e+01 	 4.0897543245e-07
13100 	 13472 	 6.5719878478e+01 	 5.9842862231e-07
13200 	 13585 	 6.5719878478e+01 	 6.5944531509e-07
13300 	 13699 	 6.5719878478e+01 	 8.0323185560e-07
13400 	 13808 	 6.5719878478e+01 	 4.0419412854e-07
13500 	 13923 	 6.5719878478e+01 	 8.1721656434e-07
13600 	 14037 	 6.5719878478e+01 	 4.9295772479e-07
13700 	 14147 	 6.5719878478e+01 	 9.8274176165e-07
13800 	 14262 	 6.5719878478e+01 	 5.1460757507e-07
# ---- 
 1 		 13839 	 14322 		 7.1659538443e+01 	 6.5719878478e+01 	 5.9536327699e-07
# ---- 
100 	 104 	 6.5580362957e+01 	 4.6515271573e-02
200 	 205 	 6.5544598757e+01 	 1.5167592387e-02
300 	 309 	 6.5536295758e+01 	 1.2097951212e-02
400 	 411 	 6.5529866034e+01 	 1.1085109045e-02
500 	 514 	 6.5526866355e+01 	 1.0294947727e-02
600 	 614 	 6.5525631123e+01 	 6.0384390348e-03
700 	 716 	 6.5524793054e+01 	 2.2268604529e-03
800 	 817 	 6.5524535167e+01 	 1.4778189210e-03
900 	 920 	 6.5524369237e+01 	 1.1292112871e-03
1000 	 1023 	 6.5524284098e+01 	 1.4283372495e-03
1100 	 1126 	 6.5524234943e+01 	 5.9459349565e-04
1200 	 1228 	 6.5524207291e+01 	 6.1569272062e-04
1300 	 1330 	 6.5524186972e+01 	 4.9131652375e-04
1400 	 1431 	 6.5524158046e+01 	 5.7012417461e-04
1500 	 1535 	 6.5524128494e+01 	 5.6786945000e-04
1600 	 1636 	 6.5524105827e+01 	 6.4171183239e-04
1700 	 1740 	 6.5524087681e+01 	 1.5352785841e-03
1800 	 1845 	 6.5524075541e+01 	 3.8862717067e-04
1900 	 1947 	 6.5524065442e+01 	 3.6371003210e-04
2000 	 2049 	 6.5524056480e+01 	 1.1461460652e-03
2100 	 2151 	 6.5524046153e+01 	 3.6583780500e-04
2200 	 2254 	 6.5524036371e+01 	 4.2691763280e-04
2300 	 2355 	 6.5524027679e+01 	 4.2689648559e-04
2400 	 2455 	 6.5524020956e+01 	 6.5768061522e-04
2500 	 2559 	 6.5524014533e+01 	 2.3660844220e-04
2600 	 2660 	 6.5524008631e+01 	 2.7559489631e-04
2700 	 2762 	 6.5524004050e+01 	 2.4196081746e-04
2800 	 2863 	 6.5524001168e+01 	 3.1274621755e-04
2900 	 2965 	 6.5523999329e+01 	 1.8259969568e-04
3000 	 3067 	 6.5523996986e+01 	 1.6815578526e-04
3100 	 3169 	 6.5523992975e+01 	 4.7710820027e-04
3200 	 3272 	 6.5523987444e+01 	 2.3940718643e-04
3300 	 3373 	 6.5523982630e+01 	 3.1881377888e-04
3400 	 3477 	 6.5523978018e+01 	 2.1284509303e-04
3500 	 3577 	 6.5523974147e+01 	 1.7501825184e-04
3600 	 3681 	 6.5523971818e+01 	 1.4971066990e-04
3700 	 3784 	 6.5523969879e+01 	 1.3136000478e-04
3800 	 3887 	 6.5523967775e+01 	 1.7223854136e-04
3900 	 3992 	 6.5523965270e+01 	 1.7655734337e-04
4000 	 4095 	 6.5523962036e+01 	 2.1825263258e-04
4100 	 4196 	 6.5523959066e+01 	 1.6908628880e-04
4200 	 4300 	 6.5523957102e+01 	 1.7797939772e-04
4300 	 4401 	 6.5523954075e+01 	 1.9987978372e-04
4400 	 4504 	 6.5523951024e+01 	 1.4742350901e-04
4500 	 4605 	 6.5523948464e+01 	 3.2415503794e-04
4600 	 4707 	 6.5523946848e+01 	 1.4029239488e-04
4700 	 4807 	 6.5523945482e+01 	 1.5402046648e-04
4800 	 4910 	 6.5523944349e+01 	 1.6686431854e-04
4900 	 5010 	 6.5523943168e+01 	 1.3399511996e-04
5000 	 5112 	 6.5523941896e+01 	 1.8757516424e-04
5100 	 5215 	 6.5523940912e+01 	 1.7101658112e-04
5200 	 5318 	 6.5523940039e+01 	 1.0534275323e-04
5300 	 5420 	 6.5523939330e+01 	 9.1938521039e-05
5400 	 5522 	 6.5523938789e+01 	 7.1419269882e-05
5500 	 5623 	 6.5523938368e+01 	 6.6803299719e-05
5600 	 5725 	 6.5523937980e+01 	 7.0940935087e-05
5700 	 5829 	 6.5523937613e+01 	 1.2951643534e-04
5800 	 5931 	 6.5523937273e+01 	 1.3362464013e-04
5900 	 6032 	 6.5523936857e+01 	 1.1931273140e-04
6000 	 6133 	 6.5523936334e+01 	 1.9689032586e-04
6100 	 6236 	 6.5523935727e+01 	 7.6649006287e-05
6200 	 6337 	 6.5523935187e+01 	 8.8988178164e-05
6300 	 6439 	 6.5523934870e+01 	 5.9582072620e-05
6400 	 6542 	 6.5523934570e+01 	 4.3408487967e-05
6500 	 6644 	 6.5523934320e+01 	 4.6676589038e-05
6600 	 6746 	 6.5523934082e+01 	 3.9129111130e-05
6700 	 6850 	 6.5523933908e+01 	 5.2337606505e-05
6800 	 6953 	 6.5523933789e+01 	 3.2657176712e-05
6900 	 7056 	 6.5523933707e+01 	 3.9111871487e-05
7000 	 7157 	 6.5523933644e+01 	 2.9655199745e-05
7100 	 7262 	 6.5523933592e+01 	 4.0811814873e-05
7200 	 7365 	 6.5523933549e+01 	 2.0082638288e-05
7300 	 7467 	 6.5523933519e+01 	 1.8912857752e-05
7400 	 7569 	 6.5523933488e+01 	 3.0187391612e-05
7500 	 7673 	 6.5523933454e+01 	 1.8865545526e-05
7600 	 7776 	 6.5523933411e+01 	 2.4440096327e-05
7700 	 7881 	 6.5523933366e+01 	 3.5472774896e-05
7800 	 7983 	 6.5523933319e+01 	 7.3382125527e-05
7900 	 8085 	 6.5523933274e+01 	 2.4633018541e-05
8000 	 8186 	 6.5523933230e+01 	 2.0626157487e-05
8100 	 8288 	 6.5523933187e+01 	 2.2646187908e-05
8200 	 8392 	 6.5523933150e+01 	 4.0361918322e-05
8300 	 8495 	 6.5523933108e+01 	 2.0495506751e-05
8400 	 8596 	 6.5523933074e+01 	 2.1057219074e-05
8500 	 8700 	 6.5523933047e+01 	 1.7470777049e-05
8600 	 8804 	 6.5523933029e+01 	 2.6847665176e-05
8700 	 8907 	 6.5523933011e+01 	 1.5215067839e-05
8800 	 9009 	 6.5523932993e+01 	 1.4054020054e-05
8900 	 9110 	 6.5523932979e+01 	 1.0445710902e-05
9000 	 9213 	 6.5523932970e+01 	 2.1874914208e-05
9100 	 9317 	 6.5523932963e+01 	 7.2853804419e-06
9200 	 9423 	 6.5523932957e+01 	 7.5983339453e-06
9300 	 9527 	 6.5523932948e+01 	 8.8980449002e-06
9400 	 9629 	 6.5523932938e+01 	 7.7641235068e-06
9500 	 9731 	 6.5523932930e+01 	 7.7722388141e-06
9600 	 9833 	 6.5523932924e+01 	 8.1919756618e-06
9700 	 9935 	 6.5523932918e+01 	 2.3470536939e-05
9800 	 10039 	 6.5523932914e+01 	 8.9452849829e-06
9900 	 10142 	 6.5523932909e+01 	 8.4222410062e-06
10000 	 10246 	 6.5523932904e+01 	 1.5327065128e-05
10100 	 10350 	 6.5523932899e+01 	 7.1996567705e-06
10200 	 10454 	 6.5523932894e+01 	 7.6032963915e-06
10300 	 10556 	 6.5523932890e+01 	 1.2899366327e-05
10400 	 10660 	 6.5523932887e+01 	 8.9681733022e-06
10500 	 10764 	 6.5523932885e+01 	 4.0069577074e-06
10600 	 10865 	 6.5523932883e+01 	 4.2735456488e-06
10700 	 10970 	 6.5523932881e+01 	 4.1378141365e-06
10800 	 11073 	 6.5523932880e+01 	 5.0206767960e-06
10900 	 11176 	 6.5523932878e+01 	 8.6024832949e-06
11000 	 11280 	 6.5523932876e+01 	 6.1013618807e-06
11100 	 11381 	 6.5523932874e+01 	 3.8864437143e-06
11200 	 11485 	 6.5523932873e+01 	 3.2883208475e-06
11300 	 11589 	 6.5523932872e+01 	 2.9530672707e-06
11400 	 11692 	 6.5523932871e+01 	 4.0332351377e-06
11500 	 11794 	 6.5523932871e+01 	 1.9788570898e-06
11600 	 11896 	 6.5523932870e+01 	 4.2376964717e-06
11700 	 11999 	 6.5523932870e+01 	 2.3263436250e-06
11800 	 12103 	 6.5523932869e+01 	 1.7972467724e-06
11900 	 12206 	 6.5523932869e+01 	 2.0176398183e-06
12000 	 12310 	 6.5523932869e+01 	 1.7647372185e-06
12100 	 12411 	 6.5523932868e+01 	 1.9306301452e-06
12200 	 12515 	 6.5523932868e+01 	 3.0341636334e-06
12300 	 12615 	 6.5523932868e+01 	 4.9366888552e-06
12400 	 12716 	 6.5523932867e+01 	 2.1298649957e-06
12500 	 12818 	 6.5523932867e+01 	 1.7242829191e-06
12600 	 12919 	 6.5523932866e+01 	 1.9482856642e-06
12700 	 13020 	 6.5523932866e+01 	 1.5691238443e-06
12800 	 13123 	 6.5523932866e+01 	 1.3410076515e-06
12900 	 13225 	 6.5523932866e+01 	 1.6661208414e-06
13000 	 13328 	 6.5523932865e+01 	 2.2310956855e-06
13100 	 13432 	 6.5523932865e+01 	 1.2214327937e-06
13200 	 13535 	 6.5523932865e+01 	 1.2913774099e-06
13300 	 13637 	 6.5523932865e+01 	 1.1370282624e-06
13400 	 13742 	 6.5523932865e+01 	 2.4863643346e-06
13500 	 13845 	 6.5523932865e+01 	 9.9402692064e-07
13600 	 13949 	 6.5523932865e+01 	 7.2079250370e-07
13700 	 14056 	 6.5523932865e+01 	 7.6396014374e-07
13800 	 14171 	 6.5523932864e+01 	 6.5156838474e-07
# ---- 
 1 		 13820 	 14215 		 7.1305266363e+01 	 6.5523932864e+01 	 3.5289181529e-07
# ---- 
100 	 104 	 6.5397703954e+01 	 3.9383003720e-02
200 	 208 	 6.5366988418e+01 	 1.9098352832e-02
300 	 309 	 6.5359785094e+01 	 2.3181186587e-02
400 	 411 	 6.5354147061e+01 	 9.8524457902e-03
500 	 514 	 6.5351090303e+01 	 5.6689035657e-03
600 	 617 	 6.5349837401e+01 	 6.0915982011e-03
700 	 720 	 6.5348908305e+01 	 3.1907772783e-03
800 	 824 	 6.5348574671e+01 	 2.2655901499e-03
900 	 927 	 6.5348411562e+01 	 2.9872934942e-03
1000 	 1030 	 6.5348323053e+01 	 1.1761594726e-03
1100 	 1132 	 6.5348272859e+01 	 1.6136785370e-03
1200 	 1234 	 6.5348240360e+01 	 4.2872227721e-04
1300 	 1336 	 6.5348222823e+01 	 5.0889338110e-04
1400 	 1438 	 6.5348205678e+01 	 6.3998747987e-04
1500 	 1542 	 6.5348183876e+01 	 4.2745784959e-04
1600 	 1643 	 6.5348166845e+01 	 5.0332739608e-04
1700 	 1746 	 6.5348146402e+01 	 7.0347474659e-04
1800 	 1849 	 6.5348133331e+01 	 8.5896084443e-04
1900 	 1951 	 6.5348125871e+01 	 2.4366311799e-04
2000 	 2052 	 6.5348116880e+01 	 4.5124107343e-04
2100 	 2157 	 6.5348107395e+01 	 3.9072774050e-04
2200 	 2257 	 6.5348096216e+01 	 3.5916928953e-04
2300 	 2358 	 6.5348088683e+01 	 6.1750314536e-04
2400 	 2460 	 6.5348083285e+01 	 2.6580782555e-04
2500 	 2562 	 6.5348076978e+01 	 1.6920231787e-04
2600 	 2665 	 6.5348072212e+01 	 1.9940045394e-04
2700 	 2766 	 6.5348067975e+01 	 2.2764711175e-04
2800 	 2868 	 6.5348064915e+01 	 1.9476788901e-04
2900 	 2970 	 6.5348061874e+01 	 2.0441144720e-04
3000 	 3072 	 6.5348059070e+01 	 5.3416596448e-04
3100 	 3174 	 6.5348055791e+01 	 2.2885720534e-04
3200 	 3279 	 6.5348052155e+01 	 2.2525923918e-04
3300 	 3385 	 6.5348046721e+01 	 2.4825699590e-04
3400 	 3487 	 6.5348040119e+01 	 2.5085925574e-04
3500 	 3589 	 6.5348034911e+01 	 2.2316846323e-04
3600 	 3692 	 6.5348032328e+01 	 3.4281876561e-04
3700 	 3794 	 6.5348030259e+01 	 5.0839789756e-04
3800 	 3896 	 6.5348028102e+01 	 2.3238199735e-04
3900 	 3999 	 6.5348025192e+01 	 3.3253661405e-04
4000 	 4099 	 6.5348022300e+01 	 3.1960068288e-04
4100 	 4201 	 6.5348018777e+01 	 2.1670437141e-04
4200 	 4304 	 6.5348015683e+01 	 1.9234554382e-04
4300 	 4407 	 6.5348012281e+01 	 2.8542857694e-04
4400 	 4510 	 6.5348009605e+01 	 1.4465978116e-04
4500 	 4613 	 6.5348006800e+01 	 1.5992999860e-04
4600 	 4715 	 6.5348004944e+01 	 1.5863010022e-04
4700 	 4817 	 6.5348003003e+01 	 1.4407389116e-04
4800 	 4917 	 6.5348001726e+01 	 9.3273619963e-05
4900 	 5020 	 6.5348000495e+01 	 1.9338247463e-04
5000 	 5122 	 6.5347999727e+01 	 9.1150592610e-05
5100 	 5224 	 6.5347999137e+01 	 8.3037720207e-05
5200 	 5329 	 6.5347998578e+01 	 9.1906217415e-05
5300 	 5434 	 6.5347998042e+01 	 9.1458258973e-05
5400 	 5536 	 6.5347997528e+01 	 7.3679418611e-05
5500 	 5638 	 6.5347997153e+01 	 6.3599392391e-05
5600 	 5740 	 6.5347996766e+01 	 8.5486646623e-05
5700 	 5842 	 6.5347996423e+01 	 6.9414027622e-05
5800 	 5942 	 6.5347996097e+01 	 1.2531215585e-04
5900 	 6043 	 6.5347995842e+01 	 5.3715648401e-05
6000 	 6146 	 6.5347995587e+01 	 1.0542827985e-04
6100 	 6251 	 6.5347995340e+01 	 5.0439269159e-05
6200 	 6352 	 6.5347995104e+01 	 4.2092751933e-05
6300 	 6453 	 6.5347994817e+01 	 5.4246051444e-05
6400 	 6557 	 6.5347994477e+01 	 9.9266657650e-05
6500 	 6657 	 6.5347994007e+01 	 8.1560025311e-05
6600 	 6757 	 6.5347993607e+01 	 6.5227761235e-05
6700 	 6859 	 6.5347993342e+01 	 5.8437855921e-05
6800 	 6963 	 6.5347993182e+01 	 4.1167404542e-05
6900 	 7066 	 6.5347993037e+01 	 7.7389331792e-05
7000 	 7168 	 6.5347992908e+01 	 6.3458615300e-05
7100 	 7269 	 6.5347992787e+01 	 3.2937947038e-05
7200 	 7371 	 6.5347992675e+01 	 4.7137913099e-05
7300 	 7472 	 6.5347992567e+01 	 3.9359112179e-05
7400 	 7575 	 6.5347992447e+01 	 6.0478471953e-05
7500 	 7678 	 6.5347992360e+01 	 2.6238115464e-05
7600 	 7782 	 6.5347992282e+01 	 4.3491947838e-05
7700 	 7885 	 6.5347992220e+01 	 3.0007643808e-05
7800 	 7988 	 6.5347992164e+01 	 2.1091877057e-05
7900 	 8093 	 6.5347992110e+01 	 2.0234942014e-05
8000 	 8194 	 6.5347992067e+01 	 2.6690720987e-05
8100 	 8297 	 6.5347992019e+01 	 1.9179999293e-05
8200 	 8399 	 6.5347991978e+01 	 2.0385163312e-05
8300 	 8502 	 6.5347991942e+01 	 1.6928558703e-05
8400 	 8605 	 6.5347991908e+01 	 2.2608741891e-05
8500 	 8710 	 6.5347991869e+01 	 2.3149373666e-05
8600 	 8813 	 6.5347991832e+01 	 1.9098170503e-05
8700 	 8915 	 6.5347991784e+01 	 1.9136620444e-05
8800 	 9018 	 6.5347991738e+01 	 3.1488104033e-05
8900 	 9119 	 6.5347991690e+01 	 2.7727671465e-05
9000 	 9221 	 6.5347991656e+01 	 2.0526020225e-05
9100 	 9323 	 6.5347991629e+01 	 2.5093495321e-05
9200 	 9426 	 6.5347991612e+01 	 1.6144849035e-05
9300 	 9529 	 6.5347991598e+01 	 1.2763263810e-05
9400 	 9633 	 6.5347991585e+01 	 7.9776054783e-06
9500 	 9736 	 6.5347991576e+01 	 1.6470164256e-05
9600 	 9840 	 6.5347991567e+01 	 7.9997955870e-06
9700 	 9942 	 6.5347991559e+01 	 7.2719809473e-06
9800 	 10044 	 6.5347991555e+01 	 9.0176966440e-06
9900 	 10148 	 6.5347991551e+01 	 1.1290283486e-05
10000 	 10251 	 6.5347991548e+01 	 5.1103422652e-06
10100 	 10352 	 6.5347991546e+01 	 9.4056771576e-06
10200 	 10454 	 6.5347991544e+01 	 9.9144801582e-06
10300 	 10556 	 6.5347991542e+01 	 9.2688861598e-06
10400 	 10659 	 6.5347991540e+01 	 4.1251752676e-06
10500 	 10761 	 6.5347991539e+01 	 5.0698969350e-06
10600 	 10867 	 6.5347991537e+01 	 5.1735042089e-06
10700 	 10968 	 6.5347991535e+01 	 4.3702075819e-06
10800 	 11069 	 6.5347991533e+01 	 5.6003007328e-06
10900 	 11172 	 6.5347991531e+01 	 5.9491213876e-06
11000 	 11273 	 6.5347991529e+01 	 7.6709895231e-06
11100 	 11374 	 6.5347991528e+01 	 3.1683571080e-06
11200 	 11476 	 6.5347991527e+01 	 2.5638688140e-06
11300 	 11577 	 6.5347991526e+01 	 6.1811625152e-06
11400 	 11681 	 6.5347991525e+01 	 3.1698900864e-06
11500 	 11784 	 6.5347991524e+01 	 3.1511572493e-06
11600 	 11890 	 6.5347991523e+01 	 2.6560387734e-06
11700 	 11992 	 6.5347991522e+01 	 2.0528519513e-06
11800 	 12096 	 6.5347991522e+01 	 2.8986242768e-06
11900 	 12198 	 6.5347991521e+01 	 2.5372892338e-06
12000 	 12301 	 6.5347991521e+01 	 2.2695576200e-06
12100 	 12402 	 6.5347991520e+01 	 4.2099157567e-06
12200 	 12507 	 6.5347991520e+01 	 2.1280062669e-06
12300 	 12609 	 6.5347991520e+01 	 1.7412666151e-06
12400 	 12712 	 6.5347991520e+01 	 1.7489339687e-06
12500 	 12813 	 6.5347991519e+01 	 2.7302190783e-06
12600 	 12914 	 6.5347991519e+01 	 1.6773687377e-06
12700 	 13017 	 6.5347991519e+01 	 2.3700464620e-06
12800 	 13117 	 6.5347991519e+01 	 1.2579077585e-06
12900 	 13220 	 6.5347991519e+01 	 1.5824005553e-06
13000 	 13321 	 6.5347991518e+01 	 1.2977215102e-06
13100 	 13426 	 6.5347991518e+01 	 1.2995793768e-06
13200 	 13532 	 6.5347991518e+01 	 2.2428126151e-06
13300 	 13633 	 6.5347991518e+01 	 1.9982824120e-06
13400 	 13736 	 6.5347991518e+01 	 1.7354693077e-06
13500 	 13839 	 6.5347991518e+01 	 1.0736244447e-06
13600 	 13943 	 6.5347991517e+01 	 1.3839624741e-06
13700 	 14051 	 6.5347991517e+01 	 8.8605502119e-07
13800 	 14156 	 6.5347991517e+01 	 6.6937417217e-07
13900 	 14269 	 6.5347991517e+01 	 6.0548268780e-07
14000 	 14376 	 6.5347991517e+01 	 7.6941497804e-07
14100 	 14488 	 6.5347991517e+01 	 7.7492327002e-07
14200 	 14590 	 6.5347991517e+01 	 7.3156881032e-07
14300 	 14700 	 6.5347991517e+01 	 1.1159966267e-06
14400 	 14814 	 6.5347991517e+01 	 9.5266421775e-07
14500 	 14923 	 6.5347991517e+01 	 1.1517808332e-06
14600 	 15030 	 6.5347991517e+01 	 1.2334143668e-06
14700 	 15134 	 6.5347991517e+01 	 7.8238502005e-07
14800 	 15242 	 6.5347991517e+01 	 5.6125264577e-07
14900 	 15354 	 6.5347991517e+01 	 1.0269640070e-06
15000 	 15461 	 6.5347991517e+01 	 7.3426721654e-07
15100 	 15567 	 6.5347991517e+01 	 5.2257184487e-07
15200 	 15673 	 6.5347991517e+01 	 1.3571446245e-06
15300 	 15782 	 6.5347991517e+01 	 5.1210906468e-07
15400 	 15892 	 6.5347991517e+01 	 3.0779470534e-07
# ---- 
 1 		 15495 	 16031 		 7.0987187965e+01 	 6.5347991517e+01 	 5.8911883307e-07
# ---- 
100 	 102 	 6.5234818018e+01 	 7.4069831075e-02
200 	 203 	 6.5206960950e+01 	 2.7076550995e-02
300 	 304 	 6.5200343022e+01 	 6.9835541293e-03
400 	 405 	 6.5195344318e+01 	 1.0920939637e-02
500 	 506 	 6.5192270964e+01 	 3.8940229404e-03
600 	 608 	 6.5191082721e+01 	 6.4475610289e-03
700 	 709 	 6.5189987881e+01 	 4.6607100211e-03
800 	 811 	 6.5189608685e+01 	 3.0143309310e-03
900 	 913 	 6.5189450534e+01 	 4.3021025665e-03
1000 	 1018 	 6.5189358710e+01 	 1.4812768610e-03
1100 	 1120 	 6.5189314019e+01 	 7.8156789142e-04
1200 	 1222 	 6.5189284268e+01 	 5.5722281038e-04
1300 	 1323 	 6.5189267478e+01 	 3.5933812561e-04
1400 	 1425 	 6.5189253427e+01 	 5.4997110947e-04
1500 	 1527 	 6.5189236236e+01 	 4.3382484549e-04
1600 	 1629 	 6.5189219773e+01 	 4.8692650586e-04
1700 	 1730 	 6.5189203713e+01 	 5.4132257904e-04
1800 	 1831 	 6.5189190123e+01 	 3.6288939233e-04
1900 	 1932 	 6.5189181796e+01 	 3.2953646004e-04
2000 	 2033 	 6.5189172214e+01 	 2.9369638898e-04
2100 	 2135 	 6.5189161784e+01 	 8.8239941736e-04
2200 	 2237 	 6.5189153515e+01 	 3.5198788395e-04
2300 	 2338 	 6.5189147337e+01 	 3.1432681721e-04
2400 	 2443 	 6.5189142776e+01 	 1.9831506920e-04
2500 	 2545 	 6.5189138230e+01 	 2.6779124039e-04
2600 	 2646 	 6.5189133858e+01 	 6.1208962485e-04
2700 	 2747 	 6.5189130616e+01 	 4.1801160441e-04
2800 	 2850 	 6.5189127711e+01 	 1.5162990346e-04
2900 	 2951 	 6.5189125115e+01 	 1.4580920932e-04
3000 	 3054 	 6.5189122619e+01 	 3.0791566509e-04
3100 	 3156 	 6.5189120195e+01 	 1.7754989607e-04
3200 	 3258 	 6.5189117226e+01 	 2.6451278040e-04
3300 	 3360 	 6.5189113001e+01 	 3.5697692216e-04
3400 	 3460 	 6.5189108399e+01 	 3.5458286782e-04
3500 	 3563 	 6.5189103616e+01 	 3.1278611820e-04
3600 	 3666 	 6.5189100170e+01 	 3.6334420789e-04
3700 	 3767 	 6.5189097052e+01 	 3.6648562436e-04
3800 	 3869 	 6.5189093747e+01 	 2.2821089689e-04
3900 	 3972 	 6.5189091156e+01 	 1.8359423800e-04
4000 	 4075 	 6.5189088535e+01 	 1.9592850647e-04
4100 	 4179 	 6.5189086058e+01 	 2.0313856111e-04
4200 	 4279 	 6.5189083888e+01 	 5.1559711074e-04
4300 	 4380 	 6.5189081294e+01 	 2.4565001687e-04
4400 	 4482 	 6.5189078929e+01 	 1.8842150288e-04
4500 	 4585 	 6.5189076918e+01 	 2.0630517474e-04
4600 	 4687 	 6.5189075254e+01 	 1.0715181696e-04
4700 	 4792 	 6.5189073548e+01 	 1.4601865894e-04
4800 	 4894 	 6.5189071323e+01 	 3.0157239099e-04
4900 	 4995 	 6.5189069687e+01 	 1.3940494102e-04
5000 	 5098 	 6.5189068222e+01 	 1.7899864399e-04
5100 	 5201 	 6.5189067174e+01 	 1.0879268049e-04
5200 	 5304 	 6.5189066252e+01 	 1.0158615285e-04
5300 	 5406 	 6.5189065513e+01 	 1.6844218208e-04
5400 	 5508 	 6.5189064915e+01 	 1.2753463626e-04
5500 	 5610 	 6.5189064262e+01 	 8.1311352204e-05
5600 	 5711 	 6.5189063626e+01 	 9.1428962271e-05
5700 	 5815 	 6.5189062941e+01 	 1.6102550723e-04
5800 	 5917 	 6.5189062224e+01 	 1.6521006640e-04
5900 	 6018 	 6.5189061257e+01 	 9.8737830848e-05
6000 	 6119 	 6.5189060287e+01 	 1.5227825087e-04
6100 	 6220 	 6.5189059249e+01 	 1.0197173569e-04
6200 	 6323 	 6.5189058238e+01 	 8.4317933288e-05
6300 	 6423 	 6.5189057572e+01 	 9.2249368185e-05
6400 	 6526 	 6.5189057082e+01 	 6.5917953805e-05
6500 	 6628 	 6.5189056763e+01 	 1.0273824224e-04
6600 	 6731 	 6.5189056560e+01 	 3.9291690521e-05
6700 	 6835 	 6.5189056349e+01 	 4.7702006642e-05
6800 	 6935 	 6.5189056165e+01 	 4.7454246568e-05
6900 	 7038 	 6.5189055975e+01 	 5.2656240608e-05
7000 	 7142 	 6.5189055855e+01 	 3.8342790733e-05
7100 	 7244 	 6.5189055768e+01 	 2.4419040759e-05
7200 	 7346 	 6.5189055686e+01 	 3.1873378564e-05
7300 	 7449 	 6.5189055606e+01 	 2.6675250650e-05
7400 	 7551 	 6.5189055532e+01 	 4.1182362453e-05
7500 	 7653 	 6.5189055470e+01 	 3.0855676047e-05
7600 	 7757 	 6.5189055415e+01 	 2.2229830893e-05
7700 	 7860 	 6.5189055370e+01 	 5.8448354395e-05
7800 	 7963 	 6.5189055318e+01 	 4.1355954633e-05
7900 	 8066 	 6.5189055273e+01 	 2.0331072238e-05
8000 	 8170 	 6.5189055230e+01 	 3.4111409028e-05
8100 	 8272 	 6.5189055188e+01 	 1.5768811302e-05
8200 	 8374 	 6.5189055149e+01 	 2.1799873530e-05
8300 	 8477 	 6.5189055112e+01 	 1.8729209033e-05
8400 	 8579 	 6.5189055084e+01 	 2.1731518997e-05
8500 	 8682 	 6.5189055049e+01 	 2.1468302634e-05
8600 	 8786 	 6.5189055015e+01 	 2.4247248747e-05
8700 	 8888 	 6.5189054969e+01 	 2.5830984261e-05
8800 	 8991 	 6.5189054936e+01 	 2.5248887021e-05
8900 	 9094 	 6.5189054913e+01 	 1.5490592280e-05
9000 	 9197 	 6.5189054884e+01 	 2.2808507361e-05
9100 	 9300 	 6.5189054848e+01 	 2.8642974594e-05
9200 	 9400 	 6.5189054819e+01 	 1.7108936605e-05
9300 	 9505 	 6.5189054790e+01 	 1.4841247762e-05
9400 	 9607 	 6.5189054766e+01 	 1.6591786463e-05
9500 	 9710 	 6.5189054747e+01 	 3.3156074408e-05
9600 	 9813 	 6.5189054733e+01 	 3.1447376890e-05
9700 	 9916 	 6.5189054724e+01 	 8.1368745433e-06
9800 	 10018 	 6.5189054719e+01 	 2.6831094177e-05
9900 	 10120 	 6.5189054714e+01 	 1.8860953235e-05
10000 	 10223 	 6.5189054708e+01 	 1.0510488511e-05
10100 	 10326 	 6.5189054702e+01 	 7.0387074734e-06
10200 	 10426 	 6.5189054695e+01 	 2.5748013231e-05
10300 	 10528 	 6.5189054685e+01 	 2.0324398102e-05
10400 	 10630 	 6.5189054674e+01 	 1.7509681888e-05
10500 	 10730 	 6.5189054666e+01 	 8.7758845698e-06
10600 	 10834 	 6.5189054661e+01 	 5.7848449332e-06
10700 	 10936 	 6.5189054657e+01 	 6.4816909320e-06
10800 	 11039 	 6.5189054654e+01 	 5.8205584495e-06
10900 	 11143 	 6.5189054651e+01 	 1.1536802637e-05
11000 	 11243 	 6.5189054647e+01 	 5.8682357589e-06
11100 	 11347 	 6.5189054642e+01 	 7.7312739444e-06
11200 	 11450 	 6.5189054638e+01 	 1.0193140362e-05
11300 	 11550 	 6.5189054635e+01 	 5.2486842545e-06
11400 	 11652 	 6.5189054632e+01 	 5.2495461768e-06
11500 	 11754 	 6.5189054631e+01 	 7.4288099833e-06
11600 	 11858 	 6.5189054629e+01 	 4.9367027141e-06
11700 	 11961 	 6.5189054628e+01 	 6.9655948250e-06
11800 	 12064 	 6.5189054627e+01 	 2.7838859929e-06
11900 	 12166 	 6.5189054626e+01 	 3.6411587733e-06
12000 	 12270 	 6.5189054625e+01 	 3.4012388045e-06
12100 	 12372 	 6.5189054624e+01 	 4.0491014353e-06
12200 	 12476 	 6.5189054623e+01 	 2.9263869709e-06
12300 	 12578 	 6.5189054622e+01 	 4.0469738330e-06
12400 	 12680 	 6.5189054622e+01 	 2.3999114088e-06
12500 	 12783 	 6.5189054621e+01 	 3.9618934310e-06
12600 	 12886 	 6.5189054621e+01 	 3.7395167840e-06
12700 	 12989 	 6.5189054621e+01 	 1.7191311720e-06
12800 	 13091 	 6.5189054620e+01 	 2.4751213476e-06
12900 	 13194 	 6.5189054620e+01 	 2.6337009612e-06
13000 	 13297 	 6.5189054619e+01 	 2.3564749357e-06
13100 	 13397 	 6.5189054619e+01 	 1.9747009269e-06
13200 	 13500 	 6.5189054619e+01 	 2.3253536999e-06
13300 	 13603 	 6.5189054618e+01 	 4.9594360799e-06
13400 	 13708 	 6.5189054618e+01 	 2.6173404714e-06
13500 	 13810 	 6.5189054618e+01 	 1.8165700544e-06
13600 	 13915 	 6.5189054618e+01 	 2.0004423749e-06
13700 	 14019 	 6.5189054617e+01 	 3.3807198233e-06
13800 	 14122 	 6.5189054617e+01 	 3.7984982373e-06
13900 	 14225 	 6.5189054617e+01 	 4.4724485996e-06
14000 	 14328 	 6.5189054617e+01 	 2.7124656015e-06
14100 	 14431 	 6.5189054617e+01 	 1.2307343522e-06
14200 	 14535 	 6.5189054616e+01 	 2.3192011612e-06
14300 	 14639 	 6.5189054616e+01 	 1.2556074536e-06
14400 	 14742 	 6.5189054616e+01 	 1.1075046857e-06
14500 	 14843 	 6.5189054616e+01 	 1.0843679176e-06
14600 	 14947 	 6.5189054616e+01 	 8.6280300527e-07
14700 	 15050 	 6.5189054616e+01 	 7.1442497231e-07
14800 	 15154 	 6.5189054616e+01 	 1.1347616948e-06
14900 	 15261 	 6.5189054616e+01 	 4.3003433354e-07
15000 	 15366 	 6.5189054616e+01 	 1.3380525011e-06
15100 	 15473 	 6.5189054616e+01 	 7.0212147136e-07
15200 	 15576 	 6.5189054616e+01 	 8.2270014320e-07
15300 	 15689 	 6.5189054616e+01 	 6.3254670884e-07
15400 	 15799 	 6.5189054616e+01 	 7.8872218181e-07
# ---- 
 1 		 15416 	 15840 		 7.0805525923e+01 	 6.5189054616e+01 	 3.5808273146e-07
# ---- 
100 	 102 	 6.5087661676e+01 	 3.9643207605e-02
200 	 203 	 6.5061479609e+01 	 1.4946998828e-02
300 	 304 	 6.5055352828e+01 	 7.5778826541e-03
400 	 406 	 6.5051067983e+01 	 2.0768492596e-02
500 	 509 	 6.5048067595e+01 	 6.7346704213e-03
600 	 613 	 6.5046861644e+01 	 4.3170053686e-03
700 	 716 	 6.5045763788e+01 	 2.8862852103e-03
800 	 818 	 6.5045300775e+01 	 2.3717165153e-03
900 	 920 	 6.5045117784e+01 	 1.4674217998e-03
1000 	 1022 	 6.5045006785e+01 	 2.1664687531e-03
1100 	 1124 	 6.5044961228e+01 	 1.8993106040e-03
1200 	 1225 	 6.5044926385e+01 	 7.5351422720e-04
1300 	 1328 	 6.5044905329e+01 	 4.3869258509e-04
1400 	 1432 	 6.5044889879e+01 	 3.9858715628e-04
1500 	 1534 	 6.5044875981e+01 	 4.3607530215e-04
1600 	 1638 	 6.5044865591e+01 	 4.2496322266e-04
1700 	 1742 	 6.5044853331e+01 	 3.8027953845e-04
1800 	 1843 	 6.5044840792e+01 	 4.5707310500e-04
1900 	 1945 	 6.5044831056e+01 	 7.2152060877e-04
2000 	 2047 	 6.5044818888e+01 	 3.1887734691e-04
2100 	 2152 	 6.5044807477e+01 	 2.9836107851e-04
2200 	 2255 	 6.5044797436e+01 	 3.0794498944e-04
2300 	 2358 	 6.5044791897e+01 	 2.2597266017e-04
2400 	 2460 	 6.5044788090e+01 	 2.0750489751e-04
2500 	 2562 	 6.5044785172e+01 	 4.1248296240e-04
2600 	 2665 	 6.5044782211e+01 	 1.8829151400e-04
2700 	 2768 	 6.5044779392e+01 	 1.9339550052e-04
2800 	 2870 	 6.5044777041e+01 	 1.7640328389e-04
2900 	 2972 	 6.5044774550e+01 	 2.2208309601e-04
3000 	 3073 	 6.5044772175e+01 	 1.4654310611e-04
3100 	 3176 	 6.5044769447e+01 	 3.2859529170e-04
3200 	 3278 	 6.5044765400e+01 	 2.2801991082e-04
3300 	 3382 	 6.5044761047e+01 	 2.4420171898e-04
3400 	 3485 	 6.5044757126e+01 	 6.4762899973e-04
3500 	 3586 	 6.5044752713e+01 	 2.4760934918e-04
3600 	 3690 	 6.5044749058e+01 	 4.7766056876e-04
3700 	 3793 	 6.5044745461e+01 	 2.2976052853e-04
3800 	 3893 	 6.5044742418e+01 	 2.0804728238e-04
3900 	 3997 	 6.5044739397e+01 	 1.9400787095e-04
4000 	 4098 	 6.5044736358e+01 	 1.3816369662e-04
4100 	 4199 	 6.5044733608e+01 	 3.5013881588e-04
4200 	 4300 	 6.5044731343e+01 	 1.7450891113e-04
4300 	 4404 	 6.5044729162e+01 	 1.3451453837e-04
4400 	 4505 	 6.5044727410e+01 	 1.2778602219e-04
4500 	 4608 	 6.5044725866e+01 	 1.3942647399e-04
4600 	 4708 	 6.5044723930e+01 	 1.5001598285e-04
4700 	 4812 	 6.5044722582e+01 	 8.9607610570e-05
4800 	 4914 	 6.5044721781e+01 	 1.2848888478e-04
4900 	 5016 	 6.5044721039e+01 	 1.5327691596e-04
5000 	 5116 	 6.5044720056e+01 	 1.2245776520e-04
5100 	 5218 	 6.5044718795e+01 	 1.1185558357e-04
5200 	 5320 	 6.5044718071e+01 	 9.8183300568e-05
5300 	 5423 	 6.5044717565e+01 	 1.0667977215e-04
5400 	 5525 	 6.5044717205e+01 	 7.3663869300e-05
5500 	 5628 	 6.5044716815e+01 	 1.1092919422e-04
5600 	 5731 	 6.5044716539e+01 	 6.2897979381e-05
5700 	 5834 	 6.5044716082e+01 	 7.6407923496e-05
5800 	 5938 	 6.5044715408e+01 	 1.4247839306e-04
5900 	 6039 	 6.5044714522e+01 	 1.0427829290e-04
6000 	 6139 	 6.5044713444e+01 	 2.6961069415e-04
6100 	 6240 	 6.5044712444e+01 	 2.1983079072e-04
6200 	 6341 	 6.5044711753e+01 	 8.6982455966e-05
6300 	 6444 	 6.5044711049e+01 	 1.2875091082e-04
6400 	 6546 	 6.5044710400e+01 	 1.3811312678e-04
6500 	 6647 	 6.5044709885e+01 	 1.1892157256e-04
6600 	 6748 	 6.5044709429e+01 	 8.2122361551e-05
6700 	 6852 	 6.5044709000e+01 	 6.7270833389e-05
6800 	 6955 	 6.5044708663e+01 	 9.6137808645e-05
6900 	 7057 	 6.5044708332e+01 	 6.1077387915e-05
7000 	 7160 	 6.5044707876e+01 	 8.9790985321e-05
7100 	 7262 	 6.5044707424e+01 	 7.5633619901e-05
7200 	 7366 	 6.5044707052e+01 	 8.1311936809e-05
7300 	 7468 	 6.5044706723e+01 	 1.4223217249e-04
7400 	 7572 	 6.5044706420e+01 	 6.0333727892e-05
7500 	 7674 	 6.5044706158e+01 	 5.3584330534e-05
7600 	 7776 	 6.5044705980e+01 	 3.1831374291e-05
7700 	 7881 	 6.5044705890e+01 	 3.7240601036e-05
7800 	 7983 	 6.5044705815e+01 	 2.9773849242e-05
7900 	 8084 	 6.5044705739e+01 	 3.3972283025e-05
8000 	 8185 	 6.5044705639e+01 	 4.4390676160e-05
8100 	 8285 	 6.5044705525e+01 	 3.9023033494e-05
8200 	 8390 	 6.5044705404e+01 	 3.1065360896e-05
8300 	 8492 	 6.5044705297e+01 	 3.9605868786e-05
8400 	 8594 	 6.5044705199e+01 	 3.5018306445e-05
8500 	 8695 	 6.5044705116e+01 	 2.6270538543e-05
8600 	 8796 	 6.5044705025e+01 	 3.2609269305e-05
8700 	 8900 	 6.5044704913e+01 	 3.7330629341e-05
8800 	 9000 	 6.5044704768e+01 	 3.3470544463e-05
8900 	 9102 	 6.5044704645e+01 	 4.2964828291e-05
9000 	 9204 	 6.5044704540e+01 	 5.0395270291e-05
9100 	 9308 	 6.5044704483e+01 	 1.7548928832e-05
9200 	 9410 	 6.5044704445e+01 	 2.1581603270e-05
9300 	 9511 	 6.5044704416e+01 	 1.7134378282e-05
9400 	 9615 	 6.5044704392e+01 	 1.4385967607e-05
9500 	 9716 	 6.5044704367e+01 	 3.7741382264e-05
9600 	 9822 	 6.5044704345e+01 	 1.6931237409e-05
9700 	 9924 	 6.5044704324e+01 	 1.5724116803e-05
9800 	 10026 	 6.5044704307e+01 	 1.9551144613e-05
9900 	 10127 	 6.5044704290e+01 	 1.2746355977e-05
10000 	 10229 	 6.5044704276e+01 	 1.4315083566e-05
10100 	 10331 	 6.5044704260e+01 	 1.3829839404e-05
10200 	 10436 	 6.5044704247e+01 	 1.7240543381e-05
10300 	 10540 	 6.5044704235e+01 	 2.4136565279e-05
10400 	 10640 	 6.5044704217e+01 	 1.8270716775e-05
10500 	 10743 	 6.5044704192e+01 	 2.6053344228e-05
10600 	 10846 	 6.5044704163e+01 	 1.5480799729e-05
10700 	 10948 	 6.5044704133e+01 	 3.0985414760e-05
10800 	 11049 	 6.5044704110e+01 	 1.1465217133e-05
10900 	 11152 	 6.5044704095e+01 	 1.8133291036e-05
11000 	 11255 	 6.5044704084e+01 	 1.4736498047e-05
11100 	 11359 	 6.5044704078e+01 	 8.5459960359e-06
11200 	 11461 	 6.5044704070e+01 	 8.5717891293e-06
11300 	 11564 	 6.5044704063e+01 	 1.1176249794e-05
11400 	 11667 	 6.5044704056e+01 	 6.2368262928e-06
11500 	 11770 	 6.5044704051e+01 	 7.3750337016e-06
11600 	 11871 	 6.5044704046e+01 	 5.6983151665e-06
11700 	 11974 	 6.5044704042e+01 	 8.1343983531e-06
11800 	 12078 	 6.5044704037e+01 	 9.5656130342e-06
11900 	 12181 	 6.5044704034e+01 	 6.1244279468e-06
12000 	 12283 	 6.5044704031e+01 	 5.7562972045e-06
12100 	 12389 	 6.5044704028e+01 	 4.0474818451e-06
12200 	 12491 	 6.5044704027e+01 	 4.6395597023e-06
12300 	 12592 	 6.5044704025e+01 	 3.5317826712e-06
12400 	 12696 	 6.5044704024e+01 	 3.4420913673e-06
12500 	 12798 	 6.5044704023e+01 	 2.3958653039e-06
12600 	 12899 	 6.5044704023e+01 	 2.3407278545e-06
12700 	 13003 	 6.5044704023e+01 	 2.3025476789e-06
12800 	 13106 	 6.5044704022e+01 	 2.5269628715e-06
12900 	 13207 	 6.5044704022e+01 	 4.4798189884e-06
13000 	 13311 	 6.5044704021e+01 	 3.4625550189e-06
13100 	 13415 	 6.5044704021e+01 	 1.7681672996e-06
13200 	 13518 	 6.5044704020e+01 	 1.7544926601e-06
13300 	 13623 	 6.5044704020e+01 	 1.9708785257e-06
13400 	 13726 	 6.5044704020e+01 	 2.2974653272e-06
13500 	 13827 	 6.5044704019e+01 	 1.9900214294e-06
13600 	 13931 	 6.5044704019e+01 	 2.2975576693e-06
13700 	 14031 	 6.5044704018e+01 	 1.9794500067e-06
13800 	 14133 	 6.5044704018e+01 	 4.0645733539e-06
13900 	 14234 	 6.5044704017e+01 	 2.7454318981e-06
14000 	 14337 	 6.5044704017e+01 	 3.1283541184e-06
14100 	 14439 	 6.5044704016e+01 	 3.5840213997e-06
14200 	 14542 	 6.5044704016e+01 	 1.5539752531e-06
14300 	 14646 	 6.5044704016e+01 	 2.5447868090e-06
14400 	 14749 	 6.5044704015e+01 	 2.0967380340e-06
14500 	 14852 	 6.5044704015e+01 	 1.2294416241e-06
14600 	 14953 	 6.5044704015e+01 	 2.5579845692e-06
14700 	 15057 	 6.5044704015e+01 	 1.9591952118e-06
14800 	 15160 	 6.5044704015e+01 	 1.6684141536e-06
14900 	 15262 	 6.5044704015e+01 	 2.6012175588e-06
15000 	 15367 	 6.5044704014e+01 	 1.2159256427e-06
15100 	 15469 	 6.5044704014e+01 	 2.2515192417e-06
15200 	 15574 	 6.5044704014e+01 	 1.6555002921e-06
15300 	 15677 	 6.5044704014e+01 	 1.2379431553e-06
15400 	 15782 	 6.5044704014e+01 	 7.4222689775e-07
15500 	 15889 	 6.5044704014e+01 	 1.3223279409e-06
15600 	 15996 	 6.5044704014e+01 	 5.2812835835e-07
15700 	 16106 	 6.5044704014e+01 	 4.3817158391e-07
15800 	 16214 	 6.5044704014e+01 	 5.9439479988e-07
15900 	 16320 	 6.5044704014e+01 	 1.3410087669e-06
16000 	 16433 	 6.5044704014e+01 	 1.0986198242e-06
16100 	 16547 	 6.5044704014e+01 	 1.7305409161e-06
16200 	 16664 	 6.5044704014e+01 	 4.7889081194e-07
16300 	 16783 	 6.5044704014e+01 	 8.5250459329e-07
16400 	 16885 	 6.5044704014e+01 	 8.7779992242e-07
16500 	 16990 	 6.5044704014e+01 	 7.2018785047e-07
16600 	 17095 	 6.5044704014e+01 	 1.1438355986e-06
16700 	 17202 	 6.5044704014e+01 	 9.8939766954e-07
16800 	 17304 	 6.5044704013e+01 	 1.1416294065e-06
16900 	 17413 	 6.5044704013e+01 	 1.2844816975e-06
17000 	 17523 	 6.5044704013e+01 	 8.2088508067e-07
17100 	 17628 	 6.5044704013e+01 	 6.7942648853e-07
17200 	 17737 	 6.5044704013e+01 	 6.4769146932e-07
17300 	 17849 	 6.5044704013e+01 	 4.7263358274e-07
17400 	 17961 	 6.5044704013e+01 	 7.7565586791e-07
17500 	 18077 	 6.5044704013e+01 	 2.8501642085e-07
17600 	 18208 	 6.5044704013e+01 	 1.6199514780e-07
# ---- 
 1 		 17601 	 18225 		 7.0541091956e+01 	 6.5044704013e+01 	 1.6197234845e-07
# ---- 
100 	 102 	 6.4955717518e+01 	 4.2218205759e-02
200 	 203 	 6.4929052477e+01 	 2.4128397483e-02
300 	 305 	 6.4923195468e+01 	 7.8947108409e-03
400 	 406 	 6.4919479670e+01 	 1.3507037739e-02
500 	 509 	 6.4916367893e+01 	 6.7347164434e-03
600 	 609 	 6.4915255158e+01 	 4.2029657677e-03
700 	 711 	 6.4914195311e+01 	 3.8836369606e-03
800 	 814 	 6.4913621480e+01 	 2.7747998272e-03
900 	 917 	 6.4913413570e+01 	 2.9914336991e-03
1000 	 1019 	 6.4913275723e+01 	 9.9827915035e-04
1100 	 1120 	 6.4913229307e+01 	 9.7880052660e-04
1200 	 1223 	 6.4913195302e+01 	 5.9169561296e-04
1300 	 1327 	 6.4913177883e+01 	 8.1326262362e-04
1400 	 1430 	 6.4913165288e+01 	 4.9038073323e-04
1500 	 1532 	 6.4913151246e+01 	 4.2684158866e-04
1600 	 1634 	 6.4913141094e+01 	 7.6440877906e-04
1700 	 1735 	 6.4913131108e+01 	 5.0195627252e-04
1800 	 1837 	 6.4913120199e+01 	 3.5050266038e-04
1900 	 1941 	 6.4913110463e+01 	 3.1089302866e-04
2000 	 2046 	 6.4913102020e+01 	 7.2621117200e-04
2100 	 2148 	 6.4913093894e+01 	 3.4545469303e-04
2200 	 2249 	 6.4913084518e+01 	 7.2606350137e-04
2300 	 2351 	 6.4913076518e+01 	 3.9519299600e-04
2400 	 2454 	 6.4913071647e+01 	 4.2764123757e-04
2500 	 2555 	 6.4913069077e+01 	 3.0022396862e-04
2600 	 2658 	 6.4913067333e+01 	 2.8181134839e-04
2700 	 2758 	 6.4913065464e+01 	 3.0655877026e-04
2800 	 2862 	 6.4913063460e+01 	 1.6203133635e-04
2900 	 2966 	 6.4913060149e+01 	 1.8736231525e-04
3000 	 3068 	 6.4913056847e+01 	 1.4603166906e-04
3100 	 3169 	 6.4913053400e+01 	 3.6908220961e-04
3200 	 3272 	 6.4913050059e+01 	 2.8151366076e-04
3300 	 3373 	 6.4913046372e+01 	 4.8141315423e-04
3400 	 3476 	 6.4913042756e+01 	 2.7024259049e-04
3500 	 3578 	 6.4913039078e+01 	 2.0278340760e-04
3600 	 3682 	 6.4913033344e+01 	 3.2285564586e-04
3700 	 3784 	 6.4913027388e+01 	 4.2070754270e-04
3800 	 3885 	 6.4913022548e+01 	 3.0798269098e-04
3900 	 3989 	 6.4913017696e+01 	 3.9028730802e-04
4000 	 4091 	 6.4913013781e+01 	 2.1977024575e-04
4100 	 4195 	 6.4913011078e+01 	 2.1852052583e-04
4200 	 4297 	 6.4913008570e+01 	 1.2357232557e-04
4300 	 4401 	 6.4913006646e+01 	 1.3632129581e-04
4400 	 4504 	 6.4913005004e+01 	 1.3224916964e-04
4500 	 4606 	 6.4913003732e+01 	 2.7540113358e-04
4600 	 4706 	 6.4913002515e+01 	 1.8140511261e-04
4700 	 4808 	 6.4913001499e+01 	 1.2280802354e-04
4800 	 4910 	 6.4913000616e+01 	 9.2385236657e-05
4900 	 5013 	 6.4912999501e+01 	 1.0102728330e-04
5000 	 5116 	 6.4912998267e+01 	 2.3006380142e-04
5100 	 5219 	 6.4912997348e+01 	 8.9148438795e-05
5200 	 5323 	 6.4912996363e+01 	 1.1630245945e-04
5300 	 5426 	 6.4912995612e+01 	 1.7466945025e-04
5400 	 5530 	 6.4912994986e+01 	 8.6537368227e-05
5500 	 5632 	 6.4912994470e+01 	 2.0910080727e-04
5600 	 5734 	 6.4912994123e+01 	 7.9293867056e-05
5700 	 5836 	 6.4912993878e+01 	 4.3766811467e-05
5800 	 5938 	 6.4912993609e+01 	 4.9159322395e-05
5900 	 6040 	 6.4912993263e+01 	 5.6674845170e-05
6000 	 6143 	 6.4912992906e+01 	 1.0279858992e-04
6100 	 6245 	 6.4912992503e+01 	 5.1699274978e-05
6200 	 6350 	 6.4912992134e+01 	 1.0368079682e-04
6300 	 6452 	 6.4912991885e+01 	 4.8404488943e-05
6400 	 6553 	 6.4912991692e+01 	 5.1908627023e-05
6500 	 6656 	 6.4912991543e+01 	 4.2924463598e-05
6600 	 6758 	 6.4912991416e+01 	 4.1328166912e-05
6700 	 6860 	 6.4912991283e+01 	 3.8232663020e-05
6800 	 6963 	 6.4912991198e+01 	 2.8737037570e-05
6900 	 7064 	 6.4912991102e+01 	 4.9159393738e-05
7000 	 7165 	 6.4912990944e+01 	 5.9972539368e-05
7100 	 7267 	 6.4912990819e+01 	 5.1258283006e-05
7200 	 7370 	 6.4912990701e+01 	 2.8423603315e-05
7300 	 7472 	 6.4912990602e+01 	 3.3902277621e-05
7400 	 7575 	 6.4912990504e+01 	 3.4525956669e-05
7500 	 7680 	 6.4912990377e+01 	 6.9112857367e-05
7600 	 7783 	 6.4912990263e+01 	 6.3420702292e-05
7700 	 7887 	 6.4912990186e+01 	 3.7320598848e-05
7800 	 7990 	 6.4912990119e+01 	 2.7202966346e-05
7900 	 8093 	 6.4912990039e+01 	 3.4513479562e-05
8000 	 8196 	 6.4912989949e+01 	 3.5223120604e-05
8100 	 8298 	 6.4912989873e+01 	 2.7235237401e-05
8200 	 8402 	 6.4912989789e+01 	 3.3756531979e-05
8300 	 8503 	 6.4912989719e+01 	 3.9352966878e-05
8400 	 8606 	 6.4912989655e+01 	 2.9867384847e-05
8500 	 8710 	 6.4912989590e+01 	 2.5264095899e-05
8600 	 8815 	 6.4912989537e+01 	 2.1291455213e-05
8700 	 8916 	 6.4912989493e+01 	 5.9753895629e-05
8800 	 9020 	 6.4912989450e+01 	 4.4919201778e-05
8900 	 9123 	 6.4912989390e+01 	 2.3306359780e-05
9000 	 9225 	 6.4912989323e+01 	 2.1833486812e-05
9100 	 9327 	 6.4912989256e+01 	 3.3652172224e-05
9200 	 9431 	 6.4912989212e+01 	 1.9393796806e-05
9300 	 9534 	 6.4912989182e+01 	 1.7578959618e-05
9400 	 9635 	 6.4912989152e+01 	 1.9325790701e-05
9500 	 9737 	 6.4912989119e+01 	 4.9346143122e-05
9600 	 9841 	 6.4912989090e+01 	 1.5140113743e-05
9700 	 9943 	 6.4912989069e+01 	 1.2086936841e-05
9800 	 10047 	 6.4912989054e+01 	 1.5768297945e-05
9900 	 10149 	 6.4912989034e+01 	 2.1198406694e-05
10000 	 10251 	 6.4912989017e+01 	 1.5969826911e-05
10100 	 10354 	 6.4912989004e+01 	 2.1033267637e-05
10200 	 10454 	 6.4912988993e+01 	 1.9362606218e-05
10300 	 10556 	 6.4912988986e+01 	 8.2064215384e-06
10400 	 10660 	 6.4912988980e+01 	 7.6504573800e-06
10500 	 10761 	 6.4912988976e+01 	 8.8433479438e-06
10600 	 10863 	 6.4912988972e+01 	 5.2088809658e-06
10700 	 10964 	 6.4912988968e+01 	 7.5500355920e-06
10800 	 11066 	 6.4912988962e+01 	 7.8078400831e-06
10900 	 11169 	 6.4912988958e+01 	 1.7693813822e-05
11000 	 11273 	 6.4912988954e+01 	 5.0648677110e-06
11100 	 11378 	 6.4912988950e+01 	 8.1023712052e-06
11200 	 11480 	 6.4912988947e+01 	 4.4272086724e-06
11300 	 11583 	 6.4912988944e+01 	 6.2942816271e-06
11400 	 11685 	 6.4912988941e+01 	 5.7681864117e-06
11500 	 11786 	 6.4912988938e+01 	 6.7109618178e-06
11600 	 11890 	 6.4912988935e+01 	 5.1258015708e-06
11700 	 11995 	 6.4912988933e+01 	 6.6354183401e-06
11800 	 12097 	 6.4912988931e+01 	 5.1202402700e-06
11900 	 12200 	 6.4912988928e+01 	 5.6836858580e-06
12000 	 12303 	 6.4912988925e+01 	 4.8011700445e-06
12100 	 12405 	 6.4912988923e+01 	 1.4029171837e-05
12200 	 12505 	 6.4912988920e+01 	 4.1770333792e-06
12300 	 12607 	 6.4912988918e+01 	 7.6829051165e-06
12400 	 12711 	 6.4912988914e+01 	 6.8478884049e-06
12500 	 12814 	 6.4912988911e+01 	 6.6113382148e-06
12600 	 12915 	 6.4912988908e+01 	 4.6109815470e-06
12700 	 13017 	 6.4912988906e+01 	 1.0337315205e-05
12800 	 13118 	 6.4912988905e+01 	 8.8099501017e-06
12900 	 13220 	 6.4912988903e+01 	 3.2288912814e-06
13000 	 13324 	 6.4912988903e+01 	 3.1287275892e-06
13100 	 13427 	 6.4912988902e+01 	 3.0568384030e-06
13200 	 13532 	 6.4912988901e+01 	 2.4984692259e-06
13300 	 13636 	 6.4912988901e+01 	 2.2862791322e-06
13400 	 13741 	 6.4912988900e+01 	 4.6004142930e-06
13500 	 13843 	 6.4912988900e+01 	 3.7964914859e-06
13600 	 13948 	 6.4912988900e+01 	 1.9644388913e-06
13700 	 14050 	 6.4912988899e+01 	 1.5155584040e-06
13800 	 14152 	 6.4912988899e+01 	 1.5246521144e-06
13900 	 14255 	 6.4912988899e+01 	 1.5452477393e-06
14000 	 14355 	 6.4912988899e+01 	 2.5441200120e-06
14100 	 14458 	 6.4912988898e+01 	 2.2199083521e-06
14200 	 14559 	 6.4912988898e+01 	 1.9503947721e-06
14300 	 14662 	 6.4912988898e+01 	 3.6953902431e-06
14400 	 14763 	 6.4912988898e+01 	 3.8757040418e-06
14500 	 14864 	 6.4912988898e+01 	 1.3569034249e-06
14600 	 14967 	 6.4912988897e+01 	 1.6062160496e-06
14700 	 15070 	 6.4912988897e+01 	 1.5952419695e-06
14800 	 15172 	 6.4912988897e+01 	 1.1817662799e-06
14900 	 15277 	 6.4912988897e+01 	 1.3479008004e-06
15000 	 15383 	 6.4912988897e+01 	 7.0056155167e-07
15100 	 15496 	 6.4912988897e+01 	 4.8794104347e-07
15200 	 15619 	 6.4912988897e+01 	 6.7033320052e-07
15300 	 15730 	 6.4912988897e+01 	 1.2094355502e-06
15400 	 15833 	 6.4912988897e+01 	 1.0725408177e-06
15500 	 15935 	 6.4912988897e+01 	 9.8547186486e-07
15600 	 16037 	 6.4912988897e+01 	 1.2737515539e-06
15700 	 16138 	 6.4912988897e+01 	 1.2964350324e-06
15800 	 16239 	 6.4912988896e+01 	 1.2187019796e-06
15900 	 16343 	 6.4912988896e+01 	 1.6160347909e-06
16000 	 16450 	 6.4912988896e+01 	 1.0628196059e-06
16100 	 16556 	 6.4912988896e+01 	 1.3931424323e-06
16200 	 16657 	 6.4912988896e+01 	 1.7132232972e-06
16300 	 16760 	 6.4912988896e+01 	 7.0389009197e-07
16400 	 16868 	 6.4912988896e+01 	 8.1520488592e-07
16500 	 16974 	 6.4912988896e+01 	 4.1419400255e-07
16600 	 17085 	 6.4912988896e+01 	 1.1038388052e-06
16700 	 17192 	 6.4912988896e+01 	 1.3439004783e-06
16800 	 17302 	 6.4912988896e+01 	 8.6799050069e-07
16900 	 17419 	 6.4912988896e+01 	 4.1389947782e-07
17000 	 17547 	 6.4912988896e+01 	 3.7282892920e-07
17100 	 17660 	 6.4912988896e+01 	 1.2304852061e-06
17200 	 17778 	 6.4912988896e+01 	 1.9511070681e-07
17300 	 17888 	 6.4912988896e+01 	 1.5307429928e-07
# ---- 
 1 		 17353 	 17972 		 7.0212603293e+01 	 6.4912988896e+01 	 3.7793215341e-07
# ---- 
100 	 101 	 6.5186856065e-01 	 2.3480219885e-02
200 	 201 	 6.1624550874e-01 	 1.4307016739e-02
300 	 304 	 6.1192811056e-01 	 1.2785108033e-02
400 	 408 	 6.0940458110e-01 	 6.5900248732e-03
500 	 512 	 6.0812031035e-01 	 4.2492690739e-03
600 	 613 	 6.0773437896e-01 	 1.8504401480e-03
700 	 714 	 6.0752466965e-01 	 1.3480392354e-03
800 	 816 	 6.0725199182e-01 	 4.9050850819e-03
900 	 919 	 6.0685211616e-01 	 3.9054215160e-03
1000 	 1020 	 6.0660033776e-01 	 2.9447532479e-03
1100 	 1123 	 6.0639409730e-01 	 3.0355314203e-03
1200 	 1224 	 6.0619996075e-01 	 1.3422077591e-03
1300 	 1327 	 6.0601024018e-01 	 2.1739765578e-03
1400 	 1427 	 6.0582271180e-01 	 4.9728656193e-03
1500 	 1530 	 6.0564575515e-01 	 1.4574015883e-03
1600 	 1633 	 6.0554381009e-01 	 1.3756642556e-03
1700 	 1736 	 6.0543549203e-01 	 1.7400998128e-03
1800 	 1840 	 6.0530993455e-01 	 1.5479393468e-03
1900 	 1942 	 6.0515218564e-01 	 1.3683711196e-03
2000 	 2045 	 6.0501808777e-01 	 8.3953472616e-04
2100 	 2149 	 6.0491234671e-01 	 9.2587460986e-04
2200 	 2251 	 6.0479060369e-01 	 1.3323725910e-03
2300 	 2352 	 6.0470888064e-01 	 7.1452829955e-04
2400 	 2452 	 6.0462517185e-01 	 8.6921085003e-04
2500 	 2554 	 6.0453657016e-01 	 9.9423213441e-04
2600 	 2657 	 6.0444096104e-01 	 1.1491725905e-03
2700 	 2759 	 6.0435806049e-01 	 8.5652610035e-04
2800 	 2860 	 6.0428396212e-01 	 1.7420127701e-03
2900 	 2962 	 6.0421600888e-01 	 8.3472301815e-04
3000 	 3063 	 6.0413859601e-01 	 1.0264376374e-03
3100 	 3164 	 6.0407278488e-01 	 1.0350705926e-03
3200 	 3269 	 6.0403384447e-01 	 8.6815433466e-04
3300 	 3370 	 6.0399481692e-01 	 7.7671840558e-04
3400 	 3472 	 6.0395186481e-01 	 5.8874271067e-04
3500 	 3575 	 6.0391814892e-01 	 5.9548948489e-04
3600 	 3678 	 6.0388445039e-01 	 1.0535903194e-03
3700 	 3780 	 6.0383909929e-01 	 9.2880548159e-04
3800 	 3882 	 6.0378068431e-01 	 2.1598330408e-03
3900 	 3986 	 6.0373472920e-01 	 9.5061099406e-04
4000 	 4087 	 6.0369945266e-01 	 5.2587113558e-04
4100 	 4189 	 6.0366396113e-01 	 6.4374319556e-04
4200 	 4292 	 6.0363327563e-01 	 1.0063343554e-03
4300 	 4393 	 6.0360595315e-01 	 7.2131447466e-04
4400 	 4496 	 6.0357531160e-01 	 6.5884100823e-04
4500 	 4599 	 6.0354665985e-01 	 9.0363712837e-04
4600 	 4699 	 6.0351921025e-01 	 1.1029504572e-03
4700 	 4801 	 6.0349082628e-01 	 1.3183931400e-03
4800 	 4904 	 6.0346090942e-01 	 8.3761250494e-04
4900 	 5005 	 6.0342560368e-01 	 1.3132450587e-03
5000 	 5107 	 6.0339442015e-01 	 4.4613787103e-04
5100 	 5208 	 6.0336925386e-01 	 4.6431617896e-04
5200 	 5309 	 6.0334873946e-01 	 3.3461195914e-04
5300 	 5413 	 6.0332750384e-01 	 5.1230863633e-04
5400 	 5513 	 6.0330934352e-01 	 4.3811763917e-04
5500 	 5618 	 6.0329228812e-01 	 4.1123050882e-04
5600 	 5720 	 6.0326956828e-01 	 1.3760484496e-03
5700 	 5821 	 6.0324664194e-01 	 8.4876910109e-04
5800 	 5922 	 6.0322334081e-01 	 1.0092379859e-03
5900 	 6025 	 6.0320039302e-01 	 4.9626700950e-04
6000 	 6128 	 6.0317975956e-01 	 5.4788225713e-04
6100 	 6228 	 6.0315714801e-01 	 4.6931374937e-04
6200 	 6332 	 6.0313385260e-01 	 5.1724811253e-04
6300 	 6435 	 6.0311733778e-01 	 4.8539283477e-04
6400 	 6538 	 6.0309957761e-01 	 5.1755566409e-04
6500 	 6641 	 6.0308209197e-01 	 5.2661763028e-04
6600 	 6744 	 6.0306123648e-01 	 3.9079711013e-04
6700 	 6847 	 6.0304130898e-01 	 9.5139795969e-04
6800 	 6949 	 6.0302572741e-01 	 3.8629336976e-04
6900 	 7053 	 6.0301169549e-01 	 3.6946930687e-04
7000 	 7156 	 6.0299786602e-01 	 3.5833229951e-04
7100 	 7258 	 6.0298577578e-01 	 2.9390098464e-04
7200 	 7362 	 6.0297360196e-01 	 3.3046033747e-04
7300 	 7465 	 6.0296341016e-01 	 3.8276252292e-04
7400 	 7565 	 6.0295545254e-01 	 3.6279428579e-04
7500 	 7667 	 6.0294905014e-01 	 2.7178752469e-04
7600 	 7768 	 6.0294245722e-01 	 3.2808380200e-04
7700 	 7871 	 6.0293700329e-01 	 2.8916958298e-04
7800 	 7974 	 6.0293314641e-01 	 2.6403172414e-04
7900 	 8078 	 6.0292954198e-01 	 1.8658388836e-04
8000 	 8180 	 6.0292593572e-01 	 4.2811532828e-04
8100 	 8283 	 6.0292115255e-01 	 2.5521084963e-04
8200 	 8387 	 6.0291318338e-01 	 3.4978138738e-04
8300 	 8489 	 6.0290090980e-01 	 4.3218966303e-04
8400 	 8592 	 6.0288751813e-01 	 3.5444547405e-04
8500 	 8694 	 6.0287759459e-01 	 3.3178322638e-04
8600 	 8798 	 6.0286928055e-01 	 2.6206047771e-04
8700 	 8899 	 6.0286294426e-01 	 2.3178279064e-04
8800 	 9002 	 6.0285807610e-01 	 2.5961421345e-04
8900 	 9102 	 6.0285380704e-01 	 2.4514667817e-04
9000 	 9205 	 6.0284925921e-01 	 3.7834094150e-04
9100 	 9307 	 6.0284461989e-01 	 2.3255068256e-04
9200 	 9409 	 6.0283925577e-01 	 1.8569342711e-04
9300 	 9511 	 6.0283513887e-01 	 1.6486073403e-04
9400 	 9612 	 6.0283198193e-01 	 3.6310784713e-04
9500 	 9712 	 6.0282845535e-01 	 1.7502027298e-04
9600 	 9813 	 6.0282542512e-01 	 2.4178855557e-04
9700 	 9916 	 6.0282246981e-01 	 1.8116315618e-04
9800 	 10019 	 6.0281930891e-01 	 2.9025352058e-04
9900 	 10121 	 6.0281625417e-01 	 3.2456125785e-04
10000 	 10224 	 6.0281328952e-01 	 1.5924824915e-04
10100 	 10325 	 6.0281096898e-01 	 1.7169505644e-04
10200 	 10426 	 6.0280874584e-01 	 1.6804896972e-04
10300 	 10528 	 6.0280644098e-01 	 1.2305918596e-04
10400 	 10630 	 6.0280448100e-01 	 4.6238999779e-04
10500 	 10732 	 6.0280271782e-01 	 1.0382111709e-04
10600 	 10834 	 6.0280132121e-01 	 1.3219353718e-04
10700 	 10936 	 6.0280005809e-01 	 1.8056086435e-04
10800 	 11038 	 6.0279887339e-01 	 1.3297594428e-04
10900 	 11140 	 6.0279787574e-01 	 2.0070308988e-04
11000 	 11243 	 6.0279687925e-01 	 1.4022858229e-04
11100 	 11343 	 6.0279579957e-01 	 1.2826269348e-04
11200 	 11445 	 6.0279478586e-01 	 1.0213378943e-04
11300 	 11547 	 6.0279392573e-01 	 1.1706861682e-04
11400 	 11649 	 6.0279295079e-01 	 1.0366502971e-04
11500 	 11752 	 6.0279210398e-01 	 7.9269838761e-05
11600 	 11855 	 6.0279115865e-01 	 9.1350167187e-05
11700 	 11956 	 6.0278988304e-01 	 1.1626404125e-04
11800 	 12060 	 6.0278876525e-01 	 1.2815735792e-04
11900 	 12160 	 6.0278735409e-01 	 1.1557660060e-04
12000 	 12262 	 6.0278568366e-01 	 1.4606741421e-04
12100 	 12366 	 6.0278426630e-01 	 1.8896414552e-04
12200 	 12468 	 6.0278272270e-01 	 2.1952614274e-04
12300 	 12572 	 6.0278074930e-01 	 1.4704644471e-04
12400 	 12675 	 6.0277890333e-01 	 1.3406598203e-04
12500 	 12776 	 6.0277708679e-01 	 2.6751571750e-04
12600 	 12877 	 6.0277514308e-01 	 1.2932828323e-04
12700 	 12977 	 6.0277303260e-01 	 1.4527052981e-04
12800 	 13079 	 6.0277099189e-01 	 1.5432683620e-04
12900 	 13183 	 6.0276888142e-01 	 1.2138844150e-04
13000 	 13287 	 6.0276746922e-01 	 1.2551760406e-04
13100 	 13388 	 6.0276643295e-01 	 9.4237918023e-05
13200 	 13493 	 6.0276553529e-01 	 1.0970080619e-04
13300 	 13595 	 6.0276442950e-01 	 1.0168561775e-04
13400 	 13699 	 6.0276338073e-01 	 1.0218548672e-04
13500 	 13803 	 6.0276238522e-01 	 1.9009665858e-04
13600 	 13907 	 6.0276169103e-01 	 9.3444394815e-05
13700 	 14010 	 6.0276122239e-01 	 6.9564511542e-05
13800 	 14113 	 6.0276079372e-01 	 6.9189812837e-05
13900 	 14213 	 6.0276043070e-01 	 5.5665606699e-05
14000 	 14317 	 6.0276014989e-01 	 5.1547932329e-05
14100 	 14419 	 6.0275988977e-01 	 4.4945532154e-05
14200 	 14522 	 6.0275962625e-01 	 4.0700628657e-05
14300 	 14625 	 6.0275935478e-01 	 7.8385898937e-05
14400 	 14728 	 6.0275902971e-01 	 4.8423086444e-05
14500 	 14832 	 6.0275864594e-01 	 1.1173247369e-04
14600 	 14933 	 6.0275823053e-01 	 6.4849402020e-05
14700 	 15035 	 6.0275788106e-01 	 7.1000442883e-05
14800 	 15138 	 6.0275747295e-01 	 6.2818029454e-05
14900 	 15241 	 6.0275712719e-01 	 1.0290879675e-04
15000 	 15342 	 6.0275680724e-01 	 1.7355012428e-04
15100 	 15445 	 6.0275654136e-01 	 9.6312152487e-05
15200 	 15549 	 6.0275636816e-01 	 8.8708253452e-05
15300 	 15650 	 6.0275621856e-01 	 3.8184898486e-05
15400 	 15753 	 6.0275603834e-01 	 4.7223210515e-05
15500 	 15855 	 6.0275577001e-01 	 6.2431383817e-05
15600 	 15959 	 6.0275550840e-01 	 7.4363018316e-05
15700 	 16061 	 6.0275524892e-01 	 4.8489089326e-05
15800 	 16164 	 6.0275503879e-01 	 4.5631982005e-05
15900 	 16267 	 6.0275487227e-01 	 4.7271377245e-05
16000 	 16371 	 6.0275471873e-01 	 4.0311136595e-05
16100 	 16473 	 6.0275452513e-01 	 4.5816213745e-05
16200 	 16574 	 6.0275435976e-01 	 4.3722617456e-05
16300 	 16676 	 6.0275420046e-01 	 4.3409830057e-05
16400 	 16777 	 6.0275407212e-01 	 3.1714248120e-05
16500 	 16879 	 6.0275398783e-01 	 3.5043752039e-05
16600 	 16981 	 6.0275391842e-01 	 2.0221283817e-05
16700 	 17083 	 6.0275383614e-01 	 3.0105162183e-05
16800 	 17185 	 6.0275376475e-01 	 4.1835170725e-05
16900 	 17288 	 6.0275369497e-01 	 3.1072580568e-05
17000 	 17390 	 6.0275361153e-01 	 3.6728420943e-05
17100 	 17492 	 6.0275352042e-01 	 2.4070250264e-05
17200 	 17596 	 6.0275344281e-01 	 2.9453375873e-05
17300 	 17700 	 6.0275334499e-01 	 3.1799468663e-05
17400 	 17803 	 6.0275325419e-01 	 2.6024696622e-05
17500 	 17905 	 6.0275318089e-01 	 2.8483189508e-05
17600 	 18008 	 6.0275310899e-01 	 2.0143221613e-05
17700 	 18112 	 6.0275305308e-01 	 2.4795553911e-05
17800 	 18216 	 6.0275300313e-01 	 2.0653288647e-05
17900 	 18318 	 6.0275295138e-01 	 2.1032516318e-05
18000 	 18422 	 6.0275289295e-01 	 4.0541034930e-05
18100 	 18524 	 6.0275282275e-01 	 6.4134623275e-05
18200 	 18625 	 6.0275274393e-01 	 5.3517155690e-05
18300 	 18727 	 6.0275264200e-01 	 2.8986070625e-05
18400 	 18828 	 6.0275254976e-01 	 2.4906655446e-05
18500 	 18930 	 6.0275247862e-01 	 2.5183539572e-05
18600 	 19033 	 6.0275241767e-01 	 2.7085975382e-05
18700 	 19133 	 6.0275236008e-01 	 2.3756295616e-05
18800 	 19234 	 6.0275230189e-01 	 3.9876173843e-05
18900 	 19338 	 6.0275224212e-01 	 2.5807364798e-05
19000 	 19441 	 6.0275217216e-01 	 5.0062960693e-05
19100 	 19543 	 6.0275210624e-01 	 3.6990167667e-05
19200 	 19645 	 6.0275204628e-01 	 2.3132143137e-05
19300 	 19747 	 6.0275201155e-01 	 4.1983228724e-05
19400 	 19850 	 6.0275198781e-01 	 2.0746809734e-05
19500 	 19951 	 6.0275196891e-01 	 1.1273581393e-05
19600 	 20053 	 6.0275194984e-01 	 1.3298488186e-05
19700 	 20155 	 6.0275192992e-01 	 1.5007915262e-05
19800 	 20256 	 6.0275190709e-01 	 2.6332648736e-05
19900 	 20359 	 6.0275188957e-01 	 1.8151219918e-05
20000 	 20460 	 6.0275187126e-01 	 1.4316336492e-05
20100 	 20562 	 6.0275184341e-01 	 1.6593098929e-05
20200 	 20664 	 6.0275181669e-01 	 3.4320393133e-05
20300 	 20765 	 6.0275177630e-01 	 2.0935653978e-05
20400 	 20866 	 6.0275174088e-01 	 1.5899980226e-05
20500 	 20968 	 6.0275169396e-01 	 3.1183753004e-05
20600 	 21071 	 6.0275164435e-01 	 2.5895195101e-05
20700 	 21172 	 6.0275160362e-01 	 1.9912293006e-05
20800 	 21274 	 6.0275157049e-01 	 3.3119708661e-05
20900 	 21377 	 6.0275153937e-01 	 2.3492404628e-05
21000 	 21480 	 6.0275149835e-01 	 1.9742844812e-05
21100 	 21582 	 6.0275146908e-01 	 1.8855377801e-05
21200 	 21683 	 6.0275144969e-01 	 1.4123065411e-05
21300 	 21786 	 6.0275142990e-01 	 2.4967345930e-05
21400 	 21887 	 6.0275141145e-01 	 1.3275770867e-05
21500 	 21990 	 6.0275139709e-01 	 9.6316636329e-06
21600 	 22092 	 6.0275138221e-01 	 2.7168467472e-05
21700 	 22194 	 6.0275136796e-01 	 1.5452183539e-05
21800 	 22296 	 6.0275134934e-01 	 2.1805223671e-05
21900 	 22398 	 6.0275132945e-01 	 1.9150564415e-05
22000 	 22500 	 6.0275130895e-01 	 1.3629599017e-05
22100 	 22601 	 6.0275129232e-01 	 1.2679508783e-05
22200 	 22703 	 6.0275127656e-01 	 9.2919852218e-06
22300 	 22806 	 6.0275126225e-01 	 8.9168953864e-06
22400 	 22907 	 6.0275124871e-01 	 2.2931272443e-05
22500 	 23008 	 6.0275123434e-01 	 1.2571072036e-05
22600 	 23109 	 6.0275122092e-01 	 1.4677877695e-05
22700 	 23211 	 6.0275120654e-01 	 9.4772345506e-06
22800 	 23312 	 6.0275119332e-01 	 1.6125836308e-05
22900 	 23415 	 6.0275117947e-01 	 1.6281236968e-05
23000 	 23517 	 6.0275116923e-01 	 8.7554582045e-06
23100 	 23621 	 6.0275115957e-01 	 1.5661749901e-05
23200 	 23726 	 6.0275115188e-01 	 1.1999236059e-05
23300 	 23828 	 6.0275114671e-01 	 5.7114574658e-06
23400 	 23929 	 6.0275114186e-01 	 7.8653445272e-06
23500 	 24031 	 6.0275113789e-01 	 1.4687933338e-05
23600 	 24134 	 6.0275113517e-01 	 5.6343600299e-06
23700 	 24234 	 6.0275113194e-01 	 9.7111303351e-06
23800 	 24337 	 6.0275112865e-01 	 1.1733596175e-05
23900 	 24441 	 6.0275112588e-01 	 6.1435641818e-06
24000 	 24543 	 6.0275112339e-01 	 5.1295422622e-06
24100 	 24646 	 6.0275112089e-01 	 8.8427343245e-06
24200 	 24751 	 6.0275111876e-01 	 4.6029497842e-06
24300 	 24852 	 6.0275111652e-01 	 7.2521522456e-06
24400 	 24953 	 6.0275111427e-01 	 4.4700548953e-06
24500 	 25056 	 6.0275111185e-01 	 3.7674044122e-06
24600 	 25161 	 6.0275111024e-01 	 3.2835840955e-06
24700 	 25266 	 6.0275110891e-01 	 3.9672906435e-06
24800 	 25367 	 6.0275110719e-01 	 3.9290877338e-06
24900 	 25468 	 6.0275110513e-01 	 6.3077712628e-06
25000 	 25570 	 6.0275110243e-01 	 5.3203176371e-06
25100 	 25672 	 6.0275109983e-01 	 4.1478180899e-06
25200 	 25775 	 6.0275109807e-01 	 9.7810954255e-06
25300 	 25876 	 6.0275109628e-01 	 3.9781450464e-06
25400 	 25978 	 6.0275109418e-01 	 5.3687440450e-06
25500 	 26079 	 6.0275109187e-01 	 7.5646787216e-06
25600 	 26183 	 6.0275108825e-01 	 1.6308827945e-05
25700 	 26287 	 6.0275108417e-01 	 8.5766835723e-06
25800 	 26389 	 6.0275108009e-01 	 6.7340704151e-06
25900 	 26491 	 6.0275107648e-01 	 6.2166584821e-06
26000 	 26593 	 6.0275107293e-01 	 5.9694592468e-06
26100 	 26695 	 6.0275107067e-01 	 4.3424853204e-06
26200 	 26798 	 6.0275106841e-01 	 6.8537651618e-06
26300 	 26901 	 6.0275106612e-01 	 5.5813632748e-06
26400 	 27002 	 6.0275106388e-01 	 5.0704137801e-06
26500 	 27105 	 6.0275106127e-01 	 8.0737801018e-06
26600 	 27207 	 6.0275105860e-01 	 6.2154922114e-06
26700 	 27307 	 6.0275105690e-01 	 3.1417997361e-06
26800 	 27408 	 6.0275105562e-01 	 3.0340736749e-06
26900 	 27511 	 6.0275105476e-01 	 3.3708465903e-06
27000 	 27612 	 6.0275105376e-01 	 5.4631120248e-06
27100 	 27713 	 6.0275105287e-01 	 7.6318915571e-06
27200 	 27818 	 6.0275105207e-01 	 2.7676481023e-06
27300 	 27922 	 6.0275105128e-01 	 2.7265978138e-06
27400 	 28025 	 6.0275105049e-01 	 2.4933645750e-06
27500 	 28127 	 6.0275104965e-01 	 2.9270097531e-06
27600 	 28228 	 6.0275104890e-01 	 2.3960622816e-06
27700 	 28331 	 6.0275104826e-01 	 2.5590023931e-06
27800 	 28434 	 6.0275104761e-01 	 3.3672245074e-06
27900 	 28538 	 6.0275104704e-01 	 1.9718694788e-06
28000 	 28640 	 6.0275104652e-01 	 4.7233997576e-06
28100 	 28742 	 6.0275104603e-01 	 4.7956495140e-06
28200 	 28845 	 6.0275104556e-01 	 2.3049598066e-06
28300 	 28946 	 6.0275104513e-01 	 2.1728998736e-06
28400 	 29050 	 6.0275104488e-01 	 1.5187611003e-06
28500 	 29152 	 6.0275104460e-01 	 1.8221153877e-06
28600 	 29257 	 6.0275104426e-01 	 1.7470116460e-06
28700 	 29360 	 6.0275104401e-01 	 1.7185762757e-06
28800 	 29460 	 6.0275104370e-01 	 1.8587682020e-06
28900 	 29562 	 6.0275104339e-01 	 2.1371993336e-06
29000 	 29665 	 6.0275104305e-01 	 3.8896446486e-06
29100 	 29769 	 6.0275104272e-01 	 2.5574915444e-06
29200 	 29871 	 6.0275104240e-01 	 3.1610313704e-06
29300 	 29974 	 6.0275104216e-01 	 1.7937839255e-06
29400 	 30075 	 6.0275104188e-01 	 2.1157888505e-06
29500 	 30177 	 6.0275104158e-01 	 4.1578709457e-06
29600 	 30280 	 6.0275104131e-01 	 1.7586589521e-06
29700 	 30381 	 6.0275104110e-01 	 4.2598499190e-06
29800 	 30483 	 6.0275104086e-01 	 1.7239248322e-06
29900 	 30587 	 6.0275104053e-01 	 2.5146497441e-06
30000 	 30689 	 6.0275104010e-01 	 2.2461245482e-06
30100 	 30793 	 6.0275103970e-01 	 2.0830341497e-06
30200 	 30893 	 6.0275103927e-01 	 2.0576686935e-06
30300 	 30995 	 6.0275103885e-01 	 1.6410524310e-06
30400 	 31096 	 6.0275103843e-01 	 1.7471264514e-06
30500 	 31199 	 6.0275103799e-01 	 3.0577449841e-06
30600 	 31301 	 6.0275103760e-01 	 1.6734070984e-06
30700 	 31401 	 6.0275103726e-01 	 2.0579531799e-06
30800 	 31503 	 6.0275103690e-01 	 2.9887862741e-06
30900 	 31608 	 6.0275103653e-01 	 1.6539024573e-06
31000 	 31709 	 6.0275103630e-01 	 1.5078558108e-06
31100 	 31814 	 6.0275103613e-01 	 1.2252932726e-06
31200 	 31916 	 6.0275103600e-01 	 1.2272637921e-06
31300 	 32018 	 6.0275103587e-01 	 2.6605336164e-06
31400 	 32121 	 6.0275103572e-01 	 1.1546972030e-06
31500 	 32225 	 6.0275103559e-01 	 1.2665102737e-06
31600 	 32327 	 6.0275103548e-01 	 1.7515607097e-06
31700 	 32431 	 6.0275103540e-01 	 8.7258065778e-07
31800 	 32535 	 6.0275103532e-01 	 8.1231176905e-07
31900 	 32637 	 6.0275103522e-01 	 2.1107555560e-06
32000 	 32741 	 6.0275103509e-01 	 2.1775809505e-06
32100 	 32842 	 6.0275103498e-01 	 1.6893824537e-06
32200 	 32944 	 6.0275103489e-01 	 1.2079855376e-06
32300 	 33045 	 6.0275103482e-01 	 8.7653732180e-07
32400 	 33146 	 6.0275103476e-01 	 8.3844915874e-07
32500 	 33248 	 6.0275103469e-01 	 9.4021211297e-07
32600 	 33352 	 6.0275103464e-01 	 6.8680331172e-07
32700 	 33454 	 6.0275103460e-01 	 5.9492353780e-07
32800 	 33558 	 6.0275103454e-01 	 7.2788804449e-07
32900 	 33661 	 6.0275103449e-01 	 6.5082859015e-07
33000 	 33761 	 6.0275103445e-01 	 6.0509286739e-07
33100 	 33865 	 6.0275103441e-01 	 1.3823321806e-06
33200 	 33967 	 6.0275103437e-01 	 5.1113632120e-07
33300 	 34069 	 6.0275103434e-01 	 1.2399993816e-06
33400 	 34172 	 6.0275103430e-01 	 6.0819194056e-07
33500 	 34273 	 6.0275103427e-01 	 1.5794822662e-06
33600 	 34378 	 6.0275103424e-01 	 4.1416349768e-07
33700 	 34482 	 6.0275103422e-01 	 1.0299214983e-06
33800 	 34587 	 6.0275103419e-01 	 6.0370460647e-07
33900 	 34688 	 6.0275103415e-01 	 1.7315603143e-06
34000 	 34790 	 6.0275103411e-01 	 1.1036126599e-06
34100 	 34892 	 6.0275103408e-01 	 5.4676141924e-07
34200 	 34992 	 6.0275103405e-01 	 6.3743562368e-07
34300 	 35094 	 6.0275103401e-01 	 6.6675341930e-07
34400 	 35196 	 6.0275103396e-01 	 6.9749081124e-07
34500 	 35298 	 6.0275103390e-01 	 8.4396363706e-07
34600 	 35402 	 6.0275103384e-01 	 9.4479077638e-07
34700 	 35505 	 6.0275103378e-01 	 8.2746611698e-07
34800 	 35607 	 6.0275103373e-01 	 9.2041807823e-07
34900 	 35713 	 6.0275103370e-01 	 7.5511052460e-07
35000 	 35815 	 6.0275103366e-01 	 6.1599245331e-07
35100 	 35916 	 6.0275103362e-01 	 9.5939525223e-07
35200 	 36017 	 6.0275103360e-01 	 5.4178215646e-07
35300 	 36120 	 6.0275103358e-01 	 5.4362993612e-07
35400 	 36224 	 6.0275103355e-01 	 6.5070444712e-07
35500 	 36326 	 6.0275103353e-01 	 9.1227429791e-07
35600 	 36427 	 6.0275103352e-01 	 5.1874268556e-07
35700 	 36529 	 6.0275103350e-01 	 3.0251936419e-07
35800 	 36631 	 6.0275103349e-01 	 3.8520997009e-07
35900 	 36733 	 6.0275103348e-01 	 2.3390858541e-07
36000 	 36837 	 6.0275103348e-01 	 3.7181552203e-07
36100 	 36941 	 6.0275103348e-01 	 1.8896827382e-07
36200 	 37045 	 6.0275103347e-01 	 2.4778559591e-07
36300 	 37147 	 6.0275103347e-01 	 4.4281439195e-07
36400 	 37249 	 6.0275103346e-01 	 3.7286562939e-07
36500 	 37353 	 6.0275103345e-01 	 3.3663197840e-07
36600 	 37455 	 6.0275103344e-01 	 2.3065785059e-07
36700 	 37557 	 6.0275103343e-01 	 2.6766415258e-07
36800 	 37659 	 6.0275103343e-01 	 3.4844095364e-07
36900 	 37762 	 6.0275103342e-01 	 2.3666661750e-07
37000 	 37863 	 6.0275103342e-01 	 1.5755069228e-07
37100 	 37965 	 6.0275103341e-01 	 1.9013067256e-07
37200 	 38068 	 6.0275103341e-01 	 1.8402461112e-07
37300 	 38172 	 6.0275103340e-01 	 2.2040715289e-07
37400 	 38278 	 6.0275103340e-01 	 3.4629077564e-07
37500 	 38379 	 6.0275103339e-01 	 2.2577639039e-07
37600 	 38483 	 6.0275103339e-01 	 2.4661855665e-07
37700 	 38586 	 6.0275103338e-01 	 2.7626323955e-07
37800 	 38688 	 6.0275103338e-01 	 2.3609371810e-07
37900 	 38790 	 6.0275103337e-01 	 2.5338110703e-07
38000 	 38892 	 6.0275103337e-01 	 7.3679776805e-07
38100 	 38996 	 6.0275103336e-01 	 5.4426124703e-07
38200 	 39099 	 6.0275103336e-01 	 2.2491699697e-07
38300 	 39202 	 6.0275103335e-01 	 2.0011820837e-07
38400 	 39306 	 6.0275103335e-01 	 2.3336307087e-07
38500 	 39409 	 6.0275103334e-01 	 2.6277860075e-07
38600 	 39513 	 6.0275103334e-01 	 2.2220996871e-07
38700 	 39616 	 6.0275103334e-01 	 2.1935448372e-07
38800 	 39720 	 6.0275103333e-01 	 2.1638614040e-07
38900 	 39823 	 6.0275103333e-01 	 2.2285682655e-07
39000 	 39923 	 6.0275103333e-01 	 1.4169284703e-07
39100 	 40025 	 6.0275103332e-01 	 1.3818669276e-07
39200 	 40127 	 6.0275103332e-01 	 4.7261167359e-07
39300 	 40230 	 6.0275103332e-01 	 1.5893748929e-07
39400 	 40334 	 6.0275103332e-01 	 4.1154288487e-07
39500 	 40438 	 6.0275103331e-01 	 1.3689438981e-07
39600 	 40540 	 6.0275103331e-01 	 1.8549083027e-07
39700 	 40641 	 6.0275103331e-01 	 1.3515389142e-07
39800 	 40746 	 6.0275103331e-01 	 1.2913511717e-07
39900 	 40848 	 6.0275103331e-01 	 3.7513076467e-07
40000 	 40950 	 6.0275103330e-01 	 1.6603615248e-07
40100 	 41050 	 6.0275103330e-01 	 1.8984727926e-07
40200 	 41155 	 6.0275103330e-01 	 2.9285176333e-07
40300 	 41257 	 6.0275103330e-01 	 3.9259842377e-07
40400 	 41359 	 6.0275103330e-01 	 1.6579360078e-07
40500 	 41460 	 6.0275103329e-01 	 1.0982848696e-07
40600 	 41563 	 6.0275103329e-01 	 1.2526648340e-07
40700 	 41664 	 6.0275103329e-01 	 9.3047986439e-08
40800 	 41769 	 6.0275103329e-01 	 9.6244788004e-08
40900 	 41872 	 6.0275103329e-01 	 8.4405661746e-08
41000 	 41978 	 6.0275103329e-01 	 1.0015529890e-07
41100 	 42081 	 6.0275103329e-01 	 1.3126287347e-07
41200 	 42185 	 6.0275103329e-01 	 1.0143948834e-07
41300 	 42288 	 6.0275103329e-01 	 1.3145327574e-07
41400 	 42392 	 6.0275103328e-01 	 1.0021671881e-07
41500 	 42496 	 6.0275103328e-01 	 7.9475008741e-08
41600 	 42605 	 6.0275103328e-01 	 6.8935796232e-08
41700 	 42718 	 6.0275103328e-01 	 7.8163532092e-08
41800 	 42824 	 6.0275103328e-01 	 1.2144813674e-07
41900 	 42927 	 6.0275103328e-01 	 1.0049793321e-07
42000 	 43030 	 6.0275103328e-01 	 7.9163001467e-08
42100 	 43133 	 6.0275103328e-01 	 7.8265143605e-08
42200 	 43237 	 6.0275103328e-01 	 9.7489187244e-08
42300 	 43340 	 6.0275103328e-01 	 1.3851796276e-07
42400 	 43443 	 6.0275103328e-01 	 1.3061751906e-07
42500 	 43544 	 6.0275103328e-01 	 8.2246366775e-08
42600 	 43651 	 6.0275103328e-01 	 1.1301220129e-07
42700 	 43759 	 6.0275103327e-01 	 4.9138191081e-08
42800 	 43869 	 6.0275103327e-01 	 1.1376619498e-07
42900 	 43979 	 6.0275103327e-01 	 3.0552386240e-08
43000 	 44092 	 6.0275103327e-01 	 6.5106064412e-08
43100 	 44202 	 6.0275103327e-01 	 8.1007128694e-08
43200 	 44311 	 6.0275103327e-01 	 2.7000073571e-08
43300 	 44426 	 6.0275103327e-01 	 5.2717900402e-08
43400 	 44533 	 6.0275103327e-01 	 1.1514643052e-07
43500 	 44636 	 6.0275103327e-01 	 6.2959307195e-08
43600 	 44738 	 6.0275103327e-01 	 6.6756630958e-08
43700 	 44842 	 6.0275103327e-01 	 8.4363712077e-08
43800 	 44947 	 6.0275103327e-01 	 2.2546342955e-07
43900 	 45051 	 6.0275103327e-01 	 1.0496158489e-07
44000 	 45154 	 6.0275103327e-01 	 1.7315783304e-07
44100 	 45258 	 6.0275103327e-01 	 1.8637654714e-07
44200 	 45362 	 6.0275103327e-01 	 2.0104972432e-07
44300 	 45467 	 6.0275103326e-01 	 1.9783421254e-07
44400 	 45571 	 6.0275103326e-01 	 4.0565385939e-07
44500 	 45674 	 6.0275103326e-01 	 1.2300213765e-07
44600 	 45776 	 6.0275103326e-01 	 2.5688476753e-07
44700 	 45881 	 6.0275103326e-01 	 7.8225670723e-08
44800 	 45983 	 6.0275103326e-01 	 7.2817029307e-08
44900 	 46085 	 6.0275103326e-01 	 1.3378309610e-07
45000 	 46200 	 6.0275103326e-01 	 3.7889336894e-08
45100 	 46308 	 6.0275103326e-01 	 5.5024272276e-08
45200 	 46415 	 6.0275103326e-01 	 3.8826067329e-08
45300 	 46538 	 6.0275103326e-01 	 5.0600931476e-08
45400 	 46652 	 6.0275103326e-01 	 3.8458410738e-08
45500 	 46764 	 6.0275103326e-01 	 5.0759328337e-08
# ---- 
 1 		 45519 	 46804 		 1.2257835949e+00 	 6.0275103326e-01 	 4.1307023462e-08
# ---- 
100 	 103 	 2.4898214220e+00 	 1.8477882438e-02
200 	 207 	 2.4711123077e+00 	 1.2824940409e-02
300 	 309 	 2.4647219035e+00 	 2.0327008890e-02
400 	 409 	 2.4600780298e+00 	 5.8754300457e-03
500 	 511 	 2.4580670091e+00 	 1.0104328384e-02
600 	 613 	 2.4573723014e+00 	 2.9816364537e-03
700 	 715 	 2.4571310716e+00 	 1.7303453476e-03
800 	 817 	 2.4569442677e+00 	 1.3288143092e-03
900 	 917 	 2.4567570189e+00 	 1.5242356269e-03
1000 	 1019 	 2.4565916622e+00 	 1.0350293593e-03
1100 	 1120 	 2.4564435880e+00 	 2.7959004699e-03
1200 	 1221 	 2.4562505341e+00 	 1.2694172098e-03
1300 	 1324 	 2.4561236306e+00 	 1.1056740488e-03
1400 	 1428 	 2.4560526458e+00 	 9.8021093044e-04
1500 	 1531 	 2.4559840291e+00 	 9.3925701547e-04
1600 	 1633 	 2.4558944587e+00 	 1.0333792404e-03
1700 	 1735 	 2.4558162740e+00 	 1.1221693971e-03
1800 	 1836 	 2.4557680574e+00 	 1.1556159847e-03
1900 	 1938 	 2.4557230851e+00 	 9.1587873432e-04
2000 	 2039 	 2.4556721396e+00 	 1.3402064459e-03
2100 	 2143 	 2.4556324880e+00 	 6.3202480954e-04
2200 	 2246 	 2.4555924030e+00 	 6.8010326154e-04
2300 	 2349 	 2.4555599534e+00 	 7.2426134100e-04
2400 	 2451 	 2.4555209277e+00 	 6.7665625886e-04
2500 	 2555 	 2.4554925162e+00 	 8.9083047054e-04
2600 	 2658 	 2.4554653893e+00 	 4.2896998540e-04
2700 	 2762 	 2.4554469595e+00 	 5.5196647805e-04
2800 	 2863 	 2.4554263724e+00 	 7.8804005205e-04
2900 	 2966 	 2.4554078896e+00 	 5.1516525776e-04
3000 	 3069 	 2.4553952419e+00 	 3.2950777494e-04
3100 	 3173 	 2.4553842955e+00 	 5.7416106593e-04
3200 	 3274 	 2.4553728570e+00 	 4.5459227029e-04
3300 	 3377 	 2.4553593561e+00 	 4.1288322871e-04
3400 	 3478 	 2.4553471922e+00 	 4.6368535679e-04
3500 	 3580 	 2.4553321740e+00 	 3.8119128998e-04
3600 	 3683 	 2.4553188220e+00 	 4.1811057840e-04
3700 	 3785 	 2.4553074215e+00 	 3.4266172669e-04
3800 	 3888 	 2.4553002526e+00 	 2.3020096825e-04
3900 	 3988 	 2.4552954457e+00 	 2.2917136602e-04
4000 	 4094 	 2.4552918335e+00 	 2.2371741777e-04
4100 	 4195 	 2.4552891953e+00 	 1.4658629878e-04
4200 	 4299 	 2.4552869451e+00 	 1.4041670789e-04
4300 	 4399 	 2.4552850306e+00 	 4.1234140010e-04
4400 	 4502 	 2.4552830336e+00 	 1.4333371837e-04
4500 	 4605 	 2.4552809582e+00 	 1.6641324168e-04
4600 	 4707 	 2.4552791156e+00 	 3.4547880544e-04
4700 	 4807 	 2.4552773645e+00 	 1.5118121512e-04
4800 	 4912 	 2.4552756905e+00 	 1.1129461939e-04
4900 	 5014 	 2.4552740480e+00 	 1.9968022322e-04
5000 	 5117 	 2.4552722284e+00 	 3.3450406242e-04
5100 	 5221 	 2.4552705023e+00 	 1.6343684332e-04
5200 	 5324 	 2.4552688470e+00 	 1.4764923202e-04
5300 	 5425 	 2.4552666585e+00 	 3.2747493356e-04
5400 	 5526 	 2.4552639072e+00 	 2.6289666896e-04
5500 	 5627 	 2.4552621981e+00 	 1.2613845242e-04
5600 	 5732 	 2.4552609505e+00 	 1.2348777292e-04
5700 	 5834 	 2.4552591974e+00 	 3.9845942863e-04
5800 	 5938 	 2.4552562311e+00 	 1.9302978244e-04
5900 	 6038 	 2.4552530327e+00 	 1.3792443518e-04
6000 	 6141 	 2.4552508013e+00 	 1.0909826344e-04
6100 	 6243 	 2.4552494100e+00 	 1.1385665113e-04
6200 	 6344 	 2.4552483282e+00 	 8.4947334415e-05
6300 	 6447 	 2.4552474287e+00 	 8.9105068039e-05
6400 	 6550 	 2.4552466779e+00 	 9.7812652213e-05
6500 	 6651 	 2.4552459341e+00 	 6.8039626643e-05
6600 	 6753 	 2.4552454996e+00 	 6.5925100730e-05
6700 	 6854 	 2.4552450980e+00 	 7.7978103498e-05
6800 	 6957 	 2.4552445868e+00 	 7.7678137496e-05
6900 	 7058 	 2.4552439256e+00 	 7.2869300733e-05
7000 	 7162 	 2.4552432731e+00 	 8.5707327056e-05
7100 	 7263 	 2.4552425713e+00 	 1.3018623060e-04
7200 	 7365 	 2.4552419134e+00 	 1.0555839473e-04
7300 	 7468 	 2.4552413847e+00 	 6.3887368057e-05
7400 	 7571 	 2.4552409756e+00 	 7.1223141123e-05
7500 	 7674 	 2.4552406594e+00 	 1.5614320865e-04
7600 	 7777 	 2.4552402786e+00 	 1.7856320506e-04
7700 	 7881 	 2.4552399089e+00 	 9.8314528996e-05
7800 	 7981 	 2.4552396340e+00 	 7.8595699497e-05
7900 	 8083 	 2.4552393042e+00 	 9.5729790718e-05
8000 	 8188 	 2.4552390511e+00 	 5.2357797272e-05
8100 	 8290 	 2.4552386908e+00 	 8.9374336529e-05
8200 	 8394 	 2.4552382891e+00 	 1.5428361539e-04
8300 	 8498 	 2.4552379273e+00 	 6.0837294973e-05
8400 	 8601 	 2.4552375621e+00 	 6.9692550566e-05
8500 	 8705 	 2.4552371184e+00 	 6.0204771671e-05
8600 	 8808 	 2.4552367206e+00 	 1.6051565286e-04
8700 	 8909 	 2.4552364380e+00 	 6.6929156845e-05
8800 	 9012 	 2.4552361482e+00 	 4.0537657135e-05
8900 	 9113 	 2.4552359089e+00 	 4.5944559133e-05
9000 	 9216 	 2.4552357532e+00 	 4.6834980746e-05
9100 	 9316 	 2.4552356269e+00 	 3.5209981713e-05
9200 	 9417 	 2.4552355455e+00 	 3.0199854760e-05
9300 	 9520 	 2.4552354653e+00 	 3.1853251520e-05
9400 	 9626 	 2.4552353564e+00 	 4.4540893270e-05
9500 	 9730 	 2.4552352385e+00 	 3.0358007952e-05
9600 	 9833 	 2.4552350817e+00 	 5.3534072466e-05
9700 	 9936 	 2.4552348873e+00 	 6.2213105965e-05
9800 	 10039 	 2.4552346984e+00 	 6.2145396987e-05
9900 	 10141 	 2.4552345399e+00 	 8.8841572717e-05
10000 	 10243 	 2.4552344005e+00 	 6.1482115573e-05
10100 	 10347 	 2.4552343066e+00 	 6.1572006525e-05
10200 	 10448 	 2.4552342191e+00 	 8.5379653872e-05
10300 	 10548 	 2.4552341347e+00 	 3.8585834931e-05
10400 	 10651 	 2.4552340440e+00 	 3.7238627863e-05
10500 	 10753 	 2.4552339441e+00 	 6.0420641594e-05
10600 	 10858 	 2.4552338625e+00 	 2.6426470976e-05
10700 	 10960 	 2.4552337956e+00 	 1.9973398481e-05
10800 	 11061 	 2.4552337509e+00 	 2.4265144639e-05
10900 	 11163 	 2.4552337129e+00 	 2.0583808604e-05
11000 	 11265 	 2.4552336726e+00 	 5.1594463328e-05
11100 	 11367 	 2.4552336359e+00 	 1.4780825980e-05
11200 	 11470 	 2.4552336127e+00 	 1.6596251399e-05
11300 	 11573 	 2.4552335904e+00 	 2.0426451118e-05
11400 	 11676 	 2.4552335694e+00 	 1.5645842682e-05
11500 	 11777 	 2.4552335536e+00 	 1.8303787001e-05
11600 	 11877 	 2.4552335421e+00 	 9.6846156830e-06
11700 	 11978 	 2.4552335329e+00 	 1.1444239025e-05
11800 	 12080 	 2.4552335221e+00 	 8.6126050157e-06
11900 	 12186 	 2.4552335125e+00 	 2.0293979114e-05
12000 	 12286 	 2.4552335044e+00 	 9.6338694848e-06
12100 	 12388 	 2.4552334974e+00 	 9.8260490335e-06
12200 	 12490 	 2.4552334899e+00 	 8.9079680054e-06
12300 	 12593 	 2.4552334803e+00 	 1.3815556711e-05
12400 	 12696 	 2.4552334703e+00 	 9.6561747927e-06
12500 	 12797 	 2.4552334597e+00 	 1.5863564059e-05
12600 	 12898 	 2.4552334484e+00 	 1.1477843272e-05
12700 	 13000 	 2.4552334387e+00 	 1.7617034100e-05
12800 	 13102 	 2.4552334322e+00 	 1.2978597657e-05
12900 	 13207 	 2.4552334266e+00 	 6.2283937050e-06
13000 	 13309 	 2.4552334225e+00 	 7.3439489654e-06
13100 	 13410 	 2.4552334192e+00 	 6.4465360171e-06
13200 	 13512 	 2.4552334153e+00 	 5.8221109914e-06
13300 	 13614 	 2.4552334115e+00 	 5.2561286850e-06
13400 	 13717 	 2.4552334088e+00 	 5.5935159109e-06
13500 	 13819 	 2.4552334063e+00 	 7.3866194248e-06
13600 	 13922 	 2.4552334040e+00 	 4.8729175837e-06
13700 	 14024 	 2.4552334015e+00 	 6.1787665938e-06
13800 	 14126 	 2.4552333986e+00 	 4.2324986580e-06
13900 	 14230 	 2.4552333964e+00 	 5.0573888517e-06
14000 	 14330 	 2.4552333945e+00 	 6.0013111771e-06
14100 	 14435 	 2.4552333920e+00 	 8.6377666419e-06
14200 	 14537 	 2.4552333898e+00 	 3.8996062457e-06
14300 	 14641 	 2.4552333880e+00 	 4.8522259217e-06
14400 	 14742 	 2.4552333863e+00 	 6.1683236512e-06
14500 	 14844 	 2.4552333846e+00 	 3.7265295544e-06
14600 	 14946 	 2.4552333832e+00 	 6.8511717114e-06
14700 	 15050 	 2.4552333819e+00 	 9.0327376633e-06
14800 	 15152 	 2.4552333807e+00 	 2.9061786981e-06
14900 	 15255 	 2.4552333797e+00 	 3.6704131416e-06
15000 	 15357 	 2.4552333786e+00 	 3.5280608189e-06
15100 	 15458 	 2.4552333776e+00 	 2.8474530768e-06
15200 	 15561 	 2.4552333769e+00 	 2.9058174497e-06
15300 	 15663 	 2.4552333762e+00 	 2.6661805241e-06
15400 	 15767 	 2.4552333758e+00 	 1.9864681198e-06
15500 	 15870 	 2.4552333752e+00 	 4.7478611886e-06
15600 	 15972 	 2.4552333744e+00 	 6.2459536720e-06
15700 	 16072 	 2.4552333736e+00 	 3.3718032707e-06
15800 	 16176 	 2.4552333728e+00 	 2.8334637943e-06
15900 	 16279 	 2.4552333718e+00 	 4.4852378225e-06
16000 	 16385 	 2.4552333709e+00 	 2.5159646596e-06
16100 	 16488 	 2.4552333701e+00 	 2.9973057314e-06
16200 	 16589 	 2.4552333694e+00 	 2.0028773030e-06
16300 	 16691 	 2.4552333688e+00 	 2.3326428157e-06
16400 	 16793 	 2.4552333681e+00 	 4.2285335793e-06
16500 	 16897 	 2.4552333676e+00 	 2.9549692165e-06
16600 	 16999 	 2.4552333670e+00 	 4.5871602793e-06
16700 	 17101 	 2.4552333667e+00 	 2.0016013072e-06
16800 	 17203 	 2.4552333664e+00 	 1.5988368667e-06
16900 	 17304 	 2.4552333661e+00 	 1.9735633229e-06
17000 	 17408 	 2.4552333658e+00 	 2.7757435866e-06
17100 	 17511 	 2.4552333655e+00 	 2.7830289355e-06
17200 	 17614 	 2.4552333652e+00 	 1.8210125326e-06
17300 	 17714 	 2.4552333650e+00 	 1.7850060131e-06
17400 	 17815 	 2.4552333648e+00 	 1.9866395895e-06
17500 	 17916 	 2.4552333646e+00 	 2.7754246149e-06
17600 	 18018 	 2.4552333644e+00 	 1.1101854977e-06
17700 	 18120 	 2.4552333643e+00 	 9.0203380706e-07
17800 	 18222 	 2.4552333642e+00 	 1.1262623040e-06
17900 	 18323 	 2.4552333640e+00 	 1.0323893761e-06
18000 	 18424 	 2.4552333639e+00 	 1.2867266083e-06
18100 	 18527 	 2.4552333637e+00 	 2.3409566687e-06
18200 	 18628 	 2.4552333635e+00 	 1.3385630090e-06
18300 	 18728 	 2.4552333632e+00 	 1.5882404095e-06
18400 	 18829 	 2.4552333630e+00 	 1.3524992162e-06
18500 	 18931 	 2.4552333628e+00 	 1.6441186639e-06
18600 	 19033 	 2.4552333627e+00 	 1.3072340417e-06
18700 	 19134 	 2.4552333626e+00 	 1.0223979683e-06
18800 	 19237 	 2.4552333625e+00 	 1.5042085831e-06
18900 	 19337 	 2.4552333624e+00 	 1.2924534411e-06
19000 	 19441 	 2.4552333623e+00 	 1.4365626490e-06
19100 	 19542 	 2.4552333622e+00 	 1.0191915483e-06
19200 	 19643 	 2.4552333621e+00 	 9.1053476142e-07
19300 	 19746 	 2.4552333621e+00 	 7.8309033645e-07
19400 	 19849 	 2.4552333620e+00 	 8.7591864374e-07
19500 	 19951 	 2.4552333619e+00 	 1.3747575535e-06
19600 	 20053 	 2.4552333618e+00 	 7.5528664310e-07
19700 	 20156 	 2.4552333618e+00 	 7.6008897874e-07
19800 	 20259 	 2.4552333617e+00 	 6.3467571227e-07
19900 	 20360 	 2.4552333617e+00 	 5.6875796135e-07
20000 	 20463 	 2.4552333617e+00 	 3.9497089012e-07
20100 	 20566 	 2.4552333616e+00 	 9.2010988189e-07
20200 	 20668 	 2.4552333616e+00 	 3.7327576499e-07
20300 	 20771 	 2.4552333616e+00 	 4.6743014892e-07
20400 	 20873 	 2.4552333616e+00 	 3.5893074940e-07
20500 	 20976 	 2.4552333616e+00 	 4.3978306918e-07
20600 	 21078 	 2.4552333615e+00 	 3.1224113683e-07
20700 	 21183 	 2.4552333615e+00 	 4.4591602822e-07
20800 	 21285 	 2.4552333615e+00 	 7.8726457313e-07
20900 	 21390 	 2.4552333615e+00 	 6.1087837702e-07
21000 	 21493 	 2.4552333615e+00 	 5.0336023446e-07
21100 	 21594 	 2.4552333615e+00 	 3.5973648782e-07
21200 	 21696 	 2.4552333615e+00 	 5.1220932100e-07
21300 	 21798 	 2.4552333614e+00 	 4.2297034463e-07
21400 	 21900 	 2.4552333614e+00 	 1.3635404316e-06
21500 	 22002 	 2.4552333614e+00 	 4.0466408489e-07
21600 	 22104 	 2.4552333614e+00 	 3.8065629069e-07
21700 	 22207 	 2.4552333614e+00 	 3.3773873009e-07
21800 	 22311 	 2.4552333614e+00 	 2.7468217740e-07
21900 	 22412 	 2.4552333613e+00 	 2.3670029281e-07
22000 	 22513 	 2.4552333613e+00 	 2.9862478578e-07
22100 	 22616 	 2.4552333613e+00 	 2.4748471540e-07
22200 	 22717 	 2.4552333613e+00 	 2.2916835508e-07
22300 	 22819 	 2.4552333613e+00 	 2.5937078676e-07
22400 	 22921 	 2.4552333613e+00 	 2.8078894735e-07
22500 	 23026 	 2.4552333613e+00 	 7.4536436404e-07
22600 	 23128 	 2.4552333613e+00 	 2.7731390580e-07
22700 	 23230 	 2.4552333613e+00 	 2.6512830848e-07
22800 	 23334 	 2.4552333613e+00 	 2.4837255139e-07
22900 	 23436 	 2.4552333613e+00 	 4.4658259627e-07
23000 	 23536 	 2.4552333613e+00 	 2.9156449887e-07
23100 	 23639 	 2.4552333613e+00 	 4.2049190815e-07
23200 	 23741 	 2.4552333613e+00 	 3.0070823383e-07
23300 	 23843 	 2.4552333613e+00 	 2.9558795709e-07
23400 	 23944 	 2.4552333612e+00 	 3.3182131815e-07
23500 	 24049 	 2.4552333612e+00 	 2.6040627513e-07
23600 	 24154 	 2.4552333612e+00 	 3.2655991967e-07
23700 	 24258 	 2.4552333612e+00 	 2.8575002810e-07
23800 	 24365 	 2.4552333612e+00 	 1.6611630137e-07
23900 	 24468 	 2.4552333612e+00 	 4.9632481897e-07
24000 	 24572 	 2.4552333612e+00 	 1.8591353396e-07
24100 	 24684 	 2.4552333612e+00 	 2.4196435852e-07
24200 	 24792 	 2.4552333612e+00 	 5.9061434043e-08
24300 	 24903 	 2.4552333612e+00 	 1.7068373723e-07
24400 	 25011 	 2.4552333612e+00 	 7.0941635989e-08
24500 	 25120 	 2.4552333612e+00 	 8.8516163533e-08
24600 	 25233 	 2.4552333612e+00 	 1.1865903091e-07
24700 	 25341 	 2.4552333612e+00 	 8.4070038522e-08
24800 	 25455 	 2.4552333612e+00 	 5.3217989829e-08
# ---- 
 1 		 24829 	 25502 		 3.0466830125e+00 	 2.4552333612e+00 	 5.8166324844e-08
# ---- 
100 	 103 	 5.6378767670e+00 	 1.4419349030e-02
200 	 205 	 5.6262929755e+00 	 1.2077797791e-02
300 	 309 	 5.6189058150e+00 	 1.0935144900e-02
400 	 411 	 5.6151808044e+00 	 1.0571732417e-02
500 	 514 	 5.6126644077e+00 	 6.7789000027e-03
600 	 614 	 5.6117470095e+00 	 2.2093581535e-03
700 	 718 	 5.6115042742e+00 	 1.7299193363e-03
800 	 821 	 5.6113696474e+00 	 1.1928004450e-03
900 	 923 	 5.6111503306e+00 	 1.8343191589e-03
1000 	 1025 	 5.6108943280e+00 	 2.1857886545e-03
1100 	 1127 	 5.6107239400e+00 	 2.1995283096e-03
1200 	 1231 	 5.6106169944e+00 	 2.0552506506e-03
1300 	 1332 	 5.6105374489e+00 	 1.1630098315e-03
1400 	 1433 	 5.6104472009e+00 	 8.7724162632e-04
1500 	 1533 	 5.6103709931e+00 	 1.2885867904e-03
1600 	 1635 	 5.6103104741e+00 	 1.0230100077e-03
1700 	 1736 	 5.6102551971e+00 	 7.6611002457e-04
1800 	 1837 	 5.6102160423e+00 	 6.1943105373e-04
1900 	 1941 	 5.6101815990e+00 	 7.2864628238e-04
2000 	 2044 	 5.6101474431e+00 	 6.1643276185e-04
2100 	 2147 	 5.6101237782e+00 	 7.5536925077e-04
2200 	 2249 	 5.6100967421e+00 	 6.4220060875e-04
2300 	 2350 	 5.6100709665e+00 	 5.4644863350e-04
2400 	 2451 	 5.6100492356e+00 	 1.1382069136e-03
2500 	 2553 	 5.6100342323e+00 	 4.5420317606e-04
2600 	 2654 	 5.6100217012e+00 	 3.9860667528e-04
2700 	 2757 	 5.6100113444e+00 	 3.7714605165e-04
2800 	 2859 	 5.6099988471e+00 	 4.4579278428e-04
2900 	 2961 	 5.6099877390e+00 	 8.4075361326e-04
3000 	 3063 	 5.6099762650e+00 	 2.1106897476e-04
3100 	 3168 	 5.6099689975e+00 	 5.8051588459e-04
3200 	 3271 	 5.6099605030e+00 	 3.5944357652e-04
3300 	 3374 	 5.6099533054e+00 	 3.2099577941e-04
3400 	 3477 	 5.6099488491e+00 	 5.9507804895e-04
3500 	 3580 	 5.6099458859e+00 	 2.2451948839e-04
3600 	 3683 	 5.6099433612e+00 	 1.6264467647e-04
3700 	 3787 	 5.6099412912e+00 	 1.3393612201e-04
3800 	 3890 	 5.6099400993e+00 	 1.4356801600e-04
3900 	 3992 	 5.6099384866e+00 	 2.0304147709e-04
4000 	 4097 	 5.6099362427e+00 	 1.2888395750e-04
4100 	 4200 	 5.6099329975e+00 	 1.7765891985e-04
4200 	 4302 	 5.6099302507e+00 	 1.4614835061e-04
4300 	 4404 	 5.6099281514e+00 	 1.5732282846e-04
4400 	 4509 	 5.6099266043e+00 	 1.4189615722e-04
4500 	 4612 	 5.6099255587e+00 	 1.3126875495e-04
4600 	 4716 	 5.6099247388e+00 	 1.2592206330e-04
4700 	 4817 	 5.6099240564e+00 	 1.5493186087e-04
4800 	 4921 	 5.6099231851e+00 	 9.8221529904e-05
4900 	 5023 	 5.6099220791e+00 	 1.9890829781e-04
5000 	 5124 	 5.6099208664e+00 	 1.8103790195e-04
5100 	 5227 	 5.6099197413e+00 	 1.5062499578e-04
5200 	 5329 	 5.6099186612e+00 	 1.8991983359e-04
5300 	 5433 	 5.6099175784e+00 	 1.3641388725e-04
5400 	 5534 	 5.6099165839e+00 	 1.0087411918e-04
5500 	 5637 	 5.6099156816e+00 	 1.6738400376e-04
5600 	 5740 	 5.6099146737e+00 	 8.4967181119e-05
5700 	 5841 	 5.6099140071e+00 	 1.5024120495e-04
5800 	 5943 	 5.6099135247e+00 	 6.5991246167e-05
5900 	 6046 	 5.6099131385e+00 	 6.3863242448e-05
6000 	 6148 	 5.6099128491e+00 	 1.9807376766e-04
6100 	 6251 	 5.6099125185e+00 	 5.7459910932e-05
6200 	 6353 	 5.6099122194e+00 	 7.3397265112e-05
6300 	 6455 	 5.6099118059e+00 	 9.0649990067e-05
6400 	 6558 	 5.6099114337e+00 	 1.1416160666e-04
6500 	 6659 	 5.6099111349e+00 	 4.9022601904e-05
6600 	 6760 	 5.6099107892e+00 	 9.5399473260e-05
6700 	 6863 	 5.6099104132e+00 	 6.9617236820e-05
6800 	 6966 	 5.6099100481e+00 	 1.1630200824e-04
6900 	 7067 	 5.6099097368e+00 	 6.9510756891e-05
7000 	 7168 	 5.6099093895e+00 	 5.9414968059e-05
7100 	 7271 	 5.6099090669e+00 	 1.2203806423e-04
7200 	 7372 	 5.6099087507e+00 	 6.2688414862e-05
7300 	 7473 	 5.6099084902e+00 	 5.9953668389e-05
7400 	 7577 	 5.6099083153e+00 	 8.6659933144e-05
7500 	 7681 	 5.6099081655e+00 	 5.9963589407e-05
7600 	 7783 	 5.6099080652e+00 	 3.1166628999e-05
7700 	 7884 	 5.6099079860e+00 	 3.4618680676e-05
7800 	 7986 	 5.6099079098e+00 	 5.1018196171e-05
7900 	 8088 	 5.6099078408e+00 	 3.1554839357e-05
8000 	 8191 	 5.6099077646e+00 	 3.6664897335e-05
8100 	 8294 	 5.6099076741e+00 	 8.5519710207e-05
8200 	 8396 	 5.6099075721e+00 	 5.6918069359e-05
8300 	 8499 	 5.6099074893e+00 	 2.8414570886e-05
8400 	 8602 	 5.6099074254e+00 	 1.9479419848e-05
8500 	 8702 	 5.6099073769e+00 	 2.6751750581e-05
8600 	 8806 	 5.6099073276e+00 	 2.0742712359e-05
8700 	 8908 	 5.6099072829e+00 	 2.4707442710e-05
8800 	 9010 	 5.6099072526e+00 	 2.1674118514e-05
8900 	 9113 	 5.6099072174e+00 	 1.7657521869e-05
9000 	 9215 	 5.6099071734e+00 	 5.3395781108e-05
9100 	 9319 	 5.6099071316e+00 	 1.5524141793e-05
9200 	 9421 	 5.6099070992e+00 	 3.1062901343e-05
9300 	 9524 	 5.6099070729e+00 	 1.6784325844e-05
9400 	 9625 	 5.6099070493e+00 	 2.4971155799e-05
9500 	 9727 	 5.6099070276e+00 	 1.5503787657e-05
9600 	 9830 	 5.6099070074e+00 	 1.4439588361e-05
9700 	 9932 	 5.6099069888e+00 	 1.3491193536e-05
9800 	 10035 	 5.6099069684e+00 	 1.4602495955e-05
9900 	 10139 	 5.6099069506e+00 	 1.1937216517e-05
10000 	 10240 	 5.6099069329e+00 	 1.2645378665e-05
10100 	 10343 	 5.6099069186e+00 	 1.6872188306e-05
10200 	 10445 	 5.6099069058e+00 	 8.5523668184e-06
10300 	 10547 	 5.6099068945e+00 	 9.7346997212e-06
10400 	 10650 	 5.6099068826e+00 	 1.2399169582e-05
10500 	 10753 	 5.6099068729e+00 	 8.9767394404e-06
10600 	 10855 	 5.6099068640e+00 	 7.8736952715e-06
10700 	 10956 	 5.6099068575e+00 	 9.6728704606e-06
10800 	 11059 	 5.6099068509e+00 	 1.0837619465e-05
10900 	 11163 	 5.6099068454e+00 	 8.5576468619e-06
11000 	 11265 	 5.6099068393e+00 	 1.4064698508e-05
11100 	 11368 	 5.6099068325e+00 	 7.2125784572e-06
11200 	 11469 	 5.6099068272e+00 	 7.6920636458e-06
11300 	 11573 	 5.6099068208e+00 	 7.5078193134e-06
11400 	 11676 	 5.6099068150e+00 	 2.2279384516e-05
11500 	 11778 	 5.6099068096e+00 	 1.0161646544e-05
11600 	 11880 	 5.6099068040e+00 	 7.2042864693e-06
11700 	 11984 	 5.6099067988e+00 	 8.8228710055e-06
11800 	 12084 	 5.6099067938e+00 	 7.9874387677e-06
11900 	 12187 	 5.6099067893e+00 	 1.0907956723e-05
12000 	 12290 	 5.6099067851e+00 	 6.5623437074e-06
12100 	 12392 	 5.6099067819e+00 	 1.3207380206e-05
12200 	 12493 	 5.6099067788e+00 	 5.2262662772e-06
12300 	 12596 	 5.6099067759e+00 	 6.3221904165e-06
12400 	 12696 	 5.6099067739e+00 	 3.7959558162e-06
12500 	 12799 	 5.6099067724e+00 	 3.8673552979e-06
12600 	 12901 	 5.6099067713e+00 	 3.0139039527e-06
12700 	 13001 	 5.6099067698e+00 	 4.9449017540e-06
12800 	 13101 	 5.6099067683e+00 	 3.5936957654e-06
12900 	 13202 	 5.6099067670e+00 	 2.9242413122e-06
13000 	 13305 	 5.6099067657e+00 	 4.5497042765e-06
13100 	 13409 	 5.6099067643e+00 	 3.1534845485e-06
13200 	 13510 	 5.6099067630e+00 	 3.9306161668e-06
13300 	 13615 	 5.6099067617e+00 	 3.5299805645e-06
13400 	 13717 	 5.6099067605e+00 	 2.7122894154e-06
13500 	 13820 	 5.6099067598e+00 	 3.3464544849e-06
13600 	 13922 	 5.6099067592e+00 	 6.2968670023e-06
13700 	 14025 	 5.6099067587e+00 	 2.6678778052e-06
13800 	 14129 	 5.6099067584e+00 	 1.6961721425e-06
13900 	 14232 	 5.6099067581e+00 	 2.3231943731e-06
14000 	 14333 	 5.6099067578e+00 	 1.5767231244e-06
14100 	 14433 	 5.6099067575e+00 	 1.6645479781e-06
14200 	 14537 	 5.6099067571e+00 	 2.1963615306e-06
14300 	 14640 	 5.6099067568e+00 	 3.7329322824e-06
14400 	 14743 	 5.6099067565e+00 	 1.3276710665e-06
14500 	 14844 	 5.6099067562e+00 	 1.4046226664e-06
14600 	 14949 	 5.6099067560e+00 	 1.6730139306e-06
14700 	 15052 	 5.6099067557e+00 	 1.7796197250e-06
14800 	 15153 	 5.6099067553e+00 	 1.9782068813e-06
14900 	 15256 	 5.6099067550e+00 	 2.2363507678e-06
15000 	 15357 	 5.6099067547e+00 	 2.4284993314e-06
15100 	 15458 	 5.6099067545e+00 	 1.7231890383e-06
15200 	 15561 	 5.6099067543e+00 	 1.6838148707e-06
15300 	 15663 	 5.6099067542e+00 	 1.8596184682e-06
15400 	 15765 	 5.6099067540e+00 	 1.5068247626e-06
15500 	 15868 	 5.6099067539e+00 	 2.4844308663e-06
15600 	 15969 	 5.6099067538e+00 	 1.0608786529e-06
15700 	 16073 	 5.6099067537e+00 	 1.1193491300e-06
15800 	 16176 	 5.6099067536e+00 	 1.8661053395e-06
15900 	 16278 	 5.6099067535e+00 	 7.2993047421e-07
16000 	 16380 	 5.6099067535e+00 	 1.6922323306e-06
16100 	 16483 	 5.6099067534e+00 	 7.9504274962e-07
16200 	 16585 	 5.6099067533e+00 	 1.3661514198e-06
16300 	 16686 	 5.6099067533e+00 	 6.9738626761e-07
16400 	 16790 	 5.6099067532e+00 	 8.1801251154e-07
16500 	 16895 	 5.6099067532e+00 	 6.8806125246e-07
16600 	 16997 	 5.6099067531e+00 	 1.0059792735e-06
16700 	 17101 	 5.6099067531e+00 	 7.5621657688e-07
16800 	 17205 	 5.6099067531e+00 	 7.6154905339e-07
16900 	 17308 	 5.6099067530e+00 	 7.2983634618e-07
17000 	 17411 	 5.6099067530e+00 	 4.1080631764e-07
17100 	 17515 	 5.6099067530e+00 	 4.0727974325e-07
17200 	 17616 	 5.6099067530e+00 	 6.2830119248e-07
17300 	 17717 	 5.6099067530e+00 	 2.8587167374e-07
17400 	 17820 	 5.6099067530e+00 	 3.3939480739e-07
17500 	 17925 	 5.6099067530e+00 	 3.3108520945e-07
17600 	 18028 	 5.6099067530e+00 	 3.2525294293e-07
17700 	 18131 	 5.6099067529e+00 	 4.3942854033e-07
17800 	 18232 	 5.6099067529e+00 	 3.2134156593e-07
17900 	 18334 	 5.6099067529e+00 	 4.9380995531e-07
18000 	 18440 	 5.6099067529e+00 	 3.2991336120e-07
18100 	 18542 	 5.6099067529e+00 	 3.8263192915e-07
18200 	 18646 	 5.6099067529e+00 	 2.4258649898e-07
18300 	 18752 	 5.6099067529e+00 	 3.2991248548e-07
18400 	 18859 	 5.6099067529e+00 	 2.2091908420e-07
18500 	 18962 	 5.6099067529e+00 	 2.3907978896e-07
18600 	 19067 	 5.6099067529e+00 	 1.4707702630e-07
18700 	 19171 	 5.6099067529e+00 	 2.6567321848e-07
18800 	 19274 	 5.6099067529e+00 	 4.0433358587e-07
18900 	 19380 	 5.6099067529e+00 	 3.8825043539e-07
19000 	 19487 	 5.6099067529e+00 	 3.1167977492e-07
19100 	 19592 	 5.6099067529e+00 	 2.0905285491e-07
19200 	 19698 	 5.6099067529e+00 	 5.3072726813e-07
19300 	 19805 	 5.6099067529e+00 	 3.4001695336e-07
19400 	 19918 	 5.6099067528e+00 	 1.5063129453e-07
19500 	 20033 	 5.6099067528e+00 	 1.2385967360e-07
# ---- 
 1 		 19529 	 20077 		 6.1799201822e+00 	 5.6099067528e+00 	 2.0600230972e-07
# ---- 
100 	 105 	 1.0124862253e+01 	 1.1182093369e-02
200 	 207 	 1.0115666414e+01 	 1.3081501529e-02
300 	 310 	 1.0109088914e+01 	 7.8525304161e-03
400 	 413 	 1.0105709963e+01 	 1.1990137596e-02
500 	 515 	 1.0103364127e+01 	 7.8433168853e-03
600 	 617 	 1.0102277514e+01 	 3.1954001712e-03
700 	 719 	 1.0101965038e+01 	 2.3517712855e-03
800 	 820 	 1.0101780594e+01 	 3.7800380362e-03
900 	 922 	 1.0101549962e+01 	 2.1197518699e-03
1000 	 1024 	 1.0101313772e+01 	 1.7215898709e-03
1100 	 1126 	 1.0101134622e+01 	 1.3340018715e-03
1200 	 1229 	 1.0101024880e+01 	 1.2003037234e-03
1300 	 1332 	 1.0100924681e+01 	 9.4564528449e-04
1400 	 1434 	 1.0100827122e+01 	 1.1748112858e-03
1500 	 1537 	 1.0100760006e+01 	 2.2470725602e-03
1600 	 1640 	 1.0100708581e+01 	 8.5368219003e-04
1700 	 1742 	 1.0100668323e+01 	 2.4357628411e-03
1800 	 1843 	 1.0100624315e+01 	 1.1142995080e-03
1900 	 1946 	 1.0100585314e+01 	 7.2536113994e-04
2000 	 2049 	 1.0100554553e+01 	 5.8014155503e-04
2100 	 2151 	 1.0100532927e+01 	 6.0692353754e-04
2200 	 2254 	 1.0100513911e+01 	 4.5923212536e-04
2300 	 2358 	 1.0100496252e+01 	 1.1606250396e-03
2400 	 2460 	 1.0100483408e+01 	 6.0758749673e-04
2500 	 2561 	 1.0100470648e+01 	 3.5090383407e-04
2600 	 2665 	 1.0100460595e+01 	 2.4571805735e-04
2700 	 2769 	 1.0100454132e+01 	 5.0845274395e-04
2800 	 2872 	 1.0100447777e+01 	 9.6639530813e-04
2900 	 2975 	 1.0100438827e+01 	 3.6752439940e-04
3000 	 3076 	 1.0100430657e+01 	 3.3359728162e-04
3100 	 3179 	 1.0100425949e+01 	 3.2376007787e-04
3200 	 3281 	 1.0100423114e+01 	 2.4249716648e-04
3300 	 3383 	 1.0100421236e+01 	 2.8997431427e-04
3400 	 3484 	 1.0100419558e+01 	 1.4122828753e-04
3500 	 3588 	 1.0100418372e+01 	 1.1955266666e-04
3600 	 3689 	 1.0100417071e+01 	 1.5766148964e-04
3700 	 3792 	 1.0100415648e+01 	 3.5842542839e-04
3800 	 3895 	 1.0100414360e+01 	 1.4924554113e-04
3900 	 3996 	 1.0100413237e+01 	 1.1656084753e-04
4000 	 4098 	 1.0100412242e+01 	 1.3729229302e-04
4100 	 4199 	 1.0100411395e+01 	 1.0822661023e-04
4200 	 4300 	 1.0100410771e+01 	 2.2427289277e-04
4300 	 4404 	 1.0100410041e+01 	 1.5869490313e-04
4400 	 4507 	 1.0100409489e+01 	 7.7187028326e-05
4500 	 4608 	 1.0100408892e+01 	 1.1666276468e-04
4600 	 4711 	 1.0100408164e+01 	 9.6454519434e-05
4700 	 4814 	 1.0100407445e+01 	 9.1055450638e-05
4800 	 4918 	 1.0100406735e+01 	 1.0802940585e-04
4900 	 5023 	 1.0100406004e+01 	 1.4337778658e-04
5000 	 5125 	 1.0100405304e+01 	 1.1083046357e-04
5100 	 5229 	 1.0100404689e+01 	 8.6647073223e-05
5200 	 5331 	 1.0100404019e+01 	 1.6488456488e-04
5300 	 5433 	 1.0100403362e+01 	 6.9224426547e-05
5400 	 5536 	 1.0100402857e+01 	 9.5490561583e-05
5500 	 5638 	 1.0100402354e+01 	 1.5086981500e-04
5600 	 5739 	 1.0100401886e+01 	 8.3495243619e-05
5700 	 5842 	 1.0100401584e+01 	 7.1976369919e-05
5800 	 5944 	 1.0100401406e+01 	 4.2716063473e-05
5900 	 6045 	 1.0100401236e+01 	 3.4517353779e-05
6000 	 6148 	 1.0100401108e+01 	 3.1645125651e-05
6100 	 6251 	 1.0100400977e+01 	 6.7141995134e-05
6200 	 6353 	 1.0100400772e+01 	 5.7899025314e-05
6300 	 6455 	 1.0100400563e+01 	 4.6163193956e-05
6400 	 6560 	 1.0100400404e+01 	 3.4914416925e-05
6500 	 6662 	 1.0100400295e+01 	 3.3338483787e-05
6600 	 6764 	 1.0100400215e+01 	 2.8872689558e-05
6700 	 6867 	 1.0100400147e+01 	 5.2731403483e-05
6800 	 6970 	 1.0100400094e+01 	 2.7280056199e-05
6900 	 7074 	 1.0100400042e+01 	 2.0692152022e-05
7000 	 7179 	 1.0100399989e+01 	 3.2458809847e-05
7100 	 7281 	 1.0100399929e+01 	 6.4476966304e-05
7200 	 7384 	 1.0100399864e+01 	 3.6705443331e-05
7300 	 7488 	 1.0100399780e+01 	 5.1094013857e-05
7400 	 7592 	 1.0100399687e+01 	 3.3664536426e-05
7500 	 7693 	 1.0100399574e+01 	 3.7775928783e-05
7600 	 7793 	 1.0100399482e+01 	 3.4934279996e-05
7700 	 7896 	 1.0100399418e+01 	 2.4738143801e-05
7800 	 7997 	 1.0100399372e+01 	 2.1440642265e-05
7900 	 8099 	 1.0100399345e+01 	 2.4960213936e-05
8000 	 8201 	 1.0100399332e+01 	 1.6768055160e-05
8100 	 8305 	 1.0100399323e+01 	 7.4388601207e-06
8200 	 8405 	 1.0100399317e+01 	 9.5319410945e-06
8300 	 8507 	 1.0100399311e+01 	 7.4988805949e-06
8400 	 8609 	 1.0100399305e+01 	 6.3988569560e-06
8500 	 8713 	 1.0100399299e+01 	 1.0325653238e-05
8600 	 8816 	 1.0100399294e+01 	 5.9902169055e-06
8700 	 8920 	 1.0100399289e+01 	 1.0157060466e-05
8800 	 9022 	 1.0100399283e+01 	 6.5799948504e-06
8900 	 9126 	 1.0100399276e+01 	 1.9135192112e-05
9000 	 9227 	 1.0100399269e+01 	 2.0651675067e-05
9100 	 9330 	 1.0100399264e+01 	 6.4682841678e-06
9200 	 9433 	 1.0100399259e+01 	 7.7639587169e-06
9300 	 9537 	 1.0100399254e+01 	 5.7259249905e-06
9400 	 9639 	 1.0100399249e+01 	 1.8759773207e-05
9500 	 9741 	 1.0100399246e+01 	 5.8552060894e-06
9600 	 9843 	 1.0100399243e+01 	 9.4164537485e-06
9700 	 9944 	 1.0100399240e+01 	 4.5041601655e-06
9800 	 10046 	 1.0100399238e+01 	 7.8164659066e-06
9900 	 10150 	 1.0100399237e+01 	 9.0398357220e-06
10000 	 10251 	 1.0100399236e+01 	 4.5354346102e-06
10100 	 10352 	 1.0100399235e+01 	 2.8356959261e-06
10200 	 10453 	 1.0100399234e+01 	 1.9819910769e-06
10300 	 10558 	 1.0100399234e+01 	 1.8731527533e-06
10400 	 10660 	 1.0100399233e+01 	 3.2359034617e-06
10500 	 10762 	 1.0100399233e+01 	 3.4256990300e-06
10600 	 10867 	 1.0100399232e+01 	 2.3037571934e-06
10700 	 10972 	 1.0100399232e+01 	 1.9252804265e-06
10800 	 11074 	 1.0100399231e+01 	 2.5250271556e-06
10900 	 11176 	 1.0100399231e+01 	 2.7267693279e-06
11000 	 11278 	 1.0100399230e+01 	 2.4535334756e-06
11100 	 11381 	 1.0100399230e+01 	 2.1539372861e-06
11200 	 11484 	 1.0100399229e+01 	 5.0468440292e-06
11300 	 11587 	 1.0100399229e+01 	 2.2847751624e-06
11400 	 11689 	 1.0100399229e+01 	 1.8329328581e-06
11500 	 11790 	 1.0100399228e+01 	 1.9682787318e-06
11600 	 11893 	 1.0100399228e+01 	 1.3254722390e-06
11700 	 11996 	 1.0100399228e+01 	 1.1654707554e-06
11800 	 12100 	 1.0100399228e+01 	 1.6758914319e-06
11900 	 12200 	 1.0100399228e+01 	 1.9056860818e-06
12000 	 12303 	 1.0100399227e+01 	 1.8875384317e-06
12100 	 12405 	 1.0100399227e+01 	 1.9293625378e-06
12200 	 12507 	 1.0100399227e+01 	 2.1320108251e-06
12300 	 12607 	 1.0100399227e+01 	 1.5530351582e-06
12400 	 12709 	 1.0100399226e+01 	 1.4277180816e-06
12500 	 12814 	 1.0100399226e+01 	 9.3329944687e-07
12600 	 12918 	 1.0100399226e+01 	 8.0318555364e-07
12700 	 13018 	 1.0100399226e+01 	 8.0279713416e-07
12800 	 13122 	 1.0100399226e+01 	 7.2550671894e-07
12900 	 13224 	 1.0100399226e+01 	 4.6230010792e-07
13000 	 13327 	 1.0100399226e+01 	 4.7212092873e-07
13100 	 13428 	 1.0100399226e+01 	 6.3613127054e-07
13200 	 13529 	 1.0100399226e+01 	 6.7275474614e-07
13300 	 13633 	 1.0100399226e+01 	 5.7958365090e-07
13400 	 13735 	 1.0100399226e+01 	 9.3477002069e-07
13500 	 13839 	 1.0100399226e+01 	 4.3053453447e-07
13600 	 13941 	 1.0100399226e+01 	 1.0940740991e-06
13700 	 14042 	 1.0100399226e+01 	 9.7989474796e-07
13800 	 14146 	 1.0100399226e+01 	 8.6909851587e-07
13900 	 14249 	 1.0100399226e+01 	 7.0639465733e-07
14000 	 14353 	 1.0100399226e+01 	 5.7044012925e-07
14100 	 14457 	 1.0100399226e+01 	 4.2710338805e-07
14200 	 14559 	 1.0100399226e+01 	 4.5890739425e-07
14300 	 14662 	 1.0100399226e+01 	 5.5683527250e-07
14400 	 14765 	 1.0100399226e+01 	 4.7643701893e-07
14500 	 14868 	 1.0100399226e+01 	 6.4504138157e-07
14600 	 14973 	 1.0100399225e+01 	 3.8481561012e-07
14700 	 15075 	 1.0100399225e+01 	 3.3096592304e-07
14800 	 15185 	 1.0100399225e+01 	 2.1076001711e-07
14900 	 15291 	 1.0100399225e+01 	 3.6406565672e-07
15000 	 15403 	 1.0100399225e+01 	 1.4447306084e-07
15100 	 15516 	 1.0100399225e+01 	 2.0761567889e-07
15200 	 15631 	 1.0100399225e+01 	 9.3004728097e-08
15300 	 15744 	 1.0100399225e+01 	 3.1875736072e-07
15400 	 15865 	 1.0100399225e+01 	 1.7476417720e-07
# ---- 
 1 		 15449 	 15930 		 1.0657812672e+01 	 1.0100399225e+01 	 1.3171562056e-07
# ---- 
100 	 103 	 1.5970378364e+01 	 1.0273451168e-02
200 	 206 	 1.5962269678e+01 	 8.5718063279e-03
300 	 308 	 1.5956640117e+01 	 7.9618725529e-03
400 	 409 	 1.5953322905e+01 	 8.2936178895e-03
500 	 511 	 1.5951244727e+01 	 7.2023226952e-03
600 	 614 	 1.5950163968e+01 	 2.5458952551e-03
700 	 715 	 1.5949797028e+01 	 2.0842724630e-03
800 	 815 	 1.5949608154e+01 	 1.4311439788e-03
900 	 919 	 1.5949406829e+01 	 1.7656278312e-03
1000 	 1023 	 1.5949187739e+01 	 1.9747897598e-03
1100 	 1125 	 1.5948942612e+01 	 3.3496640597e-03
1200 	 1225 	 1.5948823937e+01 	 1.2739131672e-03
1300 	 1327 	 1.5948737694e+01 	 7.0688158633e-04
1400 	 1429 	 1.5948666469e+01 	 8.2262081086e-04
1500 	 1531 	 1.5948610497e+01 	 8.8683684927e-04
1600 	 1634 	 1.5948557976e+01 	 7.3551908257e-04
1700 	 1739 	 1.5948513782e+01 	 8.0258907584e-04
1800 	 1841 	 1.5948479060e+01 	 1.4851833069e-03
1900 	 1941 	 1.5948452647e+01 	 6.0757254042e-04
2000 	 2044 	 1.5948426864e+01 	 9.0826842876e-04
2100 	 2147 	 1.5948408356e+01 	 4.3236445043e-04
2200 	 2250 	 1.5948393014e+01 	 3.0614615760e-04
2300 	 2351 	 1.5948382988e+01 	 2.9167469044e-04
2400 	 2453 	 1.5948374223e+01 	 2.9268719538e-04
2500 	 2558 	 1.5948365796e+01 	 3.1599095746e-04
2600 	 2659 	 1.5948357904e+01 	 3.1155478773e-04
2700 	 2761 	 1.5948351871e+01 	 2.5202479056e-04
2800 	 2862 	 1.5948347214e+01 	 1.7840251715e-04
2900 	 2963 	 1.5948343322e+01 	 1.9074800079e-04
3000 	 3064 	 1.5948340631e+01 	 2.1651793311e-04
3100 	 3165 	 1.5948338900e+01 	 2.4772618567e-04
3200 	 3270 	 1.5948337426e+01 	 2.2087825733e-04
3300 	 3373 	 1.5948336018e+01 	 1.5942115433e-04
3400 	 3474 	 1.5948335010e+01 	 9.9046327392e-05
3500 	 3576 	 1.5948334082e+01 	 1.0566243334e-04
3600 	 3677 	 1.5948333179e+01 	 1.0599473054e-04
3700 	 3779 	 1.5948332424e+01 	 8.0752905151e-05
3800 	 3881 	 1.5948331955e+01 	 6.7778035600e-05
3900 	 3983 	 1.5948331548e+01 	 7.4215567522e-05
4000 	 4084 	 1.5948331095e+01 	 6.1158262726e-05
4100 	 4187 	 1.5948330708e+01 	 7.1219438033e-05
4200 	 4291 	 1.5948330146e+01 	 8.5584726891e-05
4300 	 4393 	 1.5948329400e+01 	 8.5944069864e-05
4400 	 4495 	 1.5948328565e+01 	 1.3699686450e-04
4500 	 4596 	 1.5948327707e+01 	 1.0289883008e-04
4600 	 4697 	 1.5948326915e+01 	 1.1436994630e-04
4700 	 4800 	 1.5948326227e+01 	 1.0017779328e-04
4800 	 4901 	 1.5948325785e+01 	 1.0704856069e-04
4900 	 5002 	 1.5948325481e+01 	 1.0227901810e-04
5000 	 5104 	 1.5948325228e+01 	 5.0733380865e-05
5100 	 5207 	 1.5948324997e+01 	 6.0372686353e-05
5200 	 5309 	 1.5948324803e+01 	 5.1375403182e-05
5300 	 5410 	 1.5948324666e+01 	 4.2852797358e-05
5400 	 5510 	 1.5948324549e+01 	 2.8746648667e-05
5500 	 5611 	 1.5948324445e+01 	 4.1120020786e-05
5600 	 5711 	 1.5948324330e+01 	 6.2569461004e-05
5700 	 5813 	 1.5948324214e+01 	 4.5380016421e-05
5800 	 5918 	 1.5948324074e+01 	 3.5442516238e-05
5900 	 6020 	 1.5948323911e+01 	 4.5914855909e-05
6000 	 6122 	 1.5948323778e+01 	 2.6740440349e-05
6100 	 6225 	 1.5948323649e+01 	 3.3189379053e-05
6200 	 6327 	 1.5948323537e+01 	 3.8318526174e-05
6300 	 6432 	 1.5948323460e+01 	 4.6966412621e-05
6400 	 6534 	 1.5948323409e+01 	 2.3171466143e-05
6500 	 6634 	 1.5948323375e+01 	 5.1079096201e-05
6600 	 6736 	 1.5948323353e+01 	 1.9851205653e-05
6700 	 6839 	 1.5948323326e+01 	 2.9867176592e-05
6800 	 6943 	 1.5948323299e+01 	 1.8367083947e-05
6900 	 7045 	 1.5948323278e+01 	 2.3762352061e-05
7000 	 7148 	 1.5948323258e+01 	 1.5008710073e-05
7100 	 7251 	 1.5948323242e+01 	 1.4435247266e-05
7200 	 7354 	 1.5948323226e+01 	 1.9446840794e-05
7300 	 7455 	 1.5948323209e+01 	 1.6168739506e-05
7400 	 7557 	 1.5948323193e+01 	 1.2548899466e-05
7500 	 7660 	 1.5948323175e+01 	 1.6082187486e-05
7600 	 7762 	 1.5948323158e+01 	 1.2728064590e-05
7700 	 7862 	 1.5948323139e+01 	 1.4756361499e-05
7800 	 7964 	 1.5948323126e+01 	 1.2810002833e-05
7900 	 8066 	 1.5948323119e+01 	 8.3578384224e-06
8000 	 8168 	 1.5948323114e+01 	 1.2343692397e-05
8100 	 8271 	 1.5948323111e+01 	 6.8178591842e-06
8200 	 8375 	 1.5948323107e+01 	 8.8729382538e-06
8300 	 8477 	 1.5948323104e+01 	 4.9856131264e-06
8400 	 8580 	 1.5948323101e+01 	 1.0892876402e-05
8500 	 8682 	 1.5948323099e+01 	 7.8594140233e-06
8600 	 8783 	 1.5948323096e+01 	 7.1396431173e-06
8700 	 8886 	 1.5948323093e+01 	 5.3277463666e-06
8800 	 8988 	 1.5948323090e+01 	 4.2597167265e-06
8900 	 9092 	 1.5948323087e+01 	 3.7871292897e-06
9000 	 9193 	 1.5948323086e+01 	 3.9303154115e-06
9100 	 9296 	 1.5948323084e+01 	 5.3906877101e-06
9200 	 9397 	 1.5948323083e+01 	 2.7107554697e-06
9300 	 9497 	 1.5948323082e+01 	 6.2655325722e-06
9400 	 9599 	 1.5948323081e+01 	 3.2650960600e-06
9500 	 9702 	 1.5948323080e+01 	 2.5929816970e-06
9600 	 9805 	 1.5948323079e+01 	 2.9947980485e-06
9700 	 9910 	 1.5948323079e+01 	 2.1326501132e-06
9800 	 10015 	 1.5948323078e+01 	 2.1493255583e-06
9900 	 10117 	 1.5948323078e+01 	 1.8340933334e-06
10000 	 10220 	 1.5948323078e+01 	 2.1080095805e-06
10100 	 10322 	 1.5948323077e+01 	 1.4485480150e-06
10200 	 10424 	 1.5948323077e+01 	 2.8983084261e-06
10300 	 10526 	 1.5948323077e+01 	 1.9416699856e-06
10400 	 10628 	 1.5948323077e+01 	 3.8119137336e-06
10500 	 10729 	 1.5948323077e+01 	 1.2040762153e-06
10600 	 10830 	 1.5948323076e+01 	 1.5621652481e-06
10700 	 10935 	 1.5948323076e+01 	 3.6777668005e-06
10800 	 11040 	 1.5948323076e+01 	 9.4099176413e-07
10900 	 11142 	 1.5948323076e+01 	 1.1002291234e-06
11000 	 11247 	 1.5948323076e+01 	 1.1330628823e-06
11100 	 11348 	 1.5948323076e+01 	 2.0146740288e-06
11200 	 11449 	 1.5948323076e+01 	 1.0544628132e-06
11300 	 11550 	 1.5948323076e+01 	 1.1619792888e-06
11400 	 11652 	 1.5948323076e+01 	 1.0764316617e-06
11500 	 11754 	 1.5948323076e+01 	 1.0508288092e-06
11600 	 11854 	 1.5948323075e+01 	 1.2257535776e-06
11700 	 11956 	 1.5948323075e+01 	 9.0832557563e-07
11800 	 12059 	 1.5948323075e+01 	 6.1389709053e-07
11900 	 12162 	 1.5948323075e+01 	 5.6047620830e-07
12000 	 12267 	 1.5948323075e+01 	 5.0327487785e-07
12100 	 12367 	 1.5948323075e+01 	 4.4178961573e-07
12200 	 12471 	 1.5948323075e+01 	 3.2396686045e-07
12300 	 12575 	 1.5948323075e+01 	 6.6352968039e-07
12400 	 12676 	 1.5948323075e+01 	 9.1864375787e-07
12500 	 12780 	 1.5948323075e+01 	 3.7544057767e-07
12600 	 12884 	 1.5948323075e+01 	 4.5324113483e-07
12700 	 12987 	 1.5948323075e+01 	 2.6909081309e-07
12800 	 13090 	 1.5948323075e+01 	 3.3562381358e-07
12900 	 13208 	 1.5948323075e+01 	 2.5624966820e-07
13000 	 13317 	 1.5948323075e+01 	 2.7351774500e-07
13100 	 13426 	 1.5948323075e+01 	 2.8806323802e-07
# ---- 
 1 		 13185 	 13554 		 1.6497918011e+01 	 1.5948323075e+01 	 2.9889151380e-07
# ---- 
100 	 103 	 2.3189104189e+01 	 1.5800773133e-02
200 	 206 	 2.3181906612e+01 	 2.3953168757e-02
300 	 307 	 2.3176517390e+01 	 6.2399532530e-03
400 	 409 	 2.3173615428e+01 	 4.8383522423e-03
500 	 512 	 2.3171627236e+01 	 5.9813013012e-03
600 	 615 	 2.3170515842e+01 	 3.0095906269e-03
700 	 718 	 2.3170119087e+01 	 1.9944087456e-03
800 	 820 	 2.3169915910e+01 	 1.3104478402e-03
900 	 923 	 2.3169700793e+01 	 1.5519829180e-03
1000 	 1025 	 2.3169483835e+01 	 2.0257975669e-03
1100 	 1129 	 2.3169244568e+01 	 1.6284677530e-03
1200 	 1232 	 2.3169114704e+01 	 1.1570366074e-03
1300 	 1334 	 2.3169037928e+01 	 1.0398930160e-03
1400 	 1438 	 2.3168972799e+01 	 8.0195623162e-04
1500 	 1539 	 2.3168918721e+01 	 7.7373429331e-04
1600 	 1639 	 2.3168869464e+01 	 8.1454732392e-04
1700 	 1743 	 2.3168830489e+01 	 6.7985642694e-04
1800 	 1846 	 2.3168801287e+01 	 5.8960869866e-04
1900 	 1948 	 2.3168780063e+01 	 5.1368465312e-04
2000 	 2051 	 2.3168762835e+01 	 5.1675142436e-04
2100 	 2152 	 2.3168748785e+01 	 4.2590477604e-04
2200 	 2252 	 2.3168737931e+01 	 9.6428064820e-04
2300 	 2354 	 2.3168730062e+01 	 4.2501097009e-04
2400 	 2458 	 2.3168721183e+01 	 4.0389445618e-04
2500 	 2563 	 2.3168713987e+01 	 2.3786297163e-04
2600 	 2666 	 2.3168708349e+01 	 2.2635410080e-04
2700 	 2771 	 2.3168703929e+01 	 3.4567809898e-04
2800 	 2872 	 2.3168700429e+01 	 2.3811139144e-04
2900 	 2974 	 2.3168698118e+01 	 1.7105257679e-04
3000 	 3076 	 2.3168696953e+01 	 2.0854204812e-04
3100 	 3179 	 2.3168696130e+01 	 1.1507667493e-04
3200 	 3281 	 2.3168695172e+01 	 9.0971159773e-05
3300 	 3386 	 2.3168694321e+01 	 1.5923427833e-04
3400 	 3487 	 2.3168693689e+01 	 9.2192651087e-05
3500 	 3590 	 2.3168693130e+01 	 1.8964122956e-04
3600 	 3690 	 2.3168692624e+01 	 1.8717387988e-04
3700 	 3791 	 2.3168692221e+01 	 5.3453817423e-05
3800 	 3893 	 2.3168691867e+01 	 6.2131041904e-05
3900 	 3994 	 2.3168691379e+01 	 9.0852963094e-05
4000 	 4097 	 2.3168690828e+01 	 1.8830518001e-04
4100 	 4198 	 2.3168690235e+01 	 9.4142419641e-05
4200 	 4302 	 2.3168689485e+01 	 6.9869049335e-05
4300 	 4404 	 2.3168688766e+01 	 9.3129900396e-05
4400 	 4506 	 2.3168688176e+01 	 1.0042894567e-04
4500 	 4607 	 2.3168687741e+01 	 6.0104155296e-05
4600 	 4708 	 2.3168687435e+01 	 4.9805295169e-05
4700 	 4810 	 2.3168687181e+01 	 7.6922326804e-05
4800 	 4913 	 2.3168686952e+01 	 5.5208250967e-05
4900 	 5014 	 2.3168686727e+01 	 7.9506805827e-05
5000 	 5116 	 2.3168686599e+01 	 3.1744878554e-05
5100 	 5221 	 2.3168686529e+01 	 2.7563347625e-05
5200 	 5324 	 2.3168686465e+01 	 2.8807303368e-05
5300 	 5427 	 2.3168686416e+01 	 2.5334325962e-05
5400 	 5529 	 2.3168686337e+01 	 3.1709171887e-05
5500 	 5632 	 2.3168686237e+01 	 5.4784110956e-05
5600 	 5737 	 2.3168686152e+01 	 5.8168707865e-05
5700 	 5842 	 2.3168686064e+01 	 3.5508799855e-05
5800 	 5945 	 2.3168685995e+01 	 2.5207663510e-05
5900 	 6047 	 2.3168685933e+01 	 1.9791166892e-05
6000 	 6152 	 2.3168685889e+01 	 2.6384422359e-05
6100 	 6254 	 2.3168685861e+01 	 1.5033300703e-05
6200 	 6357 	 2.3168685841e+01 	 1.1865949406e-05
6300 	 6460 	 2.3168685823e+01 	 1.3854910975e-05
6400 	 6562 	 2.3168685809e+01 	 1.7493798328e-05
6500 	 6664 	 2.3168685796e+01 	 1.1894947676e-05
6600 	 6767 	 2.3168685786e+01 	 3.4615587971e-05
6700 	 6868 	 2.3168685777e+01 	 9.4759229830e-06
6800 	 6968 	 2.3168685767e+01 	 1.0023812925e-05
6900 	 7071 	 2.3168685760e+01 	 6.5886970970e-06
7000 	 7174 	 2.3168685755e+01 	 7.2088040224e-06
7100 	 7277 	 2.3168685751e+01 	 5.1409752773e-06
7200 	 7378 	 2.3168685748e+01 	 8.3753323945e-06
7300 	 7481 	 2.3168685744e+01 	 4.6835918669e-06
7400 	 7583 	 2.3168685742e+01 	 6.0481803143e-06
7500 	 7685 	 2.3168685740e+01 	 4.2194900684e-06
7600 	 7785 	 2.3168685738e+01 	 3.6189074421e-06
7700 	 7889 	 2.3168685736e+01 	 4.0318815958e-06
7800 	 7992 	 2.3168685735e+01 	 3.4843887610e-06
7900 	 8095 	 2.3168685734e+01 	 7.4142377230e-06
8000 	 8198 	 2.3168685733e+01 	 3.9222029368e-06
8100 	 8302 	 2.3168685732e+01 	 3.3143315088e-06
8200 	 8403 	 2.3168685731e+01 	 2.3279665015e-06
8300 	 8508 	 2.3168685731e+01 	 3.6880019639e-06
8400 	 8613 	 2.3168685730e+01 	 2.8293960928e-06
8500 	 8714 	 2.3168685730e+01 	 2.0960776176e-06
8600 	 8816 	 2.3168685729e+01 	 3.4698255946e-06
8700 	 8916 	 2.3168685729e+01 	 3.3755034199e-06
8800 	 9021 	 2.3168685729e+01 	 1.8102642788e-06
8900 	 9122 	 2.3168685728e+01 	 1.7583918678e-06
9000 	 9224 	 2.3168685728e+01 	 2.1755820447e-06
9100 	 9328 	 2.3168685728e+01 	 1.4917420639e-06
9200 	 9430 	 2.3168685728e+01 	 1.3564762071e-06
9300 	 9533 	 2.3168685727e+01 	 3.0813725336e-06
9400 	 9636 	 2.3168685727e+01 	 1.4025099709e-06
9500 	 9736 	 2.3168685727e+01 	 1.2943250238e-06
9600 	 9838 	 2.3168685727e+01 	 1.3750948948e-06
9700 	 9940 	 2.3168685727e+01 	 8.2554920945e-07
9800 	 10042 	 2.3168685727e+01 	 5.1871086853e-07
9900 	 10147 	 2.3168685727e+01 	 7.2877208273e-07
10000 	 10249 	 2.3168685727e+01 	 1.1555807998e-06
10100 	 10351 	 2.3168685727e+01 	 7.0552470426e-07
10200 	 10456 	 2.3168685727e+01 	 1.0644834288e-06
10300 	 10558 	 2.3168685727e+01 	 7.1345797416e-07
10400 	 10659 	 2.3168685726e+01 	 1.2303147700e-06
10500 	 10764 	 2.3168685726e+01 	 7.0414566913e-07
10600 	 10867 	 2.3168685726e+01 	 5.8124646972e-07
10700 	 10975 	 2.3168685726e+01 	 3.5301710692e-07
10800 	 11081 	 2.3168685726e+01 	 5.1268996010e-07
10900 	 11189 	 2.3168685726e+01 	 2.8801219378e-07
11000 	 11299 	 2.3168685726e+01 	 2.2626530501e-07
11100 	 11406 	 2.3168685726e+01 	 3.7145014983e-07
11200 	 11521 	 2.3168685726e+01 	 1.6244619704e-07
11300 	 11632 	 2.3168685726e+01 	 1.1880746348e-07
11400 	 11747 	 2.3168685726e+01 	 3.4618185474e-07
# ---- 
 1 		 11473 	 11840 		 2.3713061550e+01 	 2.3168685726e+01 	 1.6898376715e-07
# ---- 
100 	 103 	 3.1791687279e+01 	 1.7310736050e-02
200 	 204 	 3.1785073501e+01 	 2.5028368363e-02
300 	 306 	 3.1780049532e+01 	 8.0492748414e-03
400 	 410 	 3.1777359611e+01 	 9.9263827129e-03
500 	 514 	 3.1775594559e+01 	 5.6572544523e-03
600 	 616 	 3.1774463225e+01 	 2.6950529293e-03
700 	 718 	 3.1774017834e+01 	 2.0714496234e-03
800 	 821 	 3.1773782106e+01 	 1.9888455805e-03
900 	 922 	 3.1773561945e+01 	 3.1434523424e-03
1000 	 1024 	 3.1773353752e+01 	 2.2308997048e-03
1100 	 1127 	 3.1773125708e+01 	 1.1635815624e-03
1200 	 1232 	 3.1772993692e+01 	 1.5672495243e-03
1300 	 1334 	 3.1772913989e+01 	 2.6015268185e-03
1400 	 1440 	 3.1772856971e+01 	 8.4328192284e-04
1500 	 1543 	 3.1772804682e+01 	 1.1628976091e-03
1600 	 1645 	 3.1772753914e+01 	 9.6082188563e-04
1700 	 1748 	 3.1772724084e+01 	 1.1383961304e-03
1800 	 1851 	 3.1772700445e+01 	 5.2480274149e-04
1900 	 1952 	 3.1772682628e+01 	 4.1892328338e-04
2000 	 2053 	 3.1772667470e+01 	 7.9502355349e-04
2100 	 2153 	 3.1772653580e+01 	 7.1375859896e-04
2200 	 2256 	 3.1772642562e+01 	 4.0050247395e-04
2300 	 2359 	 3.1772633397e+01 	 3.2935756281e-04
2400 	 2459 	 3.1772626814e+01 	 2.1057737000e-04
2500 	 2561 	 3.1772622315e+01 	 2.3068468561e-04
2600 	 2665 	 3.1772618769e+01 	 1.8448613571e-04
2700 	 2768 	 3.1772616067e+01 	 1.3388291938e-04
2800 	 2874 	 3.1772614038e+01 	 1.7408913540e-04
2900 	 2976 	 3.1772612515e+01 	 1.3393606728e-04
3000 	 3080 	 3.1772611554e+01 	 1.5136992042e-04
3100 	 3182 	 3.1772610873e+01 	 1.2258742669e-04
3200 	 3284 	 3.1772610175e+01 	 8.0381538169e-05
3300 	 3386 	 3.1772609718e+01 	 7.2106895047e-05
3400 	 3490 	 3.1772609310e+01 	 9.5699026591e-05
3500 	 3593 	 3.1772608950e+01 	 8.5684405510e-05
3600 	 3696 	 3.1772608511e+01 	 7.8651910273e-05
3700 	 3797 	 3.1772608026e+01 	 1.4826396660e-04
3800 	 3898 	 3.1772607558e+01 	 1.2655746131e-04
3900 	 4000 	 3.1772607112e+01 	 5.2772047019e-05
4000 	 4103 	 3.1772606592e+01 	 9.7393000939e-05
4100 	 4206 	 3.1772606122e+01 	 7.8019672432e-05
4200 	 4309 	 3.1772605618e+01 	 2.3082410076e-04
4300 	 4412 	 3.1772605145e+01 	 6.7787091797e-05
4400 	 4513 	 3.1772604718e+01 	 1.0852708785e-04
4500 	 4615 	 3.1772604410e+01 	 5.3574772311e-05
4600 	 4717 	 3.1772604193e+01 	 5.6276396828e-05
4700 	 4817 	 3.1772604048e+01 	 5.1837360299e-05
4800 	 4918 	 3.1772603936e+01 	 5.2002667183e-05
4900 	 5020 	 3.1772603867e+01 	 2.1821008608e-05
5000 	 5123 	 3.1772603819e+01 	 6.1700206946e-05
5100 	 5225 	 3.1772603775e+01 	 2.3949523342e-05
5200 	 5330 	 3.1772603730e+01 	 1.9680243342e-05
5300 	 5433 	 3.1772603695e+01 	 3.1688382942e-05
5400 	 5537 	 3.1772603658e+01 	 2.1154287156e-05
5500 	 5640 	 3.1772603619e+01 	 7.3255962932e-05
5600 	 5742 	 3.1772603581e+01 	 1.7060142607e-05
5700 	 5846 	 3.1772603546e+01 	 2.0214830375e-05
5800 	 5947 	 3.1772603519e+01 	 1.4342749169e-05
5900 	 6049 	 3.1772603493e+01 	 1.5154714003e-05
6000 	 6150 	 3.1772603470e+01 	 1.3820071490e-05
6100 	 6251 	 3.1772603451e+01 	 2.1049800929e-05
6200 	 6353 	 3.1772603440e+01 	 1.0655066421e-05
6300 	 6455 	 3.1772603431e+01 	 1.0325727785e-05
6400 	 6559 	 3.1772603425e+01 	 7.3946955727e-06
6500 	 6661 	 3.1772603420e+01 	 7.9501462716e-06
6600 	 6763 	 3.1772603415e+01 	 6.5858654422e-06
6700 	 6865 	 3.1772603411e+01 	 6.1938763203e-06
6800 	 6967 	 3.1772603407e+01 	 1.1366713452e-05
6900 	 7068 	 3.1772603403e+01 	 7.3364294191e-06
7000 	 7170 	 3.1772603399e+01 	 5.8212404725e-06
7100 	 7271 	 3.1772603396e+01 	 5.2891763759e-06
7200 	 7373 	 3.1772603393e+01 	 1.0936159978e-05
7300 	 7477 	 3.1772603390e+01 	 6.9487521117e-06
7400 	 7578 	 3.1772603387e+01 	 7.5726590075e-06
7500 	 7679 	 3.1772603385e+01 	 4.3593789272e-06
7600 	 7782 	 3.1772603384e+01 	 1.0560164391e-05
7700 	 7884 	 3.1772603382e+01 	 4.6629958678e-06
7800 	 7988 	 3.1772603381e+01 	 8.0432023451e-06
7900 	 8089 	 3.1772603379e+01 	 4.3850315616e-06
8000 	 8192 	 3.1772603378e+01 	 3.4116547561e-06
8100 	 8297 	 3.1772603376e+01 	 3.9156315252e-06
8200 	 8401 	 3.1772603375e+01 	 3.7385662606e-06
8300 	 8501 	 3.1772603374e+01 	 1.9105052876e-06
8400 	 8606 	 3.1772603374e+01 	 2.2215718559e-06
8500 	 8710 	 3.1772603373e+01 	 2.9513732076e-06
8600 	 8811 	 3.1772603373e+01 	 2.4598123918e-06
8700 	 8912 	 3.1772603372e+01 	 2.8120326971e-06
8800 	 9013 	 3.1772603372e+01 	 1.7449208628e-06
8900 	 9116 	 3.1772603372e+01 	 1.4162317051e-06
9000 	 9219 	 3.1772603372e+01 	 2.0338179377e-06
9100 	 9322 	 3.1772603371e+01 	 1.5158557650e-06
9200 	 9426 	 3.1772603371e+01 	 4.4102654883e-06
9300 	 9527 	 3.1772603371e+01 	 2.1408503659e-06
9400 	 9631 	 3.1772603371e+01 	 1.2958455363e-06
9500 	 9733 	 3.1772603371e+01 	 1.7972246663e-06
9600 	 9836 	 3.1772603371e+01 	 1.4090459787e-06
9700 	 9937 	 3.1772603371e+01 	 1.3764639507e-06
9800 	 10039 	 3.1772603370e+01 	 2.4145118334e-06
9900 	 10141 	 3.1772603370e+01 	 9.6994184287e-07
10000 	 10244 	 3.1772603370e+01 	 1.0714737913e-06
10100 	 10345 	 3.1772603370e+01 	 7.7864403564e-07
10200 	 10449 	 3.1772603370e+01 	 3.0209087132e-07
10300 	 10557 	 3.1772603370e+01 	 1.0999158530e-06
10400 	 10664 	 3.1772603370e+01 	 1.7300500198e-06
10500 	 10767 	 3.1772603370e+01 	 5.8002856525e-07
10600 	 10869 	 3.1772603370e+01 	 7.5938615735e-07
10700 	 10973 	 3.1772603370e+01 	 5.8533921548e-07
10800 	 11075 	 3.1772603370e+01 	 1.3222384781e-06
10900 	 11184 	 3.1772603370e+01 	 6.4831885189e-07
11000 	 11290 	 3.1772603370e+01 	 7.2786380359e-07
11100 	 11394 	 3.1772603370e+01 	 4.9825817472e-07
11200 	 11507 	 3.1772603370e+01 	 4.2488790181e-07
11300 	 11616 	 3.1772603370e+01 	 1.8835059161e-07
# ---- 
 1 		 11332 	 11675 		 3.2313284922e+01 	 3.1772603370e+01 	 4.2017999998e-07
# ---- 
100 	 101 	 4.1786751350e+01 	 8.5800773588e-03
200 	 204 	 4.1780586460e+01 	 1.0320090905e-02
300 	 306 	 4.1775712143e+01 	 7.8339211132e-03
400 	 407 	 4.1773163456e+01 	 4.9917824659e-03
500 	 508 	 4.1771587163e+01 	 5.8604723527e-03
600 	 611 	 4.1770545062e+01 	 3.2722974716e-03
700 	 715 	 4.1770061432e+01 	 2.5108042238e-03
800 	 817 	 4.1769800829e+01 	 2.3501930742e-03
900 	 920 	 4.1769589257e+01 	 3.1719109352e-03
1000 	 1021 	 4.1769370528e+01 	 2.3556142577e-03
1100 	 1123 	 4.1769165320e+01 	 1.7516245241e-03
1200 	 1224 	 4.1769017195e+01 	 1.2995081785e-03
1300 	 1326 	 4.1768944613e+01 	 2.1080139376e-03
1400 	 1428 	 4.1768898448e+01 	 8.5566684094e-04
1500 	 1528 	 4.1768852590e+01 	 8.6119088581e-04
1600 	 1633 	 4.1768813562e+01 	 6.9711779116e-04
1700 	 1737 	 4.1768785874e+01 	 6.2765524694e-04
1800 	 1839 	 4.1768762082e+01 	 3.6420060894e-04
1900 	 1941 	 4.1768746308e+01 	 4.9258838078e-04
2000 	 2042 	 4.1768737216e+01 	 4.5869839289e-04
2100 	 2145 	 4.1768728701e+01 	 7.9166209235e-04
2200 	 2247 	 4.1768722156e+01 	 2.6969182123e-04
2300 	 2349 	 4.1768716728e+01 	 2.2548643445e-04
2400 	 2449 	 4.1768712040e+01 	 2.8393878599e-04
2500 	 2551 	 4.1768708223e+01 	 2.1369551451e-04
2600 	 2654 	 4.1768705937e+01 	 2.4035851692e-04
2700 	 2756 	 4.1768704086e+01 	 2.4960581848e-04
2800 	 2860 	 4.1768702888e+01 	 1.4373022131e-04
2900 	 2964 	 4.1768702068e+01 	 1.6544093834e-04
3000 	 3065 	 4.1768701345e+01 	 8.8842166932e-05
3100 	 3167 	 4.1768700728e+01 	 1.9898420909e-04
3200 	 3271 	 4.1768700216e+01 	 9.4973481975e-05
3300 	 3374 	 4.1768699826e+01 	 6.1638097653e-05
3400 	 3476 	 4.1768699536e+01 	 6.3940483918e-05
3500 	 3578 	 4.1768699160e+01 	 9.8569175084e-05
3600 	 3681 	 4.1768698631e+01 	 6.3219331011e-05
3700 	 3785 	 4.1768698187e+01 	 7.3625546280e-05
3800 	 3888 	 4.1768697731e+01 	 7.5139452110e-05
3900 	 3989 	 4.1768697276e+01 	 6.7588880533e-05
4000 	 4091 	 4.1768696918e+01 	 9.8106311495e-05
4100 	 4195 	 4.1768696608e+01 	 7.0850701775e-05
4200 	 4299 	 4.1768696309e+01 	 8.9002909322e-05
4300 	 4401 	 4.1768696040e+01 	 5.2507689288e-05
4400 	 4506 	 4.1768695825e+01 	 6.1193342780e-05
4500 	 4608 	 4.1768695642e+01 	 4.9209735648e-05
4600 	 4711 	 4.1768695502e+01 	 3.8627756798e-05
4700 	 4815 	 4.1768695390e+01 	 2.6674263738e-05
4800 	 4916 	 4.1768695317e+01 	 7.6491354724e-05
4900 	 5021 	 4.1768695255e+01 	 4.2531162590e-05
5000 	 5123 	 4.1768695196e+01 	 2.3049318318e-05
5100 	 5225 	 4.1768695153e+01 	 1.5452489467e-05
5200 	 5327 	 4.1768695127e+01 	 2.0044070467e-05
5300 	 5429 	 4.1768695110e+01 	 1.9130033711e-05
5400 	 5532 	 4.1768695089e+01 	 1.7189060518e-05
5500 	 5634 	 4.1768695074e+01 	 3.8174596526e-05
5600 	 5738 	 4.1768695058e+01 	 1.4682651199e-05
5700 	 5838 	 4.1768695044e+01 	 1.1957832346e-05
5800 	 5942 	 4.1768695032e+01 	 9.3131502690e-06
5900 	 6046 	 4.1768695022e+01 	 3.3290485446e-05
6000 	 6150 	 4.1768695011e+01 	 1.1742803728e-05
6100 	 6255 	 4.1768695004e+01 	 8.5331577950e-06
6200 	 6357 	 4.1768694998e+01 	 1.0490501801e-05
6300 	 6462 	 4.1768694993e+01 	 6.7320570113e-06
6400 	 6563 	 4.1768694988e+01 	 7.8235485929e-06
6500 	 6665 	 4.1768694984e+01 	 1.4439609091e-05
6600 	 6767 	 4.1768694981e+01 	 6.9164691303e-06
6700 	 6871 	 4.1768694978e+01 	 4.9672855107e-06
6800 	 6973 	 4.1768694976e+01 	 5.0033762993e-06
6900 	 7075 	 4.1768694975e+01 	 4.7121707091e-06
7000 	 7177 	 4.1768694973e+01 	 7.0502629140e-06
7100 	 7279 	 4.1768694972e+01 	 3.8494987094e-06
7200 	 7379 	 4.1768694971e+01 	 3.4044000610e-06
7300 	 7481 	 4.1768694970e+01 	 2.6361679039e-06
7400 	 7584 	 4.1768694969e+01 	 2.0725928223e-06
7500 	 7686 	 4.1768694968e+01 	 3.6274634032e-06
7600 	 7790 	 4.1768694967e+01 	 4.9308250197e-06
7700 	 7892 	 4.1768694967e+01 	 2.5355882503e-06
7800 	 7997 	 4.1768694966e+01 	 2.0459563769e-06
7900 	 8101 	 4.1768694966e+01 	 5.7291823087e-06
8000 	 8204 	 4.1768694966e+01 	 1.5038452904e-06
8100 	 8306 	 4.1768694966e+01 	 1.1108686329e-06
8200 	 8408 	 4.1768694966e+01 	 1.3086227240e-06
8300 	 8509 	 4.1768694965e+01 	 1.4222758975e-06
8400 	 8614 	 4.1768694965e+01 	 1.0738053702e-06
8500 	 8717 	 4.1768694965e+01 	 1.7738608633e-06
8600 	 8820 	 4.1768694965e+01 	 2.6255902136e-06
8700 	 8923 	 4.1768694965e+01 	 8.2841884807e-07
8800 	 9025 	 4.1768694965e+01 	 1.2998692909e-06
8900 	 9130 	 4.1768694965e+01 	 1.0301576847e-06
9000 	 9234 	 4.1768694965e+01 	 1.1273461787e-06
9100 	 9336 	 4.1768694964e+01 	 1.5233426517e-06
9200 	 9442 	 4.1768694964e+01 	 6.0961675586e-07
9300 	 9552 	 4.1768694964e+01 	 1.5792587487e-06
9400 	 9664 	 4.1768694964e+01 	 4.2840369996e-07
9500 	 9776 	 4.1768694964e+01 	 5.6875090792e-07
9600 	 9883 	 4.1768694964e+01 	 5.0236723131e-07
9700 	 9993 	 4.1768694964e+01 	 2.6276214158e-07
9800 	 10100 	 4.1768694964e+01 	 3.9356280308e-07
9900 	 10222 	 4.1768694964e+01 	 6.3210521549e-07
# ---- 
 1 		 9911 	 10253 		 4.2306651951e+01 	 4.1768694964e+01 	 3.4616752130e-07
# ---- 
100 	 105 	 5.3180961438e+01 	 1.6330530626e-02
200 	 207 	 5.3175216068e+01 	 1.2460687750e-02
300 	 309 	 5.3170529943e+01 	 6.2192251495e-03
400 	 409 	 5.3168186825e+01 	 7.2468692274e-03
500 	 513 	 5.3166700370e+01 	 3.9039341196e-03
600 	 617 	 5.3165671679e+01 	 3.3885682124e-03
700 	 717 	 5.3165185171e+01 	 2.8929207925e-03
800 	 820 	 5.3164906310e+01 	 3.5426174910e-03
900 	 925 	 5.3164687471e+01 	 2.0426802952e-03
1000 	 1025 	 5.3164475388e+01 	 2.0552431725e-03
1100 	 1129 	 5.3164295069e+01 	 1.6175813676e-03
1200 	 1232 	 5.3164148106e+01 	 1.3447049768e-03
1300 	 1335 	 5.3164072230e+01 	 8.0607701217e-04
1400 	 1437 	 5.3164029581e+01 	 1.8945925205e-03
1500 	 1541 	 5.3163984451e+01 	 6.5189898796e-04
1600 	 1645 	 5.3163953945e+01 	 6.0602333476e-04
1700 	 1746 	 5.3163928779e+01 	 6.1137847573e-04
1800 	 1846 	 5.3163908207e+01 	 3.3937386512e-04
1900 	 1949 	 5.3163896309e+01 	 3.4399334386e-04
2000 	 2049 	 5.3163888802e+01 	 3.2381572355e-04
2100 	 2153 	 5.3163883108e+01 	 3.4512612297e-04
2200 	 2254 	 5.3163877280e+01 	 2.7960546002e-04
2300 	 2356 	 5.3163872083e+01 	 4.1087080978e-04
2400 	 2459 	 5.3163868333e+01 	 2.3172886140e-04
2500 	 2561 	 5.3163866213e+01 	 1.5952884406e-04
2600 	 2665 	 5.3163864663e+01 	 2.4227832869e-04
2700 	 2767 	 5.3163863423e+01 	 9.2363455027e-05
2800 	 2869 	 5.3163862578e+01 	 1.1638476991e-04
2900 	 2970 	 5.3163861978e+01 	 1.0972033559e-04
3000 	 3074 	 5.3163861509e+01 	 6.3523887033e-05
3100 	 3178 	 5.3163861142e+01 	 6.4776693286e-05
3200 	 3280 	 5.3163860755e+01 	 4.6228772898e-05
3300 	 3382 	 5.3163860466e+01 	 6.6171877555e-05
3400 	 3486 	 5.3163860172e+01 	 9.4749728747e-05
3500 	 3587 	 5.3163859770e+01 	 2.4012421474e-04
3600 	 3689 	 5.3163859254e+01 	 2.2313481593e-04
3700 	 3790 	 5.3163858791e+01 	 8.2986023776e-05
3800 	 3893 	 5.3163858406e+01 	 9.1124399752e-05
3900 	 3998 	 5.3163857989e+01 	 7.5583751190e-05
4000 	 4099 	 5.3163857675e+01 	 6.9955797678e-05
4100 	 4202 	 5.3163857483e+01 	 9.3150749607e-05
4200 	 4303 	 5.3163857358e+01 	 4.0902366819e-05
4300 	 4403 	 5.3163857271e+01 	 3.4910901612e-05
4400 	 4504 	 5.3163857195e+01 	 4.0472317655e-05
4500 	 4607 	 5.3163857114e+01 	 3.6213809692e-05
4600 	 4710 	 5.3163857040e+01 	 2.7510637547e-05
4700 	 4811 	 5.3163856996e+01 	 2.3273669855e-05
4800 	 4913 	 5.3163856946e+01 	 2.0921506467e-05
4900 	 5015 	 5.3163856896e+01 	 4.7155627056e-05
5000 	 5117 	 5.3163856859e+01 	 5.0774905640e-05
5100 	 5220 	 5.3163856835e+01 	 2.8643825036e-05
5200 	 5321 	 5.3163856813e+01 	 1.0081510810e-05
5300 	 5423 	 5.3163856799e+01 	 1.6276060477e-05
5400 	 5526 	 5.3163856790e+01 	 1.0826806981e-05
5500 	 5627 	 5.3163856780e+01 	 8.3624728131e-06
5600 	 5729 	 5.3163856772e+01 	 1.6985616004e-05
5700 	 5833 	 5.3163856764e+01 	 1.6351245728e-05
5800 	 5934 	 5.3163856757e+01 	 2.2654853442e-05
5900 	 6035 	 5.3163856749e+01 	 1.1615309160e-05
6000 	 6136 	 5.3163856743e+01 	 8.3691572447e-06
6100 	 6240 	 5.3163856738e+01 	 7.4085604286e-06
6200 	 6342 	 5.3163856732e+01 	 8.2811379727e-06
6300 	 6446 	 5.3163856726e+01 	 8.3655276751e-06
6400 	 6547 	 5.3163856723e+01 	 5.9740982154e-06
6500 	 6650 	 5.3163856721e+01 	 5.3602176176e-06
6600 	 6753 	 5.3163856719e+01 	 5.9047913944e-06
6700 	 6854 	 5.3163856718e+01 	 3.6492454571e-06
6800 	 6957 	 5.3163856717e+01 	 4.1090071143e-06
6900 	 7060 	 5.3163856717e+01 	 3.7687143364e-06
7000 	 7163 	 5.3163856716e+01 	 2.1822517368e-06
7100 	 7264 	 5.3163856715e+01 	 2.5643666961e-06
7200 	 7369 	 5.3163856715e+01 	 3.9344629221e-06
7300 	 7470 	 5.3163856715e+01 	 2.7769959230e-06
7400 	 7572 	 5.3163856714e+01 	 3.7128294311e-06
7500 	 7676 	 5.3163856714e+01 	 2.1568679081e-06
7600 	 7780 	 5.3163856713e+01 	 1.7250108424e-06
7700 	 7881 	 5.3163856713e+01 	 1.7385182218e-06
7800 	 7983 	 5.3163856713e+01 	 1.3731440735e-06
7900 	 8086 	 5.3163856712e+01 	 1.6377151699e-06
8000 	 8190 	 5.3163856712e+01 	 2.0915398422e-06
8100 	 8294 	 5.3163856712e+01 	 9.5084582755e-07
8200 	 8400 	 5.3163856712e+01 	 9.6791124953e-07
8300 	 8504 	 5.3163856712e+01 	 1.8694996240e-06
8400 	 8608 	 5.3163856712e+01 	 6.6375172436e-07
8500 	 8719 	 5.3163856712e+01 	 8.8119870818e-07
8600 	 8827 	 5.3163856712e+01 	 9.3395804916e-07
8700 	 8938 	 5.3163856712e+01 	 6.3617898253e-07
8800 	 9044 	 5.3163856712e+01 	 6.9773346224e-07
8900 	 9149 	 5.3163856712e+01 	 5.4823073712e-07
9000 	 9254 	 5.3163856712e+01 	 5.8748576993e-07
9100 	 9362 	 5.3163856712e+01 	 1.0747090846e-06
9200 	 9477 	 5.3163856712e+01 	 1.5862026637e-06
# ---- 
 1 		 9258 	 9578 		 5.3699757993e+01 	 5.3163856712e+01 	 3.0618241637e-07
# ---- 
100 	 101 	 6.5980007895e+01 	 9.5779290484e-03
200 	 202 	 6.5974723602e+01 	 8.0978528441e-03
300 	 303 	 6.5970194283e+01 	 2.1916839099e-02
400 	 404 	 6.5967882475e+01 	 9.1566254123e-03
500 	 508 	 6.5966520010e+01 	 4.7851883480e-03
600 	 610 	 6.5965528121e+01 	 2.6844485253e-03
700 	 715 	 6.5965031316e+01 	 2.8109806365e-03
800 	 818 	 6.5964725000e+01 	 4.5458955808e-03
900 	 921 	 6.5964499325e+01 	 2.4433688337e-03
1000 	 1023 	 6.5964321719e+01 	 2.2916327118e-03
1100 	 1126 	 6.5964145462e+01 	 1.6717650107e-03
1200 	 1230 	 6.5963999042e+01 	 1.5448628306e-03
1300 	 1334 	 6.5963925913e+01 	 7.8880891872e-04
1400 	 1434 	 6.5963884038e+01 	 7.3564294409e-04
1500 	 1539 	 6.5963836282e+01 	 5.5976958573e-04
1600 	 1641 	 6.5963802971e+01 	 4.8241312777e-04
1700 	 1744 	 6.5963782843e+01 	 6.7935005699e-04
1800 	 1845 	 6.5963767994e+01 	 1.0230402302e-03
1900 	 1948 	 6.5963758326e+01 	 3.7451380141e-04
2000 	 2049 	 6.5963751780e+01 	 2.9718677710e-04
2100 	 2150 	 6.5963745751e+01 	 2.9354093493e-04
2200 	 2252 	 6.5963740205e+01 	 2.0280773980e-04
2300 	 2354 	 6.5963736021e+01 	 5.3052270898e-04
2400 	 2458 	 6.5963733436e+01 	 1.5994837028e-04
2500 	 2558 	 6.5963731870e+01 	 1.6035751798e-04
2600 	 2661 	 6.5963730795e+01 	 7.7220967765e-05
2700 	 2762 	 6.5963730114e+01 	 8.3075614736e-05
2800 	 2864 	 6.5963729589e+01 	 1.2043372236e-04
2900 	 2966 	 6.5963729117e+01 	 7.9228212178e-05
3000 	 3071 	 6.5963728769e+01 	 7.4163958402e-05
3100 	 3171 	 6.5963728440e+01 	 7.3517973879e-05
3200 	 3274 	 6.5963728186e+01 	 6.4805976379e-05
3300 	 3377 	 6.5963727915e+01 	 5.7133289800e-05
3400 	 3480 	 6.5963727553e+01 	 1.5996511524e-04
3500 	 3584 	 6.5963727064e+01 	 7.3082687050e-05
3600 	 3686 	 6.5963726566e+01 	 9.4634586583e-05
3700 	 3791 	 6.5963726214e+01 	 5.7490876450e-05
3800 	 3893 	 6.5963725883e+01 	 6.6437450210e-05
3900 	 3997 	 6.5963725588e+01 	 4.2078459088e-05
4000 	 4101 	 6.5963725410e+01 	 7.6477307464e-05
4100 	 4204 	 6.5963725290e+01 	 3.1686735330e-05
4200 	 4304 	 6.5963725235e+01 	 6.1071635670e-05
4300 	 4405 	 6.5963725195e+01 	 1.9743345768e-05
4400 	 4510 	 6.5963725158e+01 	 2.3382692911e-05
4500 	 4612 	 6.5963725117e+01 	 1.6796144200e-05
4600 	 4715 	 6.5963725094e+01 	 2.8288524875e-05
4700 	 4818 	 6.5963725073e+01 	 1.7805193521e-05
4800 	 4922 	 6.5963725051e+01 	 2.2334044448e-05
4900 	 5023 	 6.5963725031e+01 	 1.1772853042e-05
5000 	 5126 	 6.5963725016e+01 	 1.1257898849e-05
5100 	 5228 	 6.5963725000e+01 	 1.4625145798e-05
5200 	 5334 	 6.5963724986e+01 	 9.6704590267e-06
5300 	 5436 	 6.5963724974e+01 	 1.8580526709e-05
5400 	 5539 	 6.5963724965e+01 	 1.4317798846e-05
5500 	 5641 	 6.5963724957e+01 	 7.9821088648e-06
5600 	 5741 	 6.5963724952e+01 	 6.5074746024e-06
5700 	 5841 	 6.5963724947e+01 	 4.8159263418e-06
5800 	 5943 	 6.5963724944e+01 	 7.1603091882e-06
5900 	 6046 	 6.5963724940e+01 	 1.2136840251e-05
6000 	 6149 	 6.5963724936e+01 	 6.0486976169e-06
6100 	 6253 	 6.5963724933e+01 	 4.5041923990e-06
6200 	 6355 	 6.5963724931e+01 	 5.0005457763e-06
6300 	 6456 	 6.5963724929e+01 	 5.5282816222e-06
6400 	 6558 	 6.5963724927e+01 	 5.4949760634e-06
6500 	 6663 	 6.5963724925e+01 	 9.2188418975e-06
6600 	 6764 	 6.5963724924e+01 	 3.0811412702e-06
6700 	 6869 	 6.5963724922e+01 	 5.1511795417e-06
6800 	 6970 	 6.5963724921e+01 	 2.6319403683e-06
6900 	 7074 	 6.5963724921e+01 	 2.0319938529e-06
7000 	 7179 	 6.5963724921e+01 	 3.9435812872e-06
7100 	 7282 	 6.5963724920e+01 	 1.2534621945e-06
7200 	 7383 	 6.5963724920e+01 	 2.4281409527e-06
7300 	 7484 	 6.5963724920e+01 	 1.5601297877e-06
7400 	 7588 	 6.5963724920e+01 	 1.3256199801e-06
7500 	 7689 	 6.5963724920e+01 	 1.3507153364e-06
7600 	 7791 	 6.5963724919e+01 	 1.3218871575e-06
7700 	 7893 	 6.5963724919e+01 	 1.5074161706e-06
7800 	 7999 	 6.5963724919e+01 	 1.2172507825e-06
7900 	 8101 	 6.5963724919e+01 	 8.6893002466e-07
8000 	 8208 	 6.5963724919e+01 	 8.3286716132e-07
8100 	 8317 	 6.5963724919e+01 	 5.4544189610e-07
# ---- 
 1 		 8170 	 8413 		 6.6498071899e+01 	 6.5963724919e+01 	 1.0524252010e-06
# ---- 
100 	 115 	 6.5735194742e+01 	 6.3963480863e-02
200 	 217 	 6.5647273007e+01 	 4.2049338982e-02
300 	 318 	 6.5621925614e+01 	 1.3842936645e-02
400 	 421 	 6.5619177622e+01 	 3.2826217685e-03
500 	 523 	 6.5618490707e+01 	 6.1953242381e-03
600 	 626 	 6.5618024538e+01 	 2.5436011043e-03
700 	 726 	 6.5617479330e+01 	 2.0931984453e-03
800 	 828 	 6.5617076697e+01 	 3.5771045144e-03
900 	 929 	 6.5616799495e+01 	 1.8921131085e-03
1000 	 1031 	 6.5616551625e+01 	 1.6130146115e-03
1100 	 1133 	 6.5616257016e+01 	 3.7258308703e-03
1200 	 1235 	 6.5615903402e+01 	 2.6989886016e-03
1300 	 1338 	 6.5615648647e+01 	 1.3148720193e-03
1400 	 1442 	 6.5615536147e+01 	 1.1205477345e-03
1500 	 1545 	 6.5615468036e+01 	 8.5774595539e-04
1600 	 1651 	 6.5615421709e+01 	 8.9866027972e-04
1700 	 1754 	 6.5615388815e+01 	 6.3778385148e-04
1800 	 1855 	 6.5615355834e+01 	 7.0542561911e-04
1900 	 1957 	 6.5615330899e+01 	 5.6217561797e-04
2000 	 2060 	 6.5615312727e+01 	 4.3026977218e-04
2100 	 2163 	 6.5615298044e+01 	 4.7085582450e-04
2200 	 2265 	 6.5615288821e+01 	 5.4983873849e-04
2300 	 2366 	 6.5615281311e+01 	 3.1612498726e-04
2400 	 2468 	 6.5615274599e+01 	 4.3506752887e-04
2500 	 2571 	 6.5615269172e+01 	 2.4864843815e-04
2600 	 2671 	 6.5615260926e+01 	 2.6354960954e-04
2700 	 2777 	 6.5615253936e+01 	 3.6759973289e-04
2800 	 2879 	 6.5615246217e+01 	 2.6035393194e-04
2900 	 2981 	 6.5615241062e+01 	 3.0680311053e-04
3000 	 3084 	 6.5615236686e+01 	 2.7152619342e-04
3100 	 3185 	 6.5615233264e+01 	 1.9127832923e-04
3200 	 3287 	 6.5615229490e+01 	 2.0187261104e-04
3300 	 3389 	 6.5615225534e+01 	 2.6779861306e-04
3400 	 3491 	 6.5615221523e+01 	 1.6557205257e-04
3500 	 3593 	 6.5615219065e+01 	 1.7848229994e-04
3600 	 3696 	 6.5615217534e+01 	 3.6175741628e-04
3700 	 3799 	 6.5615216559e+01 	 1.3564327428e-04
3800 	 3902 	 6.5615215646e+01 	 9.8738327169e-05
3900 	 4005 	 6.5615214893e+01 	 1.0537474956e-04
4000 	 4109 	 6.5615214230e+01 	 1.6658422368e-04
4100 	 4211 	 6.5615213551e+01 	 7.1245101999e-05
4200 	 4312 	 6.5615213076e+01 	 7.8204368254e-05
4300 	 4414 	 6.5615212685e+01 	 6.1265556350e-05
4400 	 4515 	 6.5615212396e+01 	 5.5931756804e-05
4500 	 4617 	 6.5615212111e+01 	 5.8730366065e-05
4600 	 4719 	 6.5615211828e+01 	 6.1837405762e-05
4700 	 4821 	 6.5615211565e+01 	 6.0438301743e-05
4800 	 4925 	 6.5615211346e+01 	 4.4736681495e-05
4900 	 5027 	 6.5615211175e+01 	 5.2990697853e-05
5000 	 5127 	 6.5615211010e+01 	 5.6532940568e-05
5100 	 5229 	 6.5615210855e+01 	 4.3163701233e-05
5200 	 5331 	 6.5615210738e+01 	 3.2572845427e-05
5300 	 5433 	 6.5615210671e+01 	 2.3436153101e-05
5400 	 5535 	 6.5615210617e+01 	 3.6369063763e-05
5500 	 5638 	 6.5615210573e+01 	 4.2209040214e-05
5600 	 5742 	 6.5615210526e+01 	 1.7441963458e-05
5700 	 5845 	 6.5615210475e+01 	 2.3868033644e-05
5800 	 5947 	 6.5615210433e+01 	 2.3261764910e-05
5900 	 6050 	 6.5615210401e+01 	 4.4922948506e-05
6000 	 6153 	 6.5615210374e+01 	 1.7254901998e-05
6100 	 6253 	 6.5615210352e+01 	 1.4473581076e-05
6200 	 6357 	 6.5615210335e+01 	 1.1650393020e-05
6300 	 6459 	 6.5615210321e+01 	 1.4915320782e-05
6400 	 6562 	 6.5615210309e+01 	 1.1493209236e-05
6500 	 6666 	 6.5615210301e+01 	 9.7518328575e-06
6600 	 6768 	 6.5615210295e+01 	 2.4127426719e-05
6700 	 6871 	 6.5615210288e+01 	 8.0675836882e-06
6800 	 6974 	 6.5615210280e+01 	 1.1241090524e-05
6900 	 7077 	 6.5615210273e+01 	 8.9678600194e-06
7000 	 7181 	 6.5615210268e+01 	 7.1526991609e-06
7100 	 7284 	 6.5615210263e+01 	 6.5765192601e-06
7200 	 7387 	 6.5615210259e+01 	 1.6751177257e-05
7300 	 7488 	 6.5615210256e+01 	 5.5858826265e-06
7400 	 7588 	 6.5615210253e+01 	 4.5129533762e-06
7500 	 7689 	 6.5615210252e+01 	 7.2851252621e-06
7600 	 7792 	 6.5615210251e+01 	 2.8221967013e-06
7700 	 7894 	 6.5615210249e+01 	 4.0566271882e-06
7800 	 7995 	 6.5615210248e+01 	 7.0538374892e-06
7900 	 8096 	 6.5615210248e+01 	 2.6347819883e-06
8000 	 8200 	 6.5615210247e+01 	 5.1029234637e-06
8100 	 8303 	 6.5615210246e+01 	 3.2108648485e-06
8200 	 8404 	 6.5615210244e+01 	 6.1771153928e-06
8300 	 8505 	 6.5615210243e+01 	 5.3722912433e-06
8400 	 8606 	 6.5615210242e+01 	 3.5738796617e-06
8500 	 8711 	 6.5615210240e+01 	 7.1755191410e-06
8600 	 8811 	 6.5615210239e+01 	 6.7250002573e-06
8700 	 8911 	 6.5615210239e+01 	 2.4459664507e-06
8800 	 9012 	 6.5615210238e+01 	 2.2356174329e-06
8900 	 9113 	 6.5615210238e+01 	 1.7069515376e-06
9000 	 9214 	 6.5615210238e+01 	 1.6455390313e-06
9100 	 9315 	 6.5615210238e+01 	 1.0392251224e-06
9200 	 9422 	 6.5615210237e+01 	 9.4625653743e-07
9300 	 9528 	 6.5615210237e+01 	 6.8693544478e-07
9400 	 9637 	 6.5615210237e+01 	 9.4122019703e-07
9500 	 9746 	 6.5615210237e+01 	 7.0275229088e-07
9600 	 9858 	 6.5615210237e+01 	 7.9767483605e-07
9700 	 9972 	 6.5615210237e+01 	 7.2950753641e-07
9800 	 10080 	 6.5615210237e+01 	 2.9991484705e-07
9900 	 10190 	 6.5615210237e+01 	 5.5295424934e-07
10000 	 10301 	 6.5615210237e+01 	 7.9369424564e-07
10100 	 10441 	 6.5615210237e+01 	 2.3756105474e-07
10200 	 10565 	 6.5615210237e+01 	 3.7147718882e-07
# ---- 
 1 		 10280 	 10679 		 7.2616597615e+01 	 6.5615210237e+01 	 1.2234645175e-07
# ---- 
100 	 103 	 6.5466050184e+01 	 4.2627895038e-02
200 	 206 	 6.5392781058e+01 	 2.6137443880e-02
300 	 309 	 6.5372472683e+01 	 1.0767522342e-02
400 	 410 	 6.5369457904e+01 	 6.8995626855e-03
500 	 512 	 6.5368446736e+01 	 7.3093266915e-03
600 	 614 	 6.5367792124e+01 	 6.4832929877e-03
700 	 715 	 6.5366942326e+01 	 3.4378709613e-03
800 	 815 	 6.5366349139e+01 	 2.3983293064e-03
900 	 917 	 6.5365917306e+01 	 3.5139681591e-03
1000 	 1020 	 6.5365510125e+01 	 3.3718466000e-03
1100 	 1122 	 6.5365049426e+01 	 3.7106396941e-03
1200 	 1226 	 6.5364593715e+01 	 2.7098085652e-03
1300 	 1329 	 6.5364298240e+01 	 1.3627219910e-03
1400 	 1431 	 6.5364100310e+01 	 1.6443344599e-03
1500 	 1533 	 6.5363974609e+01 	 1.0173262865e-03
1600 	 1637 	 6.5363877113e+01 	 1.3323698795e-03
1700 	 1738 	 6.5363792354e+01 	 1.1780043832e-03
1800 	 1841 	 6.5363738501e+01 	 6.5885924844e-04
1900 	 1941 	 6.5363701671e+01 	 6.6700476182e-04
2000 	 2044 	 6.5363671090e+01 	 7.3084012871e-04
2100 	 2146 	 6.5363648222e+01 	 5.8910903494e-04
2200 	 2248 	 6.5363632737e+01 	 3.3995364599e-04
2300 	 2350 	 6.5363620029e+01 	 4.5867080550e-04
2400 	 2452 	 6.5363611216e+01 	 4.9093818265e-04
2500 	 2553 	 6.5363602482e+01 	 7.2183768760e-04
2600 	 2657 	 6.5363596603e+01 	 2.4196597474e-04
2700 	 2760 	 6.5363590257e+01 	 3.2083847237e-04
2800 	 2862 	 6.5363583688e+01 	 3.3967811566e-04
2900 	 2967 	 6.5363577851e+01 	 3.4474798817e-04
3000 	 3070 	 6.5363571567e+01 	 2.6818994755e-04
3100 	 3173 	 6.5363565851e+01 	 2.3506655660e-04
3200 	 3275 	 6.5363560163e+01 	 2.7429826737e-04
3300 	 3376 	 6.5363553456e+01 	 7.6297196493e-04
3400 	 3480 	 6.5363546914e+01 	 5.5502853040e-04
3500 	 3582 	 6.5363541885e+01 	 2.1945465478e-04
3600 	 3684 	 6.5363537023e+01 	 2.5777040852e-04
3700 	 3787 	 6.5363531852e+01 	 2.7050701828e-04
3800 	 3888 	 6.5363527115e+01 	 1.8607069358e-04
3900 	 3990 	 6.5363522769e+01 	 3.4854613991e-04
4000 	 4092 	 6.5363519711e+01 	 1.4263658537e-04
4100 	 4194 	 6.5363517775e+01 	 1.2804178261e-04
4200 	 4298 	 6.5363516618e+01 	 1.2100833094e-04
4300 	 4401 	 6.5363515800e+01 	 9.8000012023e-05
4400 	 4503 	 6.5363515256e+01 	 1.1316294433e-04
4500 	 4604 	 6.5363514750e+01 	 1.1511554775e-04
4600 	 4706 	 6.5363514299e+01 	 6.7380093190e-05
4700 	 4809 	 6.5363513912e+01 	 9.8469861312e-05
4800 	 4912 	 6.5363513591e+01 	 4.9225323872e-05
4900 	 5013 	 6.5363513396e+01 	 9.5019519155e-05
5000 	 5115 	 6.5363513196e+01 	 6.1710706705e-05
5100 	 5217 	 6.5363512948e+01 	 6.3088591107e-05
5200 	 5318 	 6.5363512712e+01 	 5.5068263883e-05
5300 	 5419 	 6.5363512497e+01 	 5.4963321329e-05
5400 	 5521 	 6.5363512288e+01 	 5.2808989222e-05
5500 	 5625 	 6.5363512071e+01 	 8.2252834372e-05
5600 	 5727 	 6.5363511890e+01 	 4.3277538659e-05
5700 	 5827 	 6.5363511760e+01 	 5.8229168390e-05
5800 	 5927 	 6.5363511646e+01 	 2.7611653087e-05
5900 	 6029 	 6.5363511544e+01 	 3.4676962120e-05
6000 	 6130 	 6.5363511429e+01 	 4.5558090608e-05
6100 	 6234 	 6.5363511308e+01 	 3.6683745192e-05
6200 	 6338 	 6.5363511221e+01 	 3.0011161895e-05
6300 	 6440 	 6.5363511153e+01 	 2.7808121551e-05
6400 	 6545 	 6.5363511098e+01 	 3.4443666949e-05
6500 	 6648 	 6.5363511026e+01 	 2.5936753935e-05
6600 	 6752 	 6.5363510957e+01 	 2.2200937371e-05
6700 	 6856 	 6.5363510891e+01 	 3.1002377562e-05
6800 	 6958 	 6.5363510826e+01 	 1.8253462480e-05
6900 	 7060 	 6.5363510786e+01 	 2.0144686628e-05
7000 	 7163 	 6.5363510751e+01 	 2.1292154964e-05
7100 	 7266 	 6.5363510726e+01 	 4.3618060324e-05
7200 	 7370 	 6.5363510708e+01 	 1.2905227691e-05
7300 	 7473 	 6.5363510692e+01 	 3.1273394084e-05
7400 	 7576 	 6.5363510678e+01 	 1.2294911875e-05
7500 	 7679 	 6.5363510664e+01 	 1.5630295921e-05
7600 	 7782 	 6.5363510654e+01 	 3.3098369175e-05
7700 	 7885 	 6.5363510646e+01 	 8.6607757601e-06
7800 	 7986 	 6.5363510640e+01 	 1.0515139791e-05
7900 	 8088 	 6.5363510634e+01 	 8.0337372834e-06
8000 	 8189 	 6.5363510630e+01 	 9.5353838295e-06
8100 	 8292 	 6.5363510626e+01 	 6.0007464839e-06
8200 	 8393 	 6.5363510622e+01 	 1.3996386172e-05
8300 	 8494 	 6.5363510620e+01 	 1.0047961691e-05
8400 	 8598 	 6.5363510617e+01 	 3.5493322231e-06
8500 	 8700 	 6.5363510615e+01 	 7.1513604780e-06
8600 	 8801 	 6.5363510613e+01 	 5.8089516233e-06
8700 	 8902 	 6.5363510611e+01 	 3.5611980844e-06
8800 	 9005 	 6.5363510610e+01 	 3.3347072069e-06
8900 	 9107 	 6.5363510609e+01 	 3.8218401901e-06
9000 	 9209 	 6.5363510608e+01 	 7.1332318089e-06
9100 	 9312 	 6.5363510606e+01 	 6.8566115105e-06
9200 	 9413 	 6.5363510604e+01 	 5.2089101018e-06
9300 	 9516 	 6.5363510602e+01 	 6.9324888599e-06
9400 	 9618 	 6.5363510600e+01 	 3.2451253584e-06
9500 	 9722 	 6.5363510599e+01 	 3.5449410481e-06
9600 	 9824 	 6.5363510598e+01 	 2.6965587236e-06
9700 	 9928 	 6.5363510598e+01 	 1.6569607799e-06
9800 	 10028 	 6.5363510598e+01 	 1.9312107453e-06
9900 	 10129 	 6.5363510597e+01 	 1.0631463302e-06
10000 	 10232 	 6.5363510597e+01 	 1.2711458237e-06
10100 	 10336 	 6.5363510597e+01 	 1.4911793729e-06
10200 	 10437 	 6.5363510597e+01 	 9.9202176031e-07
10300 	 10540 	 6.5363510597e+01 	 1.0654400363e-06
10400 	 10640 	 6.5363510597e+01 	 8.0193309651e-07
10500 	 10743 	 6.5363510597e+01 	 7.2016635163e-07
10600 	 10847 	 6.5363510597e+01 	 1.0194443340e-06
10700 	 10956 	 6.5363510597e+01 	 1.5663127290e-06
10800 	 11065 	 6.5363510596e+01 	 6.9295567258e-07
10900 	 11169 	 6.5363510596e+01 	 4.6277277470e-07
11000 	 11278 	 6.5363510596e+01 	 6.7033307114e-07
11100 	 11389 	 6.5363510596e+01 	 6.3042279324e-07
11200 	 11498 	 6.5363510596e+01 	 1.2708054197e-06
11300 	 11608 	 6.5363510596e+01 	 5.9366509286e-07
11400 	 11720 	 6.5363510596e+01 	 8.9775094578e-07
11500 	 11832 	 6.5363510596e+01 	 6.5718919109e-07
11600 	 11940 	 6.5363510596e+01 	 5.4980586309e-07
11700 	 12055 	 6.5363510596e+01 	 1.3033547602e-06
11800 	 12169 	 6.5363510596e+01 	 1.0455170179e-06
11900 	 12278 	 6.5363510596e+01 	 4.6141719160e-07
12000 	 12392 	 6.5363510596e+01 	 5.0925431125e-07
12100 	 12503 	 6.5363510596e+01 	 5.5723332343e-07
12200 	 12620 	 6.5363510596e+01 	 1.0701415235e-06
12300 	 12730 	 6.5363510596e+01 	 8.1296314139e-07
12400 	 12846 	 6.5363510596e+01 	 2.1759462708e-07
# ---- 
 1 		 12452 	 12923 		 7.2309862225e+01 	 6.5363510596e+01 	 5.1375225881e-07
# ---- 
100 	 103 	 6.5279759012e+01 	 8.9317753715e-02
200 	 203 	 6.5217839022e+01 	 5.9841923106e-02
300 	 307 	 6.5200755260e+01 	 1.2480854963e-02
400 	 409 	 6.5197308934e+01 	 5.6328212229e-03
500 	 512 	 6.5195961522e+01 	 4.8487177256e-03
600 	 612 	 6.5194740909e+01 	 5.2005555278e-03
700 	 714 	 6.5193430679e+01 	 4.3115939673e-03
800 	 816 	 6.5192302092e+01 	 4.0779583484e-03
900 	 917 	 6.5191521202e+01 	 3.2385041938e-03
1000 	 1019 	 6.5190813363e+01 	 3.2622344572e-03
1100 	 1123 	 6.5190112391e+01 	 2.9071579630e-03
1200 	 1226 	 6.5189464620e+01 	 2.0412128968e-03
1300 	 1329 	 6.5189071219e+01 	 3.4087478187e-03
1400 	 1431 	 6.5188718433e+01 	 1.7128027287e-03
1500 	 1535 	 6.5188424640e+01 	 2.1176241824e-03
1600 	 1638 	 6.5188238901e+01 	 1.4251149554e-03
1700 	 1739 	 6.5188083818e+01 	 1.6463302625e-03
1800 	 1840 	 6.5187990731e+01 	 9.5498837611e-04
1900 	 1945 	 6.5187937648e+01 	 7.6467623044e-04
2000 	 2047 	 6.5187885338e+01 	 1.1962904821e-03
2100 	 2149 	 6.5187838099e+01 	 6.4714898234e-04
2200 	 2253 	 6.5187805810e+01 	 7.0030328765e-04
2300 	 2356 	 6.5187780337e+01 	 7.5024443035e-04
2400 	 2458 	 6.5187755169e+01 	 5.8773700281e-04
2500 	 2559 	 6.5187731671e+01 	 6.6429236818e-04
2600 	 2662 	 6.5187713937e+01 	 9.5084929542e-04
2700 	 2766 	 6.5187699277e+01 	 7.3909975652e-04
2800 	 2866 	 6.5187688693e+01 	 1.1832311189e-03
2900 	 2967 	 6.5187677624e+01 	 3.0052934924e-04
3000 	 3069 	 6.5187665648e+01 	 4.4921637799e-04
3100 	 3170 	 6.5187649581e+01 	 3.5082620614e-04
3200 	 3273 	 6.5187634592e+01 	 4.6509580284e-04
3300 	 3375 	 6.5187623214e+01 	 5.0354083817e-04
3400 	 3478 	 6.5187614200e+01 	 6.6006953880e-04
3500 	 3580 	 6.5187604254e+01 	 4.2569514896e-04
3600 	 3682 	 6.5187592038e+01 	 3.7104075779e-04
3700 	 3785 	 6.5187582012e+01 	 7.6731749830e-04
3800 	 3889 	 6.5187573996e+01 	 2.2551099774e-04
3900 	 3990 	 6.5187566782e+01 	 2.8638768448e-04
4000 	 4091 	 6.5187559671e+01 	 2.9375854005e-04
4100 	 4191 	 6.5187553919e+01 	 2.7540492487e-04
4200 	 4294 	 6.5187548144e+01 	 2.5559755599e-04
4300 	 4398 	 6.5187543681e+01 	 1.9484419109e-04
4400 	 4500 	 6.5187539630e+01 	 2.2072555171e-04
4500 	 4603 	 6.5187537407e+01 	 1.3669115678e-04
4600 	 4707 	 6.5187536078e+01 	 9.5437978951e-05
4700 	 4811 	 6.5187535098e+01 	 8.3161802561e-05
4800 	 4914 	 6.5187534082e+01 	 1.1890878206e-04
4900 	 5017 	 6.5187533212e+01 	 2.4454289459e-04
5000 	 5119 	 6.5187532282e+01 	 1.2201908378e-04
5100 	 5222 	 6.5187531446e+01 	 9.8125292075e-05
5200 	 5324 	 6.5187530543e+01 	 8.0228779775e-05
5300 	 5424 	 6.5187529913e+01 	 8.3282256761e-05
5400 	 5527 	 6.5187529420e+01 	 9.1969865650e-05
5500 	 5630 	 6.5187528922e+01 	 7.4082055576e-05
5600 	 5734 	 6.5187528431e+01 	 8.6558712666e-05
5700 	 5837 	 6.5187527846e+01 	 5.5794950862e-05
5800 	 5942 	 6.5187527325e+01 	 1.1313276525e-04
5900 	 6044 	 6.5187526829e+01 	 6.2669491285e-05
6000 	 6146 	 6.5187526231e+01 	 1.3898882225e-04
6100 	 6248 	 6.5187525512e+01 	 1.4939331065e-04
6200 	 6351 	 6.5187524835e+01 	 9.3505873859e-05
6300 	 6453 	 6.5187524258e+01 	 6.3859895687e-05
6400 	 6557 	 6.5187523740e+01 	 1.2406267915e-04
6500 	 6660 	 6.5187523207e+01 	 7.7298247578e-05
6600 	 6764 	 6.5187522758e+01 	 6.0677789000e-05
6700 	 6864 	 6.5187522421e+01 	 8.6247133434e-05
6800 	 6970 	 6.5187522190e+01 	 4.9153781256e-05
6900 	 7070 	 6.5187522036e+01 	 3.9393764578e-05
7000 	 7173 	 6.5187521935e+01 	 4.9784580280e-05
7100 	 7275 	 6.5187521838e+01 	 2.8083136216e-05
7200 	 7376 	 6.5187521751e+01 	 2.5858073983e-05
7300 	 7478 	 6.5187521688e+01 	 2.4728290124e-05
7400 	 7579 	 6.5187521641e+01 	 1.9747643441e-05
7500 	 7682 	 6.5187521597e+01 	 4.7658792090e-05
7600 	 7785 	 6.5187521543e+01 	 4.5596722420e-05
7700 	 7885 	 6.5187521474e+01 	 3.1271817054e-05
7800 	 7987 	 6.5187521399e+01 	 5.8805643923e-05
7900 	 8089 	 6.5187521315e+01 	 2.9442825489e-05
8000 	 8190 	 6.5187521245e+01 	 3.1597227962e-05
8100 	 8292 	 6.5187521170e+01 	 5.5379265444e-05
8200 	 8396 	 6.5187521119e+01 	 5.7388335400e-05
8300 	 8499 	 6.5187521078e+01 	 5.6204963272e-05
8400 	 8601 	 6.5187521046e+01 	 1.3281712417e-05
8500 	 8703 	 6.5187521015e+01 	 1.7105454357e-05
8600 	 8806 	 6.5187520988e+01 	 1.4907314165e-05
8700 	 8910 	 6.5187520968e+01 	 1.6355645862e-05
8800 	 9014 	 6.5187520945e+01 	 1.8784962128e-05
8900 	 9116 	 6.5187520922e+01 	 1.9236520841e-05
9000 	 9217 	 6.5187520902e+01 	 1.9686973558e-05
9100 	 9320 	 6.5187520889e+01 	 8.7800632751e-06
9200 	 9422 	 6.5187520881e+01 	 1.0625152845e-05
9300 	 9524 	 6.5187520875e+01 	 1.8748826676e-05
9400 	 9628 	 6.5187520870e+01 	 6.3957299180e-06
9500 	 9733 	 6.5187520864e+01 	 8.7107773103e-06
9600 	 9836 	 6.5187520859e+01 	 7.5109255533e-06
9700 	 9937 	 6.5187520854e+01 	 6.9792851911e-06
9800 	 10038 	 6.5187520850e+01 	 5.5787558202e-06
9900 	 10140 	 6.5187520846e+01 	 9.7725409432e-06
10000 	 10243 	 6.5187520841e+01 	 1.0300597152e-05
10100 	 10346 	 6.5187520836e+01 	 5.7093022802e-06
10200 	 10447 	 6.5187520832e+01 	 8.2520263294e-06
10300 	 10552 	 6.5187520828e+01 	 8.9420847752e-06
10400 	 10655 	 6.5187520824e+01 	 7.2940345409e-06
10500 	 10758 	 6.5187520820e+01 	 5.3191838145e-06
10600 	 10863 	 6.5187520817e+01 	 1.0637825384e-05
10700 	 10967 	 6.5187520815e+01 	 4.8880796547e-06
10800 	 11069 	 6.5187520814e+01 	 3.0052193466e-06
10900 	 11172 	 6.5187520813e+01 	 2.6817614066e-06
11000 	 11274 	 6.5187520812e+01 	 3.0881789702e-06
11100 	 11379 	 6.5187520811e+01 	 4.2521049729e-06
11200 	 11483 	 6.5187520809e+01 	 3.7931862531e-06
11300 	 11584 	 6.5187520808e+01 	 2.8791859729e-06
11400 	 11685 	 6.5187520807e+01 	 3.6470714699e-06
11500 	 11787 	 6.5187520806e+01 	 2.6940845958e-06
11600 	 11890 	 6.5187520806e+01 	 2.4216985378e-06
11700 	 11992 	 6.5187520805e+01 	 2.2542609868e-06
11800 	 12095 	 6.5187520805e+01 	 3.2471993994e-06
11900 	 12198 	 6.5187520804e+01 	 1.9277556379e-06
12000 	 12300 	 6.5187520804e+01 	 2.1585756479e-06
12100 	 12403 	 6.5187520804e+01 	 1.8938885742e-06
12200 	 12504 	 6.5187520803e+01 	 2.8493162336e-06
12300 	 12606 	 6.5187520803e+01 	 1.9160022219e-06
12400 	 12707 	 6.5187520803e+01 	 1.3666254970e-06
12500 	 12811 	 6.5187520803e+01 	 2.0128956239e-06
12600 	 12914 	 6.5187520802e+01 	 2.1831026169e-06
12700 	 13016 	 6.5187520802e+01 	 2.1144190875e-06
12800 	 13118 	 6.5187520802e+01 	 1.0837043479e-06
12900 	 13223 	 6.5187520802e+01 	 4.6561898948e-06
13000 	 13328 	 6.5187520801e+01 	 1.8322922449e-06
13100 	 13431 	 6.5187520801e+01 	 8.6642189506e-07
13200 	 13535 	 6.5187520801e+01 	 1.1916162446e-06
13300 	 13637 	 6.5187520801e+01 	 1.2192711836e-06
13400 	 13740 	 6.5187520801e+01 	 1.0048525687e-06
13500 	 13844 	 6.5187520801e+01 	 1.4463534746e-06
13600 	 13951 	 6.5187520801e+01 	 1.5896445761e-06
13700 	 14057 	 6.5187520801e+01 	 1.0333337991e-06
13800 	 14162 	 6.5187520801e+01 	 1.8438613060e-06
13900 	 14272 	 6.5187520801e+01 	 1.3372023651e-06
14000 	 14380 	 6.5187520801e+01 	 8.0020501727e-07
14100 	 14487 	 6.5187520801e+01 	 4.8175099953e-07
14200 	 14597 	 6.5187520801e+01 	 5.9590518896e-07
14300 	 14706 	 6.5187520801e+01 	 6.7418939472e-07
14400 	 14811 	 6.5187520801e+01 	 7.5931536725e-07
14500 	 14924 	 6.5187520801e+01 	 5.0112003345e-07
14600 	 15042 	 6.5187520801e+01 	 5.4853168753e-07
# ---- 
 1 		 14662 	 15129 		 7.2174878805e+01 	 6.5187520801e+01 	 6.3620909321e-07
# ---- 
100 	 107 	 6.5156554111e+01 	 6.0323143232e-02
200 	 209 	 6.5095968378e+01 	 2.4753073103e-02
300 	 309 	 6.5079953294e+01 	 1.1726055820e-02
400 	 411 	 6.5075790362e+01 	 5.3987341527e-03
500 	 513 	 6.5073788131e+01 	 6.2400940298e-03
600 	 615 	 6.5072006419e+01 	 6.5447992562e-03
700 	 717 	 6.5070032894e+01 	 6.9545457049e-03
800 	 819 	 6.5068461602e+01 	 7.7727550256e-03
900 	 919 	 6.5067367057e+01 	 4.4819627777e-03
1000 	 1022 	 6.5066324083e+01 	 4.4208801390e-03
1100 	 1124 	 6.5065389153e+01 	 9.1650396888e-03
1200 	 1225 	 6.5064661922e+01 	 3.0034178104e-03
1300 	 1325 	 6.5064278754e+01 	 4.0500313039e-03
1400 	 1427 	 6.5063885859e+01 	 2.7893557277e-03
1500 	 1529 	 6.5063435934e+01 	 4.1370355281e-03
1600 	 1630 	 6.5063140488e+01 	 5.0861279168e-03
1700 	 1733 	 6.5062918756e+01 	 1.1710970754e-03
1800 	 1837 	 6.5062808000e+01 	 1.6160674691e-03
1900 	 1941 	 6.5062729547e+01 	 1.0270444666e-03
2000 	 2044 	 6.5062658802e+01 	 7.6957130411e-04
2100 	 2149 	 6.5062592189e+01 	 1.0084246264e-03
2200 	 2250 	 6.5062516034e+01 	 1.0762520643e-03
2300 	 2352 	 6.5062461460e+01 	 1.7609532983e-03
2400 	 2455 	 6.5062424189e+01 	 8.4577718233e-04
2500 	 2557 	 6.5062396533e+01 	 1.7422792491e-03
2600 	 2658 	 6.5062375136e+01 	 4.9656696105e-04
2700 	 2759 	 6.5062358062e+01 	 6.1572348195e-04
2800 	 2859 	 6.5062336205e+01 	 7.4748063728e-04
2900 	 2961 	 6.5062313306e+01 	 9.6660443000e-04
3000 	 3061 	 6.5062289035e+01 	 1.1635209356e-03
3100 	 3164 	 6.5062260989e+01 	 6.0349239180e-04
3200 	 3265 	 6.5062231393e+01 	 6.5337804321e-04
3300 	 3368 	 6.5062201902e+01 	 9.9362122205e-04
3400 	 3469 	 6.5062177509e+01 	 5.8774258188e-04
3500 	 3573 	 6.5062153264e+01 	 5.8152159952e-04
3600 	 3675 	 6.5062131152e+01 	 1.3140684494e-03
3700 	 3779 	 6.5062115383e+01 	 3.5475131534e-04
3800 	 3882 	 6.5062102004e+01 	 3.2274095377e-04
3900 	 3984 	 6.5062091456e+01 	 7.1029845433e-04
4000 	 4086 	 6.5062083626e+01 	 3.2593783072e-04
4100 	 4190 	 6.5062075420e+01 	 3.4602029493e-04
4200 	 4291 	 6.5062066981e+01 	 2.3195145122e-04
4300 	 4394 	 6.5062058941e+01 	 8.1204906023e-04
4400 	 4495 	 6.5062053309e+01 	 5.3721898258e-04
4500 	 4598 	 6.5062049440e+01 	 1.5168018750e-04
4600 	 4702 	 6.5062046479e+01 	 1.5715373506e-04
4700 	 4804 	 6.5062044440e+01 	 1.3731072515e-04
4800 	 4906 	 6.5062042651e+01 	 2.4263233732e-04
4900 	 5006 	 6.5062041617e+01 	 1.1309761650e-04
5000 	 5108 	 6.5062040598e+01 	 1.4480809162e-04
5100 	 5211 	 6.5062039472e+01 	 2.2995993855e-04
5200 	 5312 	 6.5062038356e+01 	 1.0471211400e-04
5300 	 5415 	 6.5062037460e+01 	 1.1174223526e-04
5400 	 5517 	 6.5062036740e+01 	 8.0096977041e-05
5500 	 5620 	 6.5062036054e+01 	 1.1930141796e-04
5600 	 5724 	 6.5062035099e+01 	 2.1272638984e-04
5700 	 5825 	 6.5062033951e+01 	 1.2173575444e-04
5800 	 5928 	 6.5062033091e+01 	 9.5678148723e-05
5900 	 6029 	 6.5062032118e+01 	 1.3208101636e-04
6000 	 6133 	 6.5062030702e+01 	 1.1713661568e-04
6100 	 6237 	 6.5062029748e+01 	 1.0480200312e-04
6200 	 6340 	 6.5062028963e+01 	 1.3416810686e-04
6300 	 6442 	 6.5062028188e+01 	 8.5559198127e-05
6400 	 6543 	 6.5062027654e+01 	 8.5640837849e-05
6500 	 6645 	 6.5062027183e+01 	 7.9646293789e-05
6600 	 6749 	 6.5062026656e+01 	 1.1498999970e-04
6700 	 6854 	 6.5062026182e+01 	 6.7115882641e-05
6800 	 6957 	 6.5062025739e+01 	 6.4166834273e-05
6900 	 7061 	 6.5062025279e+01 	 7.1873583561e-05
7000 	 7164 	 6.5062024903e+01 	 1.2343488539e-04
7100 	 7266 	 6.5062024583e+01 	 5.8754407845e-05
7200 	 7368 	 6.5062024288e+01 	 5.6889028436e-05
7300 	 7471 	 6.5062024053e+01 	 5.2783789293e-05
7400 	 7571 	 6.5062023818e+01 	 6.0645787109e-05
7500 	 7674 	 6.5062023567e+01 	 5.8293857262e-05
7600 	 7776 	 6.5062023354e+01 	 6.4457817815e-05
7700 	 7877 	 6.5062023180e+01 	 6.1768909628e-05
7800 	 7978 	 6.5062023002e+01 	 1.1967111828e-04
7900 	 8082 	 6.5062022806e+01 	 5.2211599797e-05
8000 	 8185 	 6.5062022611e+01 	 1.1896045504e-04
8100 	 8289 	 6.5062022447e+01 	 6.0940470448e-05
8200 	 8390 	 6.5062022325e+01 	 3.0393536418e-05
8300 	 8491 	 6.5062022235e+01 	 9.4650389514e-05
8400 	 8593 	 6.5062022129e+01 	 3.7460453899e-05
8500 	 8697 	 6.5062022011e+01 	 1.0853349345e-04
8600 	 8799 	 6.5062021868e+01 	 4.2688712753e-05
8700 	 8902 	 6.5062021677e+01 	 4.4639455983e-05
8800 	 9006 	 6.5062021516e+01 	 4.3615528670e-05
8900 	 9108 	 6.5062021396e+01 	 2.6688356315e-05
9000 	 9209 	 6.5062021300e+01 	 3.7294625498e-05
9100 	 9312 	 6.5062021221e+01 	 4.1427534553e-05
9200 	 9415 	 6.5062021155e+01 	 2.2728299446e-05
9300 	 9520 	 6.5062021088e+01 	 3.6274043693e-05
9400 	 9622 	 6.5062021039e+01 	 3.5941672269e-05
9500 	 9724 	 6.5062021003e+01 	 1.9942939326e-05
9600 	 9824 	 6.5062020973e+01 	 3.9354648863e-05
9700 	 9926 	 6.5062020948e+01 	 4.3116438265e-05
9800 	 10027 	 6.5062020928e+01 	 1.0721792408e-05
9900 	 10129 	 6.5062020913e+01 	 1.5542480941e-05
10000 	 10233 	 6.5062020897e+01 	 1.1839649429e-05
10100 	 10337 	 6.5062020876e+01 	 1.2141497356e-05
10200 	 10439 	 6.5062020859e+01 	 2.1903254232e-05
10300 	 10543 	 6.5062020844e+01 	 1.0580920741e-05
10400 	 10643 	 6.5062020829e+01 	 1.8742154047e-05
10500 	 10745 	 6.5062020812e+01 	 1.6252506442e-05
10600 	 10848 	 6.5062020797e+01 	 1.6663117738e-05
10700 	 10950 	 6.5062020783e+01 	 1.2434197215e-05
10800 	 11051 	 6.5062020769e+01 	 1.3744683404e-05
10900 	 11154 	 6.5062020758e+01 	 1.1326679363e-05
11000 	 11257 	 6.5062020749e+01 	 8.2962714319e-06
11100 	 11358 	 6.5062020743e+01 	 8.9599597424e-06
11200 	 11460 	 6.5062020737e+01 	 1.7373186809e-05
11300 	 11563 	 6.5062020731e+01 	 1.0929929951e-05
11400 	 11666 	 6.5062020727e+01 	 9.2237547201e-06
11500 	 11770 	 6.5062020723e+01 	 9.0939331604e-06
11600 	 11871 	 6.5062020718e+01 	 7.8810734002e-06
11700 	 11975 	 6.5062020713e+01 	 7.8303068433e-06
11800 	 12075 	 6.5062020709e+01 	 1.2776954830e-05
11900 	 12176 	 6.5062020706e+01 	 5.0945311947e-06
12000 	 12277 	 6.5062020704e+01 	 3.7105894416e-06
12100 	 12383 	 6.5062020702e+01 	 3.5835559572e-06
12200 	 12486 	 6.5062020700e+01 	 4.1947180147e-06
12300 	 12590 	 6.5062020699e+01 	 4.2768882574e-06
12400 	 12691 	 6.5062020698e+01 	 3.0884804894e-06
12500 	 12793 	 6.5062020697e+01 	 3.4299653111e-06
12600 	 12893 	 6.5062020695e+01 	 4.4769890637e-06
12700 	 12997 	 6.5062020694e+01 	 2.5697738177e-06
12800 	 13100 	 6.5062020693e+01 	 2.7432863354e-06
12900 	 13203 	 6.5062020692e+01 	 6.5236971543e-06
13000 	 13305 	 6.5062020691e+01 	 2.9607851752e-06
13100 	 13406 	 6.5062020690e+01 	 3.9020618522e-06
13200 	 13508 	 6.5062020689e+01 	 3.5180749384e-06
13300 	 13610 	 6.5062020688e+01 	 2.1000962831e-06
13400 	 13712 	 6.5062020688e+01 	 1.7661395649e-06
13500 	 13814 	 6.5062020687e+01 	 1.6987454490e-06
13600 	 13917 	 6.5062020687e+01 	 2.2211015102e-06
13700 	 14024 	 6.5062020687e+01 	 1.3188333965e-06
13800 	 14126 	 6.5062020686e+01 	 1.7422523370e-06
13900 	 14228 	 6.5062020686e+01 	 3.4339065725e-06
14000 	 14332 	 6.5062020686e+01 	 2.2535124347e-06
14100 	 14434 	 6.5062020685e+01 	 2.7209091864e-06
14200 	 14536 	 6.5062020685e+01 	 1.6259342842e-06
14300 	 14637 	 6.5062020685e+01 	 2.3718541686e-06
14400 	 14739 	 6.5062020685e+01 	 1.4347915598e-06
14500 	 14839 	 6.5062020685e+01 	 1.5308430921e-06
14600 	 14942 	 6.5062020684e+01 	 1.4861114790e-06
14700 	 15045 	 6.5062020684e+01 	 4.7467783142e-06
14800 	 15148 	 6.5062020684e+01 	 4.0767787773e-06
14900 	 15250 	 6.5062020684e+01 	 2.4880545166e-06
15000 	 15352 	 6.5062020684e+01 	 1.3306135027e-06
15100 	 15459 	 6.5062020683e+01 	 1.4533997145e-06
15200 	 15562 	 6.5062020683e+01 	 2.5652464216e-06
15300 	 15664 	 6.5062020683e+01 	 7.5504646469e-07
15400 	 15769 	 6.5062020683e+01 	 1.0224997009e-06
15500 	 15870 	 6.5062020683e+01 	 2.1101452906e-06
15600 	 15972 	 6.5062020683e+01 	 2.5958114641e-06
15700 	 16076 	 6.5062020683e+01 	 7.9950804191e-07
15800 	 16185 	 6.5062020683e+01 	 9.8212160661e-07
15900 	 16295 	 6.5062020683e+01 	 6.5861158906e-07
16000 	 16405 	 6.5062020683e+01 	 1.5040321534e-06
16100 	 16516 	 6.5062020683e+01 	 3.6448786887e-07
16200 	 16648 	 6.5062020683e+01 	 6.7490656188e-07
# ---- 
 1 		 16200 	 16648 		 7.1945714671e+01 	 6.5062020683e+01 	 6.7490656188e-07
# ---- 
100 	 106 	 6.5055754732e+01 	 4.8168944559e-02
200 	 208 	 6.5000361565e+01 	 2.2687947415e-02
300 	 310 	 6.4986071241e+01 	 1.0630138485e-02
400 	 412 	 6.4981811947e+01 	 9.5021019033e-03
500 	 514 	 6.4979458596e+01 	 6.3311300379e-03
600 	 616 	 6.4977433013e+01 	 9.1159951105e-03
700 	 717 	 6.4975269173e+01 	 6.1729110062e-03
800 	 819 	 6.4973796527e+01 	 3.3381062358e-03
900 	 922 	 6.4972730283e+01 	 3.8162712415e-03
1000 	 1025 	 6.4971820943e+01 	 3.5741983914e-03
1100 	 1128 	 6.4971038467e+01 	 4.2511275876e-03
1200 	 1231 	 6.4970410085e+01 	 2.7268130310e-03
1300 	 1335 	 6.4970029396e+01 	 5.0073961895e-03
1400 	 1439 	 6.4969621536e+01 	 4.3757762632e-03
1500 	 1541 	 6.4969185959e+01 	 1.7862237594e-03
1600 	 1644 	 6.4968880374e+01 	 1.7601405367e-03
1700 	 1746 	 6.4968667061e+01 	 1.3919284013e-03
1800 	 1846 	 6.4968546446e+01 	 1.1468441707e-03
1900 	 1949 	 6.4968465367e+01 	 1.5215691972e-03
2000 	 2050 	 6.4968388272e+01 	 1.1021377900e-03
2100 	 2152 	 6.4968311362e+01 	 1.8918555717e-03
2200 	 2254 	 6.4968234728e+01 	 1.9606454117e-03
2300 	 2357 	 6.4968167618e+01 	 7.8947158545e-04
2400 	 2459 	 6.4968116776e+01 	 7.3317089844e-04
2500 	 2561 	 6.4968068733e+01 	 7.3475884575e-04
2600 	 2663 	 6.4968033625e+01 	 1.1916264969e-03
2700 	 2764 	 6.4968006235e+01 	 6.4831280210e-04
2800 	 2865 	 6.4967976840e+01 	 4.9696037145e-04
2900 	 2966 	 6.4967935867e+01 	 7.7594522868e-04
3000 	 3070 	 6.4967872212e+01 	 9.9931010310e-04
3100 	 3172 	 6.4967810565e+01 	 8.4185235313e-04
3200 	 3273 	 6.4967759790e+01 	 1.0318307431e-03
3300 	 3373 	 6.4967718016e+01 	 1.0884809832e-03
3400 	 3475 	 6.4967676125e+01 	 5.2937759901e-04
3500 	 3578 	 6.4967636368e+01 	 9.3907850137e-04
3600 	 3678 	 6.4967602479e+01 	 5.3392989625e-04
3700 	 3782 	 6.4967572508e+01 	 5.6341140860e-04
3800 	 3886 	 6.4967550578e+01 	 3.4943438311e-04
3900 	 3990 	 6.4967534904e+01 	 5.3421778252e-04
4000 	 4091 	 6.4967523284e+01 	 3.9375910880e-04
4100 	 4192 	 6.4967512961e+01 	 3.9908004641e-04
4200 	 4295 	 6.4967504818e+01 	 5.0183648133e-04
4300 	 4399 	 6.4967497326e+01 	 3.7205625787e-04
4400 	 4499 	 6.4967491501e+01 	 4.5333022335e-04
4500 	 4603 	 6.4967487160e+01 	 3.7691054750e-04
4600 	 4705 	 6.4967483789e+01 	 1.7828063540e-04
4700 	 4808 	 6.4967480959e+01 	 1.7572603231e-04
4800 	 4910 	 6.4967478885e+01 	 1.7561203503e-04
4900 	 5016 	 6.4967477378e+01 	 1.5029471102e-04
5000 	 5119 	 6.4967475919e+01 	 1.5906505230e-04
5100 	 5224 	 6.4967474566e+01 	 1.4352253681e-04
5200 	 5327 	 6.4967473368e+01 	 2.1510506191e-04
5300 	 5431 	 6.4967472217e+01 	 1.3401080796e-04
5400 	 5533 	 6.4967471169e+01 	 1.0861104554e-04
5500 	 5636 	 6.4967470279e+01 	 1.4827025458e-04
5600 	 5737 	 6.4967469578e+01 	 1.2150024090e-04
5700 	 5839 	 6.4967468712e+01 	 7.0722799651e-05
5800 	 5941 	 6.4967467841e+01 	 8.9898956915e-05
5900 	 6042 	 6.4967466867e+01 	 2.2151585758e-04
6000 	 6145 	 6.4967465701e+01 	 1.1294272640e-04
6100 	 6247 	 6.4967464376e+01 	 1.1892658170e-04
6200 	 6348 	 6.4967463149e+01 	 1.0718163254e-04
6300 	 6450 	 6.4967462293e+01 	 7.6397100854e-05
6400 	 6551 	 6.4967461474e+01 	 1.6239377892e-04
6500 	 6651 	 6.4967460909e+01 	 8.3790569575e-05
6600 	 6751 	 6.4967460435e+01 	 7.8744655744e-05
6700 	 6853 	 6.4967459907e+01 	 1.8963798783e-04
6800 	 6955 	 6.4967459419e+01 	 8.5968737155e-05
6900 	 7059 	 6.4967458966e+01 	 5.3830594327e-05
7000 	 7163 	 6.4967458574e+01 	 6.6596804761e-05
7100 	 7268 	 6.4967458203e+01 	 5.3925120717e-05
7200 	 7370 	 6.4967457909e+01 	 6.1535035710e-05
7300 	 7472 	 6.4967457625e+01 	 6.8492563676e-05
7400 	 7573 	 6.4967457216e+01 	 8.5732639098e-05
7500 	 7676 	 6.4967456783e+01 	 7.7427178625e-05
7600 	 7778 	 6.4967456461e+01 	 1.5999537648e-04
7700 	 7884 	 6.4967456086e+01 	 6.8579391029e-05
7800 	 7984 	 6.4967455669e+01 	 7.7414611725e-05
7900 	 8086 	 6.4967455329e+01 	 4.2909114202e-05
8000 	 8191 	 6.4967455046e+01 	 4.6858708696e-05
8100 	 8293 	 6.4967454763e+01 	 5.0317149725e-05
8200 	 8394 	 6.4967454536e+01 	 4.6160973489e-05
8300 	 8495 	 6.4967454356e+01 	 6.0113443431e-05
8400 	 8599 	 6.4967454197e+01 	 2.8981894160e-05
8500 	 8702 	 6.4967454086e+01 	 2.9939101350e-05
8600 	 8804 	 6.4967453967e+01 	 3.6768015756e-05
8700 	 8905 	 6.4967453871e+01 	 2.6911400840e-05
8800 	 9007 	 6.4967453784e+01 	 3.8379740124e-05
8900 	 9110 	 6.4967453708e+01 	 2.7138904766e-05
9000 	 9210 	 6.4967453653e+01 	 3.4783295204e-05
9100 	 9314 	 6.4967453609e+01 	 2.4221945384e-05
9200 	 9417 	 6.4967453568e+01 	 2.0543762093e-05
9300 	 9519 	 6.4967453519e+01 	 5.1868326767e-05
9400 	 9624 	 6.4967453468e+01 	 2.7004388781e-05
9500 	 9725 	 6.4967453415e+01 	 1.8438010023e-05
9600 	 9827 	 6.4967453361e+01 	 2.2933946584e-05
9700 	 9929 	 6.4967453313e+01 	 2.2211921420e-05
9800 	 10033 	 6.4967453265e+01 	 4.6895712401e-05
9900 	 10133 	 6.4967453212e+01 	 5.8659234562e-05
10000 	 10235 	 6.4967453163e+01 	 1.8327901711e-05
10100 	 10337 	 6.4967453121e+01 	 2.1202784094e-05
10200 	 10441 	 6.4967453089e+01 	 1.6548405000e-05
10300 	 10545 	 6.4967453056e+01 	 2.8533079426e-05
10400 	 10649 	 6.4967453024e+01 	 1.6280934384e-05
10500 	 10751 	 6.4967452994e+01 	 1.9066740158e-05
10600 	 10854 	 6.4967452969e+01 	 1.1481475981e-05
10700 	 10957 	 6.4967452954e+01 	 2.2368379838e-05
10800 	 11057 	 6.4967452944e+01 	 1.0457661548e-05
10900 	 11160 	 6.4967452935e+01 	 1.0932710851e-05
11000 	 11262 	 6.4967452929e+01 	 7.5779594719e-06
11100 	 11364 	 6.4967452924e+01 	 9.5215763120e-06
11200 	 11465 	 6.4967452920e+01 	 7.5492211527e-06
11300 	 11567 	 6.4967452915e+01 	 6.5844694757e-06
11400 	 11668 	 6.4967452911e+01 	 5.8787488166e-06
11500 	 11772 	 6.4967452908e+01 	 5.5474942798e-06
11600 	 11874 	 6.4967452905e+01 	 6.8326790440e-06
11700 	 11978 	 6.4967452903e+01 	 1.8259265212e-05
11800 	 12083 	 6.4967452899e+01 	 1.2744664226e-05
11900 	 12185 	 6.4967452896e+01 	 5.0179288402e-06
12000 	 12286 	 6.4967452892e+01 	 7.0504971029e-06
12100 	 12391 	 6.4967452889e+01 	 1.1756034804e-05
12200 	 12496 	 6.4967452884e+01 	 7.7050518804e-06
12300 	 12597 	 6.4967452879e+01 	 9.4325374191e-06
12400 	 12698 	 6.4967452874e+01 	 1.5032543821e-05
12500 	 12800 	 6.4967452870e+01 	 6.1010628438e-06
12600 	 12902 	 6.4967452867e+01 	 5.9068129652e-06
12700 	 13003 	 6.4967452864e+01 	 6.8597110315e-06
12800 	 13105 	 6.4967452862e+01 	 4.2426528841e-06
12900 	 13205 	 6.4967452861e+01 	 4.0535025526e-06
13000 	 13307 	 6.4967452859e+01 	 2.9512979079e-06
13100 	 13412 	 6.4967452858e+01 	 5.8689492989e-06
13200 	 13514 	 6.4967452857e+01 	 3.3261349481e-06
13300 	 13615 	 6.4967452856e+01 	 2.3181013509e-06
13400 	 13719 	 6.4967452855e+01 	 4.5196359818e-06
13500 	 13822 	 6.4967452855e+01 	 5.1370198205e-06
13600 	 13926 	 6.4967452854e+01 	 1.8295202946e-06
13700 	 14027 	 6.4967452854e+01 	 2.5675693111e-06
13800 	 14129 	 6.4967452853e+01 	 2.2396217286e-06
13900 	 14232 	 6.4967452853e+01 	 1.8690420777e-06
14000 	 14335 	 6.4967452852e+01 	 2.8104234436e-06
14100 	 14437 	 6.4967452852e+01 	 4.7451773842e-06
14200 	 14539 	 6.4967452852e+01 	 1.4975568421e-06
14300 	 14642 	 6.4967452852e+01 	 1.5422027396e-06
14400 	 14744 	 6.4967452851e+01 	 1.2293449020e-06
14500 	 14848 	 6.4967452851e+01 	 2.0113785975e-06
14600 	 14951 	 6.4967452851e+01 	 1.4966906082e-06
14700 	 15054 	 6.4967452851e+01 	 1.6834168571e-06
14800 	 15157 	 6.4967452851e+01 	 1.5249220222e-06
14900 	 15260 	 6.4967452851e+01 	 1.2526618545e-06
15000 	 15360 	 6.4967452851e+01 	 1.5475120038e-06
15100 	 15463 	 6.4967452850e+01 	 1.6385330168e-06
15200 	 15565 	 6.4967452850e+01 	 1.0923576472e-06
15300 	 15672 	 6.4967452850e+01 	 4.5004812937e-06
15400 	 15775 	 6.4967452850e+01 	 7.0725214003e-07
15500 	 15880 	 6.4967452850e+01 	 1.5721847070e-06
15600 	 15983 	 6.4967452850e+01 	 1.6833641245e-06
15700 	 16085 	 6.4967452850e+01 	 9.5969443758e-07
15800 	 16189 	 6.4967452850e+01 	 7.7496867641e-07
15900 	 16297 	 6.4967452850e+01 	 9.2074363696e-07
16000 	 16405 	 6.4967452849e+01 	 1.0715751956e-06
16100 	 16507 	 6.4967452849e+01 	 7.6672048566e-07
16200 	 16610 	 6.4967452849e+01 	 7.6184389874e-07
16300 	 16713 	 6.4967452849e+01 	 1.0923907214e-06
16400 	 16814 	 6.4967452849e+01 	 1.0218637677e-06
16500 	 16915 	 6.4967452849e+01 	 8.8910442390e-07
16600 	 17017 	 6.4967452849e+01 	 8.4900874623e-07
16700 	 17120 	 6.4967452849e+01 	 1.3321264257e-06
16800 	 17224 	 6.4967452849e+01 	 6.2686374191e-07
16900 	 17333 	 6.4967452849e+01 	 6.1203155087e-07
17000 	 17442 	 6.4967452849e+01 	 6.7043292182e-07
# ---- 
 1 		 17022 	 17483 		 7.1422046145e+01 	 6.4967452849e+01 	 7.5750112336e-07
# ---- 
100 	 103 	 6.4973639662e+01 	 4.2801786760e-02
200 	 206 	 6.4922241103e+01 	 2.7564952034e-02
300 	 308 	 6.4909943163e+01 	 1.1373476935e-02
400 	 412 	 6.4906228730e+01 	 6.3266421427e-03
500 	 513 	 6.4903821790e+01 	 1.1353958961e-02
600 	 616 	 6.4901742428e+01 	 1.5085745238e-02
700 	 718 	 6.4899946073e+01 	 8.3079777277e-03
800 	 820 	 6.4898597790e+01 	 6.1949366319e-03
900 	 923 	 6.4897673403e+01 	 3.4058863803e-03
1000 	 1025 	 6.4896903247e+01 	 3.9781895943e-03
1100 	 1128 	 6.4896257688e+01 	 2.4982779973e-03
1200 	 1231 	 6.4895682036e+01 	 3.8033457404e-03
1300 	 1333 	 6.4895268130e+01 	 2.1533933234e-03
1400 	 1433 	 6.4894848712e+01 	 2.7349392310e-03
1500 	 1536 	 6.4894406246e+01 	 2.6311954662e-03
1600 	 1638 	 6.4894111978e+01 	 2.2313017018e-03
1700 	 1741 	 6.4893913371e+01 	 4.0632112878e-03
1800 	 1843 	 6.4893775616e+01 	 1.3575685996e-03
1900 	 1945 	 6.4893685226e+01 	 8.1599949949e-04
2000 	 2047 	 6.4893603539e+01 	 1.6372208516e-03
2100 	 2149 	 6.4893526566e+01 	 1.0976187332e-03
2200 	 2252 	 6.4893433937e+01 	 9.2071293663e-04
2300 	 2352 	 6.4893358255e+01 	 7.3159577024e-04
2400 	 2453 	 6.4893290136e+01 	 1.0930886084e-03
2500 	 2555 	 6.4893231342e+01 	 9.3740202679e-04
2600 	 2660 	 6.4893186114e+01 	 6.3808967226e-04
2700 	 2764 	 6.4893149607e+01 	 2.1745352547e-03
2800 	 2868 	 6.4893095375e+01 	 6.5652135373e-04
2900 	 2971 	 6.4893019187e+01 	 2.4878217577e-03
3000 	 3074 	 6.4892938038e+01 	 7.6037055881e-04
3100 	 3180 	 6.4892849860e+01 	 1.6918393630e-03
3200 	 3281 	 6.4892783161e+01 	 8.5872430442e-04
3300 	 3383 	 6.4892719027e+01 	 8.9672570465e-04
3400 	 3486 	 6.4892662961e+01 	 8.3369044351e-04
3500 	 3590 	 6.4892611541e+01 	 7.6670343453e-04
3600 	 3693 	 6.4892574946e+01 	 5.2321312426e-04
3700 	 3795 	 6.4892545727e+01 	 1.1624449556e-03
3800 	 3897 	 6.4892520506e+01 	 7.5036689346e-04
3900 	 3999 	 6.4892503792e+01 	 4.0551275318e-04
4000 	 4102 	 6.4892492139e+01 	 3.2864638520e-04
4100 	 4205 	 6.4892484645e+01 	 2.0319552933e-04
4200 	 4310 	 6.4892479792e+01 	 2.0659674200e-04
4300 	 4412 	 6.4892475628e+01 	 4.9294327750e-04
4400 	 4517 	 6.4892472644e+01 	 1.8868719343e-04
4500 	 4619 	 6.4892469383e+01 	 2.1028202831e-04
4600 	 4722 	 6.4892465814e+01 	 2.6926567811e-04
4700 	 4824 	 6.4892462899e+01 	 1.5067609908e-04
4800 	 4928 	 6.4892460597e+01 	 1.8615653903e-04
4900 	 5030 	 6.4892458891e+01 	 1.3853891657e-04
5000 	 5132 	 6.4892457488e+01 	 1.2214142450e-04
5100 	 5236 	 6.4892456079e+01 	 2.6894825967e-04
5200 	 5337 	 6.4892454551e+01 	 3.9227950664e-04
5300 	 5441 	 6.4892452732e+01 	 1.4242867449e-04
5400 	 5542 	 6.4892451029e+01 	 1.4697589027e-04
5500 	 5643 	 6.4892449825e+01 	 9.1803620138e-05
5600 	 5746 	 6.4892448787e+01 	 2.0831140996e-04
5700 	 5848 	 6.4892447825e+01 	 1.0118700847e-04
5800 	 5950 	 6.4892446825e+01 	 6.8952155333e-05
5900 	 6052 	 6.4892445966e+01 	 1.0422182092e-04
6000 	 6156 	 6.4892445123e+01 	 9.4609661732e-05
6100 	 6257 	 6.4892444511e+01 	 9.3966224490e-05
6200 	 6359 	 6.4892443887e+01 	 2.0131944084e-04
6300 	 6460 	 6.4892443256e+01 	 6.9498426542e-05
6400 	 6561 	 6.4892442523e+01 	 1.0942380905e-04
6500 	 6665 	 6.4892441793e+01 	 7.0899097142e-05
6600 	 6769 	 6.4892441234e+01 	 1.3110821690e-04
6700 	 6872 	 6.4892440751e+01 	 6.9851581476e-05
6800 	 6974 	 6.4892440337e+01 	 1.0532013386e-04
6900 	 7077 	 6.4892439982e+01 	 8.7676548689e-05
7000 	 7181 	 6.4892439615e+01 	 1.0435967918e-04
7100 	 7282 	 6.4892439180e+01 	 6.6594623890e-05
7200 	 7385 	 6.4892438794e+01 	 1.9087341852e-04
7300 	 7487 	 6.4892438350e+01 	 7.5429675537e-05
7400 	 7590 	 6.4892437897e+01 	 1.3747243480e-04
7500 	 7691 	 6.4892437428e+01 	 7.6107094061e-05
7600 	 7793 	 6.4892437072e+01 	 5.6550070071e-05
7700 	 7897 	 6.4892436698e+01 	 6.1884225995e-05
7800 	 8000 	 6.4892436287e+01 	 9.7371233534e-05
7900 	 8102 	 6.4892435950e+01 	 5.4108570031e-05
8000 	 8203 	 6.4892435683e+01 	 4.6153927032e-05
8100 	 8305 	 6.4892435469e+01 	 4.9067030624e-05
8200 	 8408 	 6.4892435276e+01 	 6.7580178645e-05
8300 	 8511 	 6.4892435085e+01 	 5.0944643584e-05
8400 	 8612 	 6.4892434878e+01 	 4.5316131476e-05
8500 	 8713 	 6.4892434670e+01 	 8.5049425287e-05
8600 	 8815 	 6.4892434529e+01 	 6.1333958249e-05
8700 	 8916 	 6.4892434439e+01 	 3.4255962238e-05
8800 	 9017 	 6.4892434357e+01 	 3.8767821247e-05
8900 	 9120 	 6.4892434284e+01 	 2.8957960233e-05
9000 	 9223 	 6.4892434212e+01 	 6.0588433860e-05
9100 	 9327 	 6.4892434142e+01 	 5.4485007183e-05
9200 	 9431 	 6.4892434065e+01 	 3.7512268353e-05
9300 	 9532 	 6.4892433986e+01 	 3.1362232718e-05
9400 	 9636 	 6.4892433895e+01 	 5.3516957299e-05
9500 	 9740 	 6.4892433785e+01 	 4.2304662000e-05
9600 	 9843 	 6.4892433677e+01 	 3.2441116481e-05
9700 	 9948 	 6.4892433597e+01 	 5.2798693201e-05
9800 	 10050 	 6.4892433528e+01 	 3.9616713701e-05
9900 	 10151 	 6.4892433474e+01 	 4.2609016622e-05
10000 	 10252 	 6.4892433427e+01 	 1.7504620603e-05
10100 	 10354 	 6.4892433393e+01 	 3.9197595990e-05
10200 	 10455 	 6.4892433367e+01 	 1.5182039603e-05
10300 	 10557 	 6.4892433339e+01 	 1.5054730342e-05
10400 	 10658 	 6.4892433320e+01 	 1.6027625588e-05
10500 	 10761 	 6.4892433300e+01 	 1.8036862363e-05
10600 	 10863 	 6.4892433279e+01 	 1.5793869361e-05
10700 	 10966 	 6.4892433256e+01 	 1.2600237419e-05
10800 	 11070 	 6.4892433238e+01 	 1.3509454944e-05
10900 	 11172 	 6.4892433222e+01 	 1.9230033682e-05
11000 	 11274 	 6.4892433207e+01 	 1.5962206179e-05
11100 	 11374 	 6.4892433191e+01 	 1.8789766335e-05
11200 	 11476 	 6.4892433174e+01 	 1.4965728204e-05
11300 	 11580 	 6.4892433157e+01 	 1.0168832820e-05
11400 	 11683 	 6.4892433144e+01 	 1.2992859521e-05
11500 	 11784 	 6.4892433131e+01 	 1.7775660096e-05
11600 	 11885 	 6.4892433121e+01 	 1.2112851168e-05
11700 	 11989 	 6.4892433114e+01 	 1.2392275337e-05
11800 	 12092 	 6.4892433108e+01 	 7.2845099314e-06
11900 	 12193 	 6.4892433103e+01 	 7.9947164595e-06
12000 	 12296 	 6.4892433098e+01 	 1.7851831994e-05
12100 	 12398 	 6.4892433093e+01 	 6.2645995931e-06
12200 	 12501 	 6.4892433090e+01 	 7.3840926779e-06
12300 	 12602 	 6.4892433087e+01 	 5.2816016183e-06
12400 	 12704 	 6.4892433084e+01 	 5.3491059581e-06
12500 	 12807 	 6.4892433082e+01 	 7.7878105362e-06
12600 	 12910 	 6.4892433079e+01 	 1.7162968612e-05
12700 	 13012 	 6.4892433075e+01 	 1.2093932596e-05
12800 	 13114 	 6.4892433071e+01 	 5.0234511222e-06
12900 	 13216 	 6.4892433068e+01 	 6.7764788665e-06
13000 	 13322 	 6.4892433064e+01 	 5.3702625741e-06
13100 	 13425 	 6.4892433061e+01 	 9.2121022842e-06
13200 	 13528 	 6.4892433058e+01 	 4.7877558760e-06
13300 	 13632 	 6.4892433056e+01 	 5.2404632907e-06
13400 	 13736 	 6.4892433053e+01 	 4.6452243487e-06
13500 	 13838 	 6.4892433051e+01 	 1.0458767569e-05
13600 	 13939 	 6.4892433049e+01 	 3.8802026767e-06
13700 	 14043 	 6.4892433048e+01 	 3.9903999567e-06
13800 	 14143 	 6.4892433046e+01 	 4.4951138625e-06
13900 	 14247 	 6.4892433045e+01 	 4.3802606321e-06
14000 	 14348 	 6.4892433043e+01 	 3.8532839171e-06
14100 	 14448 	 6.4892433042e+01 	 2.3338129880e-06
14200 	 14551 	 6.4892433042e+01 	 2.7501480097e-06
14300 	 14653 	 6.4892433041e+01 	 2.8965159022e-06
14400 	 14755 	 6.4892433040e+01 	 2.4070185399e-06
14500 	 14856 	 6.4892433040e+01 	 3.5233256048e-06
14600 	 14960 	 6.4892433039e+01 	 6.1104267912e-06
14700 	 15065 	 6.4892433038e+01 	 5.1218312765e-06
14800 	 15167 	 6.4892433038e+01 	 4.0953830902e-06
14900 	 15270 	 6.4892433037e+01 	 2.5227668663e-06
15000 	 15373 	 6.4892433037e+01 	 1.7072575535e-06
15100 	 15476 	 6.4892433036e+01 	 2.3800994407e-06
15200 	 15577 	 6.4892433036e+01 	 2.1902907397e-06
15300 	 15682 	 6.4892433035e+01 	 2.4132960789e-06
15400 	 15782 	 6.4892433035e+01 	 2.9024582198e-06
15500 	 15884 	 6.4892433034e+01 	 2.4254943999e-06
15600 	 15986 	 6.4892433034e+01 	 2.2283905562e-06
15700 	 16088 	 6.4892433034e+01 	 2.4406266595e-06
15800 	 16191 	 6.4892433033e+01 	 2.5667133907e-06
15900 	 16294 	 6.4892433033e+01 	 1.5794872924e-06
16000 	 16396 	 6.4892433033e+01 	 1.6620761988e-06
16100 	 16500 	 6.4892433033e+01 	 1.2804658660e-06
16200 	 16604 	 6.4892433032e+01 	 1.4365162768e-06
16300 	 16707 	 6.4892433032e+01 	 1.2565942877e-06
16400 	 16814 	 6.4892433032e+01 	 1.3560740421e-06
16500 	 16920 	 6.4892433032e+01 	 1.1461034959e-06
16600 	 17024 	 6.4892433032e+01 	 7.6231436896e-07
16700 	 17127 	 6.4892433032e+01 	 1.6129882818e-06
16800 	 17232 	 6.4892433032e+01 	 2.1374700871e-06
16900 	 17338 	 6.4892433032e+01 	 1.7506631134e-06
17000 	 17440 	 6.4892433032e+01 	 7.7091230200e-07
17100 	 17546 	 6.4892433032e+01 	 5.6560493500e-07
17200 	 17654 	 6.4892433032e+01 	 6.7981663147e-07
17300 	 17765 	 6.4892433032e+01 	 6.1546106229e-07
17400 	 17875 	 6.4892433031e+01 	 8.4035024475e-07
17500 	 17996 	 6.4892433031e+01 	 1.0222157253e-06
17600 	 18111 	 6.4892433031e+01 	 4.2355989693e-07
17700 	 18226 	 6.4892433031e+01 	 9.4149578350e-07
17800 	 18340 	 6.4892433031e+01 	 6.4486406853e-07
17900 	 18447 	 6.4892433031e+01 	 1.4123804290e-06
18000 	 18556 	 6.4892433031e+01 	 5.5857273467e-07
18100 	 18669 	 6.4892433031e+01 	 9.9045698892e-07
18200 	 18779 	 6.4892433031e+01 	 9.7837844943e-07
18300 	 18888 	 6.4892433031e+01 	 2.5695420946e-07
18400 	 18999 	 6.4892433031e+01 	 4.5261580384e-07
# ---- 
 1 		 18448 	 19075 		 7.1370163842e+01 	 6.4892433031e+01 	 6.9378508895e-07
# ---- 
100 	 105 	 6.4907043568e+01 	 4.5641299441e-02
200 	 206 	 6.4858937746e+01 	 2.1847729974e-02
300 	 307 	 6.4847485257e+01 	 1.3519926403e-02
400 	 409 	 6.4844100268e+01 	 7.1387350071e-03
500 	 513 	 6.4841850703e+01 	 6.7447054266e-03
600 	 615 	 6.4839965696e+01 	 5.1293904117e-03
700 	 716 	 6.4838338509e+01 	 5.4939806779e-03
800 	 816 	 6.4837058262e+01 	 3.2632000985e-03
900 	 918 	 6.4836177371e+01 	 2.6441649643e-03
1000 	 1020 	 6.4835483666e+01 	 3.6615153711e-03
1100 	 1121 	 6.4834875478e+01 	 3.2215231739e-03
1200 	 1221 	 6.4834366246e+01 	 5.7330685894e-03
1300 	 1323 	 6.4833970023e+01 	 2.2752614511e-03
1400 	 1426 	 6.4833521411e+01 	 2.0552701943e-03
1500 	 1528 	 6.4833109988e+01 	 1.8825937265e-03
1600 	 1630 	 6.4832838617e+01 	 1.9692365456e-03
1700 	 1730 	 6.4832700101e+01 	 1.4934032003e-03
1800 	 1831 	 6.4832596595e+01 	 1.2304080916e-03
1900 	 1932 	 6.4832521982e+01 	 1.0722578613e-03
2000 	 2034 	 6.4832459742e+01 	 1.5253926937e-03
2100 	 2136 	 6.4832379571e+01 	 1.3865424338e-03
2200 	 2239 	 6.4832280656e+01 	 1.2875916966e-03
2300 	 2343 	 6.4832209630e+01 	 2.0618358660e-03
2400 	 2444 	 6.4832137009e+01 	 8.1242170702e-04
2500 	 2549 	 6.4832056037e+01 	 1.2601440169e-03
2600 	 2650 	 6.4831984528e+01 	 8.7190920377e-04
2700 	 2752 	 6.4831930389e+01 	 1.5668956141e-03
2800 	 2853 	 6.4831876120e+01 	 1.0057783544e-03
2900 	 2956 	 6.4831797696e+01 	 1.7843808757e-03
3000 	 3058 	 6.4831709601e+01 	 1.3194229059e-03
3100 	 3161 	 6.4831646071e+01 	 9.4633888339e-04
3200 	 3262 	 6.4831585591e+01 	 8.9306928415e-04
3300 	 3364 	 6.4831532190e+01 	 8.4904472303e-04
3400 	 3465 	 6.4831488051e+01 	 6.2739011743e-04
3500 	 3568 	 6.4831447794e+01 	 6.1878851976e-04
3600 	 3670 	 6.4831422134e+01 	 6.6063722087e-04
3700 	 3772 	 6.4831402928e+01 	 5.2696247017e-04
3800 	 3876 	 6.4831390384e+01 	 4.4744054048e-04
3900 	 3978 	 6.4831377550e+01 	 6.4227233738e-04
4000 	 4080 	 6.4831367821e+01 	 2.4972174385e-04
4100 	 4183 	 6.4831360945e+01 	 2.6916380232e-04
4200 	 4286 	 6.4831355522e+01 	 2.4783345735e-04
4300 	 4387 	 6.4831350745e+01 	 2.5017071452e-04
4400 	 4489 	 6.4831346364e+01 	 2.3275397418e-04
4500 	 4591 	 6.4831341478e+01 	 2.3812552532e-04
4600 	 4694 	 6.4831337308e+01 	 1.6251272191e-04
4700 	 4797 	 6.4831333109e+01 	 2.1776750519e-04
4800 	 4899 	 6.4831328806e+01 	 2.3039492949e-04
4900 	 5002 	 6.4831325948e+01 	 1.3601021116e-04
5000 	 5104 	 6.4831324012e+01 	 1.5762445498e-04
5100 	 5209 	 6.4831322120e+01 	 1.0755025017e-04
5200 	 5312 	 6.4831320707e+01 	 1.2555357071e-04
5300 	 5416 	 6.4831319128e+01 	 2.4468177817e-04
5400 	 5521 	 6.4831317592e+01 	 1.0926701516e-04
5500 	 5625 	 6.4831316044e+01 	 3.5147587541e-04
5600 	 5729 	 6.4831314462e+01 	 1.6302080687e-04
5700 	 5831 	 6.4831313070e+01 	 1.1336374862e-04
5800 	 5932 	 6.4831312081e+01 	 1.0214813718e-04
5900 	 6034 	 6.4831311453e+01 	 7.2544677211e-05
6000 	 6140 	 6.4831310912e+01 	 8.1176166036e-05
6100 	 6243 	 6.4831310259e+01 	 8.3150301453e-05
6200 	 6344 	 6.4831309710e+01 	 1.8363652602e-04
6300 	 6446 	 6.4831309200e+01 	 9.4959916201e-05
6400 	 6549 	 6.4831308739e+01 	 5.7774492456e-05
6500 	 6653 	 6.4831308358e+01 	 5.6962606388e-05
6600 	 6757 	 6.4831308023e+01 	 6.1864860952e-05
6700 	 6860 	 6.4831307736e+01 	 6.1249973979e-05
6800 	 6963 	 6.4831307524e+01 	 4.8909285436e-05
6900 	 7066 	 6.4831307324e+01 	 4.8706868845e-05
7000 	 7168 	 6.4831307142e+01 	 5.1238055425e-05
7100 	 7269 	 6.4831306935e+01 	 6.4416164995e-05
7200 	 7373 	 6.4831306647e+01 	 8.2908859541e-05
7300 	 7473 	 6.4831306317e+01 	 4.4953258685e-05
7400 	 7575 	 6.4831306034e+01 	 5.8000476155e-05
7500 	 7676 	 6.4831305733e+01 	 5.1282594262e-05
7600 	 7780 	 6.4831305404e+01 	 1.3097135313e-04
7700 	 7882 	 6.4831305023e+01 	 7.0336664047e-05
7800 	 7983 	 6.4831304708e+01 	 4.7591038597e-05
7900 	 8084 	 6.4831304443e+01 	 7.5093781222e-05
8000 	 8187 	 6.4831304211e+01 	 6.2399482325e-05
8100 	 8288 	 6.4831303940e+01 	 6.9771656868e-05
8200 	 8391 	 6.4831303644e+01 	 6.5310988217e-05
8300 	 8493 	 6.4831303404e+01 	 4.6304410516e-05
8400 	 8596 	 6.4831303224e+01 	 5.5476110155e-05
8500 	 8699 	 6.4831303096e+01 	 8.9330844022e-05
8600 	 8802 	 6.4831302982e+01 	 4.3015841378e-05
8700 	 8906 	 6.4831302824e+01 	 6.0578630055e-05
8800 	 9007 	 6.4831302691e+01 	 7.8841636976e-05
8900 	 9111 	 6.4831302610e+01 	 2.0258097676e-05
9000 	 9212 	 6.4831302546e+01 	 2.9023645613e-05
9100 	 9315 	 6.4831302486e+01 	 5.6365267660e-05
9200 	 9418 	 6.4831302413e+01 	 3.2458067684e-05
9300 	 9522 	 6.4831302340e+01 	 8.2088077301e-05
9400 	 9625 	 6.4831302265e+01 	 3.0563601707e-05
9500 	 9726 	 6.4831302170e+01 	 2.7451516604e-05
9600 	 9829 	 6.4831302091e+01 	 2.8089049472e-05
9700 	 9931 	 6.4831302021e+01 	 3.9672570013e-05
9800 	 10035 	 6.4831301955e+01 	 4.0837206127e-05
9900 	 10140 	 6.4831301880e+01 	 2.7301978647e-05
10000 	 10243 	 6.4831301811e+01 	 1.9932595665e-05
10100 	 10345 	 6.4831301762e+01 	 2.1632381283e-05
10200 	 10447 	 6.4831301725e+01 	 1.5412553381e-05
10300 	 10549 	 6.4831301698e+01 	 1.9182350845e-05
10400 	 10651 	 6.4831301681e+01 	 1.3451494787e-05
10500 	 10752 	 6.4831301666e+01 	 1.1111584805e-05
10600 	 10855 	 6.4831301657e+01 	 8.9656601958e-06
10700 	 10955 	 6.4831301649e+01 	 1.0702263047e-05
10800 	 11057 	 6.4831301641e+01 	 1.1171813852e-05
10900 	 11160 	 6.4831301636e+01 	 1.0208134397e-05
11000 	 11263 	 6.4831301630e+01 	 7.2125690513e-06
11100 	 11365 	 6.4831301625e+01 	 9.1756003600e-06
11200 	 11468 	 6.4831301620e+01 	 6.5702277466e-06
11300 	 11570 	 6.4831301617e+01 	 1.2596507916e-05
11400 	 11672 	 6.4831301613e+01 	 4.6875156273e-06
11500 	 11777 	 6.4831301611e+01 	 7.6736671835e-06
11600 	 11881 	 6.4831301608e+01 	 1.0189691621e-05
11700 	 11983 	 6.4831301605e+01 	 5.9532166262e-06
11800 	 12087 	 6.4831301602e+01 	 1.1965301258e-05
11900 	 12188 	 6.4831301598e+01 	 5.6280491352e-06
12000 	 12289 	 6.4831301594e+01 	 8.3204491139e-06
12100 	 12391 	 6.4831301589e+01 	 9.9806839654e-06
12200 	 12493 	 6.4831301584e+01 	 8.6406324129e-06
12300 	 12595 	 6.4831301580e+01 	 7.0736967977e-06
12400 	 12700 	 6.4831301575e+01 	 7.7050045771e-06
12500 	 12803 	 6.4831301571e+01 	 5.8534582648e-06
12600 	 12905 	 6.4831301569e+01 	 4.4540386326e-06
12700 	 13007 	 6.4831301567e+01 	 4.9539135680e-06
12800 	 13110 	 6.4831301565e+01 	 4.0862155736e-06
12900 	 13213 	 6.4831301563e+01 	 5.4042235971e-06
13000 	 13316 	 6.4831301562e+01 	 7.3173965685e-06
13100 	 13421 	 6.4831301561e+01 	 4.5923844798e-06
13200 	 13524 	 6.4831301560e+01 	 4.3665512011e-06
13300 	 13627 	 6.4831301559e+01 	 2.8043074446e-06
13400 	 13728 	 6.4831301559e+01 	 2.4849865742e-06
13500 	 13833 	 6.4831301558e+01 	 3.5379504692e-06
13600 	 13936 	 6.4831301557e+01 	 2.5444043908e-06
13700 	 14039 	 6.4831301556e+01 	 6.5006694313e-06
13800 	 14140 	 6.4831301554e+01 	 3.8049548602e-06
13900 	 14242 	 6.4831301553e+01 	 3.6680722721e-06
14000 	 14344 	 6.4831301552e+01 	 2.1884573521e-06
14100 	 14446 	 6.4831301552e+01 	 2.1122325983e-06
14200 	 14548 	 6.4831301551e+01 	 2.4863449766e-06
14300 	 14652 	 6.4831301550e+01 	 2.3720423992e-06
14400 	 14756 	 6.4831301550e+01 	 2.9031333318e-06
14500 	 14858 	 6.4831301549e+01 	 3.1400201227e-06
14600 	 14961 	 6.4831301548e+01 	 4.5450041650e-06
14700 	 15063 	 6.4831301548e+01 	 2.4462277805e-06
14800 	 15165 	 6.4831301547e+01 	 1.8460124963e-06
14900 	 15267 	 6.4831301547e+01 	 2.3388693928e-06
15000 	 15372 	 6.4831301547e+01 	 1.5483651211e-06
15100 	 15473 	 6.4831301546e+01 	 1.3841812384e-06
15200 	 15577 	 6.4831301546e+01 	 1.3553863538e-06
15300 	 15681 	 6.4831301546e+01 	 1.3519155537e-06
15400 	 15785 	 6.4831301546e+01 	 2.7291615455e-06
15500 	 15887 	 6.4831301545e+01 	 1.7405254845e-06
15600 	 15990 	 6.4831301545e+01 	 1.6852879569e-06
15700 	 16093 	 6.4831301545e+01 	 1.3132823379e-06
15800 	 16196 	 6.4831301545e+01 	 8.0330061286e-07
15900 	 16302 	 6.4831301545e+01 	 8.7734172777e-07
16000 	 16406 	 6.4831301545e+01 	 1.3008934227e-06
16100 	 16510 	 6.4831301545e+01 	 1.2397090891e-06
16200 	 16614 	 6.4831301545e+01 	 1.1790218905e-06
16300 	 16717 	 6.4831301545e+01 	 6.9746461246e-07
16400 	 16821 	 6.4831301545e+01 	 9.3710494871e-07
16500 	 16927 	 6.4831301545e+01 	 1.4603696122e-06
16600 	 17028 	 6.4831301544e+01 	 1.3108044507e-06
16700 	 17131 	 6.4831301544e+01 	 2.3354648836e-06
16800 	 17236 	 6.4831301544e+01 	 1.1768063877e-06
16900 	 17339 	 6.4831301544e+01 	 1.0929781447e-06
17000 	 17443 	 6.4831301544e+01 	 3.0330743164e-06
17100 	 17547 	 6.4831301544e+01 	 2.2936634824e-06
17200 	 17652 	 6.4831301544e+01 	 6.4841616794e-07
17300 	 17755 	 6.4831301544e+01 	 5.4743048968e-07
17400 	 17860 	 6.4831301544e+01 	 9.8064546040e-07
17500 	 17966 	 6.4831301544e+01 	 4.7981636272e-07
17600 	 18080 	 6.4831301544e+01 	 5.1681039226e-07
17700 	 18187 	 6.4831301544e+01 	 5.9761162206e-07
# ---- 
 1 		 17752 	 18263 		 7.1526376096e+01 	 6.4831301544e+01 	 6.4394206846e-07
# ---- 
100 	 106 	 6.4848846786e+01 	 3.6614340584e-02
200 	 207 	 6.4805018499e+01 	 3.3596455165e-02
300 	 310 	 6.4795888040e+01 	 1.0395756865e-02
400 	 411 	 6.4792773286e+01 	 4.5649711652e-03
500 	 512 	 6.4790508594e+01 	 1.4699892072e-02
600 	 613 	 6.4788694136e+01 	 5.1287498651e-03
700 	 715 	 6.4787242081e+01 	 9.8576167087e-03
800 	 817 	 6.4786191956e+01 	 3.9862323808e-03
900 	 918 	 6.4785310862e+01 	 2.8741909041e-03
1000 	 1020 	 6.4784697812e+01 	 3.2871136545e-03
1100 	 1121 	 6.4784110819e+01 	 3.0448859597e-03
1200 	 1224 	 6.4783692101e+01 	 4.4405930772e-03
1300 	 1326 	 6.4783281420e+01 	 1.7996669228e-03
1400 	 1430 	 6.4782813214e+01 	 2.1769533645e-03
1500 	 1533 	 6.4782417556e+01 	 2.1651408392e-03
1600 	 1634 	 6.4782174717e+01 	 2.0997251932e-03
1700 	 1736 	 6.4782027364e+01 	 1.4698725456e-03
1800 	 1838 	 6.4781914670e+01 	 9.1616058237e-04
1900 	 1941 	 6.4781832503e+01 	 8.7549923791e-04
2000 	 2043 	 6.4781777432e+01 	 1.1857779242e-03
2100 	 2147 	 6.4781704624e+01 	 1.0505762794e-03
2200 	 2249 	 6.4781618918e+01 	 1.3045048028e-03
2300 	 2351 	 6.4781541098e+01 	 1.6555472087e-03
2400 	 2453 	 6.4781458915e+01 	 9.2931033829e-04
2500 	 2554 	 6.4781373362e+01 	 8.2578313765e-04
2600 	 2655 	 6.4781303624e+01 	 8.6093187202e-04
2700 	 2758 	 6.4781245966e+01 	 7.2944630293e-04
2800 	 2863 	 6.4781195616e+01 	 1.7421663112e-03
2900 	 2966 	 6.4781137483e+01 	 1.8072934979e-03
3000 	 3069 	 6.4781067781e+01 	 9.4219369035e-04
3100 	 3172 	 6.4781006762e+01 	 7.5485800246e-04
3200 	 3277 	 6.4780959471e+01 	 8.2559323677e-04
3300 	 3381 	 6.4780925885e+01 	 1.1778550403e-03
3400 	 3484 	 6.4780899071e+01 	 6.3202575906e-04
3500 	 3589 	 6.4780872628e+01 	 5.3122767846e-04
3600 	 3693 	 6.4780852805e+01 	 4.3715892968e-04
3700 	 3797 	 6.4780838180e+01 	 5.5157698341e-04
3800 	 3900 	 6.4780827673e+01 	 5.5986063018e-04
3900 	 4004 	 6.4780821011e+01 	 4.6463466741e-04
4000 	 4106 	 6.4780815511e+01 	 2.6295173992e-04
4100 	 4211 	 6.4780812175e+01 	 4.2125145722e-04
4200 	 4315 	 6.4780809420e+01 	 1.4534448125e-04
4300 	 4419 	 6.4780806691e+01 	 1.3204168077e-04
4400 	 4522 	 6.4780804273e+01 	 2.3121463875e-04
4500 	 4624 	 6.4780802467e+01 	 1.3778783880e-04
4600 	 4729 	 6.4780801217e+01 	 1.1590589116e-04
4700 	 4831 	 6.4780799948e+01 	 1.2187980201e-04
4800 	 4933 	 6.4780798603e+01 	 8.5753065078e-05
4900 	 5037 	 6.4780797797e+01 	 8.6875286462e-05
5000 	 5142 	 6.4780797239e+01 	 1.2656991599e-04
5100 	 5244 	 6.4780796704e+01 	 5.7447994953e-05
5200 	 5345 	 6.4780796229e+01 	 8.6820604861e-05
5300 	 5446 	 6.4780795679e+01 	 1.4760157395e-04
5400 	 5547 	 6.4780795132e+01 	 7.2134855291e-05
5500 	 5649 	 6.4780794703e+01 	 7.6181272132e-05
5600 	 5751 	 6.4780794221e+01 	 2.7248595546e-04
5700 	 5854 	 6.4780793584e+01 	 7.9356414094e-05
5800 	 5958 	 6.4780792977e+01 	 6.5861076221e-05
5900 	 6061 	 6.4780792424e+01 	 5.6394534471e-05
6000 	 6163 	 6.4780791996e+01 	 5.1414922815e-05
6100 	 6266 	 6.4780791566e+01 	 6.3100943141e-05
6200 	 6368 	 6.4780791163e+01 	 6.2867365842e-05
6300 	 6472 	 6.4780790776e+01 	 8.1422285144e-05
6400 	 6574 	 6.4780790366e+01 	 1.6341749831e-04
6500 	 6678 	 6.4780790002e+01 	 5.4091170671e-05
6600 	 6782 	 6.4780789683e+01 	 9.9210684676e-05
6700 	 6885 	 6.4780789352e+01 	 9.8028174604e-05
6800 	 6986 	 6.4780788999e+01 	 6.9235387520e-05
6900 	 7089 	 6.4780788679e+01 	 8.1416035109e-05
7000 	 7193 	 6.4780788452e+01 	 3.7207562801e-05
7100 	 7294 	 6.4780788215e+01 	 4.8354782828e-05
7200 	 7396 	 6.4780788021e+01 	 3.0514865771e-05
7300 	 7500 	 6.4780787884e+01 	 5.5806724917e-05
7400 	 7602 	 6.4780787733e+01 	 4.8329299546e-05
7500 	 7706 	 6.4780787578e+01 	 5.0562866184e-05
7600 	 7810 	 6.4780787407e+01 	 3.8204265338e-05
7700 	 7912 	 6.4780787284e+01 	 3.9366782932e-05
7800 	 8014 	 6.4780787162e+01 	 6.0802889073e-05
7900 	 8117 	 6.4780787073e+01 	 3.6339567273e-05
8000 	 8218 	 6.4780786984e+01 	 3.1316553888e-05
8100 	 8320 	 6.4780786880e+01 	 3.0303935554e-05
8200 	 8421 	 6.4780786771e+01 	 8.1805590121e-05
8300 	 8523 	 6.4780786640e+01 	 8.8256667112e-05
8400 	 8624 	 6.4780786500e+01 	 3.8760035850e-05
8500 	 8726 	 6.4780786403e+01 	 4.1736231762e-05
8600 	 8831 	 6.4780786312e+01 	 3.0699447843e-05
8700 	 8934 	 6.4780786228e+01 	 2.4956438836e-05
8800 	 9037 	 6.4780786142e+01 	 2.2252522686e-05
8900 	 9142 	 6.4780786084e+01 	 2.3417176033e-05
9000 	 9243 	 6.4780786036e+01 	 2.5789497828e-05
9100 	 9344 	 6.4780785988e+01 	 2.5939319061e-05
9200 	 9448 	 6.4780785948e+01 	 2.1887225568e-05
9300 	 9551 	 6.4780785915e+01 	 1.5100359537e-05
9400 	 9656 	 6.4780785889e+01 	 1.2869957354e-05
9500 	 9758 	 6.4780785861e+01 	 1.7123161150e-05
9600 	 9861 	 6.4780785823e+01 	 3.6486415924e-05
9700 	 9963 	 6.4780785783e+01 	 2.9855164406e-05
9800 	 10064 	 6.4780785742e+01 	 1.8669113208e-05
9900 	 10167 	 6.4780785706e+01 	 2.4192816746e-05
10000 	 10270 	 6.4780785672e+01 	 1.5955164693e-05
10100 	 10372 	 6.4780785639e+01 	 3.4685253253e-05
10200 	 10472 	 6.4780785610e+01 	 3.6153404644e-05
10300 	 10575 	 6.4780785584e+01 	 1.7408766478e-05
10400 	 10676 	 6.4780785565e+01 	 1.4847989855e-05
10500 	 10777 	 6.4780785546e+01 	 1.4284205603e-05
10600 	 10880 	 6.4780785532e+01 	 1.4197761583e-05
10700 	 10983 	 6.4780785516e+01 	 1.2926003650e-05
10800 	 11087 	 6.4780785498e+01 	 1.4373179410e-05
10900 	 11187 	 6.4780785481e+01 	 2.1955146001e-05
11000 	 11290 	 6.4780785464e+01 	 1.7052679670e-05
11100 	 11392 	 6.4780785451e+01 	 1.5454566091e-05
11200 	 11495 	 6.4780785440e+01 	 1.0356397094e-05
11300 	 11599 	 6.4780785431e+01 	 8.3420974436e-06
11400 	 11700 	 6.4780785420e+01 	 1.5123109013e-05
11500 	 11804 	 6.4780785411e+01 	 2.1083139853e-05
11600 	 11906 	 6.4780785403e+01 	 8.9367116384e-06
11700 	 12008 	 6.4780785398e+01 	 2.5735416707e-05
11800 	 12109 	 6.4780785393e+01 	 6.8414704496e-06
11900 	 12213 	 6.4780785390e+01 	 6.5695335551e-06
12000 	 12315 	 6.4780785386e+01 	 7.4991038604e-06
12100 	 12418 	 6.4780785383e+01 	 9.2573510543e-06
12200 	 12521 	 6.4780785379e+01 	 1.2138569470e-05
12300 	 12624 	 6.4780785375e+01 	 7.9232824879e-06
12400 	 12726 	 6.4780785369e+01 	 7.2260125417e-06
12500 	 12828 	 6.4780785365e+01 	 1.3869371612e-05
12600 	 12929 	 6.4780785361e+01 	 6.3764260369e-06
12700 	 13032 	 6.4780785359e+01 	 5.4000843171e-06
12800 	 13134 	 6.4780785357e+01 	 5.9355320638e-06
12900 	 13236 	 6.4780785355e+01 	 9.0031637310e-06
13000 	 13337 	 6.4780785354e+01 	 4.3563886387e-06
13100 	 13439 	 6.4780785353e+01 	 7.3016903400e-06
13200 	 13540 	 6.4780785352e+01 	 3.8858059626e-06
13300 	 13642 	 6.4780785350e+01 	 2.6777524401e-06
13400 	 13744 	 6.4780785350e+01 	 2.4855830509e-06
13500 	 13846 	 6.4780785349e+01 	 2.4693090365e-06
13600 	 13946 	 6.4780785348e+01 	 3.3380397777e-06
13700 	 14047 	 6.4780785347e+01 	 3.1926954315e-06
13800 	 14149 	 6.4780785346e+01 	 5.9527311109e-06
13900 	 14253 	 6.4780785345e+01 	 3.4135391921e-06
14000 	 14354 	 6.4780785345e+01 	 3.2085466728e-06
14100 	 14454 	 6.4780785344e+01 	 3.4669048246e-06
14200 	 14556 	 6.4780785343e+01 	 3.8061594819e-06
14300 	 14658 	 6.4780785341e+01 	 9.4527185195e-06
14400 	 14759 	 6.4780785340e+01 	 3.1445155468e-06
14500 	 14863 	 6.4780785339e+01 	 9.7918036214e-06
14600 	 14964 	 6.4780785337e+01 	 4.5230553981e-06
14700 	 15066 	 6.4780785336e+01 	 4.3514974472e-06
14800 	 15169 	 6.4780785335e+01 	 4.9384101206e-06
14900 	 15272 	 6.4780785335e+01 	 2.3871745993e-06
15000 	 15374 	 6.4780785334e+01 	 1.9442677081e-06
15100 	 15477 	 6.4780785334e+01 	 2.7388070810e-06
15200 	 15579 	 6.4780785333e+01 	 4.4879896460e-06
15300 	 15680 	 6.4780785333e+01 	 2.2682837557e-06
15400 	 15783 	 6.4780785333e+01 	 3.1408645514e-06
15500 	 15885 	 6.4780785332e+01 	 2.4311282993e-06
15600 	 15988 	 6.4780785332e+01 	 1.3796204317e-06
15700 	 16091 	 6.4780785332e+01 	 2.9897321190e-06
15800 	 16192 	 6.4780785332e+01 	 1.3162655295e-06
15900 	 16293 	 6.4780785332e+01 	 1.8937229163e-06
16000 	 16394 	 6.4780785332e+01 	 1.8185667782e-06
16100 	 16496 	 6.4780785331e+01 	 1.2627385441e-06
16200 	 16600 	 6.4780785331e+01 	 1.2644495780e-06
16300 	 16704 	 6.4780785331e+01 	 1.0683268585e-06
16400 	 16811 	 6.4780785331e+01 	 1.0758494644e-06
16500 	 16914 	 6.4780785331e+01 	 1.0259546534e-06
16600 	 17016 	 6.4780785331e+01 	 9.9918781019e-07
16700 	 17122 	 6.4780785331e+01 	 1.7140271776e-06
16800 	 17228 	 6.4780785331e+01 	 1.7172690638e-06
16900 	 17329 	 6.4780785331e+01 	 1.0285754060e-06
17000 	 17431 	 6.4780785331e+01 	 1.6693257418e-06
17100 	 17537 	 6.4780785331e+01 	 7.9950626302e-07
17200 	 17644 	 6.4780785331e+01 	 1.4238915010e-06
17300 	 17751 	 6.4780785330e+01 	 7.1160307677e-07
17400 	 17857 	 6.4780785330e+01 	 9.9672316841e-07
17500 	 17965 	 6.4780785330e+01 	 8.7825284254e-07
17600 	 18071 	 6.4780785330e+01 	 6.7775229172e-07
17700 	 18177 	 6.4780785330e+01 	 8.4734774983e-07
17800 	 18284 	 6.4780785330e+01 	 8.3044271526e-07
17900 	 18405 	 6.4780785330e+01 	 2.9286716007e-07
18000 	 18524 	 6.4780785330e+01 	 2.8550844943e-07
# ---- 
 1 		 18087 	 18652 		 7.1313941290e+01 	 6.4780785330e+01 	 2.4640287476e-07
# ---- 
100 	 102 	 6.4799347404e+01 	 4.3833502703e-02
200 	 205 	 6.4760421929e+01 	 1.6972082563e-02
300 	 307 	 6.4752626632e+01 	 9.3812119184e-03
400 	 409 	 6.4749778529e+01 	 6.2501337138e-03
500 	 510 	 6.4747593708e+01 	 6.6539975367e-03
600 	 612 	 6.4745792236e+01 	 5.0654108378e-03
700 	 717 	 6.4744546984e+01 	 6.5286909474e-03
800 	 818 	 6.4743489490e+01 	 4.2075264318e-03
900 	 918 	 6.4742754016e+01 	 4.3072673304e-03
1000 	 1019 	 6.4742155871e+01 	 2.4955109923e-03
1100 	 1121 	 6.4741601867e+01 	 4.5291650653e-03
1200 	 1224 	 6.4741180750e+01 	 2.3784941530e-03
1300 	 1327 	 6.4740813228e+01 	 4.4674313747e-03
1400 	 1429 	 6.4740377508e+01 	 2.5491778636e-03
1500 	 1530 	 6.4740062977e+01 	 2.5185016196e-03
1600 	 1631 	 6.4739841066e+01 	 1.4850270850e-03
1700 	 1732 	 6.4739719102e+01 	 1.4042936966e-03
1800 	 1835 	 6.4739633698e+01 	 1.3353567515e-03
1900 	 1938 	 6.4739570376e+01 	 2.6642748877e-03
2000 	 2040 	 6.4739509879e+01 	 1.8956470814e-03
2100 	 2141 	 6.4739437127e+01 	 1.1430731108e-03
2200 	 2244 	 6.4739367859e+01 	 1.0597592903e-03
2300 	 2346 	 6.4739306763e+01 	 1.7689623049e-03
2400 	 2450 	 6.4739235451e+01 	 1.0280330972e-03
2500 	 2553 	 6.4739160595e+01 	 1.4952674856e-03
2600 	 2654 	 6.4739098568e+01 	 1.0840939989e-03
2700 	 2756 	 6.4739053279e+01 	 1.2104038807e-03
2800 	 2860 	 6.4739009617e+01 	 1.1349900856e-03
2900 	 2962 	 6.4738961217e+01 	 1.2728014391e-03
3000 	 3063 	 6.4738915604e+01 	 8.9988486824e-04
3100 	 3166 	 6.4738878605e+01 	 1.0223465618e-03
3200 	 3266 	 6.4738843369e+01 	 6.2814258730e-04
3300 	 3367 	 6.4738820203e+01 	 6.1550582272e-04
3400 	 3467 	 6.4738803639e+01 	 3.4593901835e-04
3500 	 3569 	 6.4738790312e+01 	 4.3322602093e-04
3600 	 3672 	 6.4738779080e+01 	 5.9426130286e-04
3700 	 3773 	 6.4738771596e+01 	 2.7140030324e-04
3800 	 3879 	 6.4738765064e+01 	 2.4850699108e-04
3900 	 3982 	 6.4738759068e+01 	 2.0217107116e-04
4000 	 4084 	 6.4738754610e+01 	 2.0118078568e-04
4100 	 4184 	 6.4738751735e+01 	 1.7303408518e-04
4200 	 4287 	 6.4738749828e+01 	 1.3159200482e-04
4300 	 4391 	 6.4738747789e+01 	 1.9268505710e-04
4400 	 4492 	 6.4738744751e+01 	 2.1333754224e-04
4500 	 4594 	 6.4738741366e+01 	 3.0758750519e-04
4600 	 4697 	 6.4738737970e+01 	 2.0174376776e-04
4700 	 4800 	 6.4738735408e+01 	 1.6298096030e-04
4800 	 4903 	 6.4738733456e+01 	 1.4603070281e-04
4900 	 5003 	 6.4738731820e+01 	 1.5271638695e-04
5000 	 5106 	 6.4738730446e+01 	 1.2531011667e-04
5100 	 5208 	 6.4738729399e+01 	 1.5430142813e-04
5200 	 5310 	 6.4738728461e+01 	 2.7775018724e-04
5300 	 5415 	 6.4738727685e+01 	 9.1164520208e-05
5400 	 5517 	 6.4738726959e+01 	 9.3471054163e-05
5500 	 5618 	 6.4738726113e+01 	 9.4532845838e-05
5600 	 5722 	 6.4738725275e+01 	 2.0358835570e-04
5700 	 5823 	 6.4738724497e+01 	 1.2747761989e-04
5800 	 5925 	 6.4738723833e+01 	 1.3990218920e-04
5900 	 6027 	 6.4738723287e+01 	 5.3322934397e-05
6000 	 6129 	 6.4738722870e+01 	 5.6152908202e-05
6100 	 6234 	 6.4738722532e+01 	 5.8902954348e-05
6200 	 6335 	 6.4738722249e+01 	 4.6089827475e-05
6300 	 6437 	 6.4738721984e+01 	 7.2689233120e-05
6400 	 6538 	 6.4738721749e+01 	 4.5195724431e-05
6500 	 6641 	 6.4738721508e+01 	 5.5557344189e-05
6600 	 6741 	 6.4738721262e+01 	 5.4591301274e-05
6700 	 6843 	 6.4738721078e+01 	 6.6795256668e-05
6800 	 6946 	 6.4738720939e+01 	 4.0837596104e-05
6900 	 7047 	 6.4738720803e+01 	 7.4703961840e-05
7000 	 7150 	 6.4738720641e+01 	 8.1414477208e-05
7100 	 7250 	 6.4738720430e+01 	 4.8121596166e-05
7200 	 7352 	 6.4738720281e+01 	 4.3656350135e-05
7300 	 7456 	 6.4738720113e+01 	 3.8552481094e-05
7400 	 7559 	 6.4738719925e+01 	 3.7863328184e-05
7500 	 7661 	 6.4738719772e+01 	 3.3488382095e-05
7600 	 7763 	 6.4738719648e+01 	 7.6565248643e-05
7700 	 7868 	 6.4738719520e+01 	 4.3702656879e-05
7800 	 7970 	 6.4738719402e+01 	 1.1642632389e-04
7900 	 8074 	 6.4738719302e+01 	 3.2732009448e-05
8000 	 8177 	 6.4738719203e+01 	 5.5138276437e-05
8100 	 8279 	 6.4738719123e+01 	 3.2911897994e-05
8200 	 8383 	 6.4738719042e+01 	 2.9624581924e-05
8300 	 8485 	 6.4738718969e+01 	 2.4651560870e-05
8400 	 8587 	 6.4738718912e+01 	 1.9213766516e-05
8500 	 8690 	 6.4738718871e+01 	 1.9211760651e-05
8600 	 8793 	 6.4738718840e+01 	 2.1021595247e-05
8700 	 8894 	 6.4738718817e+01 	 3.9127102787e-05
8800 	 8996 	 6.4738718792e+01 	 1.6074919553e-05
8900 	 9098 	 6.4738718768e+01 	 1.2609031484e-05
9000 	 9199 	 6.4738718747e+01 	 1.6746312071e-05
9100 	 9302 	 6.4738718730e+01 	 1.9274793103e-05
9200 	 9403 	 6.4738718711e+01 	 1.6143567341e-05
9300 	 9508 	 6.4738718693e+01 	 2.4407802117e-05
9400 	 9612 	 6.4738718669e+01 	 3.2786491430e-05
9500 	 9714 	 6.4738718644e+01 	 2.8160131538e-05
9600 	 9817 	 6.4738718621e+01 	 1.4929401196e-05
9700 	 9919 	 6.4738718591e+01 	 2.1332347539e-05
9800 	 10022 	 6.4738718548e+01 	 2.3792654232e-05
9900 	 10122 	 6.4738718499e+01 	 2.4596049295e-05
10000 	 10226 	 6.4738718450e+01 	 3.0490981991e-05
10100 	 10331 	 6.4738718398e+01 	 2.3725224296e-05
10200 	 10432 	 6.4738718359e+01 	 1.7161121068e-05
10300 	 10532 	 6.4738718327e+01 	 1.9410504324e-05
10400 	 10635 	 6.4738718303e+01 	 3.2518711203e-05
10500 	 10738 	 6.4738718285e+01 	 1.1137063929e-05
10600 	 10842 	 6.4738718271e+01 	 1.0892231495e-05
10700 	 10945 	 6.4738718261e+01 	 1.0740103035e-05
10800 	 11048 	 6.4738718251e+01 	 1.0922374278e-05
10900 	 11149 	 6.4738718242e+01 	 1.4356770419e-05
11000 	 11253 	 6.4738718233e+01 	 2.6228765547e-05
11100 	 11357 	 6.4738718223e+01 	 8.7323574458e-06
11200 	 11458 	 6.4738718213e+01 	 2.0203189884e-05
11300 	 11559 	 6.4738718207e+01 	 1.6575931558e-05
11400 	 11661 	 6.4738718202e+01 	 8.3448648832e-06
11500 	 11763 	 6.4738718197e+01 	 6.2401001210e-06
11600 	 11866 	 6.4738718193e+01 	 7.4629636055e-06
11700 	 11967 	 6.4738718189e+01 	 9.5522707188e-06
11800 	 12068 	 6.4738718185e+01 	 6.6971694153e-06
11900 	 12171 	 6.4738718182e+01 	 6.7871847605e-06
12000 	 12276 	 6.4738718178e+01 	 6.7589154789e-06
12100 	 12377 	 6.4738718175e+01 	 5.8559001017e-06
12200 	 12479 	 6.4738718172e+01 	 4.5088132725e-06
12300 	 12581 	 6.4738718169e+01 	 5.1901596990e-06
12400 	 12684 	 6.4738718166e+01 	 7.3033039722e-06
12500 	 12788 	 6.4738718163e+01 	 4.7868114598e-06
12600 	 12891 	 6.4738718161e+01 	 5.5043098582e-06
12700 	 12994 	 6.4738718160e+01 	 3.5608897506e-06
12800 	 13096 	 6.4738718158e+01 	 3.5753333528e-06
12900 	 13199 	 6.4738718157e+01 	 3.4659551605e-06
13000 	 13300 	 6.4738718156e+01 	 4.7179576889e-06
13100 	 13401 	 6.4738718156e+01 	 3.3125614851e-06
13200 	 13505 	 6.4738718154e+01 	 3.6022346886e-06
13300 	 13606 	 6.4738718153e+01 	 3.6654786617e-06
13400 	 13707 	 6.4738718152e+01 	 3.7158302328e-06
13500 	 13809 	 6.4738718151e+01 	 5.9479142329e-06
13600 	 13913 	 6.4738718150e+01 	 2.9798819192e-06
13700 	 14015 	 6.4738718149e+01 	 5.8600078147e-06
13800 	 14117 	 6.4738718147e+01 	 3.5552543358e-06
13900 	 14218 	 6.4738718146e+01 	 3.9658525139e-06
14000 	 14320 	 6.4738718145e+01 	 3.6238899313e-06
14100 	 14421 	 6.4738718144e+01 	 3.4077709038e-06
14200 	 14523 	 6.4738718143e+01 	 3.7377591546e-06
14300 	 14626 	 6.4738718143e+01 	 2.1846106852e-06
14400 	 14731 	 6.4738718142e+01 	 4.9894747640e-06
14500 	 14833 	 6.4738718141e+01 	 2.4861604503e-06
14600 	 14934 	 6.4738718141e+01 	 2.5408013546e-06
14700 	 15036 	 6.4738718140e+01 	 2.4082428208e-06
14800 	 15139 	 6.4738718139e+01 	 3.6859294059e-06
14900 	 15239 	 6.4738718139e+01 	 2.3988574750e-06
15000 	 15342 	 6.4738718138e+01 	 1.7938210267e-06
15100 	 15444 	 6.4738718138e+01 	 3.2078773581e-06
15200 	 15547 	 6.4738718138e+01 	 2.1233151570e-06
15300 	 15649 	 6.4738718138e+01 	 1.4773396097e-06
15400 	 15753 	 6.4738718137e+01 	 2.3955748598e-06
15500 	 15854 	 6.4738718137e+01 	 1.1278570042e-06
15600 	 15959 	 6.4738718137e+01 	 1.2403356968e-06
15700 	 16063 	 6.4738718137e+01 	 1.0197956823e-06
15800 	 16168 	 6.4738718137e+01 	 1.2755541330e-06
15900 	 16271 	 6.4738718137e+01 	 1.0103655937e-06
16000 	 16375 	 6.4738718137e+01 	 1.1129279312e-06
16100 	 16478 	 6.4738718136e+01 	 1.6308778066e-06
16200 	 16580 	 6.4738718136e+01 	 1.4915748358e-06
16300 	 16681 	 6.4738718136e+01 	 2.8019045554e-06
16400 	 16784 	 6.4738718136e+01 	 1.5222288450e-06
16500 	 16885 	 6.4738718136e+01 	 1.3841358496e-06
16600 	 16990 	 6.4738718135e+01 	 1.8660848614e-06
16700 	 17093 	 6.4738718135e+01 	 2.8661142174e-06
16800 	 17195 	 6.4738718135e+01 	 1.1282239524e-06
16900 	 17298 	 6.4738718135e+01 	 1.4571414538e-06
17000 	 17402 	 6.4738718135e+01 	 7.4122433141e-07
17100 	 17504 	 6.4738718134e+01 	 8.0466826081e-07
17200 	 17608 	 6.4738718134e+01 	 9.4645033440e-07
17300 	 17711 	 6.4738718134e+01 	 1.3650224681e-06
17400 	 17816 	 6.4738718134e+01 	 6.8727806361e-07
17500 	 17922 	 6.4738718134e+01 	 6.8574553978e-07
17600 	 18029 	 6.4738718134e+01 	 5.7246995050e-07
17700 	 18138 	 6.4738718134e+01 	 9.2835929406e-07
17800 	 18251 	 6.4738718134e+01 	 2.0131461802e-06
17900 	 18361 	 6.4738718134e+01 	 4.0833501421e-07
# ---- 
 1 		 17993 	 18489 		 7.1146246862e+01 	 6.4738718134e+01 	 3.2199833337e-07
# ---- 
100 	 121 	 6.4766345611e+01 	 3.2465205134e-02
200 	 222 	 6.4725618948e+01 	 2.9715727073e-02
300 	 323 	 6.4717233656e+01 	 1.0460276696e-02
400 	 425 	 6.4714154482e+01 	 5.7906031215e-03
500 	 528 	 6.4711968847e+01 	 7.8674194373e-03
600 	 631 	 6.4710124177e+01 	 1.3665930008e-02
700 	 735 	 6.4708954216e+01 	 3.2587181552e-03
800 	 838 	 6.4708044438e+01 	 7.1032586720e-03
900 	 940 	 6.4707277406e+01 	 1.8531737654e-03
1000 	 1045 	 6.4706715874e+01 	 3.3771628296e-03
1100 	 1148 	 6.4706144971e+01 	 3.1443836644e-03
1200 	 1248 	 6.4705744640e+01 	 2.3505022876e-03
1300 	 1350 	 6.4705404670e+01 	 2.8039675739e-03
1400 	 1454 	 6.4705034447e+01 	 3.4202186655e-03
1500 	 1555 	 6.4704697696e+01 	 2.9525257254e-03
1600 	 1660 	 6.4704489493e+01 	 1.5348233594e-03
1700 	 1762 	 6.4704361547e+01 	 1.1292503096e-03
1800 	 1864 	 6.4704286133e+01 	 6.4979341877e-04
1900 	 1965 	 6.4704236290e+01 	 1.4889816912e-03
2000 	 2070 	 6.4704183187e+01 	 7.6784220602e-04
2100 	 2171 	 6.4704124843e+01 	 1.5423318872e-03
2200 	 2274 	 6.4704065794e+01 	 9.4023961141e-04
2300 	 2376 	 6.4704007542e+01 	 9.2669872341e-04
2400 	 2477 	 6.4703950439e+01 	 8.6175683728e-04
2500 	 2579 	 6.4703886738e+01 	 1.0772903756e-03
2600 	 2683 	 6.4703832122e+01 	 8.6882560876e-04
2700 	 2784 	 6.4703790882e+01 	 5.6964188161e-04
2800 	 2888 	 6.4703755074e+01 	 1.1182733452e-03
2900 	 2991 	 6.4703724574e+01 	 5.9067217381e-04
3000 	 3094 	 6.4703700136e+01 	 3.8972083850e-04
3100 	 3196 	 6.4703670860e+01 	 7.9208323169e-04
3200 	 3299 	 6.4703644900e+01 	 8.2928838781e-04
3300 	 3399 	 6.4703618745e+01 	 4.6872124244e-04
3400 	 3503 	 6.4703597585e+01 	 9.6678322589e-04
3500 	 3605 	 6.4703581431e+01 	 4.7090371248e-04
3600 	 3707 	 6.4703572306e+01 	 4.7057699740e-04
3700 	 3809 	 6.4703562529e+01 	 2.9424105560e-04
3800 	 3910 	 6.4703553979e+01 	 7.6410125306e-04
3900 	 4014 	 6.4703545739e+01 	 2.4922552670e-04
4000 	 4115 	 6.4703538942e+01 	 4.5586974327e-04
4100 	 4217 	 6.4703533805e+01 	 6.1113032677e-04
4200 	 4320 	 6.4703530573e+01 	 3.3258450880e-04
4300 	 4423 	 6.4703528178e+01 	 2.9005892354e-04
4400 	 4523 	 6.4703525761e+01 	 1.7174843025e-04
4500 	 4625 	 6.4703523195e+01 	 2.1882730067e-04
4600 	 4725 	 6.4703520045e+01 	 1.8046705141e-04
4700 	 4830 	 6.4703517214e+01 	 2.2470744821e-04
4800 	 4933 	 6.4703514780e+01 	 1.6690652003e-04
4900 	 5037 	 6.4703513289e+01 	 1.4297306703e-04
5000 	 5138 	 6.4703512105e+01 	 1.1148577588e-04
5100 	 5240 	 6.4703510692e+01 	 1.1562620591e-04
5200 	 5345 	 6.4703508965e+01 	 1.4331881161e-04
5300 	 5449 	 6.4703506981e+01 	 1.6236770713e-04
5400 	 5550 	 6.4703505494e+01 	 2.4056657463e-04
5500 	 5652 	 6.4703504078e+01 	 1.5786012852e-04
5600 	 5753 	 6.4703503152e+01 	 2.1114699436e-04
5700 	 5855 	 6.4703502409e+01 	 9.1429862226e-05
5800 	 5957 	 6.4703501826e+01 	 7.8108756617e-05
5900 	 6059 	 6.4703501221e+01 	 9.8938499794e-05
6000 	 6163 	 6.4703500529e+01 	 1.5360008434e-04
6100 	 6263 	 6.4703499819e+01 	 9.4432299163e-05
6200 	 6366 	 6.4703499145e+01 	 7.6119293808e-05
6300 	 6472 	 6.4703498609e+01 	 1.3253262259e-04
6400 	 6573 	 6.4703497976e+01 	 9.4062925881e-05
6500 	 6674 	 6.4703497306e+01 	 8.8037633295e-05
6600 	 6775 	 6.4703496858e+01 	 8.2149993376e-05
6700 	 6876 	 6.4703496618e+01 	 5.6527530462e-05
6800 	 6978 	 6.4703496444e+01 	 3.8016916856e-05
6900 	 7079 	 6.4703496273e+01 	 4.9111254561e-05
7000 	 7183 	 6.4703496141e+01 	 5.1418530161e-05
7100 	 7284 	 6.4703496033e+01 	 3.8790658405e-05
7200 	 7388 	 6.4703495884e+01 	 6.7033038456e-05
7300 	 7490 	 6.4703495687e+01 	 3.6299263961e-05
7400 	 7592 	 6.4703495479e+01 	 1.1823348553e-04
7500 	 7693 	 6.4703495292e+01 	 8.8333124716e-05
7600 	 7796 	 6.4703495160e+01 	 3.3416202602e-05
7700 	 7898 	 6.4703495030e+01 	 4.7841103255e-05
7800 	 8000 	 6.4703494848e+01 	 4.8113241234e-05
7900 	 8102 	 6.4703494714e+01 	 3.2393780525e-05
8000 	 8205 	 6.4703494624e+01 	 2.1224982994e-05
8100 	 8307 	 6.4703494569e+01 	 2.4362511562e-05
8200 	 8410 	 6.4703494519e+01 	 2.1759060234e-05
8300 	 8513 	 6.4703494472e+01 	 2.1216207491e-05
8400 	 8616 	 6.4703494429e+01 	 2.2021810249e-05
8500 	 8719 	 6.4703494400e+01 	 1.5372087088e-05
8600 	 8819 	 6.4703494375e+01 	 1.6583737427e-05
8700 	 8921 	 6.4703494351e+01 	 1.2573231372e-05
8800 	 9023 	 6.4703494332e+01 	 1.3612209211e-05
8900 	 9126 	 6.4703494313e+01 	 1.2154817880e-05
9000 	 9227 	 6.4703494301e+01 	 1.7698214999e-05
9100 	 9331 	 6.4703494293e+01 	 9.1024067789e-06
9200 	 9434 	 6.4703494284e+01 	 2.9583786436e-05
9300 	 9535 	 6.4703494274e+01 	 2.0321916824e-05
9400 	 9637 	 6.4703494267e+01 	 8.8763426889e-06
9500 	 9738 	 6.4703494260e+01 	 8.4233487257e-06
9600 	 9841 	 6.4703494254e+01 	 8.2249241585e-06
9700 	 9943 	 6.4703494249e+01 	 8.5495829169e-06
9800 	 10047 	 6.4703494241e+01 	 1.0775333702e-05
9900 	 10149 	 6.4703494235e+01 	 6.5620830093e-06
10000 	 10252 	 6.4703494229e+01 	 7.3705955917e-06
10100 	 10354 	 6.4703494226e+01 	 5.4872108155e-06
10200 	 10460 	 6.4703494223e+01 	 5.7891409741e-06
10300 	 10564 	 6.4703494220e+01 	 6.6163617625e-06
10400 	 10669 	 6.4703494218e+01 	 4.0276231066e-06
10500 	 10772 	 6.4703494217e+01 	 3.2063590049e-06
10600 	 10873 	 6.4703494216e+01 	 2.8711657705e-06
10700 	 10975 	 6.4703494216e+01 	 5.6277594864e-06
10800 	 11077 	 6.4703494215e+01 	 2.8801299645e-06
10900 	 11180 	 6.4703494214e+01 	 4.1449428831e-06
11000 	 11283 	 6.4703494213e+01 	 3.0437266701e-06
11100 	 11387 	 6.4703494213e+01 	 2.9553696307e-06
11200 	 11489 	 6.4703494211e+01 	 3.7582326165e-06
11300 	 11591 	 6.4703494210e+01 	 4.4769050743e-06
11400 	 11692 	 6.4703494209e+01 	 2.8697996590e-06
11500 	 11795 	 6.4703494208e+01 	 4.5490482806e-06
11600 	 11899 	 6.4703494207e+01 	 3.5599342022e-06
11700 	 12002 	 6.4703494206e+01 	 3.8906662978e-06
11800 	 12105 	 6.4703494205e+01 	 4.0995179344e-06
11900 	 12209 	 6.4703494205e+01 	 4.9523779621e-06
12000 	 12312 	 6.4703494204e+01 	 2.8987502226e-06
12100 	 12414 	 6.4703494203e+01 	 2.9217027271e-06
12200 	 12519 	 6.4703494203e+01 	 2.0927295264e-06
12300 	 12622 	 6.4703494203e+01 	 1.9387564252e-06
12400 	 12727 	 6.4703494202e+01 	 1.6553300248e-06
12500 	 12830 	 6.4703494202e+01 	 1.4906215557e-06
12600 	 12932 	 6.4703494202e+01 	 1.1502598236e-06
12700 	 13034 	 6.4703494202e+01 	 1.3507951768e-06
12800 	 13136 	 6.4703494202e+01 	 1.3869212791e-06
12900 	 13237 	 6.4703494201e+01 	 9.9623266454e-07
13000 	 13341 	 6.4703494201e+01 	 2.6526500564e-06
13100 	 13444 	 6.4703494201e+01 	 3.0957109152e-06
13200 	 13545 	 6.4703494201e+01 	 4.7680652303e-06
13300 	 13648 	 6.4703494200e+01 	 1.9272005269e-06
13400 	 13750 	 6.4703494200e+01 	 1.6871007574e-06
13500 	 13852 	 6.4703494200e+01 	 1.9278178583e-06
13600 	 13952 	 6.4703494200e+01 	 2.2010459343e-06
13700 	 14055 	 6.4703494199e+01 	 1.7222604280e-06
13800 	 14157 	 6.4703494199e+01 	 1.3070244529e-06
13900 	 14261 	 6.4703494199e+01 	 9.9382110850e-07
14000 	 14363 	 6.4703494199e+01 	 1.0110833539e-06
14100 	 14467 	 6.4703494199e+01 	 1.7897914507e-06
14200 	 14570 	 6.4703494199e+01 	 2.1315268153e-06
14300 	 14671 	 6.4703494198e+01 	 2.5948896277e-06
14400 	 14772 	 6.4703494198e+01 	 9.6586131521e-07
14500 	 14879 	 6.4703494198e+01 	 1.0193079651e-06
14600 	 14982 	 6.4703494198e+01 	 7.9751891991e-07
14700 	 15085 	 6.4703494198e+01 	 9.5523450976e-07
14800 	 15187 	 6.4703494198e+01 	 2.9308187695e-06
14900 	 15291 	 6.4703494198e+01 	 3.2228787424e-06
15000 	 15394 	 6.4703494198e+01 	 1.0217477490e-06
15100 	 15498 	 6.4703494198e+01 	 1.1658085259e-06
15200 	 15600 	 6.4703494197e+01 	 1.2486199065e-06
15300 	 15702 	 6.4703494197e+01 	 1.2233618546e-06
15400 	 15816 	 6.4703494197e+01 	 1.2380929572e-06
15500 	 15922 	 6.4703494197e+01 	 9.9656441208e-07
15600 	 16025 	 6.4703494197e+01 	 8.1270976635e-07
15700 	 16129 	 6.4703494197e+01 	 6.3593287969e-07
15800 	 16234 	 6.4703494197e+01 	 5.5456225741e-07
15900 	 16339 	 6.4703494197e+01 	 1.1822559218e-06
16000 	 16446 	 6.4703494197e+01 	 1.3780004992e-06
16100 	 16550 	 6.4703494197e+01 	 1.1026843187e-06
16200 	 16656 	 6.4703494197e+01 	 5.9437950525e-07
16300 	 16768 	 6.4703494197e+01 	 5.6432839591e-07
16400 	 16878 	 6.4703494197e+01 	 5.3602748932e-07
16500 	 16987 	 6.4703494197e+01 	 1.0789359334e-06
16600 	 17101 	 6.4703494197e+01 	 5.5872448822e-07
16700 	 17215 	 6.4703494197e+01 	 5.5701763693e-07
16800 	 17328 	 6.4703494197e+01 	 9.7947538248e-07
16900 	 17444 	 6.4703494197e+01 	 5.3862533491e-07
17000 	 17558 	 6.4703494197e+01 	 7.4320781470e-07
17100 	 17675 	 6.4703494197e+01 	 8.0438382786e-07
17200 	 17787 	 6.4703494197e+01 	 3.7995644962e-07
17300 	 17898 	 6.4703494197e+01 	 5.0962825276e-07
17400 	 18022 	 6.4703494197e+01 	 3.0763422071e-07
# ---- 
 1 		 17498 	 18154 		 7.1162442348e+01 	 6.4703494197e+01 	 5.3206876419e-07
# ---- 
