100 	 103 	 6.7890821569e-01 	 3.3349344665e-02
200 	 206 	 6.4116211985e-01 	 9.9655212422e-03
300 	 307 	 6.3722014358e-01 	 1.5028736746e-02
400 	 409 	 6.3434244652e-01 	 1.8181577067e-02
500 	 510 	 6.3290181553e-01 	 6.3445163061e-03
600 	 611 	 6.3180373519e-01 	 3.9308130758e-03
700 	 713 	 6.3053933042e-01 	 3.1764770685e-03
800 	 816 	 6.2870939169e-01 	 4.5680684460e-03
900 	 918 	 6.2757113766e-01 	 3.2760097658e-03
1000 	 1019 	 6.2699207901e-01 	 2.3483827757e-03
1100 	 1123 	 6.2666100161e-01 	 3.2669187807e-03
1200 	 1225 	 6.2641639603e-01 	 4.6847116749e-03
1300 	 1328 	 6.2620455381e-01 	 1.2376293335e-03
1400 	 1431 	 6.2607520571e-01 	 1.3200754550e-03
1500 	 1535 	 6.2598335572e-01 	 1.6295962170e-03
1600 	 1638 	 6.2592858845e-01 	 7.5409098323e-04
1700 	 1741 	 6.2589569921e-01 	 5.3459979387e-04
1800 	 1843 	 6.2586527205e-01 	 6.9025377179e-04
1900 	 1945 	 6.2583653590e-01 	 1.0197146250e-03
2000 	 2048 	 6.2582123405e-01 	 4.6023305305e-04
2100 	 2148 	 6.2580751495e-01 	 3.7338233371e-04
2200 	 2250 	 6.2579353044e-01 	 9.7338831167e-04
2300 	 2353 	 6.2577916640e-01 	 5.2792418515e-04
2400 	 2455 	 6.2577025342e-01 	 2.1543400240e-04
2500 	 2557 	 6.2576503025e-01 	 6.1990420040e-04
2600 	 2660 	 6.2576103217e-01 	 2.2826525321e-04
2700 	 2763 	 6.2575748910e-01 	 1.5063936136e-04
2800 	 2867 	 6.2575482549e-01 	 1.4277093001e-04
2900 	 2968 	 6.2575318258e-01 	 1.3344839438e-04
3000 	 3069 	 6.2575135960e-01 	 1.4971671114e-04
3100 	 3171 	 6.2574972246e-01 	 1.0060679271e-04
3200 	 3274 	 6.2574856180e-01 	 1.3396974462e-04
3300 	 3376 	 6.2574752745e-01 	 2.9527109884e-04
3400 	 3481 	 6.2574650995e-01 	 9.8599449632e-05
3500 	 3586 	 6.2574559553e-01 	 8.8520152883e-05
3600 	 3690 	 6.2574473113e-01 	 2.3116677760e-04
3700 	 3794 	 6.2574408238e-01 	 1.8808432545e-04
3800 	 3894 	 6.2574325940e-01 	 7.9489526422e-05
3900 	 3996 	 6.2574251263e-01 	 9.9296421028e-05
4000 	 4097 	 6.2574196033e-01 	 8.3072406114e-05
4100 	 4198 	 6.2574148289e-01 	 8.6437244568e-05
4200 	 4301 	 6.2574109227e-01 	 6.3131394822e-05
4300 	 4403 	 6.2574075863e-01 	 6.9810294920e-05
4400 	 4506 	 6.2574046885e-01 	 1.0679460828e-04
4500 	 4609 	 6.2574016026e-01 	 6.5537625553e-05
4600 	 4713 	 6.2573988513e-01 	 7.7246539775e-05
4700 	 4815 	 6.2573970192e-01 	 3.8249912571e-05
4800 	 4917 	 6.2573956859e-01 	 7.9302133519e-05
4900 	 5021 	 6.2573944550e-01 	 8.5283669824e-05
5000 	 5122 	 6.2573930010e-01 	 3.4648048978e-05
5100 	 5224 	 6.2573917525e-01 	 5.7094593725e-05
5200 	 5329 	 6.2573899921e-01 	 5.2657325172e-05
5300 	 5429 	 6.2573879386e-01 	 4.6226804942e-05
5400 	 5533 	 6.2573859918e-01 	 4.0611247112e-05
5500 	 5635 	 6.2573844249e-01 	 4.0331429555e-05
5600 	 5738 	 6.2573830693e-01 	 4.1566895187e-05
5700 	 5841 	 6.2573818736e-01 	 3.4710845032e-05
5800 	 5943 	 6.2573809337e-01 	 2.6915955975e-05
5900 	 6045 	 6.2573801087e-01 	 4.6652590589e-05
6000 	 6147 	 6.2573793820e-01 	 2.6067360838e-05
6100 	 6247 	 6.2573785964e-01 	 4.6716764731e-05
6200 	 6350 	 6.2573777913e-01 	 5.9596940402e-05
6300 	 6453 	 6.2573768256e-01 	 3.3889569949e-05
6400 	 6555 	 6.2573760545e-01 	 3.6542514036e-05
6500 	 6657 	 6.2573752986e-01 	 2.6898158271e-05
6600 	 6758 	 6.2573744853e-01 	 3.1324520405e-05
6700 	 6862 	 6.2573737538e-01 	 4.9734351770e-05
6800 	 6967 	 6.2573730716e-01 	 1.7915858185e-05
6900 	 7069 	 6.2573724901e-01 	 2.3193951122e-05
7000 	 7174 	 6.2573718439e-01 	 4.2098464816e-05
7100 	 7275 	 6.2573711059e-01 	 6.7950755539e-05
7200 	 7378 	 6.2573702922e-01 	 2.1952523170e-05
7300 	 7479 	 6.2573695198e-01 	 3.4728740303e-05
7400 	 7580 	 6.2573688599e-01 	 4.8003951134e-05
7500 	 7682 	 6.2573680870e-01 	 2.6652516143e-05
7600 	 7784 	 6.2573674264e-01 	 2.1287366522e-05
7700 	 7887 	 6.2573668166e-01 	 2.7861396060e-05
7800 	 7989 	 6.2573662870e-01 	 4.5049135995e-05
7900 	 8091 	 6.2573657574e-01 	 3.1408207149e-05
8000 	 8193 	 6.2573652256e-01 	 2.0060257267e-05
8100 	 8295 	 6.2573646271e-01 	 1.9599486256e-05
8200 	 8398 	 6.2573640031e-01 	 5.5780556441e-05
8300 	 8502 	 6.2573634578e-01 	 2.4231638378e-05
8400 	 8605 	 6.2573629909e-01 	 1.7738617392e-05
8500 	 8708 	 6.2573625287e-01 	 2.1437898679e-05
8600 	 8808 	 6.2573621074e-01 	 2.2459330230e-05
8700 	 8909 	 6.2573616993e-01 	 4.9450302855e-05
8800 	 9012 	 6.2573612646e-01 	 2.5620775561e-05
8900 	 9115 	 6.2573608727e-01 	 1.5986911848e-05
9000 	 9215 	 6.2573605446e-01 	 2.9859015483e-05
9100 	 9316 	 6.2573602965e-01 	 2.1610814817e-05
9200 	 9416 	 6.2573600731e-01 	 1.6970479458e-05
9300 	 9519 	 6.2573598601e-01 	 1.4706174725e-05
9400 	 9621 	 6.2573596428e-01 	 4.2786092542e-05
9500 	 9723 	 6.2573594375e-01 	 3.3235110172e-05
9600 	 9826 	 6.2573592405e-01 	 1.1674377731e-05
9700 	 9927 	 6.2573590704e-01 	 1.4603197289e-05
9800 	 10029 	 6.2573588832e-01 	 1.5444722036e-05
9900 	 10130 	 6.2573587222e-01 	 1.3059612516e-05
10000 	 10234 	 6.2573585912e-01 	 1.2915507421e-05
10100 	 10336 	 6.2573583958e-01 	 2.8494428715e-05
10200 	 10440 	 6.2573582316e-01 	 1.1516363973e-05
10300 	 10545 	 6.2573580710e-01 	 2.6831374391e-05
10400 	 10646 	 6.2573579108e-01 	 2.1950726355e-05
10500 	 10750 	 6.2573577762e-01 	 1.0783629183e-05
10600 	 10852 	 6.2573576605e-01 	 2.9821683717e-05
10700 	 10954 	 6.2573575456e-01 	 3.4961479573e-05
10800 	 11056 	 6.2573574617e-01 	 1.3416327444e-05
10900 	 11159 	 6.2573573842e-01 	 1.7757025640e-05
11000 	 11260 	 6.2573573174e-01 	 9.8191765034e-06
11100 	 11363 	 6.2573572551e-01 	 1.1883165689e-05
11200 	 11466 	 6.2573572027e-01 	 6.5341884365e-06
11300 	 11567 	 6.2573571543e-01 	 7.9521344864e-06
11400 	 11670 	 6.2573570994e-01 	 7.9420002393e-06
11500 	 11772 	 6.2573570303e-01 	 8.8553251051e-06
11600 	 11875 	 6.2573569649e-01 	 7.4416586512e-06
11700 	 11977 	 6.2573569063e-01 	 9.1409694895e-06
11800 	 12078 	 6.2573568511e-01 	 8.4240698372e-06
11900 	 12180 	 6.2573568056e-01 	 6.4507052916e-06
12000 	 12282 	 6.2573567676e-01 	 1.8275753971e-05
12100 	 12382 	 6.2573567308e-01 	 6.5295685649e-06
12200 	 12484 	 6.2573566981e-01 	 5.8133503447e-06
12300 	 12584 	 6.2573566719e-01 	 4.1340378771e-06
12400 	 12688 	 6.2573566454e-01 	 1.0750918318e-05
12500 	 12791 	 6.2573566136e-01 	 6.3093347327e-06
12600 	 12894 	 6.2573565768e-01 	 1.2211549651e-05
12700 	 13000 	 6.2573565353e-01 	 7.5789860898e-06
12800 	 13103 	 6.2573564884e-01 	 7.5866865013e-06
12900 	 13205 	 6.2573564465e-01 	 5.7280846194e-06
13000 	 13306 	 6.2573564122e-01 	 5.7976680906e-06
13100 	 13407 	 6.2573563845e-01 	 6.3843711005e-06
13200 	 13509 	 6.2573563574e-01 	 5.1254030287e-06
13300 	 13610 	 6.2573563305e-01 	 4.5386303781e-06
13400 	 13713 	 6.2573563078e-01 	 3.9302220578e-06
13500 	 13818 	 6.2573562913e-01 	 2.6308460847e-06
13600 	 13918 	 6.2573562764e-01 	 5.1071277452e-06
13700 	 14020 	 6.2573562586e-01 	 4.0041203794e-06
13800 	 14123 	 6.2573562432e-01 	 9.1734028711e-06
13900 	 14226 	 6.2573562271e-01 	 5.5939571943e-06
14000 	 14327 	 6.2573562139e-01 	 4.4547874234e-06
14100 	 14429 	 6.2573562036e-01 	 4.8379502354e-06
14200 	 14531 	 6.2573561942e-01 	 3.7715777172e-06
14300 	 14634 	 6.2573561828e-01 	 3.6682693121e-06
14400 	 14737 	 6.2573561722e-01 	 1.0372408812e-05
14500 	 14842 	 6.2573561624e-01 	 5.9345412598e-06
14600 	 14943 	 6.2573561564e-01 	 2.9851440891e-06
14700 	 15046 	 6.2573561513e-01 	 2.8397194181e-06
14800 	 15147 	 6.2573561472e-01 	 2.3998216330e-06
14900 	 15249 	 6.2573561427e-01 	 2.3345539884e-06
15000 	 15353 	 6.2573561381e-01 	 2.5179641497e-06
15100 	 15456 	 6.2573561327e-01 	 2.4447826312e-06
15200 	 15559 	 6.2573561268e-01 	 4.1346402445e-06
15300 	 15661 	 6.2573561215e-01 	 2.2359840919e-06
15400 	 15763 	 6.2573561168e-01 	 2.4771865047e-06
15500 	 15863 	 6.2573561122e-01 	 2.0424032566e-06
15600 	 15965 	 6.2573561085e-01 	 1.6537908814e-06
15700 	 16065 	 6.2573561044e-01 	 2.8886446375e-06
15800 	 16167 	 6.2573561003e-01 	 1.9091271130e-06
15900 	 16271 	 6.2573560962e-01 	 2.1215687931e-06
16000 	 16373 	 6.2573560926e-01 	 4.1834361414e-06
16100 	 16476 	 6.2573560889e-01 	 2.2658449850e-06
16200 	 16578 	 6.2573560851e-01 	 1.5411974639e-06
16300 	 16682 	 6.2573560820e-01 	 1.7490346385e-06
16400 	 16784 	 6.2573560792e-01 	 1.8742670267e-06
16500 	 16887 	 6.2573560774e-01 	 1.4741040126e-06
16600 	 16990 	 6.2573560759e-01 	 1.8417376478e-06
16700 	 17093 	 6.2573560744e-01 	 1.1048135021e-06
16800 	 17196 	 6.2573560729e-01 	 1.0838803406e-06
16900 	 17299 	 6.2573560714e-01 	 2.1875068409e-06
17000 	 17402 	 6.2573560695e-01 	 2.6517257540e-06
17100 	 17507 	 6.2573560676e-01 	 1.4982083310e-06
17200 	 17612 	 6.2573560658e-01 	 1.1986855444e-06
17300 	 17714 	 6.2573560636e-01 	 1.4670485618e-06
17400 	 17816 	 6.2573560609e-01 	 2.3814454206e-06
17500 	 17919 	 6.2573560585e-01 	 1.2785389421e-06
17600 	 18020 	 6.2573560561e-01 	 2.8081038536e-06
17700 	 18124 	 6.2573560532e-01 	 1.6107053715e-06
17800 	 18227 	 6.2573560512e-01 	 1.7011613312e-06
17900 	 18330 	 6.2573560490e-01 	 1.8632564136e-06
18000 	 18434 	 6.2573560471e-01 	 3.5091546699e-06
18100 	 18536 	 6.2573560459e-01 	 9.3725678267e-07
18200 	 18638 	 6.2573560452e-01 	 1.0678331064e-06
18300 	 18740 	 6.2573560445e-01 	 1.5010604975e-06
18400 	 18843 	 6.2573560438e-01 	 1.5032609701e-06
18500 	 18945 	 6.2573560430e-01 	 1.2524502389e-06
18600 	 19048 	 6.2573560423e-01 	 7.1972695083e-07
18700 	 19151 	 6.2573560418e-01 	 6.7974578148e-07
18800 	 19253 	 6.2573560413e-01 	 9.4970749264e-07
18900 	 19355 	 6.2573560408e-01 	 7.9245742479e-07
19000 	 19457 	 6.2573560403e-01 	 1.4404777037e-06
19100 	 19559 	 6.2573560399e-01 	 7.5833206457e-07
19200 	 19660 	 6.2573560392e-01 	 1.9160793487e-06
19300 	 19762 	 6.2573560385e-01 	 2.3786733645e-06
19400 	 19867 	 6.2573560378e-01 	 9.9047669654e-07
19500 	 19972 	 6.2573560369e-01 	 1.1593000826e-06
19600 	 20075 	 6.2573560361e-01 	 8.7619929863e-07
19700 	 20176 	 6.2573560353e-01 	 7.4470477004e-07
19800 	 20281 	 6.2573560347e-01 	 5.6330408316e-07
19900 	 20385 	 6.2573560343e-01 	 5.2980573335e-07
20000 	 20490 	 6.2573560338e-01 	 1.0134655557e-06
20100 	 20592 	 6.2573560332e-01 	 6.9554484691e-07
20200 	 20693 	 6.2573560327e-01 	 7.6898935429e-07
20300 	 20798 	 6.2573560321e-01 	 6.2079544547e-07
20400 	 20901 	 6.2573560314e-01 	 1.0710365130e-06
20500 	 21005 	 6.2573560308e-01 	 1.2584754851e-06
20600 	 21108 	 6.2573560302e-01 	 1.0020239465e-06
20700 	 21210 	 6.2573560297e-01 	 5.1505641318e-07
20800 	 21314 	 6.2573560292e-01 	 9.9246263778e-07
20900 	 21416 	 6.2573560286e-01 	 1.2233707073e-06
21000 	 21517 	 6.2573560280e-01 	 9.3680850540e-07
21100 	 21619 	 6.2573560274e-01 	 1.7213080334e-06
21200 	 21723 	 6.2573560268e-01 	 9.2719158589e-07
21300 	 21825 	 6.2573560262e-01 	 8.0770682120e-07
21400 	 21927 	 6.2573560256e-01 	 1.0592398777e-06
21500 	 22029 	 6.2573560251e-01 	 5.6925180886e-07
21600 	 22130 	 6.2573560248e-01 	 1.2970546542e-06
21700 	 22234 	 6.2573560244e-01 	 6.3843657197e-07
21800 	 22337 	 6.2573560241e-01 	 5.3128283492e-07
21900 	 22440 	 6.2573560239e-01 	 4.2706527886e-07
22000 	 22543 	 6.2573560237e-01 	 4.4193869377e-07
22100 	 22644 	 6.2573560235e-01 	 5.5857750033e-07
22200 	 22748 	 6.2573560233e-01 	 3.9189636865e-07
22300 	 22848 	 6.2573560231e-01 	 1.0093296046e-06
22400 	 22952 	 6.2573560230e-01 	 3.6465539515e-07
22500 	 23055 	 6.2573560228e-01 	 6.0264142144e-07
22600 	 23157 	 6.2573560227e-01 	 6.0921390603e-07
22700 	 23259 	 6.2573560225e-01 	 4.8179601114e-07
22800 	 23361 	 6.2573560224e-01 	 4.7856572291e-07
22900 	 23462 	 6.2573560222e-01 	 3.2494326554e-07
23000 	 23568 	 6.2573560222e-01 	 2.4147782343e-07
23100 	 23670 	 6.2573560221e-01 	 4.8692759769e-07
23200 	 23773 	 6.2573560220e-01 	 3.7322099617e-07
23300 	 23874 	 6.2573560218e-01 	 4.0683368313e-07
23400 	 23976 	 6.2573560217e-01 	 4.5390367449e-07
23500 	 24078 	 6.2573560215e-01 	 3.9268837508e-07
23600 	 24180 	 6.2573560214e-01 	 4.1924375475e-07
23700 	 24284 	 6.2573560213e-01 	 3.1529118502e-07
23800 	 24386 	 6.2573560212e-01 	 3.9723228069e-07
23900 	 24490 	 6.2573560210e-01 	 3.5807332886e-07
24000 	 24595 	 6.2573560209e-01 	 4.1921454984e-07
24100 	 24696 	 6.2573560206e-01 	 5.6574678361e-07
24200 	 24798 	 6.2573560205e-01 	 7.3340124935e-07
24300 	 24900 	 6.2573560203e-01 	 3.9853077915e-07
24400 	 25005 	 6.2573560202e-01 	 3.8439019097e-07
24500 	 25108 	 6.2573560200e-01 	 3.9029028209e-07
24600 	 25211 	 6.2573560199e-01 	 5.5956677572e-07
24700 	 25316 	 6.2573560198e-01 	 5.5591283257e-07
24800 	 25418 	 6.2573560197e-01 	 2.3621058685e-07
24900 	 25521 	 6.2573560197e-01 	 2.2116376265e-07
25000 	 25624 	 6.2573560196e-01 	 2.8598422416e-07
25100 	 25728 	 6.2573560196e-01 	 1.9115253226e-07
25200 	 25831 	 6.2573560195e-01 	 1.4384057086e-07
25300 	 25932 	 6.2573560195e-01 	 1.9597047655e-07
25400 	 26034 	 6.2573560195e-01 	 2.0346797443e-07
25500 	 26137 	 6.2573560195e-01 	 1.4507179756e-07
25600 	 26240 	 6.2573560195e-01 	 1.6308245108e-07
25700 	 26343 	 6.2573560194e-01 	 1.1653148966e-07
25800 	 26446 	 6.2573560194e-01 	 3.1894394075e-07
25900 	 26546 	 6.2573560194e-01 	 1.5066204531e-07
26000 	 26650 	 6.2573560194e-01 	 1.5921540007e-07
26100 	 26751 	 6.2573560193e-01 	 1.7047421362e-07
26200 	 26853 	 6.2573560193e-01 	 1.4109381778e-07
26300 	 26959 	 6.2573560193e-01 	 2.8700813317e-07
26400 	 27060 	 6.2573560193e-01 	 2.4789050946e-07
26500 	 27164 	 6.2573560192e-01 	 3.8670370935e-07
26600 	 27266 	 6.2573560192e-01 	 2.3703752879e-07
26700 	 27369 	 6.2573560192e-01 	 1.9785520369e-07
26800 	 27470 	 6.2573560191e-01 	 2.0397812248e-07
26900 	 27571 	 6.2573560191e-01 	 2.3071021941e-07
27000 	 27673 	 6.2573560191e-01 	 1.7407125320e-07
27100 	 27778 	 6.2573560190e-01 	 1.6929476087e-07
27200 	 27880 	 6.2573560190e-01 	 1.5152971372e-07
27300 	 27986 	 6.2573560190e-01 	 1.6038551100e-07
27400 	 28089 	 6.2573560190e-01 	 5.3349307050e-07
27500 	 28189 	 6.2573560189e-01 	 1.9419190720e-07
27600 	 28293 	 6.2573560189e-01 	 2.2498422363e-07
27700 	 28395 	 6.2573560188e-01 	 1.9149277091e-07
27800 	 28498 	 6.2573560188e-01 	 3.9086979249e-07
27900 	 28601 	 6.2573560188e-01 	 2.0855756638e-07
28000 	 28702 	 6.2573560187e-01 	 1.8613549612e-07
28100 	 28805 	 6.2573560187e-01 	 1.7828362963e-07
28200 	 28906 	 6.2573560187e-01 	 2.4755674614e-07
28300 	 29009 	 6.2573560186e-01 	 1.6905855345e-07
28400 	 29110 	 6.2573560186e-01 	 1.5972564098e-07
28500 	 29212 	 6.2573560186e-01 	 2.3122700595e-07
28600 	 29316 	 6.2573560186e-01 	 3.8611748524e-07
28700 	 29420 	 6.2573560186e-01 	 8.1436377212e-08
28800 	 29523 	 6.2573560186e-01 	 2.0952595184e-07
28900 	 29628 	 6.2573560185e-01 	 7.6948508255e-08
29000 	 29734 	 6.2573560185e-01 	 2.3526046732e-07
29100 	 29837 	 6.2573560185e-01 	 2.1807021682e-07
29200 	 29943 	 6.2573560185e-01 	 9.1591733900e-08
29300 	 30051 	 6.2573560185e-01 	 6.8308322720e-08
29400 	 30159 	 6.2573560185e-01 	 6.7834732431e-08
29500 	 30266 	 6.2573560185e-01 	 7.4622524172e-08
29600 	 30373 	 6.2573560185e-01 	 8.8107037385e-08
29700 	 30475 	 6.2573560185e-01 	 1.1672907743e-07
29800 	 30582 	 6.2573560185e-01 	 1.0040194911e-07
29900 	 30691 	 6.2573560185e-01 	 4.6518712958e-08
30000 	 30798 	 6.2573560185e-01 	 8.4409901148e-08
30100 	 30905 	 6.2573560185e-01 	 3.6964660662e-08
30200 	 31015 	 6.2573560185e-01 	 1.2828348595e-07
30300 	 31126 	 6.2573560185e-01 	 1.6302953075e-07
30400 	 31235 	 6.2573560185e-01 	 5.0112274321e-08
30500 	 31341 	 6.2573560185e-01 	 7.2885690648e-08
30600 	 31446 	 6.2573560185e-01 	 1.0584931902e-07
30700 	 31555 	 6.2573560185e-01 	 7.1380827170e-08
30800 	 31659 	 6.2573560185e-01 	 1.3944984435e-07
30900 	 31764 	 6.2573560185e-01 	 6.5870416796e-08
31000 	 31870 	 6.2573560185e-01 	 9.3780728874e-08
31100 	 31977 	 6.2573560185e-01 	 9.5682938277e-08
31200 	 32084 	 6.2573560184e-01 	 4.4379303544e-08
31300 	 32196 	 6.2573560184e-01 	 5.5626500676e-08
31400 	 32309 	 6.2573560184e-01 	 3.6914871684e-08
# ---- 
 1 		 31480 	 32446 		 1.2268770685e+00 	 6.2573560184e-01 	 3.4859467991e-08
# ---- 
100 	 105 	 2.5853463426e+00 	 2.6221096448e-02
200 	 207 	 2.5682201612e+00 	 6.5059098278e-03
300 	 310 	 2.5619937776e+00 	 2.1611779076e-02
400 	 412 	 2.5587251410e+00 	 5.7833961667e-03
500 	 514 	 2.5574080903e+00 	 3.1019072647e-03
600 	 616 	 2.5570135978e+00 	 1.7281055938e-03
700 	 717 	 2.5568175802e+00 	 1.0595652257e-03
800 	 819 	 2.5566756204e+00 	 2.0279340017e-03
900 	 921 	 2.5564859156e+00 	 1.3859490565e-03
1000 	 1024 	 2.5564003817e+00 	 1.2469177811e-03
1100 	 1129 	 2.5563584869e+00 	 6.5512254303e-04
1200 	 1231 	 2.5563404710e+00 	 3.7254590986e-04
1300 	 1333 	 2.5563269255e+00 	 7.2027264278e-04
1400 	 1437 	 2.5563158059e+00 	 7.0382826471e-04
1500 	 1542 	 2.5563081294e+00 	 5.5388470126e-04
1600 	 1645 	 2.5563038610e+00 	 2.7480782010e-04
1700 	 1745 	 2.5563002657e+00 	 2.5586931384e-04
1800 	 1845 	 2.5562971221e+00 	 1.9675596302e-04
1900 	 1948 	 2.5562945096e+00 	 1.3235472133e-04
2000 	 2050 	 2.5562928914e+00 	 3.5156572674e-04
2100 	 2152 	 2.5562916038e+00 	 1.2730065321e-04
2200 	 2255 	 2.5562906438e+00 	 2.2294784822e-04
2300 	 2357 	 2.5562900302e+00 	 7.9805352389e-05
2400 	 2458 	 2.5562896402e+00 	 7.9478442932e-05
2500 	 2561 	 2.5562893085e+00 	 4.8058763765e-05
2600 	 2664 	 2.5562890175e+00 	 4.5114820607e-05
2700 	 2767 	 2.5562887652e+00 	 5.6037519029e-05
2800 	 2869 	 2.5562885559e+00 	 4.1344481187e-05
2900 	 2972 	 2.5562883464e+00 	 6.2912240668e-05
3000 	 3073 	 2.5562881347e+00 	 1.0870665426e-04
3100 	 3177 	 2.5562879413e+00 	 5.1828754019e-05
3200 	 3280 	 2.5562877606e+00 	 3.9591577334e-05
3300 	 3381 	 2.5562876241e+00 	 3.5382390863e-05
3400 	 3485 	 2.5562875106e+00 	 5.0858151203e-05
3500 	 3589 	 2.5562874162e+00 	 2.7275162293e-05
3600 	 3691 	 2.5562873295e+00 	 3.2177914181e-05
3700 	 3793 	 2.5562872670e+00 	 2.5990807167e-05
3800 	 3894 	 2.5562872042e+00 	 3.1563072429e-05
3900 	 3996 	 2.5562871637e+00 	 2.1441494015e-05
4000 	 4097 	 2.5562871256e+00 	 1.5636856368e-05
4100 	 4202 	 2.5562870927e+00 	 1.5669878473e-05
4200 	 4306 	 2.5562870614e+00 	 2.5917749632e-05
4300 	 4407 	 2.5562870247e+00 	 1.8245441694e-05
4400 	 4511 	 2.5562869887e+00 	 1.9526819896e-05
4500 	 4612 	 2.5562869618e+00 	 2.8497830364e-05
4600 	 4714 	 2.5562869367e+00 	 2.6751532407e-05
4700 	 4816 	 2.5562869139e+00 	 2.3667195929e-05
4800 	 4919 	 2.5562868878e+00 	 1.7330795665e-05
4900 	 5022 	 2.5562868571e+00 	 1.8776763865e-05
5000 	 5124 	 2.5562868200e+00 	 2.2534539199e-05
5100 	 5227 	 2.5562867818e+00 	 3.2095200250e-05
5200 	 5328 	 2.5562867509e+00 	 3.8462378656e-05
5300 	 5430 	 2.5562867257e+00 	 1.7409748357e-05
5400 	 5532 	 2.5562866953e+00 	 1.8859418147e-05
5500 	 5635 	 2.5562866704e+00 	 1.2951279515e-05
5600 	 5737 	 2.5562866492e+00 	 1.3198800372e-05
5700 	 5842 	 2.5562866267e+00 	 1.5736947166e-05
5800 	 5946 	 2.5562866040e+00 	 1.7411542686e-05
5900 	 6048 	 2.5562865810e+00 	 2.1406828747e-05
6000 	 6151 	 2.5562865549e+00 	 2.1174585624e-05
6100 	 6253 	 2.5562865282e+00 	 1.9414492296e-05
6200 	 6355 	 2.5562865038e+00 	 2.7724187442e-05
6300 	 6458 	 2.5562864839e+00 	 1.9374748879e-05
6400 	 6560 	 2.5562864673e+00 	 1.3958574040e-05
6500 	 6664 	 2.5562864546e+00 	 1.1334248489e-05
6600 	 6767 	 2.5562864428e+00 	 1.9465309907e-05
6700 	 6868 	 2.5562864333e+00 	 1.8120534859e-05
6800 	 6971 	 2.5562864257e+00 	 2.4924835485e-05
6900 	 7073 	 2.5562864199e+00 	 1.0631951602e-05
7000 	 7174 	 2.5562864138e+00 	 7.4503399925e-06
7100 	 7277 	 2.5562864085e+00 	 7.2159459743e-06
7200 	 7380 	 2.5562864019e+00 	 1.9124592713e-05
7300 	 7482 	 2.5562863953e+00 	 8.9221008336e-06
7400 	 7587 	 2.5562863887e+00 	 1.4555594311e-05
7500 	 7687 	 2.5562863833e+00 	 8.8695766629e-06
7600 	 7787 	 2.5562863772e+00 	 1.1570601577e-05
7700 	 7888 	 2.5562863722e+00 	 7.6104026625e-06
7800 	 7994 	 2.5562863679e+00 	 6.3350601756e-06
7900 	 8094 	 2.5562863644e+00 	 4.9370793305e-06
8000 	 8198 	 2.5562863613e+00 	 9.3000749146e-06
8100 	 8301 	 2.5562863578e+00 	 1.4015115632e-05
8200 	 8402 	 2.5562863538e+00 	 8.9572007333e-06
8300 	 8503 	 2.5562863492e+00 	 6.5201749144e-06
8400 	 8605 	 2.5562863446e+00 	 7.5269498645e-06
8500 	 8706 	 2.5562863414e+00 	 1.0260206354e-05
8600 	 8808 	 2.5562863389e+00 	 1.2071795838e-05
8700 	 8911 	 2.5562863368e+00 	 4.9956978242e-06
8800 	 9012 	 2.5562863350e+00 	 6.4862853288e-06
8900 	 9112 	 2.5562863336e+00 	 3.1183042137e-06
9000 	 9214 	 2.5562863321e+00 	 3.8350608009e-06
9100 	 9316 	 2.5562863305e+00 	 6.3635809194e-06
9200 	 9416 	 2.5562863289e+00 	 5.1808182205e-06
9300 	 9521 	 2.5562863275e+00 	 4.1396254078e-06
9400 	 9622 	 2.5562863262e+00 	 3.7324766148e-06
9500 	 9723 	 2.5562863250e+00 	 3.8947643754e-06
9600 	 9826 	 2.5562863242e+00 	 2.7939532387e-06
9700 	 9929 	 2.5562863237e+00 	 2.2607077442e-06
9800 	 10032 	 2.5562863231e+00 	 4.6489670724e-06
9900 	 10134 	 2.5562863224e+00 	 5.2668633255e-06
10000 	 10236 	 2.5562863216e+00 	 2.8273726688e-06
10100 	 10338 	 2.5562863210e+00 	 3.0076080037e-06
10200 	 10442 	 2.5562863204e+00 	 2.2833709154e-06
10300 	 10545 	 2.5562863196e+00 	 3.5727322772e-06
10400 	 10646 	 2.5562863188e+00 	 2.7984371492e-06
10500 	 10748 	 2.5562863181e+00 	 3.0693761964e-06
10600 	 10849 	 2.5562863176e+00 	 4.6092935695e-06
10700 	 10951 	 2.5562863171e+00 	 2.0093570882e-06
10800 	 11054 	 2.5562863167e+00 	 2.5986264109e-06
10900 	 11154 	 2.5562863162e+00 	 3.2936706276e-06
11000 	 11257 	 2.5562863157e+00 	 1.7587205655e-06
11100 	 11361 	 2.5562863152e+00 	 1.9078441747e-06
11200 	 11463 	 2.5562863147e+00 	 2.0003034606e-06
11300 	 11565 	 2.5562863143e+00 	 2.5878812578e-06
11400 	 11668 	 2.5562863139e+00 	 1.8408283833e-06
11500 	 11768 	 2.5562863135e+00 	 1.8184154909e-06
11600 	 11870 	 2.5562863133e+00 	 2.5667624389e-06
11700 	 11972 	 2.5562863130e+00 	 1.4578818030e-06
11800 	 12077 	 2.5562863128e+00 	 1.9547217389e-06
11900 	 12178 	 2.5562863126e+00 	 4.0252131562e-06
12000 	 12281 	 2.5562863124e+00 	 1.4470734385e-06
12100 	 12381 	 2.5562863123e+00 	 1.2825646218e-06
12200 	 12483 	 2.5562863121e+00 	 1.0524259957e-06
12300 	 12587 	 2.5562863119e+00 	 1.5472529282e-06
12400 	 12690 	 2.5562863119e+00 	 1.0389371188e-06
12500 	 12793 	 2.5562863118e+00 	 9.8255751343e-07
12600 	 12898 	 2.5562863117e+00 	 8.8745697562e-07
12700 	 13003 	 2.5562863115e+00 	 2.6733407759e-06
12800 	 13106 	 2.5562863114e+00 	 9.5196395907e-07
12900 	 13210 	 2.5562863113e+00 	 1.1856492368e-06
13000 	 13314 	 2.5562863112e+00 	 1.0700405480e-06
13100 	 13418 	 2.5562863111e+00 	 7.9443337025e-07
13200 	 13524 	 2.5562863110e+00 	 1.0393371232e-06
13300 	 13625 	 2.5562863108e+00 	 1.0713913323e-06
13400 	 13726 	 2.5562863107e+00 	 8.5780594309e-07
13500 	 13828 	 2.5562863106e+00 	 1.0350090362e-06
13600 	 13932 	 2.5562863106e+00 	 7.4500445969e-07
13700 	 14034 	 2.5562863105e+00 	 9.0129601195e-07
13800 	 14135 	 2.5562863104e+00 	 7.7252291693e-07
13900 	 14238 	 2.5562863104e+00 	 6.7415326803e-07
14000 	 14340 	 2.5562863103e+00 	 6.5555326572e-07
14100 	 14442 	 2.5562863103e+00 	 7.0049662096e-07
14200 	 14543 	 2.5562863103e+00 	 6.9533196503e-07
14300 	 14645 	 2.5562863102e+00 	 8.5794527499e-07
14400 	 14747 	 2.5562863102e+00 	 7.9455197006e-07
14500 	 14850 	 2.5562863102e+00 	 5.1934575223e-07
14600 	 14954 	 2.5562863101e+00 	 8.7756161859e-07
14700 	 15060 	 2.5562863101e+00 	 5.5356620842e-07
14800 	 15163 	 2.5562863100e+00 	 6.5865365025e-07
14900 	 15266 	 2.5562863100e+00 	 1.2257740350e-06
15000 	 15366 	 2.5562863099e+00 	 5.2551959052e-07
15100 	 15471 	 2.5562863099e+00 	 1.1718358105e-06
15200 	 15576 	 2.5562863099e+00 	 4.9735893363e-07
15300 	 15679 	 2.5562863098e+00 	 7.5389677160e-07
15400 	 15783 	 2.5562863098e+00 	 5.7379552724e-07
15500 	 15885 	 2.5562863097e+00 	 1.0434034972e-06
15600 	 15987 	 2.5562863097e+00 	 1.0506131008e-06
15700 	 16088 	 2.5562863096e+00 	 5.9050390534e-07
15800 	 16190 	 2.5562863096e+00 	 9.4800186586e-07
15900 	 16293 	 2.5562863095e+00 	 6.2930053379e-07
16000 	 16397 	 2.5562863095e+00 	 5.9001993127e-07
16100 	 16499 	 2.5562863095e+00 	 7.8080244371e-07
16200 	 16602 	 2.5562863095e+00 	 3.7513143330e-07
16300 	 16705 	 2.5562863095e+00 	 2.5316451447e-07
16400 	 16807 	 2.5562863095e+00 	 2.2163209481e-07
16500 	 16910 	 2.5562863094e+00 	 2.5380191485e-07
16600 	 17014 	 2.5562863094e+00 	 2.3362849903e-07
16700 	 17117 	 2.5562863094e+00 	 3.3735765021e-07
16800 	 17219 	 2.5562863094e+00 	 2.5698795043e-07
16900 	 17321 	 2.5562863094e+00 	 2.1810551793e-07
17000 	 17424 	 2.5562863094e+00 	 3.3662358014e-07
17100 	 17528 	 2.5562863094e+00 	 4.0871833822e-07
17200 	 17633 	 2.5562863094e+00 	 2.9072774304e-07
17300 	 17735 	 2.5562863094e+00 	 3.0577555613e-07
17400 	 17838 	 2.5562863094e+00 	 3.6637588125e-07
17500 	 17940 	 2.5562863094e+00 	 2.5049010735e-07
17600 	 18041 	 2.5562863094e+00 	 3.1324622085e-07
17700 	 18147 	 2.5562863094e+00 	 2.5028579440e-07
17800 	 18251 	 2.5562863094e+00 	 2.3826306656e-07
17900 	 18353 	 2.5562863094e+00 	 1.6941122844e-07
18000 	 18454 	 2.5562863094e+00 	 2.0734779162e-07
18100 	 18556 	 2.5562863093e+00 	 5.0845710928e-07
18200 	 18658 	 2.5562863093e+00 	 2.5891178369e-07
18300 	 18760 	 2.5562863093e+00 	 2.5455534362e-07
18400 	 18862 	 2.5562863093e+00 	 3.1935092947e-07
18500 	 18964 	 2.5562863093e+00 	 2.0283398018e-07
18600 	 19066 	 2.5562863093e+00 	 3.0620647168e-07
18700 	 19170 	 2.5562863093e+00 	 1.7094969746e-07
18800 	 19272 	 2.5562863093e+00 	 2.1339901118e-07
18900 	 19377 	 2.5562863093e+00 	 5.8208851547e-07
19000 	 19480 	 2.5562863093e+00 	 1.7153988449e-07
19100 	 19583 	 2.5562863093e+00 	 1.6639985169e-07
19200 	 19687 	 2.5562863093e+00 	 2.1760377102e-07
19300 	 19791 	 2.5562863093e+00 	 1.9306952138e-07
19400 	 19894 	 2.5562863093e+00 	 9.3398884067e-08
19500 	 20003 	 2.5562863093e+00 	 1.2730893716e-07
19600 	 20117 	 2.5562863093e+00 	 9.9733233392e-08
19700 	 20246 	 2.5562863093e+00 	 5.0647408773e-08
# ---- 
 1 		 19786 	 20361 		 3.1206058638e+00 	 2.5562863093e+00 	 5.2879842194e-08
# ---- 
100 	 105 	 5.8616742769e+00 	 2.7620643330e-02
200 	 208 	 5.8511627764e+00 	 1.2206647816e-02
300 	 310 	 5.8447982145e+00 	 8.1485495247e-03
400 	 411 	 5.8415584981e+00 	 8.5061952144e-03
500 	 513 	 5.8402072519e+00 	 2.5262242598e-03
600 	 613 	 5.8397690823e+00 	 1.2953019405e-03
700 	 717 	 5.8396405570e+00 	 1.7000009132e-03
800 	 819 	 5.8395548883e+00 	 9.0981950200e-04
900 	 921 	 5.8394869002e+00 	 1.2712020798e-03
1000 	 1024 	 5.8394398694e+00 	 9.9458336968e-04
1100 	 1127 	 5.8394146412e+00 	 1.2013852972e-03
1200 	 1228 	 5.8394037196e+00 	 1.0990985042e-03
1300 	 1330 	 5.8393971586e+00 	 5.0562435768e-04
1400 	 1433 	 5.8393920669e+00 	 2.0485706430e-04
1500 	 1536 	 5.8393879344e+00 	 1.8730030866e-04
1600 	 1638 	 5.8393853736e+00 	 1.5665767238e-04
1700 	 1741 	 5.8393834978e+00 	 2.2300840384e-04
1800 	 1843 	 5.8393820494e+00 	 9.8411560414e-05
1900 	 1945 	 5.8393810202e+00 	 7.7628212634e-05
2000 	 2047 	 5.8393805045e+00 	 9.8893044242e-05
2100 	 2149 	 5.8393802647e+00 	 5.5715886870e-05
2200 	 2252 	 5.8393800598e+00 	 4.3861281227e-05
2300 	 2354 	 5.8393798883e+00 	 5.6417493191e-05
2400 	 2456 	 5.8393797950e+00 	 7.6232204499e-05
2500 	 2560 	 5.8393797088e+00 	 3.7080433405e-05
2600 	 2661 	 5.8393796158e+00 	 3.7103394778e-05
2700 	 2764 	 5.8393795251e+00 	 3.6661370478e-05
2800 	 2865 	 5.8393794418e+00 	 3.0735561535e-05
2900 	 2965 	 5.8393793754e+00 	 3.5370731060e-05
3000 	 3067 	 5.8393793294e+00 	 1.7994713863e-05
3100 	 3170 	 5.8393792930e+00 	 2.5434677981e-05
3200 	 3272 	 5.8393792586e+00 	 3.5443168338e-05
3300 	 3374 	 5.8393792317e+00 	 3.8475333296e-05
3400 	 3475 	 5.8393792152e+00 	 1.3690963737e-05
3500 	 3579 	 5.8393791983e+00 	 4.9887442908e-05
3600 	 3681 	 5.8393791830e+00 	 1.1919858981e-05
3700 	 3783 	 5.8393791669e+00 	 2.4996263962e-05
3800 	 3884 	 5.8393791507e+00 	 1.7823251403e-05
3900 	 3988 	 5.8393791385e+00 	 1.3871568152e-05
4000 	 4092 	 5.8393791288e+00 	 9.5027140999e-06
4100 	 4193 	 5.8393791209e+00 	 9.1663674007e-06
4200 	 4294 	 5.8393791143e+00 	 1.0488556827e-05
4300 	 4396 	 5.8393791081e+00 	 8.4711125672e-06
4400 	 4499 	 5.8393791024e+00 	 8.4983255403e-06
4500 	 4602 	 5.8393790938e+00 	 1.9804496340e-05
4600 	 4703 	 5.8393790822e+00 	 1.3257559904e-05
4700 	 4806 	 5.8393790713e+00 	 1.0819094769e-05
4800 	 4907 	 5.8393790623e+00 	 9.3892607431e-06
4900 	 5009 	 5.8393790531e+00 	 1.1279905492e-05
5000 	 5111 	 5.8393790424e+00 	 9.8179058099e-06
5100 	 5211 	 5.8393790344e+00 	 1.1655073935e-05
5200 	 5314 	 5.8393790252e+00 	 1.0571879888e-05
5300 	 5416 	 5.8393790153e+00 	 1.0227775329e-05
5400 	 5516 	 5.8393790071e+00 	 1.2386567459e-05
5500 	 5617 	 5.8393790000e+00 	 9.0930068950e-06
5600 	 5719 	 5.8393789942e+00 	 9.9352531978e-06
5700 	 5821 	 5.8393789906e+00 	 6.6415511232e-06
5800 	 5924 	 5.8393789870e+00 	 6.3840469857e-06
5900 	 6026 	 5.8393789816e+00 	 9.3132408739e-06
6000 	 6127 	 5.8393789774e+00 	 4.6090336487e-06
6100 	 6230 	 5.8393789743e+00 	 1.4553960642e-05
6200 	 6331 	 5.8393789718e+00 	 4.4757358741e-06
6300 	 6434 	 5.8393789701e+00 	 4.0678857792e-06
6400 	 6536 	 5.8393789683e+00 	 5.0869188134e-06
6500 	 6638 	 5.8393789666e+00 	 3.4182341796e-06
6600 	 6739 	 5.8393789651e+00 	 8.0489412018e-06
6700 	 6840 	 5.8393789639e+00 	 3.3129280257e-06
6800 	 6942 	 5.8393789628e+00 	 2.5858938028e-06
6900 	 7046 	 5.8393789618e+00 	 3.7670126354e-06
7000 	 7147 	 5.8393789609e+00 	 3.0040351062e-06
7100 	 7250 	 5.8393789599e+00 	 3.9939225983e-06
7200 	 7355 	 5.8393789591e+00 	 2.4486394654e-06
7300 	 7458 	 5.8393789583e+00 	 3.2983953008e-06
7400 	 7560 	 5.8393789576e+00 	 2.5337751927e-06
7500 	 7663 	 5.8393789571e+00 	 2.7115151909e-06
7600 	 7766 	 5.8393789566e+00 	 2.2785475540e-06
7700 	 7868 	 5.8393789563e+00 	 4.3818171625e-06
7800 	 7970 	 5.8393789560e+00 	 3.8697901684e-06
7900 	 8072 	 5.8393789557e+00 	 1.5005111774e-06
8000 	 8174 	 5.8393789554e+00 	 1.6280893990e-06
8100 	 8274 	 5.8393789551e+00 	 1.0321164902e-06
8200 	 8377 	 5.8393789549e+00 	 1.1885740273e-06
8300 	 8480 	 5.8393789548e+00 	 1.1650169685e-06
8400 	 8583 	 5.8393789546e+00 	 1.8349810326e-06
8500 	 8685 	 5.8393789544e+00 	 2.3802879600e-06
8600 	 8789 	 5.8393789542e+00 	 1.0422977919e-06
8700 	 8891 	 5.8393789541e+00 	 1.0772811309e-06
8800 	 8992 	 5.8393789540e+00 	 3.4311318867e-06
8900 	 9092 	 5.8393789539e+00 	 1.0387293599e-06
9000 	 9195 	 5.8393789538e+00 	 7.5589228921e-07
9100 	 9297 	 5.8393789538e+00 	 1.0488938996e-06
9200 	 9400 	 5.8393789537e+00 	 1.0196545478e-06
9300 	 9502 	 5.8393789536e+00 	 8.3704803819e-07
9400 	 9604 	 5.8393789535e+00 	 7.6520356015e-07
9500 	 9706 	 5.8393789535e+00 	 8.3547841884e-07
9600 	 9807 	 5.8393789534e+00 	 7.1439571877e-07
9700 	 9910 	 5.8393789534e+00 	 6.4492226096e-07
9800 	 10011 	 5.8393789533e+00 	 9.4722422410e-07
9900 	 10114 	 5.8393789533e+00 	 8.0940896819e-07
10000 	 10215 	 5.8393789532e+00 	 7.4871318075e-07
10100 	 10316 	 5.8393789532e+00 	 6.6139050584e-07
10200 	 10418 	 5.8393789532e+00 	 5.5058908229e-07
10300 	 10521 	 5.8393789531e+00 	 4.6688974809e-07
10400 	 10622 	 5.8393789531e+00 	 9.5993248831e-07
10500 	 10725 	 5.8393789531e+00 	 7.1100703306e-07
10600 	 10825 	 5.8393789531e+00 	 5.9771585380e-07
10700 	 10927 	 5.8393789530e+00 	 9.3114640387e-07
10800 	 11030 	 5.8393789530e+00 	 6.3719538293e-07
10900 	 11134 	 5.8393789529e+00 	 1.8991138224e-06
11000 	 11236 	 5.8393789529e+00 	 6.8387622380e-07
11100 	 11338 	 5.8393789529e+00 	 6.2225735140e-07
11200 	 11441 	 5.8393789528e+00 	 4.5789669441e-07
11300 	 11544 	 5.8393789528e+00 	 4.2576509770e-07
11400 	 11646 	 5.8393789528e+00 	 4.1485262972e-07
11500 	 11749 	 5.8393789528e+00 	 4.6104023372e-07
11600 	 11850 	 5.8393789528e+00 	 7.2433048443e-07
11700 	 11952 	 5.8393789528e+00 	 1.1240902420e-06
11800 	 12053 	 5.8393789527e+00 	 5.8087845802e-07
11900 	 12155 	 5.8393789527e+00 	 4.1788569533e-07
12000 	 12257 	 5.8393789527e+00 	 4.1271009794e-07
12100 	 12360 	 5.8393789527e+00 	 5.4346147526e-07
12200 	 12464 	 5.8393789527e+00 	 4.6277420257e-07
12300 	 12565 	 5.8393789526e+00 	 5.3009551129e-07
12400 	 12669 	 5.8393789526e+00 	 2.6867397696e-07
12500 	 12773 	 5.8393789526e+00 	 3.1676711432e-07
12600 	 12877 	 5.8393789526e+00 	 3.3107910577e-07
12700 	 12980 	 5.8393789526e+00 	 6.1083242791e-07
12800 	 13084 	 5.8393789526e+00 	 6.7905028428e-07
12900 	 13186 	 5.8393789526e+00 	 3.1136734686e-07
13000 	 13289 	 5.8393789526e+00 	 1.1032400654e-06
13100 	 13396 	 5.8393789526e+00 	 3.0029962497e-07
13200 	 13500 	 5.8393789526e+00 	 2.9668176413e-07
13300 	 13604 	 5.8393789526e+00 	 1.7777097212e-07
13400 	 13711 	 5.8393789526e+00 	 2.9635946105e-07
13500 	 13821 	 5.8393789526e+00 	 1.9547441323e-07
13600 	 13923 	 5.8393789526e+00 	 1.6460567983e-07
13700 	 14031 	 5.8393789526e+00 	 2.4151601577e-07
13800 	 14135 	 5.8393789526e+00 	 1.9818749013e-07
13900 	 14241 	 5.8393789526e+00 	 4.0259948163e-07
14000 	 14348 	 5.8393789525e+00 	 1.7652807493e-07
14100 	 14454 	 5.8393789525e+00 	 1.3196931996e-07
14200 	 14564 	 5.8393789525e+00 	 1.4524666996e-07
14300 	 14677 	 5.8393789525e+00 	 2.1644554236e-07
14400 	 14787 	 5.8393789525e+00 	 1.4127688015e-07
14500 	 14902 	 5.8393789525e+00 	 1.6057925683e-07
14600 	 15025 	 5.8393789525e+00 	 6.9883187548e-08
14700 	 15145 	 5.8393789525e+00 	 9.2344008011e-08
# ---- 
 1 		 14792 	 15288 		 6.3863200602e+00 	 5.8393789525e+00 	 5.5365101088e-08
# ---- 
100 	 104 	 1.0519670754e+01 	 1.6137941868e-02
200 	 207 	 1.0511336751e+01 	 9.7569461888e-03
300 	 308 	 1.0505862952e+01 	 7.5836881333e-03
400 	 409 	 1.0502800617e+01 	 1.0770522298e-02
500 	 510 	 1.0501166364e+01 	 1.0072298664e-02
600 	 612 	 1.0500686416e+01 	 2.0670263494e-03
700 	 716 	 1.0500541549e+01 	 1.2666716328e-03
800 	 819 	 1.0500464516e+01 	 7.6286931745e-04
900 	 919 	 1.0500416871e+01 	 6.2571421201e-04
1000 	 1020 	 1.0500388687e+01 	 1.6137609277e-03
1100 	 1121 	 1.0500371029e+01 	 3.9617789179e-04
1200 	 1225 	 1.0500363088e+01 	 6.1879110231e-04
1300 	 1327 	 1.0500358589e+01 	 2.2274816121e-04
1400 	 1430 	 1.0500355446e+01 	 4.3655249409e-04
1500 	 1534 	 1.0500352529e+01 	 1.6600185209e-04
1600 	 1635 	 1.0500350675e+01 	 2.5746047418e-04
1700 	 1736 	 1.0500349558e+01 	 7.0599264318e-05
1800 	 1841 	 1.0500349003e+01 	 7.7810488115e-05
1900 	 1944 	 1.0500348596e+01 	 5.5770647329e-05
2000 	 2045 	 1.0500348376e+01 	 3.1756759933e-05
2100 	 2145 	 1.0500348280e+01 	 2.4950564193e-05
2200 	 2246 	 1.0500348206e+01 	 2.9280844903e-05
2300 	 2347 	 1.0500348140e+01 	 3.1563372432e-05
2400 	 2449 	 1.0500348079e+01 	 3.4988197451e-05
2500 	 2552 	 1.0500348024e+01 	 3.1815543505e-05
2600 	 2657 	 1.0500347966e+01 	 2.5031788590e-05
2700 	 2760 	 1.0500347922e+01 	 2.0272326699e-05
2800 	 2863 	 1.0500347894e+01 	 3.3901584546e-05
2900 	 2967 	 1.0500347876e+01 	 1.3378889329e-05
3000 	 3068 	 1.0500347863e+01 	 1.4784894020e-05
3100 	 3171 	 1.0500347853e+01 	 9.7970211216e-06
3200 	 3273 	 1.0500347843e+01 	 3.6524322829e-05
3300 	 3375 	 1.0500347835e+01 	 1.4979970256e-05
3400 	 3477 	 1.0500347828e+01 	 7.7812389746e-06
3500 	 3581 	 1.0500347822e+01 	 1.1308118973e-05
3600 	 3683 	 1.0500347817e+01 	 1.2843265869e-05
3700 	 3784 	 1.0500347813e+01 	 6.4576684422e-06
3800 	 3887 	 1.0500347809e+01 	 5.7336053590e-06
3900 	 3988 	 1.0500347805e+01 	 1.8259721825e-05
4000 	 4091 	 1.0500347802e+01 	 6.3446215476e-06
4100 	 4192 	 1.0500347799e+01 	 9.9575777891e-06
4200 	 4294 	 1.0500347795e+01 	 1.8544275156e-05
4300 	 4396 	 1.0500347792e+01 	 1.7595975137e-05
4400 	 4499 	 1.0500347788e+01 	 6.1570496227e-06
4500 	 4600 	 1.0500347784e+01 	 7.5683314872e-06
4600 	 4702 	 1.0500347779e+01 	 7.5127183703e-06
4700 	 4804 	 1.0500347775e+01 	 7.3003046029e-06
4800 	 4909 	 1.0500347772e+01 	 6.5182633463e-06
4900 	 5009 	 1.0500347768e+01 	 8.1763716477e-06
5000 	 5113 	 1.0500347764e+01 	 4.9786960561e-06
5100 	 5213 	 1.0500347761e+01 	 9.5764479446e-06
5200 	 5317 	 1.0500347758e+01 	 9.4916635197e-06
5300 	 5421 	 1.0500347756e+01 	 5.0313443628e-06
5400 	 5524 	 1.0500347754e+01 	 9.5839246121e-06
5500 	 5626 	 1.0500347753e+01 	 3.2826134594e-06
5600 	 5728 	 1.0500347752e+01 	 3.0841234248e-06
5700 	 5832 	 1.0500347751e+01 	 2.9632127154e-06
5800 	 5935 	 1.0500347750e+01 	 2.4498985914e-06
5900 	 6038 	 1.0500347750e+01 	 3.2347343462e-06
6000 	 6141 	 1.0500347749e+01 	 3.1818379386e-06
6100 	 6242 	 1.0500347749e+01 	 6.0833105472e-06
6200 	 6344 	 1.0500347748e+01 	 2.6594344676e-06
6300 	 6446 	 1.0500347748e+01 	 4.6756371534e-06
6400 	 6547 	 1.0500347747e+01 	 2.0136989974e-06
6500 	 6650 	 1.0500347747e+01 	 2.3896395990e-06
6600 	 6753 	 1.0500347746e+01 	 4.7665957895e-06
6700 	 6855 	 1.0500347746e+01 	 1.7228475971e-06
6800 	 6956 	 1.0500347746e+01 	 1.9530458887e-06
6900 	 7058 	 1.0500347745e+01 	 1.6056367210e-06
7000 	 7163 	 1.0500347745e+01 	 1.2766259254e-06
7100 	 7266 	 1.0500347745e+01 	 1.3586412441e-06
7200 	 7370 	 1.0500347745e+01 	 2.1401785318e-06
7300 	 7473 	 1.0500347745e+01 	 1.2835619977e-06
7400 	 7578 	 1.0500347745e+01 	 1.0128800731e-06
7500 	 7681 	 1.0500347744e+01 	 1.2397081087e-06
7600 	 7785 	 1.0500347744e+01 	 1.1645454635e-06
7700 	 7887 	 1.0500347744e+01 	 9.9334796136e-07
7800 	 7990 	 1.0500347744e+01 	 9.1437907845e-07
7900 	 8091 	 1.0500347744e+01 	 1.7442590542e-06
8000 	 8192 	 1.0500347744e+01 	 1.2407845916e-06
8100 	 8293 	 1.0500347744e+01 	 1.5073861307e-06
8200 	 8394 	 1.0500347744e+01 	 7.3606658238e-07
8300 	 8497 	 1.0500347744e+01 	 7.0575508489e-07
8400 	 8601 	 1.0500347744e+01 	 6.0722816894e-07
8500 	 8702 	 1.0500347744e+01 	 6.8216964018e-07
8600 	 8804 	 1.0500347744e+01 	 6.3261229791e-07
8700 	 8906 	 1.0500347744e+01 	 6.7703329146e-07
8800 	 9011 	 1.0500347744e+01 	 4.2262269770e-07
8900 	 9115 	 1.0500347744e+01 	 5.4187972310e-07
9000 	 9218 	 1.0500347744e+01 	 4.4964878715e-07
9100 	 9322 	 1.0500347744e+01 	 5.0118795384e-07
9200 	 9427 	 1.0500347744e+01 	 2.8824336615e-07
9300 	 9531 	 1.0500347743e+01 	 4.5753149715e-07
9400 	 9635 	 1.0500347743e+01 	 7.6759741872e-07
9500 	 9738 	 1.0500347743e+01 	 8.9983954773e-07
9600 	 9843 	 1.0500347743e+01 	 3.6968717086e-07
9700 	 9952 	 1.0500347743e+01 	 4.4210405984e-07
9800 	 10060 	 1.0500347743e+01 	 2.2775254367e-07
9900 	 10167 	 1.0500347743e+01 	 2.9149366587e-07
10000 	 10274 	 1.0500347743e+01 	 1.9581604179e-07
10100 	 10380 	 1.0500347743e+01 	 2.0632914577e-07
10200 	 10489 	 1.0500347743e+01 	 2.8077894890e-07
10300 	 10603 	 1.0500347743e+01 	 2.2207993918e-07
10400 	 10719 	 1.0500347743e+01 	 1.1811846834e-07
10500 	 10828 	 1.0500347743e+01 	 2.5377055958e-07
10600 	 10941 	 1.0500347743e+01 	 9.7031054107e-08
10700 	 11061 	 1.0500347743e+01 	 2.0502004179e-07
10800 	 11176 	 1.0500347743e+01 	 9.6289402940e-08
10900 	 11285 	 1.0500347743e+01 	 1.7329404295e-07
11000 	 11391 	 1.0500347743e+01 	 8.9087914891e-08
11100 	 11508 	 1.0500347743e+01 	 1.4892249396e-07
11200 	 11624 	 1.0500347743e+01 	 3.9825730394e-07
11300 	 11735 	 1.0500347743e+01 	 1.6460886489e-07
11400 	 11847 	 1.0500347743e+01 	 1.0782155929e-07
11500 	 11957 	 1.0500347743e+01 	 2.5044915744e-07
11600 	 12064 	 1.0500347743e+01 	 2.8573181991e-07
11700 	 12176 	 1.0500347743e+01 	 1.2333100290e-07
11800 	 12287 	 1.0500347743e+01 	 7.4901991960e-08
11900 	 12402 	 1.0500347743e+01 	 1.1814822360e-07
# ---- 
 1 		 11967 	 12518 		 1.1037957413e+01 	 1.0500347743e+01 	 9.4197415282e-08
# ---- 
100 	 102 	 1.6572542567e+01 	 2.0937732326e-02
200 	 203 	 1.6565097777e+01 	 1.5694842050e-02
300 	 303 	 1.6560297082e+01 	 8.0887835738e-03
400 	 404 	 1.6557189625e+01 	 7.6614616551e-03
500 	 507 	 1.6555572417e+01 	 6.2003975566e-03
600 	 610 	 1.6555158659e+01 	 2.7064791432e-03
700 	 713 	 1.6555007514e+01 	 9.7485901350e-04
800 	 814 	 1.6554938145e+01 	 9.6907856627e-04
900 	 917 	 1.6554906443e+01 	 6.2764629946e-04
1000 	 1020 	 1.6554886843e+01 	 1.2238349056e-03
1100 	 1123 	 1.6554875034e+01 	 3.0524526789e-04
1200 	 1225 	 1.6554867708e+01 	 3.4804965045e-04
1300 	 1325 	 1.6554863933e+01 	 2.7553351185e-04
1400 	 1426 	 1.6554861524e+01 	 1.7332534882e-04
1500 	 1528 	 1.6554859798e+01 	 1.3180632895e-04
1600 	 1629 	 1.6554858532e+01 	 1.2074547302e-04
1700 	 1732 	 1.6554857854e+01 	 6.0635076572e-05
1800 	 1836 	 1.6554857579e+01 	 8.2941993759e-05
1900 	 1938 	 1.6554857392e+01 	 4.3078663042e-05
2000 	 2038 	 1.6554857283e+01 	 4.3179113986e-05
2100 	 2140 	 1.6554857205e+01 	 2.7995026247e-05
2200 	 2242 	 1.6554857144e+01 	 2.9360420756e-05
2300 	 2345 	 1.6554857081e+01 	 2.9660783554e-05
2400 	 2448 	 1.6554857018e+01 	 3.6458741518e-05
2500 	 2549 	 1.6554856972e+01 	 7.2116940556e-05
2600 	 2652 	 1.6554856941e+01 	 1.9194154330e-05
2700 	 2756 	 1.6554856924e+01 	 1.8071959535e-05
2800 	 2859 	 1.6554856909e+01 	 1.1739697689e-05
2900 	 2962 	 1.6554856897e+01 	 1.0576778451e-05
3000 	 3065 	 1.6554856889e+01 	 9.5960275320e-06
3100 	 3167 	 1.6554856882e+01 	 9.9865467951e-06
3200 	 3268 	 1.6554856875e+01 	 6.9152437281e-06
3300 	 3369 	 1.6554856869e+01 	 1.5554013406e-05
3400 	 3474 	 1.6554856863e+01 	 7.8026744867e-06
3500 	 3576 	 1.6554856859e+01 	 5.5948994348e-06
3600 	 3677 	 1.6554856856e+01 	 5.4813342412e-06
3700 	 3778 	 1.6554856853e+01 	 1.2769128611e-05
3800 	 3880 	 1.6554856850e+01 	 1.6075040984e-05
3900 	 3983 	 1.6554856847e+01 	 7.7322022811e-06
4000 	 4087 	 1.6554856844e+01 	 8.4904631394e-06
4100 	 4188 	 1.6554856842e+01 	 6.1054318293e-06
4200 	 4292 	 1.6554856839e+01 	 5.7812458870e-06
4300 	 4395 	 1.6554856837e+01 	 5.6319952368e-06
4400 	 4498 	 1.6554856833e+01 	 5.8323304602e-06
4500 	 4602 	 1.6554856831e+01 	 4.2347592875e-06
4600 	 4702 	 1.6554856829e+01 	 6.9356580768e-06
4700 	 4804 	 1.6554856827e+01 	 4.2183185995e-06
4800 	 4908 	 1.6554856825e+01 	 6.6159651854e-06
4900 	 5009 	 1.6554856824e+01 	 2.5386368335e-06
5000 	 5113 	 1.6554856823e+01 	 3.7213642413e-06
5100 	 5218 	 1.6554856822e+01 	 2.3847620946e-06
5200 	 5322 	 1.6554856821e+01 	 3.4440001445e-06
5300 	 5424 	 1.6554856820e+01 	 2.8460783899e-06
5400 	 5526 	 1.6554856820e+01 	 3.3281722487e-06
5500 	 5629 	 1.6554856819e+01 	 4.7986093392e-06
5600 	 5732 	 1.6554856818e+01 	 5.6792098558e-06
5700 	 5833 	 1.6554856817e+01 	 7.6169264293e-06
5800 	 5938 	 1.6554856817e+01 	 2.3083682174e-06
5900 	 6042 	 1.6554856816e+01 	 2.3101588367e-06
6000 	 6143 	 1.6554856816e+01 	 2.0771310763e-06
6100 	 6245 	 1.6554856816e+01 	 2.3057251915e-06
6200 	 6348 	 1.6554856815e+01 	 1.7356603650e-06
6300 	 6449 	 1.6554856815e+01 	 1.8041115018e-06
6400 	 6552 	 1.6554856815e+01 	 1.7426530518e-06
6500 	 6654 	 1.6554856815e+01 	 1.3254228137e-06
6600 	 6755 	 1.6554856814e+01 	 1.4908194287e-06
6700 	 6859 	 1.6554856814e+01 	 1.0496277643e-06
6800 	 6960 	 1.6554856814e+01 	 1.6773836242e-06
6900 	 7063 	 1.6554856814e+01 	 8.7950197301e-07
7000 	 7165 	 1.6554856814e+01 	 9.1983903714e-07
7100 	 7267 	 1.6554856814e+01 	 1.3346441779e-06
7200 	 7370 	 1.6554856814e+01 	 5.8780378598e-07
7300 	 7471 	 1.6554856814e+01 	 5.0541757121e-07
7400 	 7576 	 1.6554856814e+01 	 6.5198980152e-07
7500 	 7678 	 1.6554856814e+01 	 5.7671471930e-07
7600 	 7782 	 1.6554856814e+01 	 1.1271848540e-06
7700 	 7885 	 1.6554856814e+01 	 1.0634853990e-06
7800 	 7992 	 1.6554856814e+01 	 5.8378098895e-07
7900 	 8098 	 1.6554856814e+01 	 1.3344699428e-06
8000 	 8201 	 1.6554856814e+01 	 9.2141999021e-07
8100 	 8305 	 1.6554856814e+01 	 3.2764740899e-07
8200 	 8408 	 1.6554856814e+01 	 4.0606843757e-07
8300 	 8512 	 1.6554856814e+01 	 3.8148234500e-07
8400 	 8624 	 1.6554856814e+01 	 3.5820070015e-07
8500 	 8727 	 1.6554856814e+01 	 2.7470064298e-07
8600 	 8840 	 1.6554856814e+01 	 5.0202562424e-07
8700 	 8947 	 1.6554856814e+01 	 3.1923034984e-07
8800 	 9053 	 1.6554856814e+01 	 5.7071000204e-07
8900 	 9160 	 1.6554856814e+01 	 3.5676677562e-07
9000 	 9266 	 1.6554856814e+01 	 2.7520385038e-07
9100 	 9374 	 1.6554856814e+01 	 3.9461525760e-07
9200 	 9482 	 1.6554856814e+01 	 2.5614431364e-07
9300 	 9598 	 1.6554856814e+01 	 1.3483437711e-07
# ---- 
 1 		 9371 	 9686 		 1.7086768967e+01 	 1.6554856814e+01 	 2.6283614032e-07
# ---- 
100 	 102 	 2.4030509395e+01 	 1.7089995417e-02
200 	 206 	 2.4023536421e+01 	 1.4409497884e-02
300 	 310 	 2.4019298337e+01 	 7.2826819098e-03
400 	 412 	 2.4016250077e+01 	 1.2551003449e-02
500 	 515 	 2.4014535124e+01 	 2.8589533857e-03
600 	 620 	 2.4014092185e+01 	 2.8790390126e-03
700 	 724 	 2.4013910751e+01 	 2.2931396430e-03
800 	 824 	 2.4013827576e+01 	 8.9851584336e-04
900 	 926 	 2.4013791971e+01 	 5.1030931028e-04
1000 	 1028 	 2.4013776489e+01 	 4.8709314200e-04
1100 	 1132 	 2.4013767530e+01 	 6.1368246177e-04
1200 	 1233 	 2.4013761133e+01 	 2.6589615918e-04
1300 	 1335 	 2.4013757490e+01 	 1.4359077434e-04
1400 	 1436 	 2.4013755406e+01 	 1.7951156673e-04
1500 	 1536 	 2.4013754213e+01 	 1.0248489029e-04
1600 	 1637 	 2.4013753353e+01 	 1.6507550654e-04
1700 	 1741 	 2.4013752887e+01 	 8.6830453452e-05
1800 	 1845 	 2.4013752614e+01 	 6.3532719487e-05
1900 	 1946 	 2.4013752411e+01 	 5.1955027305e-05
2000 	 2049 	 2.4013752256e+01 	 3.8102812928e-05
2100 	 2150 	 2.4013752142e+01 	 4.9970289871e-05
2200 	 2252 	 2.4013752057e+01 	 4.6138758252e-05
2300 	 2356 	 2.4013751980e+01 	 4.0343038323e-05
2400 	 2458 	 2.4013751914e+01 	 2.5499205287e-05
2500 	 2560 	 2.4013751866e+01 	 4.2452489025e-05
2600 	 2664 	 2.4013751830e+01 	 5.8625313282e-05
2700 	 2769 	 2.4013751804e+01 	 1.6155259888e-05
2800 	 2869 	 2.4013751791e+01 	 1.0252887078e-05
2900 	 2972 	 2.4013751781e+01 	 9.7577649526e-06
3000 	 3076 	 2.4013751772e+01 	 1.0427106715e-05
3100 	 3177 	 2.4013751762e+01 	 1.4522817667e-05
3200 	 3280 	 2.4013751752e+01 	 1.1676171188e-05
3300 	 3382 	 2.4013751742e+01 	 1.3572626678e-05
3400 	 3485 	 2.4013751736e+01 	 1.6062857359e-05
3500 	 3589 	 2.4013751731e+01 	 9.2805103805e-06
3600 	 3691 	 2.4013751727e+01 	 9.6626319885e-06
3700 	 3793 	 2.4013751722e+01 	 6.0101710024e-06
3800 	 3895 	 2.4013751718e+01 	 7.6024312391e-06
3900 	 3996 	 2.4013751713e+01 	 6.3936347435e-06
4000 	 4098 	 2.4013751709e+01 	 6.9943229558e-06
4100 	 4200 	 2.4013751706e+01 	 6.7781522767e-06
4200 	 4303 	 2.4013751704e+01 	 5.3724298488e-06
4300 	 4404 	 2.4013751702e+01 	 4.0293473303e-06
4400 	 4506 	 2.4013751701e+01 	 4.5038064854e-06
4500 	 4609 	 2.4013751699e+01 	 5.0662080892e-06
4600 	 4710 	 2.4013751698e+01 	 4.9507663016e-06
4700 	 4812 	 2.4013751696e+01 	 7.6553707099e-06
4800 	 4915 	 2.4013751694e+01 	 7.0721720747e-06
4900 	 5018 	 2.4013751693e+01 	 3.2389115545e-06
5000 	 5121 	 2.4013751692e+01 	 3.9539476577e-06
5100 	 5222 	 2.4013751691e+01 	 3.2690061490e-06
5200 	 5324 	 2.4013751690e+01 	 3.4148427506e-06
5300 	 5427 	 2.4013751689e+01 	 3.8148360217e-06
5400 	 5529 	 2.4013751689e+01 	 3.0358304932e-06
5500 	 5631 	 2.4013751688e+01 	 2.1549506685e-06
5600 	 5734 	 2.4013751687e+01 	 4.1537373597e-06
5700 	 5838 	 2.4013751687e+01 	 2.3336916127e-06
5800 	 5938 	 2.4013751686e+01 	 3.8348405393e-06
5900 	 6041 	 2.4013751686e+01 	 2.1267962224e-06
6000 	 6143 	 2.4013751686e+01 	 2.2306996216e-06
6100 	 6244 	 2.4013751685e+01 	 3.2958170913e-06
6200 	 6346 	 2.4013751685e+01 	 1.4812513844e-06
6300 	 6449 	 2.4013751685e+01 	 1.6955437855e-06
6400 	 6552 	 2.4013751685e+01 	 1.5693118034e-06
6500 	 6657 	 2.4013751684e+01 	 1.7922556556e-06
6600 	 6758 	 2.4013751684e+01 	 1.1984392775e-06
6700 	 6859 	 2.4013751684e+01 	 1.7820232703e-06
6800 	 6959 	 2.4013751684e+01 	 1.2302673613e-06
6900 	 7063 	 2.4013751684e+01 	 2.0465210898e-06
7000 	 7168 	 2.4013751684e+01 	 1.1516911585e-06
7100 	 7269 	 2.4013751684e+01 	 1.2372171150e-06
7200 	 7375 	 2.4013751684e+01 	 1.4037806428e-06
7300 	 7476 	 2.4013751684e+01 	 8.9498385745e-07
7400 	 7579 	 2.4013751684e+01 	 1.2358065837e-06
7500 	 7682 	 2.4013751684e+01 	 1.2357416980e-06
7600 	 7785 	 2.4013751684e+01 	 9.6844195546e-07
7700 	 7890 	 2.4013751684e+01 	 1.6950402987e-06
7800 	 7995 	 2.4013751683e+01 	 5.1063580955e-07
7900 	 8098 	 2.4013751683e+01 	 7.7274466742e-07
8000 	 8204 	 2.4013751683e+01 	 7.2437575105e-07
8100 	 8306 	 2.4013751683e+01 	 3.0734156816e-07
8200 	 8413 	 2.4013751683e+01 	 3.4267684181e-07
8300 	 8519 	 2.4013751683e+01 	 7.6115813976e-07
8400 	 8628 	 2.4013751683e+01 	 3.6347052408e-07
8500 	 8740 	 2.4013751683e+01 	 4.2361542074e-07
8600 	 8845 	 2.4013751683e+01 	 4.9310686758e-07
8700 	 8953 	 2.4013751683e+01 	 5.4098034256e-07
8800 	 9059 	 2.4013751683e+01 	 4.4503589996e-07
8900 	 9171 	 2.4013751683e+01 	 2.5028045435e-07
9000 	 9289 	 2.4013751683e+01 	 2.3669624251e-07
9100 	 9400 	 2.4013751683e+01 	 5.7205312977e-07
9200 	 9516 	 2.4013751683e+01 	 1.6598984715e-07
9300 	 9641 	 2.4013751683e+01 	 3.0977453864e-07
# ---- 
 1 		 9375 	 9748 		 2.4541889488e+01 	 2.4013751683e+01 	 2.0237083308e-07
# ---- 
100 	 103 	 3.2900987306e+01 	 1.2046281967e-02
200 	 205 	 3.2894367242e+01 	 1.0863078099e-02
300 	 307 	 3.2890594987e+01 	 7.6687722622e-03
400 	 407 	 3.2887672538e+01 	 6.3437972560e-03
500 	 508 	 3.2885993453e+01 	 5.4601629542e-03
600 	 610 	 3.2885535904e+01 	 1.4110419294e-03
700 	 714 	 3.2885321585e+01 	 3.5344837172e-03
800 	 817 	 3.2885211677e+01 	 1.1837853338e-03
900 	 921 	 3.2885159166e+01 	 1.0432943099e-03
1000 	 1022 	 3.2885139885e+01 	 6.6167158468e-04
1100 	 1122 	 3.2885130651e+01 	 3.0379265556e-04
1200 	 1225 	 3.2885124281e+01 	 2.7769552594e-04
1300 	 1327 	 3.2885121081e+01 	 2.4064963708e-04
1400 	 1428 	 3.2885118737e+01 	 2.1073103882e-04
1500 	 1529 	 3.2885117309e+01 	 1.6812328945e-04
1600 	 1633 	 3.2885116127e+01 	 9.0619713422e-05
1700 	 1736 	 3.2885115493e+01 	 1.7493900241e-04
1800 	 1840 	 3.2885115086e+01 	 1.0904607112e-04
1900 	 1942 	 3.2885114725e+01 	 9.6448721387e-05
2000 	 2045 	 3.2885114384e+01 	 7.3918139937e-05
2100 	 2147 	 3.2885114102e+01 	 4.9258906902e-05
2200 	 2250 	 3.2885113917e+01 	 4.2899594969e-05
2300 	 2351 	 3.2885113811e+01 	 6.0383166417e-05
2400 	 2453 	 3.2885113736e+01 	 7.7582103526e-05
2500 	 2554 	 3.2885113676e+01 	 3.3225496241e-05
2600 	 2656 	 3.2885113630e+01 	 2.0760912939e-05
2700 	 2758 	 3.2885113596e+01 	 1.3750338360e-05
2800 	 2860 	 3.2885113573e+01 	 2.1107915941e-05
2900 	 2963 	 3.2885113552e+01 	 1.6500403796e-05
3000 	 3067 	 3.2885113531e+01 	 1.3106326647e-05
3100 	 3169 	 3.2885113512e+01 	 1.2858360311e-05
3200 	 3275 	 3.2885113498e+01 	 1.6779284601e-05
3300 	 3379 	 3.2885113487e+01 	 1.4652494042e-05
3400 	 3482 	 3.2885113478e+01 	 1.1174383064e-05
3500 	 3582 	 3.2885113468e+01 	 1.1562137300e-05
3600 	 3684 	 3.2885113459e+01 	 1.3542041767e-05
3700 	 3787 	 3.2885113452e+01 	 9.5208638924e-06
3800 	 3890 	 3.2885113445e+01 	 7.1723263243e-06
3900 	 3991 	 3.2885113440e+01 	 1.3744737853e-05
4000 	 4091 	 3.2885113436e+01 	 1.0437235179e-05
4100 	 4194 	 3.2885113433e+01 	 6.1285610531e-06
4200 	 4299 	 3.2885113430e+01 	 3.8506186909e-06
4300 	 4401 	 3.2885113429e+01 	 3.9759652837e-06
4400 	 4504 	 3.2885113427e+01 	 4.5113994205e-06
4500 	 4607 	 3.2885113425e+01 	 1.6097971155e-05
4600 	 4711 	 3.2885113423e+01 	 3.8177201714e-06
4700 	 4812 	 3.2885113422e+01 	 4.0693336304e-06
4800 	 4915 	 3.2885113421e+01 	 4.1628189546e-06
4900 	 5017 	 3.2885113419e+01 	 3.7579355938e-06
5000 	 5117 	 3.2885113418e+01 	 3.8914645520e-06
5100 	 5219 	 3.2885113417e+01 	 3.8090401883e-06
5200 	 5324 	 3.2885113416e+01 	 2.8970925692e-06
5300 	 5427 	 3.2885113415e+01 	 2.8812970581e-06
5400 	 5531 	 3.2885113414e+01 	 2.9648928603e-06
5500 	 5634 	 3.2885113414e+01 	 4.7557777922e-06
5600 	 5736 	 3.2885113413e+01 	 2.1990034299e-06
5700 	 5836 	 3.2885113413e+01 	 2.1228410541e-06
5800 	 5939 	 3.2885113412e+01 	 3.0233464531e-06
5900 	 6041 	 3.2885113412e+01 	 2.4917845203e-06
6000 	 6143 	 3.2885113412e+01 	 3.7127978903e-06
6100 	 6247 	 3.2885113411e+01 	 2.3669418592e-06
6200 	 6349 	 3.2885113411e+01 	 1.8256947993e-06
6300 	 6449 	 3.2885113411e+01 	 1.6607119438e-06
6400 	 6551 	 3.2885113410e+01 	 1.7740526913e-06
6500 	 6655 	 3.2885113410e+01 	 1.8016930538e-06
6600 	 6759 	 3.2885113410e+01 	 1.2934396020e-06
6700 	 6861 	 3.2885113410e+01 	 1.3878099733e-06
6800 	 6964 	 3.2885113410e+01 	 9.8047726532e-07
6900 	 7067 	 3.2885113410e+01 	 1.1669668289e-06
7000 	 7168 	 3.2885113409e+01 	 1.4616404933e-06
7100 	 7269 	 3.2885113409e+01 	 9.4881217400e-07
7200 	 7372 	 3.2885113409e+01 	 5.0045728425e-07
7300 	 7481 	 3.2885113409e+01 	 7.3741989183e-07
7400 	 7587 	 3.2885113409e+01 	 8.0930853197e-07
7500 	 7698 	 3.2885113409e+01 	 5.4299797312e-07
7600 	 7805 	 3.2885113409e+01 	 1.2822848779e-06
7700 	 7912 	 3.2885113409e+01 	 1.4974345770e-06
7800 	 8020 	 3.2885113409e+01 	 9.4618678945e-07
7900 	 8124 	 3.2885113409e+01 	 2.0014157373e-06
8000 	 8231 	 3.2885113409e+01 	 6.1001829697e-07
8100 	 8335 	 3.2885113409e+01 	 6.2741605571e-07
8200 	 8440 	 3.2885113409e+01 	 1.0446167791e-06
8300 	 8545 	 3.2885113409e+01 	 8.2357354786e-07
8400 	 8655 	 3.2885113409e+01 	 4.8056610687e-07
8500 	 8769 	 3.2885113409e+01 	 6.4139316535e-07
8600 	 8875 	 3.2885113409e+01 	 3.9502337868e-07
8700 	 8993 	 3.2885113409e+01 	 2.7887599534e-07
# ---- 
 1 		 8723 	 9040 		 3.3410625396e+01 	 3.2885113409e+01 	 3.1866401377e-07
# ---- 
100 	 103 	 4.3190414607e+01 	 1.0028001842e-02
200 	 204 	 4.3184178221e+01 	 1.0228048214e-02
300 	 307 	 4.3180775124e+01 	 5.5145484990e-03
400 	 410 	 4.3177824471e+01 	 7.2032101747e-03
500 	 512 	 4.3176246067e+01 	 4.8485524594e-03
600 	 614 	 4.3175725073e+01 	 3.3520463599e-03
700 	 714 	 4.3175464589e+01 	 1.9691994383e-03
800 	 815 	 4.3175361826e+01 	 8.8121678706e-04
900 	 918 	 4.3175309563e+01 	 7.1187466342e-04
1000 	 1020 	 4.3175291670e+01 	 4.4953929286e-04
1100 	 1122 	 4.3175280783e+01 	 6.0968501241e-04
1200 	 1225 	 4.3175271063e+01 	 2.5283941602e-04
1300 	 1328 	 4.3175265836e+01 	 2.7683265381e-04
1400 	 1431 	 4.3175262007e+01 	 2.8068746937e-04
1500 	 1534 	 4.3175259675e+01 	 3.0161711064e-04
1600 	 1637 	 4.3175257446e+01 	 1.8632010289e-04
1700 	 1740 	 4.3175255880e+01 	 1.9232682714e-04
1800 	 1842 	 4.3175254614e+01 	 3.1623524054e-04
1900 	 1944 	 4.3175253649e+01 	 1.0584324952e-04
2000 	 2045 	 4.3175252964e+01 	 1.2254690511e-04
2100 	 2148 	 4.3175252469e+01 	 7.3630469849e-05
2200 	 2250 	 4.3175252173e+01 	 6.5250430879e-05
2300 	 2352 	 4.3175251996e+01 	 9.0580864216e-05
2400 	 2454 	 4.3175251875e+01 	 4.0258238353e-05
2500 	 2558 	 4.3175251783e+01 	 3.5758942426e-05
2600 	 2659 	 4.3175251690e+01 	 3.7475257264e-05
2700 	 2763 	 4.3175251617e+01 	 3.0144754038e-05
2800 	 2866 	 4.3175251563e+01 	 7.2661174018e-05
2900 	 2970 	 4.3175251522e+01 	 2.5482942911e-05
3000 	 3072 	 4.3175251492e+01 	 2.3104944132e-05
3100 	 3176 	 4.3175251463e+01 	 4.6937229719e-05
3200 	 3279 	 4.3175251439e+01 	 1.6053184816e-05
3300 	 3381 	 4.3175251416e+01 	 1.9243073878e-05
3400 	 3484 	 4.3175251394e+01 	 1.9007397581e-05
3500 	 3585 	 4.3175251378e+01 	 1.5670681839e-05
3600 	 3690 	 4.3175251367e+01 	 2.1772462014e-05
3700 	 3791 	 4.3175251356e+01 	 9.6369908441e-06
3800 	 3894 	 4.3175251347e+01 	 9.9628702324e-06
3900 	 3997 	 4.3175251339e+01 	 8.7172010759e-06
4000 	 4100 	 4.3175251333e+01 	 1.6058034445e-05
4100 	 4203 	 4.3175251329e+01 	 1.0489198301e-05
4200 	 4306 	 4.3175251325e+01 	 5.6335280304e-06
4300 	 4407 	 4.3175251321e+01 	 7.5657534547e-06
4400 	 4511 	 4.3175251318e+01 	 5.0806374485e-06
4500 	 4613 	 4.3175251316e+01 	 5.8988651866e-06
4600 	 4716 	 4.3175251313e+01 	 5.3026582244e-06
4700 	 4819 	 4.3175251311e+01 	 8.0161599230e-06
4800 	 4923 	 4.3175251310e+01 	 4.4909392883e-06
4900 	 5026 	 4.3175251309e+01 	 6.0484862967e-06
5000 	 5127 	 4.3175251307e+01 	 6.9787895215e-06
5100 	 5231 	 4.3175251306e+01 	 3.4525295547e-06
5200 	 5336 	 4.3175251305e+01 	 5.0720803749e-06
5300 	 5438 	 4.3175251304e+01 	 3.1806666247e-06
5400 	 5540 	 4.3175251303e+01 	 4.9717637199e-06
5500 	 5642 	 4.3175251302e+01 	 2.5367782153e-06
5600 	 5743 	 4.3175251302e+01 	 2.7548064803e-06
5700 	 5844 	 4.3175251301e+01 	 2.9194520706e-06
5800 	 5946 	 4.3175251300e+01 	 2.7908876547e-06
5900 	 6046 	 4.3175251300e+01 	 2.0042447814e-06
6000 	 6149 	 4.3175251299e+01 	 1.6578311798e-06
6100 	 6254 	 4.3175251299e+01 	 3.3203629565e-06
6200 	 6355 	 4.3175251299e+01 	 2.4277427162e-06
6300 	 6457 	 4.3175251298e+01 	 1.5787638078e-06
6400 	 6559 	 4.3175251298e+01 	 1.7564541186e-06
6500 	 6660 	 4.3175251298e+01 	 2.0878952338e-06
6600 	 6760 	 4.3175251298e+01 	 1.2213579127e-06
6700 	 6864 	 4.3175251298e+01 	 3.6549657871e-06
6800 	 6966 	 4.3175251298e+01 	 1.5788848576e-06
6900 	 7070 	 4.3175251298e+01 	 9.4938166111e-07
7000 	 7175 	 4.3175251297e+01 	 1.3309033790e-06
7100 	 7280 	 4.3175251297e+01 	 7.5632667625e-07
7200 	 7387 	 4.3175251297e+01 	 1.3863800137e-06
7300 	 7494 	 4.3175251297e+01 	 2.1083627821e-06
7400 	 7598 	 4.3175251297e+01 	 2.1043169553e-06
7500 	 7706 	 4.3175251297e+01 	 5.5428706452e-07
7600 	 7810 	 4.3175251297e+01 	 4.1401718447e-07
7700 	 7918 	 4.3175251297e+01 	 4.0530300111e-07
7800 	 8034 	 4.3175251297e+01 	 1.1736233441e-06
7900 	 8147 	 4.3175251297e+01 	 4.0252938524e-07
8000 	 8261 	 4.3175251297e+01 	 3.6529202552e-07
8100 	 8374 	 4.3175251297e+01 	 4.0601156954e-07
8200 	 8484 	 4.3175251297e+01 	 1.0309462029e-06
8300 	 8594 	 4.3175251297e+01 	 7.1882374939e-07
8400 	 8706 	 4.3175251297e+01 	 4.7077851855e-07
# ---- 
 1 		 8497 	 8839 		 4.3698896628e+01 	 4.3175251297e+01 	 6.2670819439e-07
# ---- 
100 	 102 	 5.4904008566e+01 	 9.1751553467e-03
200 	 203 	 5.4898127434e+01 	 2.1525773562e-02
300 	 303 	 5.4894874493e+01 	 7.4258519876e-03
400 	 404 	 5.4892037508e+01 	 6.5585629268e-03
500 	 508 	 5.4890433427e+01 	 4.1046791104e-03
600 	 608 	 5.4889867805e+01 	 2.5652812129e-03
700 	 710 	 5.4889547575e+01 	 1.2777966365e-03
800 	 812 	 5.4889400681e+01 	 2.3733179729e-03
900 	 914 	 5.4889326158e+01 	 8.8081293487e-04
1000 	 1019 	 5.4889297749e+01 	 7.3162929743e-04
1100 	 1120 	 5.4889278459e+01 	 5.4361947456e-04
1200 	 1223 	 5.4889261544e+01 	 1.2705868147e-03
1300 	 1324 	 5.4889249868e+01 	 3.6059867483e-04
1400 	 1426 	 5.4889241129e+01 	 3.5586297302e-04
1500 	 1528 	 5.4889233731e+01 	 4.2445406109e-04
1600 	 1632 	 5.4889227710e+01 	 2.7191917689e-04
1700 	 1734 	 5.4889223078e+01 	 3.7430569836e-04
1800 	 1837 	 5.4889220015e+01 	 2.1216271877e-04
1900 	 1940 	 5.4889217897e+01 	 1.9573059742e-04
2000 	 2043 	 5.4889216143e+01 	 1.2673130002e-04
2100 	 2147 	 5.4889215053e+01 	 9.7241237766e-05
2200 	 2250 	 5.4889214350e+01 	 1.6003284260e-04
2300 	 2353 	 5.4889213877e+01 	 1.4308819179e-04
2400 	 2456 	 5.4889213531e+01 	 6.2253246332e-05
2500 	 2558 	 5.4889213231e+01 	 6.3264473086e-05
2600 	 2659 	 5.4889212996e+01 	 4.4757565068e-05
2700 	 2762 	 5.4889212814e+01 	 3.8645248872e-05
2800 	 2864 	 5.4889212707e+01 	 3.1766039816e-05
2900 	 2969 	 5.4889212627e+01 	 2.3832501542e-05
3000 	 3071 	 5.4889212563e+01 	 3.6670337078e-05
3100 	 3173 	 5.4889212519e+01 	 2.5809606095e-05
3200 	 3275 	 5.4889212482e+01 	 1.7182716151e-05
3300 	 3382 	 5.4889212459e+01 	 2.4590413741e-05
3400 	 3484 	 5.4889212438e+01 	 1.4979042133e-05
3500 	 3587 	 5.4889212423e+01 	 1.1937562218e-05
3600 	 3689 	 5.4889212412e+01 	 1.1030712965e-05
3700 	 3792 	 5.4889212403e+01 	 2.1380769879e-05
3800 	 3895 	 5.4889212393e+01 	 1.2183967154e-05
3900 	 3997 	 5.4889212384e+01 	 1.0147364169e-05
4000 	 4097 	 5.4889212375e+01 	 1.1628705825e-05
4100 	 4200 	 5.4889212370e+01 	 7.5501385835e-06
4200 	 4302 	 5.4889212365e+01 	 1.2860824426e-05
4300 	 4404 	 5.4889212361e+01 	 5.8066944102e-06
4400 	 4508 	 5.4889212358e+01 	 5.4401861067e-06
4500 	 4610 	 5.4889212355e+01 	 5.8509939922e-06
4600 	 4713 	 5.4889212352e+01 	 6.8178465597e-06
4700 	 4817 	 5.4889212350e+01 	 6.9793622171e-06
4800 	 4922 	 5.4889212348e+01 	 7.1936495734e-06
4900 	 5024 	 5.4889212346e+01 	 4.2079210466e-06
5000 	 5129 	 5.4889212345e+01 	 4.1877181550e-06
5100 	 5233 	 5.4889212344e+01 	 4.0320019989e-06
5200 	 5334 	 5.4889212343e+01 	 3.0770601998e-06
5300 	 5438 	 5.4889212342e+01 	 5.4588683533e-06
5400 	 5543 	 5.4889212341e+01 	 4.2016660785e-06
5500 	 5645 	 5.4889212340e+01 	 2.4563366830e-06
5600 	 5750 	 5.4889212340e+01 	 3.3680718718e-06
5700 	 5852 	 5.4889212339e+01 	 2.2541092072e-06
5800 	 5955 	 5.4889212339e+01 	 2.5938177556e-06
5900 	 6058 	 5.4889212339e+01 	 2.1207524779e-06
6000 	 6160 	 5.4889212338e+01 	 1.5340217505e-06
6100 	 6262 	 5.4889212338e+01 	 2.3870197883e-06
6200 	 6363 	 5.4889212338e+01 	 1.8459694388e-06
6300 	 6465 	 5.4889212338e+01 	 1.8161492940e-06
6400 	 6566 	 5.4889212337e+01 	 1.5625603904e-06
6500 	 6668 	 5.4889212337e+01 	 1.4247486284e-06
6600 	 6770 	 5.4889212337e+01 	 1.4485621669e-06
6700 	 6872 	 5.4889212337e+01 	 2.1509396471e-06
6800 	 6975 	 5.4889212337e+01 	 1.5893931722e-06
6900 	 7077 	 5.4889212337e+01 	 2.1405220231e-06
7000 	 7180 	 5.4889212337e+01 	 1.6618943169e-06
7100 	 7282 	 5.4889212337e+01 	 1.3927239401e-06
7200 	 7388 	 5.4889212337e+01 	 9.2846921723e-07
7300 	 7491 	 5.4889212337e+01 	 7.5904571758e-07
7400 	 7599 	 5.4889212336e+01 	 1.8439994240e-06
7500 	 7704 	 5.4889212336e+01 	 7.1904952438e-07
7600 	 7810 	 5.4889212336e+01 	 7.1409286133e-07
7700 	 7918 	 5.4889212336e+01 	 7.3852016410e-07
7800 	 8023 	 5.4889212336e+01 	 8.3491695531e-07
7900 	 8130 	 5.4889212336e+01 	 4.2674463430e-07
8000 	 8241 	 5.4889212336e+01 	 3.4573285612e-07
8100 	 8353 	 5.4889212336e+01 	 7.0759317307e-07
8200 	 8466 	 5.4889212336e+01 	 3.7430952552e-07
8300 	 8578 	 5.4889212336e+01 	 7.6968795730e-07
8400 	 8691 	 5.4889212336e+01 	 9.5699896701e-07
8500 	 8797 	 5.4889212336e+01 	 5.2957431464e-07
8600 	 8908 	 5.4889212336e+01 	 8.3606460128e-07
8700 	 9025 	 5.4889212336e+01 	 4.7833198461e-07
8800 	 9150 	 5.4889212336e+01 	 4.2251499304e-07
8900 	 9269 	 5.4889212336e+01 	 3.7071643152e-07
9000 	 9384 	 5.4889212336e+01 	 3.0919235943e-07
9100 	 9515 	 5.4889212336e+01 	 4.1491023880e-07
# ---- 
 1 		 9163 	 9604 		 5.5411551264e+01 	 5.4889212336e+01 	 2.6333180312e-07
# ---- 
100 	 103 	 6.8045385618e+01 	 1.9041247491e-02
200 	 206 	 6.8039796121e+01 	 9.5956630689e-03
300 	 307 	 6.8036931995e+01 	 7.3049287264e-03
400 	 408 	 6.8034265890e+01 	 5.8371855206e-03
500 	 510 	 6.8032701704e+01 	 3.5655369502e-03
600 	 612 	 6.8032023868e+01 	 2.2006964724e-03
700 	 715 	 6.8031635487e+01 	 2.6281778859e-03
800 	 818 	 6.8031396592e+01 	 1.5345838075e-03
900 	 920 	 6.8031288808e+01 	 2.7324620579e-03
1000 	 1021 	 6.8031225455e+01 	 7.0565554672e-04
1100 	 1124 	 6.8031181416e+01 	 8.8159753893e-04
1200 	 1227 	 6.8031142152e+01 	 6.3853849878e-04
1300 	 1329 	 6.8031113146e+01 	 1.3604991227e-03
1400 	 1431 	 6.8031089657e+01 	 8.1734965432e-04
1500 	 1532 	 6.8031067679e+01 	 1.4660605129e-03
1600 	 1636 	 6.8031049022e+01 	 6.2210793529e-04
1700 	 1739 	 6.8031033208e+01 	 3.7846371513e-04
1800 	 1840 	 6.8031021449e+01 	 3.3043583011e-04
1900 	 1942 	 6.8031010731e+01 	 3.5447754922e-04
2000 	 2044 	 6.8031002088e+01 	 2.9720465539e-04
2100 	 2145 	 6.8030997775e+01 	 2.4881565940e-04
2200 	 2247 	 6.8030993989e+01 	 2.2724563713e-04
2300 	 2350 	 6.8030990417e+01 	 2.0514738498e-04
2400 	 2452 	 6.8030988009e+01 	 4.4694460875e-04
2500 	 2555 	 6.8030986184e+01 	 1.6886776410e-04
2600 	 2657 	 6.8030984167e+01 	 1.5824315098e-04
2700 	 2760 	 6.8030982617e+01 	 1.1589742277e-04
2800 	 2862 	 6.8030981029e+01 	 2.4197708269e-04
2900 	 2966 	 6.8030979407e+01 	 1.1520198589e-04
3000 	 3067 	 6.8030978089e+01 	 1.4462356167e-04
3100 	 3169 	 6.8030976767e+01 	 1.3209888044e-04
3200 	 3273 	 6.8030975619e+01 	 1.1294329344e-04
3300 	 3376 	 6.8030974533e+01 	 2.2815286072e-04
3400 	 3478 	 6.8030973631e+01 	 1.2132565638e-04
3500 	 3580 	 6.8030972822e+01 	 8.8040037426e-05
3600 	 3683 	 6.8030972170e+01 	 1.8212429951e-04
3700 	 3785 	 6.8030971506e+01 	 2.5462032078e-04
3800 	 3887 	 6.8030970579e+01 	 1.3715932977e-04
3900 	 3989 	 6.8030969768e+01 	 7.5962925374e-05
4000 	 4089 	 6.8030969031e+01 	 1.0086436602e-04
4100 	 4193 	 6.8030968284e+01 	 2.4087850152e-04
4200 	 4296 	 6.8030967547e+01 	 8.6443907613e-05
4300 	 4397 	 6.8030966969e+01 	 1.4520517158e-04
4400 	 4497 	 6.8030966619e+01 	 6.5090021103e-05
4500 	 4599 	 6.8030966330e+01 	 5.7487213668e-05
4600 	 4701 	 6.8030966193e+01 	 3.1101064999e-05
4700 	 4803 	 6.8030966088e+01 	 5.1384585874e-05
4800 	 4905 	 6.8030965987e+01 	 5.9210335142e-05
4900 	 5005 	 6.8030965839e+01 	 3.7250857392e-05
5000 	 5109 	 6.8030965646e+01 	 6.5564549237e-05
5100 	 5211 	 6.8030965483e+01 	 7.3078594643e-05
5200 	 5314 	 6.8030965359e+01 	 3.6746631196e-05
5300 	 5417 	 6.8030965240e+01 	 7.1553447995e-05
5400 	 5521 	 6.8030965159e+01 	 5.2079885048e-05
5500 	 5625 	 6.8030965094e+01 	 2.5652170645e-05
5600 	 5730 	 6.8030965017e+01 	 2.7480319061e-05
5700 	 5831 	 6.8030964939e+01 	 4.0986542019e-05
5800 	 5932 	 6.8030964876e+01 	 1.6992376643e-05
5900 	 6035 	 6.8030964831e+01 	 2.2349386802e-05
6000 	 6136 	 6.8030964794e+01 	 2.8807442820e-05
6100 	 6239 	 6.8030964763e+01 	 1.7670517653e-05
6200 	 6343 	 6.8030964711e+01 	 3.0827303648e-05
6300 	 6445 	 6.8030964613e+01 	 2.9886354497e-05
6400 	 6548 	 6.8030964542e+01 	 2.7520165302e-05
6500 	 6650 	 6.8030964475e+01 	 3.4747771540e-05
6600 	 6752 	 6.8030964378e+01 	 4.4663507246e-05
6700 	 6854 	 6.8030964264e+01 	 4.0989332162e-05
6800 	 6957 	 6.8030964104e+01 	 5.0840317457e-05
6900 	 7058 	 6.8030963916e+01 	 1.1943147914e-04
7000 	 7159 	 6.8030963594e+01 	 1.2791526940e-04
7100 	 7259 	 6.8030962541e+01 	 1.6040543861e-04
7200 	 7360 	 6.8030951322e+01 	 1.1597382416e-03
7300 	 7462 	 6.8030937598e+01 	 3.8528113548e-04
7400 	 7567 	 6.8030925736e+01 	 6.4778921416e-04
7500 	 7669 	 6.8030919232e+01 	 1.6904159944e-04
7600 	 7774 	 6.8030915425e+01 	 3.2090809556e-04
7700 	 7878 	 6.8030912578e+01 	 2.5527810073e-04
7800 	 7983 	 6.8030910035e+01 	 1.9451074086e-04
7900 	 8085 	 6.8030907779e+01 	 2.5777285781e-04
8000 	 8189 	 6.8030905491e+01 	 1.5166865224e-04
8100 	 8291 	 6.8030903497e+01 	 2.2034726735e-04
8200 	 8394 	 6.8030900950e+01 	 2.6286805336e-04
8300 	 8495 	 6.8030898685e+01 	 1.3823601318e-04
8400 	 8596 	 6.8030896418e+01 	 1.4125675029e-04
8500 	 8697 	 6.8030894620e+01 	 1.1635643292e-04
8600 	 8800 	 6.8030892723e+01 	 1.6959499321e-04
8700 	 8904 	 6.8030891239e+01 	 1.1749441329e-04
8800 	 9006 	 6.8030889713e+01 	 1.2652854112e-04
8900 	 9110 	 6.8030888201e+01 	 1.1146608810e-04
9000 	 9214 	 6.8030886800e+01 	 2.5643242401e-04
9100 	 9317 	 6.8030885639e+01 	 1.1170726114e-04
9200 	 9419 	 6.8030884627e+01 	 8.5970720382e-05
9300 	 9522 	 6.8030883513e+01 	 9.4335493654e-05
9400 	 9625 	 6.8030882350e+01 	 1.2874943631e-04
9500 	 9726 	 6.8030881266e+01 	 1.1490455570e-04
9600 	 9829 	 6.8030880162e+01 	 2.3430194882e-04
9700 	 9932 	 6.8030879331e+01 	 9.5249648130e-05
9800 	 10034 	 6.8030878439e+01 	 1.1024816150e-04
9900 	 10136 	 6.8030877615e+01 	 9.4896914674e-05
10000 	 10238 	 6.8030876953e+01 	 8.1550112582e-05
10100 	 10342 	 6.8030876381e+01 	 8.7990750369e-05
10200 	 10447 	 6.8030875848e+01 	 1.4303340119e-04
10300 	 10548 	 6.8030875453e+01 	 7.1212322036e-05
10400 	 10650 	 6.8030875096e+01 	 7.5006527912e-05
10500 	 10753 	 6.8030874796e+01 	 6.5231414508e-05
10600 	 10855 	 6.8030874598e+01 	 4.7371724255e-05
10700 	 10957 	 6.8030874396e+01 	 5.0326497604e-05
10800 	 11059 	 6.8030874221e+01 	 4.2898620310e-05
10900 	 11162 	 6.8030874092e+01 	 3.8554866329e-05
11000 	 11264 	 6.8030874013e+01 	 3.3139801029e-05
11100 	 11369 	 6.8030873912e+01 	 3.3136261016e-05
11200 	 11472 	 6.8030873833e+01 	 2.5473973275e-05
11300 	 11575 	 6.8030873770e+01 	 2.1769255159e-05
11400 	 11675 	 6.8030873723e+01 	 3.0456508110e-05
11500 	 11777 	 6.8030873681e+01 	 2.2943130796e-05
11600 	 11881 	 6.8030873651e+01 	 2.0356867105e-05
11700 	 11982 	 6.8030873622e+01 	 2.0218714285e-05
11800 	 12085 	 6.8030873592e+01 	 1.1707548638e-05
11900 	 12188 	 6.8030873573e+01 	 1.7228525103e-05
12000 	 12292 	 6.8030873558e+01 	 1.4864593617e-05
12100 	 12395 	 6.8030873546e+01 	 8.5876130719e-06
12200 	 12498 	 6.8030873538e+01 	 8.3884492491e-06
12300 	 12599 	 6.8030873530e+01 	 1.0864471034e-05
12400 	 12704 	 6.8030873523e+01 	 2.2254776094e-05
12500 	 12808 	 6.8030873517e+01 	 7.0385232291e-06
12600 	 12909 	 6.8030873512e+01 	 8.9370674294e-06
12700 	 13011 	 6.8030873508e+01 	 6.9598419449e-06
12800 	 13113 	 6.8030873504e+01 	 7.2159820971e-06
12900 	 13216 	 6.8030873500e+01 	 1.0703826824e-05
13000 	 13318 	 6.8030873496e+01 	 6.3694785013e-06
13100 	 13420 	 6.8030873493e+01 	 5.2620217154e-06
13200 	 13521 	 6.8030873490e+01 	 4.5430592197e-06
13300 	 13623 	 6.8030873488e+01 	 4.7881922865e-06
13400 	 13725 	 6.8030873486e+01 	 3.1176469845e-06
13500 	 13828 	 6.8030873484e+01 	 7.0688798170e-06
13600 	 13929 	 6.8030873483e+01 	 4.9641768365e-06
13700 	 14033 	 6.8030873481e+01 	 3.4664083976e-06
13800 	 14136 	 6.8030873480e+01 	 4.6707712852e-06
13900 	 14238 	 6.8030873479e+01 	 3.8660083158e-06
14000 	 14341 	 6.8030873478e+01 	 2.7352514344e-06
14100 	 14441 	 6.8030873477e+01 	 3.8620762705e-06
14200 	 14543 	 6.8030873477e+01 	 2.2702452854e-06
14300 	 14644 	 6.8030873476e+01 	 2.3352472228e-06
14400 	 14749 	 6.8030873476e+01 	 3.7254165738e-06
14500 	 14851 	 6.8030873476e+01 	 2.0782839962e-06
14600 	 14953 	 6.8030873475e+01 	 1.6413257020e-06
14700 	 15055 	 6.8030873475e+01 	 1.0945920497e-06
14800 	 15156 	 6.8030873475e+01 	 1.5450229827e-06
14900 	 15258 	 6.8030873475e+01 	 1.4108964938e-06
15000 	 15359 	 6.8030873475e+01 	 1.3709107378e-06
15100 	 15463 	 6.8030873474e+01 	 9.1525686943e-07
15200 	 15567 	 6.8030873474e+01 	 1.8753853176e-06
15300 	 15673 	 6.8030873474e+01 	 5.9232480407e-07
15400 	 15774 	 6.8030873474e+01 	 1.9052753485e-06
15500 	 15888 	 6.8030873474e+01 	 5.2899559224e-07
15600 	 15999 	 6.8030873474e+01 	 5.7514662642e-07
15700 	 16110 	 6.8030873474e+01 	 4.6081224089e-07
15800 	 16220 	 6.8030873474e+01 	 6.2544000129e-07
15900 	 16335 	 6.8030873474e+01 	 6.0514851923e-07
16000 	 16450 	 6.8030873474e+01 	 5.1863045086e-07
16100 	 16563 	 6.8030873474e+01 	 5.3153874020e-07
16200 	 16670 	 6.8030873474e+01 	 1.3682235272e-06
16300 	 16778 	 6.8030873474e+01 	 7.4641634205e-07
16400 	 16889 	 6.8030873474e+01 	 2.9747473058e-07
16500 	 16998 	 6.8030873474e+01 	 5.9272095147e-07
16600 	 17112 	 6.8030873474e+01 	 8.4143413841e-07
16700 	 17231 	 6.8030873474e+01 	 4.6894441192e-07
16800 	 17347 	 6.8030873474e+01 	 1.8919262611e-07
# ---- 
 1 		 16821 	 17383 		 6.8552530020e+01 	 6.8030873474e+01 	 5.8224125231e-07
# ---- 
100 	 104 	 6.7816993386e+01 	 7.5992594636e-02
200 	 208 	 6.7759181964e+01 	 2.1762931451e-02
300 	 309 	 6.7738858820e+01 	 2.8880116055e-02
400 	 412 	 6.7733416942e+01 	 6.1191402821e-03
500 	 514 	 6.7731065484e+01 	 1.0726537002e-02
600 	 615 	 6.7729590513e+01 	 4.1363893237e-03
700 	 717 	 6.7729020158e+01 	 3.0600634767e-03
800 	 818 	 6.7728777019e+01 	 3.6669945843e-03
900 	 919 	 6.7728626136e+01 	 1.4526265400e-03
1000 	 1021 	 6.7728510268e+01 	 1.1858330065e-03
1100 	 1124 	 6.7728445813e+01 	 1.0981077345e-03
1200 	 1227 	 6.7728410092e+01 	 1.0318016571e-03
1300 	 1328 	 6.7728383575e+01 	 7.2712565440e-04
1400 	 1432 	 6.7728360245e+01 	 5.3580268317e-04
1500 	 1535 	 6.7728341551e+01 	 4.8464602491e-04
1600 	 1636 	 6.7728315566e+01 	 1.1097188313e-03
1700 	 1738 	 6.7728287263e+01 	 1.2223888300e-03
1800 	 1842 	 6.7728259177e+01 	 6.2118867347e-04
1900 	 1944 	 6.7728235463e+01 	 1.2012021511e-03
2000 	 2047 	 6.7728219948e+01 	 3.9123603753e-04
2100 	 2151 	 6.7728207990e+01 	 2.8504470372e-04
2200 	 2255 	 6.7728198882e+01 	 3.4812668433e-04
2300 	 2356 	 6.7728188632e+01 	 3.7520273992e-04
2400 	 2458 	 6.7728178909e+01 	 3.6371916017e-04
2500 	 2561 	 6.7728170217e+01 	 3.0739613352e-04
2600 	 2662 	 6.7728163404e+01 	 5.0237026320e-04
2700 	 2767 	 6.7728156550e+01 	 5.1571126243e-04
2800 	 2870 	 6.7728151931e+01 	 2.5509905631e-04
2900 	 2972 	 6.7728147484e+01 	 2.4171736975e-04
3000 	 3075 	 6.7728142538e+01 	 2.0379741664e-04
3100 	 3178 	 6.7728139054e+01 	 1.7353572500e-04
3200 	 3283 	 6.7728135747e+01 	 2.4325664893e-04
3300 	 3384 	 6.7728132834e+01 	 2.0500324329e-04
3400 	 3486 	 6.7728130318e+01 	 4.3381323515e-04
3500 	 3588 	 6.7728127848e+01 	 2.2755381280e-04
3600 	 3689 	 6.7728125128e+01 	 1.4573603426e-04
3700 	 3790 	 6.7728123190e+01 	 2.5368435056e-04
3800 	 3891 	 6.7728121021e+01 	 1.9543234882e-04
3900 	 3993 	 6.7728118557e+01 	 1.8535288578e-04
4000 	 4095 	 6.7728116937e+01 	 1.1922221317e-04
4100 	 4196 	 6.7728115700e+01 	 1.1925877496e-04
4200 	 4297 	 6.7728114303e+01 	 1.6482457172e-04
4300 	 4399 	 6.7728112854e+01 	 1.1320180508e-04
4400 	 4501 	 6.7728111599e+01 	 3.5633652871e-04
4500 	 4606 	 6.7728110626e+01 	 1.5490736622e-04
4600 	 4708 	 6.7728109649e+01 	 8.8444591387e-05
4700 	 4808 	 6.7728108561e+01 	 2.4113983182e-04
4800 	 4909 	 6.7728107383e+01 	 1.0954983249e-04
4900 	 5012 	 6.7728106539e+01 	 1.1257338227e-04
5000 	 5114 	 6.7728105871e+01 	 1.7830679112e-04
5100 	 5217 	 6.7728105462e+01 	 5.0566206580e-05
5200 	 5320 	 6.7728105088e+01 	 6.8013833666e-05
5300 	 5422 	 6.7728104685e+01 	 1.1054069973e-04
5400 	 5525 	 6.7728104096e+01 	 1.0505825313e-04
5500 	 5626 	 6.7728103542e+01 	 8.7412275246e-05
5600 	 5727 	 6.7728102931e+01 	 8.1777778862e-05
5700 	 5828 	 6.7728102379e+01 	 8.5240200494e-05
5800 	 5930 	 6.7728101999e+01 	 6.5329962142e-05
5900 	 6031 	 6.7728101611e+01 	 5.7640141849e-05
6000 	 6134 	 6.7728101247e+01 	 6.6178800761e-05
6100 	 6236 	 6.7728100910e+01 	 5.8347945312e-05
6200 	 6341 	 6.7728100749e+01 	 9.4858774946e-05
6300 	 6444 	 6.7728100657e+01 	 3.3219322168e-05
6400 	 6547 	 6.7728100563e+01 	 3.5656583617e-05
6500 	 6653 	 6.7728100483e+01 	 3.0339324924e-05
6600 	 6755 	 6.7728100401e+01 	 8.1720415839e-05
6700 	 6858 	 6.7728100305e+01 	 3.1214339212e-05
6800 	 6962 	 6.7728100206e+01 	 2.9070605762e-05
6900 	 7063 	 6.7728100126e+01 	 2.4363748879e-05
7000 	 7166 	 6.7728100060e+01 	 3.0916377614e-05
7100 	 7266 	 6.7728100004e+01 	 2.0490407161e-05
7200 	 7370 	 6.7728099950e+01 	 2.2572928969e-05
7300 	 7473 	 6.7728099906e+01 	 2.0562418617e-05
7400 	 7574 	 6.7728099861e+01 	 2.6354376918e-05
7500 	 7678 	 6.7728099812e+01 	 3.6574459661e-05
7600 	 7781 	 6.7728099769e+01 	 1.9272200198e-05
7700 	 7881 	 6.7728099735e+01 	 1.5913866133e-05
7800 	 7982 	 6.7728099713e+01 	 3.3683815242e-05
7900 	 8083 	 6.7728099697e+01 	 1.3199505802e-05
8000 	 8186 	 6.7728099683e+01 	 1.2096063609e-05
8100 	 8288 	 6.7728099672e+01 	 8.8709201127e-06
8200 	 8393 	 6.7728099663e+01 	 9.6810981699e-06
8300 	 8498 	 6.7728099655e+01 	 8.3449336933e-06
8400 	 8600 	 6.7728099647e+01 	 8.3666717799e-06
8500 	 8702 	 6.7728099641e+01 	 1.7249504778e-05
8600 	 8806 	 6.7728099635e+01 	 1.0303684743e-05
8700 	 8908 	 6.7728099630e+01 	 7.8459849081e-06
8800 	 9009 	 6.7728099623e+01 	 1.3671403357e-05
8900 	 9111 	 6.7728099615e+01 	 8.9591296097e-06
9000 	 9214 	 6.7728099609e+01 	 1.0156253605e-05
9100 	 9318 	 6.7728099604e+01 	 1.4423514883e-05
9200 	 9422 	 6.7728099599e+01 	 8.0818124140e-06
9300 	 9525 	 6.7728099596e+01 	 6.3968566723e-06
9400 	 9627 	 6.7728099593e+01 	 1.0329065937e-05
9500 	 9730 	 6.7728099591e+01 	 4.1185880672e-06
9600 	 9831 	 6.7728099590e+01 	 4.5838909187e-06
9700 	 9931 	 6.7728099589e+01 	 3.4815818504e-06
9800 	 10033 	 6.7728099588e+01 	 3.0892762356e-06
9900 	 10135 	 6.7728099587e+01 	 2.5462681454e-06
10000 	 10237 	 6.7728099586e+01 	 4.0433993979e-06
10100 	 10338 	 6.7728099585e+01 	 4.1047810613e-06
10200 	 10442 	 6.7728099584e+01 	 5.9988900759e-06
10300 	 10544 	 6.7728099584e+01 	 6.0519835001e-06
10400 	 10647 	 6.7728099583e+01 	 2.8671841459e-06
10500 	 10750 	 6.7728099583e+01 	 2.2126752021e-06
10600 	 10852 	 6.7728099582e+01 	 1.9357032854e-06
10700 	 10956 	 6.7728099582e+01 	 2.7749511335e-06
10800 	 11062 	 6.7728099581e+01 	 2.3907812952e-06
10900 	 11164 	 6.7728099581e+01 	 2.1932658065e-06
11000 	 11267 	 6.7728099580e+01 	 3.6792898093e-06
11100 	 11368 	 6.7728099580e+01 	 7.7036198596e-07
11200 	 11473 	 6.7728099580e+01 	 1.2234782760e-06
11300 	 11574 	 6.7728099580e+01 	 1.9221572074e-06
11400 	 11677 	 6.7728099579e+01 	 1.2162711601e-06
11500 	 11780 	 6.7728099579e+01 	 3.0082664532e-06
11600 	 11883 	 6.7728099579e+01 	 1.7514970111e-06
11700 	 11985 	 6.7728099579e+01 	 1.1960469415e-06
11800 	 12089 	 6.7728099579e+01 	 2.0274642621e-06
11900 	 12190 	 6.7728099578e+01 	 1.8883942032e-06
12000 	 12290 	 6.7728099578e+01 	 1.7150356152e-06
12100 	 12394 	 6.7728099578e+01 	 1.0826504298e-06
12200 	 12498 	 6.7728099578e+01 	 8.7682259462e-07
12300 	 12603 	 6.7728099578e+01 	 9.6220616212e-07
12400 	 12711 	 6.7728099578e+01 	 1.3754684008e-06
12500 	 12816 	 6.7728099578e+01 	 4.6207363530e-07
12600 	 12922 	 6.7728099578e+01 	 2.0990738035e-06
12700 	 13040 	 6.7728099578e+01 	 7.0963960412e-07
12800 	 13149 	 6.7728099578e+01 	 1.8960134649e-06
12900 	 13265 	 6.7728099578e+01 	 7.9683917130e-07
13000 	 13377 	 6.7728099578e+01 	 1.0534829990e-06
13100 	 13485 	 6.7728099578e+01 	 3.6799247041e-07
13200 	 13598 	 6.7728099578e+01 	 7.0691712666e-07
13300 	 13710 	 6.7728099578e+01 	 3.7789104142e-07
13400 	 13824 	 6.7728099578e+01 	 5.5602727631e-07
13500 	 13936 	 6.7728099578e+01 	 6.7482222372e-07
# ---- 
 1 		 13556 	 14006 		 7.3277269768e+01 	 6.7728099578e+01 	 6.4404172358e-07
# ---- 
100 	 103 	 6.7564925838e+01 	 6.8023476168e-02
200 	 205 	 6.7509416080e+01 	 3.6507534553e-02
300 	 309 	 6.7490720052e+01 	 1.9790720386e-02
400 	 410 	 6.7484055710e+01 	 7.9488804489e-03
500 	 512 	 6.7481075720e+01 	 1.1558719920e-02
600 	 614 	 6.7479124866e+01 	 4.3259234081e-03
700 	 715 	 6.7478446698e+01 	 3.2483270777e-03
800 	 816 	 6.7478156929e+01 	 2.0673462372e-03
900 	 917 	 6.7477957297e+01 	 1.5131425164e-03
1000 	 1018 	 6.7477760883e+01 	 4.8172052619e-03
1100 	 1122 	 6.7477609841e+01 	 1.1430925491e-03
1200 	 1225 	 6.7477518339e+01 	 1.3380476911e-03
1300 	 1327 	 6.7477454699e+01 	 9.0802307015e-04
1400 	 1429 	 6.7477393998e+01 	 1.1348921432e-03
1500 	 1531 	 6.7477343821e+01 	 7.9817935430e-04
1600 	 1634 	 6.7477299153e+01 	 1.6433768270e-03
1700 	 1737 	 6.7477257634e+01 	 4.9403655875e-04
1800 	 1839 	 6.7477225123e+01 	 8.0309776614e-04
1900 	 1942 	 6.7477196780e+01 	 9.5530587972e-04
2000 	 2046 	 6.7477177116e+01 	 6.5583112413e-04
2100 	 2150 	 6.7477160828e+01 	 4.1620843813e-04
2200 	 2253 	 6.7477148403e+01 	 3.7449652513e-04
2300 	 2355 	 6.7477136539e+01 	 3.5377059891e-04
2400 	 2455 	 6.7477125747e+01 	 2.7479287247e-04
2500 	 2559 	 6.7477117321e+01 	 4.0329380018e-04
2600 	 2659 	 6.7477109207e+01 	 4.1347879390e-04
2700 	 2762 	 6.7477101511e+01 	 2.4207006479e-04
2800 	 2867 	 6.7477094743e+01 	 2.5695646218e-04
2900 	 2969 	 6.7477089423e+01 	 7.6603286935e-04
3000 	 3071 	 6.7477084035e+01 	 4.8493956506e-04
3100 	 3173 	 6.7477078273e+01 	 3.1791548462e-04
3200 	 3276 	 6.7477073100e+01 	 1.8121769531e-04
3300 	 3381 	 6.7477068891e+01 	 2.3936253168e-04
3400 	 3485 	 6.7477065860e+01 	 1.6104922307e-04
3500 	 3587 	 6.7477063640e+01 	 1.5731201338e-04
3600 	 3687 	 6.7477062184e+01 	 1.3624289437e-04
3700 	 3788 	 6.7477061076e+01 	 1.8159557693e-04
3800 	 3892 	 6.7477060255e+01 	 1.3425119814e-04
3900 	 3996 	 6.7477059693e+01 	 8.6327094461e-05
4000 	 4099 	 6.7477059244e+01 	 1.8833051483e-04
4100 	 4201 	 6.7477058731e+01 	 8.4277368567e-05
4200 	 4301 	 6.7477058293e+01 	 1.0914599217e-04
4300 	 4403 	 6.7477057814e+01 	 6.7837306486e-05
4400 	 4503 	 6.7477057446e+01 	 9.2506595853e-05
4500 	 4604 	 6.7477057156e+01 	 5.8880499307e-05
4600 	 4706 	 6.7477056833e+01 	 6.5617445523e-05
4700 	 4807 	 6.7477056566e+01 	 6.4410271906e-05
4800 	 4910 	 6.7477056337e+01 	 1.0404141911e-04
4900 	 5013 	 6.7477056042e+01 	 1.0189698323e-04
5000 	 5114 	 6.7477055811e+01 	 4.4593819841e-05
5100 	 5217 	 6.7477055600e+01 	 4.8191848131e-05
5200 	 5319 	 6.7477055409e+01 	 4.8248612613e-05
5300 	 5424 	 6.7477055209e+01 	 3.7115465898e-05
5400 	 5529 	 6.7477055024e+01 	 9.7617217025e-05
5500 	 5633 	 6.7477054870e+01 	 4.1478365355e-05
5600 	 5736 	 6.7477054770e+01 	 2.5954711536e-05
5700 	 5838 	 6.7477054684e+01 	 4.5036689214e-05
5800 	 5940 	 6.7477054616e+01 	 3.6109776973e-05
5900 	 6041 	 6.7477054559e+01 	 3.1703340396e-05
6000 	 6144 	 6.7477054511e+01 	 3.2363814278e-05
6100 	 6246 	 6.7477054466e+01 	 4.2254169696e-05
6200 	 6349 	 6.7477054429e+01 	 1.9402928822e-05
6300 	 6452 	 6.7477054396e+01 	 3.6497041666e-05
6400 	 6555 	 6.7477054367e+01 	 1.8666470883e-05
6500 	 6658 	 6.7477054337e+01 	 1.6499543976e-05
6600 	 6761 	 6.7477054309e+01 	 1.7726815254e-05
6700 	 6863 	 6.7477054283e+01 	 1.5888127585e-05
6800 	 6965 	 6.7477054263e+01 	 1.1345778667e-05
6900 	 7070 	 6.7477054250e+01 	 2.1585384130e-05
7000 	 7172 	 6.7477054240e+01 	 8.1650281282e-06
7100 	 7275 	 6.7477054230e+01 	 1.6257459039e-05
7200 	 7376 	 6.7477054221e+01 	 1.3217710450e-05
7300 	 7479 	 6.7477054214e+01 	 7.3209251231e-06
7400 	 7583 	 6.7477054209e+01 	 1.8610767169e-05
7500 	 7683 	 6.7477054204e+01 	 9.5753316884e-06
7600 	 7784 	 6.7477054199e+01 	 5.7743206928e-06
7700 	 7885 	 6.7477054194e+01 	 1.7253503691e-05
7800 	 7985 	 6.7477054189e+01 	 2.0049331476e-05
7900 	 8087 	 6.7477054185e+01 	 5.7473847895e-06
8000 	 8189 	 6.7477054182e+01 	 4.4133118334e-06
8100 	 8292 	 6.7477054180e+01 	 3.9499922468e-06
8200 	 8395 	 6.7477054178e+01 	 9.1899995883e-06
8300 	 8496 	 6.7477054177e+01 	 4.3304665271e-06
8400 	 8600 	 6.7477054176e+01 	 3.8092451742e-06
8500 	 8700 	 6.7477054175e+01 	 4.4264621958e-06
8600 	 8803 	 6.7477054173e+01 	 4.9989530972e-06
8700 	 8905 	 6.7477054172e+01 	 3.2181401572e-06
8800 	 9007 	 6.7477054171e+01 	 4.3894773497e-06
8900 	 9110 	 6.7477054169e+01 	 3.5660995511e-06
9000 	 9214 	 6.7477054167e+01 	 4.4411943631e-06
9100 	 9317 	 6.7477054166e+01 	 2.7771858433e-06
9200 	 9417 	 6.7477054165e+01 	 3.1659527331e-06
9300 	 9521 	 6.7477054164e+01 	 3.5244812442e-06
9400 	 9626 	 6.7477054163e+01 	 2.8037108045e-06
9500 	 9729 	 6.7477054162e+01 	 2.8452794018e-06
9600 	 9831 	 6.7477054162e+01 	 2.5240014231e-06
9700 	 9934 	 6.7477054161e+01 	 5.4471782650e-06
9800 	 10037 	 6.7477054161e+01 	 1.7145535340e-06
9900 	 10138 	 6.7477054161e+01 	 1.2886298880e-06
10000 	 10240 	 6.7477054160e+01 	 2.3366049622e-06
10100 	 10342 	 6.7477054160e+01 	 1.6599493613e-06
10200 	 10446 	 6.7477054160e+01 	 1.1000818758e-06
10300 	 10550 	 6.7477054160e+01 	 8.3352854225e-07
10400 	 10658 	 6.7477054160e+01 	 9.6310061689e-07
10500 	 10761 	 6.7477054160e+01 	 1.0706656061e-06
10600 	 10867 	 6.7477054160e+01 	 1.1073561990e-06
10700 	 10971 	 6.7477054160e+01 	 8.9236889810e-07
10800 	 11076 	 6.7477054160e+01 	 7.7888350087e-07
10900 	 11182 	 6.7477054159e+01 	 6.1540331180e-07
11000 	 11296 	 6.7477054159e+01 	 4.1816976120e-07
11100 	 11400 	 6.7477054159e+01 	 1.4930532156e-06
11200 	 11503 	 6.7477054159e+01 	 1.1436129187e-06
11300 	 11607 	 6.7477054159e+01 	 1.0250693199e-06
11400 	 11714 	 6.7477054159e+01 	 8.3278742659e-07
11500 	 11821 	 6.7477054159e+01 	 6.6474587176e-07
11600 	 11925 	 6.7477054159e+01 	 7.4465887212e-07
11700 	 12035 	 6.7477054159e+01 	 8.1576248551e-07
11800 	 12153 	 6.7477054159e+01 	 4.5142815918e-07
11900 	 12273 	 6.7477054159e+01 	 3.5547296500e-07
12000 	 12388 	 6.7477054159e+01 	 1.0479846302e-06
12100 	 12500 	 6.7477054159e+01 	 4.5617902152e-07
12200 	 12613 	 6.7477054159e+01 	 5.2775674354e-07
12300 	 12724 	 6.7477054159e+01 	 5.9768362671e-07
# ---- 
 1 		 12384 	 12844 		 7.3089392654e+01 	 6.7477054159e+01 	 3.3576623159e-07
# ---- 
100 	 106 	 6.7351938626e+01 	 8.4982022790e-02
200 	 210 	 6.7298307431e+01 	 2.0664414398e-02
300 	 312 	 6.7281176485e+01 	 3.6270340777e-02
400 	 413 	 6.7273768399e+01 	 1.2189172114e-02
500 	 514 	 6.7270095027e+01 	 1.4205110905e-02
600 	 615 	 6.7267922133e+01 	 4.2296466862e-03
700 	 718 	 6.7267228538e+01 	 2.8284293476e-03
800 	 820 	 6.7266933733e+01 	 1.5253082938e-03
900 	 922 	 6.7266758685e+01 	 1.8965497887e-03
1000 	 1022 	 6.7266586721e+01 	 4.0075237963e-03
1100 	 1123 	 6.7266446869e+01 	 1.5140722838e-03
1200 	 1225 	 6.7266374651e+01 	 1.5448006098e-03
1300 	 1329 	 6.7266336581e+01 	 7.7859624400e-04
1400 	 1433 	 6.7266307272e+01 	 5.0963948347e-04
1500 	 1535 	 6.7266277829e+01 	 4.3892475115e-04
1600 	 1639 	 6.7266253980e+01 	 5.1316549347e-04
1700 	 1740 	 6.7266227320e+01 	 7.5505132858e-04
1800 	 1843 	 6.7266199936e+01 	 5.8942302415e-04
1900 	 1948 	 6.7266180676e+01 	 7.2753277284e-04
2000 	 2050 	 6.7266161912e+01 	 5.2517925941e-04
2100 	 2151 	 6.7266145273e+01 	 4.6965776589e-04
2200 	 2252 	 6.7266128310e+01 	 4.5992688953e-04
2300 	 2354 	 6.7266116795e+01 	 4.1184714204e-04
2400 	 2458 	 6.7266107573e+01 	 2.5419869405e-04
2500 	 2561 	 6.7266099387e+01 	 4.3052066605e-04
2600 	 2665 	 6.7266091223e+01 	 3.6255194389e-04
2700 	 2767 	 6.7266084813e+01 	 3.5641002666e-04
2800 	 2868 	 6.7266081318e+01 	 2.1238328708e-04
2900 	 2971 	 6.7266078758e+01 	 1.4091428735e-04
3000 	 3073 	 6.7266076528e+01 	 1.9159410385e-04
3100 	 3176 	 6.7266074663e+01 	 1.5699606896e-04
3200 	 3277 	 6.7266072924e+01 	 4.7358454594e-04
3300 	 3377 	 6.7266071484e+01 	 1.4630624832e-04
3400 	 3480 	 6.7266070194e+01 	 9.3829103573e-05
3500 	 3582 	 6.7266069303e+01 	 1.0298555101e-04
3600 	 3685 	 6.7266068688e+01 	 6.8049893825e-05
3700 	 3786 	 6.7266068071e+01 	 8.8629513609e-05
3800 	 3888 	 6.7266067529e+01 	 8.2396569098e-05
3900 	 3991 	 6.7266067110e+01 	 5.7209185524e-05
4000 	 4091 	 6.7266066785e+01 	 4.9397933406e-05
4100 	 4193 	 6.7266066488e+01 	 5.0692709440e-05
4200 	 4296 	 6.7266066192e+01 	 4.9131687350e-05
4300 	 4400 	 6.7266065832e+01 	 6.6898021654e-05
4400 	 4504 	 6.7266065507e+01 	 1.7679249716e-04
4500 	 4607 	 6.7266065180e+01 	 6.2777800304e-05
4600 	 4710 	 6.7266064946e+01 	 3.8629376575e-05
4700 	 4813 	 6.7266064719e+01 	 4.3645711781e-05
4800 	 4914 	 6.7266064516e+01 	 8.3888766093e-05
4900 	 5016 	 6.7266064345e+01 	 4.0356039299e-05
5000 	 5120 	 6.7266064202e+01 	 8.9454478642e-05
5100 	 5222 	 6.7266064068e+01 	 8.1585308951e-05
5200 	 5325 	 6.7266063941e+01 	 5.1906693919e-05
5300 	 5428 	 6.7266063834e+01 	 3.7677581117e-05
5400 	 5530 	 6.7266063719e+01 	 4.2561262945e-05
5500 	 5631 	 6.7266063601e+01 	 3.1065551033e-05
5600 	 5733 	 6.7266063518e+01 	 6.0608678200e-05
5700 	 5837 	 6.7266063429e+01 	 3.7178727762e-05
5800 	 5940 	 6.7266063348e+01 	 3.4379226082e-05
5900 	 6045 	 6.7266063264e+01 	 5.3478624972e-05
6000 	 6146 	 6.7266063186e+01 	 2.6830457643e-05
6100 	 6248 	 6.7266063117e+01 	 5.8317447918e-05
6200 	 6350 	 6.7266063085e+01 	 2.7680716133e-05
6300 	 6453 	 6.7266063060e+01 	 1.8416166801e-05
6400 	 6555 	 6.7266063035e+01 	 1.6043296974e-05
6500 	 6658 	 6.7266063010e+01 	 2.1956055848e-05
6600 	 6760 	 6.7266062989e+01 	 1.6907473972e-05
6700 	 6864 	 6.7266062974e+01 	 1.2389012139e-05
6800 	 6966 	 6.7266062960e+01 	 1.0742488137e-05
6900 	 7069 	 6.7266062946e+01 	 1.3350987464e-05
7000 	 7173 	 6.7266062934e+01 	 1.4077237075e-05
7100 	 7276 	 6.7266062922e+01 	 1.9954146975e-05
7200 	 7377 	 6.7266062907e+01 	 1.5879153562e-05
7300 	 7481 	 6.7266062894e+01 	 1.4344788451e-05
7400 	 7582 	 6.7266062880e+01 	 1.5622428392e-05
7500 	 7683 	 6.7266062870e+01 	 1.0752277372e-05
7600 	 7787 	 6.7266062862e+01 	 8.4038429381e-06
7700 	 7889 	 6.7266062855e+01 	 7.6748702894e-06
7800 	 7992 	 6.7266062849e+01 	 1.0073689448e-05
7900 	 8094 	 6.7266062844e+01 	 8.8365942142e-06
8000 	 8197 	 6.7266062840e+01 	 7.8276414157e-06
8100 	 8297 	 6.7266062836e+01 	 1.0856249425e-05
8200 	 8399 	 6.7266062832e+01 	 1.3461777049e-05
8300 	 8500 	 6.7266062828e+01 	 1.0119112128e-05
8400 	 8603 	 6.7266062825e+01 	 1.0845217948e-05
8500 	 8707 	 6.7266062822e+01 	 5.0713757649e-06
8600 	 8809 	 6.7266062819e+01 	 7.2088213649e-06
8700 	 8913 	 6.7266062815e+01 	 9.5613471436e-06
8800 	 9017 	 6.7266062809e+01 	 6.4849812219e-06
8900 	 9118 	 6.7266062804e+01 	 1.1983623818e-05
9000 	 9221 	 6.7266062800e+01 	 7.3404813930e-06
9100 	 9323 	 6.7266062796e+01 	 6.0351212784e-06
9200 	 9428 	 6.7266062794e+01 	 4.0554963380e-06
9300 	 9530 	 6.7266062792e+01 	 5.0129577969e-06
9400 	 9632 	 6.7266062791e+01 	 6.7849547557e-06
9500 	 9733 	 6.7266062789e+01 	 9.2649513235e-06
9600 	 9835 	 6.7266062788e+01 	 4.1766218387e-06
9700 	 9936 	 6.7266062787e+01 	 7.5728119121e-06
9800 	 10038 	 6.7266062785e+01 	 4.3270465479e-06
9900 	 10140 	 6.7266062785e+01 	 2.9362409677e-06
10000 	 10244 	 6.7266062784e+01 	 2.1437363279e-06
10100 	 10345 	 6.7266062784e+01 	 4.2207106507e-06
10200 	 10448 	 6.7266062783e+01 	 1.9564240892e-06
10300 	 10550 	 6.7266062783e+01 	 2.2269499718e-06
10400 	 10654 	 6.7266062783e+01 	 1.8193921586e-06
10500 	 10755 	 6.7266062782e+01 	 2.0926564032e-06
10600 	 10857 	 6.7266062782e+01 	 2.0078211098e-06
10700 	 10958 	 6.7266062781e+01 	 5.2985340995e-06
10800 	 11059 	 6.7266062781e+01 	 2.1999674313e-06
10900 	 11162 	 6.7266062781e+01 	 2.7666081756e-06
11000 	 11264 	 6.7266062781e+01 	 2.0934633663e-06
11100 	 11367 	 6.7266062780e+01 	 2.2424906093e-06
11200 	 11469 	 6.7266062780e+01 	 2.0003991807e-06
11300 	 11571 	 6.7266062780e+01 	 9.4397639523e-07
11400 	 11673 	 6.7266062780e+01 	 1.7264087858e-06
11500 	 11778 	 6.7266062780e+01 	 1.0839707266e-06
11600 	 11881 	 6.7266062779e+01 	 1.3102839654e-06
11700 	 11984 	 6.7266062779e+01 	 1.4002767835e-06
11800 	 12088 	 6.7266062779e+01 	 2.0147271675e-06
11900 	 12192 	 6.7266062779e+01 	 7.8124247836e-07
12000 	 12300 	 6.7266062779e+01 	 1.3765152598e-06
12100 	 12412 	 6.7266062779e+01 	 7.8206540983e-07
12200 	 12519 	 6.7266062779e+01 	 6.2588096791e-07
12300 	 12625 	 6.7266062779e+01 	 6.3280905033e-07
12400 	 12737 	 6.7266062779e+01 	 6.5661278126e-07
12500 	 12850 	 6.7266062779e+01 	 4.9118380061e-07
12600 	 12960 	 6.7266062779e+01 	 6.7105465429e-07
12700 	 13069 	 6.7266062779e+01 	 6.7218982313e-07
12800 	 13186 	 6.7266062779e+01 	 4.7925741214e-07
# ---- 
 1 		 12803 	 13201 		 7.2945658087e+01 	 6.7266062779e+01 	 4.7830835398e-07
# ---- 
100 	 105 	 6.7171837764e+01 	 6.0980596855e-02
200 	 207 	 6.7118233699e+01 	 2.1804618689e-02
300 	 307 	 6.7101902754e+01 	 1.6735872330e-02
400 	 410 	 6.7093697074e+01 	 1.0562279918e-02
500 	 512 	 6.7090115156e+01 	 6.5757287210e-03
600 	 614 	 6.7087952568e+01 	 4.3805162820e-03
700 	 714 	 6.7087307719e+01 	 2.6730588864e-03
800 	 815 	 6.7087030647e+01 	 1.9777458521e-03
900 	 915 	 6.7086839145e+01 	 1.9019935783e-03
1000 	 1015 	 6.7086658250e+01 	 1.5762785886e-03
1100 	 1117 	 6.7086525400e+01 	 1.5027073154e-03
1200 	 1219 	 6.7086445350e+01 	 1.9492719227e-03
1300 	 1321 	 6.7086389130e+01 	 8.2622735235e-04
1400 	 1422 	 6.7086357134e+01 	 1.7140101399e-03
1500 	 1526 	 6.7086331134e+01 	 5.3936503903e-04
1600 	 1628 	 6.7086309638e+01 	 6.2527025764e-04
1700 	 1730 	 6.7086289448e+01 	 9.0883401502e-04
1800 	 1834 	 6.7086262295e+01 	 1.5583975129e-03
1900 	 1936 	 6.7086247090e+01 	 4.1899584649e-04
2000 	 2038 	 6.7086231961e+01 	 8.1082263221e-04
2100 	 2140 	 6.7086218312e+01 	 8.3050448533e-04
2200 	 2240 	 6.7086203325e+01 	 4.1741120694e-04
2300 	 2341 	 6.7086192999e+01 	 5.8528085862e-04
2400 	 2442 	 6.7086184379e+01 	 3.6449248702e-04
2500 	 2545 	 6.7086175899e+01 	 3.9958699725e-04
2600 	 2647 	 6.7086169017e+01 	 3.8646830872e-04
2700 	 2748 	 6.7086165048e+01 	 1.7150473912e-04
2800 	 2849 	 6.7086161909e+01 	 2.1320182286e-04
2900 	 2952 	 6.7086159226e+01 	 1.4648692432e-04
3000 	 3056 	 6.7086156832e+01 	 1.9792403581e-04
3100 	 3160 	 6.7086155260e+01 	 2.7744036294e-04
3200 	 3263 	 6.7086154092e+01 	 1.2415283656e-04
3300 	 3367 	 6.7086152939e+01 	 1.2857115887e-04
3400 	 3469 	 6.7086151989e+01 	 1.4283318646e-04
3500 	 3570 	 6.7086151015e+01 	 1.1173429393e-04
3600 	 3674 	 6.7086150411e+01 	 1.4162825513e-04
3700 	 3777 	 6.7086149972e+01 	 5.8966792317e-05
3800 	 3880 	 6.7086149572e+01 	 1.1288330521e-04
3900 	 3981 	 6.7086149240e+01 	 1.7341110302e-04
4000 	 4085 	 6.7086148964e+01 	 7.1733193682e-05
4100 	 4185 	 6.7086148699e+01 	 5.0136198127e-05
4200 	 4288 	 6.7086148381e+01 	 8.5096198723e-05
4300 	 4390 	 6.7086148128e+01 	 4.4747860960e-05
4400 	 4491 	 6.7086147843e+01 	 1.0417333651e-04
4500 	 4593 	 6.7086147629e+01 	 7.7052910364e-05
4600 	 4696 	 6.7086147436e+01 	 1.0476172712e-04
4700 	 4797 	 6.7086147241e+01 	 4.9496729746e-05
4800 	 4898 	 6.7086147050e+01 	 3.6980662289e-05
4900 	 4999 	 6.7086146904e+01 	 4.7128206627e-05
5000 	 5100 	 6.7086146753e+01 	 6.7689615939e-05
5100 	 5200 	 6.7086146598e+01 	 8.0554029054e-05
5200 	 5304 	 6.7086146440e+01 	 4.3182196348e-05
5300 	 5408 	 6.7086146291e+01 	 4.0031394629e-05
5400 	 5513 	 6.7086146150e+01 	 3.1910766877e-05
5500 	 5617 	 6.7086146040e+01 	 2.8063026106e-05
5600 	 5718 	 6.7086145941e+01 	 3.1795554193e-05
5700 	 5821 	 6.7086145836e+01 	 4.6405115618e-05
5800 	 5923 	 6.7086145729e+01 	 4.4687975871e-05
5900 	 6025 	 6.7086145651e+01 	 4.8433412447e-05
6000 	 6126 	 6.7086145578e+01 	 3.0839928140e-05
6100 	 6229 	 6.7086145506e+01 	 4.1902735300e-05
6200 	 6331 	 6.7086145432e+01 	 3.8112349135e-05
6300 	 6433 	 6.7086145359e+01 	 5.8893378221e-05
6400 	 6535 	 6.7086145290e+01 	 2.6762214349e-05
6500 	 6637 	 6.7086145233e+01 	 4.5531207598e-05
6600 	 6738 	 6.7086145184e+01 	 1.9654376892e-05
6700 	 6842 	 6.7086145147e+01 	 2.0682185588e-05
6800 	 6943 	 6.7086145126e+01 	 1.2835712422e-05
6900 	 7045 	 6.7086145107e+01 	 1.1454732559e-05
7000 	 7149 	 6.7086145089e+01 	 1.4925659447e-05
7100 	 7252 	 6.7086145072e+01 	 3.0441363680e-05
7200 	 7355 	 6.7086145052e+01 	 1.2445801926e-05
7300 	 7458 	 6.7086145035e+01 	 1.3747205886e-05
7400 	 7561 	 6.7086145021e+01 	 9.4610628269e-06
7500 	 7664 	 6.7086145012e+01 	 1.2890014438e-05
7600 	 7765 	 6.7086145004e+01 	 1.2886256407e-05
7700 	 7866 	 6.7086144992e+01 	 1.4074208611e-05
7800 	 7970 	 6.7086144981e+01 	 1.5963935633e-05
7900 	 8072 	 6.7086144970e+01 	 9.2224993586e-06
8000 	 8176 	 6.7086144959e+01 	 1.2013609897e-05
8100 	 8279 	 6.7086144949e+01 	 1.5771063535e-05
8200 	 8382 	 6.7086144939e+01 	 1.0897755612e-05
8300 	 8484 	 6.7086144930e+01 	 1.0229686081e-05
8400 	 8586 	 6.7086144921e+01 	 8.8278232877e-06
8500 	 8690 	 6.7086144913e+01 	 1.6418182133e-05
8600 	 8791 	 6.7086144905e+01 	 1.0110183640e-05
8700 	 8895 	 6.7086144898e+01 	 2.2561888129e-05
8800 	 8996 	 6.7086144893e+01 	 1.0547574630e-05
8900 	 9098 	 6.7086144888e+01 	 1.3893544747e-05
9000 	 9201 	 6.7086144884e+01 	 1.3232443097e-05
9100 	 9303 	 6.7086144881e+01 	 5.3304423618e-06
9200 	 9404 	 6.7086144878e+01 	 6.8578670853e-06
9300 	 9506 	 6.7086144876e+01 	 1.1106571671e-05
9400 	 9611 	 6.7086144873e+01 	 8.5086117136e-06
9500 	 9714 	 6.7086144871e+01 	 5.0480428989e-06
9600 	 9817 	 6.7086144869e+01 	 2.7673824248e-06
9700 	 9920 	 6.7086144868e+01 	 7.3391685229e-06
9800 	 10025 	 6.7086144867e+01 	 3.5674068051e-06
9900 	 10128 	 6.7086144865e+01 	 3.3259386836e-06
10000 	 10229 	 6.7086144865e+01 	 2.8787399229e-06
10100 	 10334 	 6.7086144864e+01 	 4.8292537524e-06
10200 	 10437 	 6.7086144863e+01 	 2.5596374949e-06
10300 	 10540 	 6.7086144863e+01 	 2.4969662025e-06
10400 	 10643 	 6.7086144862e+01 	 1.9257392816e-06
10500 	 10746 	 6.7086144862e+01 	 2.0295271144e-06
10600 	 10849 	 6.7086144862e+01 	 2.3392327121e-06
10700 	 10952 	 6.7086144861e+01 	 1.9875403830e-06
10800 	 11055 	 6.7086144861e+01 	 2.4136777819e-06
10900 	 11158 	 6.7086144860e+01 	 1.8922782777e-06
11000 	 11260 	 6.7086144860e+01 	 1.9221056701e-06
11100 	 11363 	 6.7086144859e+01 	 2.5701030625e-06
11200 	 11465 	 6.7086144859e+01 	 1.8364561786e-06
11300 	 11567 	 6.7086144859e+01 	 1.4118633570e-06
11400 	 11673 	 6.7086144859e+01 	 2.3410980952e-06
11500 	 11776 	 6.7086144859e+01 	 1.7270540991e-06
11600 	 11877 	 6.7086144858e+01 	 1.0256391150e-06
11700 	 11980 	 6.7086144858e+01 	 4.2846214394e-06
11800 	 12082 	 6.7086144858e+01 	 2.0759529259e-06
11900 	 12184 	 6.7086144858e+01 	 1.7165552438e-06
12000 	 12286 	 6.7086144858e+01 	 1.7229523393e-06
12100 	 12388 	 6.7086144857e+01 	 1.0713937387e-06
12200 	 12491 	 6.7086144857e+01 	 7.7838071894e-07
12300 	 12593 	 6.7086144857e+01 	 1.0822336673e-06
12400 	 12696 	 6.7086144857e+01 	 1.3286885269e-06
12500 	 12803 	 6.7086144857e+01 	 7.2843065151e-07
12600 	 12906 	 6.7086144857e+01 	 6.6733841236e-07
12700 	 13011 	 6.7086144857e+01 	 9.8085173488e-07
12800 	 13123 	 6.7086144857e+01 	 8.8436801095e-07
12900 	 13232 	 6.7086144857e+01 	 5.2609609324e-07
13000 	 13347 	 6.7086144857e+01 	 6.2057203699e-07
13100 	 13466 	 6.7086144857e+01 	 6.2392873680e-07
13200 	 13588 	 6.7086144857e+01 	 2.7432721554e-07
13300 	 13697 	 6.7086144857e+01 	 5.6872697641e-07
13400 	 13818 	 6.7086144857e+01 	 5.8605888337e-07
13500 	 13927 	 6.7086144857e+01 	 4.8602751132e-07
13600 	 14047 	 6.7086144857e+01 	 1.0460790880e-06
13700 	 14161 	 6.7086144857e+01 	 5.9075538351e-07
13800 	 14276 	 6.7086144857e+01 	 4.3443540105e-07
13900 	 14390 	 6.7086144857e+01 	 2.7014735514e-07
# ---- 
 1 		 13943 	 14454 		 7.2797370039e+01 	 6.7086144857e+01 	 3.7449768406e-07
# ---- 
100 	 105 	 6.7011329814e+01 	 8.2674068455e-02
200 	 205 	 6.6961082145e+01 	 1.6715951200e-02
300 	 306 	 6.6946057854e+01 	 1.5326051624e-02
400 	 410 	 6.6937987623e+01 	 7.7120115630e-03
500 	 513 	 6.6934414713e+01 	 9.9340637360e-03
600 	 616 	 6.6932400033e+01 	 3.2391070222e-03
700 	 716 	 6.6931763557e+01 	 2.2434493906e-03
800 	 819 	 6.6931455593e+01 	 3.9712340570e-03
900 	 922 	 6.6931252050e+01 	 1.7046952035e-03
1000 	 1023 	 6.6931050502e+01 	 2.4413393540e-03
1100 	 1124 	 6.6930921930e+01 	 1.4837649904e-03
1200 	 1228 	 6.6930830336e+01 	 1.8369745626e-03
1300 	 1330 	 6.6930756020e+01 	 6.4842151539e-04
1400 	 1432 	 6.6930711958e+01 	 5.6340989613e-04
1500 	 1534 	 6.6930679639e+01 	 7.2321730879e-04
1600 	 1637 	 6.6930657682e+01 	 8.5200428077e-04
1700 	 1739 	 6.6930640209e+01 	 5.5365798239e-04
1800 	 1841 	 6.6930622733e+01 	 1.0876696581e-03
1900 	 1944 	 6.6930607423e+01 	 7.5612959593e-04
2000 	 2049 	 6.6930593810e+01 	 6.7944930390e-04
2100 	 2151 	 6.6930581110e+01 	 6.6934913330e-04
2200 	 2254 	 6.6930570462e+01 	 3.9516218662e-04
2300 	 2356 	 6.6930561546e+01 	 3.2698001594e-04
2400 	 2456 	 6.6930552193e+01 	 7.6282937290e-04
2500 	 2557 	 6.6930544896e+01 	 4.6682650889e-04
2600 	 2657 	 6.6930538122e+01 	 2.8041462448e-04
2700 	 2760 	 6.6930533722e+01 	 4.2300720841e-04
2800 	 2862 	 6.6930530092e+01 	 1.8318768539e-04
2900 	 2966 	 6.6930527661e+01 	 2.0038656336e-04
3000 	 3068 	 6.6930525430e+01 	 2.8028235264e-04
3100 	 3170 	 6.6930523962e+01 	 2.2437738339e-04
3200 	 3272 	 6.6930522399e+01 	 1.4233425631e-04
3300 	 3375 	 6.6930521196e+01 	 1.0588627528e-04
3400 	 3477 	 6.6930520246e+01 	 1.4614257202e-04
3500 	 3580 	 6.6930519447e+01 	 6.4617843146e-05
3600 	 3682 	 6.6930518909e+01 	 7.0804219259e-05
3700 	 3784 	 6.6930518436e+01 	 7.2914949385e-05
3800 	 3885 	 6.6930518026e+01 	 7.6607801113e-05
3900 	 3986 	 6.6930517664e+01 	 5.1029800603e-05
4000 	 4087 	 6.6930517321e+01 	 1.2460396279e-04
4100 	 4189 	 6.6930516962e+01 	 6.9619068333e-05
4200 	 4291 	 6.6930516669e+01 	 8.8599391243e-05
4300 	 4394 	 6.6930516394e+01 	 5.9251775909e-05
4400 	 4497 	 6.6930516173e+01 	 5.9338675737e-05
4500 	 4599 	 6.6930515916e+01 	 9.2501801950e-05
4600 	 4701 	 6.6930515677e+01 	 8.9635518029e-05
4700 	 4802 	 6.6930515482e+01 	 6.0155173678e-05
4800 	 4903 	 6.6930515275e+01 	 1.5510074929e-04
4900 	 5004 	 6.6930514988e+01 	 4.4516801098e-05
5000 	 5108 	 6.6930514723e+01 	 4.5535850484e-05
5100 	 5209 	 6.6930514502e+01 	 4.1669488540e-05
5200 	 5311 	 6.6930514319e+01 	 6.2976069591e-05
5300 	 5414 	 6.6930514166e+01 	 8.1184498567e-05
5400 	 5516 	 6.6930513983e+01 	 4.5972436548e-05
5500 	 5617 	 6.6930513773e+01 	 7.4146449307e-05
5600 	 5720 	 6.6930513568e+01 	 3.6982733642e-05
5700 	 5821 	 6.6930513418e+01 	 5.0761459775e-05
5800 	 5923 	 6.6930513273e+01 	 3.2657896612e-05
5900 	 6027 	 6.6930513133e+01 	 4.7786557897e-05
6000 	 6129 	 6.6930513013e+01 	 5.1674830373e-05
6100 	 6230 	 6.6930512916e+01 	 2.8875207159e-05
6200 	 6335 	 6.6930512839e+01 	 3.0177069421e-05
6300 	 6438 	 6.6930512772e+01 	 2.4112599734e-05
6400 	 6541 	 6.6930512712e+01 	 2.2547644503e-05
6500 	 6644 	 6.6930512638e+01 	 3.4873227094e-05
6600 	 6745 	 6.6930512560e+01 	 2.2629213739e-05
6700 	 6846 	 6.6930512494e+01 	 2.8428031813e-05
6800 	 6949 	 6.6930512440e+01 	 1.7209819654e-05
6900 	 7052 	 6.6930512398e+01 	 3.1426858769e-05
7000 	 7153 	 6.6930512359e+01 	 1.8346845810e-05
7100 	 7254 	 6.6930512326e+01 	 1.8980834205e-05
7200 	 7355 	 6.6930512292e+01 	 1.4198356729e-05
7300 	 7456 	 6.6930512265e+01 	 3.4323993388e-05
7400 	 7558 	 6.6930512244e+01 	 2.6087823976e-05
7500 	 7660 	 6.6930512227e+01 	 9.8970641331e-06
7600 	 7763 	 6.6930512216e+01 	 1.2189355697e-05
7700 	 7866 	 6.6930512207e+01 	 1.1299270317e-05
7800 	 7968 	 6.6930512199e+01 	 9.1271685761e-06
7900 	 8070 	 6.6930512191e+01 	 9.8265621458e-06
8000 	 8172 	 6.6930512185e+01 	 8.3735023149e-06
8100 	 8275 	 6.6930512179e+01 	 1.0843976872e-05
8200 	 8376 	 6.6930512169e+01 	 1.2352438425e-05
8300 	 8481 	 6.6930512158e+01 	 1.2905159937e-05
8400 	 8582 	 6.6930512147e+01 	 1.9637213402e-05
8500 	 8686 	 6.6930512140e+01 	 1.9976155002e-05
8600 	 8787 	 6.6930512134e+01 	 9.5858618996e-06
8700 	 8891 	 6.6930512125e+01 	 1.2147642474e-05
8800 	 8993 	 6.6930512117e+01 	 1.2024720729e-05
8900 	 9097 	 6.6930512110e+01 	 1.6617974189e-05
9000 	 9199 	 6.6930512102e+01 	 9.6958331344e-06
9100 	 9302 	 6.6930512097e+01 	 7.4557802290e-06
9200 	 9403 	 6.6930512093e+01 	 7.3481014938e-06
9300 	 9507 	 6.6930512090e+01 	 1.3296028108e-05
9400 	 9609 	 6.6930512087e+01 	 5.5886762181e-06
9500 	 9709 	 6.6930512085e+01 	 4.9455365775e-06
9600 	 9813 	 6.6930512082e+01 	 1.1446621842e-05
9700 	 9915 	 6.6930512079e+01 	 4.6877821822e-06
9800 	 10017 	 6.6930512077e+01 	 8.8689114146e-06
9900 	 10120 	 6.6930512076e+01 	 4.9293076420e-06
10000 	 10222 	 6.6930512074e+01 	 6.9951615410e-06
10100 	 10325 	 6.6930512073e+01 	 3.1664389552e-06
10200 	 10428 	 6.6930512071e+01 	 3.7744976497e-06
10300 	 10529 	 6.6930512070e+01 	 4.0653557750e-06
10400 	 10632 	 6.6930512069e+01 	 3.8424499328e-06
10500 	 10737 	 6.6930512068e+01 	 2.3206565520e-06
10600 	 10842 	 6.6930512067e+01 	 2.7982440239e-06
10700 	 10943 	 6.6930512067e+01 	 2.5230199152e-06
10800 	 11045 	 6.6930512066e+01 	 2.3051726736e-06
10900 	 11145 	 6.6930512065e+01 	 4.1414845728e-06
11000 	 11245 	 6.6930512065e+01 	 2.4302297194e-06
11100 	 11348 	 6.6930512064e+01 	 1.8927261071e-06
11200 	 11451 	 6.6930512064e+01 	 2.6236003453e-06
11300 	 11552 	 6.6930512063e+01 	 1.9838031663e-06
11400 	 11654 	 6.6930512063e+01 	 1.3313038982e-06
11500 	 11757 	 6.6930512063e+01 	 2.9338874932e-06
11600 	 11860 	 6.6930512062e+01 	 1.2333548879e-06
11700 	 11964 	 6.6930512062e+01 	 2.5608203464e-06
11800 	 12067 	 6.6930512062e+01 	 4.8462471402e-06
11900 	 12170 	 6.6930512062e+01 	 1.7664199680e-06
12000 	 12272 	 6.6930512062e+01 	 2.8540267370e-06
12100 	 12378 	 6.6930512061e+01 	 3.3925137051e-06
12200 	 12481 	 6.6930512061e+01 	 2.0750674685e-06
12300 	 12585 	 6.6930512061e+01 	 1.0407146680e-06
12400 	 12686 	 6.6930512061e+01 	 1.0184257270e-06
12500 	 12788 	 6.6930512061e+01 	 1.5895810949e-06
12600 	 12890 	 6.6930512060e+01 	 2.8378471774e-06
12700 	 12993 	 6.6930512060e+01 	 1.3756979148e-06
12800 	 13097 	 6.6930512060e+01 	 1.1342618347e-06
12900 	 13206 	 6.6930512060e+01 	 1.2312293361e-06
13000 	 13315 	 6.6930512060e+01 	 8.8557233359e-07
13100 	 13429 	 6.6930512060e+01 	 5.4085911828e-07
13200 	 13536 	 6.6930512060e+01 	 6.3242839629e-07
13300 	 13647 	 6.6930512060e+01 	 1.0904873859e-06
13400 	 13752 	 6.6930512060e+01 	 1.7315927587e-06
13500 	 13863 	 6.6930512060e+01 	 8.5970768011e-07
13600 	 13968 	 6.6930512060e+01 	 1.1078298027e-06
13700 	 14073 	 6.6930512060e+01 	 6.5355721924e-07
13800 	 14179 	 6.6930512060e+01 	 9.9198933245e-07
13900 	 14283 	 6.6930512060e+01 	 2.0007066004e-06
14000 	 14384 	 6.6930512060e+01 	 1.1447226836e-06
14100 	 14490 	 6.6930512059e+01 	 1.0762577113e-06
14200 	 14593 	 6.6930512059e+01 	 6.2155093246e-07
14300 	 14699 	 6.6930512059e+01 	 8.7723258540e-07
14400 	 14807 	 6.6930512059e+01 	 1.5249620936e-06
14500 	 14912 	 6.6930512059e+01 	 1.2549524351e-06
14600 	 15023 	 6.6930512059e+01 	 9.6706298496e-07
14700 	 15131 	 6.6930512059e+01 	 3.5162715956e-07
14800 	 15241 	 6.6930512059e+01 	 4.7359873212e-07
14900 	 15363 	 6.6930512059e+01 	 8.4658764829e-07
15000 	 15478 	 6.6930512059e+01 	 3.5352141014e-07
# ---- 
 1 		 15004 	 15498 		 7.2641820900e+01 	 6.6930512059e+01 	 4.5544521236e-07
# ---- 
100 	 103 	 6.6870951452e+01 	 4.5964077760e-02
200 	 204 	 6.6822416301e+01 	 2.8134937167e-02
300 	 308 	 6.6808539085e+01 	 1.9555625128e-02
400 	 411 	 6.6800927856e+01 	 1.6840511688e-02
500 	 515 	 6.6797737923e+01 	 6.4929407605e-03
600 	 618 	 6.6796044625e+01 	 4.7206996356e-03
700 	 722 	 6.6795462639e+01 	 3.5947953480e-03
800 	 824 	 6.6795118960e+01 	 2.1169520192e-03
900 	 925 	 6.6794871340e+01 	 1.8813987115e-03
1000 	 1029 	 6.6794670954e+01 	 1.2314379055e-03
1100 	 1132 	 6.6794540801e+01 	 1.6621438951e-03
1200 	 1237 	 6.6794439590e+01 	 1.1150510152e-03
1300 	 1342 	 6.6794343722e+01 	 1.8424296336e-03
1400 	 1445 	 6.6794289772e+01 	 7.3751826081e-04
1500 	 1547 	 6.6794258029e+01 	 4.7027089467e-04
1600 	 1651 	 6.6794236818e+01 	 4.9580421961e-04
1700 	 1755 	 6.6794222653e+01 	 4.2723708393e-04
1800 	 1858 	 6.6794207806e+01 	 4.6760793782e-04
1900 	 1962 	 6.6794194612e+01 	 3.1720404838e-04
2000 	 2064 	 6.6794181764e+01 	 3.9791323905e-04
2100 	 2166 	 6.6794172074e+01 	 3.2809902888e-04
2200 	 2269 	 6.6794163324e+01 	 3.6194340263e-04
2300 	 2373 	 6.6794154686e+01 	 4.2030064616e-04
2400 	 2476 	 6.6794146020e+01 	 8.1163575665e-04
2500 	 2579 	 6.6794137673e+01 	 2.8180990588e-04
2600 	 2681 	 6.6794130915e+01 	 2.4629944522e-04
2700 	 2783 	 6.6794126432e+01 	 1.5321784283e-04
2800 	 2884 	 6.6794123438e+01 	 1.9181554272e-04
2900 	 2984 	 6.6794121217e+01 	 1.9021345008e-04
3000 	 3088 	 6.6794118928e+01 	 2.9646631080e-04
3100 	 3192 	 6.6794116899e+01 	 2.1022593434e-04
3200 	 3294 	 6.6794115388e+01 	 1.4394839503e-04
3300 	 3399 	 6.6794114368e+01 	 1.1928361538e-04
3400 	 3502 	 6.6794113459e+01 	 1.0403476025e-04
3500 	 3603 	 6.6794112608e+01 	 1.0716026781e-04
3600 	 3708 	 6.6794111930e+01 	 6.7804812534e-05
3700 	 3809 	 6.6794111551e+01 	 1.3150091746e-04
3800 	 3911 	 6.6794111028e+01 	 8.3891579755e-05
3900 	 4014 	 6.6794110474e+01 	 7.4708226544e-05
4000 	 4117 	 6.6794109783e+01 	 1.2389439965e-04
4100 	 4221 	 6.6794109137e+01 	 7.0810497868e-05
4200 	 4324 	 6.6794108702e+01 	 8.5905727186e-05
4300 	 4425 	 6.6794108340e+01 	 6.0198621647e-05
4400 	 4526 	 6.6794107945e+01 	 6.0138244427e-05
4500 	 4630 	 6.6794107599e+01 	 6.8617050132e-05
4600 	 4733 	 6.6794107225e+01 	 8.7731007804e-05
4700 	 4836 	 6.6794106835e+01 	 1.2722906929e-04
4800 	 4938 	 6.6794106496e+01 	 5.0858093487e-05
4900 	 5040 	 6.6794106128e+01 	 4.8056679600e-05
5000 	 5141 	 6.6794105767e+01 	 6.0597052506e-05
5100 	 5244 	 6.6794105517e+01 	 7.2802251645e-05
5200 	 5347 	 6.6794105309e+01 	 5.1289330825e-05
5300 	 5450 	 6.6794105113e+01 	 4.2045061933e-05
5400 	 5553 	 6.6794104975e+01 	 3.7931397704e-05
5500 	 5655 	 6.6794104841e+01 	 6.4599673489e-05
5600 	 5756 	 6.6794104682e+01 	 6.5455903038e-05
5700 	 5859 	 6.6794104497e+01 	 4.2785481469e-05
5800 	 5961 	 6.6794104269e+01 	 5.1855804087e-05
5900 	 6062 	 6.6794104059e+01 	 5.0968810165e-05
6000 	 6167 	 6.6794103874e+01 	 8.1615287720e-05
6100 	 6268 	 6.6794103697e+01 	 5.2327151072e-05
6200 	 6370 	 6.6794103536e+01 	 3.9678573265e-05
6300 	 6471 	 6.6794103390e+01 	 3.8515366174e-05
6400 	 6575 	 6.6794103240e+01 	 5.4950360264e-05
6500 	 6677 	 6.6794103096e+01 	 5.2286446106e-05
6600 	 6779 	 6.6794102948e+01 	 4.7944181199e-05
6700 	 6881 	 6.6794102831e+01 	 3.1288038771e-05
6800 	 6983 	 6.6794102730e+01 	 3.6032941603e-05
6900 	 7087 	 6.6794102659e+01 	 2.7775131058e-05
7000 	 7191 	 6.6794102611e+01 	 3.0561423938e-05
7100 	 7292 	 6.6794102571e+01 	 2.5963000216e-05
7200 	 7394 	 6.6794102536e+01 	 2.1319922125e-05
7300 	 7499 	 6.6794102504e+01 	 1.2916822234e-05
7400 	 7601 	 6.6794102478e+01 	 1.5838848879e-05
7500 	 7703 	 6.6794102453e+01 	 3.1616162671e-05
7600 	 7806 	 6.6794102428e+01 	 2.4903488672e-05
7700 	 7907 	 6.6794102402e+01 	 1.5457150523e-05
7800 	 8007 	 6.6794102374e+01 	 2.2428385550e-05
7900 	 8110 	 6.6794102354e+01 	 1.9480056609e-05
8000 	 8212 	 6.6794102336e+01 	 2.1509416730e-05
8100 	 8314 	 6.6794102314e+01 	 2.7092148541e-05
8200 	 8415 	 6.6794102294e+01 	 1.3119974416e-05
8300 	 8516 	 6.6794102270e+01 	 1.6629012699e-05
8400 	 8617 	 6.6794102248e+01 	 2.5722678920e-05
8500 	 8719 	 6.6794102226e+01 	 2.0153214876e-05
8600 	 8823 	 6.6794102197e+01 	 1.5366239875e-05
8700 	 8924 	 6.6794102171e+01 	 1.8516105423e-05
8800 	 9026 	 6.6794102149e+01 	 1.2865841465e-05
8900 	 9131 	 6.6794102130e+01 	 1.6079436720e-05
9000 	 9235 	 6.6794102116e+01 	 1.3462469061e-05
9100 	 9337 	 6.6794102106e+01 	 9.5629368368e-06
9200 	 9439 	 6.6794102097e+01 	 2.4676271146e-05
9300 	 9542 	 6.6794102087e+01 	 1.1141563417e-05
9400 	 9645 	 6.6794102077e+01 	 1.3798447285e-05
9500 	 9748 	 6.6794102066e+01 	 1.2596400995e-05
9600 	 9849 	 6.6794102056e+01 	 1.0806831828e-05
9700 	 9951 	 6.6794102048e+01 	 1.1690859352e-05
9800 	 10052 	 6.6794102042e+01 	 3.0395476971e-05
9900 	 10155 	 6.6794102034e+01 	 1.0473933949e-05
10000 	 10257 	 6.6794102029e+01 	 1.3986100423e-05
10100 	 10361 	 6.6794102025e+01 	 1.0865287116e-05
10200 	 10465 	 6.6794102022e+01 	 5.9095338647e-06
10300 	 10568 	 6.6794102019e+01 	 4.1519435627e-06
10400 	 10672 	 6.6794102017e+01 	 5.1999182875e-06
10500 	 10773 	 6.6794102015e+01 	 7.5679602503e-06
10600 	 10876 	 6.6794102013e+01 	 4.2487371064e-06
10700 	 10978 	 6.6794102011e+01 	 7.8156568548e-06
10800 	 11082 	 6.6794102010e+01 	 4.4040033908e-06
10900 	 11184 	 6.6794102008e+01 	 3.1327051841e-06
11000 	 11286 	 6.6794102007e+01 	 4.3295920686e-06
11100 	 11388 	 6.6794102006e+01 	 3.4452399500e-06
11200 	 11492 	 6.6794102005e+01 	 3.0406335361e-06
11300 	 11595 	 6.6794102004e+01 	 2.0275733384e-06
11400 	 11695 	 6.6794102004e+01 	 2.2332110125e-06
11500 	 11796 	 6.6794102003e+01 	 2.4186859627e-06
11600 	 11899 	 6.6794102003e+01 	 2.2851659024e-06
11700 	 12004 	 6.6794102002e+01 	 5.6293327848e-06
11800 	 12105 	 6.6794102002e+01 	 2.6254247888e-06
11900 	 12207 	 6.6794102001e+01 	 2.6612750717e-06
12000 	 12307 	 6.6794102001e+01 	 2.7228407141e-06
12100 	 12411 	 6.6794102000e+01 	 2.3036925171e-06
12200 	 12512 	 6.6794101999e+01 	 2.0045387044e-06
12300 	 12613 	 6.6794101998e+01 	 3.5589397075e-06
12400 	 12713 	 6.6794101998e+01 	 2.7590444317e-06
12500 	 12813 	 6.6794101997e+01 	 2.6836381636e-06
12600 	 12916 	 6.6794101997e+01 	 2.0481981420e-06
12700 	 13019 	 6.6794101997e+01 	 3.5896690212e-06
12800 	 13121 	 6.6794101996e+01 	 1.6262644134e-06
12900 	 13225 	 6.6794101996e+01 	 2.3281988613e-06
13000 	 13328 	 6.6794101996e+01 	 3.4223865586e-06
13100 	 13430 	 6.6794101996e+01 	 1.3272352267e-06
13200 	 13533 	 6.6794101995e+01 	 1.2299014435e-06
13300 	 13636 	 6.6794101995e+01 	 1.7022434687e-06
13400 	 13740 	 6.6794101995e+01 	 1.6224344883e-06
13500 	 13841 	 6.6794101995e+01 	 2.7700615896e-06
13600 	 13943 	 6.6794101995e+01 	 1.3085356737e-06
13700 	 14046 	 6.6794101995e+01 	 1.1510386053e-06
13800 	 14149 	 6.6794101994e+01 	 9.9883324487e-07
13900 	 14251 	 6.6794101994e+01 	 1.0886651930e-06
14000 	 14355 	 6.6794101994e+01 	 8.0844377480e-07
14100 	 14458 	 6.6794101994e+01 	 2.4392385305e-06
14200 	 14569 	 6.6794101994e+01 	 5.5431695101e-07
14300 	 14676 	 6.6794101994e+01 	 4.2234411791e-07
14400 	 14785 	 6.6794101994e+01 	 6.2954933166e-07
14500 	 14915 	 6.6794101994e+01 	 5.8087151223e-07
14600 	 15031 	 6.6794101994e+01 	 3.0165110476e-07
14700 	 15144 	 6.6794101994e+01 	 5.8337574974e-07
14800 	 15264 	 6.6794101994e+01 	 4.7974390610e-07
14900 	 15381 	 6.6794101994e+01 	 2.5746957750e-07
15000 	 15498 	 6.6794101994e+01 	 1.4425494757e-07
# ---- 
 1 		 15028 	 15562 		 7.2530197865e+01 	 6.6794101994e+01 	 4.5883445882e-07
# ---- 
100 	 105 	 6.6747601333e+01 	 4.0455068501e-02
200 	 206 	 6.6700883033e+01 	 1.9323070959e-02
300 	 307 	 6.6687630975e+01 	 1.4850322984e-02
400 	 410 	 6.6679849539e+01 	 8.1618743357e-03
500 	 512 	 6.6676869717e+01 	 1.2448479812e-02
600 	 613 	 6.6675359414e+01 	 8.9955711287e-03
700 	 715 	 6.6674703689e+01 	 3.7950821248e-03
800 	 819 	 6.6674281016e+01 	 2.5725817533e-03
900 	 921 	 6.6673979183e+01 	 2.0505181572e-03
1000 	 1024 	 6.6673779094e+01 	 1.5028492236e-03
1100 	 1127 	 6.6673654255e+01 	 1.2902940334e-03
1200 	 1228 	 6.6673526364e+01 	 1.3194079923e-03
1300 	 1329 	 6.6673409458e+01 	 1.3057348117e-03
1400 	 1432 	 6.6673344370e+01 	 6.4512370304e-04
1500 	 1534 	 6.6673308222e+01 	 8.1942282866e-04
1600 	 1636 	 6.6673284641e+01 	 6.0220230115e-04
1700 	 1739 	 6.6673271526e+01 	 3.4719682350e-04
1800 	 1841 	 6.6673258964e+01 	 5.1444628687e-04
1900 	 1945 	 6.6673245983e+01 	 5.1821811197e-04
2000 	 2048 	 6.6673235056e+01 	 3.5570453792e-04
2100 	 2152 	 6.6673225244e+01 	 2.5476006002e-04
2200 	 2256 	 6.6673217296e+01 	 3.1651419333e-04
2300 	 2359 	 6.6673208188e+01 	 6.2219454414e-04
2400 	 2461 	 6.6673199578e+01 	 3.1889543662e-04
2500 	 2566 	 6.6673191455e+01 	 6.0077353436e-04
2600 	 2670 	 6.6673184736e+01 	 3.3400413038e-04
2700 	 2772 	 6.6673179967e+01 	 2.0420679996e-04
2800 	 2873 	 6.6673176495e+01 	 3.1862207848e-04
2900 	 2976 	 6.6673173940e+01 	 1.7864500939e-04
3000 	 3076 	 6.6673171506e+01 	 2.1092282835e-04
3100 	 3178 	 6.6673169169e+01 	 1.6288701619e-04
3200 	 3279 	 6.6673167087e+01 	 1.4933089948e-04
3300 	 3381 	 6.6673165314e+01 	 2.5522289747e-04
3400 	 3483 	 6.6673163820e+01 	 1.1348880548e-04
3500 	 3583 	 6.6673162762e+01 	 1.0475490389e-04
3600 	 3687 	 6.6673161887e+01 	 1.2735240489e-04
3700 	 3788 	 6.6673161198e+01 	 8.4991427620e-05
3800 	 3890 	 6.6673160584e+01 	 9.5685319915e-05
3900 	 3993 	 6.6673160150e+01 	 1.0081035872e-04
4000 	 4096 	 6.6673159749e+01 	 8.7619387413e-05
4100 	 4198 	 6.6673159236e+01 	 1.2563934890e-04
4200 	 4299 	 6.6673158665e+01 	 1.9290107890e-04
4300 	 4400 	 6.6673158035e+01 	 9.6215924258e-05
4400 	 4500 	 6.6673157489e+01 	 6.3697044239e-05
4500 	 4602 	 6.6673156875e+01 	 3.1283337099e-04
4600 	 4706 	 6.6673156337e+01 	 7.4253304218e-05
4700 	 4808 	 6.6673155852e+01 	 7.5089256070e-05
4800 	 4910 	 6.6673155409e+01 	 1.0698268675e-04
4900 	 5013 	 6.6673154976e+01 	 6.3725359905e-05
5000 	 5118 	 6.6673154604e+01 	 7.0133493288e-05
5100 	 5219 	 6.6673154325e+01 	 6.4864213917e-05
5200 	 5322 	 6.6673154106e+01 	 8.0339316080e-05
5300 	 5426 	 6.6673153927e+01 	 6.2924205187e-05
5400 	 5530 	 6.6673153759e+01 	 3.2888991235e-05
5500 	 5632 	 6.6673153621e+01 	 4.4956688695e-05
5600 	 5734 	 6.6673153469e+01 	 8.4198707397e-05
5700 	 5837 	 6.6673153261e+01 	 1.5728770711e-04
5800 	 5939 	 6.6673153010e+01 	 8.2862012270e-05
5900 	 6041 	 6.6673152746e+01 	 5.9372231159e-05
6000 	 6142 	 6.6673152461e+01 	 5.8598041029e-05
6100 	 6245 	 6.6673152154e+01 	 7.6407788750e-05
6200 	 6346 	 6.6673151881e+01 	 8.8781610044e-05
6300 	 6448 	 6.6673151722e+01 	 5.9245196859e-05
6400 	 6552 	 6.6673151582e+01 	 7.2453129684e-05
6500 	 6654 	 6.6673151437e+01 	 5.4205267825e-05
6600 	 6756 	 6.6673151290e+01 	 3.7710024291e-05
6700 	 6857 	 6.6673151155e+01 	 4.4330782157e-05
6800 	 6960 	 6.6673151037e+01 	 9.8493318775e-05
6900 	 7062 	 6.6673150929e+01 	 4.4919463424e-05
7000 	 7168 	 6.6673150756e+01 	 4.6915973500e-05
7100 	 7271 	 6.6673150617e+01 	 2.7734582447e-05
7200 	 7375 	 6.6673150534e+01 	 1.0056114983e-04
7300 	 7479 	 6.6673150461e+01 	 3.9061210836e-05
7400 	 7581 	 6.6673150372e+01 	 2.7609521912e-05
7500 	 7683 	 6.6673150286e+01 	 3.6471710570e-05
7600 	 7786 	 6.6673150204e+01 	 2.8511855045e-05
7700 	 7890 	 6.6673150146e+01 	 2.4481364219e-05
7800 	 7991 	 6.6673150097e+01 	 3.1202979072e-05
7900 	 8095 	 6.6673150052e+01 	 5.1380402929e-05
8000 	 8199 	 6.6673150011e+01 	 2.3294191888e-05
8100 	 8301 	 6.6673149965e+01 	 3.1593614372e-05
8200 	 8406 	 6.6673149915e+01 	 3.2691469174e-05
8300 	 8507 	 6.6673149860e+01 	 2.2765841133e-05
8400 	 8609 	 6.6673149808e+01 	 2.0157040237e-05
8500 	 8713 	 6.6673149763e+01 	 1.8319158964e-05
8600 	 8815 	 6.6673149727e+01 	 2.1072164981e-05
8700 	 8916 	 6.6673149702e+01 	 2.9482801485e-05
8800 	 9017 	 6.6673149677e+01 	 2.3198445611e-05
8900 	 9119 	 6.6673149657e+01 	 1.3217030787e-05
9000 	 9220 	 6.6673149641e+01 	 2.4267255671e-05
9100 	 9323 	 6.6673149627e+01 	 1.5702162579e-05
9200 	 9425 	 6.6673149609e+01 	 2.1678259165e-05
9300 	 9528 	 6.6673149591e+01 	 1.7292003078e-05
9400 	 9630 	 6.6673149574e+01 	 1.5230910598e-05
9500 	 9733 	 6.6673149557e+01 	 1.6856642140e-05
9600 	 9834 	 6.6673149538e+01 	 1.0336890848e-05
9700 	 9937 	 6.6673149528e+01 	 1.3932497674e-05
9800 	 10040 	 6.6673149518e+01 	 1.0831731783e-05
9900 	 10142 	 6.6673149507e+01 	 2.1477052920e-05
10000 	 10244 	 6.6673149495e+01 	 2.0226858748e-05
10100 	 10346 	 6.6673149485e+01 	 1.3029677243e-05
10200 	 10447 	 6.6673149476e+01 	 7.9444173521e-06
10300 	 10548 	 6.6673149466e+01 	 9.2936573642e-06
10400 	 10649 	 6.6673149461e+01 	 6.7020631747e-06
10500 	 10752 	 6.6673149458e+01 	 5.6713718400e-06
10600 	 10854 	 6.6673149456e+01 	 4.1847820705e-06
10700 	 10960 	 6.6673149454e+01 	 3.5118574269e-06
10800 	 11061 	 6.6673149453e+01 	 3.5836633633e-06
10900 	 11163 	 6.6673149452e+01 	 4.0572816989e-06
11000 	 11264 	 6.6673149450e+01 	 3.8148510653e-06
11100 	 11367 	 6.6673149449e+01 	 4.7296523311e-06
11200 	 11470 	 6.6673149447e+01 	 5.6869800225e-06
11300 	 11572 	 6.6673149445e+01 	 6.8907362041e-06
11400 	 11675 	 6.6673149444e+01 	 4.5609506331e-06
11500 	 11777 	 6.6673149442e+01 	 3.0384481826e-06
11600 	 11879 	 6.6673149442e+01 	 3.3604272287e-06
11700 	 11982 	 6.6673149441e+01 	 3.6165647931e-06
11800 	 12083 	 6.6673149440e+01 	 5.9391641594e-06
11900 	 12185 	 6.6673149440e+01 	 2.2295927616e-06
12000 	 12286 	 6.6673149439e+01 	 2.3686195773e-06
12100 	 12388 	 6.6673149438e+01 	 2.9762567894e-06
12200 	 12490 	 6.6673149437e+01 	 3.9869196737e-06
12300 	 12593 	 6.6673149437e+01 	 2.9236384544e-06
12400 	 12697 	 6.6673149436e+01 	 1.7876464826e-06
12500 	 12801 	 6.6673149436e+01 	 4.4845440147e-06
12600 	 12902 	 6.6673149435e+01 	 2.9040316548e-06
12700 	 13005 	 6.6673149434e+01 	 3.4130676457e-06
12800 	 13110 	 6.6673149434e+01 	 3.6613626487e-06
12900 	 13214 	 6.6673149433e+01 	 4.3605305985e-06
13000 	 13316 	 6.6673149432e+01 	 3.5948151373e-06
13100 	 13418 	 6.6673149432e+01 	 1.8379635137e-06
13200 	 13522 	 6.6673149432e+01 	 2.6783174141e-06
13300 	 13624 	 6.6673149431e+01 	 5.3501823937e-06
13400 	 13726 	 6.6673149431e+01 	 5.5680897917e-06
13500 	 13827 	 6.6673149430e+01 	 2.2618797768e-06
13600 	 13929 	 6.6673149430e+01 	 2.1104430971e-06
13700 	 14034 	 6.6673149429e+01 	 1.6421280529e-06
13800 	 14138 	 6.6673149429e+01 	 1.1041678841e-06
13900 	 14241 	 6.6673149429e+01 	 1.9242694744e-06
14000 	 14345 	 6.6673149429e+01 	 1.7924622530e-06
14100 	 14452 	 6.6673149429e+01 	 1.1684917557e-06
14200 	 14556 	 6.6673149428e+01 	 1.1050747557e-06
14300 	 14659 	 6.6673149428e+01 	 2.1578541281e-06
14400 	 14763 	 6.6673149428e+01 	 1.7017656214e-06
14500 	 14867 	 6.6673149428e+01 	 1.8522560421e-06
14600 	 14971 	 6.6673149428e+01 	 1.0408910116e-06
14700 	 15075 	 6.6673149428e+01 	 1.1327484196e-06
14800 	 15186 	 6.6673149428e+01 	 5.7837448693e-07
14900 	 15294 	 6.6673149428e+01 	 1.4512515799e-06
15000 	 15401 	 6.6673149428e+01 	 1.0497249250e-06
15100 	 15508 	 6.6673149428e+01 	 6.8111666979e-07
15200 	 15615 	 6.6673149428e+01 	 7.0540987795e-07
15300 	 15721 	 6.6673149428e+01 	 7.2670534674e-07
15400 	 15831 	 6.6673149427e+01 	 7.6986176811e-07
15500 	 15939 	 6.6673149427e+01 	 1.0796937437e-06
15600 	 16051 	 6.6673149427e+01 	 1.0447363399e-06
15700 	 16158 	 6.6673149427e+01 	 8.2121286026e-07
15800 	 16265 	 6.6673149427e+01 	 4.6002342967e-07
15900 	 16371 	 6.6673149427e+01 	 1.1396968754e-06
16000 	 16482 	 6.6673149427e+01 	 5.1226532593e-07
16100 	 16595 	 6.6673149427e+01 	 7.9848848229e-07
16200 	 16701 	 6.6673149427e+01 	 1.1317431536e-06
16300 	 16817 	 6.6673149427e+01 	 4.8210969589e-07
# ---- 
 1 		 16329 	 16876 		 7.2491140614e+01 	 6.6673149427e+01 	 6.7291779851e-07
# ---- 
100 	 111 	 6.6641907931e+01 	 5.5217323107e-02
200 	 213 	 6.6591368663e+01 	 2.2895583660e-02
300 	 317 	 6.6578692141e+01 	 1.4787823093e-02
400 	 419 	 6.6571284362e+01 	 9.2941325763e-03
500 	 521 	 6.6568537780e+01 	 7.0064866771e-03
600 	 623 	 6.6567052037e+01 	 4.3636008415e-03
700 	 726 	 6.6566449918e+01 	 2.9885104156e-03
800 	 828 	 6.6565988985e+01 	 2.4164014583e-03
900 	 931 	 6.6565701505e+01 	 2.1056530646e-03
1000 	 1035 	 6.6565514358e+01 	 1.8741296125e-03
1100 	 1136 	 6.6565375377e+01 	 1.5385126623e-03
1200 	 1238 	 6.6565235998e+01 	 1.6956618904e-03
1300 	 1341 	 6.6565106025e+01 	 1.0639973972e-03
1400 	 1444 	 6.6565035970e+01 	 1.1562181261e-03
1500 	 1548 	 6.6564996879e+01 	 5.9492514790e-04
1600 	 1650 	 6.6564971781e+01 	 1.1568206974e-03
1700 	 1752 	 6.6564955969e+01 	 1.1010045819e-03
1800 	 1852 	 6.6564943473e+01 	 4.0852595447e-04
1900 	 1955 	 6.6564932781e+01 	 6.3565906756e-04
2000 	 2058 	 6.6564923318e+01 	 2.4729398157e-04
2100 	 2161 	 6.6564914394e+01 	 6.4533478083e-04
2200 	 2264 	 6.6564905450e+01 	 3.9122100992e-04
2300 	 2366 	 6.6564897065e+01 	 2.5882456443e-04
2400 	 2468 	 6.6564888702e+01 	 7.8311587095e-04
2500 	 2571 	 6.6564879753e+01 	 4.0756808137e-04
2600 	 2674 	 6.6564873596e+01 	 2.9945929025e-04
2700 	 2776 	 6.6564868374e+01 	 2.2687537834e-04
2800 	 2878 	 6.6564863286e+01 	 6.3787854064e-04
2900 	 2979 	 6.6564858851e+01 	 1.9983101967e-04
3000 	 3082 	 6.6564855808e+01 	 1.8353734171e-04
3100 	 3184 	 6.6564853621e+01 	 5.8562381293e-04
3200 	 3287 	 6.6564851247e+01 	 2.0052131417e-04
3300 	 3389 	 6.6564849206e+01 	 1.6892086040e-04
3400 	 3492 	 6.6564847033e+01 	 1.5699928529e-04
3500 	 3596 	 6.6564845376e+01 	 1.1998037014e-04
3600 	 3696 	 6.6564844107e+01 	 1.0878212391e-04
3700 	 3799 	 6.6564843328e+01 	 1.0305909879e-04
3800 	 3903 	 6.6564842582e+01 	 9.9495933869e-05
3900 	 4006 	 6.6564841803e+01 	 9.2159545521e-05
4000 	 4109 	 6.6564841052e+01 	 8.2015051147e-05
4100 	 4211 	 6.6564840464e+01 	 7.5792571444e-05
4200 	 4313 	 6.6564839932e+01 	 1.5957291803e-04
4300 	 4416 	 6.6564839250e+01 	 1.2218665010e-04
4400 	 4518 	 6.6564838491e+01 	 7.2284132602e-05
4500 	 4623 	 6.6564837745e+01 	 7.6742196999e-05
4600 	 4727 	 6.6564837189e+01 	 1.8490259135e-04
4700 	 4828 	 6.6564836642e+01 	 7.0251390222e-05
4800 	 4931 	 6.6564836133e+01 	 8.3046962446e-05
4900 	 5032 	 6.6564835613e+01 	 8.4037604985e-05
5000 	 5135 	 6.6564835103e+01 	 8.2002310654e-05
5100 	 5237 	 6.6564834718e+01 	 1.5697342760e-04
5200 	 5339 	 6.6564834448e+01 	 5.8309390555e-05
5300 	 5445 	 6.6564834234e+01 	 7.1631200663e-05
5400 	 5548 	 6.6564834025e+01 	 5.7790175370e-05
5500 	 5650 	 6.6564833821e+01 	 5.4039789078e-05
5600 	 5754 	 6.6564833611e+01 	 3.9968490622e-05
5700 	 5858 	 6.6564833331e+01 	 1.6206323200e-04
5800 	 5960 	 6.6564833063e+01 	 1.2167015891e-04
5900 	 6064 	 6.6564832722e+01 	 5.9387439203e-05
6000 	 6164 	 6.6564832375e+01 	 7.6729056468e-05
6100 	 6266 	 6.6564832047e+01 	 6.3482587671e-05
6200 	 6368 	 6.6564831719e+01 	 6.3193291897e-05
6300 	 6470 	 6.6564831397e+01 	 4.0177925275e-05
6400 	 6573 	 6.6564831183e+01 	 4.0578949059e-05
6500 	 6674 	 6.6564831015e+01 	 4.8623263376e-05
6600 	 6777 	 6.6564830794e+01 	 5.3321536175e-05
6700 	 6880 	 6.6564830559e+01 	 5.2311334943e-05
6800 	 6986 	 6.6564830266e+01 	 6.2902405715e-05
6900 	 7087 	 6.6564830000e+01 	 1.6540947560e-04
7000 	 7190 	 6.6564829739e+01 	 1.1114425311e-04
7100 	 7294 	 6.6564829499e+01 	 4.3841705975e-05
7200 	 7398 	 6.6564829386e+01 	 4.2026059150e-05
7300 	 7501 	 6.6564829307e+01 	 3.7206486513e-05
7400 	 7604 	 6.6564829245e+01 	 2.0948840762e-05
7500 	 7707 	 6.6564829204e+01 	 1.9317980095e-05
7600 	 7811 	 6.6564829158e+01 	 2.4678833594e-05
7700 	 7913 	 6.6564829122e+01 	 2.3302532325e-05
7800 	 8016 	 6.6564829085e+01 	 2.6735619753e-05
7900 	 8119 	 6.6564829043e+01 	 2.1524819193e-05
8000 	 8221 	 6.6564828999e+01 	 2.8861602541e-05
8100 	 8322 	 6.6564828953e+01 	 2.1500372744e-05
8200 	 8423 	 6.6564828921e+01 	 2.1316811066e-05
8300 	 8527 	 6.6564828897e+01 	 1.4803436452e-05
8400 	 8630 	 6.6564828876e+01 	 3.8787752770e-05
8500 	 8733 	 6.6564828854e+01 	 4.5199850266e-05
8600 	 8835 	 6.6564828827e+01 	 2.5726165899e-05
8700 	 8938 	 6.6564828786e+01 	 4.7943075214e-05
8800 	 9040 	 6.6564828747e+01 	 3.8325639448e-05
8900 	 9143 	 6.6564828711e+01 	 1.9794597051e-05
9000 	 9246 	 6.6564828679e+01 	 2.1500196803e-05
9100 	 9350 	 6.6564828648e+01 	 1.8648507918e-05
9200 	 9453 	 6.6564828626e+01 	 2.4867045772e-05
9300 	 9557 	 6.6564828604e+01 	 1.3237703514e-05
9400 	 9658 	 6.6564828575e+01 	 3.0937516546e-05
9500 	 9761 	 6.6564828554e+01 	 1.1366641629e-05
9600 	 9864 	 6.6564828541e+01 	 1.1387682366e-05
9700 	 9966 	 6.6564828533e+01 	 8.0338799436e-06
9800 	 10069 	 6.6564828526e+01 	 1.0425804236e-05
9900 	 10172 	 6.6564828520e+01 	 9.4967962856e-06
10000 	 10276 	 6.6564828513e+01 	 1.1751167681e-05
10100 	 10377 	 6.6564828504e+01 	 1.2347722212e-05
10200 	 10479 	 6.6564828494e+01 	 1.0393069187e-05
10300 	 10582 	 6.6564828485e+01 	 9.0244214279e-06
10400 	 10684 	 6.6564828477e+01 	 1.0651721584e-05
10500 	 10786 	 6.6564828470e+01 	 1.6529358001e-05
10600 	 10888 	 6.6564828464e+01 	 6.2843014249e-06
10700 	 10992 	 6.6564828458e+01 	 7.6198933975e-06
10800 	 11095 	 6.6564828454e+01 	 7.7406753727e-06
10900 	 11198 	 6.6564828450e+01 	 5.6233488430e-06
11000 	 11302 	 6.6564828445e+01 	 5.7485696268e-06
11100 	 11404 	 6.6564828440e+01 	 5.8583748034e-06
11200 	 11509 	 6.6564828436e+01 	 1.2438327937e-05
11300 	 11613 	 6.6564828431e+01 	 1.1114167068e-05
11400 	 11715 	 6.6564828427e+01 	 6.4436964812e-06
11500 	 11818 	 6.6564828423e+01 	 8.8802063202e-06
11600 	 11920 	 6.6564828421e+01 	 4.1282412216e-06
11700 	 12024 	 6.6564828420e+01 	 3.5884913258e-06
11800 	 12125 	 6.6564828419e+01 	 6.5443696932e-06
11900 	 12227 	 6.6564828418e+01 	 4.1432166867e-06
12000 	 12329 	 6.6564828417e+01 	 3.3641175351e-06
12100 	 12432 	 6.6564828416e+01 	 3.8063121008e-06
12200 	 12533 	 6.6564828415e+01 	 4.0405804476e-06
12300 	 12635 	 6.6564828414e+01 	 5.1233845611e-06
12400 	 12737 	 6.6564828413e+01 	 5.9779527901e-06
12500 	 12839 	 6.6564828411e+01 	 5.8796087629e-06
12600 	 12941 	 6.6564828410e+01 	 3.5511988176e-06
12700 	 13043 	 6.6564828409e+01 	 4.0892482599e-06
12800 	 13146 	 6.6564828407e+01 	 3.4918419039e-06
12900 	 13248 	 6.6564828406e+01 	 3.1126507636e-06
13000 	 13348 	 6.6564828405e+01 	 3.6347525530e-06
13100 	 13453 	 6.6564828404e+01 	 2.7162050234e-06
13200 	 13555 	 6.6564828403e+01 	 4.6398425971e-06
13300 	 13657 	 6.6564828402e+01 	 3.1794892392e-06
13400 	 13759 	 6.6564828401e+01 	 3.9696664842e-06
13500 	 13861 	 6.6564828400e+01 	 1.0392783961e-05
13600 	 13964 	 6.6564828399e+01 	 2.8323586700e-06
13700 	 14067 	 6.6564828398e+01 	 1.9551557664e-06
13800 	 14172 	 6.6564828398e+01 	 1.9651761469e-06
13900 	 14275 	 6.6564828398e+01 	 1.6228989144e-06
14000 	 14375 	 6.6564828397e+01 	 4.4979273259e-06
14100 	 14475 	 6.6564828397e+01 	 1.1908886227e-06
14200 	 14580 	 6.6564828397e+01 	 1.1916644384e-06
14300 	 14685 	 6.6564828397e+01 	 1.4941258487e-06
14400 	 14788 	 6.6564828397e+01 	 2.0215067227e-06
14500 	 14890 	 6.6564828396e+01 	 1.6158227264e-06
14600 	 14992 	 6.6564828396e+01 	 1.0684777400e-06
14700 	 15096 	 6.6564828396e+01 	 8.4084289060e-07
14800 	 15200 	 6.6564828396e+01 	 9.8762215726e-07
14900 	 15302 	 6.6564828396e+01 	 6.9371777876e-07
15000 	 15404 	 6.6564828396e+01 	 8.6928535116e-07
15100 	 15509 	 6.6564828396e+01 	 6.6428179350e-07
15200 	 15617 	 6.6564828396e+01 	 2.1143556962e-06
15300 	 15726 	 6.6564828396e+01 	 6.3811252096e-07
15400 	 15834 	 6.6564828396e+01 	 1.2255674940e-06
15500 	 15939 	 6.6564828396e+01 	 8.0544310477e-07
15600 	 16052 	 6.6564828396e+01 	 9.8265454737e-07
15700 	 16160 	 6.6564828396e+01 	 4.9375128821e-07
15800 	 16270 	 6.6564828396e+01 	 5.7872902926e-07
15900 	 16375 	 6.6564828396e+01 	 6.7147443666e-07
16000 	 16479 	 6.6564828395e+01 	 1.1101367694e-06
16100 	 16586 	 6.6564828395e+01 	 1.3048639859e-06
16200 	 16690 	 6.6564828395e+01 	 1.1498408219e-06
16300 	 16793 	 6.6564828395e+01 	 1.0680083350e-06
16400 	 16904 	 6.6564828395e+01 	 2.0464301508e-06
16500 	 17018 	 6.6564828395e+01 	 1.0546859498e-06
16600 	 17128 	 6.6564828395e+01 	 1.5708438132e-06
16700 	 17235 	 6.6564828395e+01 	 5.8173512169e-07
16800 	 17348 	 6.6564828395e+01 	 3.3610817349e-07
16900 	 17456 	 6.6564828395e+01 	 3.4497208114e-07
# ---- 
 1 		 16965 	 17545 		 7.2380558304e+01 	 6.6564828395e+01 	 6.6685429058e-07
# ---- 
100 	 109 	 6.6540107910e+01 	 5.2139410779e-02
200 	 210 	 6.6492042883e+01 	 1.7507436458e-02
300 	 312 	 6.6480219397e+01 	 1.5329380104e-02
400 	 415 	 6.6473148167e+01 	 1.1609558840e-02
500 	 519 	 6.6470760770e+01 	 4.5918308459e-03
600 	 621 	 6.6469374323e+01 	 3.2770924070e-03
700 	 722 	 6.6468722343e+01 	 3.7533005292e-03
800 	 823 	 6.6468231862e+01 	 2.5553559688e-03
900 	 926 	 6.6467919067e+01 	 2.2542551351e-03
1000 	 1027 	 6.6467714954e+01 	 4.5912104063e-03
1100 	 1129 	 6.6467572972e+01 	 1.4182297536e-03
1200 	 1229 	 6.6467438211e+01 	 2.6304097913e-03
1300 	 1333 	 6.6467308879e+01 	 1.6241593038e-03
1400 	 1436 	 6.6467216927e+01 	 8.1324637575e-04
1500 	 1541 	 6.6467164504e+01 	 1.0153741191e-03
1600 	 1642 	 6.6467135651e+01 	 5.9299795877e-04
1700 	 1744 	 6.6467119086e+01 	 6.4262939153e-04
1800 	 1846 	 6.6467106303e+01 	 4.5173972778e-04
1900 	 1947 	 6.6467094330e+01 	 4.7918182499e-04
2000 	 2053 	 6.6467084207e+01 	 7.8118827135e-04
2100 	 2156 	 6.6467075431e+01 	 3.9068652533e-04
2200 	 2258 	 6.6467064762e+01 	 3.6705088475e-04
2300 	 2362 	 6.6467054788e+01 	 3.7676641129e-04
2400 	 2464 	 6.6467046621e+01 	 3.2306840556e-04
2500 	 2567 	 6.6467040139e+01 	 2.4693168162e-04
2600 	 2668 	 6.6467034958e+01 	 4.0362539857e-04
2700 	 2771 	 6.6467029098e+01 	 3.6160520802e-04
2800 	 2873 	 6.6467023230e+01 	 4.2225155718e-04
2900 	 2978 	 6.6467018656e+01 	 2.2246021099e-04
3000 	 3083 	 6.6467015863e+01 	 1.9303467792e-04
3100 	 3186 	 6.6467012576e+01 	 4.0625664578e-04
3200 	 3289 	 6.6467008879e+01 	 4.5223187600e-04
3300 	 3393 	 6.6467005379e+01 	 1.4722207972e-04
3400 	 3497 	 6.6467002944e+01 	 1.7022802768e-04
3500 	 3599 	 6.6467001210e+01 	 1.3492378901e-04
3600 	 3704 	 6.6466999789e+01 	 1.2085802529e-04
3700 	 3804 	 6.6466998623e+01 	 1.1581807275e-04
3800 	 3907 	 6.6466997644e+01 	 1.1446665184e-04
3900 	 4010 	 6.6466996654e+01 	 9.8111123580e-05
4000 	 4113 	 6.6466995830e+01 	 1.0449751671e-04
4100 	 4217 	 6.6466995106e+01 	 1.1904100130e-04
4200 	 4320 	 6.6466994521e+01 	 7.7074908578e-05
4300 	 4424 	 6.6466993972e+01 	 6.8210679808e-05
4400 	 4525 	 6.6466993414e+01 	 1.4361589576e-04
4500 	 4629 	 6.6466992765e+01 	 9.0110283706e-05
4600 	 4732 	 6.6466992267e+01 	 7.6672732762e-05
4700 	 4834 	 6.6466991730e+01 	 1.6308587955e-04
4800 	 4937 	 6.6466991129e+01 	 8.4455038797e-05
4900 	 5041 	 6.6466990394e+01 	 1.1873858126e-04
5000 	 5143 	 6.6466989787e+01 	 8.1748984604e-05
5100 	 5246 	 6.6466989245e+01 	 1.1154187663e-04
5200 	 5347 	 6.6466988854e+01 	 5.0362664420e-05
5300 	 5451 	 6.6466988574e+01 	 4.3783649732e-05
5400 	 5553 	 6.6466988312e+01 	 5.1623212060e-05
5500 	 5655 	 6.6466988055e+01 	 8.1627533888e-05
5600 	 5755 	 6.6466987772e+01 	 8.0695233253e-05
5700 	 5857 	 6.6466987434e+01 	 6.6990495544e-05
5800 	 5958 	 6.6466987024e+01 	 7.0897793111e-05
5900 	 6061 	 6.6466986627e+01 	 1.0194576939e-04
6000 	 6163 	 6.6466986123e+01 	 9.8398976834e-05
6100 	 6268 	 6.6466985624e+01 	 1.0867838620e-04
6200 	 6369 	 6.6466985262e+01 	 5.9686115934e-05
6300 	 6472 	 6.6466984956e+01 	 1.6429259882e-04
6400 	 6575 	 6.6466984664e+01 	 6.2950372247e-05
6500 	 6679 	 6.6466984355e+01 	 5.3323019084e-05
6600 	 6779 	 6.6466984076e+01 	 5.8315936444e-05
6700 	 6880 	 6.6466983834e+01 	 7.0007321461e-05
6800 	 6982 	 6.6466983578e+01 	 3.8637662590e-05
6900 	 7084 	 6.6466983339e+01 	 5.8095488994e-05
7000 	 7185 	 6.6466983148e+01 	 1.3609409854e-04
7100 	 7287 	 6.6466982961e+01 	 6.1340895596e-05
7200 	 7390 	 6.6466982832e+01 	 4.9396654461e-05
7300 	 7492 	 6.6466982704e+01 	 3.6013810603e-05
7400 	 7595 	 6.6466982595e+01 	 7.3429978467e-05
7500 	 7698 	 6.6466982456e+01 	 4.5823314792e-05
7600 	 7799 	 6.6466982338e+01 	 4.4859909388e-05
7700 	 7904 	 6.6466982256e+01 	 7.3308116372e-05
7800 	 8007 	 6.6466982188e+01 	 3.3615566512e-05
7900 	 8109 	 6.6466982098e+01 	 4.5952421865e-05
8000 	 8212 	 6.6466982035e+01 	 4.2883491913e-05
8100 	 8315 	 6.6466981984e+01 	 5.2362117512e-05
8200 	 8419 	 6.6466981945e+01 	 2.1074826809e-05
8300 	 8521 	 6.6466981901e+01 	 2.3438363167e-05
8400 	 8623 	 6.6466981857e+01 	 6.3486944190e-05
8500 	 8725 	 6.6466981804e+01 	 3.0891392965e-05
8600 	 8828 	 6.6466981747e+01 	 2.1408777587e-05
8700 	 8931 	 6.6466981694e+01 	 2.1502822544e-05
8800 	 9035 	 6.6466981622e+01 	 2.4262753844e-05
8900 	 9136 	 6.6466981561e+01 	 5.9744540722e-05
9000 	 9240 	 6.6466981504e+01 	 3.5824599175e-05
9100 	 9341 	 6.6466981458e+01 	 3.9223022394e-05
9200 	 9443 	 6.6466981415e+01 	 2.6648760981e-05
9300 	 9545 	 6.6466981388e+01 	 1.3348559203e-05
9400 	 9648 	 6.6466981369e+01 	 1.8351048153e-05
9500 	 9750 	 6.6466981353e+01 	 1.9999466968e-05
9600 	 9852 	 6.6466981339e+01 	 1.3242278662e-05
9700 	 9955 	 6.6466981323e+01 	 1.2574912339e-05
9800 	 10057 	 6.6466981307e+01 	 1.7175890518e-05
9900 	 10160 	 6.6466981291e+01 	 1.3126027058e-05
10000 	 10262 	 6.6466981277e+01 	 9.0272030013e-06
10100 	 10363 	 6.6466981268e+01 	 2.1928237066e-05
10200 	 10468 	 6.6466981262e+01 	 9.4873026504e-06
10300 	 10571 	 6.6466981256e+01 	 9.2488606905e-06
10400 	 10677 	 6.6466981251e+01 	 7.4120220532e-06
10500 	 10779 	 6.6466981245e+01 	 8.5446351588e-06
10600 	 10880 	 6.6466981239e+01 	 8.2090481824e-06
10700 	 10981 	 6.6466981232e+01 	 8.1900284385e-06
10800 	 11083 	 6.6466981225e+01 	 2.1025327073e-05
10900 	 11187 	 6.6466981218e+01 	 9.3815264191e-06
11000 	 11288 	 6.6466981210e+01 	 1.3978487160e-05
11100 	 11391 	 6.6466981203e+01 	 6.7303346190e-06
11200 	 11491 	 6.6466981198e+01 	 7.9752759693e-06
11300 	 11594 	 6.6466981195e+01 	 5.3361165158e-06
11400 	 11697 	 6.6466981193e+01 	 1.2771358642e-05
11500 	 11800 	 6.6466981191e+01 	 4.7815295818e-06
11600 	 11902 	 6.6466981189e+01 	 5.0983217776e-06
11700 	 12006 	 6.6466981186e+01 	 4.2908119474e-06
11800 	 12108 	 6.6466981184e+01 	 6.5309224395e-06
11900 	 12211 	 6.6466981182e+01 	 6.5721765464e-06
12000 	 12313 	 6.6466981181e+01 	 3.8867908281e-06
12100 	 12417 	 6.6466981180e+01 	 2.8026949304e-06
12200 	 12519 	 6.6466981179e+01 	 3.5672704645e-06
12300 	 12620 	 6.6466981177e+01 	 3.7958174125e-06
12400 	 12724 	 6.6466981175e+01 	 5.1378158196e-06
12500 	 12828 	 6.6466981173e+01 	 4.2447711364e-06
12600 	 12933 	 6.6466981172e+01 	 5.2479965406e-06
12700 	 13034 	 6.6466981170e+01 	 4.6077171972e-06
12800 	 13137 	 6.6466981168e+01 	 5.0530559992e-06
12900 	 13238 	 6.6466981166e+01 	 2.9903259469e-06
13000 	 13342 	 6.6466981165e+01 	 6.5748142132e-06
13100 	 13445 	 6.6466981163e+01 	 4.9135033119e-06
13200 	 13549 	 6.6466981161e+01 	 7.0804009476e-06
13300 	 13650 	 6.6466981159e+01 	 4.3937051636e-06
13400 	 13750 	 6.6466981158e+01 	 4.8473471230e-06
13500 	 13851 	 6.6466981157e+01 	 3.5675045142e-06
13600 	 13953 	 6.6466981156e+01 	 6.2092521864e-06
13700 	 14054 	 6.6466981155e+01 	 8.3010129430e-06
13800 	 14158 	 6.6466981154e+01 	 2.8573536398e-06
13900 	 14263 	 6.6466981153e+01 	 4.0534387752e-06
14000 	 14367 	 6.6466981153e+01 	 2.7586675109e-06
14100 	 14469 	 6.6466981152e+01 	 3.1752665473e-06
14200 	 14570 	 6.6466981151e+01 	 2.3447606279e-06
14300 	 14672 	 6.6466981151e+01 	 3.8533631873e-06
14400 	 14773 	 6.6466981150e+01 	 4.0094788927e-06
14500 	 14876 	 6.6466981150e+01 	 2.0900635229e-06
14600 	 14978 	 6.6466981150e+01 	 2.6186927912e-06
14700 	 15082 	 6.6466981149e+01 	 1.9993843615e-06
14800 	 15184 	 6.6466981149e+01 	 1.8335189604e-06
14900 	 15287 	 6.6466981149e+01 	 1.6525273437e-06
15000 	 15392 	 6.6466981149e+01 	 2.4729011060e-06
15100 	 15497 	 6.6466981148e+01 	 1.3119901243e-06
15200 	 15599 	 6.6466981148e+01 	 1.3829463798e-06
15300 	 15701 	 6.6466981148e+01 	 1.4882123026e-06
15400 	 15805 	 6.6466981148e+01 	 1.4772010464e-06
15500 	 15907 	 6.6466981148e+01 	 1.6504682276e-06
15600 	 16010 	 6.6466981148e+01 	 2.6617251421e-06
15700 	 16116 	 6.6466981147e+01 	 1.5712574456e-06
15800 	 16221 	 6.6466981147e+01 	 1.3554162608e-06
15900 	 16323 	 6.6466981147e+01 	 1.4312329792e-06
16000 	 16424 	 6.6466981147e+01 	 1.0612018081e-06
16100 	 16526 	 6.6466981147e+01 	 9.2328215735e-07
16200 	 16629 	 6.6466981147e+01 	 8.0806454845e-07
16300 	 16735 	 6.6466981147e+01 	 7.6362263520e-07
16400 	 16842 	 6.6466981146e+01 	 1.6262481499e-06
16500 	 16947 	 6.6466981146e+01 	 1.1283390223e-06
16600 	 17056 	 6.6466981146e+01 	 1.0121629556e-06
16700 	 17167 	 6.6466981146e+01 	 1.4423523832e-06
16800 	 17277 	 6.6466981146e+01 	 6.6154185319e-07
16900 	 17390 	 6.6466981146e+01 	 4.1300408236e-07
17000 	 17499 	 6.6466981146e+01 	 6.8297105811e-07
17100 	 17606 	 6.6466981146e+01 	 8.6327184259e-07
17200 	 17719 	 6.6466981146e+01 	 7.1908425355e-07
17300 	 17829 	 6.6466981146e+01 	 9.3900897715e-07
17400 	 17937 	 6.6466981146e+01 	 1.2048620700e-06
17500 	 18042 	 6.6466981146e+01 	 6.8280228301e-07
17600 	 18151 	 6.6466981146e+01 	 9.1849163792e-07
17700 	 18255 	 6.6466981146e+01 	 9.1395056299e-07
17800 	 18359 	 6.6466981146e+01 	 9.6451341248e-07
17900 	 18466 	 6.6466981146e+01 	 1.7348005472e-06
18000 	 18582 	 6.6466981146e+01 	 1.5299068550e-06
18100 	 18693 	 6.6466981146e+01 	 4.4910265854e-07
18200 	 18808 	 6.6466981146e+01 	 2.8498654272e-07
# ---- 
 1 		 18226 	 18862 		 7.2274947874e+01 	 6.6466981146e+01 	 5.3558120088e-07
# ---- 
100 	 121 	 6.6464712724e+01 	 5.2174828956e-02
200 	 224 	 6.6403989803e+01 	 2.2161024270e-02
300 	 328 	 6.6391428581e+01 	 1.2465209567e-02
400 	 429 	 6.6384210705e+01 	 9.6125742024e-03
500 	 530 	 6.6381895339e+01 	 4.0882024469e-03
600 	 632 	 6.6380461312e+01 	 5.9414451466e-03
700 	 733 	 6.6379790913e+01 	 5.2680941035e-03
800 	 836 	 6.6379256732e+01 	 3.9066874091e-03
900 	 938 	 6.6378920784e+01 	 4.5467262125e-03
1000 	 1039 	 6.6378730331e+01 	 1.7077741196e-03
1100 	 1141 	 6.6378585206e+01 	 1.9362641525e-03
1200 	 1243 	 6.6378444087e+01 	 1.4609960327e-03
1300 	 1343 	 6.6378298188e+01 	 1.6209390981e-03
1400 	 1445 	 6.6378204855e+01 	 9.0820793834e-04
1500 	 1548 	 6.6378143591e+01 	 6.0895603233e-04
1600 	 1649 	 6.6378110232e+01 	 2.1231486281e-03
1700 	 1752 	 6.6378088417e+01 	 4.8510785362e-04
1800 	 1856 	 6.6378075788e+01 	 5.2178110408e-04
1900 	 1960 	 6.6378064121e+01 	 4.5812097113e-04
2000 	 2062 	 6.6378052522e+01 	 1.0196697294e-03
2100 	 2163 	 6.6378037862e+01 	 4.4258390900e-04
2200 	 2265 	 6.6378023833e+01 	 4.4236525137e-04
2300 	 2368 	 6.6378012825e+01 	 3.5385219098e-04
2400 	 2469 	 6.6378005078e+01 	 1.0007045184e-03
2500 	 2574 	 6.6377999328e+01 	 1.9836579453e-04
2600 	 2679 	 6.6377994605e+01 	 3.1409273598e-04
2700 	 2783 	 6.6377988126e+01 	 6.1835212450e-04
2800 	 2885 	 6.6377981091e+01 	 3.7089094526e-04
2900 	 2988 	 6.6377976106e+01 	 2.2500402522e-04
3000 	 3091 	 6.6377972707e+01 	 1.9241440736e-04
3100 	 3191 	 6.6377968887e+01 	 4.2081355116e-04
3200 	 3293 	 6.6377964683e+01 	 2.8828805483e-04
3300 	 3398 	 6.6377961217e+01 	 3.8989003595e-04
3400 	 3500 	 6.6377958609e+01 	 1.9155206881e-04
3500 	 3604 	 6.6377956682e+01 	 1.6146862040e-04
3600 	 3705 	 6.6377954411e+01 	 1.1340371574e-04
3700 	 3806 	 6.6377952501e+01 	 2.0753525164e-04
3800 	 3909 	 6.6377951137e+01 	 2.5712322273e-04
3900 	 4012 	 6.6377949738e+01 	 1.3252407631e-04
4000 	 4113 	 6.6377948686e+01 	 1.1163862211e-04
4100 	 4215 	 6.6377947570e+01 	 9.9661421134e-05
4200 	 4318 	 6.6377946696e+01 	 7.7644487591e-05
4300 	 4419 	 6.6377945889e+01 	 9.9623413829e-05
4400 	 4523 	 6.6377945180e+01 	 1.6744530894e-04
4500 	 4626 	 6.6377944497e+01 	 1.1011454566e-04
4600 	 4728 	 6.6377943751e+01 	 7.1820786669e-05
4700 	 4830 	 6.6377943104e+01 	 1.0434666022e-04
4800 	 4933 	 6.6377942568e+01 	 7.5495322486e-05
4900 	 5035 	 6.6377942064e+01 	 1.6929890897e-04
5000 	 5137 	 6.6377941469e+01 	 1.0112386848e-04
5100 	 5239 	 6.6377940936e+01 	 1.3780169046e-04
5200 	 5341 	 6.6377940287e+01 	 5.6907506888e-05
5300 	 5444 	 6.6377939730e+01 	 1.0930780113e-04
5400 	 5547 	 6.6377939173e+01 	 8.3035113358e-05
5500 	 5649 	 6.6377938675e+01 	 1.4394532297e-04
5600 	 5753 	 6.6377938304e+01 	 4.4347216240e-05
5700 	 5857 	 6.6377937928e+01 	 6.7267604595e-05
5800 	 5958 	 6.6377937634e+01 	 6.0662173545e-05
5900 	 6062 	 6.6377937347e+01 	 1.6250641349e-04
6000 	 6165 	 6.6377936997e+01 	 6.3469486025e-05
6100 	 6267 	 6.6377936543e+01 	 1.6642813311e-04
6200 	 6369 	 6.6377936233e+01 	 5.3531814693e-05
6300 	 6471 	 6.6377935966e+01 	 5.1194533093e-05
6400 	 6572 	 6.6377935737e+01 	 1.0294071019e-04
6500 	 6676 	 6.6377935521e+01 	 4.4187723482e-05
6600 	 6780 	 6.6377935306e+01 	 4.8392306189e-05
6700 	 6882 	 6.6377935067e+01 	 6.8677926318e-05
6800 	 6984 	 6.6377934778e+01 	 1.4981344719e-04
6900 	 7084 	 6.6377934486e+01 	 4.6591298164e-05
7000 	 7186 	 6.6377934206e+01 	 9.2895963384e-05
7100 	 7288 	 6.6377933945e+01 	 1.0365937713e-04
7200 	 7389 	 6.6377933733e+01 	 4.2256542489e-05
7300 	 7492 	 6.6377933553e+01 	 4.6325962441e-05
7400 	 7594 	 6.6377933365e+01 	 1.1812702551e-04
7500 	 7698 	 6.6377933158e+01 	 4.5345552169e-05
7600 	 7801 	 6.6377932968e+01 	 3.6890725417e-05
7700 	 7902 	 6.6377932829e+01 	 4.0081830815e-05
7800 	 8004 	 6.6377932703e+01 	 9.0039854958e-05
7900 	 8110 	 6.6377932622e+01 	 3.0669060451e-05
8000 	 8212 	 6.6377932531e+01 	 7.7970812206e-05
8100 	 8314 	 6.6377932432e+01 	 3.7058278858e-05
8200 	 8418 	 6.6377932347e+01 	 3.0369736658e-05
8300 	 8518 	 6.6377932259e+01 	 2.2860590401e-05
8400 	 8622 	 6.6377932154e+01 	 3.2252995561e-05
8500 	 8724 	 6.6377932032e+01 	 3.8569342806e-05
8600 	 8826 	 6.6377931907e+01 	 4.4175100744e-05
8700 	 8930 	 6.6377931783e+01 	 4.6861018235e-05
8800 	 9031 	 6.6377931665e+01 	 4.3883616325e-05
8900 	 9132 	 6.6377931590e+01 	 6.2490920050e-05
9000 	 9234 	 6.6377931541e+01 	 2.1798964011e-05
9100 	 9337 	 6.6377931500e+01 	 1.4519758522e-05
9200 	 9440 	 6.6377931462e+01 	 1.7566417698e-05
9300 	 9543 	 6.6377931416e+01 	 2.1349166034e-05
9400 	 9644 	 6.6377931369e+01 	 1.8298706700e-05
9500 	 9748 	 6.6377931315e+01 	 1.9625897547e-05
9600 	 9850 	 6.6377931254e+01 	 2.6909210476e-05
9700 	 9951 	 6.6377931183e+01 	 4.7268948630e-05
9800 	 10053 	 6.6377931129e+01 	 2.4226837900e-05
9900 	 10154 	 6.6377931093e+01 	 1.5291874401e-05
10000 	 10257 	 6.6377931072e+01 	 1.6413414716e-05
10100 	 10359 	 6.6377931056e+01 	 1.3822056264e-05
10200 	 10461 	 6.6377931039e+01 	 1.0843934860e-05
10300 	 10564 	 6.6377931015e+01 	 2.0767766041e-05
10400 	 10669 	 6.6377930980e+01 	 2.0182987873e-05
10500 	 10770 	 6.6377930941e+01 	 2.0480545277e-05
10600 	 10873 	 6.6377930907e+01 	 3.7516950140e-05
10700 	 10976 	 6.6377930888e+01 	 1.4094048528e-05
10800 	 11077 	 6.6377930873e+01 	 1.2142273215e-05
10900 	 11180 	 6.6377930858e+01 	 1.8091831504e-05
11000 	 11283 	 6.6377930845e+01 	 1.0919802076e-05
11100 	 11385 	 6.6377930831e+01 	 1.1943099365e-05
11200 	 11486 	 6.6377930817e+01 	 1.3489672131e-05
11300 	 11588 	 6.6377930806e+01 	 2.2614526902e-05
11400 	 11691 	 6.6377930796e+01 	 2.7273380694e-05
11500 	 11794 	 6.6377930786e+01 	 1.1230495050e-05
11600 	 11896 	 6.6377930776e+01 	 1.0410664212e-05
11700 	 11999 	 6.6377930769e+01 	 8.9524995141e-06
11800 	 12104 	 6.6377930764e+01 	 1.2286409169e-05
11900 	 12205 	 6.6377930760e+01 	 1.5984259808e-05
12000 	 12308 	 6.6377930757e+01 	 6.0394474020e-06
12100 	 12411 	 6.6377930754e+01 	 5.0572298598e-06
12200 	 12512 	 6.6377930751e+01 	 6.6573206944e-06
12300 	 12615 	 6.6377930749e+01 	 5.9692537827e-06
12400 	 12719 	 6.6377930746e+01 	 7.3748710295e-06
12500 	 12821 	 6.6377930744e+01 	 8.2149610807e-06
12600 	 12925 	 6.6377930741e+01 	 4.9561300783e-06
12700 	 13026 	 6.6377930739e+01 	 8.9956843157e-06
12800 	 13130 	 6.6377930736e+01 	 6.1545706719e-06
12900 	 13233 	 6.6377930734e+01 	 5.3752365505e-06
13000 	 13336 	 6.6377930732e+01 	 5.0614250441e-06
13100 	 13436 	 6.6377930730e+01 	 3.9618783010e-06
13200 	 13538 	 6.6377930729e+01 	 3.8661016971e-06
13300 	 13643 	 6.6377930727e+01 	 7.8140390968e-06
13400 	 13745 	 6.6377930725e+01 	 4.0045678846e-06
13500 	 13851 	 6.6377930724e+01 	 4.6709553100e-06
13600 	 13954 	 6.6377930722e+01 	 4.2915729083e-06
13700 	 14058 	 6.6377930721e+01 	 2.9596265527e-06
13800 	 14160 	 6.6377930720e+01 	 2.7649747531e-06
13900 	 14264 	 6.6377930719e+01 	 3.7567182679e-06
14000 	 14367 	 6.6377930718e+01 	 3.3546218223e-06
14100 	 14468 	 6.6377930717e+01 	 2.4826567771e-06
14200 	 14571 	 6.6377930716e+01 	 2.7347871876e-06
14300 	 14674 	 6.6377930716e+01 	 2.8315068762e-06
14400 	 14776 	 6.6377930715e+01 	 2.2087157387e-06
14500 	 14878 	 6.6377930715e+01 	 2.6228563504e-06
14600 	 14982 	 6.6377930714e+01 	 2.4710074332e-06
14700 	 15085 	 6.6377930713e+01 	 3.5418779478e-06
14800 	 15187 	 6.6377930712e+01 	 5.1009357416e-06
14900 	 15291 	 6.6377930711e+01 	 4.2193072562e-06
15000 	 15395 	 6.6377930709e+01 	 3.4556878953e-06
15100 	 15500 	 6.6377930709e+01 	 3.1165632639e-06
15200 	 15604 	 6.6377930708e+01 	 3.2400480261e-06
15300 	 15710 	 6.6377930707e+01 	 2.2123459065e-06
15400 	 15812 	 6.6377930707e+01 	 2.1746973987e-06
15500 	 15914 	 6.6377930706e+01 	 1.8780560906e-06
15600 	 16016 	 6.6377930706e+01 	 2.2250145768e-06
15700 	 16120 	 6.6377930706e+01 	 1.6092834662e-06
15800 	 16222 	 6.6377930705e+01 	 1.7940715172e-06
15900 	 16324 	 6.6377930705e+01 	 2.6086828307e-06
16000 	 16428 	 6.6377930704e+01 	 3.1676282400e-06
16100 	 16531 	 6.6377930704e+01 	 2.0304764014e-06
16200 	 16633 	 6.6377930704e+01 	 1.3045348221e-06
16300 	 16741 	 6.6377930704e+01 	 1.4939545721e-06
16400 	 16844 	 6.6377930704e+01 	 2.3942500394e-06
16500 	 16950 	 6.6377930703e+01 	 1.1255548083e-06
16600 	 17056 	 6.6377930703e+01 	 1.5000352963e-06
16700 	 17159 	 6.6377930703e+01 	 1.1183657743e-06
16800 	 17264 	 6.6377930703e+01 	 1.0834167380e-06
16900 	 17369 	 6.6377930703e+01 	 1.8379048576e-06
17000 	 17473 	 6.6377930703e+01 	 8.6503352625e-07
17100 	 17576 	 6.6377930703e+01 	 1.2136601977e-06
17200 	 17681 	 6.6377930703e+01 	 9.5516643745e-07
17300 	 17785 	 6.6377930703e+01 	 9.1772476641e-07
17400 	 17891 	 6.6377930703e+01 	 7.5165446367e-07
17500 	 17996 	 6.6377930703e+01 	 9.1967274259e-07
17600 	 18100 	 6.6377930703e+01 	 1.9472937462e-06
17700 	 18207 	 6.6377930702e+01 	 7.8722940348e-07
17800 	 18309 	 6.6377930702e+01 	 2.4724954612e-06
17900 	 18412 	 6.6377930702e+01 	 1.0117540974e-06
18000 	 18517 	 6.6377930702e+01 	 8.5627011678e-07
18100 	 18622 	 6.6377930702e+01 	 7.6848611695e-07
18200 	 18728 	 6.6377930702e+01 	 6.7564672868e-07
18300 	 18837 	 6.6377930702e+01 	 6.8689205201e-07
18400 	 18944 	 6.6377930702e+01 	 1.1597570313e-06
18500 	 19054 	 6.6377930702e+01 	 4.3301683877e-07
18600 	 19170 	 6.6377930702e+01 	 8.5178837400e-07
18700 	 19280 	 6.6377930702e+01 	 5.6933799838e-07
18800 	 19399 	 6.6377930702e+01 	 4.8515688786e-07
18900 	 19524 	 6.6377930702e+01 	 2.8011098388e-07
# ---- 
 1 		 18949 	 19606 		 7.2173790128e+01 	 6.6377930702e+01 	 2.1588483826e-07
# ---- 
100 	 103 	 6.7977898221e-01 	 7.7415448839e-02
200 	 205 	 6.3814388905e-01 	 8.5230110978e-03
300 	 307 	 6.3589484892e-01 	 3.8809427313e-03
400 	 409 	 6.3484668243e-01 	 4.7133585294e-03
500 	 510 	 6.3385051351e-01 	 5.0179656161e-03
600 	 612 	 6.3311053416e-01 	 3.2609411115e-03
700 	 713 	 6.3222098209e-01 	 4.0349144565e-03
800 	 817 	 6.3087295614e-01 	 3.2978793369e-03
900 	 918 	 6.2986913278e-01 	 8.2049291407e-03
1000 	 1019 	 6.2936541251e-01 	 2.1389044660e-03
1100 	 1122 	 6.2910243706e-01 	 3.2502194737e-03
1200 	 1225 	 6.2884243401e-01 	 6.4738261132e-03
1300 	 1328 	 6.2858930018e-01 	 3.9113439939e-03
1400 	 1434 	 6.2843182737e-01 	 1.9623198477e-03
1500 	 1537 	 6.2834471161e-01 	 1.3916561546e-03
1600 	 1640 	 6.2827179111e-01 	 1.8454175844e-03
1700 	 1743 	 6.2818789988e-01 	 1.7476167522e-03
1800 	 1845 	 6.2813516698e-01 	 7.2813070752e-04
1900 	 1948 	 6.2809748432e-01 	 6.8264240466e-04
2000 	 2050 	 6.2806733172e-01 	 7.1563194899e-04
2100 	 2154 	 6.2803781424e-01 	 5.3942165216e-04
2200 	 2257 	 6.2801614884e-01 	 5.2717519105e-04
2300 	 2360 	 6.2800213381e-01 	 9.0737781862e-04
2400 	 2464 	 6.2798892605e-01 	 4.3799209276e-04
2500 	 2568 	 6.2797299704e-01 	 1.3390271673e-03
2600 	 2671 	 6.2796149712e-01 	 6.8478105474e-04
2700 	 2774 	 6.2795325648e-01 	 2.6797798340e-04
2800 	 2876 	 6.2794675128e-01 	 2.6437788720e-04
2900 	 2981 	 6.2794184950e-01 	 3.3877419784e-04
3000 	 3084 	 6.2793744263e-01 	 4.2485946085e-04
3100 	 3187 	 6.2793330772e-01 	 2.7418719063e-04
3200 	 3288 	 6.2792849913e-01 	 2.8070961715e-04
3300 	 3392 	 6.2792336194e-01 	 3.3921249908e-04
3400 	 3496 	 6.2791927345e-01 	 2.0683228773e-04
3500 	 3597 	 6.2791621003e-01 	 2.1637639946e-04
3600 	 3699 	 6.2791360619e-01 	 1.2079537219e-04
3700 	 3801 	 6.2791141799e-01 	 3.5899105139e-04
3800 	 3904 	 6.2790904284e-01 	 3.1065752328e-04
3900 	 4007 	 6.2790618732e-01 	 3.0359293392e-04
4000 	 4109 	 6.2790309785e-01 	 1.7819150330e-04
4100 	 4210 	 6.2790075164e-01 	 4.7828340133e-04
4200 	 4313 	 6.2789815208e-01 	 1.2765904494e-04
4300 	 4417 	 6.2789637120e-01 	 1.1000305635e-04
4400 	 4520 	 6.2789484311e-01 	 1.8550465656e-04
4500 	 4623 	 6.2789314263e-01 	 3.6664167885e-04
4600 	 4725 	 6.2789191608e-01 	 9.3299011757e-05
4700 	 4827 	 6.2789080438e-01 	 1.2203171531e-04
4800 	 4929 	 6.2788986719e-01 	 8.0050390595e-05
4900 	 5031 	 6.2788921277e-01 	 2.4802763780e-04
5000 	 5133 	 6.2788843900e-01 	 1.4903395362e-04
5100 	 5237 	 6.2788764976e-01 	 1.0812184869e-04
5200 	 5340 	 6.2788682127e-01 	 9.5095736386e-05
5300 	 5446 	 6.2788613579e-01 	 1.0886055354e-04
5400 	 5549 	 6.2788538786e-01 	 1.7360548359e-04
5500 	 5652 	 6.2788469076e-01 	 7.7903745825e-05
5600 	 5757 	 6.2788422843e-01 	 1.2527974375e-04
5700 	 5860 	 6.2788389588e-01 	 6.9065688613e-05
5800 	 5963 	 6.2788357731e-01 	 6.6108472463e-05
5900 	 6065 	 6.2788333323e-01 	 3.9797174181e-05
6000 	 6165 	 6.2788316212e-01 	 7.4853073354e-05
6100 	 6269 	 6.2788301307e-01 	 6.2027603239e-05
6200 	 6373 	 6.2788290762e-01 	 4.7863512601e-05
6300 	 6476 	 6.2788281240e-01 	 3.9411828390e-05
6400 	 6581 	 6.2788267888e-01 	 6.5557191224e-05
6500 	 6682 	 6.2788247871e-01 	 4.9259035370e-05
6600 	 6785 	 6.2788228667e-01 	 4.5589147180e-05
6700 	 6886 	 6.2788212149e-01 	 4.6380717162e-05
6800 	 6989 	 6.2788197488e-01 	 3.2219614400e-05
6900 	 7092 	 6.2788183797e-01 	 3.6901322135e-05
7000 	 7194 	 6.2788170828e-01 	 5.3811162885e-05
7100 	 7297 	 6.2788159417e-01 	 5.9591090162e-05
7200 	 7399 	 6.2788150282e-01 	 4.1408396203e-05
7300 	 7502 	 6.2788140797e-01 	 3.4266177887e-05
7400 	 7607 	 6.2788129935e-01 	 3.3116881072e-05
7500 	 7710 	 6.2788122566e-01 	 4.8637157136e-05
7600 	 7810 	 6.2788117470e-01 	 1.6744139260e-05
7700 	 7914 	 6.2788112321e-01 	 2.2327332504e-05
7800 	 8017 	 6.2788107322e-01 	 6.2650124757e-05
7900 	 8119 	 6.2788102849e-01 	 1.7356908198e-05
8000 	 8221 	 6.2788099130e-01 	 1.7988219670e-05
8100 	 8322 	 6.2788095428e-01 	 1.8778499746e-05
8200 	 8424 	 6.2788092016e-01 	 1.9151814026e-05
8300 	 8526 	 6.2788088570e-01 	 2.4061828349e-05
8400 	 8628 	 6.2788085008e-01 	 2.1427657455e-05
8500 	 8732 	 6.2788081454e-01 	 5.7329297916e-05
8600 	 8837 	 6.2788078172e-01 	 1.6334628990e-05
8700 	 8941 	 6.2788074711e-01 	 1.8899141813e-05
8800 	 9042 	 6.2788071505e-01 	 2.3462629714e-05
8900 	 9143 	 6.2788067731e-01 	 2.7402310650e-05
9000 	 9247 	 6.2788063106e-01 	 1.9390612440e-05
9100 	 9350 	 6.2788058686e-01 	 2.6880861118e-05
9200 	 9452 	 6.2788053947e-01 	 2.0456823092e-05
9300 	 9554 	 6.2788049124e-01 	 1.8212099610e-05
9400 	 9657 	 6.2788045864e-01 	 1.6834104046e-05
9500 	 9759 	 6.2788042396e-01 	 1.6066124597e-05
9600 	 9863 	 6.2788039049e-01 	 1.8550910962e-05
9700 	 9966 	 6.2788036307e-01 	 1.6854111914e-05
9800 	 10069 	 6.2788033837e-01 	 1.5371707915e-05
9900 	 10173 	 6.2788030882e-01 	 5.7372473471e-05
10000 	 10275 	 6.2788028248e-01 	 2.0414461173e-05
10100 	 10378 	 6.2788025987e-01 	 1.6057816837e-05
10200 	 10479 	 6.2788024248e-01 	 1.4608986109e-05
10300 	 10581 	 6.2788023076e-01 	 3.4533995124e-05
10400 	 10682 	 6.2788021809e-01 	 2.7857673132e-05
10500 	 10786 	 6.2788020966e-01 	 9.0258016122e-06
10600 	 10887 	 6.2788020302e-01 	 7.7288139514e-06
10700 	 10989 	 6.2788019608e-01 	 1.3810629715e-05
10800 	 11091 	 6.2788019053e-01 	 8.4780596528e-06
10900 	 11194 	 6.2788018421e-01 	 1.5170566709e-05
11000 	 11295 	 6.2788017731e-01 	 9.6184647868e-06
11100 	 11398 	 6.2788017052e-01 	 7.2550738102e-06
11200 	 11500 	 6.2788016346e-01 	 2.2317515330e-05
11300 	 11602 	 6.2788015760e-01 	 1.0594944403e-05
11400 	 11705 	 6.2788015197e-01 	 1.5647893207e-05
11500 	 11807 	 6.2788014438e-01 	 1.2372938225e-05
11600 	 11912 	 6.2788013319e-01 	 1.1452239047e-05
11700 	 12016 	 6.2788012326e-01 	 7.6381053854e-06
11800 	 12118 	 6.2788011550e-01 	 6.0217202451e-06
11900 	 12220 	 6.2788010964e-01 	 7.1031232880e-06
12000 	 12322 	 6.2788010521e-01 	 5.0344213625e-06
12100 	 12425 	 6.2788010033e-01 	 7.3931564843e-06
12200 	 12530 	 6.2788009584e-01 	 6.7827891881e-06
12300 	 12632 	 6.2788009197e-01 	 5.6353082689e-06
12400 	 12734 	 6.2788008928e-01 	 6.7848088178e-06
12500 	 12835 	 6.2788008616e-01 	 5.8509387525e-06
12600 	 12937 	 6.2788008184e-01 	 5.3436133219e-06
12700 	 13038 	 6.2788007772e-01 	 7.7367713281e-06
12800 	 13141 	 6.2788007216e-01 	 2.0086152265e-05
12900 	 13245 	 6.2788006525e-01 	 1.8313289119e-05
13000 	 13346 	 6.2788006021e-01 	 6.9532046219e-06
13100 	 13446 	 6.2788005649e-01 	 6.2678985123e-06
13200 	 13547 	 6.2788005277e-01 	 5.5034896767e-06
13300 	 13651 	 6.2788005009e-01 	 4.6648474664e-06
13400 	 13754 	 6.2788004818e-01 	 4.9231733225e-06
13500 	 13856 	 6.2788004581e-01 	 4.6873971989e-06
13600 	 13958 	 6.2788004222e-01 	 6.0269062516e-06
13700 	 14060 	 6.2788003861e-01 	 6.6775417022e-06
13800 	 14160 	 6.2788003514e-01 	 9.7397817171e-06
13900 	 14263 	 6.2788003133e-01 	 5.9101244204e-06
14000 	 14364 	 6.2788002785e-01 	 6.3706331199e-06
14100 	 14468 	 6.2788002445e-01 	 7.7730305978e-06
14200 	 14571 	 6.2788002195e-01 	 1.0487737230e-05
14300 	 14672 	 6.2788002004e-01 	 6.3551436957e-06
14400 	 14775 	 6.2788001892e-01 	 9.1076962754e-06
14500 	 14878 	 6.2788001808e-01 	 2.4396959171e-06
14600 	 14979 	 6.2788001739e-01 	 2.2422987951e-06
14700 	 15083 	 6.2788001665e-01 	 2.8685239519e-06
14800 	 15187 	 6.2788001605e-01 	 2.7509589861e-06
14900 	 15289 	 6.2788001559e-01 	 3.6833001498e-06
15000 	 15389 	 6.2788001524e-01 	 4.7910698151e-06
15100 	 15493 	 6.2788001486e-01 	 3.3022153239e-06
15200 	 15596 	 6.2788001439e-01 	 1.9679547393e-06
15300 	 15700 	 6.2788001402e-01 	 1.9517766351e-06
15400 	 15803 	 6.2788001379e-01 	 3.3723302640e-06
15500 	 15904 	 6.2788001346e-01 	 2.8661135457e-06
15600 	 16007 	 6.2788001312e-01 	 1.6662506812e-06
15700 	 16108 	 6.2788001277e-01 	 2.5390128567e-06
15800 	 16209 	 6.2788001234e-01 	 4.2145629582e-06
15900 	 16311 	 6.2788001194e-01 	 2.2506735811e-06
16000 	 16415 	 6.2788001155e-01 	 1.9362462494e-06
16100 	 16518 	 6.2788001116e-01 	 2.1718117634e-06
16200 	 16621 	 6.2788001088e-01 	 2.9981880614e-06
16300 	 16724 	 6.2788001059e-01 	 5.7980066113e-06
16400 	 16826 	 6.2788001035e-01 	 1.4845580338e-06
16500 	 16929 	 6.2788001011e-01 	 1.6912689166e-06
16600 	 17029 	 6.2788000986e-01 	 1.6515085106e-06
16700 	 17131 	 6.2788000967e-01 	 2.2892740950e-06
16800 	 17231 	 6.2788000952e-01 	 2.5047634654e-06
16900 	 17334 	 6.2788000935e-01 	 3.5248252016e-06
17000 	 17436 	 6.2788000917e-01 	 1.2700926052e-06
17100 	 17536 	 6.2788000901e-01 	 1.0442293536e-06
17200 	 17639 	 6.2788000886e-01 	 1.0341411007e-06
17300 	 17740 	 6.2788000874e-01 	 1.1581939694e-06
17400 	 17844 	 6.2788000861e-01 	 9.8594661368e-07
17500 	 17945 	 6.2788000849e-01 	 1.8006123167e-06
17600 	 18047 	 6.2788000839e-01 	 1.4464203382e-06
17700 	 18149 	 6.2788000830e-01 	 9.6437297730e-07
17800 	 18253 	 6.2788000822e-01 	 9.8432201845e-07
17900 	 18354 	 6.2788000814e-01 	 7.3763907337e-07
18000 	 18459 	 6.2788000808e-01 	 1.2851982524e-06
18100 	 18561 	 6.2788000804e-01 	 5.7527148752e-07
18200 	 18662 	 6.2788000800e-01 	 9.2119792161e-07
18300 	 18762 	 6.2788000797e-01 	 6.1927790084e-07
18400 	 18866 	 6.2788000794e-01 	 4.6808241426e-07
18500 	 18970 	 6.2788000791e-01 	 5.6382875418e-07
18600 	 19072 	 6.2788000788e-01 	 4.1505428831e-07
18700 	 19174 	 6.2788000785e-01 	 7.3646482266e-07
18800 	 19275 	 6.2788000783e-01 	 5.9898612911e-07
18900 	 19377 	 6.2788000780e-01 	 4.4993041284e-07
19000 	 19478 	 6.2788000776e-01 	 7.8604412120e-07
19100 	 19581 	 6.2788000772e-01 	 8.8664484304e-07
19200 	 19683 	 6.2788000768e-01 	 1.0694572535e-06
19300 	 19787 	 6.2788000762e-01 	 9.1642214968e-07
19400 	 19889 	 6.2788000757e-01 	 1.5130446894e-06
19500 	 19991 	 6.2788000752e-01 	 9.1593198863e-07
19600 	 20093 	 6.2788000750e-01 	 4.2568801033e-07
19700 	 20196 	 6.2788000748e-01 	 6.8988966600e-07
19800 	 20300 	 6.2788000746e-01 	 8.5710869523e-07
19900 	 20402 	 6.2788000745e-01 	 4.0163793919e-07
20000 	 20503 	 6.2788000743e-01 	 6.3803969237e-07
20100 	 20606 	 6.2788000741e-01 	 3.6945300419e-07
20200 	 20708 	 6.2788000740e-01 	 3.5144822397e-07
20300 	 20811 	 6.2788000739e-01 	 2.3008411460e-07
20400 	 20913 	 6.2788000738e-01 	 3.1697136483e-07
20500 	 21016 	 6.2788000737e-01 	 6.3432177937e-07
20600 	 21118 	 6.2788000736e-01 	 9.7998751298e-07
20700 	 21222 	 6.2788000735e-01 	 4.4800290012e-07
20800 	 21324 	 6.2788000734e-01 	 2.7531559930e-07
20900 	 21425 	 6.2788000733e-01 	 3.5913798375e-07
21000 	 21527 	 6.2788000732e-01 	 5.5192375748e-07
21100 	 21629 	 6.2788000732e-01 	 2.8685818572e-07
21200 	 21730 	 6.2788000731e-01 	 1.7256122726e-07
21300 	 21832 	 6.2788000731e-01 	 1.9824721367e-07
21400 	 21936 	 6.2788000730e-01 	 1.8250926354e-07
21500 	 22038 	 6.2788000730e-01 	 2.3617288225e-07
21600 	 22140 	 6.2788000730e-01 	 2.4951498602e-07
21700 	 22240 	 6.2788000729e-01 	 2.3668095822e-07
21800 	 22343 	 6.2788000729e-01 	 2.7103742028e-07
21900 	 22447 	 6.2788000728e-01 	 2.6479524464e-07
22000 	 22549 	 6.2788000727e-01 	 2.4036126396e-07
22100 	 22654 	 6.2788000727e-01 	 2.7594865285e-07
22200 	 22757 	 6.2788000726e-01 	 2.7283891067e-07
22300 	 22860 	 6.2788000726e-01 	 3.9849070972e-07
22400 	 22960 	 6.2788000725e-01 	 2.7984921698e-07
22500 	 23062 	 6.2788000725e-01 	 2.6428045014e-07
22600 	 23165 	 6.2788000724e-01 	 2.0323749840e-07
22700 	 23266 	 6.2788000724e-01 	 2.3199655565e-07
22800 	 23369 	 6.2788000723e-01 	 1.8962857072e-07
22900 	 23471 	 6.2788000723e-01 	 1.8762322269e-07
23000 	 23573 	 6.2788000723e-01 	 1.4012105631e-07
23100 	 23677 	 6.2788000722e-01 	 1.2786776432e-07
23200 	 23780 	 6.2788000722e-01 	 1.8078936140e-07
23300 	 23882 	 6.2788000722e-01 	 1.2970224212e-07
23400 	 23984 	 6.2788000722e-01 	 1.6757122806e-07
23500 	 24089 	 6.2788000722e-01 	 1.2349672486e-07
23600 	 24192 	 6.2788000722e-01 	 7.8073613494e-08
23700 	 24296 	 6.2788000721e-01 	 1.3506070276e-07
23800 	 24398 	 6.2788000721e-01 	 8.0301359476e-08
23900 	 24500 	 6.2788000721e-01 	 7.3225535482e-08
24000 	 24606 	 6.2788000721e-01 	 1.1758956447e-07
24100 	 24716 	 6.2788000721e-01 	 6.7962536559e-08
24200 	 24822 	 6.2788000721e-01 	 8.5506389068e-08
24300 	 24925 	 6.2788000721e-01 	 8.5532916402e-08
24400 	 25033 	 6.2788000721e-01 	 6.8854565992e-08
24500 	 25136 	 6.2788000721e-01 	 6.1193435090e-08
24600 	 25239 	 6.2788000721e-01 	 9.6040986883e-08
24700 	 25345 	 6.2788000721e-01 	 1.6807840498e-07
24800 	 25451 	 6.2788000721e-01 	 1.0895938952e-07
24900 	 25554 	 6.2788000721e-01 	 1.2492914946e-07
25000 	 25657 	 6.2788000720e-01 	 1.5143989761e-07
25100 	 25760 	 6.2788000720e-01 	 9.4541545825e-08
25200 	 25867 	 6.2788000720e-01 	 5.9585075468e-08
25300 	 25978 	 6.2788000720e-01 	 4.4202524593e-08
25400 	 26086 	 6.2788000720e-01 	 8.2039222436e-08
25500 	 26193 	 6.2788000720e-01 	 1.0999469157e-07
25600 	 26297 	 6.2788000720e-01 	 6.9206729711e-08
25700 	 26402 	 6.2788000720e-01 	 1.3495232838e-07
25800 	 26518 	 6.2788000720e-01 	 5.4148983000e-08
25900 	 26626 	 6.2788000720e-01 	 1.7486140916e-07
26000 	 26733 	 6.2788000720e-01 	 7.8897342173e-08
26100 	 26839 	 6.2788000720e-01 	 6.5523484303e-08
26200 	 26945 	 6.2788000720e-01 	 5.2430574550e-08
26300 	 27060 	 6.2788000720e-01 	 8.8757839652e-08
# ---- 
 1 		 26303 	 27082 		 1.2261787001e+00 	 6.2788000720e-01 	 8.8819529842e-08
# ---- 
100 	 102 	 2.5958313915e+00 	 3.3087647789e-02
200 	 204 	 2.5805587966e+00 	 4.6293023038e-03
300 	 305 	 2.5784173128e+00 	 4.5795617763e-03
400 	 406 	 2.5766825601e+00 	 5.2238738644e-03
500 	 508 	 2.5759966332e+00 	 2.9363296830e-03
600 	 610 	 2.5755850308e+00 	 2.4017961900e-03
700 	 711 	 2.5750259587e+00 	 3.5348378956e-03
800 	 813 	 2.5742653356e+00 	 2.9364762000e-03
900 	 915 	 2.5737232235e+00 	 1.8919437890e-03
1000 	 1019 	 2.5735423535e+00 	 1.7049184900e-03
1100 	 1120 	 2.5734340643e+00 	 1.2435671485e-03
1200 	 1221 	 2.5733291365e+00 	 1.0326456809e-03
1300 	 1323 	 2.5732622907e+00 	 9.3207722843e-04
1400 	 1427 	 2.5732180975e+00 	 8.1002132675e-04
1500 	 1530 	 2.5731856439e+00 	 1.2340246949e-03
1600 	 1633 	 2.5731595611e+00 	 6.8922391303e-04
1700 	 1736 	 2.5731415309e+00 	 4.0957530647e-04
1800 	 1840 	 2.5731268757e+00 	 5.0660714586e-04
1900 	 1941 	 2.5731126148e+00 	 5.0226464398e-04
2000 	 2043 	 2.5731013461e+00 	 6.3728340001e-04
2100 	 2146 	 2.5730934127e+00 	 2.5247680597e-04
2200 	 2249 	 2.5730877894e+00 	 2.4150912469e-04
2300 	 2349 	 2.5730814307e+00 	 3.0048184801e-04
2400 	 2453 	 2.5730762522e+00 	 2.8207266246e-04
2500 	 2557 	 2.5730715613e+00 	 1.6475117167e-04
2600 	 2660 	 2.5730688176e+00 	 1.8222048681e-04
2700 	 2764 	 2.5730666462e+00 	 1.8599132894e-04
2800 	 2868 	 2.5730637682e+00 	 1.8393127681e-04
2900 	 2971 	 2.5730602000e+00 	 2.0280580589e-04
3000 	 3072 	 2.5730574916e+00 	 1.2545203370e-04
3100 	 3174 	 2.5730557045e+00 	 1.4432482846e-04
3200 	 3277 	 2.5730540292e+00 	 1.8821923473e-04
3300 	 3380 	 2.5730526959e+00 	 1.1525672002e-04
3400 	 3482 	 2.5730514058e+00 	 1.4352981401e-04
3500 	 3586 	 2.5730502518e+00 	 1.4436738586e-04
3600 	 3690 	 2.5730490082e+00 	 1.2083335843e-04
3700 	 3793 	 2.5730479422e+00 	 1.2112156283e-04
3800 	 3895 	 2.5730470267e+00 	 8.3516433737e-05
3900 	 3996 	 2.5730463182e+00 	 8.3374248083e-05
4000 	 4098 	 2.5730457369e+00 	 1.1720498568e-04
4100 	 4200 	 2.5730452443e+00 	 8.4007504762e-05
4200 	 4304 	 2.5730447332e+00 	 1.2527062618e-04
4300 	 4407 	 2.5730441623e+00 	 1.7537791546e-04
4400 	 4509 	 2.5730435008e+00 	 1.4554024689e-04
4500 	 4613 	 2.5730428468e+00 	 7.4348556719e-05
4600 	 4715 	 2.5730420188e+00 	 1.7969243369e-04
4700 	 4818 	 2.5730409229e+00 	 1.1671549860e-04
4800 	 4921 	 2.5730401059e+00 	 9.3038621467e-05
4900 	 5025 	 2.5730395793e+00 	 1.0066975962e-04
5000 	 5127 	 2.5730389743e+00 	 7.0941981327e-05
5100 	 5228 	 2.5730384169e+00 	 5.5071022185e-05
5200 	 5330 	 2.5730379698e+00 	 6.8723366568e-05
5300 	 5434 	 2.5730375441e+00 	 4.8091450090e-05
5400 	 5538 	 2.5730371935e+00 	 1.5865766199e-04
5500 	 5640 	 2.5730368775e+00 	 4.8730801745e-05
5600 	 5741 	 2.5730365457e+00 	 6.0614035549e-05
5700 	 5844 	 2.5730362416e+00 	 5.2860177461e-05
5800 	 5947 	 2.5730360276e+00 	 7.1113617871e-05
5900 	 6049 	 2.5730358253e+00 	 5.4692741830e-05
6000 	 6154 	 2.5730356418e+00 	 4.5500447260e-05
6100 	 6255 	 2.5730354574e+00 	 4.4587172971e-05
6200 	 6357 	 2.5730353045e+00 	 4.9204524510e-05
6300 	 6461 	 2.5730351478e+00 	 8.4701634441e-05
6400 	 6564 	 2.5730349882e+00 	 4.0063737819e-05
6500 	 6665 	 2.5730348764e+00 	 2.6555700739e-05
6600 	 6768 	 2.5730347883e+00 	 3.6848236845e-05
6700 	 6870 	 2.5730346960e+00 	 4.9716334006e-05
6800 	 6971 	 2.5730346130e+00 	 3.5164946337e-05
6900 	 7074 	 2.5730345234e+00 	 6.3223918219e-05
7000 	 7177 	 2.5730344412e+00 	 2.6573787194e-05
7100 	 7280 	 2.5730343561e+00 	 3.0953308554e-05
7200 	 7382 	 2.5730342551e+00 	 4.1149795636e-05
7300 	 7486 	 2.5730341671e+00 	 2.3678978692e-05
7400 	 7588 	 2.5730340842e+00 	 3.3861940785e-05
7500 	 7692 	 2.5730340149e+00 	 2.6087998260e-05
7600 	 7794 	 2.5730339629e+00 	 2.5056498499e-05
7700 	 7899 	 2.5730339209e+00 	 1.7227217092e-05
7800 	 8004 	 2.5730338855e+00 	 1.7539009614e-05
7900 	 8106 	 2.5730338522e+00 	 1.9984943439e-05
8000 	 8209 	 2.5730338186e+00 	 2.5079929858e-05
8100 	 8312 	 2.5730337818e+00 	 2.3146999588e-05
8200 	 8415 	 2.5730337558e+00 	 1.3929096611e-05
8300 	 8519 	 2.5730337335e+00 	 1.6980549317e-05
8400 	 8622 	 2.5730337170e+00 	 1.3166333976e-05
8500 	 8725 	 2.5730336997e+00 	 1.5964678630e-05
8600 	 8828 	 2.5730336794e+00 	 1.7809467738e-05
8700 	 8931 	 2.5730336549e+00 	 2.5314244008e-05
8800 	 9033 	 2.5730336368e+00 	 1.4778216268e-05
8900 	 9137 	 2.5730336257e+00 	 8.9854400644e-06
9000 	 9242 	 2.5730336162e+00 	 1.0461283145e-05
9100 	 9345 	 2.5730336066e+00 	 1.7910705723e-05
9200 	 9447 	 2.5730335968e+00 	 1.1876654085e-05
9300 	 9549 	 2.5730335873e+00 	 1.0572868313e-05
9400 	 9654 	 2.5730335752e+00 	 1.1569896902e-05
9500 	 9755 	 2.5730335596e+00 	 1.5689878811e-05
9600 	 9857 	 2.5730335447e+00 	 1.4038322185e-05
9700 	 9960 	 2.5730335327e+00 	 1.6679673837e-05
9800 	 10062 	 2.5730335235e+00 	 8.2256763672e-06
9900 	 10166 	 2.5730335169e+00 	 7.9579846071e-06
10000 	 10270 	 2.5730335109e+00 	 8.0371566915e-06
10100 	 10372 	 2.5730335052e+00 	 9.6267239975e-06
10200 	 10474 	 2.5730334997e+00 	 1.0631776461e-05
10300 	 10576 	 2.5730334944e+00 	 8.9683144060e-06
10400 	 10677 	 2.5730334886e+00 	 9.3372779912e-06
10500 	 10781 	 2.5730334833e+00 	 7.5043725795e-06
10600 	 10883 	 2.5730334795e+00 	 4.9048120842e-06
10700 	 10987 	 2.5730334767e+00 	 1.2897000799e-05
10800 	 11090 	 2.5730334739e+00 	 7.4711232323e-06
10900 	 11193 	 2.5730334709e+00 	 5.4906872452e-06
11000 	 11296 	 2.5730334688e+00 	 4.0178221393e-06
11100 	 11400 	 2.5730334662e+00 	 5.3990275218e-06
11200 	 11504 	 2.5730334628e+00 	 7.1383793997e-06
11300 	 11605 	 2.5730334591e+00 	 7.2729699094e-06
11400 	 11709 	 2.5730334553e+00 	 6.5965805497e-06
11500 	 11809 	 2.5730334517e+00 	 9.3934667290e-06
11600 	 11911 	 2.5730334488e+00 	 4.0249807470e-06
11700 	 12013 	 2.5730334461e+00 	 4.9401658872e-06
11800 	 12116 	 2.5730334439e+00 	 3.8216957013e-06
11900 	 12217 	 2.5730334422e+00 	 3.7700087668e-06
12000 	 12320 	 2.5730334405e+00 	 4.1790173970e-06
12100 	 12421 	 2.5730334388e+00 	 4.2475375868e-06
12200 	 12525 	 2.5730334373e+00 	 3.4641196945e-06
12300 	 12625 	 2.5730334359e+00 	 3.3453209102e-06
12400 	 12728 	 2.5730334349e+00 	 3.2183739053e-06
12500 	 12832 	 2.5730334341e+00 	 4.2003366256e-06
12600 	 12932 	 2.5730334334e+00 	 2.5264935679e-06
12700 	 13036 	 2.5730334324e+00 	 3.1989235909e-06
12800 	 13138 	 2.5730334315e+00 	 3.3415857583e-06
12900 	 13242 	 2.5730334305e+00 	 3.9996048224e-06
13000 	 13344 	 2.5730334296e+00 	 5.1558471376e-06
13100 	 13447 	 2.5730334287e+00 	 2.6302118593e-06
13200 	 13550 	 2.5730334277e+00 	 2.3067944539e-06
13300 	 13655 	 2.5730334267e+00 	 3.6041675189e-06
13400 	 13758 	 2.5730334256e+00 	 3.9140518522e-06
13500 	 13859 	 2.5730334247e+00 	 2.1171120787e-06
13600 	 13963 	 2.5730334243e+00 	 2.3500437471e-06
13700 	 14065 	 2.5730334240e+00 	 4.1484254729e-06
13800 	 14168 	 2.5730334237e+00 	 1.8251153224e-06
13900 	 14271 	 2.5730334235e+00 	 1.2434391350e-06
14000 	 14372 	 2.5730334234e+00 	 3.5671074520e-06
14100 	 14474 	 2.5730334231e+00 	 2.7691159098e-06
14200 	 14577 	 2.5730334228e+00 	 1.9806825444e-06
14300 	 14681 	 2.5730334226e+00 	 2.6194216337e-06
14400 	 14782 	 2.5730334224e+00 	 1.0161666188e-06
14500 	 14884 	 2.5730334223e+00 	 1.0867675722e-06
14600 	 14987 	 2.5730334221e+00 	 1.7263702753e-06
14700 	 15090 	 2.5730334219e+00 	 1.2404186895e-06
14800 	 15194 	 2.5730334218e+00 	 1.7141814623e-06
14900 	 15299 	 2.5730334217e+00 	 1.9357052835e-06
15000 	 15400 	 2.5730334215e+00 	 1.2922734055e-06
15100 	 15501 	 2.5730334214e+00 	 1.2234496062e-06
15200 	 15604 	 2.5730334212e+00 	 2.6169761704e-06
15300 	 15707 	 2.5730334211e+00 	 1.1535447425e-06
15400 	 15809 	 2.5730334210e+00 	 1.2524832919e-06
15500 	 15911 	 2.5730334210e+00 	 9.5173013206e-07
15600 	 16014 	 2.5730334209e+00 	 9.1509842907e-07
15700 	 16118 	 2.5730334208e+00 	 7.0506408761e-07
15800 	 16221 	 2.5730334207e+00 	 1.6810155451e-06
15900 	 16324 	 2.5730334206e+00 	 1.2073960311e-06
16000 	 16425 	 2.5730334206e+00 	 1.2303557516e-06
16100 	 16530 	 2.5730334205e+00 	 9.0255425785e-07
16200 	 16636 	 2.5730334204e+00 	 1.2789522495e-06
16300 	 16738 	 2.5730334204e+00 	 2.2341924634e-06
16400 	 16841 	 2.5730334203e+00 	 1.1019923411e-06
16500 	 16945 	 2.5730334202e+00 	 6.7030309061e-07
16600 	 17048 	 2.5730334202e+00 	 1.1936496559e-06
16700 	 17151 	 2.5730334202e+00 	 5.3185946788e-07
16800 	 17253 	 2.5730334201e+00 	 7.7686164158e-07
16900 	 17355 	 2.5730334201e+00 	 7.8601915620e-07
17000 	 17456 	 2.5730334200e+00 	 6.3276987681e-07
17100 	 17556 	 2.5730334200e+00 	 5.1885956833e-07
17200 	 17658 	 2.5730334200e+00 	 5.2046343504e-07
17300 	 17764 	 2.5730334200e+00 	 5.0289364764e-07
17400 	 17866 	 2.5730334199e+00 	 3.3493279630e-07
17500 	 17967 	 2.5730334199e+00 	 7.1889605957e-07
17600 	 18068 	 2.5730334199e+00 	 5.8121333123e-07
17700 	 18172 	 2.5730334199e+00 	 3.9543467201e-07
17800 	 18274 	 2.5730334199e+00 	 5.5352754894e-07
17900 	 18377 	 2.5730334199e+00 	 4.9552052467e-07
18000 	 18479 	 2.5730334199e+00 	 1.9483597193e-07
18100 	 18581 	 2.5730334199e+00 	 2.1316710908e-07
18200 	 18682 	 2.5730334199e+00 	 2.8562512453e-07
18300 	 18783 	 2.5730334199e+00 	 2.1703757427e-07
18400 	 18887 	 2.5730334199e+00 	 1.5972728753e-07
18500 	 18990 	 2.5730334199e+00 	 2.1521476353e-07
18600 	 19091 	 2.5730334199e+00 	 2.2577001076e-07
18700 	 19192 	 2.5730334199e+00 	 2.1791031124e-07
18800 	 19302 	 2.5730334199e+00 	 2.6399924300e-07
18900 	 19404 	 2.5730334199e+00 	 2.1817354858e-07
19000 	 19505 	 2.5730334199e+00 	 3.1726687728e-07
19100 	 19608 	 2.5730334199e+00 	 1.4946469471e-07
19200 	 19714 	 2.5730334198e+00 	 1.8921651344e-07
19300 	 19815 	 2.5730334198e+00 	 2.3456987365e-07
19400 	 19915 	 2.5730334198e+00 	 1.9799493329e-07
19500 	 20020 	 2.5730334198e+00 	 3.1691989719e-07
19600 	 20123 	 2.5730334198e+00 	 1.7935781972e-07
19700 	 20224 	 2.5730334198e+00 	 1.9759922625e-07
19800 	 20327 	 2.5730334198e+00 	 2.3607886954e-07
19900 	 20430 	 2.5730334198e+00 	 1.7352209836e-07
20000 	 20536 	 2.5730334198e+00 	 1.0612831198e-07
20100 	 20643 	 2.5730334198e+00 	 1.2465161285e-07
20200 	 20756 	 2.5730334198e+00 	 1.1185466597e-07
20300 	 20869 	 2.5730334198e+00 	 5.9946365297e-08
# ---- 
 1 		 20328 	 20922 		 3.1285660096e+00 	 2.5730334198e+00 	 5.6443784480e-08
# ---- 
100 	 103 	 5.9028340051e+00 	 2.9759109537e-02
200 	 206 	 5.8949809632e+00 	 6.0662573704e-03
300 	 308 	 5.8924808375e+00 	 6.6475757466e-03
400 	 411 	 5.8910421639e+00 	 3.5646756931e-03
500 	 513 	 5.8903033273e+00 	 2.6642220568e-03
600 	 615 	 5.8899045213e+00 	 3.6334972813e-03
700 	 718 	 5.8894726039e+00 	 2.9967919733e-03
800 	 821 	 5.8889100089e+00 	 3.2271792096e-03
900 	 923 	 5.8884943361e+00 	 1.4188478430e-03
1000 	 1027 	 5.8883616929e+00 	 1.2079182615e-03
1100 	 1129 	 5.8882419020e+00 	 1.3275017870e-03
1200 	 1232 	 5.8881692745e+00 	 1.7564231029e-03
1300 	 1334 	 5.8881233243e+00 	 8.6658872654e-04
1400 	 1434 	 5.8880948771e+00 	 5.4271249954e-04
1500 	 1536 	 5.8880687834e+00 	 1.2707459453e-03
1600 	 1638 	 5.8880439162e+00 	 7.6603206549e-04
1700 	 1740 	 5.8880217358e+00 	 1.2307475720e-03
1800 	 1843 	 5.8880068072e+00 	 2.9763254457e-04
1900 	 1946 	 5.8879970735e+00 	 2.3182175056e-04
2000 	 2048 	 5.8879891928e+00 	 3.8180514201e-04
2100 	 2151 	 5.8879828957e+00 	 3.8708708200e-04
2200 	 2253 	 5.8879768050e+00 	 5.6601716725e-04
2300 	 2354 	 5.8879719811e+00 	 4.0687290881e-04
2400 	 2456 	 5.8879687143e+00 	 5.1861699756e-04
2500 	 2559 	 5.8879663999e+00 	 2.2792043578e-04
2600 	 2661 	 5.8879645528e+00 	 1.4741583546e-04
2700 	 2763 	 5.8879622948e+00 	 1.4614394600e-04
2800 	 2864 	 5.8879602577e+00 	 1.5340745419e-04
2900 	 2966 	 5.8879588377e+00 	 1.2417955653e-04
3000 	 3067 	 5.8879579790e+00 	 9.5383313075e-05
3100 	 3169 	 5.8879573252e+00 	 1.8766024850e-04
3200 	 3270 	 5.8879567772e+00 	 7.8108701187e-05
3300 	 3374 	 5.8879562191e+00 	 9.2488439259e-05
3400 	 3475 	 5.8879556303e+00 	 6.8352839240e-05
3500 	 3578 	 5.8879552139e+00 	 1.0840907779e-04
3600 	 3680 	 5.8879548724e+00 	 7.0254880089e-05
3700 	 3782 	 5.8879546014e+00 	 5.3862625082e-05
3800 	 3887 	 5.8879543088e+00 	 1.2960873767e-04
3900 	 3990 	 5.8879539780e+00 	 5.9885928218e-05
4000 	 4092 	 5.8879535857e+00 	 8.5342332384e-05
4100 	 4195 	 5.8879532574e+00 	 8.5211388534e-05
4200 	 4296 	 5.8879529870e+00 	 5.8151899963e-05
4300 	 4396 	 5.8879526554e+00 	 5.7061718335e-05
4400 	 4498 	 5.8879522847e+00 	 4.1238769125e-05
4500 	 4601 	 5.8879520124e+00 	 6.6500077585e-05
4600 	 4705 	 5.8879517982e+00 	 5.1807886396e-05
4700 	 4808 	 5.8879515983e+00 	 5.2518144859e-05
4800 	 4909 	 5.8879514112e+00 	 6.0303467129e-05
4900 	 5012 	 5.8879511822e+00 	 7.7563192196e-05
5000 	 5115 	 5.8879509844e+00 	 6.7566075767e-05
5100 	 5219 	 5.8879508620e+00 	 3.5507468890e-05
5200 	 5321 	 5.8879507664e+00 	 8.1842685563e-05
5300 	 5423 	 5.8879506728e+00 	 2.6220005576e-05
5400 	 5526 	 5.8879505502e+00 	 4.6467359067e-05
5500 	 5629 	 5.8879504627e+00 	 2.5132893089e-05
5600 	 5732 	 5.8879504127e+00 	 2.6554068397e-05
5700 	 5833 	 5.8879503768e+00 	 1.5085640897e-05
5800 	 5934 	 5.8879503496e+00 	 1.8078944616e-05
5900 	 6035 	 5.8879503263e+00 	 1.8930699064e-05
6000 	 6139 	 5.8879503086e+00 	 1.4495422593e-05
6100 	 6241 	 5.8879502960e+00 	 1.0288509224e-05
6200 	 6343 	 5.8879502851e+00 	 9.1917993521e-06
6300 	 6446 	 5.8879502693e+00 	 1.7613886440e-05
6400 	 6550 	 5.8879502461e+00 	 1.4790723258e-05
6500 	 6652 	 5.8879502275e+00 	 4.4246820369e-05
6600 	 6755 	 5.8879502063e+00 	 2.0690301053e-05
6700 	 6856 	 5.8879501835e+00 	 1.5377004403e-05
6800 	 6960 	 5.8879501575e+00 	 1.5688687594e-05
6900 	 7061 	 5.8879501362e+00 	 1.3562231497e-05
7000 	 7161 	 5.8879501206e+00 	 2.5187988661e-05
7100 	 7263 	 5.8879501055e+00 	 2.2242211685e-05
7200 	 7366 	 5.8879500917e+00 	 1.6893913831e-05
7300 	 7467 	 5.8879500794e+00 	 1.3554520501e-05
7400 	 7570 	 5.8879500661e+00 	 1.1008316191e-05
7500 	 7675 	 5.8879500548e+00 	 1.2507429162e-05
7600 	 7777 	 5.8879500462e+00 	 1.0250616040e-05
7700 	 7879 	 5.8879500411e+00 	 8.3237935771e-06
7800 	 7980 	 5.8879500373e+00 	 6.2019546722e-06
7900 	 8082 	 5.8879500340e+00 	 1.3476731442e-05
8000 	 8185 	 5.8879500303e+00 	 6.9423598414e-06
8100 	 8288 	 5.8879500262e+00 	 5.5469323712e-06
8200 	 8389 	 5.8879500234e+00 	 6.4979407950e-06
8300 	 8492 	 5.8879500210e+00 	 7.7618942450e-06
8400 	 8594 	 5.8879500182e+00 	 5.9437192158e-06
8500 	 8698 	 5.8879500157e+00 	 5.8532117817e-06
8600 	 8798 	 5.8879500130e+00 	 5.5801883237e-06
8700 	 8901 	 5.8879500108e+00 	 4.2179511217e-06
8800 	 9003 	 5.8879500087e+00 	 4.0140375708e-06
8900 	 9104 	 5.8879500066e+00 	 5.3522343169e-06
9000 	 9207 	 5.8879500053e+00 	 3.2788316386e-06
9100 	 9310 	 5.8879500043e+00 	 3.8309972089e-06
9200 	 9413 	 5.8879500032e+00 	 3.4686235855e-06
9300 	 9514 	 5.8879500020e+00 	 3.0917212522e-06
9400 	 9615 	 5.8879500006e+00 	 4.4441402747e-06
9500 	 9721 	 5.8879499993e+00 	 3.9297235113e-06
9600 	 9824 	 5.8879499978e+00 	 3.8439367464e-06
9700 	 9926 	 5.8879499965e+00 	 7.4293672762e-06
9800 	 10029 	 5.8879499954e+00 	 4.3632110039e-06
9900 	 10130 	 5.8879499948e+00 	 2.7798338778e-06
10000 	 10232 	 5.8879499943e+00 	 2.4111919900e-06
10100 	 10333 	 5.8879499937e+00 	 2.6038106299e-06
10200 	 10435 	 5.8879499929e+00 	 3.9992274323e-06
10300 	 10539 	 5.8879499919e+00 	 2.9093518334e-06
10400 	 10641 	 5.8879499911e+00 	 5.5560134118e-06
10500 	 10743 	 5.8879499904e+00 	 3.0906261025e-06
10600 	 10845 	 5.8879499896e+00 	 3.5437957779e-06
10700 	 10946 	 5.8879499889e+00 	 3.4007470663e-06
10800 	 11049 	 5.8879499884e+00 	 3.0214820229e-06
10900 	 11151 	 5.8879499881e+00 	 3.1055221267e-06
11000 	 11255 	 5.8879499878e+00 	 1.2280956727e-06
11100 	 11357 	 5.8879499875e+00 	 2.6147275452e-06
11200 	 11460 	 5.8879499873e+00 	 1.2096456873e-06
11300 	 11565 	 5.8879499871e+00 	 1.7733952181e-06
11400 	 11668 	 5.8879499870e+00 	 2.0215508047e-06
11500 	 11771 	 5.8879499868e+00 	 9.4993289407e-07
11600 	 11873 	 5.8879499867e+00 	 1.4190850503e-06
11700 	 11976 	 5.8879499866e+00 	 1.0837696170e-06
11800 	 12080 	 5.8879499865e+00 	 8.4383747725e-07
11900 	 12184 	 5.8879499865e+00 	 5.9571639628e-07
12000 	 12284 	 5.8879499864e+00 	 7.1415449687e-07
12100 	 12387 	 5.8879499863e+00 	 8.3700891760e-07
12200 	 12491 	 5.8879499863e+00 	 5.8542176094e-07
12300 	 12596 	 5.8879499862e+00 	 8.4499525887e-07
12400 	 12698 	 5.8879499862e+00 	 8.3423291654e-07
12500 	 12801 	 5.8879499861e+00 	 5.5835988429e-07
12600 	 12904 	 5.8879499861e+00 	 1.1561493741e-06
12700 	 13006 	 5.8879499860e+00 	 5.7361787058e-07
12800 	 13107 	 5.8879499860e+00 	 5.9606596983e-07
12900 	 13209 	 5.8879499860e+00 	 6.2227111077e-07
13000 	 13311 	 5.8879499859e+00 	 5.9314440244e-07
13100 	 13416 	 5.8879499859e+00 	 5.2603223365e-07
13200 	 13517 	 5.8879499859e+00 	 3.2544278357e-07
13300 	 13618 	 5.8879499859e+00 	 5.5637082458e-07
13400 	 13720 	 5.8879499859e+00 	 1.3788120155e-06
13500 	 13820 	 5.8879499858e+00 	 8.3601868728e-07
13600 	 13922 	 5.8879499858e+00 	 3.9810229567e-07
13700 	 14022 	 5.8879499858e+00 	 9.6538329737e-07
13800 	 14124 	 5.8879499858e+00 	 3.3744378980e-07
13900 	 14227 	 5.8879499858e+00 	 3.3089702236e-07
14000 	 14333 	 5.8879499858e+00 	 3.6534616970e-07
14100 	 14439 	 5.8879499858e+00 	 2.7521540911e-07
14200 	 14543 	 5.8879499858e+00 	 3.4521336941e-07
14300 	 14645 	 5.8879499857e+00 	 6.2095386801e-07
14400 	 14748 	 5.8879499857e+00 	 3.4468886761e-07
14500 	 14851 	 5.8879499857e+00 	 2.6844032036e-07
14600 	 14953 	 5.8879499857e+00 	 2.0059245400e-07
14700 	 15059 	 5.8879499857e+00 	 6.3943668805e-07
14800 	 15163 	 5.8879499857e+00 	 2.9049185001e-07
14900 	 15269 	 5.8879499857e+00 	 3.1863893232e-07
15000 	 15372 	 5.8879499857e+00 	 2.3096177538e-07
15100 	 15480 	 5.8879499857e+00 	 2.2136568922e-07
15200 	 15588 	 5.8879499857e+00 	 2.8917254991e-07
15300 	 15696 	 5.8879499857e+00 	 2.0929552751e-07
# ---- 
 1 		 15305 	 15719 		 6.4260154520e+00 	 5.8879499857e+00 	 1.9743351200e-07
# ---- 
100 	 102 	 1.0608995106e+01 	 1.7551234657e-02
200 	 203 	 1.0603875663e+01 	 6.9025304610e-03
300 	 304 	 1.0601353487e+01 	 9.0482953177e-03
400 	 407 	 1.0600071059e+01 	 8.5428201641e-03
500 	 508 	 1.0599342630e+01 	 2.8909664697e-03
600 	 611 	 1.0598957659e+01 	 1.8557075746e-03
700 	 711 	 1.0598491030e+01 	 3.8611687301e-03
800 	 813 	 1.0597939841e+01 	 3.0745743498e-03
900 	 915 	 1.0597666923e+01 	 1.6936697274e-03
1000 	 1020 	 1.0597563552e+01 	 1.0125575851e-03
1100 	 1122 	 1.0597497458e+01 	 7.8138950290e-04
1200 	 1224 	 1.0597432660e+01 	 8.8574318991e-04
1300 	 1326 	 1.0597384701e+01 	 5.1629630782e-04
1400 	 1432 	 1.0597357055e+01 	 4.5685378734e-04
1500 	 1535 	 1.0597333784e+01 	 5.0539033245e-04
1600 	 1638 	 1.0597315478e+01 	 4.5367386008e-04
1700 	 1741 	 1.0597298860e+01 	 3.6979453071e-04
1800 	 1842 	 1.0597288308e+01 	 3.6467290881e-04
1900 	 1945 	 1.0597280110e+01 	 3.4231528138e-04
2000 	 2049 	 1.0597274249e+01 	 6.0314474548e-04
2100 	 2151 	 1.0597270408e+01 	 2.7243442771e-04
2200 	 2255 	 1.0597266475e+01 	 2.0484611099e-04
2300 	 2356 	 1.0597263503e+01 	 2.5311635045e-04
2400 	 2458 	 1.0597261195e+01 	 1.9411514076e-04
2500 	 2561 	 1.0597259622e+01 	 1.0251479858e-04
2600 	 2661 	 1.0597258254e+01 	 3.5040505945e-04
2700 	 2764 	 1.0597257047e+01 	 1.1271254034e-04
2800 	 2867 	 1.0597256176e+01 	 2.3456515286e-04
2900 	 2971 	 1.0597255541e+01 	 7.1491383407e-05
3000 	 3074 	 1.0597255030e+01 	 7.5940110853e-05
3100 	 3178 	 1.0597254594e+01 	 5.9543302931e-05
3200 	 3280 	 1.0597254279e+01 	 9.3205384117e-05
3300 	 3380 	 1.0597253991e+01 	 4.6210531803e-05
3400 	 3483 	 1.0597253754e+01 	 5.1826076720e-05
3500 	 3585 	 1.0597253509e+01 	 5.4010991532e-05
3600 	 3688 	 1.0597253238e+01 	 6.2122692927e-05
3700 	 3791 	 1.0597252997e+01 	 5.0545895821e-05
3800 	 3894 	 1.0597252802e+01 	 1.1700032859e-04
3900 	 3996 	 1.0597252521e+01 	 1.4889005703e-04
4000 	 4098 	 1.0597252321e+01 	 6.2482441426e-05
4100 	 4201 	 1.0597252140e+01 	 6.3508252514e-05
4200 	 4304 	 1.0597251990e+01 	 3.8256323320e-05
4300 	 4406 	 1.0597251866e+01 	 3.7289618235e-05
4400 	 4508 	 1.0597251752e+01 	 3.8718079376e-05
4500 	 4612 	 1.0597251610e+01 	 3.3758303638e-05
4600 	 4716 	 1.0597251496e+01 	 4.4101428223e-05
4700 	 4819 	 1.0597251391e+01 	 9.4460047144e-05
4800 	 4920 	 1.0597251323e+01 	 2.4146598587e-05
4900 	 5022 	 1.0597251252e+01 	 2.8519043112e-05
5000 	 5124 	 1.0597251197e+01 	 2.5015376413e-05
5100 	 5226 	 1.0597251154e+01 	 2.0687078698e-05
5200 	 5328 	 1.0597251125e+01 	 1.8343514694e-05
5300 	 5430 	 1.0597251109e+01 	 1.3368183810e-05
5400 	 5531 	 1.0597251097e+01 	 1.0013915841e-05
5500 	 5635 	 1.0597251086e+01 	 1.2861066635e-05
5600 	 5737 	 1.0597251072e+01 	 1.4036632690e-05
5700 	 5840 	 1.0597251059e+01 	 1.1769503170e-05
5800 	 5942 	 1.0597251047e+01 	 1.3076153596e-05
5900 	 6045 	 1.0597251033e+01 	 2.0213526727e-05
6000 	 6149 	 1.0597251016e+01 	 1.4371916422e-05
6100 	 6252 	 1.0597250996e+01 	 1.7357998408e-05
6200 	 6354 	 1.0597250981e+01 	 1.3080796400e-05
6300 	 6458 	 1.0597250972e+01 	 2.1350265596e-05
6400 	 6562 	 1.0597250967e+01 	 1.0913606156e-05
6500 	 6665 	 1.0597250961e+01 	 7.2454388743e-06
6600 	 6765 	 1.0597250953e+01 	 2.8816800044e-05
6700 	 6868 	 1.0597250945e+01 	 1.0166973976e-05
6800 	 6973 	 1.0597250938e+01 	 1.0968506376e-05
6900 	 7076 	 1.0597250932e+01 	 8.9116679259e-06
7000 	 7177 	 1.0597250928e+01 	 5.8054235376e-06
7100 	 7281 	 1.0597250925e+01 	 5.2035669529e-06
7200 	 7383 	 1.0597250922e+01 	 7.3625488035e-06
7300 	 7488 	 1.0597250920e+01 	 1.0083340872e-05
7400 	 7592 	 1.0597250918e+01 	 4.9568418241e-06
7500 	 7697 	 1.0597250916e+01 	 4.9481960033e-06
7600 	 7800 	 1.0597250914e+01 	 5.5799771802e-06
7700 	 7903 	 1.0597250912e+01 	 5.4490638700e-06
7800 	 8004 	 1.0597250910e+01 	 9.2867070279e-06
7900 	 8105 	 1.0597250909e+01 	 3.7649423280e-06
8000 	 8208 	 1.0597250908e+01 	 3.4547872487e-06
8100 	 8310 	 1.0597250907e+01 	 7.7289388746e-06
8200 	 8411 	 1.0597250906e+01 	 3.7174224665e-06
8300 	 8513 	 1.0597250906e+01 	 2.7359311599e-06
8400 	 8615 	 1.0597250905e+01 	 2.7196232190e-06
8500 	 8718 	 1.0597250904e+01 	 2.3949869550e-06
8600 	 8820 	 1.0597250903e+01 	 5.8039032849e-06
8700 	 8923 	 1.0597250902e+01 	 6.9965728691e-06
8800 	 9025 	 1.0597250902e+01 	 2.1221651079e-06
8900 	 9128 	 1.0597250901e+01 	 1.8438670595e-06
9000 	 9228 	 1.0597250901e+01 	 1.4859880984e-06
9100 	 9333 	 1.0597250901e+01 	 2.9477951367e-06
9200 	 9436 	 1.0597250901e+01 	 1.6256711535e-06
9300 	 9539 	 1.0597250900e+01 	 1.4167442502e-06
9400 	 9643 	 1.0597250900e+01 	 1.6804745885e-06
9500 	 9747 	 1.0597250900e+01 	 1.9991615057e-06
9600 	 9849 	 1.0597250900e+01 	 1.0206011112e-06
9700 	 9951 	 1.0597250900e+01 	 1.4823388019e-06
9800 	 10053 	 1.0597250899e+01 	 1.1690035238e-06
9900 	 10153 	 1.0597250899e+01 	 1.2672506772e-06
10000 	 10257 	 1.0597250899e+01 	 1.2177639247e-06
10100 	 10360 	 1.0597250899e+01 	 1.1376523101e-06
10200 	 10462 	 1.0597250899e+01 	 1.1397230052e-06
10300 	 10563 	 1.0597250899e+01 	 8.8400135127e-07
10400 	 10665 	 1.0597250899e+01 	 1.6650873919e-06
10500 	 10767 	 1.0597250899e+01 	 9.3077338026e-07
10600 	 10869 	 1.0597250899e+01 	 6.7457049137e-07
10700 	 10972 	 1.0597250899e+01 	 1.7355761931e-06
10800 	 11075 	 1.0597250898e+01 	 6.2471159366e-07
10900 	 11179 	 1.0597250898e+01 	 6.7604126308e-07
11000 	 11280 	 1.0597250898e+01 	 4.9599756194e-07
11100 	 11382 	 1.0597250898e+01 	 9.3141854025e-07
11200 	 11484 	 1.0597250898e+01 	 4.2848085060e-07
11300 	 11589 	 1.0597250898e+01 	 4.8562978820e-07
11400 	 11692 	 1.0597250898e+01 	 3.6865100088e-07
11500 	 11794 	 1.0597250898e+01 	 5.7912767790e-07
11600 	 11895 	 1.0597250898e+01 	 3.9207144464e-07
11700 	 11995 	 1.0597250898e+01 	 3.3170635651e-07
11800 	 12099 	 1.0597250898e+01 	 5.7259402840e-07
11900 	 12200 	 1.0597250898e+01 	 4.4549600277e-07
12000 	 12302 	 1.0597250898e+01 	 2.8523030366e-07
12100 	 12405 	 1.0597250898e+01 	 6.5513275104e-07
12200 	 12509 	 1.0597250898e+01 	 2.8146797086e-07
12300 	 12614 	 1.0597250898e+01 	 2.9019859306e-07
12400 	 12717 	 1.0597250898e+01 	 9.6255629913e-07
12500 	 12820 	 1.0597250898e+01 	 3.1506169773e-07
12600 	 12928 	 1.0597250898e+01 	 2.3605889247e-07
12700 	 13033 	 1.0597250898e+01 	 2.9133786095e-07
12800 	 13139 	 1.0597250898e+01 	 2.6275207797e-07
12900 	 13260 	 1.0597250898e+01 	 1.0424854873e-07
13000 	 13382 	 1.0597250898e+01 	 1.7599776636e-07
13100 	 13497 	 1.0597250898e+01 	 7.7087768165e-08
# ---- 
 1 		 13127 	 13547 		 1.1126783225e+01 	 1.0597250898e+01 	 1.8061106272e-07
# ---- 
100 	 101 	 1.6726472609e+01 	 1.5357603654e-02
200 	 203 	 1.6722076863e+01 	 5.1670238586e-03
300 	 303 	 1.6719562240e+01 	 4.9732328322e-03
400 	 405 	 1.6718345058e+01 	 7.4517846145e-03
500 	 509 	 1.6717615171e+01 	 4.2779781837e-03
600 	 611 	 1.6717217524e+01 	 4.9893586047e-03
700 	 713 	 1.6716770312e+01 	 3.2156460271e-03
800 	 814 	 1.6716246221e+01 	 2.8127672301e-03
900 	 914 	 1.6716040550e+01 	 1.5203514647e-03
1000 	 1014 	 1.6715947931e+01 	 2.4047544011e-03
1100 	 1115 	 1.6715889888e+01 	 7.0422708130e-04
1200 	 1219 	 1.6715827839e+01 	 8.7034097370e-04
1300 	 1322 	 1.6715777897e+01 	 7.3351975322e-04
1400 	 1425 	 1.6715748001e+01 	 7.0037456201e-04
1500 	 1527 	 1.6715726173e+01 	 4.5457461557e-04
1600 	 1629 	 1.6715710533e+01 	 8.8330144934e-04
1700 	 1730 	 1.6715698314e+01 	 4.9973624716e-04
1800 	 1831 	 1.6715688693e+01 	 3.9830118649e-04
1900 	 1933 	 1.6715681364e+01 	 2.6379947301e-04
2000 	 2034 	 1.6715676708e+01 	 3.4941701615e-04
2100 	 2136 	 1.6715673366e+01 	 4.0896568523e-04
2200 	 2239 	 1.6715671049e+01 	 3.6625152831e-04
2300 	 2343 	 1.6715669022e+01 	 5.1466352332e-04
2400 	 2448 	 1.6715667416e+01 	 1.0091553618e-04
2500 	 2552 	 1.6715666079e+01 	 2.1513400610e-04
2600 	 2655 	 1.6715664782e+01 	 1.2422114872e-04
2700 	 2757 	 1.6715664008e+01 	 1.1747999226e-04
2800 	 2860 	 1.6715663565e+01 	 6.7211968614e-05
2900 	 2962 	 1.6715663199e+01 	 7.4617481396e-05
3000 	 3063 	 1.6715662817e+01 	 2.1002974387e-04
3100 	 3166 	 1.6715662502e+01 	 1.0407551849e-04
3200 	 3268 	 1.6715662277e+01 	 6.9077127532e-05
3300 	 3369 	 1.6715662078e+01 	 4.9814471279e-05
3400 	 3471 	 1.6715661896e+01 	 5.8795171876e-05
3500 	 3573 	 1.6715661642e+01 	 4.8658091774e-05
3600 	 3676 	 1.6715661386e+01 	 4.4241243547e-05
3700 	 3779 	 1.6715661203e+01 	 6.3934053500e-05
3800 	 3880 	 1.6715661042e+01 	 4.2245124290e-05
3900 	 3982 	 1.6715660908e+01 	 4.6079847501e-05
4000 	 4085 	 1.6715660796e+01 	 2.5117015799e-05
4100 	 4186 	 1.6715660712e+01 	 5.8300178529e-05
4200 	 4288 	 1.6715660643e+01 	 7.6735496221e-05
4300 	 4391 	 1.6715660573e+01 	 3.0472674705e-05
4400 	 4493 	 1.6715660491e+01 	 3.0863195946e-05
4500 	 4598 	 1.6715660419e+01 	 2.8308555147e-05
4600 	 4704 	 1.6715660348e+01 	 3.2326798050e-05
4700 	 4806 	 1.6715660273e+01 	 4.8178094358e-05
4800 	 4909 	 1.6715660221e+01 	 3.0329901917e-05
4900 	 5012 	 1.6715660178e+01 	 1.7448284462e-05
5000 	 5112 	 1.6715660149e+01 	 1.5836740042e-05
5100 	 5215 	 1.6715660131e+01 	 1.3982394941e-05
5200 	 5316 	 1.6715660119e+01 	 1.0477413998e-05
5300 	 5418 	 1.6715660107e+01 	 2.2258924126e-05
5400 	 5519 	 1.6715660088e+01 	 1.7269888352e-05
5500 	 5619 	 1.6715660069e+01 	 1.1454705477e-05
5600 	 5720 	 1.6715660054e+01 	 1.1829743644e-05
5700 	 5822 	 1.6715660042e+01 	 2.5890559859e-05
5800 	 5925 	 1.6715660031e+01 	 8.7008173855e-06
5900 	 6027 	 1.6715660022e+01 	 1.9950112635e-05
6000 	 6130 	 1.6715660013e+01 	 8.5965510272e-06
6100 	 6232 	 1.6715660006e+01 	 8.2005755259e-06
6200 	 6336 	 1.6715660000e+01 	 5.7605066287e-06
6300 	 6438 	 1.6715659996e+01 	 9.5636386043e-06
6400 	 6540 	 1.6715659991e+01 	 8.0287300697e-06
6500 	 6640 	 1.6715659986e+01 	 6.1726819149e-06
6600 	 6744 	 1.6715659982e+01 	 7.3703770298e-06
6700 	 6844 	 1.6715659978e+01 	 4.5873451055e-06
6800 	 6946 	 1.6715659976e+01 	 1.0507554447e-05
6900 	 7049 	 1.6715659975e+01 	 8.7819386705e-06
7000 	 7150 	 1.6715659973e+01 	 5.5855150541e-06
7100 	 7254 	 1.6715659971e+01 	 5.1268048055e-06
7200 	 7356 	 1.6715659968e+01 	 6.5494032289e-06
7300 	 7459 	 1.6715659965e+01 	 4.7848821764e-06
7400 	 7561 	 1.6715659963e+01 	 4.9407687774e-06
7500 	 7663 	 1.6715659962e+01 	 3.5940140594e-06
7600 	 7764 	 1.6715659961e+01 	 4.9193522977e-06
7700 	 7866 	 1.6715659961e+01 	 6.2711188895e-06
7800 	 7971 	 1.6715659960e+01 	 1.9757130488e-06
7900 	 8072 	 1.6715659960e+01 	 2.1010680554e-06
8000 	 8177 	 1.6715659959e+01 	 1.6314870282e-06
8100 	 8280 	 1.6715659959e+01 	 1.3061580197e-06
8200 	 8381 	 1.6715659959e+01 	 1.2352809989e-06
8300 	 8484 	 1.6715659959e+01 	 1.7163558886e-06
8400 	 8584 	 1.6715659958e+01 	 3.7396619738e-06
8500 	 8685 	 1.6715659958e+01 	 1.1284119748e-06
8600 	 8788 	 1.6715659958e+01 	 1.0433066642e-06
8700 	 8892 	 1.6715659958e+01 	 1.1164262706e-06
8800 	 8993 	 1.6715659958e+01 	 1.2357423549e-06
8900 	 9094 	 1.6715659958e+01 	 8.2486315592e-07
9000 	 9195 	 1.6715659958e+01 	 2.7113094510e-06
9100 	 9299 	 1.6715659958e+01 	 1.2375027604e-06
9200 	 9402 	 1.6715659958e+01 	 1.1229362537e-06
9300 	 9504 	 1.6715659957e+01 	 1.0712565522e-06
9400 	 9607 	 1.6715659957e+01 	 8.7735483033e-07
9500 	 9709 	 1.6715659957e+01 	 7.9389301309e-07
9600 	 9813 	 1.6715659957e+01 	 1.0708717097e-06
9700 	 9915 	 1.6715659957e+01 	 5.3153722600e-07
9800 	 10023 	 1.6715659957e+01 	 4.2010672356e-07
9900 	 10127 	 1.6715659957e+01 	 5.2828355095e-07
10000 	 10235 	 1.6715659957e+01 	 4.3806498707e-07
10100 	 10340 	 1.6715659957e+01 	 5.4606688700e-07
10200 	 10443 	 1.6715659957e+01 	 3.4469713474e-07
10300 	 10553 	 1.6715659957e+01 	 7.0709565274e-07
10400 	 10658 	 1.6715659957e+01 	 7.9292167479e-07
10500 	 10774 	 1.6715659957e+01 	 2.7041118479e-07
10600 	 10887 	 1.6715659957e+01 	 1.9693309212e-07
10700 	 10998 	 1.6715659957e+01 	 1.9479262495e-07
10800 	 11110 	 1.6715659957e+01 	 3.8597276458e-07
10900 	 11224 	 1.6715659957e+01 	 2.8147481451e-07
11000 	 11336 	 1.6715659957e+01 	 2.4470592437e-07
11100 	 11462 	 1.6715659957e+01 	 2.8595703238e-07
11200 	 11584 	 1.6715659957e+01 	 3.2642045098e-07
11300 	 11704 	 1.6715659957e+01 	 3.4363728299e-07
11400 	 11825 	 1.6715659957e+01 	 1.9215423933e-07
11500 	 11938 	 1.6715659957e+01 	 3.2384535907e-07
11600 	 12060 	 1.6715659957e+01 	 1.1873619978e-07
# ---- 
 1 		 11653 	 12142 		 1.7240205803e+01 	 1.6715659957e+01 	 3.1400591018e-07
# ---- 
100 	 102 	 2.4263156536e+01 	 1.2051860964e-02
200 	 205 	 2.4259346129e+01 	 6.0577598214e-03
300 	 306 	 2.4257012774e+01 	 6.6225828239e-03
400 	 408 	 2.4255825058e+01 	 5.1401043712e-03
500 	 510 	 2.4255126984e+01 	 3.4429955000e-03
600 	 613 	 2.4254742015e+01 	 2.6866161527e-03
700 	 715 	 2.4254308135e+01 	 2.6796732799e-03
800 	 816 	 2.4253851302e+01 	 2.2931546859e-03
900 	 918 	 2.4253650193e+01 	 1.2792481873e-03
1000 	 1022 	 2.4253563105e+01 	 9.5257272975e-04
1100 	 1123 	 2.4253511976e+01 	 8.4499579886e-04
1200 	 1225 	 2.4253451913e+01 	 9.4051687456e-04
1300 	 1328 	 2.4253405673e+01 	 1.6548367367e-03
1400 	 1429 	 2.4253373089e+01 	 1.0001258707e-03
1500 	 1529 	 2.4253353841e+01 	 4.8897473120e-04
1600 	 1630 	 2.4253340321e+01 	 4.2750151499e-04
1700 	 1732 	 2.4253328238e+01 	 3.7555489702e-04
1800 	 1833 	 2.4253318844e+01 	 3.2597771130e-04
1900 	 1936 	 2.4253312828e+01 	 3.6163951839e-04
2000 	 2037 	 2.4253309201e+01 	 1.9095691496e-04
2100 	 2138 	 2.4253306830e+01 	 1.8869197070e-04
2200 	 2241 	 2.4253304724e+01 	 1.0143137879e-04
2300 	 2343 	 2.4253303147e+01 	 1.5107718456e-04
2400 	 2446 	 2.4253302045e+01 	 1.7031669750e-04
2500 	 2547 	 2.4253301139e+01 	 2.3910983862e-04
2600 	 2651 	 2.4253300308e+01 	 7.7567469731e-05
2700 	 2752 	 2.4253299792e+01 	 9.2007941170e-05
2800 	 2854 	 2.4253299434e+01 	 6.7269678947e-05
2900 	 2957 	 2.4253299113e+01 	 1.2335729274e-04
3000 	 3058 	 2.4253298865e+01 	 6.1085560853e-05
3100 	 3161 	 2.4253298653e+01 	 5.5679450325e-05
3200 	 3265 	 2.4253298458e+01 	 6.1015625204e-05
3300 	 3366 	 2.4253298200e+01 	 5.7979150795e-05
3400 	 3468 	 2.4253298015e+01 	 5.0239764597e-05
3500 	 3570 	 2.4253297821e+01 	 7.3600261543e-05
3600 	 3674 	 2.4253297667e+01 	 1.2660266496e-04
3700 	 3776 	 2.4253297559e+01 	 2.5520856479e-05
3800 	 3878 	 2.4253297468e+01 	 3.4808829545e-05
3900 	 3982 	 2.4253297385e+01 	 2.8347087194e-05
4000 	 4083 	 2.4253297329e+01 	 2.9985428975e-05
4100 	 4184 	 2.4253297274e+01 	 7.9733390522e-05
4200 	 4287 	 2.4253297188e+01 	 3.9756414809e-05
4300 	 4389 	 2.4253297115e+01 	 2.7174259605e-05
4400 	 4493 	 2.4253297078e+01 	 2.3603808718e-05
4500 	 4594 	 2.4253297057e+01 	 2.8873956597e-05
4600 	 4696 	 2.4253297039e+01 	 1.6458880784e-05
4700 	 4798 	 2.4253297023e+01 	 1.3663384194e-05
4800 	 4901 	 2.4253297009e+01 	 3.2339534211e-05
4900 	 5004 	 2.4253296993e+01 	 2.9275686295e-05
5000 	 5107 	 2.4253296976e+01 	 1.9397755712e-05
5100 	 5209 	 2.4253296959e+01 	 3.2756942124e-05
5200 	 5313 	 2.4253296938e+01 	 1.2218857076e-05
5300 	 5415 	 2.4253296921e+01 	 4.1906595243e-05
5400 	 5520 	 2.4253296905e+01 	 1.9954676168e-05
5500 	 5623 	 2.4253296896e+01 	 1.1559295508e-05
5600 	 5725 	 2.4253296888e+01 	 8.0459584899e-06
5700 	 5828 	 2.4253296880e+01 	 1.6460874878e-05
5800 	 5931 	 2.4253296874e+01 	 1.0217594662e-05
5900 	 6032 	 2.4253296868e+01 	 8.7766007922e-06
6000 	 6135 	 2.4253296864e+01 	 1.1179165175e-05
6100 	 6235 	 2.4253296860e+01 	 6.7948116574e-06
6200 	 6338 	 2.4253296857e+01 	 6.4980273320e-06
6300 	 6440 	 2.4253296855e+01 	 4.8539879310e-06
6400 	 6541 	 2.4253296853e+01 	 8.3547978118e-06
6500 	 6643 	 2.4253296852e+01 	 7.0397394447e-06
6600 	 6745 	 2.4253296850e+01 	 7.3760989798e-06
6700 	 6846 	 2.4253296849e+01 	 5.0221429843e-06
6800 	 6950 	 2.4253296847e+01 	 7.0760517754e-06
6900 	 7053 	 2.4253296846e+01 	 2.9629354674e-06
7000 	 7154 	 2.4253296845e+01 	 3.6775731447e-06
7100 	 7257 	 2.4253296844e+01 	 3.4507905338e-06
7200 	 7360 	 2.4253296843e+01 	 5.8649396878e-06
7300 	 7463 	 2.4253296842e+01 	 3.8599879955e-06
7400 	 7565 	 2.4253296842e+01 	 3.1540368384e-06
7500 	 7666 	 2.4253296841e+01 	 1.6300704915e-06
7600 	 7770 	 2.4253296841e+01 	 1.9560624885e-06
7700 	 7872 	 2.4253296841e+01 	 1.6161608455e-06
7800 	 7974 	 2.4253296840e+01 	 1.2194011657e-06
7900 	 8075 	 2.4253296840e+01 	 1.7632382644e-06
8000 	 8179 	 2.4253296840e+01 	 1.4134105890e-06
8100 	 8281 	 2.4253296840e+01 	 1.4858339848e-06
8200 	 8384 	 2.4253296840e+01 	 9.0463604830e-07
8300 	 8485 	 2.4253296840e+01 	 8.7147580162e-07
8400 	 8587 	 2.4253296840e+01 	 8.5379443532e-07
8500 	 8691 	 2.4253296840e+01 	 9.8656009203e-07
8600 	 8792 	 2.4253296839e+01 	 1.1875736265e-06
8700 	 8893 	 2.4253296839e+01 	 6.7493765013e-07
8800 	 8997 	 2.4253296839e+01 	 1.2803769780e-06
8900 	 9101 	 2.4253296839e+01 	 6.1610048721e-07
9000 	 9205 	 2.4253296839e+01 	 1.7254679205e-06
9100 	 9308 	 2.4253296839e+01 	 9.6277487871e-07
9200 	 9410 	 2.4253296839e+01 	 8.4575469910e-07
9300 	 9515 	 2.4253296839e+01 	 6.1067009820e-07
9400 	 9620 	 2.4253296839e+01 	 5.8692591448e-07
9500 	 9722 	 2.4253296839e+01 	 4.6800963587e-07
9600 	 9828 	 2.4253296839e+01 	 9.5292978764e-07
9700 	 9941 	 2.4253296839e+01 	 5.6580808821e-07
9800 	 10053 	 2.4253296839e+01 	 1.7678530189e-07
9900 	 10174 	 2.4253296839e+01 	 3.3616216771e-07
10000 	 10288 	 2.4253296839e+01 	 3.5820473482e-07
10100 	 10396 	 2.4253296839e+01 	 1.8071345485e-07
10200 	 10514 	 2.4253296839e+01 	 4.4186890992e-07
10300 	 10633 	 2.4253296839e+01 	 1.5225238170e-07
10400 	 10764 	 2.4253296839e+01 	 1.0490821526e-07
# ---- 
 1 		 10494 	 10885 		 2.4774656332e+01 	 2.4253296839e+01 	 2.5822543569e-07
# ---- 
100 	 103 	 3.3227074797e+01 	 1.1700387938e-02
200 	 203 	 3.3223488094e+01 	 7.5108349665e-03
300 	 306 	 3.3221226599e+01 	 5.4410450973e-03
400 	 407 	 3.3220104830e+01 	 5.8092914828e-03
500 	 510 	 3.3219408552e+01 	 2.7690347325e-03
600 	 614 	 3.3219025809e+01 	 6.5209801684e-03
700 	 715 	 3.3218584733e+01 	 3.0969469151e-03
800 	 818 	 3.3218186760e+01 	 2.5522218204e-03
900 	 922 	 3.3218016643e+01 	 1.0644124455e-03
1000 	 1023 	 3.3217940059e+01 	 2.7809378241e-03
1100 	 1125 	 3.3217888970e+01 	 8.8597694552e-04
1200 	 1226 	 3.3217829998e+01 	 7.8688701576e-04
1300 	 1328 	 3.3217785805e+01 	 1.0851920811e-03
1400 	 1430 	 3.3217757577e+01 	 9.6310986178e-04
1500 	 1532 	 3.3217738643e+01 	 4.9134007238e-04
1600 	 1633 	 3.3217725385e+01 	 5.4846685863e-04
1700 	 1737 	 3.3217713236e+01 	 1.0000982659e-03
1800 	 1840 	 3.3217705088e+01 	 3.0806713955e-04
1900 	 1941 	 3.3217700654e+01 	 4.7702373391e-04
2000 	 2044 	 3.3217698284e+01 	 1.4335720402e-04
2100 	 2146 	 3.3217695938e+01 	 1.8226985505e-04
2200 	 2250 	 3.3217694415e+01 	 2.0550415840e-04
2300 	 2353 	 3.3217693246e+01 	 2.0688565754e-04
2400 	 2454 	 3.3217692346e+01 	 1.9293660705e-04
2500 	 2556 	 3.3217691600e+01 	 1.4275048969e-04
2600 	 2657 	 3.3217690980e+01 	 1.0673540579e-04
2700 	 2760 	 3.3217690559e+01 	 7.6026462271e-05
2800 	 2862 	 3.3217690258e+01 	 8.6959725914e-05
2900 	 2965 	 3.3217690026e+01 	 5.0794758910e-05
3000 	 3065 	 3.3217689826e+01 	 5.0956046837e-05
3100 	 3168 	 3.3217689580e+01 	 4.4977842957e-05
3200 	 3270 	 3.3217689366e+01 	 6.4937661056e-05
3300 	 3374 	 3.3217689173e+01 	 8.1051019913e-05
3400 	 3477 	 3.3217689012e+01 	 8.9374782296e-05
3500 	 3581 	 3.3217688862e+01 	 2.8460314221e-05
3600 	 3683 	 3.3217688781e+01 	 2.3598722529e-05
3700 	 3787 	 3.3217688705e+01 	 2.7934159850e-05
3800 	 3890 	 3.3217688639e+01 	 2.8413912383e-05
3900 	 3991 	 3.3217688572e+01 	 2.1661294673e-05
4000 	 4094 	 3.3217688516e+01 	 3.0674602732e-05
4100 	 4196 	 3.3217688447e+01 	 2.7267280888e-05
4200 	 4298 	 3.3217688392e+01 	 2.8947480458e-05
4300 	 4398 	 3.3217688364e+01 	 1.2601755480e-05
4400 	 4500 	 3.3217688348e+01 	 1.0382597472e-05
4500 	 4604 	 3.3217688336e+01 	 1.1826221045e-05
4600 	 4706 	 3.3217688323e+01 	 1.1014771713e-05
4700 	 4810 	 3.3217688312e+01 	 1.1615805083e-05
4800 	 4913 	 3.3217688298e+01 	 1.6543378761e-05
4900 	 5015 	 3.3217688281e+01 	 1.2662380140e-05
5000 	 5119 	 3.3217688263e+01 	 2.9922870152e-05
5100 	 5223 	 3.3217688247e+01 	 1.2366709102e-05
5200 	 5323 	 3.3217688234e+01 	 1.7368413794e-05
5300 	 5426 	 3.3217688226e+01 	 8.1025463208e-06
5400 	 5527 	 3.3217688220e+01 	 6.7865047272e-06
5500 	 5632 	 3.3217688214e+01 	 6.4483926427e-06
5600 	 5733 	 3.3217688210e+01 	 6.6274641495e-06
5700 	 5837 	 3.3217688207e+01 	 4.9299407115e-06
5800 	 5938 	 3.3217688205e+01 	 5.9256907755e-06
5900 	 6040 	 3.3217688204e+01 	 4.4762656429e-06
6000 	 6143 	 3.3217688202e+01 	 8.9197545817e-06
6100 	 6248 	 3.3217688200e+01 	 4.5365322297e-06
6200 	 6350 	 3.3217688199e+01 	 5.6224346621e-06
6300 	 6451 	 3.3217688197e+01 	 5.5690656908e-06
6400 	 6556 	 3.3217688196e+01 	 5.9419886318e-06
6500 	 6658 	 3.3217688195e+01 	 3.2612044875e-06
6600 	 6760 	 3.3217688194e+01 	 5.2865360455e-06
6700 	 6861 	 3.3217688193e+01 	 3.7908560292e-06
6800 	 6964 	 3.3217688192e+01 	 2.7807549824e-06
6900 	 7067 	 3.3217688192e+01 	 6.3983773225e-06
7000 	 7171 	 3.3217688191e+01 	 2.0395485676e-06
7100 	 7273 	 3.3217688191e+01 	 2.4278912288e-06
7200 	 7376 	 3.3217688190e+01 	 1.6655947262e-06
7300 	 7478 	 3.3217688190e+01 	 1.2157192767e-06
7400 	 7580 	 3.3217688190e+01 	 1.2254633452e-06
7500 	 7684 	 3.3217688190e+01 	 1.1547064959e-06
7600 	 7785 	 3.3217688190e+01 	 1.2898614643e-06
7700 	 7889 	 3.3217688190e+01 	 1.0299997018e-06
7800 	 7990 	 3.3217688189e+01 	 1.2144219420e-06
7900 	 8091 	 3.3217688189e+01 	 1.4500346201e-06
8000 	 8193 	 3.3217688189e+01 	 1.1338278238e-06
8100 	 8296 	 3.3217688189e+01 	 6.7067590658e-07
8200 	 8397 	 3.3217688189e+01 	 8.3073345710e-07
8300 	 8507 	 3.3217688189e+01 	 6.5579548899e-07
8400 	 8615 	 3.3217688189e+01 	 9.0081078478e-07
8500 	 8726 	 3.3217688189e+01 	 5.9000596878e-07
8600 	 8842 	 3.3217688189e+01 	 4.7477083809e-07
8700 	 8951 	 3.3217688189e+01 	 1.0428696179e-06
8800 	 9065 	 3.3217688189e+01 	 3.9299011087e-07
8900 	 9176 	 3.3217688189e+01 	 5.2862267744e-07
9000 	 9284 	 3.3217688189e+01 	 2.5170795267e-07
9100 	 9395 	 3.3217688189e+01 	 4.8394663845e-07
# ---- 
 1 		 9117 	 9434 		 3.3736916081e+01 	 3.3217688189e+01 	 4.5608248404e-07
# ---- 
100 	 103 	 4.3623726557e+01 	 9.4762120251e-03
200 	 205 	 4.3620368726e+01 	 1.1995603554e-02
300 	 306 	 4.3618214321e+01 	 4.2405315982e-03
400 	 407 	 4.3617089130e+01 	 4.3322192973e-03
500 	 509 	 4.3616373004e+01 	 3.5420341259e-03
600 	 610 	 4.3615982321e+01 	 2.4708635422e-03
700 	 714 	 4.3615558294e+01 	 3.5007345970e-03
800 	 815 	 4.3615205065e+01 	 2.8517084155e-03
900 	 918 	 4.3615044326e+01 	 3.8948332666e-03
1000 	 1019 	 4.3614963964e+01 	 8.3005400685e-04
1100 	 1124 	 4.3614910118e+01 	 2.6783559802e-03
1200 	 1227 	 4.3614852950e+01 	 7.4848090184e-04
1300 	 1327 	 4.3614808687e+01 	 7.0475722162e-04
1400 	 1429 	 4.3614781701e+01 	 1.0534764189e-03
1500 	 1532 	 4.3614764987e+01 	 8.5334550241e-04
1600 	 1635 	 4.3614752115e+01 	 4.0765720506e-04
1700 	 1738 	 4.3614741301e+01 	 5.0030732209e-04
1800 	 1842 	 4.3614733396e+01 	 3.1869273134e-04
1900 	 1945 	 4.3614729705e+01 	 2.2385110325e-04
2000 	 2047 	 4.3614727412e+01 	 1.2287650203e-04
2100 	 2149 	 4.3614725365e+01 	 1.1527636845e-04
2200 	 2251 	 4.3614724071e+01 	 1.5532879465e-04
2300 	 2354 	 4.3614723077e+01 	 1.7424190663e-04
2400 	 2456 	 4.3614722336e+01 	 1.2893252572e-04
2500 	 2556 	 4.3614721737e+01 	 1.3703434409e-04
2600 	 2657 	 4.3614721291e+01 	 1.6936421889e-04
2700 	 2760 	 4.3614720962e+01 	 6.2948973737e-05
2800 	 2863 	 4.3614720635e+01 	 6.4637341578e-05
2900 	 2965 	 4.3614720392e+01 	 5.3312014414e-05
3000 	 3067 	 4.3614720061e+01 	 1.5945492116e-04
3100 	 3170 	 4.3614719799e+01 	 5.4195272988e-05
3200 	 3270 	 4.3614719604e+01 	 5.0745125380e-05
3300 	 3372 	 4.3614719472e+01 	 4.0782111811e-05
3400 	 3474 	 4.3614719354e+01 	 3.2609268529e-05
3500 	 3574 	 4.3614719258e+01 	 3.9494698513e-05
3600 	 3678 	 4.3614719167e+01 	 3.5093313215e-05
3700 	 3781 	 4.3614719095e+01 	 3.3786835615e-05
3800 	 3886 	 4.3614719024e+01 	 3.2632139114e-05
3900 	 3988 	 4.3614718961e+01 	 3.3159320183e-05
4000 	 4089 	 4.3614718910e+01 	 2.2479788872e-05
4100 	 4192 	 4.3614718872e+01 	 3.1253587605e-05
4200 	 4297 	 4.3614718839e+01 	 1.6974682980e-05
4300 	 4400 	 4.3614718816e+01 	 1.2768189099e-05
4400 	 4503 	 4.3614718801e+01 	 1.2123849197e-05
4500 	 4608 	 4.3614718787e+01 	 1.4921748454e-05
4600 	 4712 	 4.3614718775e+01 	 1.1429888156e-05
4700 	 4813 	 4.3614718768e+01 	 1.0482881457e-05
4800 	 4915 	 4.3614718758e+01 	 1.5949199810e-05
4900 	 5020 	 4.3614718744e+01 	 1.4561456322e-05
5000 	 5123 	 4.3614718731e+01 	 1.0770110985e-05
5100 	 5226 	 4.3614718724e+01 	 2.1880623095e-05
5200 	 5329 	 4.3614718715e+01 	 1.7282836522e-05
5300 	 5429 	 4.3614718705e+01 	 1.1016188363e-05
5400 	 5531 	 4.3614718698e+01 	 8.7359359774e-06
5500 	 5634 	 4.3614718693e+01 	 6.2719963234e-06
5600 	 5736 	 4.3614718690e+01 	 8.5087608604e-06
5700 	 5837 	 4.3614718686e+01 	 6.1080150401e-06
5800 	 5939 	 4.3614718683e+01 	 1.0994261184e-05
5900 	 6041 	 4.3614718681e+01 	 5.0605738482e-06
6000 	 6145 	 4.3614718679e+01 	 4.1844711449e-06
6100 	 6247 	 4.3614718678e+01 	 2.8718629359e-06
6200 	 6350 	 4.3614718677e+01 	 3.3028532291e-06
6300 	 6453 	 4.3614718676e+01 	 4.2415936755e-06
6400 	 6555 	 4.3614718675e+01 	 3.0807002331e-06
6500 	 6657 	 4.3614718674e+01 	 2.6608027145e-06
6600 	 6758 	 4.3614718674e+01 	 3.1926345639e-06
6700 	 6861 	 4.3614718673e+01 	 1.6748547079e-06
6800 	 6966 	 4.3614718673e+01 	 1.6152908764e-06
6900 	 7069 	 4.3614718673e+01 	 2.2589983305e-06
7000 	 7171 	 4.3614718673e+01 	 1.1964649006e-06
7100 	 7274 	 4.3614718673e+01 	 1.4102625397e-06
7200 	 7378 	 4.3614718672e+01 	 3.2800983821e-06
7300 	 7483 	 4.3614718672e+01 	 1.5243945823e-06
7400 	 7588 	 4.3614718672e+01 	 9.2961130135e-07
7500 	 7691 	 4.3614718672e+01 	 1.2846387746e-06
7600 	 7792 	 4.3614718672e+01 	 1.9415736653e-06
7700 	 7895 	 4.3614718672e+01 	 6.0822318992e-07
7800 	 8002 	 4.3614718672e+01 	 6.6401473311e-07
7900 	 8106 	 4.3614718672e+01 	 1.1468108826e-06
8000 	 8211 	 4.3614718672e+01 	 7.3324268499e-07
8100 	 8312 	 4.3614718672e+01 	 8.4854598892e-07
8200 	 8417 	 4.3614718672e+01 	 7.0926663664e-07
8300 	 8521 	 4.3614718672e+01 	 8.0083918466e-07
8400 	 8622 	 4.3614718672e+01 	 5.5382868022e-07
8500 	 8726 	 4.3614718672e+01 	 3.9268495047e-07
8600 	 8836 	 4.3614718672e+01 	 6.5011462257e-07
# ---- 
 1 		 8616 	 8868 		 4.4132491079e+01 	 4.3614718672e+01 	 2.9471218698e-07
# ---- 
100 	 101 	 5.5457895106e+01 	 9.7488040081e-03
200 	 204 	 5.5454547751e+01 	 1.3076261850e-02
300 	 306 	 5.5452490153e+01 	 5.5700912941e-03
400 	 406 	 5.5451411156e+01 	 5.3752952924e-03
500 	 511 	 5.5450718600e+01 	 4.2442403530e-03
600 	 612 	 5.5450342269e+01 	 2.2794537709e-03
700 	 716 	 5.5449902373e+01 	 5.9660196944e-03
800 	 818 	 5.5449589689e+01 	 3.8753760842e-03
900 	 918 	 5.5449457467e+01 	 1.1167084690e-03
1000 	 1020 	 5.5449386506e+01 	 8.3246098754e-04
1100 	 1122 	 5.5449338131e+01 	 9.3583136642e-04
1200 	 1225 	 5.5449285338e+01 	 7.8096293127e-04
1300 	 1327 	 5.5449244161e+01 	 1.7770959931e-03
1400 	 1429 	 5.5449212747e+01 	 1.6162858101e-03
1500 	 1529 	 5.5449195362e+01 	 3.6790477671e-04
1600 	 1630 	 5.5449181297e+01 	 5.3347231409e-04
1700 	 1731 	 5.5449171029e+01 	 3.5690247713e-04
1800 	 1832 	 5.5449163368e+01 	 2.7182870968e-04
1900 	 1934 	 5.5449159823e+01 	 2.3714094354e-04
2000 	 2036 	 5.5449157090e+01 	 2.5006818252e-04
2100 	 2139 	 5.5449154883e+01 	 1.3881847814e-04
2200 	 2242 	 5.5449153528e+01 	 1.0677892422e-04
2300 	 2343 	 5.5449152455e+01 	 2.1575033562e-04
2400 	 2444 	 5.5449151645e+01 	 1.0930095397e-04
2500 	 2546 	 5.5449151117e+01 	 6.8032318047e-05
2600 	 2648 	 5.5449150750e+01 	 5.1956321247e-05
2700 	 2751 	 5.5449150508e+01 	 4.4837672579e-05
2800 	 2853 	 5.5449150308e+01 	 1.0541115639e-04
2900 	 2955 	 5.5449150078e+01 	 1.7033928308e-04
3000 	 3058 	 5.5449149759e+01 	 7.1010772987e-05
3100 	 3160 	 5.5449149529e+01 	 5.0046120626e-05
3200 	 3263 	 5.5449149364e+01 	 1.4075143832e-04
3300 	 3367 	 5.5449149200e+01 	 7.6343134099e-05
3400 	 3469 	 5.5449149112e+01 	 2.4131517038e-05
3500 	 3571 	 5.5449149031e+01 	 3.4403236144e-05
3600 	 3674 	 5.5449148960e+01 	 2.2064932671e-05
3700 	 3774 	 5.5449148908e+01 	 3.4954617577e-05
3800 	 3876 	 5.5449148861e+01 	 3.4293782103e-05
3900 	 3977 	 5.5449148809e+01 	 2.6749087761e-05
4000 	 4080 	 5.5449148757e+01 	 3.1588125063e-05
4100 	 4186 	 5.5449148731e+01 	 1.6551359869e-05
4200 	 4288 	 5.5449148715e+01 	 1.3976558051e-05
4300 	 4392 	 5.5449148701e+01 	 1.0861224458e-05
4400 	 4494 	 5.5449148687e+01 	 1.4730690031e-05
4500 	 4595 	 5.5449148678e+01 	 8.3022561010e-06
4600 	 4695 	 5.5449148668e+01 	 9.2240134977e-06
4700 	 4796 	 5.5449148658e+01 	 1.2450101997e-05
4800 	 4898 	 5.5449148648e+01 	 1.3639429401e-05
4900 	 5001 	 5.5449148638e+01 	 9.0875982627e-06
5000 	 5103 	 5.5449148629e+01 	 9.8663318209e-06
5100 	 5206 	 5.5449148621e+01 	 8.9459643976e-06
5200 	 5306 	 5.5449148616e+01 	 1.6330219962e-05
5300 	 5406 	 5.5449148611e+01 	 9.5345815892e-06
5400 	 5508 	 5.5449148609e+01 	 4.3704492275e-06
5500 	 5610 	 5.5449148607e+01 	 3.8089228973e-06
5600 	 5712 	 5.5449148606e+01 	 4.5462479828e-06
5700 	 5814 	 5.5449148605e+01 	 7.2563996891e-06
5800 	 5916 	 5.5449148604e+01 	 6.6113979488e-06
5900 	 6017 	 5.5449148603e+01 	 3.9525654279e-06
6000 	 6118 	 5.5449148602e+01 	 2.9722016892e-06
6100 	 6221 	 5.5449148602e+01 	 2.0054184934e-06
6200 	 6323 	 5.5449148601e+01 	 3.1537187408e-06
6300 	 6426 	 5.5449148601e+01 	 4.6445498824e-06
6400 	 6527 	 5.5449148601e+01 	 1.9654077411e-06
6500 	 6630 	 5.5449148601e+01 	 1.5327191583e-06
6600 	 6731 	 5.5449148600e+01 	 1.2016868587e-06
6700 	 6835 	 5.5449148600e+01 	 1.2243783844e-06
6800 	 6938 	 5.5449148600e+01 	 8.4562660076e-07
6900 	 7040 	 5.5449148600e+01 	 1.6670190853e-06
7000 	 7145 	 5.5449148600e+01 	 2.0259603171e-06
7100 	 7247 	 5.5449148600e+01 	 8.3041223064e-07
7200 	 7353 	 5.5449148600e+01 	 6.3539018073e-07
7300 	 7461 	 5.5449148600e+01 	 1.1468240921e-06
7400 	 7564 	 5.5449148600e+01 	 6.1057597897e-07
7500 	 7670 	 5.5449148600e+01 	 5.0702398725e-07
7600 	 7778 	 5.5449148600e+01 	 7.2528617740e-07
7700 	 7885 	 5.5449148600e+01 	 7.8058029719e-07
7800 	 7990 	 5.5449148600e+01 	 7.5818357033e-07
7900 	 8101 	 5.5449148600e+01 	 3.5375314479e-07
8000 	 8212 	 5.5449148600e+01 	 4.4599478704e-07
8100 	 8324 	 5.5449148600e+01 	 3.6693030120e-07
8200 	 8448 	 5.5449148600e+01 	 2.8279759701e-07
8300 	 8559 	 5.5449148600e+01 	 1.7721288228e-07
# ---- 
 1 		 8349 	 8639 		 5.5965925858e+01 	 5.5449148600e+01 	 1.2837041408e-07
# ---- 
100 	 103 	 6.8733473596e+01 	 9.2286035940e-03
200 	 205 	 6.8730170993e+01 	 9.9052272001e-03
300 	 306 	 6.8728180956e+01 	 5.1735915884e-03
400 	 409 	 6.8727141556e+01 	 3.8943075651e-03
500 	 513 	 6.8726443823e+01 	 3.0880811454e-03
600 	 614 	 6.8726064221e+01 	 2.7790094484e-03
700 	 718 	 6.8725621006e+01 	 2.4074074384e-03
800 	 820 	 6.8725349722e+01 	 1.5467936526e-03
900 	 925 	 6.8725218564e+01 	 1.3556641460e-03
1000 	 1028 	 6.8725149540e+01 	 1.3634784560e-03
1100 	 1131 	 6.8725090350e+01 	 1.8647353283e-03
1200 	 1232 	 6.8725039550e+01 	 7.1888518510e-04
1300 	 1333 	 6.8725003658e+01 	 6.6996861017e-04
1400 	 1436 	 6.8724979020e+01 	 4.5096340737e-04
1500 	 1539 	 6.8724962255e+01 	 4.3401304479e-04
1600 	 1641 	 6.8724949606e+01 	 5.2281124126e-04
1700 	 1744 	 6.8724940619e+01 	 5.2298947719e-04
1800 	 1848 	 6.8724935510e+01 	 1.7086898119e-04
1900 	 1950 	 6.8724932374e+01 	 1.7458356501e-04
2000 	 2053 	 6.8724930483e+01 	 2.1650738442e-04
2100 	 2158 	 6.8724929196e+01 	 2.1439329560e-04
2200 	 2260 	 6.8724928214e+01 	 9.8877126050e-05
2300 	 2363 	 6.8724927346e+01 	 1.2085265219e-04
2400 	 2465 	 6.8724926771e+01 	 6.8513920805e-05
2500 	 2567 	 6.8724926293e+01 	 6.8583124279e-05
2600 	 2670 	 6.8724925871e+01 	 6.3469802155e-05
2700 	 2772 	 6.8724925529e+01 	 9.1464508311e-05
2800 	 2874 	 6.8724925299e+01 	 5.8730373474e-05
2900 	 2976 	 6.8724925093e+01 	 4.3406957308e-05
3000 	 3077 	 6.8724924915e+01 	 5.0703009051e-05
3100 	 3179 	 6.8724924761e+01 	 6.5870303610e-05
3200 	 3281 	 6.8724924638e+01 	 4.5350454750e-05
3300 	 3384 	 6.8724924532e+01 	 3.7768546934e-05
3400 	 3489 	 6.8724924419e+01 	 3.0378084204e-05
3500 	 3592 	 6.8724924341e+01 	 3.0659010941e-05
3600 	 3694 	 6.8724924276e+01 	 2.9581337946e-05
3700 	 3798 	 6.8724924229e+01 	 2.6997729322e-05
3800 	 3901 	 6.8724924193e+01 	 2.1671403146e-05
3900 	 4003 	 6.8724924161e+01 	 2.0002316282e-05
4000 	 4107 	 6.8724924134e+01 	 1.8397966134e-05
4100 	 4211 	 6.8724924117e+01 	 1.1555507253e-05
4200 	 4311 	 6.8724924102e+01 	 1.2154697152e-05
4300 	 4412 	 6.8724924087e+01 	 3.2198289259e-05
4400 	 4515 	 6.8724924078e+01 	 1.2989397850e-05
4500 	 4616 	 6.8724924070e+01 	 1.6377815444e-05
4600 	 4721 	 6.8724924059e+01 	 1.2702829549e-05
4700 	 4822 	 6.8724924048e+01 	 8.9992549316e-06
4800 	 4924 	 6.8724924038e+01 	 8.0919036760e-06
4900 	 5026 	 6.8724924031e+01 	 8.2664899505e-06
5000 	 5129 	 6.8724924025e+01 	 8.7778413869e-06
5100 	 5233 	 6.8724924021e+01 	 6.8586044245e-06
5200 	 5334 	 6.8724924018e+01 	 8.5688708617e-06
5300 	 5439 	 6.8724924017e+01 	 3.2733299097e-06
5400 	 5542 	 6.8724924016e+01 	 4.1902973908e-06
5500 	 5642 	 6.8724924014e+01 	 4.2743279206e-06
5600 	 5744 	 6.8724924013e+01 	 4.8422928017e-06
5700 	 5846 	 6.8724924011e+01 	 9.9166131694e-06
5800 	 5948 	 6.8724924010e+01 	 3.8328063751e-06
5900 	 6051 	 6.8724924009e+01 	 2.2182941679e-06
6000 	 6153 	 6.8724924009e+01 	 2.3830141548e-06
6100 	 6257 	 6.8724924009e+01 	 1.8087201886e-06
6200 	 6358 	 6.8724924008e+01 	 2.1077680353e-06
6300 	 6463 	 6.8724924008e+01 	 1.8911969438e-06
6400 	 6565 	 6.8724924008e+01 	 3.0855932861e-06
6500 	 6666 	 6.8724924008e+01 	 1.3318366901e-06
6600 	 6769 	 6.8724924008e+01 	 2.6355662317e-06
6700 	 6873 	 6.8724924007e+01 	 1.0477198971e-06
6800 	 6976 	 6.8724924007e+01 	 1.2081904347e-06
6900 	 7080 	 6.8724924007e+01 	 6.7697700837e-07
7000 	 7185 	 6.8724924007e+01 	 1.0791196923e-06
7100 	 7289 	 6.8724924007e+01 	 8.0086894475e-07
7200 	 7394 	 6.8724924007e+01 	 1.0535798949e-06
7300 	 7503 	 6.8724924007e+01 	 8.9990315420e-07
# ---- 
 1 		 7357 	 7588 		 6.9241034731e+01 	 6.8724924007e+01 	 3.9050070878e-07
# ---- 
100 	 103 	 6.8346576567e+01 	 5.0742292230e-02
200 	 204 	 6.8272383356e+01 	 6.3403682961e-02
300 	 308 	 6.8249045716e+01 	 2.4609589700e-02
400 	 411 	 6.8244190084e+01 	 5.0486196693e-03
500 	 517 	 6.8243385189e+01 	 3.9774422700e-03
600 	 617 	 6.8243019925e+01 	 4.3351546148e-03
700 	 718 	 6.8242791395e+01 	 2.2549500775e-03
800 	 823 	 6.8242668093e+01 	 1.4526553720e-03
900 	 925 	 6.8242532497e+01 	 1.5123199087e-03
1000 	 1026 	 6.8242377731e+01 	 1.5493068094e-03
1100 	 1129 	 6.8242254479e+01 	 1.3673178123e-03
1200 	 1231 	 6.8242200319e+01 	 6.7503682169e-04
1300 	 1334 	 6.8242171219e+01 	 4.9819968676e-04
1400 	 1434 	 6.8242150134e+01 	 4.7494212268e-04
1500 	 1536 	 6.8242122809e+01 	 8.2800917549e-04
1600 	 1638 	 6.8242098374e+01 	 4.8847838903e-04
1700 	 1739 	 6.8242079418e+01 	 4.8685434874e-04
1800 	 1842 	 6.8242064126e+01 	 4.6525058451e-04
1900 	 1943 	 6.8242052612e+01 	 4.0138133181e-04
2000 	 2043 	 6.8242043233e+01 	 8.5483284729e-04
2100 	 2146 	 6.8242035917e+01 	 2.0282919747e-04
2200 	 2247 	 6.8242029728e+01 	 3.5088248116e-04
2300 	 2349 	 6.8242022888e+01 	 3.0152292455e-04
2400 	 2450 	 6.8242016389e+01 	 5.8726382544e-04
2500 	 2555 	 6.8242009986e+01 	 3.0285665018e-04
2600 	 2657 	 6.8242002894e+01 	 2.3962197796e-04
2700 	 2760 	 6.8241997209e+01 	 3.8343807600e-04
2800 	 2862 	 6.8241991901e+01 	 4.4066397201e-04
2900 	 2964 	 6.8241986676e+01 	 4.2208632076e-04
3000 	 3065 	 6.8241983976e+01 	 2.1120702329e-04
3100 	 3166 	 6.8241982611e+01 	 8.7800495452e-05
3200 	 3268 	 6.8241981918e+01 	 1.3370532412e-04
3300 	 3371 	 6.8241981257e+01 	 9.8126784307e-05
3400 	 3472 	 6.8241980828e+01 	 6.4380302742e-05
3500 	 3574 	 6.8241980289e+01 	 8.3457753153e-05
3600 	 3677 	 6.8241979611e+01 	 9.7934665978e-05
3700 	 3782 	 6.8241979039e+01 	 9.4315078411e-05
3800 	 3886 	 6.8241978603e+01 	 6.4842001466e-05
3900 	 3987 	 6.8241978296e+01 	 5.1265952259e-05
4000 	 4091 	 6.8241978019e+01 	 5.6937930935e-05
4100 	 4194 	 6.8241977795e+01 	 5.3802351063e-05
4200 	 4298 	 6.8241977621e+01 	 4.7302145249e-05
4300 	 4402 	 6.8241977469e+01 	 3.0969185078e-05
4400 	 4503 	 6.8241977330e+01 	 4.6637366297e-05
4500 	 4606 	 6.8241977200e+01 	 3.2775571124e-05
4600 	 4708 	 6.8241977078e+01 	 2.5929270392e-05
4700 	 4810 	 6.8241976967e+01 	 4.6193765516e-05
4800 	 4912 	 6.8241976880e+01 	 3.5108178692e-05
4900 	 5015 	 6.8241976785e+01 	 3.8357080853e-05
5000 	 5118 	 6.8241976704e+01 	 5.6099373660e-05
5100 	 5219 	 6.8241976631e+01 	 2.3996888191e-05
5200 	 5323 	 6.8241976574e+01 	 2.4642176319e-05
5300 	 5424 	 6.8241976518e+01 	 2.0528887323e-05
5400 	 5527 	 6.8241976468e+01 	 2.5053296711e-05
5500 	 5630 	 6.8241976428e+01 	 4.5364673947e-05
5600 	 5733 	 6.8241976398e+01 	 1.6196885441e-05
5700 	 5834 	 6.8241976380e+01 	 1.7831047465e-05
5800 	 5936 	 6.8241976363e+01 	 1.0444215515e-05
5900 	 6038 	 6.8241976352e+01 	 9.7573071588e-06
6000 	 6140 	 6.8241976341e+01 	 9.6643166007e-06
6100 	 6245 	 6.8241976328e+01 	 1.1525753558e-05
6200 	 6349 	 6.8241976319e+01 	 1.6209414284e-05
6300 	 6451 	 6.8241976311e+01 	 8.0272651823e-06
6400 	 6555 	 6.8241976304e+01 	 9.3382302237e-06
6500 	 6657 	 6.8241976296e+01 	 2.4828276298e-05
6600 	 6763 	 6.8241976291e+01 	 5.4250911898e-06
6700 	 6865 	 6.8241976288e+01 	 4.7029096632e-06
6800 	 6966 	 6.8241976285e+01 	 1.0245488416e-05
6900 	 7069 	 6.8241976283e+01 	 5.4115151248e-06
7000 	 7170 	 6.8241976280e+01 	 4.6464587434e-06
7100 	 7272 	 6.8241976279e+01 	 3.9955142067e-06
7200 	 7374 	 6.8241976278e+01 	 2.2059944241e-06
7300 	 7475 	 6.8241976277e+01 	 2.2264975611e-06
7400 	 7576 	 6.8241976277e+01 	 2.1987831697e-06
7500 	 7679 	 6.8241976277e+01 	 3.9611905394e-06
7600 	 7781 	 6.8241976276e+01 	 1.8381748725e-06
7700 	 7882 	 6.8241976276e+01 	 1.1443690034e-06
7800 	 7983 	 6.8241976276e+01 	 1.5823012888e-06
7900 	 8086 	 6.8241976276e+01 	 1.5762427831e-06
8000 	 8188 	 6.8241976275e+01 	 1.8993676844e-06
8100 	 8291 	 6.8241976275e+01 	 1.4268387025e-06
8200 	 8394 	 6.8241976275e+01 	 1.0578632109e-06
8300 	 8499 	 6.8241976275e+01 	 1.0231335077e-06
8400 	 8603 	 6.8241976275e+01 	 1.0729335996e-06
8500 	 8706 	 6.8241976275e+01 	 1.9826753518e-06
8600 	 8813 	 6.8241976275e+01 	 7.8482162286e-07
8700 	 8919 	 6.8241976275e+01 	 8.7684308745e-07
8800 	 9029 	 6.8241976275e+01 	 6.2798738401e-07
8900 	 9145 	 6.8241976275e+01 	 5.1622038480e-07
9000 	 9257 	 6.8241976275e+01 	 1.1379752637e-06
9100 	 9370 	 6.8241976275e+01 	 3.3129691390e-07
9200 	 9486 	 6.8241976275e+01 	 5.3465249731e-07
9300 	 9598 	 6.8241976275e+01 	 1.2788944691e-06
# ---- 
 1 		 9351 	 9670 		 7.5212792763e+01 	 6.8241976275e+01 	 6.2548406014e-07
# ---- 
100 	 105 	 6.7951643266e+01 	 6.6956253989e-02
200 	 207 	 6.7873171700e+01 	 3.5057653127e-02
300 	 310 	 6.7849259399e+01 	 1.5626986364e-02
400 	 412 	 6.7842567150e+01 	 1.9602309097e-02
500 	 514 	 6.7841487590e+01 	 2.5690358785e-03
600 	 617 	 6.7841067085e+01 	 2.3180767990e-03
700 	 718 	 6.7840812246e+01 	 1.4185571014e-03
800 	 820 	 6.7840654341e+01 	 4.5768624812e-03
900 	 924 	 6.7840502590e+01 	 1.8021206697e-03
1000 	 1025 	 6.7840291838e+01 	 3.4736360530e-03
1100 	 1127 	 6.7840145917e+01 	 1.0975022397e-03
1200 	 1229 	 6.7840068980e+01 	 7.5181363373e-04
1300 	 1330 	 6.7840027495e+01 	 6.1530276032e-04
1400 	 1432 	 6.7839995638e+01 	 7.0329610155e-04
1500 	 1533 	 6.7839964007e+01 	 6.4957905666e-04
1600 	 1635 	 6.7839935172e+01 	 8.1755402512e-04
1700 	 1737 	 6.7839906611e+01 	 9.5261285184e-04
1800 	 1838 	 6.7839873897e+01 	 7.7800616581e-04
1900 	 1942 	 6.7839853191e+01 	 5.1972385561e-04
2000 	 2047 	 6.7839839810e+01 	 3.5177000347e-04
2100 	 2149 	 6.7839826642e+01 	 4.1643026121e-04
2200 	 2251 	 6.7839813779e+01 	 1.0709992869e-03
2300 	 2352 	 6.7839803218e+01 	 2.8410778272e-04
2400 	 2453 	 6.7839793373e+01 	 5.2434395370e-04
2500 	 2553 	 6.7839784252e+01 	 3.6564931834e-04
2600 	 2657 	 6.7839773106e+01 	 4.3261359131e-04
2700 	 2760 	 6.7839760495e+01 	 4.7040315006e-04
2800 	 2865 	 6.7839752565e+01 	 6.1783412226e-04
2900 	 2968 	 6.7839745075e+01 	 2.4433020696e-04
3000 	 3072 	 6.7839738888e+01 	 2.7112233372e-04
3100 	 3175 	 6.7839734998e+01 	 2.5724121721e-04
3200 	 3278 	 6.7839732863e+01 	 1.3767867686e-04
3300 	 3382 	 6.7839731515e+01 	 1.7000734914e-04
3400 	 3485 	 6.7839730058e+01 	 1.0959620870e-04
3500 	 3592 	 6.7839728678e+01 	 1.1273282205e-04
3600 	 3694 	 6.7839726651e+01 	 4.4641383494e-04
3700 	 3800 	 6.7839724997e+01 	 2.1048599605e-04
3800 	 3900 	 6.7839724054e+01 	 8.7173147776e-05
3900 	 4005 	 6.7839723358e+01 	 8.3072805055e-05
4000 	 4108 	 6.7839722759e+01 	 2.2274958496e-04
4100 	 4211 	 6.7839722193e+01 	 8.4165492369e-05
4200 	 4313 	 6.7839721666e+01 	 1.7964226864e-04
4300 	 4416 	 6.7839721259e+01 	 8.1901546907e-05
4400 	 4518 	 6.7839720833e+01 	 1.5564213738e-04
4500 	 4620 	 6.7839720376e+01 	 6.0679046951e-05
4600 	 4723 	 6.7839720027e+01 	 1.1819441328e-04
4700 	 4827 	 6.7839719746e+01 	 5.3501487888e-05
4800 	 4930 	 6.7839719513e+01 	 4.8904714587e-05
4900 	 5034 	 6.7839719309e+01 	 5.2004747951e-05
5000 	 5137 	 6.7839719087e+01 	 1.0817925668e-04
5100 	 5240 	 6.7839718888e+01 	 3.5802376142e-05
5200 	 5342 	 6.7839718727e+01 	 4.8340545971e-05
5300 	 5444 	 6.7839718581e+01 	 2.9913620099e-05
5400 	 5546 	 6.7839718492e+01 	 3.0952470019e-05
5500 	 5649 	 6.7839718424e+01 	 4.5115146617e-05
5600 	 5749 	 6.7839718367e+01 	 3.8773608150e-05
5700 	 5851 	 6.7839718308e+01 	 2.7870153090e-05
5800 	 5953 	 6.7839718243e+01 	 4.0139668305e-05
5900 	 6054 	 6.7839718198e+01 	 7.2446118227e-05
6000 	 6156 	 6.7839718158e+01 	 2.1479804781e-05
6100 	 6257 	 6.7839718129e+01 	 3.1591302293e-05
6200 	 6361 	 6.7839718098e+01 	 1.4127111657e-05
6300 	 6464 	 6.7839718068e+01 	 2.6072876706e-05
6400 	 6564 	 6.7839718043e+01 	 2.4441884183e-05
6500 	 6667 	 6.7839718027e+01 	 1.5202934318e-05
6600 	 6770 	 6.7839718010e+01 	 3.3371445890e-05
6700 	 6873 	 6.7839717998e+01 	 1.1819644059e-05
6800 	 6976 	 6.7839717988e+01 	 1.4522070013e-05
6900 	 7077 	 6.7839717976e+01 	 2.6217908578e-05
7000 	 7180 	 6.7839717964e+01 	 1.2893368269e-05
7100 	 7282 	 6.7839717955e+01 	 8.3244287203e-06
7200 	 7383 	 6.7839717949e+01 	 8.9262818344e-06
7300 	 7485 	 6.7839717945e+01 	 6.7276902857e-06
7400 	 7588 	 6.7839717942e+01 	 5.8429831472e-06
7500 	 7690 	 6.7839717939e+01 	 5.2445985913e-06
7600 	 7793 	 6.7839717938e+01 	 9.6825005206e-06
7700 	 7895 	 6.7839717936e+01 	 3.9256616103e-06
7800 	 7996 	 6.7839717935e+01 	 4.3109036822e-06
7900 	 8098 	 6.7839717934e+01 	 4.1470342492e-06
8000 	 8198 	 6.7839717932e+01 	 3.5241367596e-06
8100 	 8302 	 6.7839717931e+01 	 2.9779144963e-06
8200 	 8404 	 6.7839717930e+01 	 3.0822950809e-06
8300 	 8506 	 6.7839717930e+01 	 1.8558407138e-06
8400 	 8608 	 6.7839717929e+01 	 3.4599682724e-06
8500 	 8711 	 6.7839717929e+01 	 5.7638847730e-06
8600 	 8813 	 6.7839717928e+01 	 2.7974216383e-06
8700 	 8915 	 6.7839717928e+01 	 2.1380238937e-06
8800 	 9018 	 6.7839717927e+01 	 1.6130567987e-06
8900 	 9120 	 6.7839717927e+01 	 3.2290524837e-06
9000 	 9223 	 6.7839717927e+01 	 1.3835416513e-06
9100 	 9325 	 6.7839717927e+01 	 8.7940131241e-07
9200 	 9428 	 6.7839717927e+01 	 1.2134036717e-06
9300 	 9535 	 6.7839717927e+01 	 1.1001004374e-06
9400 	 9640 	 6.7839717927e+01 	 1.1953697929e-06
9500 	 9745 	 6.7839717927e+01 	 9.9832919350e-07
9600 	 9848 	 6.7839717927e+01 	 7.2618043860e-07
9700 	 9955 	 6.7839717927e+01 	 5.9449675407e-07
9800 	 10061 	 6.7839717927e+01 	 6.8733724247e-07
9900 	 10172 	 6.7839717927e+01 	 3.7256199249e-07
10000 	 10290 	 6.7839717927e+01 	 2.6023922373e-07
10100 	 10403 	 6.7839717927e+01 	 2.9989255873e-07
10200 	 10527 	 6.7839717927e+01 	 2.5644901409e-07
# ---- 
 1 		 10278 	 10637 		 7.4768123539e+01 	 6.7839717927e+01 	 1.8600741955e-07
# ---- 
100 	 103 	 6.7611522822e+01 	 7.3364655321e-02
200 	 206 	 6.7541165852e+01 	 2.5717171908e-02
300 	 307 	 6.7518913911e+01 	 1.2746499351e-02
400 	 409 	 6.7511801236e+01 	 8.2135197041e-03
500 	 509 	 6.7510514316e+01 	 2.8955284680e-03
600 	 612 	 6.7510034466e+01 	 4.3982657009e-03
700 	 715 	 6.7509759902e+01 	 3.6979344634e-03
800 	 817 	 6.7509561836e+01 	 2.4899330873e-03
900 	 919 	 6.7509353838e+01 	 1.3501384745e-03
1000 	 1022 	 6.7509081718e+01 	 1.5475809335e-03
1100 	 1124 	 6.7508908630e+01 	 1.3577036425e-03
1200 	 1225 	 6.7508803377e+01 	 1.0426901840e-03
1300 	 1327 	 6.7508746285e+01 	 1.0348142642e-03
1400 	 1428 	 6.7508702300e+01 	 2.1580757788e-03
1500 	 1533 	 6.7508661237e+01 	 7.8615503887e-04
1600 	 1636 	 6.7508616969e+01 	 7.5881530245e-04
1700 	 1736 	 6.7508577694e+01 	 1.3174920006e-03
1800 	 1838 	 6.7508543273e+01 	 7.9250925327e-04
1900 	 1941 	 6.7508512645e+01 	 4.9406979516e-04
2000 	 2044 	 6.7508490801e+01 	 4.9171758754e-04
2100 	 2148 	 6.7508466716e+01 	 8.3133938553e-04
2200 	 2252 	 6.7508444516e+01 	 4.8346373680e-04
2300 	 2353 	 6.7508429012e+01 	 4.6477017695e-04
2400 	 2457 	 6.7508413333e+01 	 5.0863764269e-04
2500 	 2558 	 6.7508393507e+01 	 8.3001980829e-04
2600 	 2660 	 6.7508376960e+01 	 4.5628512983e-04
2700 	 2761 	 6.7508362354e+01 	 3.4063285522e-04
2800 	 2865 	 6.7508347327e+01 	 3.9615480012e-04
2900 	 2967 	 6.7508331378e+01 	 3.5706268857e-04
3000 	 3068 	 6.7508322660e+01 	 2.2496223511e-04
3100 	 3171 	 6.7508316765e+01 	 2.5821462181e-04
3200 	 3274 	 6.7508311624e+01 	 2.3431738127e-04
3300 	 3376 	 6.7508307029e+01 	 3.0936385407e-04
3400 	 3479 	 6.7508302227e+01 	 1.9234434187e-04
3500 	 3583 	 6.7508297924e+01 	 2.9078229125e-04
3600 	 3684 	 6.7508294231e+01 	 2.4933630479e-04
3700 	 3789 	 6.7508290599e+01 	 1.8716747358e-04
3800 	 3891 	 6.7508287756e+01 	 3.1616055761e-04
3900 	 3994 	 6.7508285865e+01 	 4.2303719197e-04
4000 	 4098 	 6.7508284190e+01 	 2.1518283489e-04
4100 	 4200 	 6.7508282275e+01 	 1.4694098467e-04
4200 	 4304 	 6.7508280822e+01 	 1.3370581135e-04
4300 	 4404 	 6.7508279768e+01 	 1.2069402901e-04
4400 	 4507 	 6.7508278911e+01 	 8.3859106719e-05
4500 	 4607 	 6.7508278103e+01 	 1.7018335036e-04
4600 	 4709 	 6.7508277348e+01 	 8.2045088980e-05
4700 	 4812 	 6.7508276837e+01 	 1.3226995843e-04
4800 	 4915 	 6.7508276323e+01 	 8.6847879932e-05
4900 	 5017 	 6.7508275819e+01 	 1.0072558542e-04
5000 	 5122 	 6.7508275228e+01 	 1.3411037906e-04
5100 	 5225 	 6.7508274620e+01 	 7.8942376102e-05
5200 	 5327 	 6.7508274181e+01 	 5.0064706542e-05
5300 	 5431 	 6.7508273896e+01 	 9.3930604987e-05
5400 	 5534 	 6.7508273703e+01 	 3.7455036072e-05
5500 	 5637 	 6.7508273529e+01 	 3.8182026878e-05
5600 	 5739 	 6.7508273382e+01 	 9.2215973469e-05
5700 	 5844 	 6.7508273253e+01 	 4.2023880968e-05
5800 	 5948 	 6.7508273113e+01 	 3.6676841238e-05
5900 	 6050 	 6.7508272994e+01 	 2.7742491277e-05
6000 	 6152 	 6.7508272908e+01 	 3.1566701354e-05
6100 	 6256 	 6.7508272845e+01 	 3.9165092467e-05
6200 	 6358 	 6.7508272792e+01 	 2.3617250391e-05
6300 	 6461 	 6.7508272750e+01 	 2.0662263739e-05
6400 	 6564 	 6.7508272710e+01 	 4.2698000101e-05
6500 	 6666 	 6.7508272662e+01 	 2.4246248977e-05
6600 	 6767 	 6.7508272612e+01 	 2.4083347780e-05
6700 	 6870 	 6.7508272574e+01 	 2.9224778517e-05
6800 	 6971 	 6.7508272541e+01 	 1.8637886722e-05
6900 	 7073 	 6.7508272518e+01 	 1.4357822667e-05
7000 	 7176 	 6.7508272499e+01 	 1.5285932285e-05
7100 	 7277 	 6.7508272483e+01 	 1.6369086868e-05
7200 	 7379 	 6.7508272472e+01 	 1.1835127555e-05
7300 	 7482 	 6.7508272462e+01 	 1.0282705541e-05
7400 	 7585 	 6.7508272453e+01 	 9.3117383076e-06
7500 	 7688 	 6.7508272446e+01 	 9.6504529573e-06
7600 	 7791 	 6.7508272439e+01 	 2.2377056005e-05
7700 	 7895 	 6.7508272435e+01 	 6.7155058057e-06
7800 	 7998 	 6.7508272432e+01 	 8.0289777892e-06
7900 	 8100 	 6.7508272430e+01 	 7.0580007131e-06
8000 	 8203 	 6.7508272428e+01 	 4.7984558120e-06
8100 	 8305 	 6.7508272427e+01 	 3.6069373113e-06
8200 	 8407 	 6.7508272426e+01 	 4.8775287144e-06
8300 	 8508 	 6.7508272424e+01 	 6.8352866224e-06
8400 	 8608 	 6.7508272423e+01 	 3.1849696924e-06
8500 	 8710 	 6.7508272422e+01 	 3.6824450070e-06
8600 	 8812 	 6.7508272421e+01 	 4.2597193977e-06
8700 	 8913 	 6.7508272420e+01 	 3.6500133581e-06
8800 	 9014 	 6.7508272418e+01 	 8.7462408903e-06
8900 	 9116 	 6.7508272417e+01 	 4.1102425533e-06
9000 	 9220 	 6.7508272416e+01 	 2.2054915621e-06
9100 	 9323 	 6.7508272415e+01 	 4.4741580637e-06
9200 	 9426 	 6.7508272415e+01 	 4.2978515196e-06
9300 	 9529 	 6.7508272414e+01 	 2.1903520210e-06
9400 	 9630 	 6.7508272414e+01 	 1.7543576707e-06
9500 	 9733 	 6.7508272414e+01 	 1.9875991535e-06
9600 	 9834 	 6.7508272413e+01 	 1.6832640829e-06
9700 	 9934 	 6.7508272413e+01 	 1.4891478941e-06
9800 	 10036 	 6.7508272413e+01 	 2.0406458446e-06
9900 	 10140 	 6.7508272413e+01 	 2.7954884494e-06
10000 	 10242 	 6.7508272413e+01 	 1.0583241801e-06
10100 	 10349 	 6.7508272413e+01 	 2.0392680659e-06
10200 	 10450 	 6.7508272412e+01 	 7.6853092812e-07
10300 	 10553 	 6.7508272412e+01 	 6.5692501774e-07
10400 	 10660 	 6.7508272412e+01 	 9.7643545106e-07
10500 	 10769 	 6.7508272412e+01 	 6.0415770354e-07
10600 	 10876 	 6.7508272412e+01 	 1.0517590586e-06
10700 	 10985 	 6.7508272412e+01 	 9.1061866944e-07
10800 	 11094 	 6.7508272412e+01 	 9.4286995211e-07
10900 	 11205 	 6.7508272412e+01 	 5.4503257183e-07
11000 	 11312 	 6.7508272412e+01 	 4.1963170038e-07
11100 	 11425 	 6.7508272412e+01 	 5.2516080114e-07
11200 	 11536 	 6.7508272412e+01 	 1.0871964041e-06
11300 	 11654 	 6.7508272412e+01 	 2.4700744631e-07
# ---- 
 1 		 11367 	 11756 		 7.4405910522e+01 	 6.7508272412e+01 	 3.9193648954e-07
# ---- 
100 	 106 	 6.7336682207e+01 	 9.4648179426e-02
200 	 209 	 6.7270853589e+01 	 3.1155244141e-02
300 	 311 	 6.7249834358e+01 	 2.3799961500e-02
400 	 411 	 6.7242404848e+01 	 8.4092165797e-03
500 	 514 	 6.7240810895e+01 	 3.4863092201e-03
600 	 618 	 6.7240254268e+01 	 2.8270880726e-03
700 	 720 	 6.7239932968e+01 	 4.2643200322e-03
800 	 822 	 6.7239686596e+01 	 1.9446834751e-03
900 	 924 	 6.7239387995e+01 	 1.8968333518e-03
1000 	 1025 	 6.7239046373e+01 	 2.5800373892e-03
1100 	 1127 	 6.7238777634e+01 	 1.4464274274e-03
1200 	 1227 	 6.7238643250e+01 	 9.6484735674e-04
1300 	 1329 	 6.7238554543e+01 	 1.1399266776e-03
1400 	 1433 	 6.7238489279e+01 	 2.2424876601e-03
1500 	 1537 	 6.7238432328e+01 	 1.4858186849e-03
1600 	 1639 	 6.7238378415e+01 	 1.4480461740e-03
1700 	 1741 	 6.7238323978e+01 	 7.3637133038e-04
1800 	 1842 	 6.7238269577e+01 	 8.2038003260e-04
1900 	 1947 	 6.7238221605e+01 	 1.5515999796e-03
2000 	 2050 	 6.7238185597e+01 	 7.1786875396e-04
2100 	 2154 	 6.7238154559e+01 	 5.8957934990e-04
2200 	 2257 	 6.7238126646e+01 	 6.3880609525e-04
2300 	 2359 	 6.7238103813e+01 	 3.8404013935e-04
2400 	 2461 	 6.7238083868e+01 	 1.7107131897e-03
2500 	 2562 	 6.7238060322e+01 	 5.1495831310e-04
2600 	 2664 	 6.7238039809e+01 	 5.5250902635e-04
2700 	 2769 	 6.7238020020e+01 	 4.6189526039e-04
2800 	 2871 	 6.7238000604e+01 	 5.7299001287e-04
2900 	 2973 	 6.7237975344e+01 	 5.6779180591e-04
3000 	 3074 	 6.7237954030e+01 	 5.1312175530e-04
3100 	 3175 	 6.7237939332e+01 	 4.1016811925e-04
3200 	 3276 	 6.7237927751e+01 	 3.3358636826e-04
3300 	 3379 	 6.7237917255e+01 	 3.3328976423e-04
3400 	 3481 	 6.7237909843e+01 	 3.4557856437e-04
3500 	 3581 	 6.7237903190e+01 	 2.4013245924e-04
3600 	 3682 	 6.7237896360e+01 	 3.7587679791e-04
3700 	 3784 	 6.7237891430e+01 	 3.2141377177e-04
3800 	 3885 	 6.7237886626e+01 	 2.1867755227e-04
3900 	 3988 	 6.7237882361e+01 	 2.2279886362e-04
4000 	 4089 	 6.7237878577e+01 	 2.6871463023e-04
4100 	 4191 	 6.7237875744e+01 	 1.5798848532e-04
4200 	 4294 	 6.7237873827e+01 	 4.2630786293e-04
4300 	 4397 	 6.7237871969e+01 	 1.2516834859e-04
4400 	 4500 	 6.7237871103e+01 	 8.6281489370e-05
4500 	 4601 	 6.7237870265e+01 	 1.1877399302e-04
4600 	 4704 	 6.7237869171e+01 	 2.6006863847e-04
4700 	 4806 	 6.7237867986e+01 	 1.5026917824e-04
4800 	 4908 	 6.7237866921e+01 	 8.8034558058e-05
4900 	 5012 	 6.7237865870e+01 	 1.3750712599e-04
5000 	 5115 	 6.7237864883e+01 	 1.1380233511e-04
5100 	 5217 	 6.7237863938e+01 	 1.0839331821e-04
5200 	 5320 	 6.7237863116e+01 	 1.0054289998e-04
5300 	 5422 	 6.7237862450e+01 	 7.8474348266e-05
5400 	 5524 	 6.7237861838e+01 	 9.6387730002e-05
5500 	 5627 	 6.7237861343e+01 	 6.9965245636e-05
5600 	 5728 	 6.7237861022e+01 	 1.0242476559e-04
5700 	 5831 	 6.7237860712e+01 	 5.2768642376e-05
5800 	 5934 	 6.7237860453e+01 	 9.9951111964e-05
5900 	 6036 	 6.7237860219e+01 	 1.5007421282e-04
6000 	 6137 	 6.7237860012e+01 	 4.5907762485e-05
6100 	 6240 	 6.7237859854e+01 	 8.6350114766e-05
6200 	 6345 	 6.7237859739e+01 	 1.2732781268e-04
6300 	 6449 	 6.7237859600e+01 	 7.1444045287e-05
6400 	 6551 	 6.7237859478e+01 	 3.2200108986e-05
6500 	 6656 	 6.7237859360e+01 	 2.6844695432e-05
6600 	 6761 	 6.7237859255e+01 	 2.8021773989e-05
6700 	 6863 	 6.7237859170e+01 	 4.8271271153e-05
6800 	 6965 	 6.7237859096e+01 	 2.8501127759e-05
6900 	 7066 	 6.7237859049e+01 	 1.9927729846e-05
7000 	 7167 	 6.7237859003e+01 	 2.2719334689e-05
7100 	 7270 	 6.7237858966e+01 	 1.6999187979e-05
7200 	 7372 	 6.7237858935e+01 	 1.9985005608e-05
7300 	 7474 	 6.7237858902e+01 	 2.1234816129e-05
7400 	 7577 	 6.7237858874e+01 	 1.6134103723e-05
7500 	 7679 	 6.7237858849e+01 	 1.7053321869e-05
7600 	 7780 	 6.7237858828e+01 	 1.4105250303e-05
7700 	 7882 	 6.7237858814e+01 	 1.9369781810e-05
7800 	 7984 	 6.7237858803e+01 	 1.1050897963e-05
7900 	 8087 	 6.7237858793e+01 	 8.2180783900e-06
8000 	 8189 	 6.7237858786e+01 	 1.0987173592e-05
8100 	 8290 	 6.7237858780e+01 	 7.8157431656e-06
8200 	 8393 	 6.7237858775e+01 	 8.6325460044e-06
8300 	 8496 	 6.7237858770e+01 	 7.7657623412e-06
8400 	 8598 	 6.7237858765e+01 	 9.8328264654e-06
8500 	 8700 	 6.7237858760e+01 	 1.6887016708e-05
8600 	 8806 	 6.7237858755e+01 	 6.3198255244e-06
8700 	 8910 	 6.7237858752e+01 	 6.4828932467e-06
8800 	 9015 	 6.7237858748e+01 	 6.0601043013e-06
8900 	 9116 	 6.7237858745e+01 	 7.1360493514e-06
9000 	 9220 	 6.7237858743e+01 	 1.1580251002e-05
9100 	 9322 	 6.7237858741e+01 	 4.8738686945e-06
9200 	 9425 	 6.7237858739e+01 	 3.9822409141e-06
9300 	 9527 	 6.7237858738e+01 	 3.6190398234e-06
9400 	 9629 	 6.7237858736e+01 	 3.4268043472e-06
9500 	 9734 	 6.7237858735e+01 	 6.4541351959e-06
9600 	 9836 	 6.7237858734e+01 	 3.8588352637e-06
9700 	 9938 	 6.7237858733e+01 	 3.8808252511e-06
9800 	 10040 	 6.7237858732e+01 	 3.5122411388e-06
9900 	 10141 	 6.7237858731e+01 	 7.7972662810e-06
10000 	 10242 	 6.7237858730e+01 	 8.7114928378e-06
10100 	 10344 	 6.7237858729e+01 	 2.2352393617e-06
10200 	 10446 	 6.7237858729e+01 	 2.2121673519e-06
10300 	 10549 	 6.7237858729e+01 	 1.1657621524e-06
10400 	 10652 	 6.7237858729e+01 	 1.6336517764e-06
10500 	 10755 	 6.7237858728e+01 	 1.9819296486e-06
10600 	 10859 	 6.7237858728e+01 	 1.1468858440e-06
10700 	 10963 	 6.7237858728e+01 	 9.0462905795e-07
10800 	 11066 	 6.7237858728e+01 	 1.0920639945e-06
10900 	 11171 	 6.7237858728e+01 	 9.5790794617e-07
11000 	 11278 	 6.7237858728e+01 	 1.3809074369e-06
11100 	 11381 	 6.7237858728e+01 	 1.6287401164e-06
11200 	 11485 	 6.7237858727e+01 	 3.1963859193e-06
11300 	 11586 	 6.7237858727e+01 	 1.1148481291e-06
11400 	 11689 	 6.7237858727e+01 	 7.9045061955e-07
11500 	 11795 	 6.7237858727e+01 	 9.9510990472e-07
11600 	 11899 	 6.7237858727e+01 	 1.4272453529e-06
11700 	 12003 	 6.7237858727e+01 	 9.4294873036e-07
11800 	 12111 	 6.7237858727e+01 	 8.7887105077e-07
11900 	 12232 	 6.7237858727e+01 	 5.3237612017e-07
12000 	 12345 	 6.7237858727e+01 	 6.4523415271e-07
12100 	 12468 	 6.7237858727e+01 	 5.5590186340e-07
# ---- 
 1 		 12116 	 12515 		 7.4120360727e+01 	 6.7237858727e+01 	 3.5245635957e-07
# ---- 
100 	 107 	 6.7117181939e+01 	 7.8432027425e-02
200 	 207 	 6.7052256821e+01 	 3.8841213266e-02
300 	 311 	 6.7032362801e+01 	 1.4839617416e-02
400 	 412 	 6.7024592005e+01 	 8.8623209998e-03
500 	 515 	 6.7022535181e+01 	 4.5249584918e-03
600 	 617 	 6.7021877164e+01 	 3.3553410130e-03
700 	 718 	 6.7021489511e+01 	 2.6186930285e-03
800 	 821 	 6.7021130472e+01 	 2.4778545599e-03
900 	 923 	 6.7020706696e+01 	 3.7322546890e-03
1000 	 1025 	 6.7020271792e+01 	 2.5969765363e-03
1100 	 1126 	 6.7019913013e+01 	 2.6896544835e-03
1200 	 1230 	 6.7019721888e+01 	 2.1017375882e-03
1300 	 1331 	 6.7019598845e+01 	 1.3855562308e-03
1400 	 1434 	 6.7019512613e+01 	 9.9903327153e-04
1500 	 1535 	 6.7019443305e+01 	 7.7949257656e-04
1600 	 1637 	 6.7019369604e+01 	 2.0242784395e-03
1700 	 1737 	 6.7019295131e+01 	 1.0760900309e-03
1800 	 1842 	 6.7019219965e+01 	 7.9813325647e-04
1900 	 1944 	 6.7019153646e+01 	 9.6914102831e-04
2000 	 2046 	 6.7019088813e+01 	 6.8601903717e-04
2100 	 2150 	 6.7019043010e+01 	 6.2636118411e-04
2200 	 2250 	 6.7019007592e+01 	 6.2772481632e-04
2300 	 2352 	 6.7018979361e+01 	 1.0659586361e-03
2400 	 2455 	 6.7018952910e+01 	 7.8669427919e-04
2500 	 2558 	 6.7018928859e+01 	 8.9244726314e-04
2600 	 2662 	 6.7018907691e+01 	 6.3187586869e-04
2700 	 2764 	 6.7018887162e+01 	 1.2257051951e-03
2800 	 2867 	 6.7018863979e+01 	 5.7063980841e-04
2900 	 2968 	 6.7018837520e+01 	 5.5781263820e-04
3000 	 3072 	 6.7018814221e+01 	 4.7966136222e-04
3100 	 3175 	 6.7018798864e+01 	 4.9535519858e-04
3200 	 3277 	 6.7018787260e+01 	 4.8315492723e-04
3300 	 3378 	 6.7018776095e+01 	 3.9131903241e-04
3400 	 3480 	 6.7018765411e+01 	 7.1565246303e-04
3500 	 3584 	 6.7018755949e+01 	 3.6388413726e-04
3600 	 3685 	 6.7018744689e+01 	 3.4456516952e-04
3700 	 3787 	 6.7018736398e+01 	 3.1210556779e-04
3800 	 3889 	 6.7018729755e+01 	 3.8807989124e-04
3900 	 3989 	 6.7018724171e+01 	 4.2037466812e-04
4000 	 4091 	 6.7018720049e+01 	 2.3933021652e-04
4100 	 4193 	 6.7018716416e+01 	 3.6800562808e-04
4200 	 4295 	 6.7018714285e+01 	 1.9828097317e-04
4300 	 4397 	 6.7018712368e+01 	 1.4340240792e-04
4400 	 4498 	 6.7018710622e+01 	 1.5703912247e-04
4500 	 4600 	 6.7018709254e+01 	 2.0709766301e-04
4600 	 4704 	 6.7018708165e+01 	 1.0389793896e-04
4700 	 4804 	 6.7018707078e+01 	 1.3020306939e-04
4800 	 4906 	 6.7018705995e+01 	 1.7866526898e-04
4900 	 5008 	 6.7018705028e+01 	 8.0809559972e-05
5000 	 5112 	 6.7018704235e+01 	 9.8048501427e-05
5100 	 5214 	 6.7018703475e+01 	 2.3821307653e-04
5200 	 5318 	 6.7018702742e+01 	 9.3389783003e-05
5300 	 5422 	 6.7018701956e+01 	 8.3600263855e-05
5400 	 5524 	 6.7018701271e+01 	 1.2515976471e-04
5500 	 5624 	 6.7018700643e+01 	 1.8183393515e-04
5600 	 5727 	 6.7018699950e+01 	 7.3618844644e-05
5700 	 5830 	 6.7018699364e+01 	 9.6638131375e-05
5800 	 5933 	 6.7018698897e+01 	 7.8235922440e-05
5900 	 6035 	 6.7018698472e+01 	 7.0713040477e-05
6000 	 6140 	 6.7018698084e+01 	 8.4764423231e-05
6100 	 6242 	 6.7018697805e+01 	 4.7741461439e-05
6200 	 6343 	 6.7018697566e+01 	 7.2183835539e-05
6300 	 6444 	 6.7018697409e+01 	 6.0026224542e-05
6400 	 6549 	 6.7018697262e+01 	 5.1469604748e-05
6500 	 6654 	 6.7018697129e+01 	 4.3080360221e-05
6600 	 6755 	 6.7018697026e+01 	 3.6818470993e-05
6700 	 6859 	 6.7018696920e+01 	 6.4495956207e-05
6800 	 6960 	 6.7018696827e+01 	 3.7010895822e-05
6900 	 7062 	 6.7018696748e+01 	 3.6955701320e-05
7000 	 7163 	 6.7018696674e+01 	 2.9523130852e-05
7100 	 7266 	 6.7018696605e+01 	 3.6045890937e-05
7200 	 7371 	 6.7018696546e+01 	 4.9653434893e-05
7300 	 7473 	 6.7018696497e+01 	 2.0919424800e-05
7400 	 7575 	 6.7018696447e+01 	 2.2450330843e-05
7500 	 7677 	 6.7018696391e+01 	 2.4036215008e-05
7600 	 7781 	 6.7018696343e+01 	 2.5661964892e-05
7700 	 7884 	 6.7018696295e+01 	 2.2943826451e-05
7800 	 7985 	 6.7018696257e+01 	 2.0016878006e-05
7900 	 8088 	 6.7018696225e+01 	 4.4485454670e-05
8000 	 8192 	 6.7018696200e+01 	 1.4801628129e-05
8100 	 8295 	 6.7018696183e+01 	 1.6343194199e-05
8200 	 8397 	 6.7018696172e+01 	 1.6636292364e-05
8300 	 8499 	 6.7018696163e+01 	 1.3871338124e-05
8400 	 8601 	 6.7018696154e+01 	 1.4751031690e-05
8500 	 8705 	 6.7018696147e+01 	 8.8517219823e-06
8600 	 8807 	 6.7018696142e+01 	 5.8697002889e-06
8700 	 8910 	 6.7018696137e+01 	 9.1813419988e-06
8800 	 9011 	 6.7018696132e+01 	 2.0913032520e-05
8900 	 9114 	 6.7018696126e+01 	 9.4427838802e-06
9000 	 9218 	 6.7018696120e+01 	 1.5881710691e-05
9100 	 9321 	 6.7018696114e+01 	 1.8901419039e-05
9200 	 9424 	 6.7018696109e+01 	 1.0560633166e-05
9300 	 9527 	 6.7018696103e+01 	 1.0793169554e-05
9400 	 9629 	 6.7018696098e+01 	 1.8899875124e-05
9500 	 9731 	 6.7018696094e+01 	 5.9714125962e-06
9600 	 9835 	 6.7018696091e+01 	 5.7556330388e-06
9700 	 9939 	 6.7018696089e+01 	 5.2279847993e-06
9800 	 10042 	 6.7018696087e+01 	 4.4835792683e-06
9900 	 10145 	 6.7018696086e+01 	 3.5892104282e-06
10000 	 10247 	 6.7018696085e+01 	 2.9429140169e-06
10100 	 10350 	 6.7018696083e+01 	 2.9190489700e-06
10200 	 10453 	 6.7018696083e+01 	 6.1111181581e-06
10300 	 10557 	 6.7018696082e+01 	 5.4831923985e-06
10400 	 10661 	 6.7018696081e+01 	 2.1472726936e-06
10500 	 10763 	 6.7018696081e+01 	 1.4948409846e-06
10600 	 10867 	 6.7018696080e+01 	 2.3537370349e-06
10700 	 10970 	 6.7018696080e+01 	 1.5257544701e-06
10800 	 11072 	 6.7018696080e+01 	 1.3259202792e-06
10900 	 11176 	 6.7018696080e+01 	 3.4148119619e-06
11000 	 11278 	 6.7018696079e+01 	 2.6587817664e-06
11100 	 11382 	 6.7018696079e+01 	 1.1729639780e-06
11200 	 11485 	 6.7018696079e+01 	 1.3012898735e-06
11300 	 11588 	 6.7018696079e+01 	 1.7355466097e-06
11400 	 11691 	 6.7018696079e+01 	 1.3835157353e-06
11500 	 11797 	 6.7018696078e+01 	 1.3675718308e-06
11600 	 11900 	 6.7018696078e+01 	 8.2366880015e-07
11700 	 12003 	 6.7018696078e+01 	 1.3502277951e-06
11800 	 12108 	 6.7018696078e+01 	 1.0987304031e-06
11900 	 12216 	 6.7018696078e+01 	 7.1381167872e-07
12000 	 12318 	 6.7018696078e+01 	 9.2285358165e-07
12100 	 12422 	 6.7018696078e+01 	 1.0391071660e-06
12200 	 12529 	 6.7018696078e+01 	 5.1065034996e-07
12300 	 12644 	 6.7018696078e+01 	 4.7952333071e-07
12400 	 12767 	 6.7018696078e+01 	 6.4105521036e-07
12500 	 12876 	 6.7018696078e+01 	 9.2309955604e-07
# ---- 
 1 		 12546 	 12945 		 7.3874917558e+01 	 6.7018696078e+01 	 6.2143560773e-07
# ---- 
100 	 107 	 6.6947605094e+01 	 6.4095643699e-02
200 	 208 	 6.6876121247e+01 	 4.6167966468e-02
300 	 310 	 6.6856867708e+01 	 1.4016295047e-02
400 	 410 	 6.6849419880e+01 	 8.2792994997e-03
500 	 513 	 6.6846874587e+01 	 9.3820478868e-03
600 	 616 	 6.6846035347e+01 	 9.2760641193e-03
700 	 719 	 6.6845581632e+01 	 2.6112053022e-03
800 	 820 	 6.6845182910e+01 	 2.0826991414e-03
900 	 923 	 6.6844794829e+01 	 2.2835309143e-03
1000 	 1027 	 6.6844261517e+01 	 2.7585132009e-03
1100 	 1129 	 6.6843726200e+01 	 2.7648241324e-03
1200 	 1230 	 6.6843425012e+01 	 2.1415808206e-03
1300 	 1332 	 6.6843175742e+01 	 1.8298671462e-03
1400 	 1432 	 6.6843021073e+01 	 1.5874234550e-03
1500 	 1534 	 6.6842909253e+01 	 1.5355800212e-03
1600 	 1634 	 6.6842800807e+01 	 1.2676254122e-03
1700 	 1735 	 6.6842697464e+01 	 8.4619218419e-04
1800 	 1837 	 6.6842629263e+01 	 8.0074550068e-04
1900 	 1940 	 6.6842565707e+01 	 7.5041278623e-04
2000 	 2043 	 6.6842504117e+01 	 1.3260095920e-03
2100 	 2145 	 6.6842458959e+01 	 5.5291821542e-04
2200 	 2250 	 6.6842422865e+01 	 5.1734613454e-04
2300 	 2352 	 6.6842390600e+01 	 5.8315434227e-04
2400 	 2455 	 6.6842357618e+01 	 7.1472165775e-04
2500 	 2558 	 6.6842323153e+01 	 7.8155568759e-04
2600 	 2661 	 6.6842300673e+01 	 5.4552225465e-04
2700 	 2764 	 6.6842280927e+01 	 4.5731252283e-04
2800 	 2866 	 6.6842258328e+01 	 5.1052821976e-04
2900 	 2967 	 6.6842230306e+01 	 6.0472760816e-04
3000 	 3071 	 6.6842205909e+01 	 5.9369111238e-04
3100 	 3174 	 6.6842184766e+01 	 6.2330295644e-04
3200 	 3277 	 6.6842166487e+01 	 6.0015575552e-04
3300 	 3380 	 6.6842152078e+01 	 3.9530112508e-04
3400 	 3484 	 6.6842139715e+01 	 7.5549021946e-04
3500 	 3586 	 6.6842130353e+01 	 3.3879925179e-04
3600 	 3690 	 6.6842122228e+01 	 3.8033476262e-04
3700 	 3793 	 6.6842113865e+01 	 4.3429156626e-04
3800 	 3897 	 6.6842106651e+01 	 3.9718505927e-04
3900 	 3999 	 6.6842100561e+01 	 5.8787456130e-04
4000 	 4101 	 6.6842096321e+01 	 2.3221324534e-04
4100 	 4204 	 6.6842092847e+01 	 1.6087391838e-04
4200 	 4306 	 6.6842090594e+01 	 1.7076559498e-04
4300 	 4407 	 6.6842088673e+01 	 1.2411324279e-04
4400 	 4509 	 6.6842087079e+01 	 1.0572798880e-04
4500 	 4612 	 6.6842085481e+01 	 1.4866354050e-04
4600 	 4715 	 6.6842084147e+01 	 1.1666509823e-04
4700 	 4816 	 6.6842083018e+01 	 1.8271381807e-04
4800 	 4918 	 6.6842082033e+01 	 9.5279559378e-05
4900 	 5021 	 6.6842081274e+01 	 9.6565730197e-05
5000 	 5122 	 6.6842080759e+01 	 7.5253878467e-05
5100 	 5223 	 6.6842080324e+01 	 8.1763358771e-05
5200 	 5327 	 6.6842079834e+01 	 7.3214287294e-05
5300 	 5429 	 6.6842079300e+01 	 8.3516235179e-05
5400 	 5531 	 6.6842078718e+01 	 1.2911217428e-04
5500 	 5633 	 6.6842078273e+01 	 1.2859051463e-04
5600 	 5735 	 6.6842077936e+01 	 7.7452337929e-05
5700 	 5838 	 6.6842077638e+01 	 1.0276914922e-04
5800 	 5940 	 6.6842077361e+01 	 6.7921701456e-05
5900 	 6043 	 6.6842077073e+01 	 6.8516528010e-05
6000 	 6144 	 6.6842076793e+01 	 5.6324919502e-05
6100 	 6245 	 6.6842076532e+01 	 6.2303976784e-05
6200 	 6347 	 6.6842076263e+01 	 4.5079005128e-05
6300 	 6451 	 6.6842076043e+01 	 5.2627455568e-05
6400 	 6556 	 6.6842075822e+01 	 4.0697208442e-05
6500 	 6660 	 6.6842075642e+01 	 6.7286136233e-05
6600 	 6764 	 6.6842075461e+01 	 8.2065802752e-05
6700 	 6866 	 6.6842075290e+01 	 6.8469198051e-05
6800 	 6969 	 6.6842075147e+01 	 5.1371653257e-05
6900 	 7074 	 6.6842075035e+01 	 3.1161688126e-05
7000 	 7177 	 6.6842074941e+01 	 3.2937685416e-05
7100 	 7277 	 6.6842074863e+01 	 5.4532567479e-05
7200 	 7377 	 6.6842074802e+01 	 2.6033166914e-05
7300 	 7479 	 6.6842074752e+01 	 2.8745118208e-05
7400 	 7582 	 6.6842074703e+01 	 2.4118625744e-05
7500 	 7682 	 6.6842074657e+01 	 2.7038006773e-05
7600 	 7786 	 6.6842074621e+01 	 2.8940131895e-05
7700 	 7888 	 6.6842074587e+01 	 2.5993805797e-05
7800 	 7988 	 6.6842074553e+01 	 2.1455358934e-05
7900 	 8091 	 6.6842074523e+01 	 2.6136841893e-05
8000 	 8195 	 6.6842074490e+01 	 6.2480982472e-05
8100 	 8298 	 6.6842074463e+01 	 1.2872006977e-05
8200 	 8399 	 6.6842074445e+01 	 2.5905523671e-05
8300 	 8499 	 6.6842074432e+01 	 2.7335914908e-05
8400 	 8601 	 6.6842074419e+01 	 1.3195275723e-05
8500 	 8705 	 6.6842074405e+01 	 2.0466406388e-05
8600 	 8808 	 6.6842074393e+01 	 2.2794302653e-05
8700 	 8909 	 6.6842074384e+01 	 1.1299604622e-05
8800 	 9012 	 6.6842074377e+01 	 9.4692156372e-06
8900 	 9115 	 6.6842074371e+01 	 1.0345714702e-05
9000 	 9217 	 6.6842074366e+01 	 1.5967121890e-05
9100 	 9319 	 6.6842074362e+01 	 8.8321666580e-06
9200 	 9425 	 6.6842074358e+01 	 7.0092713137e-06
9300 	 9529 	 6.6842074355e+01 	 8.4665306574e-06
9400 	 9631 	 6.6842074352e+01 	 5.1578021097e-06
9500 	 9733 	 6.6842074348e+01 	 5.2941553620e-06
9600 	 9837 	 6.6842074346e+01 	 6.4286934639e-06
9700 	 9939 	 6.6842074343e+01 	 8.9422582014e-06
9800 	 10041 	 6.6842074340e+01 	 6.3227706410e-06
9900 	 10144 	 6.6842074337e+01 	 6.3517342878e-06
10000 	 10245 	 6.6842074334e+01 	 7.2390504037e-06
10100 	 10348 	 6.6842074331e+01 	 5.6049069888e-06
10200 	 10451 	 6.6842074329e+01 	 5.2329402486e-06
10300 	 10554 	 6.6842074327e+01 	 6.7399043908e-06
10400 	 10656 	 6.6842074325e+01 	 4.1148135627e-06
10500 	 10759 	 6.6842074323e+01 	 4.1513419419e-06
10600 	 10864 	 6.6842074322e+01 	 4.0578452518e-06
10700 	 10966 	 6.6842074321e+01 	 2.8691008185e-06
10800 	 11070 	 6.6842074321e+01 	 1.7147282081e-06
10900 	 11172 	 6.6842074320e+01 	 2.5856135764e-06
11000 	 11274 	 6.6842074320e+01 	 3.5131549345e-06
11100 	 11376 	 6.6842074320e+01 	 2.1112474770e-06
11200 	 11478 	 6.6842074319e+01 	 1.8783445048e-06
11300 	 11579 	 6.6842074319e+01 	 4.2995423096e-06
11400 	 11683 	 6.6842074319e+01 	 2.1863997981e-06
11500 	 11787 	 6.6842074318e+01 	 1.4966721959e-06
11600 	 11893 	 6.6842074318e+01 	 4.1381912671e-06
11700 	 11994 	 6.6842074318e+01 	 4.8792524131e-06
11800 	 12096 	 6.6842074317e+01 	 1.6036216077e-06
11900 	 12200 	 6.6842074317e+01 	 1.3097898607e-06
12000 	 12303 	 6.6842074317e+01 	 1.4096286883e-06
12100 	 12408 	 6.6842074317e+01 	 1.5079491780e-06
12200 	 12510 	 6.6842074317e+01 	 2.9749045616e-06
12300 	 12614 	 6.6842074317e+01 	 6.2685869022e-07
12400 	 12720 	 6.6842074317e+01 	 1.0732923059e-06
12500 	 12826 	 6.6842074317e+01 	 6.7185420986e-07
12600 	 12932 	 6.6842074317e+01 	 6.2028868198e-07
12700 	 13043 	 6.6842074317e+01 	 5.3774793932e-07
12800 	 13157 	 6.6842074316e+01 	 6.0906443754e-07
12900 	 13263 	 6.6842074316e+01 	 7.9592097828e-07
13000 	 13370 	 6.6842074316e+01 	 6.7072167387e-07
13100 	 13477 	 6.6842074316e+01 	 5.4959040501e-07
13200 	 13590 	 6.6842074316e+01 	 7.8516106051e-07
13300 	 13699 	 6.6842074316e+01 	 9.9977852273e-07
# ---- 
 1 		 13376 	 13803 		 7.3659387532e+01 	 6.6842074316e+01 	 3.7388165722e-07
# ---- 
100 	 103 	 6.6788910231e+01 	 5.5963046652e-02
200 	 205 	 6.6731741615e+01 	 2.6737048668e-02
300 	 307 	 6.6714850046e+01 	 1.1389734152e-02
400 	 409 	 6.6708191728e+01 	 7.7042973245e-03
500 	 511 	 6.6705798496e+01 	 5.1797542585e-03
600 	 613 	 6.6704949615e+01 	 3.5908326873e-03
700 	 716 	 6.6704454612e+01 	 3.1969710412e-03
800 	 818 	 6.6703957683e+01 	 2.1079972241e-03
900 	 920 	 6.6703548306e+01 	 2.3623026020e-03
1000 	 1021 	 6.6703073819e+01 	 3.6184644784e-03
1100 	 1124 	 6.6702566992e+01 	 2.6694598747e-03
1200 	 1225 	 6.6702209116e+01 	 2.3908251621e-03
1300 	 1327 	 6.6701977820e+01 	 1.7740830224e-03
1400 	 1430 	 6.6701838427e+01 	 1.6269738066e-03
1500 	 1533 	 6.6701745945e+01 	 1.2307083984e-03
1600 	 1635 	 6.6701669155e+01 	 1.0545892044e-03
1700 	 1737 	 6.6701605273e+01 	 9.9889354336e-04
1800 	 1839 	 6.6701545992e+01 	 1.0707215541e-03
1900 	 1940 	 6.6701483260e+01 	 8.5593747056e-04
2000 	 2042 	 6.6701421941e+01 	 1.3454678375e-03
2100 	 2145 	 6.6701380211e+01 	 5.1106849626e-04
2200 	 2246 	 6.6701347936e+01 	 5.7038347758e-04
2300 	 2347 	 6.6701321665e+01 	 7.6249668123e-04
2400 	 2450 	 6.6701294510e+01 	 5.4936786790e-04
2500 	 2552 	 6.6701262720e+01 	 7.9970594808e-04
2600 	 2654 	 6.6701240020e+01 	 1.3931073727e-03
2700 	 2757 	 6.6701220588e+01 	 7.3241175889e-04
2800 	 2858 	 6.6701203886e+01 	 4.8876153243e-04
2900 	 2959 	 6.6701187366e+01 	 3.2284781488e-04
3000 	 3062 	 6.6701174825e+01 	 9.3657958741e-04
3100 	 3162 	 6.6701162380e+01 	 7.3784480986e-04
3200 	 3266 	 6.6701149832e+01 	 4.9193616979e-04
3300 	 3367 	 6.6701138082e+01 	 3.2159447909e-04
3400 	 3470 	 6.6701127754e+01 	 3.8717464241e-04
3500 	 3574 	 6.6701117909e+01 	 3.5570834756e-04
3600 	 3676 	 6.6701110389e+01 	 4.7714371490e-04
3700 	 3777 	 6.6701104342e+01 	 2.7096707269e-04
3800 	 3881 	 6.6701098674e+01 	 4.1071147685e-04
3900 	 3983 	 6.6701093979e+01 	 2.7961088943e-04
4000 	 4087 	 6.6701090711e+01 	 1.7958532492e-04
4100 	 4189 	 6.6701087552e+01 	 2.0360000242e-04
4200 	 4290 	 6.6701084801e+01 	 2.2197168353e-04
4300 	 4392 	 6.6701082492e+01 	 1.6163731216e-04
4400 	 4493 	 6.6701080192e+01 	 1.4077201330e-04
4500 	 4595 	 6.6701078007e+01 	 1.5528204577e-04
4600 	 4696 	 6.6701076168e+01 	 1.4973726332e-04
4700 	 4798 	 6.6701075035e+01 	 1.2147554033e-04
4800 	 4900 	 6.6701073942e+01 	 1.1029861513e-04
4900 	 5002 	 6.6701073000e+01 	 1.0600362532e-04
5000 	 5105 	 6.6701072272e+01 	 1.4670699734e-04
5100 	 5208 	 6.6701071700e+01 	 7.5094192930e-05
5200 	 5308 	 6.6701071130e+01 	 1.4859636784e-04
5300 	 5412 	 6.6701070489e+01 	 8.4890352997e-05
5400 	 5515 	 6.6701069733e+01 	 9.4200821788e-05
5500 	 5615 	 6.6701069134e+01 	 7.7776923624e-05
5600 	 5717 	 6.6701068763e+01 	 1.1720292962e-04
5700 	 5821 	 6.6701068534e+01 	 7.3023138991e-05
5800 	 5924 	 6.6701068296e+01 	 5.1436180952e-05
5900 	 6025 	 6.6701068015e+01 	 8.5436045492e-05
6000 	 6128 	 6.6701067671e+01 	 8.0242435917e-05
6100 	 6232 	 6.6701067365e+01 	 1.7585657288e-04
6200 	 6335 	 6.6701067138e+01 	 6.3828503357e-05
6300 	 6438 	 6.6701066926e+01 	 6.9310422161e-05
6400 	 6541 	 6.6701066769e+01 	 4.9028344236e-05
6500 	 6641 	 6.6701066630e+01 	 5.4037776228e-05
6600 	 6741 	 6.6701066516e+01 	 3.6313121147e-05
6700 	 6842 	 6.6701066412e+01 	 2.7838320633e-05
6800 	 6946 	 6.6701066279e+01 	 6.1090002794e-05
6900 	 7048 	 6.6701066153e+01 	 8.2980499286e-05
7000 	 7149 	 6.6701066033e+01 	 3.7740988287e-05
7100 	 7250 	 6.6701065937e+01 	 7.1712410436e-05
7200 	 7354 	 6.6701065860e+01 	 2.2768593507e-05
7300 	 7458 	 6.6701065778e+01 	 3.1808637597e-05
7400 	 7560 	 6.6701065709e+01 	 3.2488188482e-05
7500 	 7662 	 6.6701065657e+01 	 2.8263981503e-05
7600 	 7765 	 6.6701065599e+01 	 2.7793693502e-05
7700 	 7865 	 6.6701065528e+01 	 8.5521234294e-05
7800 	 7969 	 6.6701065457e+01 	 2.6483578746e-05
7900 	 8072 	 6.6701065400e+01 	 2.4185489738e-05
8000 	 8174 	 6.6701065350e+01 	 2.8692960782e-05
8100 	 8278 	 6.6701065305e+01 	 2.2052618048e-05
8200 	 8379 	 6.6701065263e+01 	 1.9137858039e-05
8300 	 8482 	 6.6701065230e+01 	 1.9439893931e-05
8400 	 8584 	 6.6701065198e+01 	 1.8158003070e-05
8500 	 8686 	 6.6701065152e+01 	 2.1856770593e-05
8600 	 8789 	 6.6701065118e+01 	 1.9904285886e-05
8700 	 8890 	 6.6701065082e+01 	 2.1957886140e-05
8800 	 8992 	 6.6701065045e+01 	 3.0635743069e-05
8900 	 9097 	 6.6701065018e+01 	 4.6875281181e-05
9000 	 9199 	 6.6701065000e+01 	 1.0983372801e-05
9100 	 9303 	 6.6701064989e+01 	 1.2743456242e-05
9200 	 9405 	 6.6701064981e+01 	 1.2947035825e-05
9300 	 9507 	 6.6701064976e+01 	 6.7260526418e-06
9400 	 9612 	 6.6701064970e+01 	 1.0666989542e-05
9500 	 9715 	 6.6701064960e+01 	 1.1580039699e-05
9600 	 9818 	 6.6701064948e+01 	 1.2502224967e-05
9700 	 9920 	 6.6701064937e+01 	 1.7684394912e-05
9800 	 10020 	 6.6701064925e+01 	 9.5430215435e-06
9900 	 10122 	 6.6701064912e+01 	 1.0134501086e-05
10000 	 10226 	 6.6701064900e+01 	 1.3400880045e-05
10100 	 10330 	 6.6701064886e+01 	 1.2907327426e-05
10200 	 10431 	 6.6701064872e+01 	 1.5193180758e-05
10300 	 10534 	 6.6701064859e+01 	 1.9198092724e-05
10400 	 10637 	 6.6701064851e+01 	 8.5193951828e-06
10500 	 10742 	 6.6701064846e+01 	 7.5124153151e-06
10600 	 10845 	 6.6701064842e+01 	 6.8148742590e-06
10700 	 10947 	 6.6701064838e+01 	 1.2204809177e-05
10800 	 11050 	 6.6701064835e+01 	 5.6992745977e-06
10900 	 11151 	 6.6701064832e+01 	 4.5762795939e-06
11000 	 11252 	 6.6701064831e+01 	 5.5210582012e-06
11100 	 11356 	 6.6701064829e+01 	 4.7044608001e-06
11200 	 11459 	 6.6701064829e+01 	 6.7549269644e-06
11300 	 11564 	 6.6701064828e+01 	 2.5893178426e-06
11400 	 11667 	 6.6701064827e+01 	 2.9678626607e-06
11500 	 11770 	 6.6701064827e+01 	 2.3698244779e-06
11600 	 11872 	 6.6701064826e+01 	 2.4179779500e-06
11700 	 11975 	 6.6701064825e+01 	 3.6504903906e-06
11800 	 12078 	 6.6701064825e+01 	 1.7428493375e-06
11900 	 12181 	 6.6701064824e+01 	 2.1787526984e-06
12000 	 12282 	 6.6701064824e+01 	 1.9078164217e-06
12100 	 12384 	 6.6701064824e+01 	 1.6150447522e-06
12200 	 12487 	 6.6701064823e+01 	 3.4009762652e-06
12300 	 12590 	 6.6701064823e+01 	 3.5327476822e-06
12400 	 12693 	 6.6701064822e+01 	 2.5540785900e-06
12500 	 12794 	 6.6701064822e+01 	 1.4576759664e-06
12600 	 12895 	 6.6701064821e+01 	 4.9151229726e-06
12700 	 12997 	 6.6701064821e+01 	 1.9392816957e-06
12800 	 13100 	 6.6701064821e+01 	 2.1679063912e-06
12900 	 13204 	 6.6701064821e+01 	 3.1531502003e-06
13000 	 13306 	 6.6701064821e+01 	 1.3575699478e-06
13100 	 13409 	 6.6701064820e+01 	 1.2382845606e-06
13200 	 13513 	 6.6701064820e+01 	 1.2798462648e-06
13300 	 13615 	 6.6701064820e+01 	 1.6172020749e-06
13400 	 13722 	 6.6701064820e+01 	 1.7233221998e-06
13500 	 13824 	 6.6701064820e+01 	 1.2257640971e-06
13600 	 13924 	 6.6701064820e+01 	 1.3680884413e-06
13700 	 14026 	 6.6701064820e+01 	 1.5482330205e-06
13800 	 14129 	 6.6701064820e+01 	 7.6357954447e-07
13900 	 14234 	 6.6701064820e+01 	 7.8518292147e-07
14000 	 14339 	 6.6701064820e+01 	 2.1837457968e-06
14100 	 14449 	 6.6701064820e+01 	 8.1336801397e-07
14200 	 14558 	 6.6701064820e+01 	 7.9723586950e-07
14300 	 14661 	 6.6701064819e+01 	 8.2563739787e-07
14400 	 14767 	 6.6701064819e+01 	 8.3235806246e-07
14500 	 14871 	 6.6701064819e+01 	 1.2993034505e-06
14600 	 14976 	 6.6701064819e+01 	 1.8576071704e-06
14700 	 15085 	 6.6701064819e+01 	 1.9111933965e-06
14800 	 15189 	 6.6701064819e+01 	 8.0885095790e-07
14900 	 15298 	 6.6701064819e+01 	 7.5538298724e-07
15000 	 15403 	 6.6701064819e+01 	 6.2651365939e-07
15100 	 15514 	 6.6701064819e+01 	 1.0619902433e-06
15200 	 15632 	 6.6701064819e+01 	 4.9626101710e-07
15300 	 15748 	 6.6701064819e+01 	 1.0970200889e-06
15400 	 15857 	 6.6701064819e+01 	 4.8229323931e-07
15500 	 15965 	 6.6701064819e+01 	 5.9067333527e-07
15600 	 16085 	 6.6701064819e+01 	 6.5142858068e-07
15700 	 16202 	 6.6701064819e+01 	 5.0126847519e-07
15800 	 16314 	 6.6701064819e+01 	 5.3408922713e-07
15900 	 16425 	 6.6701064819e+01 	 4.0691547726e-07
16000 	 16538 	 6.6701064819e+01 	 3.1798771768e-07
# ---- 
 1 		 16042 	 16608 		 7.3512366478e+01 	 6.6701064819e+01 	 3.4064372420e-07
# ---- 
100 	 101 	 6.6671892537e+01 	 6.4380809042e-02
200 	 202 	 6.6619587918e+01 	 1.7610440498e-02
300 	 304 	 6.6604646495e+01 	 1.4898457935e-02
400 	 406 	 6.6598356722e+01 	 1.0814488344e-02
500 	 511 	 6.6595751163e+01 	 5.6792164671e-03
600 	 611 	 6.6594780645e+01 	 2.4862959557e-03
700 	 713 	 6.6594262345e+01 	 2.6494591793e-03
800 	 814 	 6.6593747411e+01 	 2.6023748375e-03
900 	 915 	 6.6593285014e+01 	 3.0953567868e-03
1000 	 1016 	 6.6592766592e+01 	 3.0626290388e-03
1100 	 1119 	 6.6592261031e+01 	 5.5107822083e-03
1200 	 1221 	 6.6591844156e+01 	 2.2187678357e-03
1300 	 1323 	 6.6591596868e+01 	 3.0223645276e-03
1400 	 1426 	 6.6591426072e+01 	 1.2949884936e-03
1500 	 1530 	 6.6591318471e+01 	 1.2786884903e-03
1600 	 1631 	 6.6591236601e+01 	 1.1030233657e-03
1700 	 1735 	 6.6591173897e+01 	 9.6456314255e-04
1800 	 1837 	 6.6591120172e+01 	 1.3942985508e-03
1900 	 1941 	 6.6591057202e+01 	 9.4099215646e-04
2000 	 2044 	 6.6590992426e+01 	 1.0298874789e-03
2100 	 2146 	 6.6590940116e+01 	 8.2020448809e-04
2200 	 2247 	 6.6590901507e+01 	 6.6475217367e-04
2300 	 2347 	 6.6590868838e+01 	 5.6930976856e-04
2400 	 2449 	 6.6590842366e+01 	 4.2191543814e-04
2500 	 2554 	 6.6590813615e+01 	 9.5362350008e-04
2600 	 2657 	 6.6590773492e+01 	 1.0938152240e-03
2700 	 2759 	 6.6590721216e+01 	 2.1629641179e-03
2800 	 2864 	 6.6590650700e+01 	 8.6439279349e-04
2900 	 2965 	 6.6590591251e+01 	 1.2559972654e-03
3000 	 3067 	 6.6590529697e+01 	 7.9640236178e-04
3100 	 3168 	 6.6590478097e+01 	 8.3899277289e-04
3200 	 3271 	 6.6590433358e+01 	 8.7901553438e-04
3300 	 3373 	 6.6590388209e+01 	 1.7716527859e-03
3400 	 3475 	 6.6590342998e+01 	 1.2961118885e-03
3500 	 3578 	 6.6590309695e+01 	 6.4723086845e-04
3600 	 3679 	 6.6590285277e+01 	 4.4516734280e-04
3700 	 3781 	 6.6590263040e+01 	 5.5349413292e-04
3800 	 3882 	 6.6590239309e+01 	 5.4004086205e-04
3900 	 3985 	 6.6590219439e+01 	 4.9758830562e-04
4000 	 4086 	 6.6590203169e+01 	 4.7718635095e-04
4100 	 4187 	 6.6590188999e+01 	 5.9268017316e-04
4200 	 4290 	 6.6590175140e+01 	 4.5207997635e-04
4300 	 4394 	 6.6590163590e+01 	 3.8591012065e-04
4400 	 4497 	 6.6590153661e+01 	 7.0463176746e-04
4500 	 4600 	 6.6590143075e+01 	 3.8946401586e-04
4600 	 4702 	 6.6590131953e+01 	 3.8512991842e-04
4700 	 4805 	 6.6590123654e+01 	 2.7680239978e-04
4800 	 4906 	 6.6590115592e+01 	 2.1115489686e-04
4900 	 5008 	 6.6590108932e+01 	 2.3094854792e-04
5000 	 5108 	 6.6590100345e+01 	 5.1168497656e-04
5100 	 5211 	 6.6590088915e+01 	 3.4501795285e-04
5200 	 5314 	 6.6590076585e+01 	 9.1077302354e-04
5300 	 5417 	 6.6590065995e+01 	 5.8475035858e-04
5400 	 5520 	 6.6590054484e+01 	 3.2739089352e-04
5500 	 5624 	 6.6590042213e+01 	 3.2525805197e-04
5600 	 5728 	 6.6590033481e+01 	 2.3863247589e-04
5700 	 5832 	 6.6590025494e+01 	 4.6696523443e-04
5800 	 5934 	 6.6590017457e+01 	 3.0995457895e-04
5900 	 6037 	 6.6590010228e+01 	 2.6556187522e-04
6000 	 6139 	 6.6590003021e+01 	 2.9967420839e-04
6100 	 6243 	 6.6589996749e+01 	 2.9582377726e-04
6200 	 6346 	 6.6589990166e+01 	 2.7955020588e-04
6300 	 6449 	 6.6589984904e+01 	 1.9009638034e-04
6400 	 6550 	 6.6589981069e+01 	 2.6244904401e-04
6500 	 6652 	 6.6589976531e+01 	 2.8502567573e-04
6600 	 6754 	 6.6589971778e+01 	 6.0067463580e-04
6700 	 6858 	 6.6589968058e+01 	 1.6873733987e-04
6800 	 6960 	 6.6589965699e+01 	 4.1066838209e-04
6900 	 7063 	 6.6589964348e+01 	 1.2813895336e-04
7000 	 7164 	 6.6589963251e+01 	 1.2561641018e-04
7100 	 7265 	 6.6589962082e+01 	 1.5943551277e-04
7200 	 7367 	 6.6589961198e+01 	 8.6266359936e-05
7300 	 7471 	 6.6589960399e+01 	 1.5355088444e-04
7400 	 7572 	 6.6589959626e+01 	 7.0715639623e-05
7500 	 7674 	 6.6589958863e+01 	 1.1179854750e-04
7600 	 7776 	 6.6589958269e+01 	 1.5057711926e-04
7700 	 7878 	 6.6589957718e+01 	 9.5270368388e-05
7800 	 7982 	 6.6589957183e+01 	 6.8970837214e-05
7900 	 8086 	 6.6589956828e+01 	 1.2045947403e-04
8000 	 8192 	 6.6589956607e+01 	 4.2208806397e-05
8100 	 8296 	 6.6589956402e+01 	 1.5382082882e-04
8200 	 8400 	 6.6589956158e+01 	 6.4055313639e-05
8300 	 8501 	 6.6589955904e+01 	 4.6099270180e-05
8400 	 8603 	 6.6589955637e+01 	 5.9505739777e-05
8500 	 8708 	 6.6589955392e+01 	 1.0047252854e-04
8600 	 8809 	 6.6589955160e+01 	 5.2604484314e-05
8700 	 8912 	 6.6589954936e+01 	 5.1801459285e-05
8800 	 9013 	 6.6589954736e+01 	 7.4149121286e-05
8900 	 9116 	 6.6589954521e+01 	 5.6223568281e-05
9000 	 9220 	 6.6589954320e+01 	 5.0725284149e-05
9100 	 9321 	 6.6589954130e+01 	 4.3372108908e-05
9200 	 9421 	 6.6589953949e+01 	 7.5430430435e-05
9300 	 9523 	 6.6589953772e+01 	 6.5538484961e-05
9400 	 9624 	 6.6589953606e+01 	 4.0961558732e-05
9500 	 9727 	 6.6589953474e+01 	 3.4898462604e-05
9600 	 9829 	 6.6589953333e+01 	 4.7883976470e-05
9700 	 9932 	 6.6589953177e+01 	 4.4127320166e-05
9800 	 10035 	 6.6589953028e+01 	 3.7864067026e-05
9900 	 10138 	 6.6589952910e+01 	 8.6827618476e-05
10000 	 10241 	 6.6589952792e+01 	 3.5111852484e-05
10100 	 10344 	 6.6589952690e+01 	 5.3730281945e-05
10200 	 10446 	 6.6589952575e+01 	 3.9811985297e-05
10300 	 10549 	 6.6589952439e+01 	 9.0994187923e-05
10400 	 10652 	 6.6589952315e+01 	 1.0242804377e-04
10500 	 10755 	 6.6589952229e+01 	 3.2474218431e-05
10600 	 10855 	 6.6589952137e+01 	 2.9151209131e-05
10700 	 10956 	 6.6589952070e+01 	 2.6038159083e-05
10800 	 11058 	 6.6589952032e+01 	 2.0594641887e-05
10900 	 11161 	 6.6589951998e+01 	 3.9564765956e-05
11000 	 11264 	 6.6589951969e+01 	 3.1882502839e-05
11100 	 11367 	 6.6589951947e+01 	 1.6278608799e-05
11200 	 11469 	 6.6589951929e+01 	 1.2085561581e-05
11300 	 11573 	 6.6589951913e+01 	 1.0611186928e-05
11400 	 11674 	 6.6589951897e+01 	 2.2189976099e-05
11500 	 11775 	 6.6589951880e+01 	 3.8740656321e-05
11600 	 11877 	 6.6589951860e+01 	 1.3863714884e-05
11700 	 11980 	 6.6589951840e+01 	 1.7305839230e-05
11800 	 12082 	 6.6589951825e+01 	 1.3849617180e-05
11900 	 12187 	 6.6589951814e+01 	 1.5251919380e-05
12000 	 12289 	 6.6589951803e+01 	 1.4425972925e-05
12100 	 12392 	 6.6589951792e+01 	 1.1015261983e-05
12200 	 12494 	 6.6589951782e+01 	 9.0261020503e-06
12300 	 12596 	 6.6589951776e+01 	 1.5713957606e-05
12400 	 12698 	 6.6589951771e+01 	 6.6220020546e-06
12500 	 12801 	 6.6589951766e+01 	 1.6659687296e-05
12600 	 12902 	 6.6589951760e+01 	 7.4553436637e-06
12700 	 13005 	 6.6589951755e+01 	 7.4521549925e-06
12800 	 13107 	 6.6589951749e+01 	 9.1832911553e-06
12900 	 13208 	 6.6589951744e+01 	 1.3607735993e-05
13000 	 13311 	 6.6589951737e+01 	 9.2074015214e-06
13100 	 13413 	 6.6589951733e+01 	 7.9427124619e-06
13200 	 13515 	 6.6589951729e+01 	 1.1437433384e-05
13300 	 13616 	 6.6589951725e+01 	 1.5909275468e-05
13400 	 13721 	 6.6589951721e+01 	 9.6664357274e-06
13500 	 13822 	 6.6589951718e+01 	 6.8650110775e-06
13600 	 13925 	 6.6589951715e+01 	 4.6248175643e-06
13700 	 14026 	 6.6589951713e+01 	 4.8618884442e-06
13800 	 14128 	 6.6589951711e+01 	 4.2826905770e-06
13900 	 14231 	 6.6589951708e+01 	 5.9185788213e-06
14000 	 14332 	 6.6589951705e+01 	 4.4107399669e-06
14100 	 14435 	 6.6589951703e+01 	 6.0729439466e-06
14200 	 14538 	 6.6589951700e+01 	 5.1574490684e-06
14300 	 14640 	 6.6589951698e+01 	 4.1161138041e-06
14400 	 14743 	 6.6589951695e+01 	 6.1359951911e-06
14500 	 14845 	 6.6589951694e+01 	 3.6096859205e-06
14600 	 14946 	 6.6589951693e+01 	 3.5431065948e-06
14700 	 15047 	 6.6589951692e+01 	 3.3610558276e-06
14800 	 15151 	 6.6589951691e+01 	 3.6997061643e-06
14900 	 15253 	 6.6589951690e+01 	 2.7344058682e-06
15000 	 15356 	 6.6589951689e+01 	 2.3698136466e-06
15100 	 15457 	 6.6589951688e+01 	 3.9128730860e-06
15200 	 15559 	 6.6589951687e+01 	 3.2159405490e-06
15300 	 15662 	 6.6589951686e+01 	 3.1810024965e-06
15400 	 15763 	 6.6589951686e+01 	 2.4674316338e-06
15500 	 15866 	 6.6589951685e+01 	 2.8969244464e-06
15600 	 15968 	 6.6589951684e+01 	 4.2987207074e-06
15700 	 16070 	 6.6589951683e+01 	 2.3629527681e-06
15800 	 16172 	 6.6589951683e+01 	 1.9344896392e-06
15900 	 16276 	 6.6589951682e+01 	 5.3031926371e-06
16000 	 16381 	 6.6589951681e+01 	 2.5632076772e-06
16100 	 16483 	 6.6589951680e+01 	 2.6340256625e-06
16200 	 16584 	 6.6589951679e+01 	 2.8581702285e-06
16300 	 16685 	 6.6589951679e+01 	 3.0247346056e-06
16400 	 16787 	 6.6589951678e+01 	 2.2134590184e-06
16500 	 16890 	 6.6589951678e+01 	 1.1929817432e-06
16600 	 16996 	 6.6589951678e+01 	 2.1373540049e-06
16700 	 17102 	 6.6589951678e+01 	 1.2729227120e-06
16800 	 17205 	 6.6589951678e+01 	 8.5168921308e-07
16900 	 17311 	 6.6589951678e+01 	 2.1450273866e-06
17000 	 17414 	 6.6589951678e+01 	 9.7213467012e-07
17100 	 17527 	 6.6589951678e+01 	 6.8237945328e-07
17200 	 17634 	 6.6589951678e+01 	 1.0762815254e-06
17300 	 17740 	 6.6589951678e+01 	 7.9592224891e-07
17400 	 17850 	 6.6589951678e+01 	 5.1415196102e-07
17500 	 17959 	 6.6589951678e+01 	 4.1480045248e-07
17600 	 18070 	 6.6589951677e+01 	 5.9953134378e-07
17700 	 18175 	 6.6589951677e+01 	 5.6953163993e-07
17800 	 18280 	 6.6589951677e+01 	 7.8592867797e-07
17900 	 18388 	 6.6589951677e+01 	 8.2008954030e-07
18000 	 18501 	 6.6589951677e+01 	 5.6385588288e-07
18100 	 18611 	 6.6589951677e+01 	 8.4351294380e-07
18200 	 18720 	 6.6589951677e+01 	 5.2372651898e-07
18300 	 18826 	 6.6589951677e+01 	 6.2033557254e-07
18400 	 18931 	 6.6589951677e+01 	 6.3206129802e-07
18500 	 19039 	 6.6589951677e+01 	 4.1458414893e-07
18600 	 19148 	 6.6589951677e+01 	 1.2859432291e-06
18700 	 19264 	 6.6589951677e+01 	 3.6113533620e-07
18800 	 19380 	 6.6589951677e+01 	 4.5837742550e-07
18900 	 19485 	 6.6589951677e+01 	 3.9615512091e-07
19000 	 19605 	 6.6589951677e+01 	 5.8408046843e-07
19100 	 19722 	 6.6589951677e+01 	 4.1957853889e-07
# ---- 
 1 		 19143 	 19794 		 7.3434008278e+01 	 6.6589951677e+01 	 5.3782739307e-07
# ---- 
100 	 103 	 6.6584092107e+01 	 4.6351779878e-02
200 	 205 	 6.6530964340e+01 	 2.6413587544e-02
300 	 307 	 6.6516623030e+01 	 1.0592179577e-02
400 	 408 	 6.6510586423e+01 	 9.3749331528e-03
500 	 510 	 6.6507750267e+01 	 7.0754036165e-03
600 	 612 	 6.6506623104e+01 	 3.7239207522e-03
700 	 715 	 6.6505978447e+01 	 5.1187551765e-03
800 	 817 	 6.6505338655e+01 	 2.7125339662e-03
900 	 920 	 6.6504708186e+01 	 4.5455572594e-03
1000 	 1024 	 6.6504041517e+01 	 3.6089133103e-03
1100 	 1127 	 6.6503317308e+01 	 3.2461634516e-03
1200 	 1230 	 6.6502642281e+01 	 4.5842466742e-03
1300 	 1332 	 6.6502252438e+01 	 2.3162717912e-03
1400 	 1434 	 6.6501970285e+01 	 1.5133580465e-03
1500 	 1536 	 6.6501771726e+01 	 2.3901290190e-03
1600 	 1636 	 6.6501586046e+01 	 1.5225179488e-03
1700 	 1739 	 6.6501431929e+01 	 1.3908959886e-03
1800 	 1840 	 6.6501243970e+01 	 1.7694479595e-03
1900 	 1943 	 6.6500988971e+01 	 2.4456658073e-03
2000 	 2044 	 6.6500735791e+01 	 1.4496474319e-03
2100 	 2147 	 6.6500543869e+01 	 1.4402792674e-03
2200 	 2251 	 6.6500425820e+01 	 1.7069822117e-03
2300 	 2353 	 6.6500319654e+01 	 1.3070875981e-03
2400 	 2456 	 6.6500190920e+01 	 2.0803206784e-03
2500 	 2560 	 6.6500069202e+01 	 1.6076497188e-03
2600 	 2666 	 6.6499974275e+01 	 1.1273679266e-03
2700 	 2768 	 6.6499862354e+01 	 2.3859013492e-03
2800 	 2871 	 6.6499772646e+01 	 1.0075987787e-03
2900 	 2972 	 6.6499690600e+01 	 1.8364770449e-03
3000 	 3074 	 6.6499633525e+01 	 1.0358287876e-03
3100 	 3174 	 6.6499590957e+01 	 1.8280547482e-03
3200 	 3277 	 6.6499559753e+01 	 2.3532446487e-03
3300 	 3379 	 6.6499530124e+01 	 6.5241035357e-04
3400 	 3482 	 6.6499502530e+01 	 5.3163508109e-04
3500 	 3586 	 6.6499478868e+01 	 8.0015708355e-04
3600 	 3689 	 6.6499461221e+01 	 4.2902605777e-04
3700 	 3791 	 6.6499446393e+01 	 8.1582970010e-04
3800 	 3892 	 6.6499435998e+01 	 8.5915510050e-04
3900 	 3993 	 6.6499427063e+01 	 2.6088921683e-04
4000 	 4095 	 6.6499419522e+01 	 2.9045609255e-04
4100 	 4198 	 6.6499412373e+01 	 3.8441519479e-04
4200 	 4299 	 6.6499403121e+01 	 4.3969713911e-04
4300 	 4402 	 6.6499393028e+01 	 3.3114947335e-04
4400 	 4505 	 6.6499382376e+01 	 3.8543601810e-04
4500 	 4607 	 6.6499372677e+01 	 3.7156231550e-04
4600 	 4711 	 6.6499362005e+01 	 3.5859778439e-04
4700 	 4814 	 6.6499351554e+01 	 3.4093923233e-04
4800 	 4916 	 6.6499342387e+01 	 3.3530151754e-04
4900 	 5020 	 6.6499334390e+01 	 3.1644380333e-04
5000 	 5126 	 6.6499325796e+01 	 2.9806794582e-04
5100 	 5228 	 6.6499315345e+01 	 2.9249666353e-04
5200 	 5329 	 6.6499305491e+01 	 5.4471579320e-04
5300 	 5431 	 6.6499296111e+01 	 2.5332750960e-04
5400 	 5531 	 6.6499289369e+01 	 3.3942660059e-04
5500 	 5635 	 6.6499282071e+01 	 4.1861649816e-04
5600 	 5738 	 6.6499274844e+01 	 3.3731574379e-04
5700 	 5839 	 6.6499267975e+01 	 2.9236980585e-04
5800 	 5942 	 6.6499262891e+01 	 2.4281074201e-04
5900 	 6044 	 6.6499259605e+01 	 1.8227492134e-04
6000 	 6147 	 6.6499256716e+01 	 1.6872520479e-04
6100 	 6248 	 6.6499254259e+01 	 3.4577436756e-04
6200 	 6350 	 6.6499251470e+01 	 2.7543247293e-04
6300 	 6453 	 6.6499247972e+01 	 1.9662367571e-04
6400 	 6556 	 6.6499243697e+01 	 1.5577294115e-04
6500 	 6660 	 6.6499240033e+01 	 2.4956116337e-04
6600 	 6763 	 6.6499236003e+01 	 1.9343467907e-04
6700 	 6866 	 6.6499233189e+01 	 1.2048606450e-04
6800 	 6971 	 6.6499231918e+01 	 8.4725937676e-05
6900 	 7075 	 6.6499230897e+01 	 1.0398660602e-04
7000 	 7177 	 6.6499229708e+01 	 1.3041004163e-04
7100 	 7280 	 6.6499228428e+01 	 1.3281267030e-04
7200 	 7383 	 6.6499227241e+01 	 1.3185086742e-04
7300 	 7485 	 6.6499225643e+01 	 1.6761942789e-04
7400 	 7588 	 6.6499223675e+01 	 3.7957199319e-04
7500 	 7691 	 6.6499220656e+01 	 2.4427751091e-04
7600 	 7794 	 6.6499217642e+01 	 3.8250966933e-04
7700 	 7895 	 6.6499213962e+01 	 1.9234284293e-04
7800 	 7995 	 6.6499210184e+01 	 2.9101327111e-04
7900 	 8096 	 6.6499207045e+01 	 1.6534411910e-04
8000 	 8198 	 6.6499204845e+01 	 1.5782295232e-04
8100 	 8300 	 6.6499202818e+01 	 1.6861789034e-04
8200 	 8402 	 6.6499200887e+01 	 3.6617100035e-04
8300 	 8504 	 6.6499199064e+01 	 1.7240157129e-04
8400 	 8606 	 6.6499197607e+01 	 9.9241661785e-05
8500 	 8708 	 6.6499196384e+01 	 1.0676222732e-04
8600 	 8812 	 6.6499195385e+01 	 1.1522947097e-04
8700 	 8915 	 6.6499194523e+01 	 1.0698446113e-04
8800 	 9017 	 6.6499193778e+01 	 1.0741870150e-04
8900 	 9118 	 6.6499193234e+01 	 7.8695309086e-05
9000 	 9219 	 6.6499192730e+01 	 8.2928462663e-05
9100 	 9323 	 6.6499192186e+01 	 9.0703671357e-05
9200 	 9424 	 6.6499191678e+01 	 8.4682137636e-05
9300 	 9527 	 6.6499191264e+01 	 6.4640632219e-05
9400 	 9628 	 6.6499190967e+01 	 1.3730428981e-04
9500 	 9730 	 6.6499190771e+01 	 4.8706458841e-05
9600 	 9832 	 6.6499190633e+01 	 3.1185317182e-05
9700 	 9936 	 6.6499190533e+01 	 3.2452679910e-05
9800 	 10039 	 6.6499190422e+01 	 3.9667484883e-05
9900 	 10142 	 6.6499190283e+01 	 4.9439347955e-05
10000 	 10247 	 6.6499190161e+01 	 4.0982349069e-05
10100 	 10352 	 6.6499190065e+01 	 2.9855172629e-05
10200 	 10455 	 6.6499189985e+01 	 5.9758787709e-05
10300 	 10557 	 6.6499189907e+01 	 3.3578437273e-05
10400 	 10658 	 6.6499189811e+01 	 3.3559669896e-05
10500 	 10761 	 6.6499189703e+01 	 3.4565557735e-05
10600 	 10865 	 6.6499189609e+01 	 4.3108745408e-05
10700 	 10967 	 6.6499189543e+01 	 3.1751184058e-05
10800 	 11067 	 6.6499189475e+01 	 2.0485613089e-05
10900 	 11168 	 6.6499189415e+01 	 4.2797152175e-05
11000 	 11269 	 6.6499189364e+01 	 3.4064488415e-05
11100 	 11371 	 6.6499189334e+01 	 1.7431861678e-05
11200 	 11474 	 6.6499189307e+01 	 4.3817639015e-05
11300 	 11578 	 6.6499189274e+01 	 1.8512005127e-05
11400 	 11679 	 6.6499189240e+01 	 1.6457828453e-05
11500 	 11781 	 6.6499189220e+01 	 1.4655874894e-05
11600 	 11883 	 6.6499189200e+01 	 1.4403635129e-05
11700 	 11987 	 6.6499189178e+01 	 1.3803275891e-05
11800 	 12090 	 6.6499189157e+01 	 2.0406665732e-05
11900 	 12192 	 6.6499189138e+01 	 1.5052613571e-05
12000 	 12295 	 6.6499189122e+01 	 1.3336429313e-05
12100 	 12399 	 6.6499189104e+01 	 4.0737670008e-05
12200 	 12501 	 6.6499189080e+01 	 1.6033747221e-05
12300 	 12603 	 6.6499189058e+01 	 3.4347918918e-05
12400 	 12706 	 6.6499189038e+01 	 1.3777706165e-05
12500 	 12808 	 6.6499189023e+01 	 1.8415257026e-05
12600 	 12908 	 6.6499189009e+01 	 2.0287018149e-05
12700 	 13009 	 6.6499188998e+01 	 1.2532765046e-05
12800 	 13111 	 6.6499188987e+01 	 1.6720649902e-05
12900 	 13213 	 6.6499188976e+01 	 9.4845346261e-06
13000 	 13317 	 6.6499188967e+01 	 1.7707679683e-05
13100 	 13421 	 6.6499188957e+01 	 2.3730083457e-05
13200 	 13522 	 6.6499188945e+01 	 1.1336733079e-05
13300 	 13624 	 6.6499188933e+01 	 2.3253094473e-05
13400 	 13727 	 6.6499188921e+01 	 1.2787865042e-05
13500 	 13829 	 6.6499188913e+01 	 9.9812859024e-06
13600 	 13933 	 6.6499188905e+01 	 1.0578686297e-05
13700 	 14036 	 6.6499188900e+01 	 6.7284014849e-06
13800 	 14139 	 6.6499188895e+01 	 6.0191579956e-06
13900 	 14240 	 6.6499188892e+01 	 5.4774287956e-06
14000 	 14342 	 6.6499188888e+01 	 6.2168222536e-06
14100 	 14443 	 6.6499188885e+01 	 5.3252032491e-06
14200 	 14544 	 6.6499188882e+01 	 9.6558029746e-06
14300 	 14647 	 6.6499188880e+01 	 4.0772910821e-06
14400 	 14747 	 6.6499188878e+01 	 4.3957875264e-06
14500 	 14849 	 6.6499188876e+01 	 3.7916152567e-06
14600 	 14953 	 6.6499188874e+01 	 4.6114966183e-06
14700 	 15056 	 6.6499188873e+01 	 6.3473641543e-06
14800 	 15156 	 6.6499188872e+01 	 2.9865429309e-06
14900 	 15257 	 6.6499188871e+01 	 3.2599204943e-06
15000 	 15357 	 6.6499188870e+01 	 5.8875085233e-06
15100 	 15459 	 6.6499188869e+01 	 2.9142792017e-06
15200 	 15559 	 6.6499188868e+01 	 3.2015218496e-06
15300 	 15661 	 6.6499188867e+01 	 6.4363011001e-06
15400 	 15764 	 6.6499188866e+01 	 3.0079427436e-06
15500 	 15868 	 6.6499188866e+01 	 2.2960722827e-06
15600 	 15971 	 6.6499188865e+01 	 4.4572243439e-06
15700 	 16074 	 6.6499188865e+01 	 2.0389882470e-06
15800 	 16175 	 6.6499188865e+01 	 2.3488640861e-06
15900 	 16278 	 6.6499188864e+01 	 1.1564663502e-06
16000 	 16379 	 6.6499188864e+01 	 1.7500109208e-06
16100 	 16484 	 6.6499188864e+01 	 1.2627377955e-06
16200 	 16585 	 6.6499188864e+01 	 1.5708718995e-06
16300 	 16690 	 6.6499188864e+01 	 2.3440162891e-06
16400 	 16791 	 6.6499188863e+01 	 8.1910081943e-07
16500 	 16892 	 6.6499188863e+01 	 1.0951692431e-06
16600 	 16994 	 6.6499188863e+01 	 1.0762214696e-06
16700 	 17096 	 6.6499188863e+01 	 8.4472624925e-07
16800 	 17200 	 6.6499188863e+01 	 1.4084393390e-06
16900 	 17303 	 6.6499188863e+01 	 1.7325018026e-06
17000 	 17407 	 6.6499188863e+01 	 9.3315551654e-07
17100 	 17509 	 6.6499188863e+01 	 2.6402506959e-06
17200 	 17612 	 6.6499188863e+01 	 1.3832799731e-06
17300 	 17714 	 6.6499188863e+01 	 1.0215751801e-06
17400 	 17816 	 6.6499188862e+01 	 7.3701429242e-07
17500 	 17925 	 6.6499188862e+01 	 8.5917923866e-07
17600 	 18035 	 6.6499188862e+01 	 1.9926426593e-06
17700 	 18140 	 6.6499188862e+01 	 1.0841293840e-06
17800 	 18243 	 6.6499188862e+01 	 1.9350784118e-06
17900 	 18348 	 6.6499188862e+01 	 2.1044669626e-06
18000 	 18450 	 6.6499188862e+01 	 1.6391243621e-06
18100 	 18555 	 6.6499188862e+01 	 1.2400785926e-06
18200 	 18660 	 6.6499188862e+01 	 1.1549627238e-06
18300 	 18763 	 6.6499188862e+01 	 1.4494575839e-06
18400 	 18868 	 6.6499188862e+01 	 7.4722122619e-07
18500 	 18976 	 6.6499188862e+01 	 6.4730489428e-07
18600 	 19086 	 6.6499188862e+01 	 7.7002618027e-07
18700 	 19197 	 6.6499188861e+01 	 5.9131347731e-07
18800 	 19306 	 6.6499188861e+01 	 7.3248053805e-07
# ---- 
 1 		 18872 	 19410 		 7.3485557791e+01 	 6.6499188861e+01 	 3.5308894357e-07
# ---- 
100 	 103 	 6.6509977601e+01 	 7.7209956498e-02
200 	 205 	 6.6456138238e+01 	 2.8226762150e-02
300 	 306 	 6.6442070458e+01 	 1.2057776662e-02
400 	 409 	 6.6436275731e+01 	 8.0335510623e-03
500 	 509 	 6.6433416087e+01 	 4.3433309258e-03
600 	 612 	 6.6432106025e+01 	 4.6025826527e-03
700 	 712 	 6.6431368936e+01 	 2.1166666821e-03
800 	 816 	 6.6430772230e+01 	 1.9793748321e-03
900 	 920 	 6.6430224919e+01 	 4.4665419243e-03
1000 	 1022 	 6.6429655989e+01 	 4.2862173872e-03
1100 	 1125 	 6.6429014852e+01 	 3.3983106172e-03
1200 	 1230 	 6.6428443765e+01 	 1.9812014669e-03
1300 	 1331 	 6.6428126226e+01 	 2.4355438671e-03
1400 	 1436 	 6.6427928680e+01 	 1.2750831448e-03
1500 	 1541 	 6.6427831340e+01 	 1.1328905041e-03
1600 	 1642 	 6.6427772519e+01 	 7.6918549770e-04
1700 	 1743 	 6.6427726913e+01 	 1.1120420814e-03
1800 	 1846 	 6.6427688590e+01 	 6.3779195840e-04
1900 	 1948 	 6.6427649614e+01 	 1.1494838272e-03
2000 	 2052 	 6.6427604572e+01 	 7.4285055343e-04
2100 	 2155 	 6.6427565399e+01 	 7.6992575267e-04
2200 	 2257 	 6.6427537073e+01 	 1.1649548377e-03
2300 	 2359 	 6.6427508882e+01 	 7.5019334848e-04
2400 	 2463 	 6.6427487806e+01 	 5.4623319473e-04
2500 	 2563 	 6.6427465574e+01 	 6.3347303687e-04
2600 	 2666 	 6.6427444589e+01 	 4.8285948297e-04
2700 	 2770 	 6.6427423154e+01 	 5.6325477934e-04
2800 	 2873 	 6.6427406845e+01 	 3.2806706561e-04
2900 	 2974 	 6.6427392408e+01 	 4.5309448617e-04
3000 	 3077 	 6.6427381442e+01 	 2.5632667579e-04
3100 	 3179 	 6.6427369977e+01 	 4.0226620984e-04
3200 	 3280 	 6.6427358223e+01 	 4.1629799815e-04
3300 	 3382 	 6.6427344281e+01 	 3.7252035366e-04
3400 	 3484 	 6.6427332968e+01 	 6.9262560474e-04
3500 	 3586 	 6.6427320723e+01 	 8.7385779565e-04
3600 	 3690 	 6.6427308576e+01 	 7.3949998806e-04
3700 	 3791 	 6.6427297731e+01 	 5.3255464710e-04
3800 	 3893 	 6.6427290622e+01 	 1.8652847534e-04
3900 	 3995 	 6.6427285760e+01 	 2.0714742817e-04
4000 	 4097 	 6.6427281332e+01 	 2.5043527412e-04
4100 	 4201 	 6.6427277411e+01 	 2.4320993276e-04
4200 	 4304 	 6.6427273823e+01 	 2.6147760583e-04
4300 	 4405 	 6.6427269743e+01 	 2.4866110754e-04
4400 	 4510 	 6.6427266292e+01 	 1.8587723355e-04
4500 	 4613 	 6.6427263569e+01 	 1.8186757570e-04
4600 	 4717 	 6.6427260673e+01 	 2.2674034354e-04
4700 	 4821 	 6.6427258006e+01 	 1.5636936725e-04
4800 	 4925 	 6.6427256323e+01 	 2.0495724159e-04
4900 	 5029 	 6.6427255009e+01 	 1.1310114443e-04
5000 	 5132 	 6.6427254064e+01 	 7.9455959064e-05
5100 	 5235 	 6.6427253293e+01 	 1.1443609649e-04
5200 	 5338 	 6.6427252648e+01 	 9.6405960782e-05
5300 	 5439 	 6.6427251943e+01 	 1.2081772011e-04
5400 	 5542 	 6.6427251282e+01 	 9.8986631968e-05
5500 	 5643 	 6.6427250373e+01 	 9.6424955483e-05
5600 	 5746 	 6.6427249226e+01 	 1.3667284504e-04
5700 	 5846 	 6.6427247883e+01 	 1.7271367251e-04
5800 	 5947 	 6.6427246649e+01 	 1.4293464376e-04
5900 	 6048 	 6.6427245258e+01 	 1.1558395554e-04
6000 	 6151 	 6.6427243760e+01 	 1.2231916229e-04
6100 	 6253 	 6.6427242488e+01 	 1.1782130924e-04
6200 	 6353 	 6.6427241199e+01 	 1.4430813981e-04
6300 	 6456 	 6.6427239839e+01 	 1.2570578154e-04
6400 	 6556 	 6.6427238679e+01 	 1.0217753788e-04
6500 	 6659 	 6.6427237224e+01 	 1.2050223496e-04
6600 	 6761 	 6.6427235894e+01 	 2.3940024161e-04
6700 	 6867 	 6.6427234682e+01 	 1.0561113401e-04
6800 	 6968 	 6.6427233884e+01 	 1.8619759306e-04
6900 	 7072 	 6.6427233122e+01 	 9.9802641516e-05
7000 	 7177 	 6.6427232118e+01 	 1.6376093616e-04
7100 	 7279 	 6.6427231035e+01 	 1.3319238879e-04
7200 	 7379 	 6.6427230311e+01 	 1.4381160276e-04
7300 	 7482 	 6.6427229667e+01 	 8.1214464143e-05
7400 	 7585 	 6.6427229081e+01 	 8.2702326746e-05
7500 	 7688 	 6.6427228515e+01 	 8.4097684609e-05
7600 	 7789 	 6.6427228022e+01 	 7.7835622438e-05
7700 	 7892 	 6.6427227633e+01 	 1.0171301938e-04
7800 	 7993 	 6.6427227301e+01 	 8.7692221303e-05
7900 	 8095 	 6.6427226966e+01 	 7.7981311345e-05
8000 	 8198 	 6.6427226670e+01 	 5.3950681592e-05
8100 	 8303 	 6.6427226432e+01 	 8.4272910326e-05
8200 	 8406 	 6.6427226270e+01 	 4.6947900917e-05
8300 	 8506 	 6.6427226130e+01 	 5.9532877573e-05
8400 	 8608 	 6.6427226026e+01 	 2.5786155241e-05
8500 	 8712 	 6.6427225914e+01 	 7.1276467059e-05
8600 	 8813 	 6.6427225816e+01 	 2.8895342079e-05
8700 	 8915 	 6.6427225740e+01 	 3.3392937059e-05
8800 	 9020 	 6.6427225662e+01 	 3.0705850110e-05
8900 	 9120 	 6.6427225607e+01 	 1.9267137201e-05
9000 	 9222 	 6.6427225568e+01 	 4.1057496992e-05
9100 	 9323 	 6.6427225519e+01 	 3.1214851781e-05
9200 	 9426 	 6.6427225474e+01 	 3.2287122089e-05
9300 	 9529 	 6.6427225428e+01 	 5.9754367127e-05
9400 	 9633 	 6.6427225370e+01 	 2.0594123369e-05
9500 	 9735 	 6.6427225317e+01 	 2.2993226065e-05
9600 	 9838 	 6.6427225268e+01 	 2.2348754634e-05
9700 	 9939 	 6.6427225205e+01 	 2.6457445976e-05
9800 	 10043 	 6.6427225146e+01 	 2.8171090565e-05
9900 	 10147 	 6.6427225076e+01 	 3.0057762803e-05
10000 	 10248 	 6.6427225012e+01 	 8.7786950872e-05
10100 	 10352 	 6.6427224954e+01 	 2.5190961220e-05
10200 	 10454 	 6.6427224903e+01 	 3.6178037613e-05
10300 	 10558 	 6.6427224861e+01 	 4.0886489239e-05
10400 	 10661 	 6.6427224820e+01 	 2.7454596240e-05
10500 	 10765 	 6.6427224771e+01 	 2.2904142906e-05
10600 	 10870 	 6.6427224723e+01 	 2.0012314744e-05
10700 	 10972 	 6.6427224671e+01 	 2.3090243121e-05
10800 	 11072 	 6.6427224607e+01 	 4.4730001967e-05
10900 	 11175 	 6.6427224538e+01 	 2.9551064739e-05
11000 	 11277 	 6.6427224485e+01 	 2.0748692342e-05
11100 	 11378 	 6.6427224456e+01 	 2.5204970307e-05
11200 	 11482 	 6.6427224428e+01 	 1.3369148561e-05
11300 	 11584 	 6.6427224409e+01 	 1.3205134957e-05
11400 	 11688 	 6.6427224392e+01 	 1.0467776114e-05
11500 	 11789 	 6.6427224380e+01 	 1.3344738261e-05
11600 	 11894 	 6.6427224368e+01 	 1.4938243063e-05
11700 	 11998 	 6.6427224358e+01 	 1.9016690988e-05
11800 	 12099 	 6.6427224349e+01 	 8.9344544279e-06
11900 	 12202 	 6.6427224341e+01 	 1.4871555298e-05
12000 	 12304 	 6.6427224336e+01 	 2.1004927910e-05
12100 	 12406 	 6.6427224331e+01 	 1.3262342143e-05
12200 	 12506 	 6.6427224327e+01 	 7.0722763599e-06
12300 	 12606 	 6.6427224323e+01 	 7.0087538787e-06
12400 	 12706 	 6.6427224318e+01 	 7.0157556331e-06
12500 	 12812 	 6.6427224314e+01 	 7.3153194896e-06
12600 	 12915 	 6.6427224310e+01 	 5.5860264702e-06
12700 	 13015 	 6.6427224306e+01 	 1.2263316774e-05
12800 	 13118 	 6.6427224303e+01 	 8.5469610204e-06
12900 	 13221 	 6.6427224300e+01 	 4.7772366527e-06
13000 	 13322 	 6.6427224297e+01 	 4.5544528280e-06
13100 	 13424 	 6.6427224294e+01 	 5.4798950883e-06
13200 	 13527 	 6.6427224291e+01 	 5.0434415849e-06
13300 	 13631 	 6.6427224289e+01 	 5.1940278146e-06
13400 	 13735 	 6.6427224287e+01 	 5.7525933104e-06
13500 	 13836 	 6.6427224285e+01 	 5.5870084844e-06
13600 	 13939 	 6.6427224282e+01 	 9.0927549251e-06
13700 	 14039 	 6.6427224279e+01 	 1.2361343360e-05
13800 	 14141 	 6.6427224276e+01 	 4.8983490309e-06
13900 	 14243 	 6.6427224274e+01 	 4.9830189217e-06
14000 	 14345 	 6.6427224272e+01 	 3.6114487696e-06
14100 	 14449 	 6.6427224270e+01 	 5.4478643009e-06
14200 	 14552 	 6.6427224268e+01 	 4.4576138986e-06
14300 	 14654 	 6.6427224266e+01 	 4.3811932988e-06
14400 	 14755 	 6.6427224264e+01 	 4.3053486466e-06
14500 	 14858 	 6.6427224263e+01 	 3.4924335070e-06
14600 	 14961 	 6.6427224262e+01 	 2.6318572924e-06
14700 	 15063 	 6.6427224261e+01 	 2.3540424817e-06
14800 	 15167 	 6.6427224261e+01 	 2.6393927153e-06
14900 	 15269 	 6.6427224260e+01 	 4.5294226839e-06
15000 	 15371 	 6.6427224260e+01 	 1.5573206883e-06
15100 	 15472 	 6.6427224259e+01 	 2.4371913873e-06
15200 	 15575 	 6.6427224259e+01 	 3.4812621310e-06
15300 	 15677 	 6.6427224258e+01 	 2.7129729362e-06
15400 	 15779 	 6.6427224257e+01 	 3.3822700040e-06
15500 	 15881 	 6.6427224257e+01 	 5.7198716945e-06
15600 	 15984 	 6.6427224256e+01 	 2.0663704796e-06
15700 	 16089 	 6.6427224256e+01 	 1.9210709078e-06
15800 	 16193 	 6.6427224255e+01 	 1.7296557436e-06
15900 	 16296 	 6.6427224255e+01 	 3.2411314998e-06
16000 	 16398 	 6.6427224254e+01 	 3.8377076024e-06
16100 	 16502 	 6.6427224254e+01 	 2.0803996303e-06
16200 	 16606 	 6.6427224253e+01 	 1.7863795809e-06
16300 	 16710 	 6.6427224253e+01 	 2.2589916682e-06
16400 	 16815 	 6.6427224253e+01 	 2.1831460601e-06
16500 	 16917 	 6.6427224252e+01 	 1.7551945588e-06
16600 	 17022 	 6.6427224252e+01 	 1.3765544721e-06
16700 	 17126 	 6.6427224252e+01 	 2.5730501240e-06
16800 	 17227 	 6.6427224251e+01 	 2.3384713520e-06
16900 	 17332 	 6.6427224251e+01 	 2.0937017583e-06
17000 	 17433 	 6.6427224251e+01 	 7.2302883854e-07
17100 	 17536 	 6.6427224251e+01 	 1.7330482090e-06
17200 	 17640 	 6.6427224251e+01 	 9.4566174921e-07
17300 	 17740 	 6.6427224251e+01 	 1.4264820886e-06
17400 	 17842 	 6.6427224251e+01 	 7.8282200146e-07
17500 	 17945 	 6.6427224251e+01 	 1.0103699091e-06
17600 	 18053 	 6.6427224251e+01 	 9.5054832451e-07
17700 	 18159 	 6.6427224251e+01 	 1.1117267546e-06
17800 	 18268 	 6.6427224251e+01 	 6.8227190258e-07
17900 	 18380 	 6.6427224251e+01 	 8.2537185434e-07
18000 	 18490 	 6.6427224251e+01 	 1.0307164462e-06
18100 	 18606 	 6.6427224251e+01 	 1.0289158768e-06
18200 	 18715 	 6.6427224250e+01 	 9.1227658498e-07
18300 	 18822 	 6.6427224250e+01 	 4.4583742941e-07
18400 	 18935 	 6.6427224250e+01 	 5.8119054739e-07
18500 	 19050 	 6.6427224250e+01 	 4.5197804636e-07
18600 	 19163 	 6.6427224250e+01 	 6.1439309965e-07
18700 	 19274 	 6.6427224250e+01 	 6.3947319755e-07
18800 	 19384 	 6.6427224250e+01 	 1.0662262582e-06
18900 	 19495 	 6.6427224250e+01 	 7.0253229017e-07
19000 	 19609 	 6.6427224250e+01 	 6.0027603292e-07
19100 	 19722 	 6.6427224250e+01 	 6.0334795833e-07
19200 	 19827 	 6.6427224250e+01 	 5.6167613197e-07
19300 	 19938 	 6.6427224250e+01 	 4.6198736787e-07
19400 	 20052 	 6.6427224250e+01 	 1.0073218233e-06
19500 	 20161 	 6.6427224250e+01 	 6.0897660727e-07
# ---- 
 1 		 19557 	 20246 		 7.3467451413e+01 	 6.6427224250e+01 	 8.6794664484e-07
# ---- 
