100 	 102 	 7.2377484221e-01 	 2.2081306791e-02
200 	 203 	 7.0058236723e-01 	 2.5583057576e-02
300 	 304 	 6.8739498807e-01 	 1.6213571184e-02
400 	 405 	 6.7775702935e-01 	 1.3282069868e-02
500 	 507 	 6.6927366699e-01 	 9.7217930429e-03
600 	 609 	 6.6322569457e-01 	 9.8769879254e-03
700 	 710 	 6.5874624236e-01 	 6.2233844378e-03
800 	 810 	 6.5593544578e-01 	 6.7016338689e-03
900 	 913 	 6.5368176791e-01 	 5.3349850913e-03
1000 	 1016 	 6.5139120492e-01 	 9.7764859784e-03
1100 	 1116 	 6.4928375077e-01 	 4.5055398510e-03
1200 	 1219 	 6.4737580836e-01 	 4.6879527873e-03
1300 	 1321 	 6.4587474163e-01 	 4.7534144175e-03
1400 	 1423 	 6.4475878483e-01 	 3.5520176039e-03
1500 	 1526 	 6.4390019670e-01 	 4.2421528282e-03
1600 	 1632 	 6.4313833304e-01 	 2.5451593102e-03
1700 	 1733 	 6.4254821678e-01 	 2.8653524486e-03
1800 	 1835 	 6.4213955505e-01 	 5.7892976141e-03
1900 	 1938 	 6.4179580479e-01 	 1.8297284962e-03
2000 	 2041 	 6.4153220539e-01 	 1.7071703472e-03
2100 	 2143 	 6.4131917823e-01 	 2.1052588175e-03
2200 	 2244 	 6.4107731565e-01 	 1.6191106739e-03
2300 	 2349 	 6.4085477075e-01 	 1.6201760097e-03
2400 	 2453 	 6.4068269846e-01 	 1.4386858308e-03
2500 	 2555 	 6.4052669829e-01 	 1.1634310173e-03
2600 	 2658 	 6.4037202311e-01 	 1.0329795495e-03
2700 	 2761 	 6.4023764483e-01 	 1.8101500329e-03
2800 	 2862 	 6.4011933074e-01 	 1.7782914400e-03
2900 	 2964 	 6.4001369489e-01 	 8.6198082661e-04
3000 	 3068 	 6.3990740231e-01 	 1.2615694229e-03
3100 	 3171 	 6.3980142062e-01 	 1.2056602497e-03
3200 	 3273 	 6.3971032223e-01 	 1.2044981024e-03
3300 	 3375 	 6.3960748159e-01 	 3.0218282113e-03
3400 	 3477 	 6.3953351055e-01 	 9.9094472319e-04
3500 	 3580 	 6.3946672713e-01 	 1.3794349050e-03
3600 	 3684 	 6.3939286034e-01 	 9.3871268797e-04
3700 	 3785 	 6.3932291046e-01 	 1.2086380599e-03
3800 	 3890 	 6.3926559948e-01 	 7.7469430893e-04
3900 	 3993 	 6.3921718206e-01 	 7.2679801998e-04
4000 	 4097 	 6.3917128850e-01 	 9.5783748101e-04
4100 	 4201 	 6.3913110146e-01 	 1.0136697122e-03
4200 	 4302 	 6.3909598660e-01 	 6.8786324894e-04
4300 	 4404 	 6.3905936807e-01 	 6.2786574672e-04
4400 	 4506 	 6.3902341585e-01 	 8.4831320658e-04
4500 	 4609 	 6.3898363765e-01 	 7.6703062359e-04
4600 	 4711 	 6.3894837505e-01 	 1.3604649688e-03
4700 	 4814 	 6.3891708438e-01 	 6.6852678528e-04
4800 	 4916 	 6.3888310340e-01 	 6.5584145720e-04
4900 	 5017 	 6.3885114244e-01 	 1.0744545937e-03
5000 	 5122 	 6.3882184640e-01 	 4.7995443827e-04
5100 	 5226 	 6.3878831050e-01 	 6.6459124636e-04
5200 	 5330 	 6.3876127825e-01 	 1.4536780838e-03
5300 	 5435 	 6.3873876751e-01 	 5.6731511067e-04
5400 	 5539 	 6.3871907622e-01 	 1.5656188873e-03
5500 	 5643 	 6.3870271872e-01 	 3.5928863458e-04
5600 	 5744 	 6.3868953983e-01 	 3.8384871468e-04
5700 	 5846 	 6.3867585868e-01 	 3.7680062606e-04
5800 	 5949 	 6.3866171313e-01 	 4.3835414100e-04
5900 	 6052 	 6.3864707075e-01 	 3.7400443367e-04
6000 	 6153 	 6.3863130093e-01 	 4.8770841521e-04
6100 	 6259 	 6.3860915723e-01 	 8.6209666715e-04
6200 	 6363 	 6.3858449488e-01 	 1.0666786074e-03
6300 	 6464 	 6.3856226685e-01 	 4.2835526103e-04
6400 	 6567 	 6.3854222174e-01 	 9.6808247557e-04
6500 	 6669 	 6.3852325118e-01 	 3.4490667539e-04
6600 	 6771 	 6.3850598474e-01 	 4.8806588618e-04
6700 	 6872 	 6.3848682281e-01 	 6.3162998549e-04
6800 	 6974 	 6.3846810009e-01 	 4.6423254780e-04
6900 	 7075 	 6.3844545579e-01 	 6.4470966133e-04
7000 	 7180 	 6.3842350462e-01 	 4.7561305480e-04
7100 	 7282 	 6.3840434478e-01 	 7.3393412494e-04
7200 	 7386 	 6.3838731142e-01 	 4.0764740080e-04
7300 	 7488 	 6.3836948018e-01 	 4.7211302685e-04
7400 	 7591 	 6.3835421541e-01 	 4.9304050426e-04
7500 	 7694 	 6.3834218215e-01 	 3.4668494155e-04
7600 	 7799 	 6.3833070271e-01 	 3.0548559601e-04
7700 	 7901 	 6.3832020308e-01 	 3.1591318839e-04
7800 	 8004 	 6.3830952995e-01 	 3.3839814221e-04
7900 	 8108 	 6.3830221669e-01 	 2.3427322012e-04
8000 	 8210 	 6.3829627273e-01 	 2.4374554699e-04
8100 	 8313 	 6.3829192042e-01 	 2.3642224557e-04
8200 	 8415 	 6.3828832408e-01 	 1.6597065416e-04
8300 	 8518 	 6.3828576722e-01 	 2.2082535573e-04
8400 	 8622 	 6.3828330896e-01 	 1.5254307220e-04
8500 	 8726 	 6.3828142080e-01 	 9.9637112823e-05
8600 	 8828 	 6.3827971616e-01 	 2.6365969679e-04
8700 	 8931 	 6.3827809358e-01 	 2.8355366149e-04
8800 	 9034 	 6.3827641436e-01 	 1.0533986101e-04
8900 	 9137 	 6.3827510074e-01 	 1.3764481735e-04
9000 	 9240 	 6.3827383802e-01 	 1.4647479404e-04
9100 	 9342 	 6.3827246200e-01 	 1.2496501976e-04
9200 	 9442 	 6.3827106015e-01 	 1.3704180164e-04
9300 	 9546 	 6.3826963253e-01 	 1.1824006965e-04
9400 	 9650 	 6.3826827360e-01 	 2.4362371497e-04
9500 	 9751 	 6.3826695909e-01 	 1.2177632016e-04
9600 	 9852 	 6.3826572244e-01 	 1.3318357676e-04
9700 	 9956 	 6.3826482054e-01 	 1.4882462593e-04
9800 	 10059 	 6.3826413876e-01 	 1.2638076736e-04
9900 	 10161 	 6.3826346090e-01 	 9.6357647599e-05
10000 	 10265 	 6.3826276336e-01 	 1.6133315483e-04
10100 	 10367 	 6.3826195376e-01 	 1.2653765493e-04
10200 	 10468 	 6.3826131530e-01 	 8.1619564928e-05
10300 	 10569 	 6.3826088645e-01 	 5.3007133481e-05
10400 	 10671 	 6.3826046005e-01 	 6.2626117415e-05
10500 	 10774 	 6.3826008705e-01 	 7.8348437573e-05
10600 	 10876 	 6.3825958339e-01 	 7.8535010410e-05
10700 	 10976 	 6.3825902237e-01 	 6.9106973228e-05
10800 	 11077 	 6.3825840700e-01 	 8.7033858644e-05
10900 	 11179 	 6.3825776160e-01 	 8.3287645120e-05
11000 	 11279 	 6.3825709671e-01 	 5.9936175415e-05
11100 	 11382 	 6.3825648711e-01 	 6.4034367698e-05
11200 	 11483 	 6.3825596448e-01 	 7.8064189504e-05
11300 	 11585 	 6.3825540742e-01 	 1.7713367269e-04
11400 	 11686 	 6.3825473957e-01 	 6.6444399397e-05
11500 	 11788 	 6.3825392188e-01 	 1.1100662841e-04
11600 	 11890 	 6.3825332206e-01 	 8.6572642091e-05
11700 	 11994 	 6.3825254815e-01 	 1.0724703759e-04
11800 	 12095 	 6.3825174196e-01 	 9.8716472643e-05
11900 	 12198 	 6.3825103342e-01 	 1.6376038327e-04
12000 	 12300 	 6.3825036978e-01 	 6.8825342489e-05
12100 	 12403 	 6.3824961119e-01 	 8.3869857391e-05
12200 	 12504 	 6.3824886641e-01 	 1.0724277615e-04
12300 	 12608 	 6.3824829064e-01 	 8.3511637599e-05
12400 	 12712 	 6.3824768582e-01 	 8.8775216374e-05
12500 	 12815 	 6.3824716786e-01 	 5.3996771427e-05
12600 	 12918 	 6.3824665734e-01 	 7.8170235102e-05
12700 	 13019 	 6.3824607000e-01 	 7.9402302629e-05
12800 	 13120 	 6.3824560429e-01 	 9.1325989880e-05
12900 	 13224 	 6.3824516877e-01 	 5.1531255753e-05
13000 	 13326 	 6.3824479172e-01 	 5.8225478124e-05
13100 	 13428 	 6.3824445749e-01 	 5.4306485876e-05
13200 	 13531 	 6.3824418670e-01 	 5.8243648200e-05
13300 	 13633 	 6.3824398280e-01 	 6.4972888099e-05
13400 	 13737 	 6.3824378668e-01 	 3.6679693055e-05
13500 	 13837 	 6.3824358087e-01 	 5.8135776391e-05
13600 	 13941 	 6.3824337558e-01 	 8.7524502771e-05
13700 	 14041 	 6.3824319712e-01 	 3.8224617743e-05
13800 	 14142 	 6.3824302207e-01 	 5.7020402515e-05
13900 	 14244 	 6.3824285305e-01 	 5.1907550236e-05
14000 	 14348 	 6.3824268591e-01 	 4.8921948628e-05
14100 	 14451 	 6.3824253038e-01 	 4.1084046901e-05
14200 	 14554 	 6.3824241865e-01 	 4.1048241586e-05
14300 	 14657 	 6.3824231417e-01 	 4.2313033440e-05
14400 	 14758 	 6.3824222787e-01 	 5.0808196263e-05
14500 	 14862 	 6.3824214858e-01 	 5.0602862787e-05
14600 	 14964 	 6.3824206907e-01 	 7.2378279693e-05
14700 	 15066 	 6.3824198899e-01 	 2.6220096940e-05
14800 	 15168 	 6.3824190608e-01 	 2.6378486303e-05
14900 	 15270 	 6.3824181334e-01 	 2.8300460842e-05
15000 	 15374 	 6.3824172525e-01 	 3.2831862012e-05
15100 	 15477 	 6.3824163607e-01 	 3.7464922641e-05
15200 	 15577 	 6.3824154305e-01 	 5.2841987287e-05
15300 	 15679 	 6.3824145295e-01 	 4.0713862586e-05
15400 	 15781 	 6.3824135629e-01 	 3.3855334012e-05
15500 	 15882 	 6.3824129442e-01 	 2.3469541025e-05
15600 	 15985 	 6.3824123546e-01 	 2.6309925452e-05
15700 	 16085 	 6.3824117773e-01 	 2.5391283634e-05
15800 	 16187 	 6.3824110668e-01 	 8.7962547454e-05
15900 	 16288 	 6.3824102438e-01 	 3.9573459349e-05
16000 	 16390 	 6.3824096249e-01 	 2.2342363919e-05
16100 	 16491 	 6.3824088864e-01 	 7.7460913851e-05
16200 	 16594 	 6.3824082222e-01 	 2.5132352417e-05
16300 	 16697 	 6.3824075096e-01 	 3.6578209388e-05
16400 	 16800 	 6.3824066365e-01 	 3.1095555489e-05
16500 	 16901 	 6.3824058313e-01 	 2.9222024573e-05
16600 	 17006 	 6.3824052036e-01 	 2.8992079682e-05
16700 	 17108 	 6.3824046412e-01 	 3.1726330585e-05
16800 	 17210 	 6.3824040912e-01 	 2.2641832507e-05
16900 	 17312 	 6.3824037200e-01 	 1.9440092248e-05
17000 	 17416 	 6.3824034097e-01 	 2.7939525279e-05
17100 	 17519 	 6.3824031491e-01 	 5.7201274557e-05
17200 	 17620 	 6.3824028669e-01 	 2.1238080539e-05
17300 	 17720 	 6.3824025681e-01 	 2.5466873312e-05
17400 	 17823 	 6.3824022876e-01 	 2.6486084592e-05
17500 	 17924 	 6.3824020108e-01 	 2.6859047381e-05
17600 	 18027 	 6.3824017168e-01 	 1.7407895841e-05
17700 	 18130 	 6.3824014264e-01 	 1.5526040463e-05
17800 	 18234 	 6.3824010262e-01 	 2.6884592218e-05
17900 	 18340 	 6.3824005833e-01 	 1.6224792616e-05
18000 	 18442 	 6.3824002716e-01 	 1.7866405645e-05
18100 	 18545 	 6.3823998909e-01 	 2.4123136071e-05
18200 	 18647 	 6.3823994601e-01 	 2.9516363908e-05
18300 	 18749 	 6.3823990965e-01 	 2.0424794291e-05
18400 	 18850 	 6.3823987921e-01 	 1.6356693327e-05
18500 	 18954 	 6.3823985651e-01 	 1.3727477144e-05
18600 	 19055 	 6.3823983798e-01 	 1.2745265345e-05
18700 	 19157 	 6.3823982508e-01 	 9.1302209938e-06
18800 	 19259 	 6.3823981068e-01 	 1.3285134664e-05
18900 	 19361 	 6.3823979207e-01 	 1.2443990562e-05
19000 	 19464 	 6.3823977725e-01 	 1.0799416380e-05
19100 	 19565 	 6.3823976299e-01 	 1.1025598829e-05
19200 	 19667 	 6.3823974787e-01 	 1.2907896466e-05
19300 	 19768 	 6.3823973210e-01 	 1.2020037884e-05
19400 	 19868 	 6.3823971694e-01 	 1.2551510351e-05
19500 	 19971 	 6.3823970355e-01 	 1.3083216120e-05
19600 	 20073 	 6.3823969316e-01 	 1.2177162254e-05
19700 	 20175 	 6.3823968498e-01 	 7.0683874229e-06
19800 	 20280 	 6.3823967844e-01 	 1.0541927919e-05
19900 	 20385 	 6.3823966462e-01 	 1.4021372660e-05
20000 	 20488 	 6.3823964530e-01 	 2.8716195385e-05
20100 	 20591 	 6.3823962301e-01 	 1.1269443229e-05
20200 	 20695 	 6.3823960340e-01 	 1.5591334298e-05
20300 	 20798 	 6.3823958637e-01 	 2.4826263969e-05
20400 	 20903 	 6.3823956947e-01 	 1.2419339969e-05
20500 	 21006 	 6.3823955419e-01 	 1.0816099816e-05
20600 	 21111 	 6.3823954387e-01 	 1.7650294793e-05
20700 	 21215 	 6.3823953452e-01 	 1.8660755430e-05
20800 	 21316 	 6.3823952556e-01 	 2.6583427535e-05
20900 	 21419 	 6.3823951454e-01 	 1.1079695656e-05
21000 	 21521 	 6.3823950284e-01 	 1.1508220931e-05
21100 	 21623 	 6.3823949081e-01 	 1.2388782347e-05
100 	 102 	 7.2377484258e-01 	 2.2081119846e-02
200 	 203 	 7.0047490338e-01 	 1.6584908468e-02
300 	 306 	 6.8713935960e-01 	 1.3277093518e-02
400 	 407 	 6.7772446312e-01 	 1.6684233012e-02
500 	 510 	 6.6923123149e-01 	 9.0627389150e-03
600 	 611 	 6.6302412528e-01 	 9.4245141868e-03
700 	 712 	 6.5848092185e-01 	 8.8686026579e-03
800 	 812 	 6.5577532443e-01 	 6.7154130756e-03
900 	 913 	 6.5354080737e-01 	 7.5298877748e-03
1000 	 1014 	 6.5109704324e-01 	 4.7059586887e-03
1100 	 1116 	 6.4908577292e-01 	 4.9736360376e-03
1200 	 1218 	 6.4728986213e-01 	 4.4376225172e-03
1300 	 1320 	 6.4574275302e-01 	 5.0374348914e-03
1400 	 1424 	 6.4463218760e-01 	 3.7188905013e-03
1500 	 1525 	 6.4388150521e-01 	 2.9627385476e-03
1600 	 1630 	 6.4317146242e-01 	 2.4074744522e-03
1700 	 1733 	 6.4258824989e-01 	 2.1984701276e-03
1800 	 1835 	 6.4213171917e-01 	 6.5659696553e-03
1900 	 1939 	 6.4182343387e-01 	 1.9710802488e-03
2000 	 2041 	 6.4155827021e-01 	 1.4192537704e-03
2100 	 2143 	 6.4134001112e-01 	 1.4482624813e-03
2200 	 2245 	 6.4110350606e-01 	 3.4770072336e-03
2300 	 2347 	 6.4088999517e-01 	 2.0961840158e-03
2400 	 2449 	 6.4071033579e-01 	 1.0794338436e-03
2500 	 2552 	 6.4055845336e-01 	 1.4046185682e-03
2600 	 2655 	 6.4043501901e-01 	 1.6662834167e-03
2700 	 2757 	 6.4030807543e-01 	 1.0743847966e-03
2800 	 2859 	 6.4018437584e-01 	 1.1065842710e-03
2900 	 2961 	 6.4008364065e-01 	 1.1579751667e-03
3000 	 3066 	 6.3998924697e-01 	 2.2438262267e-03
3100 	 3169 	 6.3987857491e-01 	 9.0030640085e-04
3200 	 3270 	 6.3979688142e-01 	 1.0645330520e-03
3300 	 3373 	 6.3970860395e-01 	 1.1267868606e-03
3400 	 3475 	 6.3961476334e-01 	 1.1258063385e-03
3500 	 3576 	 6.3949331891e-01 	 2.1592257193e-03
3600 	 3678 	 6.3937900295e-01 	 9.6860958121e-04
3700 	 3783 	 6.3928322739e-01 	 1.0346334664e-03
3800 	 3887 	 6.3920308701e-01 	 8.7695883147e-04
3900 	 3987 	 6.3914319089e-01 	 1.5133291867e-03
4000 	 4090 	 6.3909734142e-01 	 6.4713788691e-04
4100 	 4195 	 6.3905718555e-01 	 4.5896482681e-04
4200 	 4298 	 6.3902425246e-01 	 9.2976138602e-04
4300 	 4399 	 6.3899251163e-01 	 5.2702615407e-04
4400 	 4500 	 6.3896787505e-01 	 4.3668401259e-04
4500 	 4602 	 6.3894299231e-01 	 7.5859051915e-04
4600 	 4703 	 6.3891942609e-01 	 4.9784427446e-04
4700 	 4805 	 6.3889026496e-01 	 4.7762460794e-04
4800 	 4908 	 6.3886346405e-01 	 5.6454280994e-04
4900 	 5011 	 6.3883606654e-01 	 9.8439251910e-04
5000 	 5116 	 6.3880974288e-01 	 4.7841129353e-04
5100 	 5218 	 6.3878623638e-01 	 5.2375229521e-04
5200 	 5322 	 6.3876204146e-01 	 7.5199392996e-04
5300 	 5423 	 6.3873824608e-01 	 6.0548590758e-04
5400 	 5526 	 6.3871363634e-01 	 5.3012787679e-04
5500 	 5627 	 6.3869203986e-01 	 5.9949621910e-04
5600 	 5729 	 6.3867258533e-01 	 4.6340429111e-04
5700 	 5831 	 6.3865326618e-01 	 9.6999382297e-04
5800 	 5931 	 6.3863288543e-01 	 6.5416298825e-04
5900 	 6033 	 6.3860894697e-01 	 4.1103646091e-04
6000 	 6136 	 6.3858340721e-01 	 5.6627555458e-04
6100 	 6240 	 6.3855655481e-01 	 1.3020707382e-03
6200 	 6342 	 6.3853240639e-01 	 4.0028062132e-04
6300 	 6445 	 6.3851436886e-01 	 4.4960507356e-04
6400 	 6548 	 6.3849797387e-01 	 3.6305743668e-04
6500 	 6650 	 6.3848301495e-01 	 7.3437502314e-04
6600 	 6750 	 6.3846874183e-01 	 3.6236580743e-04
6700 	 6853 	 6.3845560804e-01 	 4.8599506795e-04
6800 	 6953 	 6.3843899204e-01 	 5.3756542490e-04
6900 	 7056 	 6.3841953269e-01 	 5.2946820875e-04
7000 	 7158 	 6.3840205971e-01 	 4.4689587675e-04
7100 	 7260 	 6.3838682580e-01 	 4.7819733641e-04
7200 	 7362 	 6.3837410548e-01 	 3.8991915545e-04
7300 	 7463 	 6.3836265975e-01 	 6.7796520913e-04
7400 	 7567 	 6.3835170503e-01 	 3.8706714660e-04
7500 	 7670 	 6.3834202660e-01 	 5.4683001597e-04
7600 	 7773 	 6.3833385685e-01 	 2.2053235550e-04
7700 	 7876 	 6.3832803960e-01 	 2.5838466914e-04
7800 	 7977 	 6.3832311058e-01 	 1.6938215602e-04
7900 	 8079 	 6.3831883749e-01 	 4.9819849825e-04
8000 	 8180 	 6.3831516615e-01 	 2.6527561442e-04
8100 	 8283 	 6.3831126772e-01 	 1.6611758560e-04
8200 	 8385 	 6.3830708581e-01 	 2.1305507321e-04
8300 	 8486 	 6.3830204212e-01 	 2.7844498321e-04
8400 	 8589 	 6.3829706300e-01 	 3.1288030035e-04
8500 	 8691 	 6.3829174328e-01 	 2.6241740526e-04
8600 	 8794 	 6.3828736822e-01 	 2.3820265230e-04
8700 	 8899 	 6.3828394750e-01 	 1.6415095654e-04
8800 	 9004 	 6.3828145198e-01 	 1.2395231827e-04
8900 	 9107 	 6.3827915583e-01 	 1.6047990412e-04
9000 	 9209 	 6.3827715663e-01 	 2.0566077073e-04
9100 	 9309 	 6.3827545388e-01 	 1.5562635146e-04
9200 	 9410 	 6.3827369676e-01 	 2.3774076715e-04
9300 	 9513 	 6.3827224292e-01 	 2.4689692904e-04
9400 	 9614 	 6.3827089180e-01 	 9.1317266872e-05
9500 	 9716 	 6.3826990918e-01 	 8.3417750822e-05
9600 	 9816 	 6.3826912528e-01 	 9.2042786160e-05
9700 	 9919 	 6.3826837644e-01 	 1.0941182489e-04
9800 	 10021 	 6.3826762751e-01 	 9.4136581441e-05
9900 	 10125 	 6.3826686703e-01 	 1.4886029121e-04
10000 	 10226 	 6.3826610406e-01 	 9.8050032323e-05
10100 	 10330 	 6.3826526655e-01 	 9.1282208522e-05
10200 	 10431 	 6.3826447113e-01 	 1.0093338408e-04
10300 	 10536 	 6.3826378425e-01 	 1.8933817795e-04
10400 	 10636 	 6.3826301468e-01 	 1.1372838056e-04
10500 	 10739 	 6.3826222739e-01 	 1.5520833437e-04
10600 	 10840 	 6.3826143829e-01 	 8.6216355583e-05
10700 	 10941 	 6.3826051454e-01 	 9.8956838114e-05
10800 	 11043 	 6.3825975375e-01 	 7.0342463372e-05
10900 	 11144 	 6.3825904992e-01 	 8.3612824414e-05
11000 	 11247 	 6.3825817736e-01 	 1.1620933119e-04
11100 	 11348 	 6.3825730870e-01 	 9.4841871447e-05
11200 	 11449 	 6.3825622013e-01 	 1.1047816820e-04
11300 	 11553 	 6.3825505710e-01 	 8.8433692693e-05
11400 	 11654 	 6.3825392794e-01 	 1.4766047789e-04
11500 	 11756 	 6.3825309354e-01 	 8.4866762216e-05
11600 	 11856 	 6.3825231955e-01 	 9.6747736936e-05
11700 	 11958 	 6.3825180865e-01 	 5.9783186103e-05
11800 	 12062 	 6.3825137249e-01 	 1.2670467323e-04
11900 	 12164 	 6.3825089037e-01 	 1.1644607341e-04
12000 	 12265 	 6.3825030443e-01 	 9.1905268307e-05
12100 	 12367 	 6.3824971325e-01 	 8.5845757268e-05
12200 	 12472 	 6.3824920103e-01 	 9.5177973478e-05
12300 	 12573 	 6.3824869193e-01 	 5.9153243930e-05
12400 	 12675 	 6.3824816007e-01 	 7.9836666296e-05
12500 	 12778 	 6.3824764992e-01 	 6.9611734493e-05
12600 	 12880 	 6.3824732750e-01 	 6.1858380699e-05
12700 	 12983 	 6.3824706475e-01 	 3.9312492579e-05
12800 	 13084 	 6.3824681732e-01 	 5.0610649799e-05
12900 	 13185 	 6.3824655303e-01 	 6.4682737048e-05
13000 	 13287 	 6.3824630925e-01 	 4.3510330758e-05
13100 	 13391 	 6.3824609908e-01 	 4.4823508881e-05
13200 	 13494 	 6.3824588548e-01 	 4.6842913024e-05
13300 	 13596 	 6.3824570282e-01 	 4.0162842917e-05
13400 	 13699 	 6.3824556999e-01 	 3.7347566680e-05
13500 	 13800 	 6.3824544362e-01 	 2.9818951024e-05
13600 	 13904 	 6.3824529826e-01 	 4.9715330705e-05
13700 	 14006 	 6.3824510730e-01 	 5.0145185296e-05
13800 	 14109 	 6.3824490665e-01 	 5.7768088548e-05
13900 	 14214 	 6.3824473071e-01 	 6.5579287503e-05
14000 	 14318 	 6.3824450037e-01 	 5.3674413242e-05
14100 	 14421 	 6.3824428067e-01 	 5.6469505554e-05
14200 	 14524 	 6.3824399155e-01 	 5.7525726666e-05
14300 	 14629 	 6.3824373558e-01 	 4.6624012566e-05
14400 	 14730 	 6.3824347133e-01 	 6.3759367616e-05
14500 	 14833 	 6.3824323470e-01 	 4.5610603884e-05
14600 	 14936 	 6.3824301654e-01 	 5.0959157370e-05
14700 	 15040 	 6.3824277019e-01 	 5.5535454276e-05
14800 	 15143 	 6.3824248030e-01 	 5.9471267926e-05
14900 	 15245 	 6.3824220049e-01 	 5.9174600346e-05
15000 	 15348 	 6.3824199274e-01 	 4.6262546787e-05
15100 	 15453 	 6.3824179776e-01 	 6.2811221167e-05
15200 	 15554 	 6.3824164798e-01 	 9.3655251850e-05
15300 	 15656 	 6.3824151597e-01 	 2.9781087038e-05
15400 	 15759 	 6.3824140440e-01 	 3.5105748808e-05
15500 	 15862 	 6.3824129879e-01 	 3.3803307883e-05
15600 	 15964 	 6.3824119502e-01 	 3.0662534834e-05
15700 	 16066 	 6.3824110001e-01 	 4.4112468579e-05
15800 	 16168 	 6.3824100864e-01 	 3.1794157543e-05
15900 	 16271 	 6.3824092646e-01 	 2.9716451876e-05
16000 	 16371 	 6.3824085366e-01 	 5.6177452981e-05
16100 	 16472 	 6.3824077001e-01 	 3.1661776316e-05
16200 	 16573 	 6.3824068112e-01 	 3.5593708230e-05
16300 	 16676 	 6.3824058454e-01 	 6.3253270185e-05
16400 	 16778 	 6.3824051383e-01 	 6.1254079459e-05
16500 	 16880 	 6.3824045190e-01 	 2.4235557538e-05
16600 	 16983 	 6.3824038808e-01 	 4.5483456891e-05
16700 	 17086 	 6.3824033964e-01 	 3.0120305785e-05
16800 	 17190 	 6.3824029461e-01 	 3.4326705794e-05
16900 	 17292 	 6.3824025882e-01 	 6.1294211842e-05
17000 	 17395 	 6.3824022588e-01 	 2.4232886310e-05
17100 	 17497 	 6.3824019322e-01 	 1.9654040104e-05
17200 	 17598 	 6.3824015556e-01 	 2.5743799680e-05
17300 	 17700 	 6.3824011483e-01 	 2.2616496480e-05
17400 	 17804 	 6.3824008201e-01 	 1.9830621856e-05
17500 	 17905 	 6.3824004051e-01 	 2.3822515835e-05
17600 	 18007 	 6.3823999652e-01 	 3.9071283846e-05
17700 	 18108 	 6.3823995888e-01 	 1.8052928852e-05
17800 	 18209 	 6.3823993252e-01 	 1.5463019714e-05
17900 	 18311 	 6.3823990272e-01 	 1.4214450625e-05
18000 	 18415 	 6.3823988209e-01 	 2.1124902333e-05
18100 	 18518 	 6.3823986885e-01 	 1.6573756652e-05
18200 	 18620 	 6.3823985609e-01 	 1.3663473236e-05
18300 	 18721 	 6.3823984286e-01 	 1.9202163931e-05
18400 	 18824 	 6.3823983028e-01 	 1.4795689480e-05
18500 	 18927 	 6.3823981337e-01 	 1.7904841796e-05
18600 	 19029 	 6.3823979157e-01 	 1.8437329742e-05
18700 	 19134 	 6.3823976996e-01 	 5.4034274845e-05
18800 	 19235 	 6.3823974490e-01 	 1.6830441232e-05
18900 	 19339 	 6.3823971672e-01 	 3.8638146890e-05
19000 	 19439 	 6.3823968869e-01 	 2.4692867065e-05
19100 	 19541 	 6.3823965442e-01 	 1.5153091211e-05
19200 	 19644 	 6.3823962272e-01 	 1.7527330950e-05
19300 	 19749 	 6.3823959801e-01 	 1.2878685071e-05
19400 	 19853 	 6.3823957633e-01 	 1.2577252947e-05
19500 	 19956 	 6.3823956066e-01 	 9.8847995114e-06
19600 	 20057 	 6.3823954930e-01 	 9.2728826837e-06
19700 	 20159 	 6.3823953844e-01 	 1.1551399440e-05
19800 	 20264 	 6.3823952539e-01 	 2.2109761296e-05
19900 	 20367 	 6.3823951081e-01 	 1.1750617421e-05
20000 	 20468 	 6.3823949913e-01 	 7.7212224361e-06
20100 	 20570 	 6.3823948884e-01 	 1.0589369113e-05
20200 	 20671 	 6.3823948060e-01 	 8.7317861262e-06
20300 	 20773 	 6.3823947377e-01 	 1.6517559412e-05
20400 	 20875 	 6.3823946660e-01 	 1.4484262897e-05
20500 	 20976 	 6.3823945944e-01 	 8.8154468093e-06
20600 	 21077 	 6.3823945240e-01 	 1.0658396941e-05
20700 	 21180 	 6.3823944608e-01 	 8.2437495376e-06
20800 	 21282 	 6.3823943915e-01 	 8.1972542196e-06
20900 	 21385 	 6.3823943167e-01 	 2.0257762994e-05
21000 	 21488 	 6.3823942397e-01 	 9.2061309809e-06
21100 	 21590 	 6.3823941847e-01 	 6.3396466415e-06
21200 	 21693 	 6.3823941443e-01 	 7.8747126243e-06
21300 	 21797 	 6.3823941072e-01 	 6.1630579785e-06
21400 	 21900 	 6.3823940781e-01 	 8.1565163475e-06
21500 	 22003 	 6.3823940508e-01 	 5.4811934738e-06
21600 	 22104 	 6.3823940231e-01 	 5.3285135866e-06
21700 	 22206 	 6.3823939986e-01 	 4.2480138569e-06
21800 	 22307 	 6.3823939753e-01 	 5.2271912600e-06
21900 	 22411 	 6.3823939562e-01 	 5.3336796277e-06
22000 	 22515 	 6.3823939380e-01 	 3.7395393429e-06
22100 	 22618 	 6.3823939229e-01 	 3.3820400751e-06
22200 	 22719 	 6.3823939104e-01 	 3.6840192716e-06
22300 	 22821 	 6.3823938969e-01 	 3.5149270388e-06
22400 	 22924 	 6.3823938809e-01 	 5.2868971341e-06
22500 	 23027 	 6.3823938616e-01 	 4.1524447261e-06
22600 	 23133 	 6.3823938448e-01 	 4.6438362942e-06
22700 	 23234 	 6.3823938285e-01 	 3.1043314548e-06
22800 	 23338 	 6.3823938157e-01 	 3.7510113626e-06
22900 	 23440 	 6.3823938017e-01 	 4.5597157706e-06
23000 	 23542 	 6.3823937839e-01 	 9.4976118814e-06
23100 	 23644 	 6.3823937668e-01 	 3.2515530439e-06
23200 	 23745 	 6.3823937514e-01 	 9.2015746658e-06
23300 	 23848 	 6.3823937383e-01 	 2.0687768290e-06
23400 	 23950 	 6.3823937291e-01 	 3.6045675146e-06
23500 	 24051 	 6.3823937208e-01 	 3.1235876173e-06
23600 	 24153 	 6.3823937130e-01 	 3.8579547105e-06
23700 	 24253 	 6.3823937031e-01 	 8.2670507133e-06
23800 	 24355 	 6.3823936955e-01 	 5.1758166886e-06
23900 	 24456 	 6.3823936892e-01 	 1.9498177602e-06
24000 	 24560 	 6.3823936831e-01 	 2.3350779316e-06
24100 	 24663 	 6.3823936769e-01 	 2.0433758270e-06
24200 	 24764 	 6.3823936712e-01 	 2.6571175641e-06
24300 	 24867 	 6.3823936658e-01 	 2.4747556546e-06
24400 	 24969 	 6.3823936605e-01 	 2.3407261714e-06
24500 	 25072 	 6.3823936547e-01 	 2.9014694122e-06
24600 	 25174 	 6.3823936474e-01 	 3.2070971257e-06
24700 	 25278 	 6.3823936398e-01 	 4.3405688716e-06
24800 	 25380 	 6.3823936329e-01 	 2.7416599075e-06
24900 	 25484 	 6.3823936273e-01 	 5.6832670983e-06
25000 	 25587 	 6.3823936226e-01 	 5.7490206692e-06
25100 	 25689 	 6.3823936177e-01 	 2.0239084511e-06
25200 	 25792 	 6.3823936130e-01 	 2.4277416150e-06
25300 	 25894 	 6.3823936086e-01 	 2.2032119270e-06
25400 	 25996 	 6.3823936045e-01 	 2.1164199294e-06
25500 	 26100 	 6.3823936002e-01 	 2.1461969673e-06
25600 	 26202 	 6.3823935965e-01 	 1.5811805029e-06
25700 	 26304 	 6.3823935926e-01 	 2.1436191107e-06
25800 	 26406 	 6.3823935893e-01 	 3.4277464665e-06
25900 	 26510 	 6.3823935868e-01 	 1.5952379237e-06
26000 	 26611 	 6.3823935846e-01 	 1.7925907803e-06
26100 	 26715 	 6.3823935820e-01 	 2.2951074620e-06
26200 	 26818 	 6.3823935800e-01 	 1.4452702302e-06
26300 	 26920 	 6.3823935775e-01 	 1.9355079949e-06
26400 	 27023 	 6.3823935739e-01 	 1.8306121390e-06
26500 	 27124 	 6.3823935694e-01 	 2.0916315081e-06
26600 	 27224 	 6.3823935647e-01 	 2.8688357430e-06
26700 	 27325 	 6.3823935610e-01 	 1.2538681355e-06
26800 	 27429 	 6.3823935578e-01 	 1.7478148074e-06
26900 	 27531 	 6.3823935546e-01 	 1.8611154846e-06
27000 	 27632 	 6.3823935517e-01 	 3.0015520008e-06
27100 	 27734 	 6.3823935498e-01 	 1.4428466403e-06
27200 	 27839 	 6.3823935482e-01 	 1.0318557880e-06
27300 	 27943 	 6.3823935470e-01 	 9.0737111444e-07
27400 	 28044 	 6.3823935457e-01 	 1.2461225533e-06
27500 	 28146 	 6.3823935444e-01 	 1.8686265879e-06
27600 	 28248 	 6.3823935432e-01 	 1.3453448192e-06
27700 	 28351 	 6.3823935422e-01 	 7.0303003010e-07
27800 	 28454 	 6.3823935415e-01 	 9.0539388709e-07
27900 	 28557 	 6.3823935408e-01 	 8.8045460538e-07
28000 	 28660 	 6.3823935402e-01 	 5.1919299679e-07
28100 	 28762 	 6.3823935397e-01 	 7.4636289298e-07
28200 	 28865 	 6.3823935391e-01 	 1.0546768198e-06
28300 	 28968 	 6.3823935383e-01 	 1.1729696023e-06
28400 	 29071 	 6.3823935373e-01 	 8.9603172758e-07
28500 	 29173 	 6.3823935364e-01 	 7.1354777880e-07
28600 	 29274 	 6.3823935357e-01 	 2.0021147301e-06
28700 	 29377 	 6.3823935351e-01 	 1.0888242170e-06
28800 	 29478 	 6.3823935344e-01 	 8.6475516571e-07
28900 	 29578 	 6.3823935334e-01 	 1.7116998964e-06
29000 	 29681 	 6.3823935323e-01 	 9.3354204311e-07
29100 	 29784 	 6.3823935310e-01 	 1.0684428924e-06
29200 	 29887 	 6.3823935298e-01 	 1.6537150116e-06
29300 	 29988 	 6.3823935288e-01 	 8.4654892765e-07
29400 	 30089 	 6.3823935278e-01 	 1.0466576148e-06
29500 	 30192 	 6.3823935270e-01 	 2.3791544452e-06
29600 	 30294 	 6.3823935262e-01 	 8.8751978264e-07
29700 	 30394 	 6.3823935254e-01 	 9.4492493312e-07
29800 	 30499 	 6.3823935248e-01 	 1.0847321067e-06
29900 	 30600 	 6.3823935240e-01 	 1.1502485153e-06
30000 	 30702 	 6.3823935232e-01 	 7.7640317529e-07
30100 	 30806 	 6.3823935226e-01 	 7.0466569781e-07
30200 	 30907 	 6.3823935221e-01 	 8.7328479149e-07
30300 	 31009 	 6.3823935217e-01 	 5.3817547859e-07
30400 	 31112 	 6.3823935213e-01 	 4.3537362184e-07
30500 	 31214 	 6.3823935210e-01 	 5.2265215820e-07
30600 	 31315 	 6.3823935208e-01 	 1.3312803274e-06
30700 	 31419 	 6.3823935206e-01 	 4.7997271222e-07
30800 	 31521 	 6.3823935203e-01 	 5.4013380101e-07
30900 	 31623 	 6.3823935200e-01 	 8.1003921818e-07
31000 	 31727 	 6.3823935197e-01 	 5.8207223165e-07
31100 	 31829 	 6.3823935194e-01 	 4.4598954428e-07
31200 	 31932 	 6.3823935192e-01 	 9.5065650661e-07
31300 	 32034 	 6.3823935190e-01 	 3.9722532991e-07
31400 	 32136 	 6.3823935188e-01 	 3.9952434620e-07
31500 	 32238 	 6.3823935187e-01 	 4.2350482674e-07
31600 	 32343 	 6.3823935186e-01 	 4.7615046142e-07
31700 	 32446 	 6.3823935185e-01 	 3.2406271037e-07
31800 	 32548 	 6.3823935184e-01 	 3.7390600427e-07
31900 	 32650 	 6.3823935183e-01 	 4.5041668243e-07
32000 	 32754 	 6.3823935182e-01 	 4.5602691469e-07
32100 	 32859 	 6.3823935180e-01 	 3.0184083181e-07
32200 	 32963 	 6.3823935179e-01 	 3.4157240703e-07
32300 	 33065 	 6.3823935178e-01 	 4.0761042802e-07
32400 	 33170 	 6.3823935177e-01 	 7.1751992060e-07
32500 	 33272 	 6.3823935176e-01 	 3.2676760803e-07
32600 	 33375 	 6.3823935175e-01 	 3.7589931373e-07
32700 	 33478 	 6.3823935174e-01 	 2.8689226178e-07
32800 	 33580 	 6.3823935173e-01 	 3.2697400238e-07
32900 	 33684 	 6.3823935173e-01 	 2.6904992214e-07
33000 	 33785 	 6.3823935172e-01 	 2.5504818475e-07
33100 	 33886 	 6.3823935171e-01 	 4.7311086762e-07
33200 	 33987 	 6.3823935170e-01 	 3.3450175746e-07
33300 	 34089 	 6.3823935169e-01 	 3.0804038955e-07
33400 	 34189 	 6.3823935168e-01 	 2.2824627285e-07
33500 	 34291 	 6.3823935168e-01 	 3.4560036728e-07
33600 	 34393 	 6.3823935167e-01 	 2.3260017872e-07
33700 	 34497 	 6.3823935167e-01 	 2.4995996832e-07
33800 	 34599 	 6.3823935166e-01 	 2.6583388303e-07
33900 	 34702 	 6.3823935165e-01 	 3.3426925498e-07
34000 	 34806 	 6.3823935165e-01 	 3.2594922801e-07
34100 	 34908 	 6.3823935164e-01 	 2.5706823735e-07
34200 	 35012 	 6.3823935164e-01 	 2.3718218693e-07
34300 	 35112 	 6.3823935163e-01 	 2.8260030196e-07
34400 	 35214 	 6.3823935163e-01 	 6.4671687730e-07
34500 	 35316 	 6.3823935162e-01 	 4.4451254996e-07
34600 	 35417 	 6.3823935161e-01 	 7.7653226480e-07
34700 	 35520 	 6.3823935161e-01 	 3.7288735705e-07
34800 	 35621 	 6.3823935160e-01 	 3.6821713956e-07
34900 	 35724 	 6.3823935160e-01 	 2.3289792709e-07
35000 	 35825 	 6.3823935159e-01 	 2.5181499228e-07
35100 	 35927 	 6.3823935159e-01 	 2.2253765515e-07
35200 	 36029 	 6.3823935158e-01 	 1.3000403183e-07
35300 	 36132 	 6.3823935158e-01 	 1.5446794590e-07
35400 	 36235 	 6.3823935158e-01 	 1.3977890750e-07
35500 	 36335 	 6.3823935158e-01 	 1.0919774208e-07
35600 	 36441 	 6.3823935157e-01 	 2.7429095343e-07
35700 	 36542 	 6.3823935157e-01 	 1.6685699851e-07
35800 	 36647 	 6.3823935157e-01 	 1.1986152105e-07
35900 	 36747 	 6.3823935157e-01 	 3.6964622507e-07
36000 	 36852 	 6.3823935157e-01 	 1.2406069730e-07
36100 	 36956 	 6.3823935157e-01 	 1.2101969540e-07
36200 	 37059 	 6.3823935156e-01 	 1.6932271837e-07
36300 	 37162 	 6.3823935156e-01 	 1.3812581970e-07
36400 	 37265 	 6.3823935156e-01 	 1.2420186024e-07
36500 	 37370 	 6.3823935156e-01 	 1.2636735216e-07
36600 	 37474 	 6.3823935156e-01 	 9.2642173456e-08
36700 	 37575 	 6.3823935156e-01 	 8.7509122677e-08
36800 	 37682 	 6.3823935156e-01 	 7.6753863556e-08
36900 	 37785 	 6.3823935156e-01 	 1.9328382716e-07
37000 	 37891 	 6.3823935156e-01 	 1.4820738606e-07
37100 	 37995 	 6.3823935156e-01 	 1.1896277312e-07
37200 	 38099 	 6.3823935155e-01 	 9.2141480658e-08
37300 	 38201 	 6.3823935155e-01 	 1.4009251318e-07
37400 	 38305 	 6.3823935155e-01 	 1.9855127853e-07
37500 	 38405 	 6.3823935155e-01 	 1.2066944132e-07
37600 	 38509 	 6.3823935155e-01 	 2.5686000836e-07
37700 	 38614 	 6.3823935155e-01 	 1.1643393476e-07
37800 	 38717 	 6.3823935155e-01 	 1.5522772380e-07
37900 	 38820 	 6.3823935155e-01 	 2.2518944662e-07
38000 	 38922 	 6.3823935155e-01 	 6.7595959384e-08
38100 	 39025 	 6.3823935154e-01 	 9.2550157203e-08
38200 	 39131 	 6.3823935154e-01 	 1.3389890463e-07
38300 	 39235 	 6.3823935154e-01 	 1.0412215460e-07
38400 	 39339 	 6.3823935154e-01 	 1.7582455822e-07
38500 	 39443 	 6.3823935154e-01 	 1.0587409796e-07
38600 	 39545 	 6.3823935154e-01 	 8.9582321569e-08
38700 	 39652 	 6.3823935154e-01 	 9.6612914743e-08
38800 	 39756 	 6.3823935154e-01 	 8.9795916488e-08
38900 	 39867 	 6.3823935154e-01 	 5.9913245590e-08
39000 	 39975 	 6.3823935154e-01 	 5.5536913092e-08
39100 	 40086 	 6.3823935154e-01 	 6.8702632703e-08
39200 	 40194 	 6.3823935154e-01 	 1.2480581407e-07
39300 	 40302 	 6.3823935154e-01 	 7.7016959024e-08
39400 	 40416 	 6.3823935154e-01 	 4.2388739856e-08
39500 	 40526 	 6.3823935154e-01 	 8.2034602056e-08
39600 	 40638 	 6.3823935154e-01 	 3.2997318014e-08
39700 	 40749 	 6.3823935154e-01 	 6.0502257055e-08
39800 	 40864 	 6.3823935154e-01 	 3.0236492415e-08
39900 	 40977 	 6.3823935153e-01 	 8.6139938598e-08
40000 	 41094 	 6.3823935153e-01 	 2.5807152772e-08
40100 	 41210 	 6.3823935153e-01 	 3.0818143146e-08
# ---- 
 1 		 40118 	 41242 		 1.2268429004e+00 	 6.3823935153e-01 	 4.0432992805e-08
# ---- 
100 	 101 	 2.6706982772e+00 	 2.1089177453e-02
200 	 204 	 2.6575521817e+00 	 1.8028412657e-02
300 	 305 	 2.6519840268e+00 	 7.3031924170e-03
400 	 407 	 2.6478410554e+00 	 1.3491233151e-02
500 	 511 	 2.6447580414e+00 	 5.1437350859e-03
600 	 613 	 2.6430052382e+00 	 4.8399919082e-03
700 	 715 	 2.6416561855e+00 	 4.0689097388e-03
800 	 818 	 2.6407296924e+00 	 4.4464084096e-03
900 	 918 	 2.6397872228e+00 	 3.7302780939e-03
1000 	 1019 	 2.6389623935e+00 	 2.5425692246e-03
1100 	 1121 	 2.6381617542e+00 	 2.9982609139e-03
1200 	 1226 	 2.6373828929e+00 	 2.9087537488e-03
1300 	 1329 	 2.6369220450e+00 	 2.3574508540e-03
1400 	 1431 	 2.6366164321e+00 	 2.1280969298e-03
1500 	 1532 	 2.6363604077e+00 	 4.2117190886e-03
1600 	 1633 	 2.6361664248e+00 	 1.5894675544e-03
1700 	 1736 	 2.6359546711e+00 	 1.2478065667e-03
1800 	 1837 	 2.6357485558e+00 	 3.3911943587e-03
1900 	 1940 	 2.6355788819e+00 	 1.9154793239e-03
2000 	 2042 	 2.6354345708e+00 	 1.0752831924e-03
2100 	 2144 	 2.6352903177e+00 	 3.7838529687e-03
2200 	 2249 	 2.6351916905e+00 	 1.2327522958e-03
2300 	 2351 	 2.6351010891e+00 	 1.0778149179e-03
2400 	 2455 	 2.6350164666e+00 	 1.4197589765e-03
2500 	 2557 	 2.6349445992e+00 	 8.4661510957e-04
2600 	 2657 	 2.6348842531e+00 	 2.4490180391e-03
2700 	 2759 	 2.6348183836e+00 	 1.5597177773e-03
2800 	 2864 	 2.6347601438e+00 	 1.7976639158e-03
2900 	 2966 	 2.6347006138e+00 	 1.4213217683e-03
3000 	 3067 	 2.6346427689e+00 	 8.6659506134e-04
3100 	 3172 	 2.6345967713e+00 	 5.4113274411e-04
3200 	 3274 	 2.6345638758e+00 	 5.5051008803e-04
3300 	 3379 	 2.6345369216e+00 	 4.6359059695e-04
3400 	 3482 	 2.6345104420e+00 	 2.0794453418e-03
3500 	 3586 	 2.6344824429e+00 	 8.9041628980e-04
3600 	 3690 	 2.6344647895e+00 	 4.0009077950e-04
3700 	 3791 	 2.6344510198e+00 	 5.8050234971e-04
3800 	 3893 	 2.6344404254e+00 	 3.8772406723e-04
3900 	 3995 	 2.6344334744e+00 	 2.2238211427e-04
4000 	 4098 	 2.6344244017e+00 	 3.2680420616e-04
4100 	 4199 	 2.6344152230e+00 	 6.6334787883e-04
4200 	 4300 	 2.6344086123e+00 	 2.0173733979e-04
4300 	 4406 	 2.6344040664e+00 	 2.1461179739e-04
4400 	 4510 	 2.6344005504e+00 	 3.1405028629e-04
4500 	 4611 	 2.6343967842e+00 	 2.9022749331e-04
4600 	 4713 	 2.6343928112e+00 	 2.3366514600e-04
4700 	 4816 	 2.6343884276e+00 	 2.3217965219e-04
4800 	 4920 	 2.6343837844e+00 	 2.4612317826e-04
4900 	 5022 	 2.6343795572e+00 	 1.9076134350e-04
5000 	 5123 	 2.6343756168e+00 	 2.2392020191e-04
5100 	 5225 	 2.6343721460e+00 	 2.1315607379e-04
5200 	 5328 	 2.6343693350e+00 	 1.5418015919e-04
5300 	 5428 	 2.6343666014e+00 	 1.9065346616e-04
5400 	 5532 	 2.6343634602e+00 	 1.8484272480e-04
5500 	 5632 	 2.6343599034e+00 	 1.5514222992e-04
5600 	 5736 	 2.6343563605e+00 	 4.5800777253e-04
5700 	 5841 	 2.6343538945e+00 	 1.8569435760e-04
5800 	 5943 	 2.6343518274e+00 	 1.2820533667e-04
5900 	 6045 	 2.6343499543e+00 	 2.5188494036e-04
6000 	 6147 	 2.6343481524e+00 	 1.5901557058e-04
6100 	 6252 	 2.6343466578e+00 	 1.2512134841e-04
6200 	 6355 	 2.6343452618e+00 	 1.4430241639e-04
6300 	 6456 	 2.6343435341e+00 	 1.5007225144e-04
6400 	 6560 	 2.6343417072e+00 	 4.0341890269e-04
6500 	 6662 	 2.6343397591e+00 	 1.0877390000e-04
6600 	 6766 	 2.6343380191e+00 	 1.1886521093e-04
6700 	 6867 	 2.6343366213e+00 	 9.2930963483e-05
6800 	 6970 	 2.6343355845e+00 	 7.3206298306e-05
6900 	 7074 	 2.6343348802e+00 	 1.9545423160e-04
7000 	 7175 	 2.6343342619e+00 	 9.7789592973e-05
7100 	 7279 	 2.6343337727e+00 	 8.5434936823e-05
7200 	 7382 	 2.6343332476e+00 	 6.7158474168e-05
7300 	 7484 	 2.6343327807e+00 	 6.8854921854e-05
7400 	 7587 	 2.6343323128e+00 	 1.3671286030e-04
7500 	 7690 	 2.6343318921e+00 	 1.1803157243e-04
7600 	 7791 	 2.6343315599e+00 	 8.7444960978e-05
7700 	 7894 	 2.6343312461e+00 	 1.1123585421e-04
7800 	 7996 	 2.6343309952e+00 	 4.9661919449e-05
7900 	 8098 	 2.6343308307e+00 	 4.4147060225e-05
8000 	 8201 	 2.6343307140e+00 	 3.5283339819e-05
8100 	 8305 	 2.6343306209e+00 	 4.8683072456e-05
8200 	 8407 	 2.6343305325e+00 	 3.6808104006e-05
8300 	 8513 	 2.6343304360e+00 	 3.3749471765e-05
8400 	 8614 	 2.6343303429e+00 	 2.7351930744e-05
8500 	 8716 	 2.6343302671e+00 	 2.8845640369e-05
8600 	 8819 	 2.6343301901e+00 	 3.0004020166e-05
8700 	 8922 	 2.6343301117e+00 	 3.1506914404e-05
8800 	 9025 	 2.6343300270e+00 	 8.1516667351e-05
8900 	 9129 	 2.6343299415e+00 	 2.4587564137e-05
9000 	 9233 	 2.6343298484e+00 	 3.5411376636e-05
9100 	 9336 	 2.6343297505e+00 	 2.5007282246e-05
9200 	 9439 	 2.6343296818e+00 	 3.6435141947e-05
9300 	 9542 	 2.6343296041e+00 	 2.9887093758e-05
9400 	 9646 	 2.6343295169e+00 	 2.4785435956e-05
9500 	 9747 	 2.6343294312e+00 	 2.5391963662e-05
9600 	 9852 	 2.6343293525e+00 	 3.7833079165e-05
9700 	 9956 	 2.6343292699e+00 	 3.0006209327e-05
9800 	 10059 	 2.6343291917e+00 	 2.6801835017e-05
9900 	 10161 	 2.6343291341e+00 	 7.2228542976e-05
10000 	 10264 	 2.6343290860e+00 	 1.8175420066e-05
10100 	 10365 	 2.6343290492e+00 	 2.0577492843e-05
10200 	 10468 	 2.6343290241e+00 	 2.3181930875e-05
10300 	 10573 	 2.6343290032e+00 	 1.3919111391e-05
10400 	 10676 	 2.6343289836e+00 	 1.6039720997e-05
10500 	 10780 	 2.6343289651e+00 	 1.3365692333e-05
10600 	 10880 	 2.6343289507e+00 	 1.8068130488e-05
10700 	 10982 	 2.6343289394e+00 	 1.2237838787e-05
10800 	 11085 	 2.6343289297e+00 	 1.1607431527e-05
10900 	 11186 	 2.6343289211e+00 	 9.5163077693e-06
11000 	 11288 	 2.6343289128e+00 	 1.1588159904e-05
11100 	 11390 	 2.6343289029e+00 	 1.1187266400e-05
11200 	 11492 	 2.6343288944e+00 	 1.9902631591e-05
11300 	 11595 	 2.6343288844e+00 	 1.2365405775e-05
11400 	 11699 	 2.6343288737e+00 	 1.3052870592e-05
11500 	 11800 	 2.6343288616e+00 	 2.3216162306e-05
11600 	 11901 	 2.6343288504e+00 	 1.1263004839e-05
11700 	 12002 	 2.6343288411e+00 	 1.1995309793e-05
11800 	 12103 	 2.6343288323e+00 	 9.6246786031e-06
11900 	 12206 	 2.6343288243e+00 	 1.1588899500e-05
12000 	 12308 	 2.6343288175e+00 	 9.5511017796e-06
12100 	 12410 	 2.6343288098e+00 	 1.0729713997e-05
12200 	 12512 	 2.6343288023e+00 	 6.7822740567e-06
12300 	 12613 	 2.6343287942e+00 	 7.0957072438e-06
12400 	 12715 	 2.6343287858e+00 	 1.1648228024e-05
12500 	 12815 	 2.6343287781e+00 	 8.8376722071e-06
12600 	 12919 	 2.6343287718e+00 	 8.5788357037e-06
12700 	 13021 	 2.6343287651e+00 	 9.7519576978e-06
12800 	 13124 	 2.6343287591e+00 	 7.7121527458e-06
12900 	 13226 	 2.6343287549e+00 	 2.0472116401e-05
13000 	 13330 	 2.6343287503e+00 	 5.9227478251e-06
13100 	 13434 	 2.6343287457e+00 	 8.0070175539e-06
13200 	 13535 	 2.6343287423e+00 	 9.0415971745e-06
13300 	 13638 	 2.6343287393e+00 	 6.1308680077e-06
13400 	 13740 	 2.6343287364e+00 	 4.6226031983e-06
13500 	 13842 	 2.6343287339e+00 	 5.0660999780e-06
13600 	 13946 	 2.6343287313e+00 	 1.0480818636e-05
13700 	 14050 	 2.6343287284e+00 	 9.7116824853e-06
13800 	 14154 	 2.6343287263e+00 	 4.2633920546e-06
13900 	 14255 	 2.6343287247e+00 	 4.5471264924e-06
14000 	 14360 	 2.6343287234e+00 	 4.0793824308e-06
14100 	 14462 	 2.6343287218e+00 	 4.4176639817e-06
14200 	 14563 	 2.6343287198e+00 	 3.5000849171e-06
14300 	 14665 	 2.6343287178e+00 	 7.6992495885e-06
14400 	 14767 	 2.6343287159e+00 	 2.8586270444e-06
14500 	 14871 	 2.6343287142e+00 	 7.1854329513e-06
14600 	 14972 	 2.6343287122e+00 	 7.1767416836e-06
14700 	 15076 	 2.6343287105e+00 	 4.8664384935e-06
14800 	 15180 	 2.6343287091e+00 	 4.7888004095e-06
14900 	 15282 	 2.6343287081e+00 	 4.5808622253e-06
15000 	 15384 	 2.6343287075e+00 	 2.7328900165e-06
15100 	 15487 	 2.6343287069e+00 	 1.8609573580e-06
15200 	 15589 	 2.6343287062e+00 	 4.3082014392e-06
15300 	 15691 	 2.6343287056e+00 	 3.1571687418e-06
15400 	 15794 	 2.6343287050e+00 	 2.3051902250e-06
15500 	 15898 	 2.6343287043e+00 	 3.3767215983e-06
15600 	 16001 	 2.6343287037e+00 	 4.9217082890e-06
15700 	 16105 	 2.6343287031e+00 	 2.5192899848e-06
15800 	 16210 	 2.6343287026e+00 	 4.3126807216e-06
15900 	 16312 	 2.6343287022e+00 	 2.0984032112e-06
16000 	 16413 	 2.6343287018e+00 	 1.9385456939e-06
16100 	 16515 	 2.6343287014e+00 	 1.5425005841e-06
16200 	 16616 	 2.6343287011e+00 	 1.7218306993e-06
16300 	 16719 	 2.6343287008e+00 	 1.8085923407e-06
16400 	 16823 	 2.6343287006e+00 	 1.7544726836e-06
16500 	 16926 	 2.6343287003e+00 	 1.9349381964e-06
16600 	 17030 	 2.6343287001e+00 	 1.5509119623e-06
16700 	 17132 	 2.6343287000e+00 	 1.1833308020e-06
16800 	 17236 	 2.6343286998e+00 	 1.4561759708e-06
16900 	 17339 	 2.6343286997e+00 	 1.0332669440e-06
17000 	 17441 	 2.6343286996e+00 	 1.7403827136e-06
17100 	 17547 	 2.6343286994e+00 	 1.3323008016e-06
17200 	 17652 	 2.6343286992e+00 	 2.5780335119e-06
17300 	 17753 	 2.6343286990e+00 	 1.6718967274e-06
17400 	 17858 	 2.6343286989e+00 	 1.3850829472e-06
17500 	 17961 	 2.6343286988e+00 	 7.6006107790e-07
17600 	 18062 	 2.6343286987e+00 	 8.1569638596e-07
17700 	 18165 	 2.6343286986e+00 	 1.8654795462e-06
17800 	 18269 	 2.6343286986e+00 	 4.8914569229e-07
17900 	 18371 	 2.6343286986e+00 	 6.5288387829e-07
18000 	 18474 	 2.6343286985e+00 	 1.3285314144e-06
18100 	 18576 	 2.6343286985e+00 	 4.4430393204e-07
18200 	 18680 	 2.6343286985e+00 	 1.0007977070e-06
18300 	 18783 	 2.6343286984e+00 	 9.8747368211e-07
18400 	 18884 	 2.6343286984e+00 	 6.3775137839e-07
18500 	 18987 	 2.6343286983e+00 	 8.2216112571e-07
18600 	 19089 	 2.6343286983e+00 	 9.0979508491e-07
18700 	 19192 	 2.6343286982e+00 	 8.2174169937e-07
18800 	 19293 	 2.6343286981e+00 	 7.1681719031e-07
18900 	 19396 	 2.6343286981e+00 	 7.0124858802e-07
19000 	 19498 	 2.6343286980e+00 	 1.0511476497e-06
19100 	 19599 	 2.6343286980e+00 	 5.7388857612e-07
19200 	 19702 	 2.6343286979e+00 	 8.1591773486e-07
19300 	 19807 	 2.6343286979e+00 	 6.7627747819e-07
19400 	 19910 	 2.6343286978e+00 	 4.7212769883e-07
19500 	 20013 	 2.6343286978e+00 	 5.8687318550e-07
19600 	 20115 	 2.6343286978e+00 	 6.1941065858e-07
19700 	 20218 	 2.6343286978e+00 	 4.5167572357e-07
19800 	 20324 	 2.6343286977e+00 	 5.1654296156e-07
19900 	 20425 	 2.6343286977e+00 	 2.6414977042e-07
20000 	 20527 	 2.6343286977e+00 	 2.6099978236e-07
20100 	 20630 	 2.6343286977e+00 	 3.4850931642e-07
20200 	 20732 	 2.6343286977e+00 	 2.7923309994e-07
20300 	 20833 	 2.6343286977e+00 	 2.4231559242e-07
20400 	 20935 	 2.6343286977e+00 	 2.4542165117e-07
20500 	 21037 	 2.6343286977e+00 	 4.2684490454e-07
20600 	 21140 	 2.6343286977e+00 	 2.7176364560e-07
20700 	 21243 	 2.6343286977e+00 	 3.0293359125e-07
20800 	 21347 	 2.6343286977e+00 	 3.7569896843e-07
20900 	 21450 	 2.6343286976e+00 	 4.3496563113e-07
21000 	 21551 	 2.6343286976e+00 	 3.5640539150e-07
21100 	 21655 	 2.6343286976e+00 	 3.4019816255e-07
21200 	 21758 	 2.6343286976e+00 	 3.5862044861e-07
21300 	 21861 	 2.6343286976e+00 	 2.9707166119e-07
21400 	 21963 	 2.6343286976e+00 	 2.1628103123e-07
21500 	 22066 	 2.6343286976e+00 	 2.9450987817e-07
21600 	 22167 	 2.6343286976e+00 	 1.9398028288e-07
21700 	 22269 	 2.6343286976e+00 	 2.5849043999e-07
21800 	 22371 	 2.6343286976e+00 	 3.7083884864e-07
21900 	 22472 	 2.6343286976e+00 	 2.0963763931e-07
22000 	 22576 	 2.6343286976e+00 	 2.0103887338e-07
22100 	 22679 	 2.6343286976e+00 	 1.4315900361e-07
22200 	 22785 	 2.6343286976e+00 	 2.0840918467e-07
22300 	 22890 	 2.6343286976e+00 	 1.5905356257e-07
22400 	 22998 	 2.6343286976e+00 	 2.1813520330e-07
22500 	 23104 	 2.6343286976e+00 	 2.6293278056e-07
22600 	 23215 	 2.6343286976e+00 	 1.4421587872e-07
22700 	 23319 	 2.6343286976e+00 	 2.3973763035e-07
22800 	 23426 	 2.6343286975e+00 	 1.2097532794e-07
22900 	 23530 	 2.6343286975e+00 	 1.2692065426e-07
23000 	 23641 	 2.6343286975e+00 	 1.5470992825e-07
23100 	 23751 	 2.6343286975e+00 	 1.0863615185e-07
23200 	 23861 	 2.6343286975e+00 	 2.1776408111e-07
23300 	 23968 	 2.6343286975e+00 	 1.4070115562e-07
23400 	 24074 	 2.6343286975e+00 	 3.0639042172e-07
23500 	 24182 	 2.6343286975e+00 	 1.4342419488e-07
23600 	 24289 	 2.6343286975e+00 	 1.6048265023e-07
23700 	 24395 	 2.6343286975e+00 	 1.5959162157e-07
23800 	 24497 	 2.6343286975e+00 	 1.3928089367e-07
23900 	 24602 	 2.6343286975e+00 	 2.2827682985e-07
24000 	 24713 	 2.6343286975e+00 	 1.5698136571e-07
24100 	 24823 	 2.6343286975e+00 	 7.8939019756e-08
24200 	 24931 	 2.6343286975e+00 	 1.3535936917e-07
24300 	 25045 	 2.6343286975e+00 	 7.2086803551e-08
24400 	 25160 	 2.6343286975e+00 	 9.7616254773e-08
24500 	 25276 	 2.6343286975e+00 	 5.3125822141e-08
24600 	 25391 	 2.6343286975e+00 	 5.9082039759e-08
24700 	 25505 	 2.6343286975e+00 	 2.4664522938e-08
# ---- 
 1 		 24710 	 25530 		 3.1713945337e+00 	 2.6343286975e+00 	 1.0877326551e-07
# ---- 
100 	 106 	 6.0597307097e+00 	 1.3595630311e-02
200 	 207 	 6.0505452709e+00 	 1.0204916369e-02
300 	 309 	 6.0466157107e+00 	 8.0888230927e-03
400 	 410 	 6.0437165671e+00 	 5.1935270140e-03
500 	 510 	 6.0418032549e+00 	 5.2402313223e-03
600 	 613 	 6.0405858561e+00 	 3.9164156468e-03
700 	 714 	 6.0395957716e+00 	 7.6261400604e-03
800 	 816 	 6.0388349430e+00 	 2.4754605099e-03
900 	 920 	 6.0381245165e+00 	 2.4066392076e-03
1000 	 1021 	 6.0374826113e+00 	 2.6992195958e-03
1100 	 1124 	 6.0368961453e+00 	 3.8966204726e-03
1200 	 1226 	 6.0364577146e+00 	 1.9149900600e-03
1300 	 1327 	 6.0361551242e+00 	 2.1977756564e-03
1400 	 1429 	 6.0359639102e+00 	 1.4319062013e-03
1500 	 1531 	 6.0358124632e+00 	 1.0831259350e-03
1600 	 1633 	 6.0356550701e+00 	 1.3602322238e-03
1700 	 1735 	 6.0354910054e+00 	 1.7662784007e-03
1800 	 1836 	 6.0353468833e+00 	 1.8987664660e-03
1900 	 1938 	 6.0352434628e+00 	 1.1759767155e-03
2000 	 2041 	 6.0351640711e+00 	 1.0155973118e-03
2100 	 2141 	 6.0350911144e+00 	 2.3411913302e-03
2200 	 2243 	 6.0350210347e+00 	 8.5201037294e-04
2300 	 2345 	 6.0349532392e+00 	 9.5193158915e-04
2400 	 2448 	 6.0348989768e+00 	 7.1643023339e-04
2500 	 2552 	 6.0348522496e+00 	 1.1521019401e-03
2600 	 2653 	 6.0348087465e+00 	 8.7784256129e-04
2700 	 2756 	 6.0347696788e+00 	 2.6473488020e-03
2800 	 2857 	 6.0347348795e+00 	 7.9980234043e-04
2900 	 2960 	 6.0347082497e+00 	 6.3432835005e-04
3000 	 3063 	 6.0346896362e+00 	 6.0599452012e-04
3100 	 3167 	 6.0346754459e+00 	 8.5107574050e-04
3200 	 3269 	 6.0346647569e+00 	 2.7296173902e-04
3300 	 3370 	 6.0346535332e+00 	 3.8354827334e-04
3400 	 3475 	 6.0346418039e+00 	 3.5885580185e-04
3500 	 3579 	 6.0346312436e+00 	 3.0381052409e-04
3600 	 3681 	 6.0346231895e+00 	 2.8514560518e-04
3700 	 3781 	 6.0346159942e+00 	 2.8187990802e-04
3800 	 3885 	 6.0346109784e+00 	 2.0229725605e-04
3900 	 3986 	 6.0346070191e+00 	 2.3174259148e-04
4000 	 4088 	 6.0346044337e+00 	 1.6879977879e-04
4100 	 4191 	 6.0346023561e+00 	 1.4416835358e-04
4200 	 4292 	 6.0346006154e+00 	 2.4533389606e-04
4300 	 4396 	 6.0345987639e+00 	 1.4516497909e-04
4400 	 4497 	 6.0345961340e+00 	 1.4158219096e-04
4500 	 4600 	 6.0345938522e+00 	 1.5153754851e-04
4600 	 4703 	 6.0345919234e+00 	 1.6287087022e-04
4700 	 4806 	 6.0345896072e+00 	 1.9288879036e-04
4800 	 4909 	 6.0345875817e+00 	 1.3599585884e-04
4900 	 5012 	 6.0345854519e+00 	 2.5342739448e-04
5000 	 5115 	 6.0345827085e+00 	 2.0777707001e-04
5100 	 5218 	 6.0345796268e+00 	 3.8422296246e-04
5200 	 5321 	 6.0345772691e+00 	 1.6457904268e-04
5300 	 5423 	 6.0345755638e+00 	 1.2165623868e-04
5400 	 5528 	 6.0345743942e+00 	 1.1698301742e-04
5500 	 5631 	 6.0345734121e+00 	 9.2516038330e-05
5600 	 5736 	 6.0345726320e+00 	 9.5168774190e-05
5700 	 5838 	 6.0345719571e+00 	 9.5144902609e-05
5800 	 5941 	 6.0345714341e+00 	 7.4038466085e-05
5900 	 6042 	 6.0345709715e+00 	 9.1459003724e-05
6000 	 6144 	 6.0345705849e+00 	 9.4646722487e-05
6100 	 6248 	 6.0345701396e+00 	 1.5552751914e-04
6200 	 6352 	 6.0345697464e+00 	 7.3304304994e-05
6300 	 6455 	 6.0345694495e+00 	 5.6618262109e-05
6400 	 6558 	 6.0345692261e+00 	 4.8522656379e-05
6500 	 6663 	 6.0345690163e+00 	 4.6017168977e-05
6600 	 6766 	 6.0345688580e+00 	 4.5668155923e-05
6700 	 6870 	 6.0345687452e+00 	 5.6914027470e-05
6800 	 6973 	 6.0345686407e+00 	 3.3649592959e-05
6900 	 7075 	 6.0345685321e+00 	 2.9764766387e-05
7000 	 7177 	 6.0345684296e+00 	 2.3679643787e-05
7100 	 7279 	 6.0345683365e+00 	 2.7525592254e-05
7200 	 7381 	 6.0345682781e+00 	 2.1886626435e-05
7300 	 7484 	 6.0345682217e+00 	 5.8620176372e-05
7400 	 7588 	 6.0345681620e+00 	 2.0831224901e-05
7500 	 7691 	 6.0345681055e+00 	 2.4415445729e-05
7600 	 7794 	 6.0345680610e+00 	 2.5417218500e-05
7700 	 7896 	 6.0345680271e+00 	 1.4104791457e-05
7800 	 7998 	 6.0345679963e+00 	 1.6200277292e-05
7900 	 8102 	 6.0345679648e+00 	 1.8614578163e-05
8000 	 8205 	 6.0345679269e+00 	 3.4033779750e-05
8100 	 8307 	 6.0345678920e+00 	 3.6428912002e-05
8200 	 8408 	 6.0345678522e+00 	 2.4341965675e-05
8300 	 8508 	 6.0345678132e+00 	 2.6366993033e-05
8400 	 8612 	 6.0345677815e+00 	 1.8555627589e-05
8500 	 8714 	 6.0345677540e+00 	 1.3949445096e-05
8600 	 8818 	 6.0345677306e+00 	 1.5028289199e-05
8700 	 8921 	 6.0345677062e+00 	 2.3149512227e-05
8800 	 9024 	 6.0345676820e+00 	 2.0698510042e-05
8900 	 9128 	 6.0345676613e+00 	 1.3611565931e-05
9000 	 9230 	 6.0345676355e+00 	 2.4851195564e-05
9100 	 9331 	 6.0345676140e+00 	 1.0592436819e-05
9200 	 9436 	 6.0345675932e+00 	 2.9957722276e-05
9300 	 9541 	 6.0345675749e+00 	 1.3501894787e-05
9400 	 9642 	 6.0345675596e+00 	 1.0208691311e-05
9500 	 9743 	 6.0345675476e+00 	 1.1432834523e-05
9600 	 9846 	 6.0345675381e+00 	 1.4329405721e-05
9700 	 9948 	 6.0345675275e+00 	 7.6683779574e-06
9800 	 10050 	 6.0345675203e+00 	 9.6537570903e-06
9900 	 10151 	 6.0345675137e+00 	 2.4589439282e-05
10000 	 10254 	 6.0345675082e+00 	 7.4761212255e-06
10100 	 10356 	 6.0345675031e+00 	 5.6348445978e-06
10200 	 10458 	 6.0345674973e+00 	 1.5192527591e-05
10300 	 10561 	 6.0345674925e+00 	 7.1557568250e-06
10400 	 10664 	 6.0345674886e+00 	 7.8315003819e-06
10500 	 10767 	 6.0345674853e+00 	 1.0278006374e-05
10600 	 10870 	 6.0345674825e+00 	 4.1741145440e-06
10700 	 10973 	 6.0345674797e+00 	 9.0288981329e-06
10800 	 11075 	 6.0345674756e+00 	 1.0596467470e-05
10900 	 11177 	 6.0345674712e+00 	 7.7336101519e-06
11000 	 11281 	 6.0345674674e+00 	 6.2530158378e-06
11100 	 11381 	 6.0345674645e+00 	 4.3592533915e-06
11200 	 11483 	 6.0345674603e+00 	 8.1125671006e-06
11300 	 11586 	 6.0345674560e+00 	 8.4699300976e-06
11400 	 11690 	 6.0345674517e+00 	 5.2373580017e-06
11500 	 11791 	 6.0345674481e+00 	 5.3085079753e-06
11600 	 11891 	 6.0345674448e+00 	 6.2677871103e-06
11700 	 11993 	 6.0345674415e+00 	 5.2179224002e-06
11800 	 12093 	 6.0345674393e+00 	 3.3942591913e-06
11900 	 12195 	 6.0345674379e+00 	 3.2356207848e-06
12000 	 12299 	 6.0345674368e+00 	 2.7706959270e-06
12100 	 12400 	 6.0345674359e+00 	 3.5549599780e-06
12200 	 12502 	 6.0345674350e+00 	 4.5626938855e-06
12300 	 12603 	 6.0345674343e+00 	 3.6273399698e-06
12400 	 12705 	 6.0345674338e+00 	 3.6935419289e-06
12500 	 12806 	 6.0345674334e+00 	 4.2509461998e-06
12600 	 12910 	 6.0345674330e+00 	 1.9438958579e-06
12700 	 13013 	 6.0345674325e+00 	 2.6107424723e-06
12800 	 13114 	 6.0345674321e+00 	 1.8119087412e-06
12900 	 13217 	 6.0345674318e+00 	 2.7608237924e-06
13000 	 13321 	 6.0345674315e+00 	 1.5545975575e-06
13100 	 13423 	 6.0345674311e+00 	 1.7497721951e-06
13200 	 13526 	 6.0345674308e+00 	 2.6896825313e-06
13300 	 13629 	 6.0345674305e+00 	 2.0468314535e-06
13400 	 13732 	 6.0345674302e+00 	 4.4098008081e-06
13500 	 13835 	 6.0345674300e+00 	 1.8721254216e-06
13600 	 13938 	 6.0345674298e+00 	 1.3507050443e-06
13700 	 14038 	 6.0345674296e+00 	 2.0546280488e-06
13800 	 14141 	 6.0345674295e+00 	 2.3316610922e-06
13900 	 14245 	 6.0345674295e+00 	 8.4193511925e-07
14000 	 14349 	 6.0345674294e+00 	 1.6074220927e-06
14100 	 14451 	 6.0345674293e+00 	 6.7446292452e-07
14200 	 14555 	 6.0345674293e+00 	 1.2600799286e-06
14300 	 14656 	 6.0345674292e+00 	 8.1514966524e-07
14400 	 14760 	 6.0345674292e+00 	 6.3071409362e-07
14500 	 14862 	 6.0345674291e+00 	 5.6483928177e-07
14600 	 14964 	 6.0345674291e+00 	 9.5713722164e-07
14700 	 15066 	 6.0345674291e+00 	 7.3321806218e-07
14800 	 15169 	 6.0345674290e+00 	 1.5829880029e-06
14900 	 15271 	 6.0345674289e+00 	 1.2705011175e-06
15000 	 15374 	 6.0345674289e+00 	 9.2220487153e-07
15100 	 15478 	 6.0345674288e+00 	 8.2377943646e-07
15200 	 15580 	 6.0345674288e+00 	 6.1210091547e-07
15300 	 15681 	 6.0345674287e+00 	 7.3066985170e-07
15400 	 15783 	 6.0345674287e+00 	 6.0838348590e-07
15500 	 15888 	 6.0345674287e+00 	 6.0689133077e-07
15600 	 15989 	 6.0345674286e+00 	 5.8318010412e-07
15700 	 16091 	 6.0345674286e+00 	 5.0853844334e-07
15800 	 16192 	 6.0345674285e+00 	 7.8679958540e-07
15900 	 16295 	 6.0345674285e+00 	 6.7426292384e-07
16000 	 16402 	 6.0345674285e+00 	 5.1646803181e-07
16100 	 16504 	 6.0345674285e+00 	 5.0168331140e-07
16200 	 16605 	 6.0345674284e+00 	 5.3968923105e-07
16300 	 16706 	 6.0345674284e+00 	 6.1825274525e-07
16400 	 16808 	 6.0345674284e+00 	 3.7954658592e-07
16500 	 16913 	 6.0345674284e+00 	 4.2546675499e-07
16600 	 17014 	 6.0345674284e+00 	 3.2826615061e-07
16700 	 17114 	 6.0345674284e+00 	 2.9329390215e-07
16800 	 17217 	 6.0345674284e+00 	 4.0609919821e-07
16900 	 17321 	 6.0345674283e+00 	 6.9557773638e-07
17000 	 17421 	 6.0345674283e+00 	 5.9478370398e-07
17100 	 17526 	 6.0345674283e+00 	 2.9996821354e-07
17200 	 17631 	 6.0345674283e+00 	 2.5614362480e-07
17300 	 17734 	 6.0345674283e+00 	 2.7876793832e-07
17400 	 17836 	 6.0345674283e+00 	 2.3004526949e-07
17500 	 17940 	 6.0345674283e+00 	 2.6009448059e-07
17600 	 18045 	 6.0345674283e+00 	 3.8743109174e-07
17700 	 18149 	 6.0345674283e+00 	 4.0096117326e-07
17800 	 18257 	 6.0345674283e+00 	 4.4997851364e-07
17900 	 18359 	 6.0345674283e+00 	 2.0769064284e-07
18000 	 18467 	 6.0345674283e+00 	 1.8344104411e-07
18100 	 18578 	 6.0345674283e+00 	 2.0588626923e-07
18200 	 18685 	 6.0345674283e+00 	 1.3656260768e-07
18300 	 18800 	 6.0345674283e+00 	 7.5698332927e-08
18400 	 18909 	 6.0345674283e+00 	 3.0406498338e-07
# ---- 
 1 		 18435 	 18958 		 6.5583291553e+00 	 6.0345674283e+00 	 1.1736689477e-07
# ---- 
100 	 102 	 1.0878921522e+01 	 1.4460748860e-02
200 	 203 	 1.0871504025e+01 	 1.7492045201e-02
300 	 306 	 1.0868097369e+01 	 9.9109116914e-03
400 	 408 	 1.0865878327e+01 	 4.7214777172e-03
500 	 510 	 1.0864452638e+01 	 4.6024443654e-03
600 	 613 	 1.0863433616e+01 	 2.7965147009e-03
700 	 715 	 1.0862724824e+01 	 3.1646990016e-03
800 	 817 	 1.0862110750e+01 	 3.5576871696e-03
900 	 918 	 1.0861519240e+01 	 3.3292705013e-03
1000 	 1021 	 1.0860984879e+01 	 2.5337725296e-03
1100 	 1123 	 1.0860497935e+01 	 1.7517740859e-03
1200 	 1228 	 1.0860148550e+01 	 2.1690286178e-03
1300 	 1328 	 1.0859931479e+01 	 1.3681844867e-03
1400 	 1428 	 1.0859786761e+01 	 1.1704569254e-03
1500 	 1528 	 1.0859651080e+01 	 2.4930310804e-03
1600 	 1629 	 1.0859496426e+01 	 2.8680097536e-03
1700 	 1733 	 1.0859347559e+01 	 1.3831745315e-03
1800 	 1834 	 1.0859238817e+01 	 1.0010842199e-03
1900 	 1937 	 1.0859162007e+01 	 2.4118519130e-03
2000 	 2040 	 1.0859100203e+01 	 7.5498602802e-04
2100 	 2141 	 1.0859044116e+01 	 9.1173511678e-04
2200 	 2244 	 1.0858994468e+01 	 7.9172646815e-04
2300 	 2346 	 1.0858949392e+01 	 1.1653201982e-03
2400 	 2449 	 1.0858912840e+01 	 1.7037021367e-03
2500 	 2550 	 1.0858881962e+01 	 5.3176824243e-04
2600 	 2654 	 1.0858860737e+01 	 4.6017217135e-04
2700 	 2754 	 1.0858840941e+01 	 1.7883698728e-03
2800 	 2858 	 1.0858823645e+01 	 6.6063297083e-04
2900 	 2963 	 1.0858809964e+01 	 3.7835155066e-04
3000 	 3065 	 1.0858798188e+01 	 4.9460144413e-04
3100 	 3169 	 1.0858788450e+01 	 7.3708359458e-04
3200 	 3272 	 1.0858778941e+01 	 3.0140476705e-04
3300 	 3373 	 1.0858771925e+01 	 2.9564308950e-04
3400 	 3476 	 1.0858765615e+01 	 2.7009422544e-04
3500 	 3577 	 1.0858761022e+01 	 2.5673216352e-04
3600 	 3679 	 1.0858757377e+01 	 2.0805831394e-04
3700 	 3782 	 1.0858754573e+01 	 1.8968523554e-04
3800 	 3885 	 1.0858752393e+01 	 1.5132854194e-04
3900 	 3986 	 1.0858750712e+01 	 1.2030374806e-04
4000 	 4087 	 1.0858749269e+01 	 2.4476363521e-04
4100 	 4191 	 1.0858748050e+01 	 1.0668098369e-04
4200 	 4293 	 1.0858746583e+01 	 2.5843360896e-04
4300 	 4395 	 1.0858745087e+01 	 1.3377657954e-04
4400 	 4497 	 1.0858743399e+01 	 2.0369784927e-04
4500 	 4599 	 1.0858741377e+01 	 2.0643228393e-04
4600 	 4702 	 1.0858739306e+01 	 1.2030019691e-04
4700 	 4805 	 1.0858737388e+01 	 1.1796651082e-04
4800 	 4908 	 1.0858735680e+01 	 2.4167516619e-04
4900 	 5009 	 1.0858734275e+01 	 1.5203495997e-04
5000 	 5112 	 1.0858733224e+01 	 9.4830217930e-05
5100 	 5213 	 1.0858732519e+01 	 8.2084040544e-05
5200 	 5318 	 1.0858731923e+01 	 6.1968384700e-05
5300 	 5420 	 1.0858731376e+01 	 1.3348970351e-04
5400 	 5522 	 1.0858730993e+01 	 1.0229177102e-04
5500 	 5624 	 1.0858730576e+01 	 7.7698261386e-05
5600 	 5725 	 1.0858730184e+01 	 1.4122949022e-04
5700 	 5829 	 1.0858729784e+01 	 6.6069953660e-05
5800 	 5929 	 1.0858729434e+01 	 6.6374949609e-05
5900 	 6031 	 1.0858729191e+01 	 7.5278533350e-05
6000 	 6133 	 1.0858728958e+01 	 5.0215756464e-05
6100 	 6234 	 1.0858728765e+01 	 4.6310847835e-05
6200 	 6334 	 1.0858728620e+01 	 4.0941266440e-05
6300 	 6436 	 1.0858728522e+01 	 3.4416234070e-05
6400 	 6540 	 1.0858728432e+01 	 2.8655841143e-05
6500 	 6641 	 1.0858728364e+01 	 2.5286755708e-05
6600 	 6742 	 1.0858728296e+01 	 3.1861571735e-05
6700 	 6844 	 1.0858728218e+01 	 3.0894931410e-05
6800 	 6949 	 1.0858728158e+01 	 4.0195607061e-05
6900 	 7050 	 1.0858728112e+01 	 1.9537737590e-05
7000 	 7151 	 1.0858728069e+01 	 3.9914337156e-05
7100 	 7252 	 1.0858728017e+01 	 3.8278311013e-05
7200 	 7355 	 1.0858727966e+01 	 3.9025755556e-05
7300 	 7459 	 1.0858727932e+01 	 2.1582294831e-05
7400 	 7561 	 1.0858727893e+01 	 1.8224140480e-05
7500 	 7662 	 1.0858727855e+01 	 2.2680522421e-05
7600 	 7763 	 1.0858727807e+01 	 3.0727084171e-05
7700 	 7865 	 1.0858727758e+01 	 6.4317314033e-05
7800 	 7968 	 1.0858727722e+01 	 2.4664223381e-05
7900 	 8069 	 1.0858727693e+01 	 1.6773610358e-05
8000 	 8172 	 1.0858727669e+01 	 1.8034312032e-05
8100 	 8274 	 1.0858727646e+01 	 3.9435309035e-05
8200 	 8379 	 1.0858727621e+01 	 1.6670420048e-05
8300 	 8482 	 1.0858727597e+01 	 1.5604658458e-05
8400 	 8585 	 1.0858727578e+01 	 1.4865585424e-05
8500 	 8688 	 1.0858727563e+01 	 1.1181049217e-05
8600 	 8790 	 1.0858727549e+01 	 1.0965227609e-05
8700 	 8891 	 1.0858727535e+01 	 1.9820610715e-05
8800 	 8992 	 1.0858727522e+01 	 3.0617112991e-05
8900 	 9092 	 1.0858727510e+01 	 1.2269178663e-05
9000 	 9192 	 1.0858727493e+01 	 1.8155739276e-05
9100 	 9293 	 1.0858727482e+01 	 1.0246247545e-05
9200 	 9396 	 1.0858727476e+01 	 7.5997517752e-06
9300 	 9498 	 1.0858727471e+01 	 7.8781467716e-06
9400 	 9601 	 1.0858727464e+01 	 1.0254399534e-05
9500 	 9705 	 1.0858727459e+01 	 1.4483160919e-05
9600 	 9806 	 1.0858727453e+01 	 7.3591315699e-06
9700 	 9907 	 1.0858727447e+01 	 6.4034469638e-06
9800 	 10011 	 1.0858727443e+01 	 1.5424431775e-05
9900 	 10112 	 1.0858727439e+01 	 7.8869422177e-06
10000 	 10215 	 1.0858727436e+01 	 5.9694580957e-06
10100 	 10316 	 1.0858727434e+01 	 5.3755610216e-06
10200 	 10418 	 1.0858727432e+01 	 6.5857609920e-06
10300 	 10520 	 1.0858727430e+01 	 1.7838944493e-05
10400 	 10623 	 1.0858727428e+01 	 4.2863158849e-06
10500 	 10725 	 1.0858727426e+01 	 7.3413556425e-06
10600 	 10827 	 1.0858727425e+01 	 3.0699828378e-06
10700 	 10930 	 1.0858727423e+01 	 5.8018085994e-06
10800 	 11031 	 1.0858727422e+01 	 3.9508187507e-06
10900 	 11134 	 1.0858727420e+01 	 3.7458921300e-06
11000 	 11235 	 1.0858727419e+01 	 3.5227289119e-06
11100 	 11336 	 1.0858727418e+01 	 4.7132035965e-06
11200 	 11438 	 1.0858727418e+01 	 3.4123336075e-06
11300 	 11541 	 1.0858727417e+01 	 2.0752570308e-06
11400 	 11644 	 1.0858727416e+01 	 2.5205244944e-06
11500 	 11747 	 1.0858727416e+01 	 3.6993629157e-06
11600 	 11851 	 1.0858727415e+01 	 2.3288554493e-06
11700 	 11954 	 1.0858727414e+01 	 3.5305844662e-06
11800 	 12056 	 1.0858727414e+01 	 3.0869125618e-06
11900 	 12156 	 1.0858727413e+01 	 2.6791503064e-06
12000 	 12257 	 1.0858727413e+01 	 2.3861874245e-06
12100 	 12358 	 1.0858727413e+01 	 2.4014919535e-06
12200 	 12462 	 1.0858727413e+01 	 2.2417175708e-06
12300 	 12563 	 1.0858727413e+01 	 1.0813102148e-06
12400 	 12666 	 1.0858727412e+01 	 1.4792664878e-06
12500 	 12767 	 1.0858727412e+01 	 1.3614665513e-06
12600 	 12871 	 1.0858727412e+01 	 1.6559050810e-06
12700 	 12975 	 1.0858727412e+01 	 2.1389586857e-06
12800 	 13079 	 1.0858727411e+01 	 1.5631304035e-06
12900 	 13183 	 1.0858727411e+01 	 1.5056316448e-06
13000 	 13285 	 1.0858727411e+01 	 1.0606478518e-06
13100 	 13386 	 1.0858727411e+01 	 1.0735863992e-06
13200 	 13488 	 1.0858727411e+01 	 1.1395141065e-06
13300 	 13589 	 1.0858727411e+01 	 9.8362670885e-07
13400 	 13693 	 1.0858727411e+01 	 9.1516973537e-07
13500 	 13797 	 1.0858727411e+01 	 7.1352194509e-07
13600 	 13901 	 1.0858727411e+01 	 5.8243182816e-07
13700 	 14004 	 1.0858727411e+01 	 2.0510754630e-06
13800 	 14109 	 1.0858727410e+01 	 6.1067315649e-07
13900 	 14209 	 1.0858727410e+01 	 6.3980647585e-07
14000 	 14311 	 1.0858727410e+01 	 1.4311469427e-06
14100 	 14414 	 1.0858727410e+01 	 5.9431187933e-07
14200 	 14516 	 1.0858727410e+01 	 5.4236617735e-07
14300 	 14619 	 1.0858727410e+01 	 7.4955380449e-07
14400 	 14722 	 1.0858727410e+01 	 5.2670845624e-07
14500 	 14825 	 1.0858727410e+01 	 6.3650006748e-07
14600 	 14927 	 1.0858727410e+01 	 8.7591608740e-07
14700 	 15031 	 1.0858727410e+01 	 8.0031721299e-07
14800 	 15134 	 1.0858727410e+01 	 5.3115474963e-07
14900 	 15238 	 1.0858727410e+01 	 4.7559748426e-07
15000 	 15344 	 1.0858727410e+01 	 3.1402508398e-07
15100 	 15446 	 1.0858727410e+01 	 3.1215077011e-07
15200 	 15554 	 1.0858727410e+01 	 2.5279192089e-07
15300 	 15661 	 1.0858727410e+01 	 4.4118601432e-07
15400 	 15767 	 1.0858727410e+01 	 7.4962057141e-07
15500 	 15871 	 1.0858727410e+01 	 3.4682528685e-07
15600 	 15991 	 1.0858727410e+01 	 1.3312807771e-07
# ---- 
 1 		 15690 	 16118 		 1.1376216238e+01 	 1.0858727410e+01 	 2.2853281386e-07
# ---- 
100 	 103 	 1.7136195910e+01 	 1.3450406797e-02
200 	 206 	 1.7129645765e+01 	 8.8995067236e-03
300 	 306 	 1.7126527136e+01 	 5.9265407334e-03
400 	 408 	 1.7124718016e+01 	 4.9998479380e-03
500 	 511 	 1.7123554149e+01 	 3.7649349937e-03
600 	 614 	 1.7122719164e+01 	 4.1692578474e-03
700 	 717 	 1.7122034035e+01 	 4.7070138877e-03
800 	 820 	 1.7121484179e+01 	 2.4832582786e-03
900 	 922 	 1.7120995967e+01 	 3.4917938591e-03
1000 	 1028 	 1.7120557366e+01 	 6.2403626499e-03
1100 	 1130 	 1.7120134403e+01 	 2.3377640564e-03
1200 	 1232 	 1.7119852103e+01 	 3.2621614621e-03
1300 	 1333 	 1.7119685894e+01 	 1.5502926821e-03
1400 	 1436 	 1.7119560370e+01 	 9.0350264807e-04
1500 	 1538 	 1.7119445245e+01 	 1.2823443701e-03
1600 	 1640 	 1.7119312589e+01 	 1.1011349938e-03
1700 	 1742 	 1.7119202258e+01 	 1.3491981696e-03
1800 	 1845 	 1.7119126581e+01 	 1.3480813808e-03
1900 	 1948 	 1.7119059637e+01 	 1.2090947438e-03
2000 	 2049 	 1.7118997420e+01 	 8.3847762971e-04
2100 	 2149 	 1.7118939635e+01 	 2.2558618667e-03
2200 	 2249 	 1.7118893027e+01 	 8.4265368882e-04
2300 	 2351 	 1.7118840665e+01 	 7.0300162736e-04
2400 	 2452 	 1.7118804636e+01 	 1.3504955561e-03
2500 	 2556 	 1.7118779084e+01 	 6.1474185056e-04
2600 	 2659 	 1.7118759967e+01 	 4.7777148717e-04
2700 	 2760 	 1.7118747137e+01 	 2.9634762947e-04
2800 	 2862 	 1.7118737367e+01 	 7.0958317222e-04
2900 	 2965 	 1.7118728221e+01 	 2.7179092441e-04
3000 	 3065 	 1.7118721069e+01 	 2.3832900163e-04
3100 	 3170 	 1.7118715466e+01 	 2.3915749870e-04
3200 	 3271 	 1.7118710544e+01 	 2.2612406464e-04
3300 	 3374 	 1.7118706825e+01 	 2.0695951452e-04
3400 	 3478 	 1.7118703867e+01 	 1.6251205293e-04
3500 	 3578 	 1.7118700964e+01 	 2.4954172969e-04
3600 	 3680 	 1.7118698902e+01 	 3.7808739846e-04
3700 	 3782 	 1.7118697000e+01 	 1.4088769841e-04
3800 	 3885 	 1.7118695705e+01 	 2.1577526983e-04
3900 	 3987 	 1.7118694299e+01 	 2.2188681950e-04
4000 	 4087 	 1.7118692381e+01 	 1.7741333666e-04
4100 	 4189 	 1.7118690237e+01 	 1.7798917133e-04
4200 	 4293 	 1.7118688560e+01 	 1.3468911967e-04
4300 	 4395 	 1.7118686938e+01 	 2.4117100410e-04
4400 	 4499 	 1.7118685717e+01 	 8.7241454891e-05
4500 	 4600 	 1.7118684706e+01 	 9.8736145019e-05
4600 	 4703 	 1.7118683538e+01 	 1.2743103188e-04
4700 	 4805 	 1.7118682370e+01 	 1.6549361333e-04
4800 	 4908 	 1.7118681567e+01 	 9.3906311242e-05
4900 	 5009 	 1.7118681041e+01 	 1.6374165641e-04
5000 	 5113 	 1.7118680541e+01 	 1.0082738129e-04
5100 	 5214 	 1.7118679967e+01 	 1.4008400539e-04
5200 	 5315 	 1.7118679520e+01 	 1.5514649675e-04
5300 	 5420 	 1.7118679141e+01 	 1.1681013730e-04
5400 	 5523 	 1.7118678811e+01 	 6.0413544390e-05
5500 	 5625 	 1.7118678511e+01 	 6.3370492531e-05
5600 	 5725 	 1.7118678275e+01 	 7.1178940143e-05
5700 	 5827 	 1.7118678083e+01 	 5.0368791720e-05
5800 	 5931 	 1.7118677919e+01 	 3.6820188462e-05
5900 	 6033 	 1.7118677776e+01 	 7.3370688613e-05
6000 	 6135 	 1.7118677642e+01 	 4.8841414328e-05
6100 	 6235 	 1.7118677513e+01 	 9.5640085551e-05
6200 	 6337 	 1.7118677423e+01 	 2.3697846744e-05
6300 	 6438 	 1.7118677360e+01 	 3.8632094671e-05
6400 	 6543 	 1.7118677305e+01 	 2.6253720356e-05
6500 	 6647 	 1.7118677255e+01 	 2.5458261456e-05
6600 	 6750 	 1.7118677212e+01 	 3.1202905646e-05
6700 	 6855 	 1.7118677143e+01 	 5.3518053880e-05
6800 	 6956 	 1.7118677074e+01 	 2.9324028612e-05
6900 	 7059 	 1.7118677026e+01 	 2.1110145050e-05
7000 	 7164 	 1.7118676983e+01 	 2.1751399265e-05
7100 	 7266 	 1.7118676947e+01 	 2.4460759894e-05
7200 	 7370 	 1.7118676911e+01 	 1.9958451764e-05
7300 	 7473 	 1.7118676877e+01 	 2.1165384041e-05
7400 	 7576 	 1.7118676845e+01 	 2.7658199217e-05
7500 	 7678 	 1.7118676820e+01 	 3.7869818191e-05
7600 	 7780 	 1.7118676800e+01 	 2.2827105048e-05
7700 	 7880 	 1.7118676783e+01 	 2.9173378311e-05
7800 	 7982 	 1.7118676760e+01 	 1.3859710894e-05
7900 	 8083 	 1.7118676738e+01 	 1.6563872947e-05
8000 	 8185 	 1.7118676722e+01 	 2.4497239187e-05
8100 	 8289 	 1.7118676706e+01 	 1.4906071760e-05
8200 	 8390 	 1.7118676687e+01 	 2.1737058888e-05
8300 	 8493 	 1.7118676670e+01 	 2.2122849357e-05
8400 	 8595 	 1.7118676657e+01 	 1.4187427515e-05
8500 	 8699 	 1.7118676646e+01 	 1.0687919609e-05
8600 	 8803 	 1.7118676634e+01 	 1.3967303970e-05
8700 	 8905 	 1.7118676628e+01 	 6.2053553191e-06
8800 	 9010 	 1.7118676624e+01 	 8.0659463403e-06
8900 	 9113 	 1.7118676622e+01 	 4.8718038014e-06
9000 	 9216 	 1.7118676620e+01 	 5.4895784380e-06
9100 	 9318 	 1.7118676617e+01 	 5.0620909331e-06
9200 	 9421 	 1.7118676615e+01 	 5.5931280184e-06
9300 	 9524 	 1.7118676613e+01 	 4.6566069481e-06
9400 	 9624 	 1.7118676610e+01 	 4.4214742606e-06
9500 	 9727 	 1.7118676609e+01 	 6.5426257259e-06
9600 	 9830 	 1.7118676607e+01 	 8.9695331301e-06
9700 	 9932 	 1.7118676605e+01 	 3.6381052252e-06
9800 	 10035 	 1.7118676604e+01 	 2.3352561223e-06
9900 	 10136 	 1.7118676603e+01 	 4.0112122468e-06
10000 	 10238 	 1.7118676603e+01 	 1.9242670491e-06
10100 	 10339 	 1.7118676602e+01 	 2.0246968495e-06
10200 	 10442 	 1.7118676602e+01 	 1.8079253467e-06
10300 	 10547 	 1.7118676601e+01 	 2.4219409314e-06
10400 	 10651 	 1.7118676601e+01 	 2.1805173084e-06
10500 	 10755 	 1.7118676601e+01 	 1.9137867729e-06
10600 	 10855 	 1.7118676600e+01 	 2.8038997143e-06
10700 	 10956 	 1.7118676600e+01 	 3.6791614327e-06
10800 	 11061 	 1.7118676599e+01 	 3.2660724740e-06
10900 	 11161 	 1.7118676598e+01 	 2.7333950716e-06
11000 	 11263 	 1.7118676598e+01 	 3.6960416416e-06
11100 	 11366 	 1.7118676597e+01 	 2.9325356991e-06
11200 	 11469 	 1.7118676597e+01 	 3.7052392056e-06
11300 	 11572 	 1.7118676597e+01 	 1.4581044183e-06
11400 	 11677 	 1.7118676596e+01 	 1.8716707898e-06
11500 	 11779 	 1.7118676596e+01 	 1.8803297199e-06
11600 	 11881 	 1.7118676596e+01 	 1.6839773478e-06
11700 	 11984 	 1.7118676596e+01 	 9.9000145238e-07
11800 	 12087 	 1.7118676596e+01 	 1.2175157193e-06
11900 	 12189 	 1.7118676596e+01 	 6.8281204281e-07
12000 	 12294 	 1.7118676596e+01 	 9.1662615829e-07
12100 	 12396 	 1.7118676596e+01 	 2.1945651612e-06
12200 	 12501 	 1.7118676596e+01 	 1.0696054232e-06
12300 	 12603 	 1.7118676596e+01 	 9.8633760664e-07
12400 	 12705 	 1.7118676596e+01 	 5.8604382829e-07
12500 	 12808 	 1.7118676596e+01 	 7.6064092422e-07
12600 	 12912 	 1.7118676596e+01 	 5.9496127523e-07
12700 	 13017 	 1.7118676596e+01 	 6.6390802252e-07
12800 	 13128 	 1.7118676595e+01 	 8.4521271933e-07
12900 	 13233 	 1.7118676595e+01 	 6.4069289418e-07
13000 	 13339 	 1.7118676595e+01 	 6.6543240488e-07
13100 	 13443 	 1.7118676595e+01 	 5.8804464976e-07
13200 	 13545 	 1.7118676595e+01 	 5.9686436546e-07
13300 	 13648 	 1.7118676595e+01 	 6.3175162873e-07
13400 	 13751 	 1.7118676595e+01 	 4.2093397577e-07
13500 	 13861 	 1.7118676595e+01 	 3.7063522127e-07
13600 	 13971 	 1.7118676595e+01 	 5.3477110658e-07
13700 	 14080 	 1.7118676595e+01 	 2.4812059461e-07
# ---- 
 1 		 13769 	 14178 		 1.7632529673e+01 	 1.7118676595e+01 	 3.7748189033e-07
# ---- 
100 	 103 	 2.4838508586e+01 	 2.5261384737e-02
200 	 205 	 2.4832457145e+01 	 9.7027623807e-03
300 	 308 	 2.4829519704e+01 	 5.9733517634e-03
400 	 411 	 2.4827899269e+01 	 7.3329463252e-03
500 	 514 	 2.4826839058e+01 	 5.0585573712e-03
600 	 614 	 2.4826136959e+01 	 4.0680707158e-03
700 	 717 	 2.4825547043e+01 	 2.8464651429e-03
800 	 819 	 2.4825047319e+01 	 2.5165020206e-03
900 	 920 	 2.4824602843e+01 	 2.6015469400e-03
1000 	 1024 	 2.4824183269e+01 	 3.3650620041e-03
1100 	 1125 	 2.4823843420e+01 	 4.0346983869e-03
1200 	 1229 	 2.4823599480e+01 	 2.3363087048e-03
1300 	 1329 	 2.4823432140e+01 	 1.4290004869e-03
1400 	 1431 	 2.4823298327e+01 	 1.7468476991e-03
1500 	 1532 	 2.4823146246e+01 	 1.2903795177e-03
1600 	 1632 	 2.4823038420e+01 	 1.1011016081e-03
1700 	 1736 	 2.4822964557e+01 	 1.7726539855e-03
1800 	 1837 	 2.4822904107e+01 	 1.0282798276e-03
1900 	 1939 	 2.4822853689e+01 	 7.0278917607e-04
2000 	 2041 	 2.4822811843e+01 	 1.0277525675e-03
2100 	 2143 	 2.4822772499e+01 	 6.2986575938e-04
2200 	 2245 	 2.4822739636e+01 	 5.9733696184e-04
2300 	 2347 	 2.4822709949e+01 	 6.3104544668e-04
2400 	 2449 	 2.4822679849e+01 	 6.6992171885e-04
2500 	 2551 	 2.4822661131e+01 	 5.9815722753e-04
2600 	 2654 	 2.4822641574e+01 	 4.2534798994e-04
2700 	 2755 	 2.4822627814e+01 	 3.8520712812e-04
2800 	 2859 	 2.4822616647e+01 	 3.1133664547e-04
2900 	 2961 	 2.4822609044e+01 	 2.1174132035e-04
3000 	 3062 	 2.4822603637e+01 	 2.4904052871e-04
3100 	 3164 	 2.4822600004e+01 	 1.9136432156e-04
3200 	 3267 	 2.4822597368e+01 	 1.5567519041e-04
3300 	 3368 	 2.4822595246e+01 	 1.3904907785e-04
3400 	 3469 	 2.4822592842e+01 	 1.6650873251e-04
3500 	 3569 	 2.4822590522e+01 	 1.7696743538e-04
3600 	 3670 	 2.4822588549e+01 	 1.5534505588e-04
3700 	 3773 	 2.4822586891e+01 	 1.4557070853e-04
3800 	 3874 	 2.4822585459e+01 	 2.1954198198e-04
3900 	 3976 	 2.4822584449e+01 	 9.5552707679e-05
4000 	 4079 	 2.4822583115e+01 	 1.3829374992e-04
4100 	 4184 	 2.4822581695e+01 	 1.1737404094e-04
4200 	 4287 	 2.4822580449e+01 	 1.1670453286e-04
4300 	 4392 	 2.4822579398e+01 	 2.0425738594e-04
4400 	 4493 	 2.4822578456e+01 	 8.7843161720e-05
4500 	 4594 	 2.4822577751e+01 	 9.8143845211e-05
4600 	 4697 	 2.4822577150e+01 	 6.0668438422e-05
4700 	 4801 	 2.4822576624e+01 	 5.9418174221e-05
4800 	 4904 	 2.4822576150e+01 	 8.6039823112e-05
4900 	 5007 	 2.4822575551e+01 	 1.4297255265e-04
5000 	 5110 	 2.4822575063e+01 	 6.6590501606e-05
5100 	 5214 	 2.4822574677e+01 	 5.5242067167e-05
5200 	 5318 	 2.4822574360e+01 	 8.6885812045e-05
5300 	 5423 	 2.4822574134e+01 	 5.5280572798e-05
5400 	 5525 	 2.4822573918e+01 	 7.9699176956e-05
5500 	 5628 	 2.4822573738e+01 	 5.8388120464e-05
5600 	 5731 	 2.4822573536e+01 	 4.8919566211e-05
5700 	 5833 	 2.4822573332e+01 	 5.3190052298e-05
5800 	 5936 	 2.4822573150e+01 	 3.6071426778e-05
5900 	 6038 	 2.4822573015e+01 	 3.9286038683e-05
6000 	 6140 	 2.4822572925e+01 	 3.0900789795e-05
6100 	 6244 	 2.4822572857e+01 	 3.2718082589e-05
6200 	 6347 	 2.4822572785e+01 	 2.7768055127e-05
6300 	 6452 	 2.4822572719e+01 	 2.7500586017e-05
6400 	 6555 	 2.4822572651e+01 	 2.6254358506e-05
6500 	 6661 	 2.4822572587e+01 	 2.4225355610e-05
6600 	 6765 	 2.4822572525e+01 	 2.3718238464e-05
6700 	 6869 	 2.4822572471e+01 	 3.8026489963e-05
6800 	 6974 	 2.4822572425e+01 	 2.6974985202e-05
6900 	 7078 	 2.4822572380e+01 	 2.5777994490e-05
7000 	 7181 	 2.4822572350e+01 	 1.5156917188e-05
7100 	 7282 	 2.4822572323e+01 	 1.8272161809e-05
7200 	 7384 	 2.4822572293e+01 	 1.5029650203e-05
7300 	 7485 	 2.4822572250e+01 	 2.4992563613e-05
7400 	 7587 	 2.4822572223e+01 	 1.5974427541e-05
7500 	 7690 	 2.4822572208e+01 	 1.4676765737e-05
7600 	 7792 	 2.4822572196e+01 	 1.3784348641e-05
7700 	 7893 	 2.4822572182e+01 	 1.4760229313e-05
7800 	 7995 	 2.4822572164e+01 	 1.5133199027e-05
7900 	 8096 	 2.4822572150e+01 	 1.0801119924e-05
8000 	 8199 	 2.4822572139e+01 	 9.0554144205e-06
8100 	 8302 	 2.4822572128e+01 	 2.6857659504e-05
8200 	 8405 	 2.4822572118e+01 	 1.6556619883e-05
8300 	 8509 	 2.4822572108e+01 	 1.0472448873e-05
8400 	 8611 	 2.4822572100e+01 	 6.8153853693e-06
8500 	 8714 	 2.4822572096e+01 	 1.0166569784e-05
8600 	 8815 	 2.4822572093e+01 	 7.7172332112e-06
8700 	 8917 	 2.4822572090e+01 	 5.6078260021e-06
8800 	 9017 	 2.4822572089e+01 	 4.7982696925e-06
8900 	 9118 	 2.4822572088e+01 	 3.6759677498e-06
9000 	 9222 	 2.4822572087e+01 	 4.0622679359e-06
9100 	 9326 	 2.4822572085e+01 	 5.1976363280e-06
9200 	 9430 	 2.4822572083e+01 	 7.3228281789e-06
9300 	 9533 	 2.4822572081e+01 	 5.5966102130e-06
9400 	 9635 	 2.4822572079e+01 	 6.5442517995e-06
9500 	 9736 	 2.4822572078e+01 	 4.9819470815e-06
9600 	 9839 	 2.4822572076e+01 	 5.0129400291e-06
9700 	 9942 	 2.4822572075e+01 	 6.6961665162e-06
9800 	 10044 	 2.4822572074e+01 	 3.5917728941e-06
9900 	 10148 	 2.4822572073e+01 	 4.1407749777e-06
10000 	 10249 	 2.4822572072e+01 	 2.9926708332e-06
10100 	 10351 	 2.4822572072e+01 	 2.3456870611e-06
10200 	 10453 	 2.4822572071e+01 	 3.8170778814e-06
10300 	 10554 	 2.4822572071e+01 	 1.7726098063e-06
10400 	 10656 	 2.4822572070e+01 	 3.1564878467e-06
10500 	 10762 	 2.4822572070e+01 	 2.0250871538e-06
10600 	 10866 	 2.4822572070e+01 	 2.1939603866e-06
10700 	 10969 	 2.4822572069e+01 	 2.3101828767e-06
10800 	 11069 	 2.4822572069e+01 	 1.7997331983e-06
10900 	 11172 	 2.4822572069e+01 	 2.7819657330e-06
11000 	 11276 	 2.4822572069e+01 	 1.2965953788e-06
11100 	 11379 	 2.4822572069e+01 	 2.2582815622e-06
11200 	 11483 	 2.4822572069e+01 	 1.9314909140e-06
11300 	 11584 	 2.4822572068e+01 	 2.1724447535e-06
11400 	 11687 	 2.4822572068e+01 	 8.8826795350e-07
11500 	 11789 	 2.4822572068e+01 	 8.6636722950e-07
11600 	 11891 	 2.4822572068e+01 	 1.4857179341e-06
11700 	 11994 	 2.4822572068e+01 	 1.2934934615e-06
11800 	 12098 	 2.4822572068e+01 	 1.0078456218e-06
11900 	 12202 	 2.4822572068e+01 	 9.5556425250e-07
12000 	 12305 	 2.4822572068e+01 	 6.9629901105e-07
12100 	 12407 	 2.4822572068e+01 	 8.9993619093e-07
12200 	 12509 	 2.4822572068e+01 	 7.8339812929e-07
12300 	 12613 	 2.4822572068e+01 	 5.3298970965e-07
12400 	 12715 	 2.4822572068e+01 	 8.7656708839e-07
12500 	 12817 	 2.4822572068e+01 	 7.0109821078e-07
12600 	 12920 	 2.4822572068e+01 	 8.3982233171e-07
12700 	 13025 	 2.4822572068e+01 	 5.6948371925e-07
12800 	 13131 	 2.4822572068e+01 	 5.0229708817e-07
12900 	 13242 	 2.4822572068e+01 	 2.6030461694e-07
13000 	 13351 	 2.4822572068e+01 	 4.8311105980e-07
100 	 102 	 7.2377484257e-01 	 2.2081127774e-02
200 	 202 	 7.0040665026e-01 	 2.5917052416e-02
300 	 304 	 6.8719257945e-01 	 1.3932653978e-02
400 	 405 	 6.7758070131e-01 	 1.6354744238e-02
500 	 507 	 6.6904981967e-01 	 1.2965486856e-02
600 	 609 	 6.6286124050e-01 	 1.0148180440e-02
700 	 711 	 6.5832752844e-01 	 1.2093894614e-02
800 	 814 	 6.5559987524e-01 	 5.6483567580e-03
900 	 916 	 6.5333782239e-01 	 5.7234979080e-03
1000 	 1018 	 6.5096501851e-01 	 9.4788529766e-03
1100 	 1121 	 6.4903670492e-01 	 5.9483146988e-03
1200 	 1223 	 6.4731345425e-01 	 6.7392974129e-03
1300 	 1326 	 6.4584022580e-01 	 9.7664770424e-03
1400 	 1430 	 6.4478260857e-01 	 2.5200519106e-03
1500 	 1535 	 6.4395148981e-01 	 9.6413747861e-03
1600 	 1637 	 6.4317294273e-01 	 3.6713820922e-03
1700 	 1739 	 6.4258343874e-01 	 6.9596409282e-03
1800 	 1842 	 6.4212340955e-01 	 2.4132440088e-03
1900 	 1946 	 6.4177978291e-01 	 1.7226099235e-03
2000 	 2049 	 6.4152036549e-01 	 3.9677724372e-03
2100 	 2151 	 6.4130224765e-01 	 1.5828851996e-03
2200 	 2253 	 6.4107713955e-01 	 1.5020121645e-03
2300 	 2355 	 6.4088754125e-01 	 2.8064263280e-03
2400 	 2456 	 6.4074201174e-01 	 2.0561524207e-03
2500 	 2560 	 6.4060814740e-01 	 1.9421487022e-03
2600 	 2663 	 6.4047519693e-01 	 1.3587531309e-03
2700 	 2767 	 6.4035407371e-01 	 1.2329245108e-03
2800 	 2868 	 6.4023967084e-01 	 1.1810789501e-03
2900 	 2973 	 6.4012078093e-01 	 9.8880122302e-04
3000 	 3076 	 6.4000883760e-01 	 1.0745050788e-03
3100 	 3179 	 6.3992038821e-01 	 1.8382835500e-03
3200 	 3282 	 6.3981901481e-01 	 8.5536051013e-04
3300 	 3385 	 6.3973081315e-01 	 1.5627793617e-03
3400 	 3489 	 6.3964483712e-01 	 7.9657771303e-04
3500 	 3592 	 6.3953365894e-01 	 1.2216706751e-03
3600 	 3697 	 6.3942314967e-01 	 9.9095843728e-04
3700 	 3801 	 6.3934852269e-01 	 9.8891544538e-04
3800 	 3902 	 6.3928217149e-01 	 1.7187587667e-03
3900 	 4004 	 6.3922936254e-01 	 7.3412858517e-04
4000 	 4107 	 6.3918275930e-01 	 8.0134600080e-04
4100 	 4208 	 6.3913981077e-01 	 1.1704428022e-03
4200 	 4311 	 6.3910083497e-01 	 9.3881013037e-04
4300 	 4414 	 6.3905955769e-01 	 6.6692048991e-04
4400 	 4516 	 6.3902345933e-01 	 1.4798806716e-03
4500 	 4619 	 6.3898817880e-01 	 1.3324035999e-03
4600 	 4719 	 6.3896037600e-01 	 5.5503042696e-04
4700 	 4822 	 6.3893627823e-01 	 5.3398522296e-04
4800 	 4925 	 6.3891030750e-01 	 4.9458620284e-04
4900 	 5028 	 6.3887919058e-01 	 6.8182508025e-04
5000 	 5132 	 6.3885236249e-01 	 9.8661344165e-04
5100 	 5237 	 6.3882076957e-01 	 1.1698302524e-03
5200 	 5341 	 6.3879381898e-01 	 4.4393808997e-04
5300 	 5442 	 6.3877681161e-01 	 9.6302405694e-04
5400 	 5544 	 6.3875897406e-01 	 7.9667610207e-04
5500 	 5648 	 6.3873823238e-01 	 9.7170064282e-04
5600 	 5750 	 6.3871512637e-01 	 4.9646329444e-04
5700 	 5853 	 6.3869741934e-01 	 1.2089828409e-03
5800 	 5958 	 6.3867738687e-01 	 5.2278359867e-04
5900 	 6061 	 6.3865391257e-01 	 5.5832239358e-04
6000 	 6165 	 6.3862657162e-01 	 7.3101437078e-04
6100 	 6268 	 6.3860039416e-01 	 5.1394959001e-04
6200 	 6369 	 6.3857726470e-01 	 5.8034838878e-04
6300 	 6471 	 6.3855705753e-01 	 5.4605510752e-04
6400 	 6573 	 6.3853598181e-01 	 8.5684824947e-04
6500 	 6676 	 6.3851584365e-01 	 5.9595038015e-04
6600 	 6777 	 6.3849833670e-01 	 4.8072364990e-04
6700 	 6881 	 6.3848667099e-01 	 5.8804557999e-04
6800 	 6983 	 6.3847722136e-01 	 3.7233902790e-04
6900 	 7085 	 6.3846661380e-01 	 5.9840462270e-04
7000 	 7187 	 6.3845486368e-01 	 9.3380369985e-04
7100 	 7290 	 6.3843983615e-01 	 5.3783115021e-04
7200 	 7393 	 6.3842258157e-01 	 3.5033145736e-04
7300 	 7496 	 6.3840959367e-01 	 1.0578616063e-03
7400 	 7597 	 6.3839779558e-01 	 3.5555058563e-04
7500 	 7698 	 6.3838586831e-01 	 8.8604468891e-04
7600 	 7802 	 6.3837451544e-01 	 3.5078806705e-04
7700 	 7905 	 6.3836329093e-01 	 3.3925116602e-04
7800 	 8007 	 6.3835175659e-01 	 3.7940714700e-04
7900 	 8108 	 6.3833995315e-01 	 3.6422552595e-04
8000 	 8208 	 6.3833321693e-01 	 5.9865597471e-04
8100 	 8311 	 6.3832796741e-01 	 2.0332994718e-04
8200 	 8412 	 6.3832402157e-01 	 5.7482179796e-04
8300 	 8513 	 6.3831967896e-01 	 2.1605889777e-04
8400 	 8614 	 6.3831556464e-01 	 4.1349332935e-04
8500 	 8718 	 6.3831161169e-01 	 1.7059786359e-04
8600 	 8821 	 6.3830851153e-01 	 2.1571659744e-04
8700 	 8921 	 6.3830579948e-01 	 1.5661883399e-04
8800 	 9026 	 6.3830320965e-01 	 1.5626870267e-04
8900 	 9127 	 6.3830118861e-01 	 1.7484360485e-04
9000 	 9229 	 6.3829936194e-01 	 2.0180149699e-04
9100 	 9332 	 6.3829764364e-01 	 2.2243913398e-04
9200 	 9436 	 6.3829546763e-01 	 1.2101397410e-04
9300 	 9537 	 6.3829357056e-01 	 3.3411900010e-04
9400 	 9639 	 6.3829102618e-01 	 2.9407544540e-04
9500 	 9741 	 6.3828749341e-01 	 2.2069651844e-04
9600 	 9844 	 6.3828381482e-01 	 4.7072458775e-04
9700 	 9946 	 6.3828097347e-01 	 2.4314107307e-04
9800 	 10048 	 6.3827846815e-01 	 1.2356101398e-04
9900 	 10154 	 6.3827596914e-01 	 4.0662319018e-04
10000 	 10256 	 6.3827358673e-01 	 2.5404460468e-04
10100 	 10358 	 6.3827136350e-01 	 1.3624279785e-04
10200 	 10461 	 6.3826956537e-01 	 1.2355157057e-04
10300 	 10565 	 6.3826837713e-01 	 9.5161011219e-05
10400 	 10665 	 6.3826744683e-01 	 1.7196111862e-04
10500 	 10769 	 6.3826670410e-01 	 9.2490552326e-05
10600 	 10871 	 6.3826600022e-01 	 1.4313248459e-04
10700 	 10973 	 6.3826521645e-01 	 1.0273363009e-04
10800 	 11076 	 6.3826425634e-01 	 1.2329813312e-04
10900 	 11176 	 6.3826302938e-01 	 8.7897753641e-05
11000 	 11278 	 6.3826185730e-01 	 1.6436233167e-04
11100 	 11384 	 6.3826056531e-01 	 1.1382090530e-04
11200 	 11489 	 6.3825923307e-01 	 1.2193325670e-04
11300 	 11591 	 6.3825799028e-01 	 9.4217415162e-05
11400 	 11693 	 6.3825705292e-01 	 8.8785728421e-05
11500 	 11796 	 6.3825622469e-01 	 8.1337787392e-05
11600 	 11899 	 6.3825527605e-01 	 2.7053676958e-04
11700 	 12000 	 6.3825437430e-01 	 8.3463945327e-05
11800 	 12104 	 6.3825339333e-01 	 1.6265745804e-04
11900 	 12205 	 6.3825231082e-01 	 9.7680347718e-05
12000 	 12307 	 6.3825133412e-01 	 1.0369777200e-04
12100 	 12409 	 6.3825046647e-01 	 8.3359672345e-05
12200 	 12512 	 6.3824967553e-01 	 1.2650463568e-04
12300 	 12616 	 6.3824910749e-01 	 6.5149015974e-05
12400 	 12720 	 6.3824858588e-01 	 1.1969172379e-04
12500 	 12821 	 6.3824813835e-01 	 8.8361169276e-05
12600 	 12924 	 6.3824772387e-01 	 5.4719284753e-05
12700 	 13026 	 6.3824733719e-01 	 9.9109499661e-05
12800 	 13129 	 6.3824693947e-01 	 6.1704955785e-05
12900 	 13232 	 6.3824661561e-01 	 6.7730089821e-05
13000 	 13334 	 6.3824634735e-01 	 7.4080020380e-05
13100 	 13438 	 6.3824614922e-01 	 4.7264274607e-05
13200 	 13542 	 6.3824596256e-01 	 4.4280285888e-05
13300 	 13644 	 6.3824574683e-01 	 6.8039744316e-05
13400 	 13747 	 6.3824555656e-01 	 3.2338859761e-05
13500 	 13849 	 6.3824536729e-01 	 6.8221869394e-05
13600 	 13951 	 6.3824514588e-01 	 4.7415029558e-05
13700 	 14056 	 6.3824488447e-01 	 7.2591349107e-05
13800 	 14157 	 6.3824462970e-01 	 3.9469888127e-05
13900 	 14260 	 6.3824439228e-01 	 3.8948736745e-05
14000 	 14363 	 6.3824415556e-01 	 4.7712557465e-05
14100 	 14465 	 6.3824395182e-01 	 7.8554000082e-05
14200 	 14567 	 6.3824373685e-01 	 4.7777430952e-05
14300 	 14670 	 6.3824354263e-01 	 6.3009264163e-05
14400 	 14773 	 6.3824339172e-01 	 4.1958369353e-05
14500 	 14875 	 6.3824323877e-01 	 4.3538086992e-05
14600 	 14977 	 6.3824306645e-01 	 3.1989772417e-05
14700 	 15080 	 6.3824290732e-01 	 6.1137434549e-05
14800 	 15183 	 6.3824275486e-01 	 4.1016009228e-05
14900 	 15283 	 6.3824259340e-01 	 3.3183099117e-05
15000 	 15387 	 6.3824244713e-01 	 3.9677218046e-05
15100 	 15490 	 6.3824229463e-01 	 4.3181488842e-05
15200 	 15592 	 6.3824216453e-01 	 5.8826588690e-05
15300 	 15693 	 6.3824206024e-01 	 2.4997467073e-05
15400 	 15796 	 6.3824197950e-01 	 4.9178956223e-05
15500 	 15897 	 6.3824187733e-01 	 3.7331544829e-05
15600 	 15999 	 6.3824176247e-01 	 3.2661084033e-05
15700 	 16101 	 6.3824165973e-01 	 3.6367292613e-05
15800 	 16202 	 6.3824156167e-01 	 2.7294974651e-05
15900 	 16306 	 6.3824144758e-01 	 5.8292098213e-05
16000 	 16407 	 6.3824133291e-01 	 5.2200603026e-05
16100 	 16509 	 6.3824124775e-01 	 9.3366341626e-05
16200 	 16613 	 6.3824114440e-01 	 3.4090854600e-05
16300 	 16716 	 6.3824099589e-01 	 3.8072776673e-05
16400 	 16817 	 6.3824083155e-01 	 4.0265874889e-05
16500 	 16919 	 6.3824069353e-01 	 2.9285024673e-05
16600 	 17019 	 6.3824058201e-01 	 8.3408239871e-05
16700 	 17123 	 6.3824049824e-01 	 3.8983978896e-05
16800 	 17225 	 6.3824042312e-01 	 1.9283488028e-05
16900 	 17330 	 6.3824036100e-01 	 6.9283097864e-05
17000 	 17433 	 6.3824029708e-01 	 3.5803012339e-05
17100 	 17534 	 6.3824022166e-01 	 3.6321788820e-05
17200 	 17638 	 6.3824013866e-01 	 3.4252948455e-05
17300 	 17741 	 6.3824007000e-01 	 3.3155591740e-05
17400 	 17842 	 6.3824001413e-01 	 2.7559160623e-05
17500 	 17947 	 6.3823996514e-01 	 2.3680452555e-05
17600 	 18049 	 6.3823992986e-01 	 3.9131002420e-05
17700 	 18152 	 6.3823990272e-01 	 1.6500848106e-05
17800 	 18253 	 6.3823987712e-01 	 1.5440777850e-05
17900 	 18359 	 6.3823985051e-01 	 1.4756240469e-05
18000 	 18461 	 6.3823982213e-01 	 1.8343900498e-05
18100 	 18563 	 6.3823978583e-01 	 2.3862265142e-05
18200 	 18665 	 6.3823975169e-01 	 1.6177247080e-05
18300 	 18767 	 6.3823971826e-01 	 1.6899974381e-05
18400 	 18870 	 6.3823969346e-01 	 1.1184771326e-05
18500 	 18971 	 6.3823967595e-01 	 1.0937321645e-05
18600 	 19073 	 6.3823966112e-01 	 2.0336841231e-05
18700 	 19175 	 6.3823964712e-01 	 1.2526703675e-05
18800 	 19277 	 6.3823963403e-01 	 3.2131603394e-05
18900 	 19379 	 6.3823961664e-01 	 1.2683971853e-05
19000 	 19482 	 6.3823959906e-01 	 2.5808879550e-05
19100 	 19584 	 6.3823958523e-01 	 9.3611874948e-06
19200 	 19687 	 6.3823957491e-01 	 1.1643799251e-05
19300 	 19791 	 6.3823956496e-01 	 1.0642853279e-05
19400 	 19891 	 6.3823955441e-01 	 1.1434286286e-05
19500 	 19993 	 6.3823954684e-01 	 6.1232097431e-06
19600 	 20095 	 6.3823954092e-01 	 6.4118091514e-06
19700 	 20197 	 6.3823953694e-01 	 5.1789164855e-06
19800 	 20301 	 6.3823953181e-01 	 1.2452723301e-05
19900 	 20404 	 6.3823952687e-01 	 1.0375725383e-05
20000 	 20506 	 6.3823952165e-01 	 5.7622751033e-06
20100 	 20609 	 6.3823951624e-01 	 7.7482749406e-06
20200 	 20710 	 6.3823951065e-01 	 9.9413803722e-06
20300 	 20814 	 6.3823950512e-01 	 1.0271579856e-05
20400 	 20916 	 6.3823949948e-01 	 7.9530213881e-06
20500 	 21018 	 6.3823949504e-01 	 1.8539124165e-05
20600 	 21122 	 6.3823949059e-01 	 9.5289847579e-06
20700 	 21225 	 6.3823948452e-01 	 1.6104880951e-05
20800 	 21327 	 6.3823947745e-01 	 7.0886568162e-06
20900 	 21429 	 6.3823947111e-01 	 1.0769661932e-05
21000 	 21531 	 6.3823946355e-01 	 9.1880144444e-06
21100 	 21633 	 6.3823945687e-01 	 6.9368323967e-06
21200 	 21735 	 6.3823945146e-01 	 8.6952474163e-06
21300 	 21839 	 6.3823944690e-01 	 5.0509725990e-06
21400 	 21943 	 6.3823944171e-01 	 7.4933646362e-06
21500 	 22045 	 6.3823943614e-01 	 7.9580796380e-06
21600 	 22149 	 6.3823942999e-01 	 8.9970686622e-06
21700 	 22253 	 6.3823942358e-01 	 7.6088824684e-06
21800 	 22357 	 6.3823941681e-01 	 1.2493675515e-05
21900 	 22459 	 6.3823940879e-01 	 8.2607910720e-06
22000 	 22561 	 6.3823940061e-01 	 1.0884229810e-05
22100 	 22665 	 6.3823939566e-01 	 5.9217811993e-06
22200 	 22767 	 6.3823939140e-01 	 1.2310287426e-05
22300 	 22867 	 6.3823938770e-01 	 5.7170792994e-06
22400 	 22969 	 6.3823938475e-01 	 9.2960334302e-06
22500 	 23071 	 6.3823938196e-01 	 9.7921806570e-06
22600 	 23175 	 6.3823937920e-01 	 7.9835054111e-06
22700 	 23276 	 6.3823937720e-01 	 4.1280006156e-06
22800 	 23377 	 6.3823937579e-01 	 4.3610789176e-06
22900 	 23480 	 6.3823937461e-01 	 5.1716367214e-06
23000 	 23581 	 6.3823937333e-01 	 3.1974855768e-06
23100 	 23682 	 6.3823937214e-01 	 3.4379406219e-06
23200 	 23785 	 6.3823937088e-01 	 3.2595734619e-06
23300 	 23887 	 6.3823936968e-01 	 3.4863498844e-06
23400 	 23988 	 6.3823936873e-01 	 6.8611098353e-06
23500 	 24091 	 6.3823936801e-01 	 2.3410242182e-06
23600 	 24193 	 6.3823936739e-01 	 2.7031593860e-06
23700 	 24293 	 6.3823936670e-01 	 2.2170866239e-06
23800 	 24395 	 6.3823936629e-01 	 1.8737063236e-06
23900 	 24498 	 6.3823936594e-01 	 1.8412436130e-06
24000 	 24599 	 6.3823936560e-01 	 2.2268157841e-06
24100 	 24701 	 6.3823936524e-01 	 1.8448546844e-06
24200 	 24805 	 6.3823936490e-01 	 1.6985051037e-06
24300 	 24909 	 6.3823936460e-01 	 1.4819959494e-06
24400 	 25012 	 6.3823936420e-01 	 1.8108973377e-06
24500 	 25114 	 6.3823936373e-01 	 2.6141800053e-06
24600 	 25218 	 6.3823936332e-01 	 2.6053575012e-06
24700 	 25321 	 6.3823936280e-01 	 4.4345031333e-06
24800 	 25423 	 6.3823936231e-01 	 4.6029464276e-06
24900 	 25527 	 6.3823936173e-01 	 4.8954029854e-06
25000 	 25631 	 6.3823936111e-01 	 3.1886879476e-06
25100 	 25733 	 6.3823936054e-01 	 2.2725006676e-06
25200 	 25833 	 6.3823936006e-01 	 5.4382378287e-06
25300 	 25935 	 6.3823935962e-01 	 2.1701942282e-06
25400 	 26038 	 6.3823935927e-01 	 2.2120749988e-06
25500 	 26140 	 6.3823935898e-01 	 1.6905792326e-06
25600 	 26242 	 6.3823935873e-01 	 1.7115482286e-06
25700 	 26346 	 6.3823935845e-01 	 1.4525296521e-06
25800 	 26449 	 6.3823935814e-01 	 1.3835128664e-06
25900 	 26554 	 6.3823935784e-01 	 1.6132419599e-06
26000 	 26657 	 6.3823935753e-01 	 1.7250405124e-06
26100 	 26757 	 6.3823935725e-01 	 1.5199597753e-06
26200 	 26860 	 6.3823935700e-01 	 2.1940089111e-06
26300 	 26961 	 6.3823935680e-01 	 1.6100454018e-06
26400 	 27064 	 6.3823935661e-01 	 2.2457030399e-06
26500 	 27166 	 6.3823935645e-01 	 2.9131463029e-06
26600 	 27269 	 6.3823935628e-01 	 2.2846298673e-06
26700 	 27371 	 6.3823935610e-01 	 3.9421454621e-06
26800 	 27471 	 6.3823935591e-01 	 1.1981075162e-06
26900 	 27571 	 6.3823935574e-01 	 1.1731186138e-06
27000 	 27674 	 6.3823935561e-01 	 1.8190394809e-06
27100 	 27775 	 6.3823935544e-01 	 1.0462769123e-06
27200 	 27877 	 6.3823935528e-01 	 1.8219730871e-06
27300 	 27979 	 6.3823935511e-01 	 1.3025226912e-06
27400 	 28082 	 6.3823935492e-01 	 1.5070575646e-06
27500 	 28185 	 6.3823935474e-01 	 1.2337907896e-06
27600 	 28286 	 6.3823935456e-01 	 1.3258520421e-06
27700 	 28387 	 6.3823935439e-01 	 1.2027906055e-06
27800 	 28490 	 6.3823935428e-01 	 1.0180950803e-06
27900 	 28594 	 6.3823935419e-01 	 9.7131827700e-07
28000 	 28697 	 6.3823935408e-01 	 9.5278142525e-07
28100 	 28801 	 6.3823935397e-01 	 9.2425326739e-07
28200 	 28903 	 6.3823935389e-01 	 1.3923494961e-06
28300 	 29007 	 6.3823935379e-01 	 9.8630278123e-07
28400 	 29110 	 6.3823935366e-01 	 1.4637997536e-06
28500 	 29211 	 6.3823935354e-01 	 1.4649560808e-06
28600 	 29315 	 6.3823935342e-01 	 1.4868511898e-06
28700 	 29419 	 6.3823935330e-01 	 8.0952792341e-07
28800 	 29521 	 6.3823935321e-01 	 8.3990266495e-07
28900 	 29624 	 6.3823935314e-01 	 8.8706703952e-07
29000 	 29729 	 6.3823935306e-01 	 1.1043856826e-06
29100 	 29832 	 6.3823935295e-01 	 1.1469048037e-06
29200 	 29933 	 6.3823935284e-01 	 1.6184204696e-06
29300 	 30035 	 6.3823935273e-01 	 1.0400826448e-06
29400 	 30139 	 6.3823935263e-01 	 8.4686541878e-07
29500 	 30243 	 6.3823935253e-01 	 1.0109753975e-06
29600 	 30345 	 6.3823935243e-01 	 1.8037452455e-06
29700 	 30446 	 6.3823935232e-01 	 1.7094383307e-06
29800 	 30547 	 6.3823935225e-01 	 9.0747262167e-07
29900 	 30651 	 6.3823935219e-01 	 7.7569158825e-07
30000 	 30751 	 6.3823935215e-01 	 6.7658939272e-07
30100 	 30853 	 6.3823935211e-01 	 2.0300326490e-06
30200 	 30954 	 6.3823935208e-01 	 4.3998576971e-07
30300 	 31057 	 6.3823935205e-01 	 1.2836590844e-06
30400 	 31162 	 6.3823935202e-01 	 8.5357380413e-07
30500 	 31264 	 6.3823935200e-01 	 4.8855983553e-07
30600 	 31369 	 6.3823935197e-01 	 6.2533851278e-07
30700 	 31471 	 6.3823935195e-01 	 5.2750110181e-07
30800 	 31575 	 6.3823935192e-01 	 4.8746880712e-07
30900 	 31677 	 6.3823935190e-01 	 4.8743191010e-07
31000 	 31781 	 6.3823935187e-01 	 4.8366116732e-07
31100 	 31885 	 6.3823935185e-01 	 3.9594338694e-07
31200 	 31988 	 6.3823935184e-01 	 3.8716174365e-07
31300 	 32090 	 6.3823935182e-01 	 5.8695041104e-07
31400 	 32191 	 6.3823935181e-01 	 2.7179449759e-07
31500 	 32294 	 6.3823935180e-01 	 3.8107229611e-07
31600 	 32396 	 6.3823935178e-01 	 3.9283236918e-07
31700 	 32498 	 6.3823935178e-01 	 7.9379602514e-07
31800 	 32599 	 6.3823935177e-01 	 5.0934546071e-07
31900 	 32702 	 6.3823935176e-01 	 3.0500096178e-07
32000 	 32805 	 6.3823935175e-01 	 2.5623143204e-07
32100 	 32908 	 6.3823935175e-01 	 3.4823941823e-07
32200 	 33009 	 6.3823935174e-01 	 3.2212476348e-07
32300 	 33111 	 6.3823935173e-01 	 5.2095350727e-07
32400 	 33215 	 6.3823935172e-01 	 2.6493964591e-07
32500 	 33318 	 6.3823935172e-01 	 4.5027244401e-07
32600 	 33420 	 6.3823935171e-01 	 3.7930382930e-07
32700 	 33524 	 6.3823935170e-01 	 2.8547385792e-07
32800 	 33626 	 6.3823935170e-01 	 2.9026510583e-07
32900 	 33729 	 6.3823935169e-01 	 4.6853042793e-07
33000 	 33833 	 6.3823935168e-01 	 7.5660027649e-07
33100 	 33935 	 6.3823935167e-01 	 7.6642834254e-07
33200 	 34038 	 6.3823935166e-01 	 2.9892603650e-07
33300 	 34141 	 6.3823935165e-01 	 5.3299295729e-07
33400 	 34243 	 6.3823935165e-01 	 5.8417703459e-07
33500 	 34346 	 6.3823935164e-01 	 2.3949893705e-07
33600 	 34450 	 6.3823935163e-01 	 2.0943580208e-07
33700 	 34554 	 6.3823935163e-01 	 3.9811472641e-07
33800 	 34658 	 6.3823935162e-01 	 1.7417646005e-07
33900 	 34760 	 6.3823935162e-01 	 2.5301493508e-07
34000 	 34862 	 6.3823935161e-01 	 2.9335223608e-07
34100 	 34964 	 6.3823935160e-01 	 3.3030060337e-07
34200 	 35065 	 6.3823935160e-01 	 2.7386102579e-07
34300 	 35169 	 6.3823935159e-01 	 2.7374040075e-07
34400 	 35271 	 6.3823935159e-01 	 1.9176424006e-07
34500 	 35373 	 6.3823935158e-01 	 3.0011632701e-07
34600 	 35475 	 6.3823935158e-01 	 1.4674040615e-07
34700 	 35579 	 6.3823935158e-01 	 1.2853996997e-07
34800 	 35679 	 6.3823935157e-01 	 1.5685701831e-07
34900 	 35782 	 6.3823935157e-01 	 2.3199468405e-07
35000 	 35885 	 6.3823935157e-01 	 1.1329966062e-07
35100 	 35988 	 6.3823935157e-01 	 9.8138188039e-08
35200 	 36089 	 6.3823935157e-01 	 1.5737121170e-07
35300 	 36190 	 6.3823935157e-01 	 1.1734125295e-07
35400 	 36293 	 6.3823935157e-01 	 8.7721399464e-08
35500 	 36398 	 6.3823935156e-01 	 1.2252054693e-07
35600 	 36500 	 6.3823935156e-01 	 1.5155836544e-07
35700 	 36604 	 6.3823935156e-01 	 2.2344026316e-07
35800 	 36707 	 6.3823935156e-01 	 1.6795243340e-07
35900 	 36812 	 6.3823935156e-01 	 1.8231401544e-07
36000 	 36914 	 6.3823935156e-01 	 1.1932493373e-07
36100 	 37019 	 6.3823935156e-01 	 1.0983744840e-07
36200 	 37123 	 6.3823935156e-01 	 1.7167884200e-07
36300 	 37229 	 6.3823935155e-01 	 1.3685312177e-07
36400 	 37332 	 6.3823935155e-01 	 9.3067145132e-08
36500 	 37436 	 6.3823935155e-01 	 1.4160379431e-07
36600 	 37539 	 6.3823935155e-01 	 1.0296866265e-07
36700 	 37641 	 6.3823935155e-01 	 9.3414453951e-08
36800 	 37745 	 6.3823935155e-01 	 8.8103250562e-08
36900 	 37853 	 6.3823935155e-01 	 4.2190987837e-08
37000 	 37962 	 6.3823935155e-01 	 4.7184379685e-08
37100 	 38076 	 6.3823935155e-01 	 6.8598660257e-08
37200 	 38185 	 6.3823935155e-01 	 5.2148911836e-08
37300 	 38292 	 6.3823935155e-01 	 6.9516166812e-08
37400 	 38404 	 6.3823935155e-01 	 5.2379268482e-08
37500 	 38523 	 6.3823935155e-01 	 6.3995652341e-08
37600 	 38631 	 6.3823935155e-01 	 1.4201162393e-07
37700 	 38735 	 6.3823935155e-01 	 9.1862870488e-08
37800 	 38839 	 6.3823935155e-01 	 7.6256735636e-08
37900 	 38942 	 6.3823935155e-01 	 8.2456401603e-08
38000 	 39044 	 6.3823935154e-01 	 1.2590745894e-07
38100 	 39145 	 6.3823935154e-01 	 2.3509243561e-07
38200 	 39250 	 6.3823935154e-01 	 1.4887698189e-07
38300 	 39354 	 6.3823935154e-01 	 1.6592046696e-07
38400 	 39454 	 6.3823935154e-01 	 3.2829024300e-07
38500 	 39562 	 6.3823935154e-01 	 2.0098250219e-07
38600 	 39663 	 6.3823935154e-01 	 1.6151988099e-07
38700 	 39765 	 6.3823935154e-01 	 2.6489770069e-07
38800 	 39868 	 6.3823935154e-01 	 6.3728559390e-08
38900 	 39988 	 6.3823935154e-01 	 7.0603708157e-08
39000 	 40101 	 6.3823935154e-01 	 5.6595727843e-08
39100 	 40206 	 6.3823935154e-01 	 5.9834243778e-08
39200 	 40322 	 6.3823935153e-01 	 4.2754201165e-08
39300 	 40431 	 6.3823935153e-01 	 5.6366137755e-08
39400 	 40539 	 6.3823935153e-01 	 7.1654330809e-08
39500 	 40656 	 6.3823935153e-01 	 3.5858677421e-08
39600 	 40785 	 6.3823935153e-01 	 2.4999462797e-08
# ---- 
 1 		 39643 	 40844 		 1.2268429004e+00 	 6.3823935153e-01 	 5.7521509683e-08
# ---- 
100 	 103 	 2.6708018936e+00 	 3.3126477820e-02
200 	 205 	 2.6576733504e+00 	 1.1680171055e-02
300 	 308 	 2.6520468327e+00 	 8.8620509688e-03
400 	 410 	 2.6478900834e+00 	 1.0364244590e-02
500 	 512 	 2.6447822040e+00 	 5.2682397821e-03
600 	 615 	 2.6430894581e+00 	 5.7970273392e-03
700 	 716 	 2.6417727511e+00 	 4.0869889605e-03
800 	 817 	 2.6407876159e+00 	 4.7798234881e-03
900 	 919 	 2.6398593376e+00 	 1.0479060270e-02
1000 	 1021 	 2.6387847364e+00 	 3.8940956969e-03
1100 	 1123 	 2.6379043865e+00 	 3.7491599763e-03
1200 	 1229 	 2.6372414180e+00 	 2.8175931735e-03
1300 	 1329 	 2.6367545342e+00 	 2.1997038679e-03
1400 	 1430 	 2.6364524807e+00 	 1.6061041071e-03
1500 	 1533 	 2.6362275847e+00 	 2.1508768959e-03
1600 	 1636 	 2.6360246734e+00 	 1.7430354770e-03
1700 	 1736 	 2.6358078598e+00 	 2.6952553447e-03
1800 	 1837 	 2.6356439937e+00 	 1.3853240796e-03
1900 	 1942 	 2.6354930719e+00 	 1.3732232758e-03
2000 	 2046 	 2.6353741373e+00 	 1.7638742035e-03
2100 	 2148 	 2.6352655634e+00 	 9.1017145528e-04
2200 	 2252 	 2.6351585011e+00 	 1.1660752543e-03
2300 	 2354 	 2.6350435111e+00 	 1.2001345610e-03
2400 	 2455 	 2.6349562974e+00 	 8.6177392683e-04
2500 	 2559 	 2.6348868320e+00 	 1.3620262223e-03
2600 	 2661 	 2.6348158227e+00 	 1.3713625056e-03
2700 	 2762 	 2.6347489712e+00 	 3.0430826500e-03
2800 	 2867 	 2.6346960932e+00 	 1.2300898192e-03
2900 	 2970 	 2.6346456802e+00 	 5.4152658843e-04
3000 	 3073 	 2.6346048306e+00 	 6.9331907788e-04
3100 	 3175 	 2.6345640972e+00 	 7.8322851146e-04
3200 	 3278 	 2.6345278813e+00 	 7.9474863548e-04
3300 	 3382 	 2.6344994591e+00 	 5.6752331063e-04
3400 	 3484 	 2.6344777482e+00 	 4.7225140930e-04
3500 	 3587 	 2.6344627957e+00 	 6.6914730663e-04
3600 	 3688 	 2.6344505717e+00 	 3.0204327962e-04
3700 	 3793 	 2.6344413901e+00 	 6.1251638108e-04
3800 	 3896 	 2.6344331272e+00 	 3.7225667857e-04
3900 	 3999 	 2.6344248411e+00 	 3.5050034536e-04
4000 	 4103 	 2.6344180092e+00 	 2.3722143368e-04
4100 	 4203 	 2.6344128334e+00 	 5.7888578091e-04
4200 	 4305 	 2.6344082666e+00 	 2.1250454699e-04
4300 	 4407 	 2.6344038002e+00 	 2.7062167032e-04
4400 	 4508 	 2.6343998327e+00 	 2.0127824764e-04
4500 	 4612 	 2.6343956371e+00 	 2.1208441369e-04
4600 	 4715 	 2.6343919368e+00 	 3.5201946946e-04
4700 	 4816 	 2.6343886427e+00 	 1.9839641242e-04
4800 	 4917 	 2.6343854473e+00 	 1.8638512529e-04
4900 	 5019 	 2.6343810792e+00 	 1.7399043774e-04
5000 	 5121 	 2.6343763548e+00 	 4.0315413641e-04
5100 	 5224 	 2.6343716841e+00 	 2.9663674673e-04
5200 	 5325 	 2.6343674988e+00 	 6.1005697260e-04
5300 	 5428 	 2.6343634247e+00 	 2.3195075317e-04
5400 	 5533 	 2.6343594348e+00 	 4.0955890220e-04
5500 	 5638 	 2.6343564237e+00 	 4.0038643739e-04
5600 	 5741 	 2.6343535999e+00 	 1.9938323221e-04
5700 	 5844 	 2.6343506464e+00 	 1.7536172414e-04
5800 	 5947 	 2.6343483141e+00 	 1.3827707982e-04
5900 	 6048 	 2.6343463829e+00 	 1.4420902883e-04
6000 	 6150 	 2.6343441212e+00 	 1.9957479405e-04
6100 	 6253 	 2.6343420092e+00 	 2.5284183218e-04
6200 	 6354 	 2.6343400354e+00 	 1.4929002372e-04
6300 	 6454 	 2.6343382283e+00 	 1.4556127587e-04
6400 	 6557 	 2.6343370065e+00 	 9.2975569230e-05
6500 	 6661 	 2.6343358693e+00 	 1.5588058652e-04
6600 	 6764 	 2.6343349216e+00 	 9.2383916346e-05
6700 	 6865 	 2.6343342927e+00 	 8.6561913078e-05
6800 	 6969 	 2.6343338080e+00 	 1.2753401129e-04
6900 	 7073 	 2.6343334621e+00 	 1.1020787273e-04
7000 	 7175 	 2.6343331617e+00 	 9.7465669093e-05
7100 	 7275 	 2.6343328205e+00 	 1.5973414108e-04
7200 	 7378 	 2.6343324781e+00 	 5.3245312661e-05
7300 	 7479 	 2.6343321887e+00 	 4.5741266479e-05
7400 	 7583 	 2.6343319353e+00 	 6.1092031780e-05
7500 	 7688 	 2.6343317466e+00 	 3.3337525021e-05
7600 	 7791 	 2.6343315849e+00 	 6.8252333113e-05
7700 	 7893 	 2.6343314153e+00 	 7.3592448877e-05
7800 	 7996 	 2.6343312375e+00 	 4.7114110024e-05
7900 	 8100 	 2.6343310488e+00 	 6.6104890713e-05
8000 	 8202 	 2.6343308666e+00 	 7.1717896177e-05
8100 	 8303 	 2.6343306739e+00 	 7.9337277362e-05
8200 	 8406 	 2.6343304885e+00 	 3.6412688208e-05
8300 	 8510 	 2.6343302995e+00 	 3.2315043121e-05
8400 	 8614 	 2.6343301761e+00 	 2.9773251375e-05
8500 	 8719 	 2.6343300950e+00 	 4.4106092657e-05
8600 	 8820 	 2.6343300268e+00 	 3.5236481973e-05
8700 	 8922 	 2.6343299703e+00 	 2.7582216349e-05
8800 	 9026 	 2.6343299077e+00 	 3.4355240072e-05
8900 	 9129 	 2.6343298328e+00 	 4.7245317433e-05
9000 	 9230 	 2.6343297598e+00 	 3.0589018210e-05
9100 	 9331 	 2.6343296947e+00 	 2.0640194861e-05
9200 	 9432 	 2.6343296286e+00 	 3.5232323224e-05
9300 	 9532 	 2.6343295639e+00 	 2.2878482354e-05
9400 	 9637 	 2.6343294991e+00 	 3.5119550161e-05
9500 	 9740 	 2.6343294049e+00 	 3.0197871642e-05
9600 	 9842 	 2.6343293195e+00 	 2.9284352907e-05
9700 	 9944 	 2.6343292562e+00 	 2.6950239078e-05
9800 	 10045 	 2.6343292060e+00 	 5.7487029006e-05
9900 	 10148 	 2.6343291611e+00 	 2.0185125284e-05
10000 	 10250 	 2.6343291220e+00 	 1.9857981250e-05
10100 	 10353 	 2.6343290891e+00 	 1.8398056354e-05
10200 	 10454 	 2.6343290589e+00 	 2.3924611484e-05
10300 	 10558 	 2.6343290341e+00 	 1.5125731134e-05
10400 	 10662 	 2.6343290105e+00 	 1.2551258527e-05
10500 	 10766 	 2.6343289843e+00 	 1.5432215198e-05
10600 	 10868 	 2.6343289622e+00 	 1.2932003615e-05
10700 	 10971 	 2.6343289426e+00 	 1.4575088707e-05
10800 	 11074 	 2.6343289268e+00 	 1.1372726055e-05
10900 	 11178 	 2.6343289133e+00 	 1.0128661060e-05
11000 	 11280 	 2.6343289015e+00 	 9.2839882853e-06
11100 	 11383 	 2.6343288905e+00 	 1.0672740089e-05
11200 	 11486 	 2.6343288780e+00 	 9.4329319572e-06
11300 	 11586 	 2.6343288644e+00 	 1.1213215521e-05
11400 	 11689 	 2.6343288526e+00 	 1.1127742265e-05
11500 	 11790 	 2.6343288410e+00 	 1.2637575025e-05
11600 	 11891 	 2.6343288275e+00 	 1.5023555837e-05
11700 	 11994 	 2.6343288173e+00 	 1.5126700476e-05
11800 	 12097 	 2.6343288087e+00 	 7.3224635685e-06
11900 	 12202 	 2.6343288034e+00 	 5.8067043870e-06
12000 	 12305 	 2.6343287999e+00 	 1.3148333500e-05
12100 	 12410 	 2.6343287961e+00 	 5.3040199131e-06
12200 	 12511 	 2.6343287908e+00 	 8.5818214485e-06
12300 	 12614 	 2.6343287853e+00 	 1.2473802669e-05
12400 	 12717 	 2.6343287809e+00 	 6.7920847641e-06
12500 	 12821 	 2.6343287764e+00 	 6.5350576467e-06
12600 	 12923 	 2.6343287721e+00 	 1.6298325110e-05
12700 	 13027 	 2.6343287690e+00 	 7.3883459083e-06
12800 	 13132 	 2.6343287659e+00 	 6.8329431002e-06
12900 	 13234 	 2.6343287622e+00 	 7.4281650727e-06
13000 	 13335 	 2.6343287577e+00 	 9.9271476161e-06
13100 	 13437 	 2.6343287522e+00 	 6.7748324579e-06
13200 	 13538 	 2.6343287470e+00 	 1.1284189413e-05
13300 	 13640 	 2.6343287416e+00 	 1.0487398095e-05
13400 	 13743 	 2.6343287364e+00 	 7.2084829475e-06
13500 	 13847 	 2.6343287323e+00 	 1.5635322298e-05
13600 	 13947 	 2.6343287289e+00 	 5.9445788223e-06
13700 	 14049 	 2.6343287252e+00 	 4.6999552549e-06
13800 	 14149 	 2.6343287214e+00 	 7.1853298678e-06
13900 	 14250 	 2.6343287184e+00 	 6.7790588710e-06
14000 	 14354 	 2.6343287161e+00 	 3.6478644005e-06
14100 	 14456 	 2.6343287139e+00 	 8.6979581356e-06
14200 	 14559 	 2.6343287114e+00 	 1.4104697633e-05
14300 	 14661 	 2.6343287094e+00 	 7.3074485969e-06
14400 	 14766 	 2.6343287080e+00 	 3.5755737028e-06
14500 	 14869 	 2.6343287069e+00 	 2.4732111866e-06
14600 	 14972 	 2.6343287061e+00 	 3.0303278410e-06
14700 	 15074 	 2.6343287053e+00 	 4.4779310698e-06
14800 	 15177 	 2.6343287048e+00 	 2.1914401928e-06
14900 	 15279 	 2.6343287044e+00 	 2.1993988395e-06
15000 	 15381 	 2.6343287042e+00 	 2.8420055595e-06
15100 	 15485 	 2.6343287040e+00 	 1.5273770611e-06
15200 	 15588 	 2.6343287037e+00 	 1.9896263279e-06
15300 	 15692 	 2.6343287034e+00 	 2.1446590212e-06
15400 	 15795 	 2.6343287031e+00 	 3.1123503750e-06
15500 	 15896 	 2.6343287028e+00 	 2.0426055144e-06
15600 	 15998 	 2.6343287025e+00 	 2.7264923212e-06
15700 	 16100 	 2.6343287021e+00 	 1.9261420645e-06
15800 	 16202 	 2.6343287018e+00 	 1.8462795543e-06
15900 	 16305 	 2.6343287015e+00 	 2.1311841353e-06
16000 	 16407 	 2.6343287013e+00 	 4.9206170259e-06
16100 	 16511 	 2.6343287010e+00 	 1.6159347143e-06
16200 	 16613 	 2.6343287008e+00 	 1.8229915736e-06
16300 	 16717 	 2.6343287006e+00 	 1.4831056729e-06
16400 	 16819 	 2.6343287004e+00 	 1.6230454782e-06
16500 	 16920 	 2.6343287002e+00 	 1.8910067602e-06
16600 	 17022 	 2.6343287001e+00 	 1.4420060433e-06
16700 	 17125 	 2.6343287000e+00 	 1.5633940697e-06
16800 	 17227 	 2.6343286998e+00 	 1.6452866631e-06
16900 	 17331 	 2.6343286996e+00 	 1.2916520761e-06
17000 	 17434 	 2.6343286994e+00 	 1.3790386229e-06
17100 	 17538 	 2.6343286992e+00 	 1.8907843204e-06
17200 	 17639 	 2.6343286990e+00 	 1.1918785205e-06
17300 	 17743 	 2.6343286989e+00 	 2.8947562085e-06
17400 	 17844 	 2.6343286987e+00 	 2.0995637956e-06
17500 	 17944 	 2.6343286986e+00 	 1.1464715048e-06
17600 	 18046 	 2.6343286985e+00 	 2.5990004328e-06
17700 	 18148 	 2.6343286985e+00 	 6.4080580850e-07
17800 	 18251 	 2.6343286984e+00 	 8.6527965066e-07
17900 	 18354 	 2.6343286984e+00 	 5.1457364594e-07
18000 	 18456 	 2.6343286983e+00 	 1.3895792496e-06
18100 	 18560 	 2.6343286983e+00 	 9.4939336384e-07
18200 	 18663 	 2.6343286982e+00 	 1.8189892261e-06
18300 	 18765 	 2.6343286982e+00 	 8.9316721383e-07
18400 	 18868 	 2.6343286981e+00 	 6.7454763964e-07
18500 	 18969 	 2.6343286981e+00 	 1.1524378442e-06
18600 	 19072 	 2.6343286980e+00 	 1.8187502627e-06
18700 	 19174 	 2.6343286980e+00 	 8.6629128562e-07
18800 	 19275 	 2.6343286979e+00 	 6.8660260650e-07
18900 	 19378 	 2.6343286979e+00 	 6.7032163179e-07
19000 	 19480 	 2.6343286978e+00 	 5.1557349481e-07
19100 	 19582 	 2.6343286978e+00 	 8.6935272113e-07
19200 	 19685 	 2.6343286977e+00 	 4.9747764378e-07
19300 	 19789 	 2.6343286977e+00 	 4.9729525238e-07
19400 	 19893 	 2.6343286977e+00 	 4.2578677825e-07
19500 	 19999 	 2.6343286977e+00 	 5.4032953941e-07
19600 	 20101 	 2.6343286976e+00 	 4.0426475427e-07
19700 	 20203 	 2.6343286976e+00 	 5.5131323876e-07
19800 	 20308 	 2.6343286976e+00 	 4.8798573096e-07
19900 	 20411 	 2.6343286976e+00 	 2.0299080858e-07
20000 	 20513 	 2.6343286976e+00 	 1.7572640544e-07
20100 	 20615 	 2.6343286976e+00 	 2.8138407291e-07
20200 	 20717 	 2.6343286976e+00 	 1.4561897397e-07
20300 	 20818 	 2.6343286976e+00 	 1.6142837857e-07
20400 	 20921 	 2.6343286976e+00 	 2.5260967205e-07
20500 	 21024 	 2.6343286976e+00 	 1.9748244017e-07
20600 	 21127 	 2.6343286976e+00 	 3.1524286547e-07
20700 	 21230 	 2.6343286976e+00 	 2.5646527833e-07
20800 	 21333 	 2.6343286976e+00 	 1.7403375946e-07
20900 	 21435 	 2.6343286976e+00 	 2.1491159258e-07
21000 	 21537 	 2.6343286976e+00 	 1.9669339455e-07
21100 	 21639 	 2.6343286976e+00 	 7.2810634634e-07
21200 	 21743 	 2.6343286976e+00 	 2.9170094339e-07
21300 	 21846 	 2.6343286976e+00 	 2.3608836356e-07
21400 	 21949 	 2.6343286976e+00 	 1.0435478067e-07
21500 	 22053 	 2.6343286976e+00 	 1.5472020880e-07
21600 	 22160 	 2.6343286976e+00 	 1.4629338516e-07
21700 	 22264 	 2.6343286976e+00 	 2.7334179016e-07
21800 	 22367 	 2.6343286976e+00 	 1.8887628124e-07
21900 	 22472 	 2.6343286975e+00 	 2.0514689855e-07
22000 	 22574 	 2.6343286975e+00 	 1.8329907191e-07
22100 	 22679 	 2.6343286975e+00 	 2.0085744530e-07
22200 	 22782 	 2.6343286975e+00 	 1.8638621856e-07
22300 	 22887 	 2.6343286975e+00 	 1.6601201937e-07
22400 	 22998 	 2.6343286975e+00 	 1.8845788948e-07
22500 	 23110 	 2.6343286975e+00 	 1.6341614814e-07
22600 	 23219 	 2.6343286975e+00 	 9.5940054512e-08
22700 	 23334 	 2.6343286975e+00 	 1.0358536724e-07
# ---- 
 1 		 22733 	 23395 		 3.1713945526e+00 	 2.6343286975e+00 	 8.0365928875e-08
# ---- 
100 	 106 	 6.0597362098e+00 	 1.3667512606e-02
200 	 208 	 6.0506512273e+00 	 3.2975136273e-02
300 	 309 	 6.0466160669e+00 	 1.3628335348e-02
400 	 410 	 6.0437605536e+00 	 5.2369296169e-03
500 	 512 	 6.0418603022e+00 	 7.0860265009e-03
600 	 613 	 6.0405917183e+00 	 3.8856796540e-03
700 	 716 	 6.0396147273e+00 	 3.0610545511e-03
800 	 818 	 6.0388368769e+00 	 4.2845998634e-03
900 	 921 	 6.0381453053e+00 	 5.1609572891e-03
1000 	 1021 	 6.0374732361e+00 	 7.5923693059e-03
1100 	 1124 	 6.0368907166e+00 	 4.5889276456e-03
1200 	 1226 	 6.0364451519e+00 	 1.9609899666e-03
1300 	 1327 	 6.0361496603e+00 	 2.9967380261e-03
1400 	 1430 	 6.0359646918e+00 	 1.5436259058e-03
1500 	 1530 	 6.0358103636e+00 	 1.5225858258e-03
1600 	 1633 	 6.0356576691e+00 	 1.4045125089e-03
1700 	 1736 	 6.0354949377e+00 	 1.2363805277e-03
1800 	 1839 	 6.0353453161e+00 	 1.3397638286e-03
1900 	 1943 	 6.0352237475e+00 	 1.8479024997e-03
2000 	 2045 	 6.0351327219e+00 	 6.8531161640e-04
2100 	 2146 	 6.0350560063e+00 	 7.0283224569e-04
2200 	 2247 	 6.0349860432e+00 	 9.0165557988e-04
2300 	 2349 	 6.0349261010e+00 	 1.1681195767e-03
2400 	 2451 	 6.0348754632e+00 	 8.2294884154e-04
2500 	 2552 	 6.0348310287e+00 	 5.2049576411e-04
2600 	 2654 	 6.0347968910e+00 	 5.5936501549e-04
2700 	 2757 	 6.0347638390e+00 	 4.6603320641e-04
2800 	 2858 	 6.0347311311e+00 	 9.7108810362e-04
2900 	 2960 	 6.0347033829e+00 	 1.1073488491e-03
3000 	 3062 	 6.0346836400e+00 	 3.7177461766e-04
3100 	 3165 	 6.0346690308e+00 	 3.0306298739e-04
3200 	 3265 	 6.0346574097e+00 	 7.2033550532e-04
3300 	 3368 	 6.0346462648e+00 	 2.8362382989e-04
3400 	 3468 	 6.0346373084e+00 	 2.3306081137e-04
3500 	 3571 	 6.0346285961e+00 	 2.3852798031e-04
3600 	 3673 	 6.0346218637e+00 	 2.9254671215e-04
3700 	 3775 	 6.0346172637e+00 	 2.1311607287e-04
3800 	 3877 	 6.0346133866e+00 	 5.3355145115e-04
3900 	 3979 	 6.0346094929e+00 	 1.9943941644e-04
4000 	 4080 	 6.0346068421e+00 	 1.3791068435e-04
4100 	 4182 	 6.0346046431e+00 	 3.2088675518e-04
4200 	 4286 	 6.0346025723e+00 	 1.6236432696e-04
4300 	 4387 	 6.0346005556e+00 	 2.2289350250e-04
4400 	 4489 	 6.0345977790e+00 	 1.8431749807e-04
4500 	 4592 	 6.0345950406e+00 	 1.7274749047e-04
4600 	 4695 	 6.0345926175e+00 	 1.4645276058e-04
4700 	 4799 	 6.0345902495e+00 	 2.1826114778e-04
4800 	 4900 	 6.0345882775e+00 	 1.1927144257e-04
4900 	 5004 	 6.0345863256e+00 	 1.5720289687e-04
5000 	 5107 	 6.0345844984e+00 	 1.2459433642e-04
5100 	 5211 	 6.0345829317e+00 	 1.0995877015e-04
5200 	 5312 	 6.0345816461e+00 	 1.2707933084e-04
5300 	 5413 	 6.0345803885e+00 	 2.9596653613e-04
5400 	 5513 	 6.0345790497e+00 	 1.2775131669e-04
5500 	 5614 	 6.0345777692e+00 	 1.0459561230e-04
5600 	 5718 	 6.0345765568e+00 	 1.3230822027e-04
5700 	 5822 	 6.0345753062e+00 	 1.1770589824e-04
5800 	 5923 	 6.0345745089e+00 	 2.5579028861e-04
5900 	 6024 	 6.0345736701e+00 	 1.1190296150e-04
6000 	 6127 	 6.0345729715e+00 	 1.0855727271e-04
6100 	 6229 	 6.0345722810e+00 	 7.5027461750e-05
6200 	 6331 	 6.0345716129e+00 	 1.5345816042e-04
6300 	 6434 	 6.0345710744e+00 	 5.3495209167e-05
6400 	 6539 	 6.0345706972e+00 	 7.0023301476e-05
6500 	 6640 	 6.0345703409e+00 	 5.8065895214e-05
6600 	 6742 	 6.0345700224e+00 	 1.1329532585e-04
6700 	 6845 	 6.0345697229e+00 	 8.8115781816e-05
6800 	 6947 	 6.0345694370e+00 	 4.8472665350e-05
6900 	 7047 	 6.0345691938e+00 	 5.1072288695e-05
7000 	 7151 	 6.0345689830e+00 	 8.3217887330e-05
7100 	 7252 	 6.0345688219e+00 	 8.1419495047e-05
7200 	 7354 	 6.0345686654e+00 	 5.0337962031e-05
7300 	 7456 	 6.0345685223e+00 	 3.9467412912e-05
7400 	 7560 	 6.0345684090e+00 	 3.6703284850e-05
7500 	 7662 	 6.0345683180e+00 	 8.1561141716e-05
7600 	 7765 	 6.0345682455e+00 	 3.1925311989e-05
7700 	 7865 	 6.0345681642e+00 	 3.7492532676e-05
7800 	 7966 	 6.0345680851e+00 	 2.4689344975e-05
7900 	 8070 	 6.0345680079e+00 	 2.2165894611e-05
8000 	 8171 	 6.0345679524e+00 	 6.1522203218e-05
8100 	 8275 	 6.0345679149e+00 	 1.6667268180e-05
8200 	 8376 	 6.0345678857e+00 	 1.2891711585e-05
8300 	 8481 	 6.0345678630e+00 	 2.1298787403e-05
8400 	 8584 	 6.0345678391e+00 	 2.8400705217e-05
8500 	 8684 	 6.0345678120e+00 	 1.6794877340e-05
8600 	 8784 	 6.0345677816e+00 	 2.0418138369e-05
8700 	 8884 	 6.0345677388e+00 	 4.4455690231e-05
8800 	 8985 	 6.0345676972e+00 	 1.8509436559e-05
8900 	 9087 	 6.0345676655e+00 	 1.5678357883e-05
9000 	 9193 	 6.0345676373e+00 	 3.6427805794e-05
9100 	 9295 	 6.0345676119e+00 	 1.1830519828e-05
9200 	 9397 	 6.0345675923e+00 	 2.1816317591e-05
9300 	 9499 	 6.0345675786e+00 	 1.0058150456e-05
9400 	 9601 	 6.0345675648e+00 	 1.0209944451e-05
9500 	 9704 	 6.0345675533e+00 	 4.2849864413e-05
9600 	 9809 	 6.0345675440e+00 	 1.0255317383e-05
9700 	 9912 	 6.0345675356e+00 	 1.6095114698e-05
9800 	 10016 	 6.0345675282e+00 	 7.8063492806e-06
9900 	 10119 	 6.0345675213e+00 	 6.1407708380e-06
10000 	 10222 	 6.0345675134e+00 	 7.9165290262e-06
10100 	 10323 	 6.0345675057e+00 	 1.1658349392e-05
10200 	 10425 	 6.0345675000e+00 	 7.7011614816e-06
10300 	 10526 	 6.0345674957e+00 	 9.0020967861e-06
10400 	 10630 	 6.0345674920e+00 	 7.0805398497e-06
10500 	 10732 	 6.0345674882e+00 	 5.3306370260e-06
10600 	 10836 	 6.0345674842e+00 	 8.8869116537e-06
10700 	 10941 	 6.0345674799e+00 	 7.4020265614e-06
10800 	 11044 	 6.0345674738e+00 	 9.0564763728e-06
10900 	 11146 	 6.0345674681e+00 	 1.0248110135e-05
11000 	 11248 	 6.0345674623e+00 	 6.5697139796e-06
11100 	 11352 	 6.0345674579e+00 	 5.9776503549e-06
11200 	 11453 	 6.0345674545e+00 	 6.0434189599e-06
11300 	 11555 	 6.0345674514e+00 	 1.1212775441e-05
11400 	 11656 	 6.0345674486e+00 	 4.3674892268e-06
11500 	 11758 	 6.0345674464e+00 	 4.6087277688e-06
11600 	 11862 	 6.0345674441e+00 	 4.8980640005e-06
11700 	 11964 	 6.0345674419e+00 	 5.8805848410e-06
11800 	 12066 	 6.0345674406e+00 	 3.5861862800e-06
11900 	 12170 	 6.0345674396e+00 	 3.9086125987e-06
12000 	 12273 	 6.0345674388e+00 	 7.5774373926e-06
12100 	 12375 	 6.0345674379e+00 	 4.2151129038e-06
12200 	 12477 	 6.0345674372e+00 	 2.5381897692e-06
12300 	 12579 	 6.0345674365e+00 	 4.9130851937e-06
12400 	 12682 	 6.0345674358e+00 	 2.4687728210e-06
12500 	 12784 	 6.0345674352e+00 	 2.1430794568e-06
12600 	 12888 	 6.0345674347e+00 	 4.3384121164e-06
12700 	 12990 	 6.0345674342e+00 	 2.9282421517e-06
12800 	 13092 	 6.0345674339e+00 	 1.7501522174e-06
12900 	 13193 	 6.0345674335e+00 	 2.9136468714e-06
13000 	 13295 	 6.0345674332e+00 	 1.5610112993e-06
13100 	 13398 	 6.0345674330e+00 	 1.6984809115e-06
13200 	 13499 	 6.0345674326e+00 	 1.8890548525e-06
13300 	 13604 	 6.0345674323e+00 	 2.3784188827e-06
13400 	 13706 	 6.0345674318e+00 	 1.7338262590e-06
13500 	 13808 	 6.0345674314e+00 	 2.4379092784e-06
13600 	 13910 	 6.0345674311e+00 	 1.5627198309e-06
13700 	 14011 	 6.0345674307e+00 	 1.7024896719e-06
13800 	 14114 	 6.0345674305e+00 	 4.3361082028e-06
13900 	 14216 	 6.0345674302e+00 	 1.4063045805e-06
14000 	 14319 	 6.0345674300e+00 	 4.6078797527e-06
14100 	 14421 	 6.0345674298e+00 	 2.1656220739e-06
14200 	 14521 	 6.0345674297e+00 	 7.8943254812e-07
14300 	 14622 	 6.0345674296e+00 	 1.0150818774e-06
14400 	 14726 	 6.0345674296e+00 	 6.5737639272e-07
14500 	 14829 	 6.0345674295e+00 	 9.5016006436e-07
14600 	 14932 	 6.0345674294e+00 	 7.5936663570e-07
14700 	 15037 	 6.0345674293e+00 	 8.0398991108e-07
14800 	 15139 	 6.0345674293e+00 	 1.7323595086e-06
14900 	 15243 	 6.0345674292e+00 	 7.6962698658e-07
15000 	 15346 	 6.0345674292e+00 	 7.8093725842e-07
15100 	 15449 	 6.0345674291e+00 	 8.8736301571e-07
15200 	 15549 	 6.0345674290e+00 	 1.2118377705e-06
15300 	 15649 	 6.0345674289e+00 	 7.5241586755e-07
15400 	 15751 	 6.0345674289e+00 	 9.1612216773e-07
15500 	 15854 	 6.0345674288e+00 	 7.7390256975e-07
15600 	 15956 	 6.0345674288e+00 	 8.4461051603e-07
15700 	 16058 	 6.0345674287e+00 	 1.9564315684e-06
15800 	 16162 	 6.0345674287e+00 	 1.4491840429e-06
15900 	 16267 	 6.0345674286e+00 	 5.5811749530e-07
16000 	 16370 	 6.0345674286e+00 	 6.3200261742e-07
16100 	 16474 	 6.0345674286e+00 	 4.8242438484e-07
16200 	 16577 	 6.0345674285e+00 	 8.2247796469e-07
16300 	 16681 	 6.0345674285e+00 	 4.9366344149e-07
16400 	 16785 	 6.0345674285e+00 	 6.8582966248e-07
16500 	 16886 	 6.0345674285e+00 	 4.8178968750e-07
16600 	 16988 	 6.0345674285e+00 	 6.1853403949e-07
16700 	 17090 	 6.0345674284e+00 	 4.4430912555e-07
16800 	 17193 	 6.0345674284e+00 	 2.6124514144e-07
16900 	 17296 	 6.0345674284e+00 	 3.9551537554e-07
17000 	 17397 	 6.0345674284e+00 	 3.1450572453e-07
17100 	 17498 	 6.0345674284e+00 	 3.6889210709e-07
17200 	 17599 	 6.0345674284e+00 	 3.3784093731e-07
17300 	 17702 	 6.0345674284e+00 	 4.3275584666e-07
17400 	 17805 	 6.0345674284e+00 	 3.4355808925e-07
17500 	 17906 	 6.0345674283e+00 	 2.4997399316e-07
17600 	 18010 	 6.0345674283e+00 	 3.3679291817e-07
17700 	 18115 	 6.0345674283e+00 	 3.1823403204e-07
17800 	 18218 	 6.0345674283e+00 	 2.8657426835e-07
17900 	 18321 	 6.0345674283e+00 	 2.7088279662e-07
18000 	 18426 	 6.0345674283e+00 	 2.1216750615e-07
18100 	 18531 	 6.0345674283e+00 	 2.9163219639e-07
18200 	 18636 	 6.0345674283e+00 	 3.4465715458e-07
18300 	 18748 	 6.0345674283e+00 	 2.1118362714e-07
18400 	 18856 	 6.0345674283e+00 	 1.7125390215e-07
18500 	 18962 	 6.0345674283e+00 	 9.1715774689e-08
# ---- 
 1 		 18519 	 18991 		 6.5583292089e+00 	 6.0345674283e+00 	 1.6524688317e-07
# ---- 
100 	 102 	 1.0879136505e+01 	 1.2838633333e-02
200 	 203 	 1.0871522684e+01 	 7.8863060070e-03
300 	 304 	 1.0868094066e+01 	 6.6974625509e-03
400 	 407 	 1.0865883395e+01 	 6.1745071749e-03
500 	 510 	 1.0864474458e+01 	 3.3855152284e-03
600 	 613 	 1.0863514104e+01 	 4.4281012913e-03
700 	 716 	 1.0862740055e+01 	 3.9657814813e-03
800 	 818 	 1.0862090988e+01 	 2.9335372155e-03
900 	 921 	 1.0861509590e+01 	 2.1656156855e-03
1000 	 1022 	 1.0860990960e+01 	 4.0846853397e-03
1100 	 1124 	 1.0860537258e+01 	 2.8711889891e-03
1200 	 1226 	 1.0860182202e+01 	 2.2106709834e-03
1300 	 1329 	 1.0859946973e+01 	 2.0265187123e-03
1400 	 1433 	 1.0859802072e+01 	 1.0703632116e-03
1500 	 1536 	 1.0859663024e+01 	 1.4752949650e-03
1600 	 1640 	 1.0859515099e+01 	 1.0430222915e-03
1700 	 1741 	 1.0859377577e+01 	 1.7768646443e-03
1800 	 1843 	 1.0859261902e+01 	 9.2726685938e-04
1900 	 1946 	 1.0859184396e+01 	 1.0094521734e-03
2000 	 2049 	 1.0859123353e+01 	 8.6368847547e-04
2100 	 2152 	 1.0859071136e+01 	 1.7705531525e-03
2200 	 2256 	 1.0859026152e+01 	 9.4644530248e-04
2300 	 2359 	 1.0858983103e+01 	 1.2829014121e-03
2400 	 2461 	 1.0858942157e+01 	 6.8373560175e-04
2500 	 2566 	 1.0858904267e+01 	 7.6887968090e-04
2600 	 2669 	 1.0858872887e+01 	 1.9104348185e-03
2700 	 2774 	 1.0858849114e+01 	 4.0466586731e-04
2800 	 2874 	 1.0858831796e+01 	 6.0374450633e-04
2900 	 2978 	 1.0858817702e+01 	 1.0222835522e-03
3000 	 3080 	 1.0858805606e+01 	 4.4937137657e-04
3100 	 3184 	 1.0858792672e+01 	 4.9298150467e-04
3200 	 3287 	 1.0858782508e+01 	 3.1051216924e-04
3300 	 3391 	 1.0858774712e+01 	 2.6163359811e-04
3400 	 3495 	 1.0858768124e+01 	 2.6100405477e-04
3500 	 3597 	 1.0858763244e+01 	 2.4236090608e-04
3600 	 3701 	 1.0858759217e+01 	 1.8279389515e-04
3700 	 3804 	 1.0858756221e+01 	 4.6527471792e-04
3800 	 3905 	 1.0858753721e+01 	 2.6687020115e-04
3900 	 4006 	 1.0858751904e+01 	 1.3961549120e-04
4000 	 4108 	 1.0858749848e+01 	 4.1969228157e-04
4100 	 4211 	 1.0858747723e+01 	 3.6051249403e-04
4200 	 4313 	 1.0858745525e+01 	 3.5512088855e-04
4300 	 4416 	 1.0858743560e+01 	 1.4478478805e-04
4400 	 4519 	 1.0858741793e+01 	 1.4315793558e-04
4500 	 4621 	 1.0858740231e+01 	 1.5817762887e-04
4600 	 4724 	 1.0858738974e+01 	 1.2568809423e-04
4700 	 4826 	 1.0858737764e+01 	 2.0048015559e-04
4800 	 4928 	 1.0858736728e+01 	 1.3361435127e-04
4900 	 5031 	 1.0858735601e+01 	 1.1022878136e-04
5000 	 5134 	 1.0858734721e+01 	 9.5525266106e-05
5100 	 5236 	 1.0858733939e+01 	 7.6393898032e-05
5200 	 5340 	 1.0858733154e+01 	 7.9780647685e-05
5300 	 5443 	 1.0858732472e+01 	 9.6860510779e-05
5400 	 5547 	 1.0858731741e+01 	 1.1361329728e-04
5500 	 5650 	 1.0858731016e+01 	 2.5903063270e-04
5600 	 5754 	 1.0858730442e+01 	 1.3107199538e-04
5700 	 5858 	 1.0858729933e+01 	 8.0398385531e-05
5800 	 5960 	 1.0858729529e+01 	 6.4628222184e-05
5900 	 6062 	 1.0858729191e+01 	 1.3737560546e-04
6000 	 6164 	 1.0858728881e+01 	 7.9124275740e-05
6100 	 6267 	 1.0858728633e+01 	 6.3228971257e-05
6200 	 6369 	 1.0858728456e+01 	 4.6458572163e-05
6300 	 6472 	 1.0858728309e+01 	 4.6380230417e-05
6400 	 6576 	 1.0858728196e+01 	 3.2625184854e-05
6500 	 6677 	 1.0858728110e+01 	 3.4442301250e-05
6600 	 6780 	 1.0858728026e+01 	 3.0448632652e-05
6700 	 6883 	 1.0858727965e+01 	 2.1056823471e-05
6800 	 6986 	 1.0858727920e+01 	 2.7233974582e-05
6900 	 7089 	 1.0858727885e+01 	 1.6608712094e-05
7000 	 7191 	 1.0858727850e+01 	 4.1690522285e-05
7100 	 7292 	 1.0858727813e+01 	 2.2743057153e-05
7200 	 7393 	 1.0858727783e+01 	 1.7292357528e-05
7300 	 7496 	 1.0858727756e+01 	 1.4029991705e-05
7400 	 7598 	 1.0858727732e+01 	 1.3842538418e-05
7500 	 7700 	 1.0858727709e+01 	 2.2740545523e-05
7600 	 7805 	 1.0858727683e+01 	 1.5137149345e-05
7700 	 7907 	 1.0858727660e+01 	 1.1849234925e-05
7800 	 8009 	 1.0858727639e+01 	 1.6839435957e-05
7900 	 8110 	 1.0858727618e+01 	 3.5839924644e-05
8000 	 8215 	 1.0858727599e+01 	 2.1911173874e-05
8100 	 8319 	 1.0858727586e+01 	 1.5232293090e-05
8200 	 8422 	 1.0858727572e+01 	 1.4624051215e-05
8300 	 8523 	 1.0858727555e+01 	 1.6634493858e-05
8400 	 8626 	 1.0858727537e+01 	 2.4740426089e-05
8500 	 8730 	 1.0858727519e+01 	 1.3068492972e-05
8600 	 8831 	 1.0858727503e+01 	 1.1596806836e-05
8700 	 8932 	 1.0858727493e+01 	 7.9162040284e-06
8800 	 9035 	 1.0858727483e+01 	 1.0702040739e-05
8900 	 9136 	 1.0858727475e+01 	 8.9652783023e-06
9000 	 9238 	 1.0858727467e+01 	 1.2949685090e-05
9100 	 9340 	 1.0858727461e+01 	 1.1978513981e-05
9200 	 9443 	 1.0858727456e+01 	 7.1988230023e-06
9300 	 9548 	 1.0858727451e+01 	 6.2963371378e-06
9400 	 9650 	 1.0858727448e+01 	 8.9921644711e-06
9500 	 9751 	 1.0858727444e+01 	 9.7177112688e-06
9600 	 9852 	 1.0858727441e+01 	 6.1779064523e-06
9700 	 9955 	 1.0858727438e+01 	 8.8578261053e-06
9800 	 10058 	 1.0858727435e+01 	 5.5386478372e-06
9900 	 10160 	 1.0858727433e+01 	 4.5850904797e-06
10000 	 10261 	 1.0858727431e+01 	 4.7948987585e-06
10100 	 10364 	 1.0858727429e+01 	 4.9689713554e-06
10200 	 10465 	 1.0858727428e+01 	 8.4806731846e-06
10300 	 10568 	 1.0858727426e+01 	 3.7130727273e-06
10400 	 10672 	 1.0858727425e+01 	 3.3211537407e-06
10500 	 10775 	 1.0858727424e+01 	 3.8878546537e-06
10600 	 10878 	 1.0858727423e+01 	 7.7120859302e-06
10700 	 10979 	 1.0858727421e+01 	 1.3102146880e-05
10800 	 11080 	 1.0858727420e+01 	 4.2962486275e-06
10900 	 11183 	 1.0858727418e+01 	 4.6463830602e-06
11000 	 11286 	 1.0858727418e+01 	 2.4879148882e-06
11100 	 11390 	 1.0858727417e+01 	 2.7959162169e-06
11200 	 11493 	 1.0858727416e+01 	 2.6647473347e-06
11300 	 11595 	 1.0858727416e+01 	 4.4691967364e-06
11400 	 11699 	 1.0858727415e+01 	 2.7980118485e-06
11500 	 11802 	 1.0858727415e+01 	 3.4731395759e-06
11600 	 11905 	 1.0858727414e+01 	 2.7656460881e-06
11700 	 12009 	 1.0858727414e+01 	 2.5686285269e-06
11800 	 12111 	 1.0858727413e+01 	 1.9068297784e-06
11900 	 12213 	 1.0858727413e+01 	 1.9090382342e-06
12000 	 12314 	 1.0858727412e+01 	 1.7081800641e-06
12100 	 12417 	 1.0858727412e+01 	 2.3093237621e-06
12200 	 12518 	 1.0858727412e+01 	 1.4428279955e-06
12300 	 12619 	 1.0858727412e+01 	 3.4759297576e-06
12400 	 12723 	 1.0858727412e+01 	 9.7592203073e-07
12500 	 12826 	 1.0858727411e+01 	 9.4301032688e-07
12600 	 12928 	 1.0858727411e+01 	 1.0917663548e-06
12700 	 13029 	 1.0858727411e+01 	 2.1100005956e-06
12800 	 13129 	 1.0858727411e+01 	 1.4951356677e-06
12900 	 13232 	 1.0858727411e+01 	 9.3921800588e-07
13000 	 13334 	 1.0858727411e+01 	 6.7087494134e-07
13100 	 13437 	 1.0858727411e+01 	 7.0696341246e-07
13200 	 13540 	 1.0858727411e+01 	 7.4633447447e-07
13300 	 13642 	 1.0858727411e+01 	 5.3803261464e-07
13400 	 13744 	 1.0858727411e+01 	 1.1863860356e-06
13500 	 13846 	 1.0858727411e+01 	 1.3354206483e-06
13600 	 13948 	 1.0858727411e+01 	 1.5040927330e-06
13700 	 14051 	 1.0858727411e+01 	 5.9310316003e-07
13800 	 14153 	 1.0858727411e+01 	 6.3509300526e-07
13900 	 14255 	 1.0858727410e+01 	 9.1418011174e-07
14000 	 14357 	 1.0858727410e+01 	 8.4160777750e-07
14100 	 14458 	 1.0858727410e+01 	 7.3386894597e-07
14200 	 14559 	 1.0858727410e+01 	 8.2943128598e-07
14300 	 14661 	 1.0858727410e+01 	 8.2936945610e-07
14400 	 14763 	 1.0858727410e+01 	 1.4919764950e-06
14500 	 14864 	 1.0858727410e+01 	 1.1554495501e-06
14600 	 14965 	 1.0858727410e+01 	 6.2557439240e-07
14700 	 15066 	 1.0858727410e+01 	 4.6645609234e-07
14800 	 15167 	 1.0858727410e+01 	 3.4384964437e-07
14900 	 15274 	 1.0858727410e+01 	 2.1839888073e-07
15000 	 15381 	 1.0858727410e+01 	 2.9486182977e-07
15100 	 15488 	 1.0858727410e+01 	 2.6411726480e-07
15200 	 15602 	 1.0858727410e+01 	 5.0918471977e-07
15300 	 15713 	 1.0858727410e+01 	 2.4872288330e-07
15400 	 15820 	 1.0858727410e+01 	 3.7091400864e-07
15500 	 15934 	 1.0858727410e+01 	 2.6567845358e-07
15600 	 16040 	 1.0858727410e+01 	 2.3923306720e-07
15700 	 16149 	 1.0858727410e+01 	 2.9563351182e-07
15800 	 16258 	 1.0858727410e+01 	 2.7027449873e-07
15900 	 16365 	 1.0858727410e+01 	 3.1933408747e-07
16000 	 16472 	 1.0858727410e+01 	 2.1957747784e-07
16100 	 16579 	 1.0858727410e+01 	 1.9753082604e-07
16200 	 16689 	 1.0858727410e+01 	 2.6522638178e-07
16300 	 16797 	 1.0858727410e+01 	 7.9982893443e-08
16400 	 16909 	 1.0858727410e+01 	 6.5647287472e-08
16500 	 17029 	 1.0858727410e+01 	 1.1444914040e-07
# ---- 
 1 		 16508 	 17050 		 1.1376216231e+01 	 1.0858727410e+01 	 6.2842084040e-08
# ---- 
100 	 104 	 1.7136260741e+01 	 2.5139398168e-02
200 	 205 	 1.7129684913e+01 	 1.6357383372e-02
300 	 306 	 1.7126616621e+01 	 6.2620119888e-03
400 	 407 	 1.7124704944e+01 	 4.4472618434e-03
500 	 510 	 1.7123525772e+01 	 5.6543027962e-03
600 	 611 	 1.7122710479e+01 	 3.5765658061e-03
700 	 713 	 1.7122044158e+01 	 3.8290123977e-03
800 	 816 	 1.7121512884e+01 	 4.7586124544e-03
900 	 918 	 1.7120968584e+01 	 2.3389684018e-03
1000 	 1019 	 1.7120541298e+01 	 3.6730770656e-03
1100 	 1122 	 1.7120148620e+01 	 3.0833471860e-03
1200 	 1223 	 1.7119853832e+01 	 2.7654440061e-03
1300 	 1325 	 1.7119673397e+01 	 3.3353464317e-03
1400 	 1429 	 1.7119527693e+01 	 1.2482731705e-03
1500 	 1529 	 1.7119387709e+01 	 1.3372050902e-03
1600 	 1630 	 1.7119248275e+01 	 1.0809467043e-03
1700 	 1731 	 1.7119138356e+01 	 3.6437726297e-03
1800 	 1835 	 1.7119061474e+01 	 1.7748062513e-03
1900 	 1939 	 1.7118998622e+01 	 8.9879084642e-04
2000 	 2041 	 1.7118946557e+01 	 1.3671897641e-03
2100 	 2144 	 1.7118896454e+01 	 6.1278594623e-04
2200 	 2245 	 1.7118858900e+01 	 7.4077834004e-04
2300 	 2350 	 1.7118825747e+01 	 3.9481135336e-04
2400 	 2453 	 1.7118799413e+01 	 6.2279537626e-04
2500 	 2554 	 1.7118779316e+01 	 6.0199259989e-04
2600 	 2657 	 1.7118761956e+01 	 8.2050676375e-04
2700 	 2760 	 1.7118746974e+01 	 3.8000445776e-04
2800 	 2862 	 1.7118735558e+01 	 3.1108204988e-04
2900 	 2965 	 1.7118726943e+01 	 3.0242518144e-04
3000 	 3066 	 1.7118720385e+01 	 2.6389246437e-04
3100 	 3168 	 1.7118714734e+01 	 2.4187790240e-04
3200 	 3268 	 1.7118710245e+01 	 2.5736217961e-04
3300 	 3370 	 1.7118705995e+01 	 2.6672651062e-04
3400 	 3472 	 1.7118702073e+01 	 2.0137976133e-04
3500 	 3573 	 1.7118699473e+01 	 1.5014653642e-04
3600 	 3677 	 1.7118697396e+01 	 1.4483561889e-04
3700 	 3781 	 1.7118695761e+01 	 1.2591601215e-04
3800 	 3883 	 1.7118694356e+01 	 1.0962651334e-04
3900 	 3987 	 1.7118692878e+01 	 9.7005946278e-05
4000 	 4089 	 1.7118691148e+01 	 4.1441355974e-04
4100 	 4191 	 1.7118689632e+01 	 1.3948625269e-04
4200 	 4294 	 1.7118688365e+01 	 1.3525517745e-04
4300 	 4398 	 1.7118686984e+01 	 1.3751982117e-04
4400 	 4501 	 1.7118685799e+01 	 1.2194465930e-04
4500 	 4604 	 1.7118684501e+01 	 1.4198275669e-04
4600 	 4707 	 1.7118683256e+01 	 1.8194686579e-04
4700 	 4809 	 1.7118682124e+01 	 1.1664049042e-04
4800 	 4912 	 1.7118681424e+01 	 9.8476755450e-05
4900 	 5015 	 1.7118680804e+01 	 1.3167566654e-04
5000 	 5118 	 1.7118680271e+01 	 1.2187764671e-04
5100 	 5222 	 1.7118679743e+01 	 1.5685279656e-04
5200 	 5324 	 1.7118679211e+01 	 5.7777394889e-05
5300 	 5427 	 1.7118678784e+01 	 1.0154245372e-04
5400 	 5529 	 1.7118678494e+01 	 7.0038542697e-05
5500 	 5631 	 1.7118678294e+01 	 3.7988127552e-05
5600 	 5731 	 1.7118678121e+01 	 4.5572782504e-05
5700 	 5833 	 1.7118677974e+01 	 3.4672969962e-05
5800 	 5935 	 1.7118677835e+01 	 6.5666841206e-05
5900 	 6037 	 1.7118677679e+01 	 3.2201600816e-05
6000 	 6139 	 1.7118677525e+01 	 4.1546039970e-05
6100 	 6242 	 1.7118677389e+01 	 3.6254550190e-05
6200 	 6344 	 1.7118677284e+01 	 2.8174710063e-05
6300 	 6447 	 1.7118677214e+01 	 2.7799077242e-05
6400 	 6549 	 1.7118677153e+01 	 5.7964303188e-05
6500 	 6650 	 1.7118677100e+01 	 2.5923283553e-05
6600 	 6751 	 1.7118677056e+01 	 1.6869049003e-05
6700 	 6853 	 1.7118677016e+01 	 4.0028587446e-05
6800 	 6957 	 1.7118676976e+01 	 5.4284294460e-05
6900 	 7059 	 1.7118676937e+01 	 5.6097978207e-05
7000 	 7163 	 1.7118676904e+01 	 1.3960279156e-05
7100 	 7266 	 1.7118676876e+01 	 1.8644044864e-05
7200 	 7368 	 1.7118676853e+01 	 1.6387085916e-05
7300 	 7471 	 1.7118676832e+01 	 1.9440794418e-05
7400 	 7574 	 1.7118676810e+01 	 1.9488425310e-05
7500 	 7678 	 1.7118676790e+01 	 1.4541437465e-05
7600 	 7780 	 1.7118676768e+01 	 1.7090823484e-05
7700 	 7881 	 1.7118676748e+01 	 1.3679911031e-05
7800 	 7985 	 1.7118676728e+01 	 1.4004696503e-05
7900 	 8087 	 1.7118676714e+01 	 1.6319864257e-05
8000 	 8190 	 1.7118676701e+01 	 1.7519154142e-05
8100 	 8291 	 1.7118676689e+01 	 1.3369847537e-05
8200 	 8393 	 1.7118676679e+01 	 9.0754502913e-06
8300 	 8497 	 1.7118676670e+01 	 9.1022560983e-06
8400 	 8599 	 1.7118676663e+01 	 7.8418847522e-06
8500 	 8700 	 1.7118676656e+01 	 8.9938837500e-06
8600 	 8802 	 1.7118676650e+01 	 7.8040365732e-06
8700 	 8904 	 1.7118676644e+01 	 6.8981669420e-06
8800 	 9004 	 1.7118676639e+01 	 7.8856974308e-06
8900 	 9107 	 1.7118676635e+01 	 5.3245499642e-06
9000 	 9210 	 1.7118676631e+01 	 8.6878761110e-06
9100 	 9313 	 1.7118676626e+01 	 7.2320098622e-06
9200 	 9417 	 1.7118676623e+01 	 6.1047068056e-06
9300 	 9521 	 1.7118676620e+01 	 6.0075864638e-06
9400 	 9623 	 1.7118676617e+01 	 4.8328411788e-06
9500 	 9727 	 1.7118676615e+01 	 5.4769312018e-06
9600 	 9830 	 1.7118676612e+01 	 3.8484238711e-06
9700 	 9934 	 1.7118676610e+01 	 9.0053237668e-06
9800 	 10034 	 1.7118676609e+01 	 4.5013571682e-06
9900 	 10138 	 1.7118676607e+01 	 1.1576904395e-05
10000 	 10241 	 1.7118676606e+01 	 2.7356414854e-06
10100 	 10343 	 1.7118676605e+01 	 3.0766139684e-06
10200 	 10446 	 1.7118676605e+01 	 3.0213922903e-06
10300 	 10551 	 1.7118676603e+01 	 3.1655091175e-06
10400 	 10655 	 1.7118676603e+01 	 4.9888848614e-06
10500 	 10757 	 1.7118676602e+01 	 4.8036801457e-06
10600 	 10861 	 1.7118676601e+01 	 2.3204745261e-06
10700 	 10962 	 1.7118676600e+01 	 2.5603091769e-06
10800 	 11065 	 1.7118676599e+01 	 9.3083429468e-06
10900 	 11169 	 1.7118676599e+01 	 4.9690452890e-06
11000 	 11270 	 1.7118676598e+01 	 2.2087377954e-06
11100 	 11372 	 1.7118676598e+01 	 2.0774447904e-06
11200 	 11477 	 1.7118676597e+01 	 1.8260534587e-06
11300 	 11580 	 1.7118676597e+01 	 2.0588982891e-06
11400 	 11683 	 1.7118676597e+01 	 1.8718064307e-06
11500 	 11786 	 1.7118676597e+01 	 1.7433189263e-06
11600 	 11890 	 1.7118676597e+01 	 1.1180026906e-06
11700 	 11992 	 1.7118676596e+01 	 1.1390818762e-06
11800 	 12093 	 1.7118676596e+01 	 9.7812213785e-07
11900 	 12195 	 1.7118676596e+01 	 9.1185253020e-07
12000 	 12298 	 1.7118676596e+01 	 2.6485659822e-06
12100 	 12400 	 1.7118676596e+01 	 2.7320867417e-06
12200 	 12504 	 1.7118676596e+01 	 1.2264979191e-06
12300 	 12607 	 1.7118676596e+01 	 7.3758748726e-07
12400 	 12709 	 1.7118676596e+01 	 1.3717701261e-06
12500 	 12810 	 1.7118676596e+01 	 1.5337070543e-06
12600 	 12911 	 1.7118676596e+01 	 7.6879057325e-07
12700 	 13013 	 1.7118676596e+01 	 1.4140553533e-06
12800 	 13118 	 1.7118676596e+01 	 1.2934220773e-06
12900 	 13220 	 1.7118676596e+01 	 9.6575466113e-07
13000 	 13323 	 1.7118676595e+01 	 1.6457161200e-06
13100 	 13426 	 1.7118676595e+01 	 1.1775021931e-06
13200 	 13529 	 1.7118676595e+01 	 1.1426341676e-06
13300 	 13634 	 1.7118676595e+01 	 8.0244649754e-07
13400 	 13745 	 1.7118676595e+01 	 6.5087743663e-07
13500 	 13855 	 1.7118676595e+01 	 2.4251482450e-07
# ---- 
 1 		 13563 	 13939 		 1.7632529667e+01 	 1.7118676595e+01 	 2.8107142049e-07
# ---- 
100 	 104 	 2.4838617450e+01 	 3.1326294149e-02
200 	 205 	 2.4832523778e+01 	 6.2680613072e-03
300 	 308 	 2.4829456418e+01 	 6.4517354984e-03
400 	 410 	 2.4827932738e+01 	 4.8710651726e-03
500 	 511 	 2.4826896509e+01 	 2.9378825485e-03
600 	 614 	 2.4826138077e+01 	 5.6043743280e-03
700 	 716 	 2.4825526778e+01 	 2.8660697088e-03
800 	 819 	 2.4825034606e+01 	 4.9756289451e-03
900 	 922 	 2.4824581242e+01 	 2.2771930644e-03
1000 	 1024 	 2.4824174895e+01 	 2.3259507667e-03
1100 	 1126 	 2.4823838167e+01 	 2.1853444738e-03
1200 	 1226 	 2.4823585461e+01 	 1.3454202517e-03
1300 	 1327 	 2.4823410206e+01 	 1.4054453831e-03
1400 	 1429 	 2.4823270623e+01 	 1.0780267697e-03
1500 	 1531 	 2.4823125309e+01 	 1.1314540093e-03
1600 	 1633 	 2.4823009655e+01 	 1.2436263521e-03
1700 	 1736 	 2.4822918247e+01 	 8.5087192288e-04
1800 	 1837 	 2.4822851813e+01 	 9.3853700588e-04
1900 	 1940 	 2.4822799940e+01 	 8.9720873942e-04
2000 	 2041 	 2.4822756614e+01 	 6.2831564548e-04
2100 	 2144 	 2.4822720397e+01 	 6.8660545567e-04
2200 	 2249 	 2.4822692517e+01 	 4.6113629696e-04
2300 	 2352 	 2.4822671307e+01 	 5.4502604077e-04
2400 	 2454 	 2.4822654523e+01 	 8.6510052754e-04
2500 	 2555 	 2.4822640290e+01 	 4.2649273069e-04
2600 	 2657 	 2.4822628121e+01 	 3.3294329979e-04
2700 	 2759 	 2.4822619505e+01 	 3.5258299024e-04
2800 	 2860 	 2.4822613177e+01 	 2.6474867221e-04
2900 	 2962 	 2.4822608170e+01 	 4.9414898014e-04
3000 	 3066 	 2.4822603736e+01 	 2.2271314791e-04
3100 	 3169 	 2.4822599744e+01 	 2.2285668709e-04
3200 	 3270 	 2.4822595954e+01 	 2.0859723434e-04
3300 	 3372 	 2.4822592984e+01 	 1.7288675120e-04
3400 	 3474 	 2.4822590638e+01 	 1.9448801084e-04
3500 	 3577 	 2.4822588716e+01 	 1.6836658583e-04
3600 	 3680 	 2.4822587035e+01 	 1.9782183152e-04
3700 	 3781 	 2.4822585584e+01 	 1.2643961535e-04
3800 	 3885 	 2.4822584316e+01 	 1.4312840720e-04
3900 	 3987 	 2.4822583106e+01 	 3.4007990561e-04
4000 	 4090 	 2.4822582032e+01 	 1.9974388375e-04
4100 	 4191 	 2.4822580996e+01 	 1.2219653738e-04
4200 	 4295 	 2.4822579779e+01 	 1.3350966064e-04
4300 	 4396 	 2.4822578563e+01 	 1.0648589286e-04
4400 	 4500 	 2.4822577568e+01 	 1.1229471992e-04
4500 	 4605 	 2.4822576803e+01 	 8.5146896993e-05
4600 	 4707 	 2.4822576243e+01 	 7.7515119113e-05
4700 	 4812 	 2.4822575778e+01 	 1.2340307678e-04
4800 	 4913 	 2.4822575324e+01 	 1.7902680044e-04
4900 	 5017 	 2.4822574836e+01 	 1.2679065239e-04
5000 	 5119 	 2.4822574440e+01 	 5.1952593340e-05
5100 	 5221 	 2.4822574118e+01 	 7.6852629417e-05
5200 	 5325 	 2.4822573866e+01 	 3.8967995718e-05
5300 	 5429 	 2.4822573667e+01 	 5.5426158865e-05
5400 	 5533 	 2.4822573468e+01 	 8.4493218265e-05
5500 	 5637 	 2.4822573272e+01 	 5.0248602403e-05
5600 	 5741 	 2.4822573107e+01 	 6.4021106853e-05
5700 	 5843 	 2.4822572934e+01 	 4.5622510638e-05
5800 	 5944 	 2.4822572791e+01 	 4.1968384821e-05
5900 	 6044 	 2.4822572682e+01 	 2.5092618432e-05
6000 	 6150 	 2.4822572600e+01 	 3.0110426932e-05
6100 	 6253 	 2.4822572544e+01 	 2.2533240443e-05
6200 	 6357 	 2.4822572504e+01 	 2.5796606858e-05
6300 	 6460 	 2.4822572471e+01 	 1.8470589659e-05
6400 	 6560 	 2.4822572442e+01 	 1.6678173508e-05
6500 	 6665 	 2.4822572416e+01 	 3.6786216425e-05
6600 	 6766 	 2.4822572385e+01 	 4.0988181935e-05
6700 	 6868 	 2.4822572343e+01 	 3.6026004539e-05
6800 	 6968 	 2.4822572312e+01 	 1.4903298005e-05
6900 	 7071 	 2.4822572282e+01 	 1.7319839871e-05
7000 	 7176 	 2.4822572257e+01 	 2.2228277825e-05
7100 	 7279 	 2.4822572230e+01 	 1.7664924408e-05
7200 	 7383 	 2.4822572211e+01 	 1.6159916159e-05
7300 	 7488 	 2.4822572194e+01 	 1.0583939219e-05
7400 	 7591 	 2.4822572179e+01 	 1.3048826996e-05
7500 	 7695 	 2.4822572167e+01 	 1.4703461685e-05
7600 	 7797 	 2.4822572154e+01 	 1.7039450030e-05
7700 	 7901 	 2.4822572142e+01 	 1.3005230094e-05
7800 	 8004 	 2.4822572133e+01 	 1.2887555992e-05
7900 	 8107 	 2.4822572125e+01 	 1.1970200028e-05
8000 	 8212 	 2.4822572117e+01 	 7.0853348917e-06
8100 	 8317 	 2.4822572111e+01 	 1.7232693874e-05
8200 	 8421 	 2.4822572105e+01 	 1.3436869993e-05
8300 	 8523 	 2.4822572100e+01 	 6.6516152488e-06
8400 	 8624 	 2.4822572096e+01 	 7.2810674527e-06
8500 	 8724 	 2.4822572093e+01 	 5.4462713417e-06
8600 	 8828 	 2.4822572091e+01 	 4.9775080015e-06
8700 	 8930 	 2.4822572089e+01 	 5.9464479004e-06
8800 	 9035 	 2.4822572087e+01 	 8.1490200579e-06
8900 	 9138 	 2.4822572086e+01 	 4.5809612337e-06
9000 	 9241 	 2.4822572084e+01 	 3.7872059926e-06
9100 	 9342 	 2.4822572083e+01 	 4.1531252028e-06
9200 	 9445 	 2.4822572081e+01 	 1.0200286403e-05
9300 	 9546 	 2.4822572079e+01 	 7.2823737779e-06
9400 	 9650 	 2.4822572078e+01 	 4.1600393677e-06
9500 	 9753 	 2.4822572077e+01 	 3.6775581940e-06
9600 	 9856 	 2.4822572076e+01 	 2.8967806321e-06
9700 	 9959 	 2.4822572075e+01 	 2.6953410595e-06
9800 	 10061 	 2.4822572075e+01 	 2.3229582218e-06
9900 	 10162 	 2.4822572074e+01 	 1.5269886169e-06
10000 	 10265 	 2.4822572074e+01 	 3.9223166942e-06
10100 	 10368 	 2.4822572073e+01 	 2.4339191585e-06
10200 	 10469 	 2.4822572073e+01 	 1.4994188199e-06
10300 	 10573 	 2.4822572072e+01 	 2.6580513626e-06
10400 	 10674 	 2.4822572072e+01 	 2.1093761289e-06
10500 	 10775 	 2.4822572071e+01 	 2.3552894780e-06
10600 	 10875 	 2.4822572071e+01 	 2.6200332449e-06
10700 	 10978 	 2.4822572070e+01 	 1.9603463543e-06
10800 	 11079 	 2.4822572070e+01 	 2.4731276674e-06
10900 	 11181 	 2.4822572070e+01 	 1.8376360090e-06
11000 	 11282 	 2.4822572069e+01 	 2.7808994813e-06
11100 	 11384 	 2.4822572069e+01 	 2.7414873736e-06
11200 	 11488 	 2.4822572069e+01 	 1.9709434171e-06
11300 	 11590 	 2.4822572069e+01 	 3.6795413936e-06
11400 	 11693 	 2.4822572069e+01 	 1.2951615729e-06
11500 	 11794 	 2.4822572068e+01 	 2.3881981033e-06
11600 	 11895 	 2.4822572068e+01 	 1.0817782165e-06
11700 	 11998 	 2.4822572068e+01 	 1.3872539310e-06
11800 	 12099 	 2.4822572068e+01 	 8.4049032949e-07
11900 	 12203 	 2.4822572068e+01 	 7.1529258871e-07
12000 	 12305 	 2.4822572068e+01 	 6.9366993758e-07
12100 	 12409 	 2.4822572068e+01 	 1.0763481001e-06
12200 	 12514 	 2.4822572068e+01 	 1.1505011827e-06
12300 	 12619 	 2.4822572068e+01 	 7.4672876300e-07
12400 	 12721 	 2.4822572068e+01 	 7.6651575231e-07
12500 	 12823 	 2.4822572068e+01 	 1.1861336663e-06
12600 	 12927 	 2.4822572068e+01 	 5.0832298305e-07
12700 	 13030 	 2.4822572068e+01 	 7.7695391874e-07
12800 	 13132 	 2.4822572068e+01 	 6.0779159728e-07
12900 	 13235 	 2.4822572068e+01 	 6.8982180934e-07
13000 	 13338 	 2.4822572068e+01 	 4.1504038051e-07
13100 	 13447 	 2.4822572068e+01 	 4.1129316200e-07
13200 	 13552 	 2.4822572068e+01 	 9.5891246217e-07
13300 	 13661 	 2.4822572068e+01 	 2.8441995935e-07
13400 	 13772 	 2.4822572068e+01 	 4.8875207476e-07
13500 	 13890 	 2.4822572068e+01 	 2.6948895798e-07
# ---- 
 1 		 13573 	 13983 		 2.5334065408e+01 	 2.4822572068e+01 	 1.1260250110e-07
# ---- 
100 	 103 	 3.3991512266e+01 	 1.3790207955e-02
200 	 206 	 3.3985566388e+01 	 6.9615476243e-03
300 	 309 	 3.3982738881e+01 	 1.3928323791e-02
400 	 412 	 3.3981265441e+01 	 5.5533988435e-03
500 	 516 	 3.3980355363e+01 	 4.4365555456e-03
600 	 618 	 3.3979694964e+01 	 2.6836847112e-03
700 	 721 	 3.3979118657e+01 	 2.9080305956e-03
800 	 825 	 3.3978698384e+01 	 2.3811620025e-03
900 	 928 	 3.3978300972e+01 	 2.6673497637e-03
1000 	 1033 	 3.3977924852e+01 	 1.7108900572e-03
1100 	 1136 	 3.3977590250e+01 	 1.6682390875e-03
1200 	 1236 	 3.3977366972e+01 	 1.3761150496e-03
1300 	 1338 	 3.3977196045e+01 	 2.1434368460e-03
1400 	 1443 	 3.3977044553e+01 	 1.6218641471e-03
1500 	 1543 	 3.3976906562e+01 	 9.5217136990e-04
1600 	 1647 	 3.3976797432e+01 	 1.5857044520e-03
1700 	 1747 	 3.3976718893e+01 	 1.4639957872e-03
1800 	 1850 	 3.3976669323e+01 	 7.3336558051e-04
1900 	 1953 	 3.3976629936e+01 	 9.0693333341e-04
2000 	 2056 	 3.3976589921e+01 	 5.3250370459e-04
2100 	 2157 	 3.3976559192e+01 	 5.2795238274e-04
2200 	 2259 	 3.3976534526e+01 	 8.6852406077e-04
2300 	 2364 	 3.3976515724e+01 	 5.2867633750e-04
2400 	 2465 	 3.3976503149e+01 	 8.5225334237e-04
2500 	 2567 	 3.3976493917e+01 	 1.0445808817e-03
2600 	 2669 	 3.3976484874e+01 	 3.6702500443e-04
2700 	 2771 	 3.3976478461e+01 	 2.3593797079e-04
2800 	 2871 	 3.3976473696e+01 	 2.4649476914e-04
2900 	 2974 	 3.3976469787e+01 	 1.4363330644e-04
3000 	 3080 	 3.3976467036e+01 	 1.7299027990e-04
3100 	 3182 	 3.3976464699e+01 	 2.3397076444e-04
3200 	 3287 	 3.3976462824e+01 	 3.7480276003e-04
3300 	 3391 	 3.3976461254e+01 	 1.0436194598e-04
3400 	 3494 	 3.3976459718e+01 	 7.8847864235e-05
3500 	 3598 	 3.3976458573e+01 	 1.1749568590e-04
3600 	 3700 	 3.3976457511e+01 	 1.4801679589e-04
3700 	 3802 	 3.3976456290e+01 	 1.3164182745e-04
3800 	 3905 	 3.3976455022e+01 	 1.1572203556e-04
3900 	 4006 	 3.3976453892e+01 	 1.1654397235e-04
4000 	 4107 	 3.3976452892e+01 	 1.2921369158e-04
4100 	 4210 	 3.3976451945e+01 	 2.1237826454e-04
4200 	 4310 	 3.3976450967e+01 	 1.1618078078e-04
4300 	 4414 	 3.3976450235e+01 	 2.0793024472e-04
4400 	 4517 	 3.3976449678e+01 	 8.6723046811e-05
4500 	 4618 	 3.3976449187e+01 	 1.0370055072e-04
4600 	 4719 	 3.3976448754e+01 	 5.3694760376e-05
4700 	 4820 	 3.3976448474e+01 	 5.9084463444e-05
4800 	 4922 	 3.3976448183e+01 	 7.3438625730e-05
4900 	 5025 	 3.3976447832e+01 	 5.9218432005e-05
5000 	 5129 	 3.3976447534e+01 	 5.3336927669e-05
5100 	 5231 	 3.3976447285e+01 	 6.0307484257e-05
5200 	 5334 	 3.3976447053e+01 	 5.8321806947e-05
5300 	 5435 	 3.3976446829e+01 	 4.6381692950e-05
5400 	 5536 	 3.3976446698e+01 	 4.3331121687e-05
5500 	 5638 	 3.3976446554e+01 	 3.6639031885e-05
5600 	 5739 	 3.3976446437e+01 	 3.1707843807e-05
5700 	 5842 	 3.3976446294e+01 	 3.9800051738e-05
5800 	 5943 	 3.3976446176e+01 	 4.6442782602e-05
5900 	 6044 	 3.3976446103e+01 	 4.0442752853e-05
6000 	 6145 	 3.3976446030e+01 	 3.7047681884e-05
6100 	 6249 	 3.3976445946e+01 	 2.6441869425e-05
6200 	 6353 	 3.3976445864e+01 	 3.0139110178e-05
6300 	 6454 	 3.3976445799e+01 	 2.1733599138e-05
6400 	 6556 	 3.3976445758e+01 	 5.8464591863e-05
6500 	 6657 	 3.3976445727e+01 	 3.0677199551e-05
6600 	 6758 	 3.3976445699e+01 	 4.8708196739e-05
6700 	 6861 	 3.3976445670e+01 	 2.7526453669e-05
6800 	 6962 	 3.3976445643e+01 	 1.9180855031e-05
6900 	 7064 	 3.3976445620e+01 	 1.6090402132e-05
7000 	 7165 	 3.3976445601e+01 	 1.6467582813e-05
7100 	 7265 	 3.3976445585e+01 	 1.7012238355e-05
7200 	 7370 	 3.3976445570e+01 	 1.3768659294e-05
7300 	 7470 	 3.3976445555e+01 	 1.4927548530e-05
7400 	 7571 	 3.3976445542e+01 	 1.0187869635e-05
7500 	 7674 	 3.3976445530e+01 	 9.2904554057e-06
7600 	 7775 	 3.3976445522e+01 	 2.1226580669e-05
7700 	 7876 	 3.3976445517e+01 	 7.8871776027e-06
7800 	 7978 	 3.3976445514e+01 	 6.4965622978e-06
7900 	 8079 	 3.3976445511e+01 	 8.3516444794e-06
8000 	 8180 	 3.3976445509e+01 	 1.0633063201e-05
8100 	 8284 	 3.3976445506e+01 	 6.3692274483e-06
8200 	 8389 	 3.3976445503e+01 	 4.8548903902e-06
8300 	 8491 	 3.3976445500e+01 	 5.6706373859e-06
8400 	 8595 	 3.3976445497e+01 	 5.4886569066e-06
8500 	 8698 	 3.3976445492e+01 	 8.9624881744e-06
8600 	 8801 	 3.3976445490e+01 	 1.5586407925e-05
8700 	 8903 	 3.3976445488e+01 	 7.7854816617e-06
8800 	 9005 	 3.3976445486e+01 	 4.3538565266e-06
8900 	 9106 	 3.3976445484e+01 	 3.4681795403e-06
9000 	 9208 	 3.3976445483e+01 	 3.1860504533e-06
9100 	 9310 	 3.3976445482e+01 	 3.5185038932e-06
9200 	 9415 	 3.3976445481e+01 	 6.7084729481e-06
9300 	 9519 	 3.3976445481e+01 	 2.9691625850e-06
9400 	 9622 	 3.3976445480e+01 	 1.5727026916e-06
9500 	 9723 	 3.3976445480e+01 	 1.1474111860e-06
9600 	 9827 	 3.3976445480e+01 	 1.9621484268e-06
9700 	 9930 	 3.3976445480e+01 	 1.6086433475e-06
9800 	 10032 	 3.3976445480e+01 	 2.1567066571e-06
9900 	 10137 	 3.3976445479e+01 	 1.4656116059e-06
10000 	 10239 	 3.3976445479e+01 	 3.1524231902e-06
10100 	 10342 	 3.3976445479e+01 	 1.5091982339e-06
10200 	 10445 	 3.3976445479e+01 	 1.3262450679e-06
10300 	 10548 	 3.3976445479e+01 	 1.0624628532e-06
10400 	 10650 	 3.3976445479e+01 	 1.5485241962e-06
10500 	 10754 	 3.3976445478e+01 	 2.1330850379e-06
10600 	 10856 	 3.3976445478e+01 	 8.7171841540e-07
10700 	 10960 	 3.3976445478e+01 	 8.1802723223e-07
10800 	 11065 	 3.3976445478e+01 	 1.0065792547e-06
10900 	 11167 	 3.3976445478e+01 	 1.8350430844e-06
11000 	 11271 	 3.3976445478e+01 	 7.7020991031e-07
11100 	 11372 	 3.3976445478e+01 	 1.0409441638e-06
11200 	 11477 	 3.3976445478e+01 	 9.2355391291e-07
11300 	 11579 	 3.3976445478e+01 	 8.8843000480e-07
11400 	 11681 	 3.3976445478e+01 	 6.7423649688e-07
11500 	 11783 	 3.3976445478e+01 	 1.1765691637e-06
11600 	 11886 	 3.3976445478e+01 	 8.0443960900e-07
11700 	 11991 	 3.3976445478e+01 	 1.3056831161e-06
11800 	 12103 	 3.3976445478e+01 	 7.5592762698e-07
11900 	 12213 	 3.3976445478e+01 	 1.1077732503e-06
12000 	 12328 	 3.3976445478e+01 	 7.2210446996e-07
12100 	 12437 	 3.3976445478e+01 	 4.1844449160e-07
12200 	 12551 	 3.3976445478e+01 	 7.5634760121e-07
# ---- 
 1 		 12209 	 12578 		 3.4486306308e+01 	 3.3976445478e+01 	 2.2622708701e-07
# ---- 
100 	 103 	 4.4599265008e+01 	 2.6835905673e-02
200 	 207 	 4.4593615838e+01 	 1.1903818853e-02
300 	 308 	 4.4590832061e+01 	 6.5694914902e-03
400 	 411 	 4.4589455365e+01 	 4.5490383337e-03
500 	 513 	 4.4588556460e+01 	 6.5183356209e-03
600 	 617 	 4.4587986276e+01 	 2.5988281417e-03
700 	 720 	 4.4587395871e+01 	 2.3825255438e-03
800 	 822 	 4.4586945684e+01 	 2.4931787984e-03
900 	 925 	 4.4586596968e+01 	 4.0075297406e-03
1000 	 1027 	 4.4586245207e+01 	 2.4352358879e-03
1100 	 1130 	 4.4585948269e+01 	 1.7955684782e-03
1200 	 1232 	 4.4585740054e+01 	 1.4260653508e-03
1300 	 1333 	 4.4585598906e+01 	 2.6561327755e-03
1400 	 1435 	 4.4585479529e+01 	 1.4604404625e-03
1500 	 1538 	 4.4585364561e+01 	 2.9962932145e-03
1600 	 1641 	 4.4585275201e+01 	 8.4511006215e-04
1700 	 1743 	 4.4585211810e+01 	 9.9894194879e-04
1800 	 1845 	 4.4585160272e+01 	 1.4626827868e-03
1900 	 1948 	 4.4585117061e+01 	 6.5734622701e-04
2000 	 2050 	 4.4585078013e+01 	 7.9848407218e-04
2100 	 2153 	 4.4585050583e+01 	 6.6669037139e-04
2200 	 2256 	 4.4585029195e+01 	 8.5903009936e-04
2300 	 2358 	 4.4585013495e+01 	 3.3244123459e-04
2400 	 2460 	 4.4585001015e+01 	 5.8259447870e-04
2500 	 2561 	 4.4584991688e+01 	 3.8043610000e-04
2600 	 2663 	 4.4584984883e+01 	 6.9483476349e-04
2700 	 2765 	 4.4584980925e+01 	 2.1499539815e-04
2800 	 2865 	 4.4584977672e+01 	 2.4526539500e-04
2900 	 2968 	 4.4584975089e+01 	 1.3966337807e-04
3000 	 3070 	 4.4584972895e+01 	 2.1126897561e-04
3100 	 3171 	 4.4584971189e+01 	 1.7352351040e-04
3200 	 3274 	 4.4584969843e+01 	 2.0952022263e-04
3300 	 3376 	 4.4584968727e+01 	 1.6589694975e-04
3400 	 3478 	 4.4584967501e+01 	 1.5492129906e-04
3500 	 3579 	 4.4584966363e+01 	 2.5926128859e-04
3600 	 3682 	 4.4584965339e+01 	 1.7271686370e-04
3700 	 3783 	 4.4584964266e+01 	 1.7067500177e-04
3800 	 3883 	 4.4584963243e+01 	 1.4204780239e-04
3900 	 3985 	 4.4584962304e+01 	 1.2457436996e-04
4000 	 4090 	 4.4584961341e+01 	 1.1400383153e-04
4100 	 4194 	 4.4584960577e+01 	 1.3227565169e-04
4200 	 4296 	 4.4584959897e+01 	 8.8059963417e-05
4300 	 4398 	 4.4584959378e+01 	 5.8675069981e-05
4400 	 4502 	 4.4584958935e+01 	 7.2125303599e-05
4500 	 4603 	 4.4584958560e+01 	 6.9446518636e-05
4600 	 4704 	 4.4584958278e+01 	 1.7518031466e-04
4700 	 4807 	 4.4584957991e+01 	 4.7703654612e-05
4800 	 4908 	 4.4584957819e+01 	 3.7379664592e-05
4900 	 5011 	 4.4584957641e+01 	 1.2546993879e-04
5000 	 5116 	 4.4584957484e+01 	 3.4215943320e-05
5100 	 5218 	 4.4584957344e+01 	 3.6575281158e-05
5200 	 5320 	 4.4584957216e+01 	 3.0257324290e-05
5300 	 5420 	 4.4584957121e+01 	 3.0853783899e-05
5400 	 5523 	 4.4584957032e+01 	 3.4508349660e-05
5500 	 5624 	 4.4584956958e+01 	 2.5150824989e-05
5600 	 5725 	 4.4584956884e+01 	 2.7326628800e-05
5700 	 5827 	 4.4584956818e+01 	 4.0428896790e-05
5800 	 5928 	 4.4584956765e+01 	 3.1849072076e-05
5900 	 6028 	 4.4584956718e+01 	 5.2884904217e-05
6000 	 6130 	 4.4584956685e+01 	 2.4744685572e-05
6100 	 6234 	 4.4584956650e+01 	 1.5163483370e-05
6200 	 6337 	 4.4584956625e+01 	 1.6337408928e-05
6300 	 6438 	 4.4584956608e+01 	 1.3330415637e-05
6400 	 6540 	 4.4584956596e+01 	 1.4704946210e-05
6500 	 6642 	 4.4584956584e+01 	 1.3645795012e-05
6600 	 6744 	 4.4584956572e+01 	 1.1041667477e-05
6700 	 6848 	 4.4584956560e+01 	 1.2734299162e-05
6800 	 6952 	 4.4584956552e+01 	 9.6095917631e-06
6900 	 7054 	 4.4584956543e+01 	 1.0932077189e-05
7000 	 7160 	 4.4584956535e+01 	 1.6698304040e-05
7100 	 7263 	 4.4584956528e+01 	 1.1037814457e-05
7200 	 7366 	 4.4584956520e+01 	 1.1674207719e-05
7300 	 7468 	 4.4584956513e+01 	 8.2292296893e-06
7400 	 7569 	 4.4584956509e+01 	 6.7468454006e-06
7500 	 7673 	 4.4584956505e+01 	 6.4449718825e-06
7600 	 7775 	 4.4584956501e+01 	 5.1932802430e-06
7700 	 7879 	 4.4584956499e+01 	 4.3048070618e-06
7800 	 7982 	 4.4584956496e+01 	 6.3814243753e-06
7900 	 8083 	 4.4584956493e+01 	 5.2427253791e-06
8000 	 8185 	 4.4584956490e+01 	 4.9380196139e-06
8100 	 8286 	 4.4584956487e+01 	 6.3344181345e-06
8200 	 8386 	 4.4584956485e+01 	 5.8128249509e-06
8300 	 8486 	 4.4584956483e+01 	 4.7660403230e-06
8400 	 8588 	 4.4584956482e+01 	 2.7790853852e-06
8500 	 8691 	 4.4584956481e+01 	 6.6762250048e-06
8600 	 8795 	 4.4584956480e+01 	 6.6631222231e-06
8700 	 8898 	 4.4584956480e+01 	 3.1481598602e-06
8800 	 9001 	 4.4584956479e+01 	 2.6643797255e-06
8900 	 9103 	 4.4584956478e+01 	 2.4174313862e-06
9000 	 9207 	 4.4584956478e+01 	 2.2741331464e-06
9100 	 9308 	 4.4584956477e+01 	 1.4710561210e-06
9200 	 9410 	 4.4584956477e+01 	 1.4358524473e-06
9300 	 9512 	 4.4584956477e+01 	 2.5047943698e-06
9400 	 9613 	 4.4584956476e+01 	 2.5586064727e-06
9500 	 9714 	 4.4584956476e+01 	 1.3062490899e-06
9600 	 9817 	 4.4584956476e+01 	 1.6664067435e-06
9700 	 9918 	 4.4584956476e+01 	 1.4018282058e-06
9800 	 10020 	 4.4584956476e+01 	 1.7529751512e-06
9900 	 10122 	 4.4584956475e+01 	 2.7350367468e-06
10000 	 10225 	 4.4584956475e+01 	 2.5770217557e-06
10100 	 10327 	 4.4584956475e+01 	 1.3600284188e-06
10200 	 10430 	 4.4584956475e+01 	 1.2095581533e-06
10300 	 10534 	 4.4584956475e+01 	 1.0721645734e-06
10400 	 10636 	 4.4584956475e+01 	 1.5045193159e-06
10500 	 10743 	 4.4584956475e+01 	 7.8948755657e-07
10600 	 10845 	 4.4584956474e+01 	 1.2199643219e-06
10700 	 10948 	 4.4584956474e+01 	 8.4041043353e-07
10800 	 11050 	 4.4584956474e+01 	 8.2289576845e-07
10900 	 11153 	 4.4584956474e+01 	 1.5135226874e-06
11000 	 11258 	 4.4584956474e+01 	 7.1840428830e-07
11100 	 11369 	 4.4584956474e+01 	 6.7923724392e-07
11200 	 11475 	 4.4584956474e+01 	 3.6591334147e-07
11300 	 11582 	 4.4584956474e+01 	 4.5935365438e-07
11400 	 11688 	 4.4584956474e+01 	 3.5526896890e-07
11500 	 11801 	 4.4584956474e+01 	 6.8976615360e-07
11600 	 11917 	 4.4584956474e+01 	 5.4909188319e-07
11700 	 12031 	 4.4584956474e+01 	 5.8028370154e-07
11800 	 12143 	 4.4584956474e+01 	 3.5207991011e-07
11900 	 12259 	 4.4584956474e+01 	 2.9587051471e-07
# ---- 
 1 		 11955 	 12345 		 4.5093660989e+01 	 4.4584956474e+01 	 2.2219054660e-07
# ---- 
100 	 104 	 5.6665525013e+01 	 3.2624865239e-02
200 	 206 	 5.6659990531e+01 	 2.3444846621e-02
300 	 308 	 5.6657320730e+01 	 5.5706498855e-03
400 	 411 	 5.6655984884e+01 	 3.7349191287e-03
500 	 512 	 5.6655153736e+01 	 4.2663224973e-03
600 	 613 	 5.6654586918e+01 	 3.0479085770e-03
700 	 715 	 5.6654057669e+01 	 3.0858839283e-03
800 	 819 	 5.6653655275e+01 	 6.3988510947e-03
900 	 922 	 5.6653297851e+01 	 3.4484707243e-03
1000 	 1025 	 5.6652962649e+01 	 1.7980345832e-03
1100 	 1128 	 5.6652701159e+01 	 2.8349856487e-03
1200 	 1229 	 5.6652524305e+01 	 1.3806190048e-03
1300 	 1332 	 5.6652377883e+01 	 2.7796666009e-03
1400 	 1434 	 5.6652235939e+01 	 1.3155546280e-03
1500 	 1536 	 5.6652130465e+01 	 1.2779257842e-03
1600 	 1639 	 5.6652048668e+01 	 9.3249944606e-04
1700 	 1740 	 5.6651987302e+01 	 1.1816142894e-03
1800 	 1841 	 5.6651946337e+01 	 7.2698011428e-04
1900 	 1944 	 5.6651915291e+01 	 5.7180011324e-04
2000 	 2047 	 5.6651891430e+01 	 1.0787261230e-03
2100 	 2150 	 5.6651873247e+01 	 7.9066807785e-04
2200 	 2255 	 5.6651859672e+01 	 4.2100330693e-04
2300 	 2356 	 5.6651848883e+01 	 6.1203169127e-04
2400 	 2458 	 5.6651838510e+01 	 2.6991606114e-04
2500 	 2559 	 5.6651830067e+01 	 3.2755100616e-04
2600 	 2661 	 5.6651825117e+01 	 4.1867877192e-04
2700 	 2766 	 5.6651822083e+01 	 1.9449885238e-04
2800 	 2868 	 5.6651820046e+01 	 2.1428079584e-04
2900 	 2971 	 5.6651818219e+01 	 1.5846403610e-04
3000 	 3073 	 5.6651816715e+01 	 9.9772554871e-05
3100 	 3176 	 5.6651815670e+01 	 2.6263936504e-04
3200 	 3278 	 5.6651814715e+01 	 1.0846370300e-04
3300 	 3382 	 5.6651813742e+01 	 1.2939158331e-04
3400 	 3484 	 5.6651812628e+01 	 1.2680744291e-04
3500 	 3587 	 5.6651811551e+01 	 1.2563484231e-04
3600 	 3688 	 5.6651810477e+01 	 1.1294151570e-04
3700 	 3789 	 5.6651809534e+01 	 2.0302525973e-04
3800 	 3892 	 5.6651808771e+01 	 8.5811798090e-05
3900 	 3993 	 5.6651808282e+01 	 5.7017577559e-05
4000 	 4096 	 5.6651807799e+01 	 1.3128785847e-04
4100 	 4198 	 5.6651807420e+01 	 7.8687304285e-05
4200 	 4300 	 5.6651806964e+01 	 7.4279173132e-05
4300 	 4404 	 5.6651806517e+01 	 6.9623250051e-05
4400 	 4507 	 5.6651806163e+01 	 1.2059108572e-04
4500 	 4611 	 5.6651805913e+01 	 8.1177989895e-05
4600 	 4712 	 5.6651805714e+01 	 8.2672201270e-05
4700 	 4815 	 5.6651805489e+01 	 3.9792877808e-05
4800 	 4917 	 5.6651805308e+01 	 5.8808550627e-05
4900 	 5020 	 5.6651805095e+01 	 8.5569915100e-05
5000 	 5122 	 5.6651804870e+01 	 6.0566070498e-05
5100 	 5224 	 5.6651804710e+01 	 7.9639983284e-05
5200 	 5326 	 5.6651804571e+01 	 5.5619374941e-05
5300 	 5428 	 5.6651804454e+01 	 4.4467020548e-05
5400 	 5530 	 5.6651804375e+01 	 3.2344112236e-05
5500 	 5631 	 5.6651804318e+01 	 1.9949123800e-05
5600 	 5735 	 5.6651804265e+01 	 2.5787471466e-05
5700 	 5840 	 5.6651804210e+01 	 2.2954536768e-05
5800 	 5942 	 5.6651804165e+01 	 1.7787309532e-05
5900 	 6046 	 5.6651804127e+01 	 4.8662844801e-05
6000 	 6149 	 5.6651804093e+01 	 1.7029748907e-05
6100 	 6252 	 5.6651804065e+01 	 1.8998821275e-05
6200 	 6352 	 5.6651804043e+01 	 1.6739329484e-05
6300 	 6454 	 5.6651804020e+01 	 1.6147177597e-05
6400 	 6557 	 5.6651803995e+01 	 1.3425109499e-05
6500 	 6658 	 5.6651803976e+01 	 1.3046706086e-05
6600 	 6759 	 5.6651803959e+01 	 1.3379505054e-05
6700 	 6860 	 5.6651803945e+01 	 3.0398547153e-05
6800 	 6963 	 5.6651803933e+01 	 1.0200624517e-05
6900 	 7067 	 5.6651803924e+01 	 9.6519091501e-06
7000 	 7169 	 5.6651803917e+01 	 8.0361216896e-06
7100 	 7272 	 5.6651803913e+01 	 1.1330472861e-05
7200 	 7373 	 5.6651803910e+01 	 6.3743240398e-06
7300 	 7476 	 5.6651803906e+01 	 6.1045628913e-06
7400 	 7578 	 5.6651803903e+01 	 5.8154086803e-06
7500 	 7679 	 5.6651803900e+01 	 5.9981250750e-06
7600 	 7781 	 5.6651803897e+01 	 5.5600316083e-06
7700 	 7885 	 5.6651803894e+01 	 1.4576900374e-05
7800 	 7987 	 5.6651803892e+01 	 5.0427931749e-06
7900 	 8091 	 5.6651803889e+01 	 9.5365118968e-06
8000 	 8195 	 5.6651803887e+01 	 1.1556004427e-05
8100 	 8298 	 5.6651803885e+01 	 4.9509245327e-06
8200 	 8403 	 5.6651803884e+01 	 5.0949348782e-06
8300 	 8508 	 5.6651803883e+01 	 4.3438763813e-06
8400 	 8612 	 5.6651803882e+01 	 3.6620366377e-06
8500 	 8713 	 5.6651803881e+01 	 5.8110411200e-06
8600 	 8816 	 5.6651803880e+01 	 2.7817902311e-06
8700 	 8919 	 5.6651803880e+01 	 3.1025001977e-06
8800 	 9021 	 5.6651803880e+01 	 1.5435820372e-06
8900 	 9124 	 5.6651803879e+01 	 2.3763248916e-06
9000 	 9226 	 5.6651803879e+01 	 1.6242602463e-06
9100 	 9328 	 5.6651803879e+01 	 1.5627343355e-06
9200 	 9431 	 5.6651803879e+01 	 1.4570369335e-06
9300 	 9534 	 5.6651803879e+01 	 1.9411113650e-06
9400 	 9637 	 5.6651803878e+01 	 1.2759763894e-06
9500 	 9741 	 5.6651803878e+01 	 2.2629158977e-06
9600 	 9842 	 5.6651803878e+01 	 1.3772016011e-06
9700 	 9945 	 5.6651803878e+01 	 1.3021002461e-06
9800 	 10048 	 5.6651803878e+01 	 1.2864561402e-06
9900 	 10154 	 5.6651803878e+01 	 8.2911353894e-07
10000 	 10258 	 5.6651803878e+01 	 8.3070852390e-07
10100 	 10364 	 5.6651803878e+01 	 8.5035407396e-07
10200 	 10472 	 5.6651803878e+01 	 8.1935380517e-07
10300 	 10580 	 5.6651803878e+01 	 7.8378730569e-07
10400 	 10688 	 5.6651803878e+01 	 4.1771143255e-07
10500 	 10799 	 5.6651803878e+01 	 3.2449509236e-07
10600 	 10913 	 5.6651803878e+01 	 3.0769190277e-07
10700 	 11036 	 5.6651803878e+01 	 1.9036644209e-07
# ---- 
 1 		 10744 	 11104 		 5.7159703175e+01 	 5.6651803878e+01 	 3.5157560945e-07
# ---- 
100 	 105 	 7.0193298100e+01 	 1.2459552456e-02
200 	 207 	 7.0188081060e+01 	 7.9979032828e-03
300 	 310 	 7.0185315871e+01 	 6.3469283968e-03
400 	 414 	 7.0184000272e+01 	 5.2800757285e-03
500 	 517 	 7.0183177409e+01 	 3.6400053289e-03
600 	 618 	 7.0182621678e+01 	 3.8932381301e-03
700 	 720 	 7.0182099372e+01 	 7.4073135401e-03
800 	 824 	 7.0181702637e+01 	 5.1233118261e-03
900 	 925 	 7.0181351976e+01 	 1.7612947430e-03
1000 	 1028 	 7.0181028126e+01 	 1.6593540180e-03
1100 	 1129 	 7.0180763582e+01 	 1.7952921589e-03
1200 	 1230 	 7.0180583604e+01 	 1.5340713396e-03
1300 	 1331 	 7.0180436276e+01 	 3.4769502882e-03
1400 	 1433 	 7.0180312684e+01 	 1.0821995462e-03
1500 	 1535 	 7.0180222011e+01 	 1.1265422332e-03
1600 	 1638 	 7.0180158871e+01 	 1.2868715058e-03
1700 	 1742 	 7.0180110384e+01 	 8.2194602003e-04
1800 	 1845 	 7.0180078121e+01 	 5.6459324350e-04
1900 	 1948 	 7.0180052308e+01 	 6.5936938773e-04
2000 	 2050 	 7.0180032354e+01 	 5.3128732126e-04
2100 	 2152 	 7.0180017980e+01 	 4.6555812877e-04
2200 	 2255 	 7.0180007852e+01 	 4.1708795209e-04
2300 	 2357 	 7.0179998721e+01 	 2.6533155012e-04
2400 	 2460 	 7.0179991989e+01 	 3.1083261010e-04
2500 	 2562 	 7.0179986936e+01 	 3.1374604439e-04
2600 	 2665 	 7.0179984029e+01 	 1.3290601886e-04
2700 	 2767 	 7.0179981973e+01 	 1.7165150534e-04
2800 	 2870 	 7.0179980039e+01 	 1.8117577524e-04
2900 	 2974 	 7.0179978477e+01 	 1.3239026307e-04
3000 	 3076 	 7.0179977095e+01 	 1.1764113219e-04
3100 	 3178 	 7.0179976128e+01 	 1.1904155656e-04
3200 	 3281 	 7.0179975242e+01 	 1.1215875578e-04
3300 	 3385 	 7.0179974372e+01 	 9.5127681409e-05
3400 	 3488 	 7.0179973383e+01 	 1.3972020876e-04
3500 	 3590 	 7.0179972417e+01 	 8.4276027364e-05
3600 	 3693 	 7.0179971727e+01 	 7.5425717029e-05
3700 	 3797 	 7.0179971106e+01 	 2.0405576262e-04
3800 	 3900 	 7.0179970590e+01 	 1.2092936927e-04
3900 	 4004 	 7.0179970096e+01 	 8.9236162544e-05
4000 	 4109 	 7.0179969665e+01 	 6.9126565531e-05
4100 	 4210 	 7.0179969387e+01 	 5.4548711474e-05
4200 	 4312 	 7.0179969155e+01 	 1.4260641233e-04
4300 	 4413 	 7.0179968938e+01 	 1.3029515158e-04
4400 	 4515 	 7.0179968712e+01 	 8.4626941177e-05
4500 	 4619 	 7.0179968507e+01 	 5.7833874372e-05
4600 	 4722 	 7.0179968297e+01 	 5.3341398802e-05
4700 	 4825 	 7.0179968117e+01 	 8.5362017635e-05
4800 	 4927 	 7.0179967954e+01 	 8.3843032627e-05
4900 	 5029 	 7.0179967825e+01 	 1.1716324343e-04
5000 	 5130 	 7.0179967730e+01 	 3.0275539542e-05
5100 	 5232 	 7.0179967655e+01 	 4.1556423995e-05
5200 	 5335 	 7.0179967559e+01 	 7.8279740786e-05
5300 	 5437 	 7.0179967484e+01 	 2.5767510382e-05
5400 	 5543 	 7.0179967429e+01 	 3.7020938547e-05
5500 	 5645 	 7.0179967384e+01 	 2.0631367818e-05
5600 	 5747 	 7.0179967347e+01 	 3.3427561734e-05
5700 	 5848 	 7.0179967314e+01 	 1.5595853064e-05
5800 	 5953 	 7.0179967294e+01 	 2.0222421307e-05
5900 	 6055 	 7.0179967276e+01 	 2.8345481190e-05
6000 	 6156 	 7.0179967260e+01 	 1.4598986783e-05
6100 	 6259 	 7.0179967247e+01 	 1.2299664633e-05
6200 	 6361 	 7.0179967236e+01 	 1.2139353709e-05
6300 	 6465 	 7.0179967226e+01 	 1.3279493010e-05
6400 	 6568 	 7.0179967218e+01 	 1.9320958167e-05
6500 	 6672 	 7.0179967211e+01 	 8.2636797493e-06
6600 	 6776 	 7.0179967202e+01 	 8.1367296222e-06
6700 	 6880 	 7.0179967194e+01 	 1.3624135757e-05
6800 	 6982 	 7.0179967188e+01 	 8.5827858075e-06
6900 	 7084 	 7.0179967182e+01 	 9.0311166695e-06
7000 	 7185 	 7.0179967178e+01 	 4.9126172091e-06
7100 	 7289 	 7.0179967175e+01 	 7.9675976521e-06
7200 	 7392 	 7.0179967172e+01 	 4.3899133426e-06
7300 	 7494 	 7.0179967170e+01 	 4.4326809684e-06
7400 	 7596 	 7.0179967169e+01 	 4.0762239909e-06
7500 	 7700 	 7.0179967167e+01 	 4.6551972389e-06
7600 	 7806 	 7.0179967166e+01 	 3.2449561973e-06
7700 	 7909 	 7.0179967165e+01 	 5.2607082993e-06
7800 	 8011 	 7.0179967163e+01 	 4.7508283688e-06
7900 	 8113 	 7.0179967162e+01 	 3.2777550013e-06
8000 	 8217 	 7.0179967161e+01 	 2.6956125739e-06
8100 	 8318 	 7.0179967160e+01 	 4.2664609084e-06
8200 	 8420 	 7.0179967160e+01 	 3.4343999112e-06
8300 	 8522 	 7.0179967159e+01 	 1.9431773792e-06
8400 	 8626 	 7.0179967159e+01 	 2.2654055294e-06
8500 	 8729 	 7.0179967159e+01 	 1.9558911283e-06
8600 	 8833 	 7.0179967158e+01 	 1.2399588694e-06
8700 	 8938 	 7.0179967158e+01 	 1.4844496908e-06
8800 	 9043 	 7.0179967158e+01 	 1.6690217052e-06
8900 	 9147 	 7.0179967158e+01 	 1.3330012685e-06
9000 	 9248 	 7.0179967158e+01 	 1.8796874375e-06
9100 	 9350 	 7.0179967158e+01 	 1.6135541833e-06
9200 	 9458 	 7.0179967158e+01 	 8.8926436613e-07
9300 	 9560 	 7.0179967158e+01 	 1.8191727855e-06
9400 	 9665 	 7.0179967157e+01 	 1.1250200277e-06
9500 	 9770 	 7.0179967157e+01 	 2.4863784529e-06
9600 	 9872 	 7.0179967157e+01 	 1.0508145396e-06
9700 	 9974 	 7.0179967157e+01 	 7.6045009633e-07
9800 	 10084 	 7.0179967157e+01 	 7.8068987784e-07
9900 	 10196 	 7.0179967157e+01 	 5.3339235860e-07
10000 	 10313 	 7.0179967157e+01 	 5.2007695885e-07
10100 	 10448 	 7.0179967157e+01 	 7.4783046635e-07
# ---- 
 1 		 10160 	 10532 		 7.0687347519e+01 	 7.0179967157e+01 	 8.0747675094e-07
# ---- 
100 	 101 	 6.9934038433e+01 	 6.0800447051e-02
200 	 204 	 6.9865477764e+01 	 2.1078891840e-02
300 	 306 	 6.9846938296e+01 	 1.8722587337e-02
400 	 406 	 6.9840397790e+01 	 6.7833103234e-03
500 	 507 	 6.9838295153e+01 	 4.7762395656e-03
600 	 611 	 6.9837192853e+01 	 4.3648634448e-03
700 	 713 	 6.9836546220e+01 	 5.3371769406e-03
800 	 814 	 6.9836036162e+01 	 2.7840045846e-03
900 	 916 	 6.9835697671e+01 	 2.5608567335e-03
1000 	 1020 	 6.9835484991e+01 	 1.0058493612e-03
1100 	 1121 	 6.9835333346e+01 	 1.0343835770e-03
1200 	 1225 	 6.9835217544e+01 	 1.0934134789e-03
1300 	 1327 	 6.9835102656e+01 	 1.4426869785e-03
1400 	 1430 	 6.9834996343e+01 	 1.0871785476e-03
1500 	 1533 	 6.9834922774e+01 	 1.1576678529e-03
1600 	 1635 	 6.9834853304e+01 	 1.0955517818e-03
1700 	 1740 	 6.9834778601e+01 	 2.8351538816e-03
1800 	 1846 	 6.9834719944e+01 	 1.4929258025e-03
1900 	 1951 	 6.9834665726e+01 	 8.0498438100e-04
2000 	 2053 	 6.9834627040e+01 	 9.3039469528e-04
2100 	 2156 	 6.9834598229e+01 	 6.6715635824e-04
2200 	 2257 	 6.9834576893e+01 	 6.0580321467e-04
2300 	 2358 	 6.9834558882e+01 	 1.2308065978e-03
2400 	 2461 	 6.9834546759e+01 	 3.6415049423e-04
2500 	 2563 	 6.9834536389e+01 	 3.2552314553e-04
2600 	 2667 	 6.9834526289e+01 	 5.7462618810e-04
2700 	 2770 	 6.9834518393e+01 	 7.5219746354e-04
2800 	 2872 	 6.9834511741e+01 	 5.0531403716e-04
2900 	 2974 	 6.9834505210e+01 	 7.7181746788e-04
3000 	 3075 	 6.9834499453e+01 	 3.0872050668e-04
3100 	 3177 	 6.9834494446e+01 	 2.3862660594e-04
3200 	 3279 	 6.9834489793e+01 	 4.4019400098e-04
3300 	 3384 	 6.9834485990e+01 	 2.2734600160e-04
3400 	 3486 	 6.9834481894e+01 	 1.7554633591e-04
3500 	 3587 	 6.9834479420e+01 	 1.9130032136e-04
3600 	 3690 	 6.9834477348e+01 	 1.7716653307e-04
3700 	 3792 	 6.9834475246e+01 	 1.4575851002e-04
3800 	 3896 	 6.9834473768e+01 	 1.6762167773e-04
3900 	 4001 	 6.9834472711e+01 	 1.0169158205e-04
4000 	 4104 	 6.9834471846e+01 	 9.8844955625e-05
4100 	 4206 	 6.9834471238e+01 	 1.3592789908e-04
4200 	 4306 	 6.9834470811e+01 	 6.5202908778e-05
4300 	 4407 	 6.9834470521e+01 	 4.4863914180e-05
4400 	 4510 	 6.9834470320e+01 	 7.8254135050e-05
4500 	 4613 	 6.9834470177e+01 	 4.2239453107e-05
4600 	 4719 	 6.9834470063e+01 	 3.9846663129e-05
4700 	 4819 	 6.9834469952e+01 	 3.2816888493e-05
4800 	 4919 	 6.9834469858e+01 	 7.5628435241e-05
4900 	 5021 	 6.9834469761e+01 	 4.2775717233e-05
5000 	 5124 	 6.9834469679e+01 	 2.5084741092e-05
5100 	 5227 	 6.9834469606e+01 	 3.1466554884e-05
5200 	 5329 	 6.9834469549e+01 	 2.6945441275e-05
5300 	 5434 	 6.9834469500e+01 	 2.6904167023e-05
5400 	 5537 	 6.9834469459e+01 	 1.7539177275e-05
5500 	 5639 	 6.9834469431e+01 	 1.8741701823e-05
5600 	 5741 	 6.9834469400e+01 	 4.0705715330e-05
5700 	 5843 	 6.9834469359e+01 	 2.8857003587e-05
5800 	 5946 	 6.9834469322e+01 	 1.6651026421e-05
5900 	 6049 	 6.9834469286e+01 	 3.0935426278e-05
6000 	 6151 	 6.9834469253e+01 	 2.3806870195e-05
6100 	 6252 	 6.9834469225e+01 	 2.1520837367e-05
6200 	 6353 	 6.9834469205e+01 	 1.8217251116e-05
6300 	 6456 	 6.9834469184e+01 	 1.9083714038e-05
6400 	 6556 	 6.9834469165e+01 	 1.6601259489e-05
6500 	 6658 	 6.9834469148e+01 	 9.8933142019e-06
6600 	 6759 	 6.9834469132e+01 	 1.0099741215e-05
6700 	 6861 	 6.9834469121e+01 	 2.1061538426e-05
6800 	 6962 	 6.9834469113e+01 	 1.7382278097e-05
6900 	 7064 	 6.9834469106e+01 	 1.0721119588e-05
7000 	 7166 	 6.9834469100e+01 	 1.1972832573e-05
7100 	 7269 	 6.9834469094e+01 	 8.3659360592e-06
7200 	 7372 	 6.9834469089e+01 	 6.7507311996e-06
7300 	 7473 	 6.9834469084e+01 	 7.9961488644e-06
7400 	 7575 	 6.9834469079e+01 	 5.0023714783e-06
7500 	 7677 	 6.9834469075e+01 	 5.7261619091e-06
7600 	 7780 	 6.9834469073e+01 	 1.1143798939e-05
7700 	 7883 	 6.9834469072e+01 	 4.0644133507e-06
7800 	 7990 	 6.9834469070e+01 	 4.3793810094e-06
7900 	 8091 	 6.9834469069e+01 	 3.2781253751e-06
8000 	 8193 	 6.9834469069e+01 	 3.4961985384e-06
8100 	 8296 	 6.9834469068e+01 	 4.2989897376e-06
8200 	 8399 	 6.9834469067e+01 	 1.0483941722e-05
8300 	 8501 	 6.9834469066e+01 	 2.8926353992e-06
8400 	 8604 	 6.9834469065e+01 	 7.3958458440e-06
8500 	 8707 	 6.9834469065e+01 	 8.0729815321e-06
8600 	 8808 	 6.9834469064e+01 	 2.1661385963e-06
8700 	 8910 	 6.9834469064e+01 	 3.1134301429e-06
8800 	 9016 	 6.9834469063e+01 	 1.3576300707e-06
8900 	 9119 	 6.9834469063e+01 	 2.8193710480e-06
9000 	 9221 	 6.9834469063e+01 	 2.8273256864e-06
9100 	 9325 	 6.9834469063e+01 	 1.1240800684e-06
9200 	 9431 	 6.9834469063e+01 	 6.7978519810e-07
9300 	 9536 	 6.9834469063e+01 	 8.7488278758e-07
9400 	 9646 	 6.9834469063e+01 	 5.9440928267e-07
9500 	 9757 	 6.9834469063e+01 	 6.0093866849e-07
9600 	 9874 	 6.9834469063e+01 	 4.8375988038e-07
9700 	 9985 	 6.9834469063e+01 	 2.5063009416e-07
9800 	 10099 	 6.9834469063e+01 	 3.7202684263e-07
9900 	 10215 	 6.9834469063e+01 	 8.0740030186e-07
# ---- 
 1 		 9985 	 10336 		 7.5916219234e+01 	 6.9834469063e+01 	 5.4547937020e-07
# ---- 
100 	 102 	 6.9625253385e+01 	 7.7306931545e-02
200 	 205 	 6.9565851315e+01 	 1.6789966023e-02
300 	 308 	 6.9549823109e+01 	 1.3224037229e-02
400 	 411 	 6.9543485805e+01 	 7.7653714541e-03
500 	 514 	 6.9541110862e+01 	 5.1903728289e-03
600 	 615 	 6.9539763759e+01 	 4.3066742157e-03
700 	 718 	 6.9538920591e+01 	 2.2623584100e-03
800 	 823 	 6.9538359791e+01 	 2.3138996244e-03
900 	 926 	 6.9537979412e+01 	 2.5429103804e-03
1000 	 1027 	 6.9537718959e+01 	 2.8728302621e-03
1100 	 1130 	 6.9537557024e+01 	 1.9911175940e-03
1200 	 1232 	 6.9537435169e+01 	 1.2460567055e-03
1300 	 1335 	 6.9537319174e+01 	 1.1930350236e-03
1400 	 1435 	 6.9537223239e+01 	 1.3326962793e-03
1500 	 1537 	 6.9537143841e+01 	 7.7712577768e-04
1600 	 1640 	 6.9537071736e+01 	 8.8705822071e-04
1700 	 1741 	 6.9536996704e+01 	 1.0029011598e-03
1800 	 1845 	 6.9536936780e+01 	 9.1185807029e-04
1900 	 1946 	 6.9536882749e+01 	 8.2668250967e-04
2000 	 2047 	 6.9536841632e+01 	 5.4033748570e-04
2100 	 2150 	 6.9536803022e+01 	 7.0790567340e-04
2200 	 2251 	 6.9536775052e+01 	 4.0697132975e-04
2300 	 2353 	 6.9536757056e+01 	 4.7567346493e-04
2400 	 2456 	 6.9536741846e+01 	 4.5749008411e-04
2500 	 2558 	 6.9536728858e+01 	 3.6502597248e-04
2600 	 2659 	 6.9536716944e+01 	 3.3938698327e-04
2700 	 2760 	 6.9536708289e+01 	 3.1457123078e-04
2800 	 2863 	 6.9536698811e+01 	 5.0372606070e-04
2900 	 2965 	 6.9536690400e+01 	 2.3175993880e-04
3000 	 3067 	 6.9536682159e+01 	 4.1845360574e-04
3100 	 3169 	 6.9536675943e+01 	 3.2273370441e-04
3200 	 3271 	 6.9536669652e+01 	 2.5677520689e-04
3300 	 3371 	 6.9536664254e+01 	 2.4182572578e-04
3400 	 3474 	 6.9536659943e+01 	 4.8856149897e-04
3500 	 3577 	 6.9536656851e+01 	 2.0677444134e-04
3600 	 3679 	 6.9536654233e+01 	 2.2417691367e-04
3700 	 3779 	 6.9536651564e+01 	 1.7714356846e-04
3800 	 3883 	 6.9536648834e+01 	 1.7256887542e-04
3900 	 3985 	 6.9536646548e+01 	 1.8994098495e-04
4000 	 4087 	 6.9536644910e+01 	 1.6682845421e-04
4100 	 4188 	 6.9536643912e+01 	 8.9664912362e-05
4200 	 4292 	 6.9536643230e+01 	 8.9628636630e-05
4300 	 4394 	 6.9536642632e+01 	 7.0335536850e-05
4400 	 4495 	 6.9536642190e+01 	 8.0569441981e-05
4500 	 4599 	 6.9536641796e+01 	 6.3301792442e-05
4600 	 4700 	 6.9536641475e+01 	 6.3293668073e-05
4700 	 4804 	 6.9536641204e+01 	 4.9582800118e-05
4800 	 4906 	 6.9536640921e+01 	 5.9282021174e-05
4900 	 5007 	 6.9536640645e+01 	 5.5784081854e-05
5000 	 5110 	 6.9536640422e+01 	 8.5557218422e-05
5100 	 5211 	 6.9536640210e+01 	 6.8225736066e-05
5200 	 5314 	 6.9536639984e+01 	 8.0612838013e-05
5300 	 5418 	 6.9536639802e+01 	 1.1426065739e-04
5400 	 5519 	 6.9536639628e+01 	 8.2323765002e-05
5500 	 5621 	 6.9536639494e+01 	 1.2028376714e-04
5600 	 5726 	 6.9536639371e+01 	 4.9657811540e-05
5700 	 5831 	 6.9536639271e+01 	 3.4163289677e-05
5800 	 5936 	 6.9536639163e+01 	 2.8138162363e-05
5900 	 6038 	 6.9536639057e+01 	 4.6659884198e-05
6000 	 6141 	 6.9536638957e+01 	 3.1572374870e-05
6100 	 6243 	 6.9536638862e+01 	 3.1063264523e-05
6200 	 6345 	 6.9536638743e+01 	 4.0194772482e-05
6300 	 6451 	 6.9536638644e+01 	 2.8802062153e-05
6400 	 6552 	 6.9536638557e+01 	 5.1256569815e-05
6500 	 6654 	 6.9536638480e+01 	 2.5142868649e-05
6600 	 6758 	 6.9536638419e+01 	 2.4745756785e-05
6700 	 6858 	 6.9536638382e+01 	 1.5397691416e-05
6800 	 6961 	 6.9536638352e+01 	 1.9965963509e-05
6900 	 7063 	 6.9536638327e+01 	 1.6186987128e-05
7000 	 7165 	 6.9536638312e+01 	 3.7959537974e-05
7100 	 7268 	 6.9536638299e+01 	 2.6240524685e-05
7200 	 7370 	 6.9536638287e+01 	 2.1569023535e-05
7300 	 7474 	 6.9536638276e+01 	 2.0703238464e-05
7400 	 7577 	 6.9536638262e+01 	 2.6036875819e-05
7500 	 7679 	 6.9536638248e+01 	 1.0559391920e-05
7600 	 7781 	 6.9536638237e+01 	 1.8395249567e-05
7700 	 7883 	 6.9536638228e+01 	 1.0291281842e-05
7800 	 7986 	 6.9536638221e+01 	 1.4434037276e-05
7900 	 8088 	 6.9536638213e+01 	 9.9082163414e-06
8000 	 8190 	 6.9536638205e+01 	 1.7128564724e-05
8100 	 8292 	 6.9536638198e+01 	 7.3085950707e-06
8200 	 8394 	 6.9536638193e+01 	 6.6811984511e-06
8300 	 8497 	 6.9536638190e+01 	 6.2389664073e-06
8400 	 8601 	 6.9536638187e+01 	 4.6377411828e-06
8500 	 8704 	 6.9536638185e+01 	 4.3032720656e-06
8600 	 8805 	 6.9536638184e+01 	 4.6030935133e-06
8700 	 8907 	 6.9536638183e+01 	 4.0128383159e-06
8800 	 9010 	 6.9536638182e+01 	 6.4698607335e-06
8900 	 9113 	 6.9536638181e+01 	 4.2532057069e-06
9000 	 9217 	 6.9536638180e+01 	 4.3208088792e-06
9100 	 9319 	 6.9536638179e+01 	 5.4532684885e-06
9200 	 9421 	 6.9536638178e+01 	 3.1219344460e-06
9300 	 9525 	 6.9536638177e+01 	 4.9914215230e-06
9400 	 9628 	 6.9536638176e+01 	 2.5404555384e-06
9500 	 9730 	 6.9536638176e+01 	 2.6176393622e-06
9600 	 9833 	 6.9536638175e+01 	 2.6489840668e-06
9700 	 9937 	 6.9536638175e+01 	 2.2601790300e-06
9800 	 10040 	 6.9536638174e+01 	 4.6885385851e-06
9900 	 10143 	 6.9536638174e+01 	 2.4952613810e-06
10000 	 10245 	 6.9536638174e+01 	 1.8723580083e-06
10100 	 10347 	 6.9536638173e+01 	 1.8947181834e-06
10200 	 10450 	 6.9536638173e+01 	 1.3905538978e-06
10300 	 10554 	 6.9536638173e+01 	 3.9964597409e-06
10400 	 10659 	 6.9536638173e+01 	 9.3613168463e-07
10500 	 10760 	 6.9536638173e+01 	 1.4233771168e-06
10600 	 10863 	 6.9536638173e+01 	 7.3843720712e-07
10700 	 10967 	 6.9536638173e+01 	 7.5236006338e-07
10800 	 11074 	 6.9536638173e+01 	 6.9669958723e-07
10900 	 11181 	 6.9536638173e+01 	 7.4103940411e-07
11000 	 11283 	 6.9536638172e+01 	 8.3351089154e-07
11100 	 11385 	 6.9536638172e+01 	 9.2569191861e-07
11200 	 11489 	 6.9536638172e+01 	 6.7336334235e-07
11300 	 11599 	 6.9536638172e+01 	 7.2039379622e-07
11400 	 11705 	 6.9536638172e+01 	 1.0191296105e-06
11500 	 11817 	 6.9536638172e+01 	 4.8711890965e-07
# ---- 
 1 		 11582 	 11921 		 7.5721473497e+01 	 6.9536638172e+01 	 6.8714755565e-07
# ---- 
100 	 102 	 6.9364328791e+01 	 6.3228455790e-02
200 	 203 	 6.9306073797e+01 	 2.9844065571e-02
300 	 304 	 6.9291705191e+01 	 1.1831750217e-02
400 	 405 	 6.9285266488e+01 	 8.6224502425e-03
500 	 507 	 6.9282531529e+01 	 5.7788474145e-03
600 	 609 	 6.9281064933e+01 	 7.0293448876e-03
700 	 712 	 6.9280154213e+01 	 6.1451914303e-03
800 	 814 	 6.9279560835e+01 	 3.4675130036e-03
900 	 916 	 6.9279161179e+01 	 2.6794408421e-03
1000 	 1022 	 6.9278854834e+01 	 2.1788402540e-03
1100 	 1122 	 6.9278677398e+01 	 2.3414789628e-03
1200 	 1225 	 6.9278548163e+01 	 1.0653220457e-03
1300 	 1326 	 6.9278440944e+01 	 1.2141728534e-03
1400 	 1430 	 6.9278350823e+01 	 1.1254229450e-03
1500 	 1533 	 6.9278280634e+01 	 1.2579015403e-03
1600 	 1636 	 6.9278215548e+01 	 9.5800384386e-04
1700 	 1737 	 6.9278149986e+01 	 1.6536994650e-03
1800 	 1839 	 6.9278090763e+01 	 7.4848573021e-04
1900 	 1943 	 6.9278037421e+01 	 7.1638246732e-04
2000 	 2044 	 6.9277990363e+01 	 8.9801694100e-04
2100 	 2148 	 6.9277945857e+01 	 1.4102841595e-03
2200 	 2253 	 6.9277909101e+01 	 4.9027242660e-04
2300 	 2357 	 6.9277881103e+01 	 5.5484928824e-04
2400 	 2460 	 6.9277858380e+01 	 3.8510948253e-04
2500 	 2561 	 6.9277841524e+01 	 4.7715102863e-04
2600 	 2663 	 6.9277827409e+01 	 9.1509295670e-04
2700 	 2766 	 6.9277815859e+01 	 4.3031199551e-04
2800 	 2870 	 6.9277806577e+01 	 2.7599569392e-04
2900 	 2970 	 6.9277799240e+01 	 2.8243545979e-04
3000 	 3074 	 6.9277791610e+01 	 8.3334478473e-04
3100 	 3174 	 6.9277783896e+01 	 2.9880088745e-04
3200 	 3276 	 6.9277778206e+01 	 7.9844957532e-04
3300 	 3378 	 6.9277772581e+01 	 3.1166845275e-04
3400 	 3481 	 6.9277767071e+01 	 3.3638993554e-04
3500 	 3583 	 6.9277762877e+01 	 1.8037079457e-04
3600 	 3685 	 6.9277760143e+01 	 1.6921890947e-04
3700 	 3786 	 6.9277757027e+01 	 6.1205572572e-04
3800 	 3887 	 6.9277753528e+01 	 2.5565026286e-04
3900 	 3990 	 6.9277750362e+01 	 1.8017053728e-04
4000 	 4092 	 6.9277747305e+01 	 3.4083132315e-04
4100 	 4193 	 6.9277744050e+01 	 2.0068079579e-04
4200 	 4294 	 6.9277741654e+01 	 1.5439247186e-04
4300 	 4397 	 6.9277740039e+01 	 1.2273303448e-04
4400 	 4499 	 6.9277739055e+01 	 1.1030447082e-04
4500 	 4603 	 6.9277738161e+01 	 1.1059478340e-04
4600 	 4705 	 6.9277737364e+01 	 1.0750608387e-04
4700 	 4807 	 6.9277736576e+01 	 8.2328713958e-05
4800 	 4909 	 6.9277735962e+01 	 7.3213253444e-05
4900 	 5010 	 6.9277735452e+01 	 8.2092077042e-05
5000 	 5110 	 6.9277735040e+01 	 6.4256826985e-05
5100 	 5213 	 6.9277734634e+01 	 6.7509054701e-05
5200 	 5318 	 6.9277733959e+01 	 1.1996926652e-04
5300 	 5423 	 6.9277733031e+01 	 9.5051577435e-05
5400 	 5526 	 6.9277732420e+01 	 1.0818684045e-04
5500 	 5627 	 6.9277731769e+01 	 1.2694683019e-04
5600 	 5729 	 6.9277731183e+01 	 8.3637639593e-05
5700 	 5830 	 6.9277730735e+01 	 6.7310748555e-05
5800 	 5933 	 6.9277730378e+01 	 4.7426965022e-05
5900 	 6038 	 6.9277730125e+01 	 4.3014267696e-05
6000 	 6141 	 6.9277729943e+01 	 4.7146877165e-05
6100 	 6243 	 6.9277729757e+01 	 4.3417352974e-05
6200 	 6345 	 6.9277729616e+01 	 4.1707297452e-05
6300 	 6448 	 6.9277729429e+01 	 4.7208742131e-05
6400 	 6550 	 6.9277729269e+01 	 3.8212185736e-05
6500 	 6653 	 6.9277729088e+01 	 7.7520416449e-05
6600 	 6755 	 6.9277728916e+01 	 4.1543786710e-05
6700 	 6859 	 6.9277728774e+01 	 3.1494204369e-05
6800 	 6962 	 6.9277728649e+01 	 3.6909646510e-05
6900 	 7065 	 6.9277728522e+01 	 5.6137421495e-05
7000 	 7166 	 6.9277728445e+01 	 2.2629245679e-05
7100 	 7269 	 6.9277728386e+01 	 2.2058002172e-05
7200 	 7372 	 6.9277728334e+01 	 4.6739047954e-05
7300 	 7474 	 6.9277728293e+01 	 2.0622347406e-05
7400 	 7578 	 6.9277728263e+01 	 2.8234073387e-05
7500 	 7679 	 6.9277728237e+01 	 2.0811433050e-05
7600 	 7780 	 6.9277728210e+01 	 1.5015290055e-05
7700 	 7883 	 6.9277728185e+01 	 4.5835616337e-05
7800 	 7986 	 6.9277728167e+01 	 1.6746858845e-05
7900 	 8091 	 6.9277728148e+01 	 9.8752360100e-06
8000 	 8192 	 6.9277728127e+01 	 1.8766275229e-05
8100 	 8295 	 6.9277728097e+01 	 1.9878567858e-05
8200 	 8396 	 6.9277728074e+01 	 1.5291802047e-05
8300 	 8500 	 6.9277728054e+01 	 1.1467190319e-05
8400 	 8604 	 6.9277728038e+01 	 1.2877751485e-05
8500 	 8708 	 6.9277728023e+01 	 2.2835577744e-05
8600 	 8811 	 6.9277728011e+01 	 1.8645769676e-05
8700 	 8915 	 6.9277728002e+01 	 3.1681756225e-05
8800 	 9019 	 6.9277727995e+01 	 8.7969684908e-06
8900 	 9121 	 6.9277727990e+01 	 1.0385421714e-05
9000 	 9224 	 6.9277727985e+01 	 8.7991412733e-06
9100 	 9329 	 6.9277727980e+01 	 8.2911027855e-06
9200 	 9433 	 6.9277727974e+01 	 6.7737040019e-06
9300 	 9536 	 6.9277727971e+01 	 8.0320771834e-06
9400 	 9638 	 6.9277727967e+01 	 1.3275780323e-05
9500 	 9741 	 6.9277727962e+01 	 5.9898953388e-06
9600 	 9841 	 6.9277727959e+01 	 5.8601805764e-06
9700 	 9943 	 6.9277727957e+01 	 7.4357840505e-06
9800 	 10045 	 6.9277727955e+01 	 4.0279260229e-06
9900 	 10146 	 6.9277727953e+01 	 1.1919878872e-05
10000 	 10248 	 6.9277727951e+01 	 5.3126914816e-06
10100 	 10352 	 6.9277727950e+01 	 5.0571263556e-06
10200 	 10454 	 6.9277727949e+01 	 3.1702652047e-06
10300 	 10557 	 6.9277727948e+01 	 4.5193466902e-06
10400 	 10659 	 6.9277727948e+01 	 4.3312173957e-06
10500 	 10765 	 6.9277727947e+01 	 5.4919335083e-06
10600 	 10869 	 6.9277727946e+01 	 3.1968406821e-06
10700 	 10970 	 6.9277727945e+01 	 4.5966339470e-06
10800 	 11072 	 6.9277727945e+01 	 1.7496868198e-06
10900 	 11173 	 6.9277727945e+01 	 1.7675891340e-06
11000 	 11278 	 6.9277727944e+01 	 4.2301626228e-06
11100 	 11380 	 6.9277727944e+01 	 1.8704505258e-06
11200 	 11482 	 6.9277727944e+01 	 2.1199402024e-06
11300 	 11585 	 6.9277727943e+01 	 2.8762972316e-06
11400 	 11690 	 6.9277727943e+01 	 2.4547656145e-06
11500 	 11791 	 6.9277727943e+01 	 1.2988956701e-06
11600 	 11897 	 6.9277727943e+01 	 1.1416611005e-06
11700 	 12002 	 6.9277727943e+01 	 1.0842908144e-06
11800 	 12105 	 6.9277727942e+01 	 8.4716499380e-07
11900 	 12210 	 6.9277727942e+01 	 8.0067828103e-07
12000 	 12321 	 6.9277727942e+01 	 7.4785078717e-07
12100 	 12433 	 6.9277727942e+01 	 4.6947636013e-07
12200 	 12539 	 6.9277727942e+01 	 6.5071554818e-07
12300 	 12647 	 6.9277727942e+01 	 9.6500152751e-07
12400 	 12769 	 6.9277727942e+01 	 6.5742505439e-07
# ---- 
 1 		 12473 	 12876 		 7.5398397940e+01 	 6.9277727942e+01 	 3.9665061469e-07
# ---- 
100 	 103 	 6.9135343998e+01 	 5.6873235478e-02
200 	 204 	 6.9079143853e+01 	 1.6526597412e-02
300 	 306 	 6.9065399835e+01 	 1.2070272786e-02
400 	 408 	 6.9058812792e+01 	 8.4982784585e-03
500 	 509 	 6.9055795018e+01 	 4.6565791297e-03
600 	 611 	 6.9054205424e+01 	 4.9885676195e-03
700 	 714 	 6.9053196391e+01 	 3.2350768312e-03
800 	 817 	 6.9052604570e+01 	 4.4724761384e-03
900 	 918 	 6.9052160195e+01 	 3.6357052019e-03
1000 	 1019 	 6.9051816314e+01 	 2.4287500182e-03
1100 	 1120 	 6.9051616992e+01 	 2.9689982887e-03
1200 	 1221 	 6.9051494220e+01 	 1.6190469610e-03
1300 	 1322 	 6.9051385455e+01 	 1.2314378794e-03
1400 	 1425 	 6.9051302624e+01 	 1.9975220979e-03
1500 	 1527 	 6.9051234431e+01 	 7.4383550406e-04
1600 	 1629 	 6.9051179226e+01 	 8.5059520041e-04
1700 	 1730 	 6.9051121718e+01 	 1.3873589682e-03
1800 	 1831 	 6.9051069792e+01 	 1.6634533518e-03
1900 	 1933 	 6.9051020252e+01 	 7.5297162330e-04
2000 	 2035 	 6.9050977751e+01 	 6.3150368455e-04
2100 	 2138 	 6.9050936555e+01 	 7.3545782911e-04
2200 	 2242 	 6.9050900750e+01 	 5.3236668749e-04
2300 	 2344 	 6.9050873617e+01 	 7.0881471112e-04
2400 	 2445 	 6.9050847729e+01 	 8.5441267635e-04
2500 	 2546 	 6.9050827606e+01 	 3.9849239477e-04
2600 	 2647 	 6.9050808854e+01 	 5.0506233663e-04
2700 	 2750 	 6.9050794209e+01 	 3.8569180645e-04
2800 	 2853 	 6.9050782403e+01 	 9.9912921628e-04
2900 	 2956 	 6.9050771275e+01 	 4.1437372150e-04
3000 	 3059 	 6.9050756881e+01 	 4.2005156683e-04
3100 	 3160 	 6.9050743881e+01 	 4.3602505932e-04
3200 	 3262 	 6.9050733749e+01 	 6.2587048868e-04
3300 	 3364 	 6.9050725390e+01 	 3.6861139804e-04
3400 	 3465 	 6.9050717920e+01 	 3.0331299994e-04
3500 	 3567 	 6.9050711900e+01 	 3.1795331460e-04
3600 	 3669 	 6.9050705803e+01 	 3.5259401591e-04
3700 	 3773 	 6.9050701018e+01 	 2.6594275581e-04
3800 	 3873 	 6.9050695296e+01 	 2.9442080118e-04
3900 	 3973 	 6.9050689612e+01 	 2.7503681726e-04
4000 	 4076 	 6.9050685657e+01 	 2.0912853189e-04
4100 	 4179 	 6.9050683280e+01 	 1.6196012420e-04
4200 	 4280 	 6.9050681026e+01 	 2.7434828804e-04
4300 	 4384 	 6.9050679081e+01 	 1.1960955084e-04
4400 	 4488 	 6.9050677249e+01 	 1.1870946112e-04
4500 	 4593 	 6.9050675824e+01 	 1.4207410551e-04
4600 	 4695 	 6.9050674310e+01 	 1.3357457304e-04
4700 	 4798 	 6.9050673002e+01 	 1.2441292894e-04
4800 	 4901 	 6.9050671639e+01 	 1.4821960155e-04
4900 	 5002 	 6.9050670216e+01 	 1.2429452372e-04
5000 	 5105 	 6.9050669091e+01 	 1.3501247485e-04
5100 	 5206 	 6.9050668077e+01 	 1.1205210427e-04
5200 	 5309 	 6.9050667121e+01 	 9.3073302534e-05
5300 	 5412 	 6.9050666234e+01 	 8.1140305515e-05
5400 	 5515 	 6.9050665754e+01 	 5.7395558462e-05
5500 	 5617 	 6.9050665292e+01 	 7.3364096288e-05
5600 	 5719 	 6.9050664777e+01 	 1.0452285189e-04
5700 	 5823 	 6.9050663976e+01 	 1.7048214618e-04
5800 	 5926 	 6.9050662965e+01 	 1.4261438103e-04
5900 	 6029 	 6.9050662180e+01 	 8.1179712754e-05
6000 	 6131 	 6.9050661361e+01 	 1.1763423293e-04
6100 	 6232 	 6.9050660543e+01 	 8.5334339984e-05
6200 	 6335 	 6.9050659946e+01 	 1.0879928143e-04
6300 	 6436 	 6.9050659522e+01 	 7.8061015300e-05
6400 	 6540 	 6.9050659059e+01 	 1.0986418046e-04
6500 	 6645 	 6.9050658753e+01 	 6.4379019390e-05
6600 	 6750 	 6.9050658499e+01 	 4.6126503153e-05
6700 	 6852 	 6.9050658274e+01 	 4.8490061570e-05
6800 	 6956 	 6.9050658125e+01 	 3.3322606993e-05
6900 	 7057 	 6.9050658045e+01 	 8.6057171185e-05
7000 	 7161 	 6.9050657977e+01 	 2.7030324101e-05
7100 	 7264 	 6.9050657904e+01 	 2.1732854885e-05
7200 	 7366 	 6.9050657815e+01 	 3.9248451559e-05
7300 	 7468 	 6.9050657710e+01 	 3.0612034140e-05
7400 	 7571 	 6.9050657635e+01 	 4.9709926800e-05
7500 	 7672 	 6.9050657574e+01 	 3.5594259048e-05
7600 	 7773 	 6.9050657527e+01 	 2.4839628084e-05
7700 	 7875 	 6.9050657484e+01 	 2.0885950993e-05
7800 	 7982 	 6.9050657437e+01 	 2.0067360019e-05
7900 	 8085 	 6.9050657390e+01 	 2.0943925959e-05
8000 	 8186 	 6.9050657345e+01 	 2.5514638134e-05
8100 	 8288 	 6.9050657305e+01 	 2.2220389247e-05
8200 	 8390 	 6.9050657273e+01 	 2.1987627942e-05
8300 	 8493 	 6.9050657253e+01 	 1.6601077818e-05
8400 	 8594 	 6.9050657231e+01 	 2.6608978080e-05
8500 	 8699 	 6.9050657211e+01 	 2.1078679111e-05
8600 	 8801 	 6.9050657193e+01 	 1.1453139876e-05
8700 	 8906 	 6.9050657180e+01 	 2.0014994031e-05
8800 	 9008 	 6.9050657170e+01 	 9.7706687989e-06
8900 	 9113 	 6.9050657161e+01 	 1.1550024639e-05
9000 	 9214 	 6.9050657153e+01 	 9.9617973894e-06
9100 	 9318 	 6.9050657144e+01 	 8.5734488902e-06
9200 	 9418 	 6.9050657136e+01 	 1.4542044602e-05
9300 	 9522 	 6.9050657128e+01 	 2.0589643684e-05
9400 	 9627 	 6.9050657122e+01 	 1.1421111511e-05
9500 	 9729 	 6.9050657117e+01 	 9.3201989239e-06
9600 	 9831 	 6.9050657112e+01 	 1.3314407347e-05
9700 	 9932 	 6.9050657107e+01 	 7.2741501956e-06
9800 	 10035 	 6.9050657104e+01 	 6.0538719466e-06
9900 	 10140 	 6.9050657101e+01 	 4.7566640431e-06
10000 	 10245 	 6.9050657099e+01 	 5.1497044352e-06
10100 	 10347 	 6.9050657096e+01 	 4.5041918837e-06
10200 	 10449 	 6.9050657095e+01 	 5.2260825263e-06
10300 	 10553 	 6.9050657093e+01 	 3.8498792998e-06
10400 	 10658 	 6.9050657091e+01 	 5.8269234018e-06
10500 	 10761 	 6.9050657090e+01 	 4.9862661493e-06
10600 	 10863 	 6.9050657089e+01 	 3.6709747332e-06
10700 	 10968 	 6.9050657088e+01 	 3.8577067278e-06
10800 	 11070 	 6.9050657087e+01 	 4.4088086386e-06
10900 	 11172 	 6.9050657086e+01 	 2.7304906449e-06
11000 	 11275 	 6.9050657085e+01 	 2.4174901781e-06
11100 	 11376 	 6.9050657085e+01 	 2.1758975701e-06
11200 	 11477 	 6.9050657084e+01 	 2.0897080844e-06
11300 	 11580 	 6.9050657083e+01 	 4.7339611021e-06
11400 	 11682 	 6.9050657083e+01 	 2.3127019135e-06
11500 	 11784 	 6.9050657082e+01 	 2.6671635478e-06
11600 	 11885 	 6.9050657082e+01 	 1.5406921217e-06
11700 	 11988 	 6.9050657082e+01 	 2.8328191947e-06
11800 	 12090 	 6.9050657082e+01 	 1.5803317694e-06
11900 	 12193 	 6.9050657082e+01 	 1.4502780445e-06
12000 	 12296 	 6.9050657082e+01 	 1.5602685115e-06
12100 	 12398 	 6.9050657081e+01 	 1.5515213236e-06
12200 	 12502 	 6.9050657081e+01 	 1.7482578307e-06
12300 	 12605 	 6.9050657081e+01 	 1.3825155566e-06
12400 	 12710 	 6.9050657081e+01 	 1.5922286610e-06
12500 	 12818 	 6.9050657081e+01 	 2.0582121190e-06
12600 	 12921 	 6.9050657081e+01 	 1.8920909577e-06
12700 	 13027 	 6.9050657081e+01 	 1.3981547667e-06
12800 	 13129 	 6.9050657080e+01 	 1.0973872565e-06
12900 	 13232 	 6.9050657080e+01 	 8.9554178632e-07
13000 	 13335 	 6.9050657080e+01 	 6.9189020719e-07
13100 	 13445 	 6.9050657080e+01 	 5.5827591659e-07
13200 	 13556 	 6.9050657080e+01 	 7.0478950761e-07
13300 	 13667 	 6.9050657080e+01 	 7.8623792523e-07
13400 	 13781 	 6.9050657080e+01 	 6.4211067417e-07
13500 	 13892 	 6.9050657080e+01 	 5.7758065149e-07
13600 	 14013 	 6.9050657080e+01 	 1.3000042096e-07
13700 	 14135 	 6.9050657080e+01 	 2.3056519799e-07
# ---- 
 1 		 13724 	 14175 		 7.5223294193e+01 	 6.9050657080e+01 	 2.1504890224e-07
# ---- 
100 	 105 	 6.8929560862e+01 	 4.5605208671e-02
200 	 207 	 6.8876961468e+01 	 2.0105285119e-02
300 	 310 	 6.8864565004e+01 	 1.1236286185e-02
400 	 412 	 6.8858209391e+01 	 7.3381718980e-03
500 	 515 	 6.8854983480e+01 	 1.0615414502e-02
600 	 619 	 6.8853346624e+01 	 4.8584904225e-03
700 	 720 	 6.8852245920e+01 	 3.4626150170e-03
800 	 824 	 6.8851598926e+01 	 4.1320534005e-03
900 	 927 	 6.8851099029e+01 	 2.4955382814e-03
1000 	 1028 	 6.8850694224e+01 	 2.3231282507e-03
1100 	 1132 	 6.8850388965e+01 	 2.1440896714e-03
1200 	 1235 	 6.8850144217e+01 	 2.6496754157e-03
1300 	 1336 	 6.8849906865e+01 	 1.4820266069e-03
1400 	 1439 	 6.8849671303e+01 	 3.7551489462e-03
1500 	 1540 	 6.8849453608e+01 	 1.4004762029e-03
1600 	 1641 	 6.8849230244e+01 	 1.4031687369e-03
1700 	 1745 	 6.8848999621e+01 	 1.8132499372e-03
1800 	 1848 	 6.8848793571e+01 	 1.6533683393e-03
1900 	 1948 	 6.8848654238e+01 	 1.4376450243e-03
2000 	 2049 	 6.8848560720e+01 	 1.1125990293e-03
2100 	 2150 	 6.8848475524e+01 	 8.0325673508e-04
2200 	 2253 	 6.8848398550e+01 	 9.9764542652e-04
2300 	 2354 	 6.8848347057e+01 	 1.3749479979e-03
2400 	 2457 	 6.8848309436e+01 	 7.8922343985e-04
2500 	 2560 	 6.8848280564e+01 	 5.8934521776e-04
2600 	 2663 	 6.8848257732e+01 	 7.7037737703e-04
2700 	 2767 	 6.8848238437e+01 	 6.2402448382e-04
2800 	 2869 	 6.8848223710e+01 	 4.1474315132e-04
2900 	 2972 	 6.8848209448e+01 	 6.1839886575e-04
3000 	 3075 	 6.8848195862e+01 	 4.0362100972e-04
3100 	 3178 	 6.8848185668e+01 	 3.9903757370e-04
3200 	 3280 	 6.8848176046e+01 	 3.6565366187e-04
3300 	 3381 	 6.8848166819e+01 	 7.4730419301e-04
3400 	 3484 	 6.8848158772e+01 	 2.8433912530e-04
3500 	 3585 	 6.8848151490e+01 	 2.1861648137e-04
3600 	 3687 	 6.8848144711e+01 	 3.2963485996e-04
3700 	 3789 	 6.8848138155e+01 	 6.9023808653e-04
3800 	 3892 	 6.8848132310e+01 	 3.5094715058e-04
3900 	 3995 	 6.8848126563e+01 	 5.9894605853e-04
4000 	 4097 	 6.8848120749e+01 	 2.5288143494e-04
4100 	 4198 	 6.8848114532e+01 	 5.9156039026e-04
4200 	 4299 	 6.8848108691e+01 	 2.0081600662e-04
4300 	 4402 	 6.8848104155e+01 	 3.3563927433e-04
4400 	 4505 	 6.8848101235e+01 	 1.9797777388e-04
4500 	 4605 	 6.8848098838e+01 	 4.1240375298e-04
4600 	 4708 	 6.8848097338e+01 	 2.1854211164e-04
4700 	 4811 	 6.8848096327e+01 	 2.1626582699e-04
4800 	 4913 	 6.8848095312e+01 	 1.6106457015e-04
4900 	 5016 	 6.8848094122e+01 	 1.8829850008e-04
5000 	 5117 	 6.8848093248e+01 	 1.1280205150e-04
5100 	 5221 	 6.8848092458e+01 	 9.0840385959e-05
5200 	 5322 	 6.8848091870e+01 	 1.2310605918e-04
5300 	 5423 	 6.8848091354e+01 	 6.6099611327e-05
5400 	 5526 	 6.8848090826e+01 	 1.0224048792e-04
5500 	 5631 	 6.8848090214e+01 	 7.3575568365e-05
5600 	 5734 	 6.8848089689e+01 	 6.1917614444e-05
5700 	 5836 	 6.8848089150e+01 	 1.1996023842e-04
5800 	 5941 	 6.8848088668e+01 	 5.8598276722e-05
5900 	 6044 	 6.8848088222e+01 	 6.1412110144e-05
6000 	 6145 	 6.8848087856e+01 	 1.0484999396e-04
6100 	 6247 	 6.8848087392e+01 	 8.1417324689e-05
6200 	 6349 	 6.8848086896e+01 	 6.3510839365e-05
6300 	 6452 	 6.8848086474e+01 	 8.3661498140e-05
6400 	 6552 	 6.8848086079e+01 	 6.6400352202e-05
6500 	 6654 	 6.8848085699e+01 	 6.8729822045e-05
6600 	 6756 	 6.8848085432e+01 	 9.9433177796e-05
6700 	 6858 	 6.8848085238e+01 	 6.8604199516e-05
6800 	 6961 	 6.8848085057e+01 	 3.9330569047e-05
6900 	 7063 	 6.8848084892e+01 	 4.1349632849e-05
7000 	 7167 	 6.8848084723e+01 	 3.6192777662e-05
7100 	 7270 	 6.8848084583e+01 	 6.9262723180e-05
7200 	 7373 	 6.8848084462e+01 	 3.9992441043e-05
7300 	 7476 	 6.8848084369e+01 	 2.5370153708e-05
7400 	 7579 	 6.8848084297e+01 	 3.5713925393e-05
7500 	 7680 	 6.8848084227e+01 	 4.2398651808e-05
7600 	 7784 	 6.8848084170e+01 	 4.8188250876e-05
7700 	 7888 	 6.8848084106e+01 	 2.8318238234e-05
7800 	 7990 	 6.8848084032e+01 	 2.4671446659e-05
7900 	 8092 	 6.8848083978e+01 	 2.7205136452e-05
8000 	 8193 	 6.8848083931e+01 	 2.4650770248e-05
8100 	 8295 	 6.8848083883e+01 	 3.0753835382e-05
8200 	 8398 	 6.8848083823e+01 	 2.0307122346e-05
8300 	 8500 	 6.8848083758e+01 	 2.7720576027e-05
8400 	 8602 	 6.8848083703e+01 	 2.0402214030e-05
8500 	 8704 	 6.8848083652e+01 	 2.1849976988e-05
8600 	 8808 	 6.8848083602e+01 	 3.5199592665e-05
8700 	 8910 	 6.8848083551e+01 	 3.9361462824e-05
8800 	 9012 	 6.8848083518e+01 	 2.4337621316e-05
8900 	 9113 	 6.8848083490e+01 	 1.7461959876e-05
9000 	 9216 	 6.8848083466e+01 	 1.7877063204e-05
9100 	 9319 	 6.8848083447e+01 	 2.2693896718e-05
9200 	 9422 	 6.8848083433e+01 	 1.1811261639e-05
9300 	 9524 	 6.8848083423e+01 	 1.0663153830e-05
9400 	 9628 	 6.8848083413e+01 	 2.2552547811e-05
9500 	 9730 	 6.8848083405e+01 	 1.0330535747e-05
9600 	 9833 	 6.8848083397e+01 	 1.4422582608e-05
9700 	 9935 	 6.8848083387e+01 	 9.1714951905e-06
9800 	 10036 	 6.8848083379e+01 	 8.6615369606e-06
9900 	 10138 	 6.8848083372e+01 	 8.8410306960e-06
10000 	 10240 	 6.8848083369e+01 	 6.0175080931e-06
10100 	 10343 	 6.8848083366e+01 	 4.7004645595e-06
10200 	 10446 	 6.8848083363e+01 	 5.5289386789e-06
10300 	 10546 	 6.8848083361e+01 	 4.0392200502e-06
10400 	 10648 	 6.8848083360e+01 	 5.2160869580e-06
10500 	 10750 	 6.8848083358e+01 	 4.4841048593e-06
10600 	 10851 	 6.8848083356e+01 	 4.3202260630e-06
10700 	 10953 	 6.8848083355e+01 	 4.6085977153e-06
10800 	 11056 	 6.8848083353e+01 	 4.6463342090e-06
10900 	 11160 	 6.8848083352e+01 	 6.3587784287e-06
11000 	 11263 	 6.8848083350e+01 	 4.3709338877e-06
11100 	 11367 	 6.8848083349e+01 	 3.1548170628e-06
11200 	 11470 	 6.8848083348e+01 	 3.2614511288e-06
11300 	 11572 	 6.8848083347e+01 	 9.8387866779e-06
11400 	 11674 	 6.8848083346e+01 	 2.9570404242e-06
11500 	 11775 	 6.8848083346e+01 	 4.3719324057e-06
11600 	 11876 	 6.8848083345e+01 	 6.2789852560e-06
11700 	 11979 	 6.8848083344e+01 	 2.3663342451e-06
11800 	 12081 	 6.8848083344e+01 	 3.1548999254e-06
11900 	 12183 	 6.8848083344e+01 	 2.0252843163e-06
12000 	 12286 	 6.8848083343e+01 	 1.7261712598e-06
12100 	 12389 	 6.8848083343e+01 	 1.9448111049e-06
12200 	 12493 	 6.8848083343e+01 	 1.6228658438e-06
12300 	 12595 	 6.8848083343e+01 	 1.8866865478e-06
12400 	 12699 	 6.8848083342e+01 	 1.7465951416e-06
12500 	 12804 	 6.8848083342e+01 	 1.5504151580e-06
12600 	 12905 	 6.8848083342e+01 	 1.4256719614e-06
12700 	 13009 	 6.8848083342e+01 	 1.3958581116e-06
12800 	 13115 	 6.8848083342e+01 	 1.1290028798e-06
12900 	 13224 	 6.8848083342e+01 	 1.0070206812e-06
13000 	 13327 	 6.8848083342e+01 	 1.2901716643e-06
13100 	 13431 	 6.8848083342e+01 	 1.0117184337e-06
13200 	 13540 	 6.8848083341e+01 	 8.1004646627e-07
13300 	 13650 	 6.8848083341e+01 	 1.1680675675e-06
13400 	 13759 	 6.8848083341e+01 	 7.4165741009e-07
13500 	 13872 	 6.8848083341e+01 	 3.7556904286e-07
13600 	 13985 	 6.8848083341e+01 	 6.5124477098e-07
13700 	 14089 	 6.8848083341e+01 	 7.4975000858e-07
13800 	 14197 	 6.8848083341e+01 	 9.4797439295e-07
13900 	 14301 	 6.8848083341e+01 	 1.1524042496e-06
14000 	 14402 	 6.8848083341e+01 	 7.9926593710e-07
14100 	 14507 	 6.8848083341e+01 	 8.1463977096e-07
14200 	 14610 	 6.8848083341e+01 	 1.2591050029e-06
14300 	 14718 	 6.8848083341e+01 	 1.0640311302e-06
14400 	 14830 	 6.8848083341e+01 	 1.3136012783e-06
14500 	 14940 	 6.8848083341e+01 	 6.9373831638e-07
# ---- 
 1 		 14539 	 15019 		 7.4983004862e+01 	 6.8848083341e+01 	 8.2558708025e-07
# ---- 
100 	 101 	 6.8738260959e+01 	 6.1173697040e-02
200 	 203 	 6.8692787158e+01 	 2.0412666094e-02
300 	 306 	 6.8681601224e+01 	 1.2505459779e-02
400 	 409 	 6.8675503559e+01 	 2.2073538034e-02
500 	 514 	 6.8672171040e+01 	 5.9461106902e-03
600 	 615 	 6.8670436858e+01 	 4.8210007077e-03
700 	 716 	 6.8669289163e+01 	 3.8539381567e-03
800 	 818 	 6.8668615267e+01 	 2.7971825710e-03
900 	 922 	 6.8668111835e+01 	 2.8443920647e-03
1000 	 1023 	 6.8667722012e+01 	 4.7728118482e-03
1100 	 1127 	 6.8667451190e+01 	 1.4563248130e-03
1200 	 1229 	 6.8667288142e+01 	 4.3461740644e-03
1300 	 1333 	 6.8667160283e+01 	 1.0802017600e-03
1400 	 1436 	 6.8667066263e+01 	 1.2178491948e-03
1500 	 1538 	 6.8666994116e+01 	 9.1626130351e-04
1600 	 1640 	 6.8666943073e+01 	 8.2586093597e-04
1700 	 1742 	 6.8666898749e+01 	 1.2057864813e-03
1800 	 1845 	 6.8666853877e+01 	 7.0827193775e-04
1900 	 1947 	 6.8666809758e+01 	 1.2880489712e-03
2000 	 2050 	 6.8666774962e+01 	 9.7386403592e-04
2100 	 2152 	 6.8666744288e+01 	 9.0375466573e-04
2200 	 2252 	 6.8666716720e+01 	 5.9923254314e-04
2300 	 2354 	 6.8666690079e+01 	 8.2627252321e-04
2400 	 2456 	 6.8666668666e+01 	 5.0898726200e-04
2500 	 2560 	 6.8666647336e+01 	 4.0820854429e-04
2600 	 2663 	 6.8666623671e+01 	 6.2105904770e-04
2700 	 2765 	 6.8666602144e+01 	 5.1768197045e-04
2800 	 2868 	 6.8666583142e+01 	 1.2925650503e-03
2900 	 2974 	 6.8666567106e+01 	 3.6729472989e-04
3000 	 3075 	 6.8666553388e+01 	 7.0249394513e-04
3100 	 3178 	 6.8666539832e+01 	 7.3898798062e-04
3200 	 3280 	 6.8666529469e+01 	 4.4280877382e-04
3300 	 3383 	 6.8666519314e+01 	 4.0059943527e-04
3400 	 3484 	 6.8666510533e+01 	 2.8423921259e-04
3500 	 3588 	 6.8666504869e+01 	 2.2841719516e-04
3600 	 3692 	 6.8666500066e+01 	 2.0447598954e-04
3700 	 3794 	 6.8666496062e+01 	 5.3386189228e-04
3800 	 3898 	 6.8666493050e+01 	 1.8420662357e-04
3900 	 3999 	 6.8666489902e+01 	 2.3461326132e-04
4000 	 4103 	 6.8666487120e+01 	 5.1895836412e-04
4100 	 4205 	 6.8666484066e+01 	 2.3409396260e-04
4200 	 4310 	 6.8666481478e+01 	 3.1403550381e-04
4300 	 4413 	 6.8666478485e+01 	 3.7632987393e-04
4400 	 4516 	 6.8666476146e+01 	 1.4922152467e-04
4500 	 4618 	 6.8666474194e+01 	 1.6564640234e-04
4600 	 4720 	 6.8666472875e+01 	 1.2975098792e-04
4700 	 4824 	 6.8666471835e+01 	 1.1912768357e-04
4800 	 4927 	 6.8666470723e+01 	 1.6884874231e-04
4900 	 5027 	 6.8666469552e+01 	 1.1604181352e-04
5000 	 5130 	 6.8666468367e+01 	 2.8028047010e-04
5100 	 5232 	 6.8666467348e+01 	 1.1521697151e-04
5200 	 5335 	 6.8666466351e+01 	 9.5992709008e-05
5300 	 5438 	 6.8666465568e+01 	 8.1996635569e-05
5400 	 5540 	 6.8666464814e+01 	 8.9550538046e-05
5500 	 5640 	 6.8666464151e+01 	 8.7874947074e-05
5600 	 5743 	 6.8666463638e+01 	 1.4098175483e-04
5700 	 5847 	 6.8666463170e+01 	 6.8218650886e-05
5800 	 5951 	 6.8666462705e+01 	 7.8139167245e-05
5900 	 6056 	 6.8666462222e+01 	 6.8166213898e-05
6000 	 6160 	 6.8666461864e+01 	 6.5836746346e-05
6100 	 6264 	 6.8666461490e+01 	 9.1297136768e-05
6200 	 6366 	 6.8666461002e+01 	 8.4255321801e-05
6300 	 6468 	 6.8666460535e+01 	 7.8997371891e-05
6400 	 6573 	 6.8666460154e+01 	 4.6662607421e-05
6500 	 6676 	 6.8666459861e+01 	 4.3721496909e-05
6600 	 6780 	 6.8666459609e+01 	 4.4949519137e-05
6700 	 6880 	 6.8666459414e+01 	 4.4791581109e-05
6800 	 6981 	 6.8666459238e+01 	 7.7300979011e-05
6900 	 7084 	 6.8666459079e+01 	 7.8867312557e-05
7000 	 7186 	 6.8666458927e+01 	 5.2936655673e-05
7100 	 7289 	 6.8666458801e+01 	 4.1689049892e-05
7200 	 7391 	 6.8666458698e+01 	 3.4272623763e-05
7300 	 7497 	 6.8666458613e+01 	 4.0794790319e-05
7400 	 7600 	 6.8666458540e+01 	 6.3315120065e-05
7500 	 7703 	 6.8666458472e+01 	 4.0596963622e-05
7600 	 7805 	 6.8666458410e+01 	 3.5452324611e-05
7700 	 7908 	 6.8666458357e+01 	 2.3851161987e-05
7800 	 8010 	 6.8666458313e+01 	 2.2199405294e-05
7900 	 8113 	 6.8666458272e+01 	 1.6476231333e-05
8000 	 8214 	 6.8666458234e+01 	 4.7504717488e-05
8100 	 8318 	 6.8666458203e+01 	 3.0720250347e-05
8200 	 8420 	 6.8666458177e+01 	 1.7300846193e-05
8300 	 8521 	 6.8666458149e+01 	 2.2853102815e-05
8400 	 8624 	 6.8666458123e+01 	 1.7377277491e-05
8500 	 8726 	 6.8666458092e+01 	 2.6237688985e-05
8600 	 8827 	 6.8666458053e+01 	 2.3069154351e-05
8700 	 8927 	 6.8666458015e+01 	 1.9446683503e-05
8800 	 9028 	 6.8666457979e+01 	 3.3529415142e-05
8900 	 9129 	 6.8666457951e+01 	 2.4386043219e-05
9000 	 9233 	 6.8666457932e+01 	 1.4517032679e-05
9100 	 9338 	 6.8666457917e+01 	 1.2358543907e-05
9200 	 9440 	 6.8666457906e+01 	 1.8657514293e-05
9300 	 9545 	 6.8666457897e+01 	 8.9548649982e-06
9400 	 9649 	 6.8666457889e+01 	 9.5509664258e-06
9500 	 9752 	 6.8666457882e+01 	 1.5729765613e-05
9600 	 9854 	 6.8666457875e+01 	 1.0961212384e-05
9700 	 9957 	 6.8666457871e+01 	 8.2025840377e-06
9800 	 10060 	 6.8666457866e+01 	 8.0583072282e-06
9900 	 10162 	 6.8666457860e+01 	 8.7125395784e-06
10000 	 10264 	 6.8666457855e+01 	 6.3120629589e-06
10100 	 10366 	 6.8666457849e+01 	 9.4758815496e-06
10200 	 10471 	 6.8666457844e+01 	 5.5238530172e-06
10300 	 10573 	 6.8666457840e+01 	 7.0464139515e-06
10400 	 10677 	 6.8666457836e+01 	 1.6117689688e-05
10500 	 10779 	 6.8666457831e+01 	 7.6308946772e-06
10600 	 10883 	 6.8666457827e+01 	 6.3350497684e-06
10700 	 10985 	 6.8666457823e+01 	 7.4365595587e-06
10800 	 11088 	 6.8666457819e+01 	 8.9638295694e-06
10900 	 11190 	 6.8666457813e+01 	 1.1979902863e-05
11000 	 11292 	 6.8666457809e+01 	 6.6858563900e-06
11100 	 11395 	 6.8666457807e+01 	 6.1172906036e-06
11200 	 11497 	 6.8666457805e+01 	 7.6763431847e-06
11300 	 11602 	 6.8666457803e+01 	 3.6949439213e-06
11400 	 11704 	 6.8666457802e+01 	 3.7618551619e-06
11500 	 11805 	 6.8666457800e+01 	 7.6253585592e-06
11600 	 11909 	 6.8666457799e+01 	 3.2525480755e-06
11700 	 12011 	 6.8666457798e+01 	 3.9785325586e-06
11800 	 12114 	 6.8666457797e+01 	 2.4277371879e-06
11900 	 12216 	 6.8666457797e+01 	 2.2323590602e-06
12000 	 12317 	 6.8666457796e+01 	 1.6109383807e-06
12100 	 12418 	 6.8666457796e+01 	 3.0458491453e-06
12200 	 12520 	 6.8666457796e+01 	 1.7238112070e-06
12300 	 12622 	 6.8666457796e+01 	 2.2116340900e-06
12400 	 12725 	 6.8666457796e+01 	 1.4614392401e-06
12500 	 12830 	 6.8666457796e+01 	 1.5794910602e-06
12600 	 12932 	 6.8666457795e+01 	 2.9087559013e-06
12700 	 13036 	 6.8666457795e+01 	 2.1214589231e-06
12800 	 13139 	 6.8666457795e+01 	 1.4052421162e-06
12900 	 13242 	 6.8666457794e+01 	 3.0800343371e-06
13000 	 13344 	 6.8666457794e+01 	 1.7712804693e-06
13100 	 13447 	 6.8666457794e+01 	 3.7073706360e-06
13200 	 13550 	 6.8666457794e+01 	 1.6910321361e-06
13300 	 13652 	 6.8666457793e+01 	 1.5096919625e-06
13400 	 13754 	 6.8666457793e+01 	 1.7116378063e-06
13500 	 13857 	 6.8666457793e+01 	 1.0653702482e-06
13600 	 13967 	 6.8666457793e+01 	 6.7070745657e-07
13700 	 14084 	 6.8666457793e+01 	 8.0614759873e-07
13800 	 14202 	 6.8666457793e+01 	 9.0576270899e-07
13900 	 14311 	 6.8666457793e+01 	 1.0704570806e-06
14000 	 14416 	 6.8666457793e+01 	 8.9516866696e-07
14100 	 14527 	 6.8666457793e+01 	 6.8994635665e-07
14200 	 14637 	 6.8666457793e+01 	 9.1069315160e-07
14300 	 14749 	 6.8666457793e+01 	 6.1062507452e-07
14400 	 14867 	 6.8666457793e+01 	 7.2982022317e-07
14500 	 14979 	 6.8666457793e+01 	 7.7084559908e-07
14600 	 15089 	 6.8666457793e+01 	 5.7672432971e-07
14700 	 15202 	 6.8666457793e+01 	 3.3207780729e-07
14800 	 15318 	 6.8666457793e+01 	 4.4698101477e-07
14900 	 15430 	 6.8666457793e+01 	 6.2828529186e-07
15000 	 15544 	 6.8666457793e+01 	 6.7972597519e-07
15100 	 15654 	 6.8666457793e+01 	 4.1033621459e-07
15200 	 15769 	 6.8666457793e+01 	 4.2302623410e-07
15300 	 15880 	 6.8666457793e+01 	 6.5867005894e-07
15400 	 15997 	 6.8666457793e+01 	 4.4782824229e-07
# ---- 
 1 		 15486 	 16116 		 7.4736438443e+01 	 6.8666457793e+01 	 7.6746227394e-07
# ---- 
100 	 101 	 6.8570266708e+01 	 5.6487352885e-02
200 	 203 	 6.8528039904e+01 	 1.9154365868e-02
300 	 307 	 6.8517579963e+01 	 1.2085449594e-02
400 	 408 	 6.8511675846e+01 	 1.1971963819e-02
500 	 511 	 6.8508344483e+01 	 6.0835175220e-03
600 	 613 	 6.8506625527e+01 	 6.8086320096e-03
700 	 716 	 6.8505453255e+01 	 6.4603217241e-03
800 	 818 	 6.8504790779e+01 	 2.7898355542e-03
900 	 919 	 6.8504325159e+01 	 2.9078448145e-03
1000 	 1024 	 6.8503954961e+01 	 2.8071048212e-03
1100 	 1124 	 6.8503691350e+01 	 1.4598036335e-03
1200 	 1224 	 6.8503516362e+01 	 1.8886060464e-03
1300 	 1328 	 6.8503387713e+01 	 2.5217807178e-03
1400 	 1430 	 6.8503296615e+01 	 2.6696349795e-03
1500 	 1531 	 6.8503230254e+01 	 7.7158472554e-04
1600 	 1635 	 6.8503180110e+01 	 5.7275487425e-04
1700 	 1738 	 6.8503136453e+01 	 7.5435702312e-04
1800 	 1839 	 6.8503089299e+01 	 1.1171659866e-03
1900 	 1940 	 6.8503047280e+01 	 5.5964053393e-04
2000 	 2041 	 6.8503009858e+01 	 6.4977160355e-04
2100 	 2145 	 6.8502979243e+01 	 6.1283784121e-04
2200 	 2248 	 6.8502951643e+01 	 6.9235009399e-04
2300 	 2351 	 6.8502925916e+01 	 5.3728883339e-04
2400 	 2453 	 6.8502904699e+01 	 6.3489293355e-04
2500 	 2557 	 6.8502885691e+01 	 4.1789850252e-04
2600 	 2659 	 6.8502863874e+01 	 6.2864519816e-04
2700 	 2762 	 6.8502842994e+01 	 4.8921228463e-04
2800 	 2865 	 6.8502826409e+01 	 3.2487708969e-04
2900 	 2967 	 6.8502812568e+01 	 4.7761431169e-04
3000 	 3070 	 6.8502798580e+01 	 4.7007548029e-04
3100 	 3171 	 6.8502786305e+01 	 3.8182253779e-04
3200 	 3278 	 6.8502775954e+01 	 4.7878835303e-04
3300 	 3382 	 6.8502767664e+01 	 2.6934858738e-04
3400 	 3485 	 6.8502759847e+01 	 8.1204059590e-04
3500 	 3589 	 6.8502754492e+01 	 1.8378066101e-04
3600 	 3689 	 6.8502749468e+01 	 2.5186765423e-04
3700 	 3793 	 6.8502744371e+01 	 5.1469196440e-04
3800 	 3894 	 6.8502740294e+01 	 1.7274497391e-04
3900 	 3995 	 6.8502736422e+01 	 3.0866016845e-04
4000 	 4097 	 6.8502733471e+01 	 1.5459254390e-04
4100 	 4200 	 6.8502730710e+01 	 1.5996566250e-04
4200 	 4302 	 6.8502727663e+01 	 1.4221532485e-04
4300 	 4405 	 6.8502724089e+01 	 3.8687685029e-04
4400 	 4506 	 6.8502721147e+01 	 2.5561189648e-04
4500 	 4610 	 6.8502719348e+01 	 1.1763558774e-04
4600 	 4713 	 6.8502718195e+01 	 1.9901816852e-04
4700 	 4815 	 6.8502717292e+01 	 1.0681192082e-04
4800 	 4919 	 6.8502716360e+01 	 1.8310103697e-04
4900 	 5020 	 6.8502715491e+01 	 2.3152349392e-04
5000 	 5120 	 6.8502714723e+01 	 1.8873062535e-04
5100 	 5221 	 6.8502714085e+01 	 7.0971592782e-05
5200 	 5321 	 6.8502713515e+01 	 9.2766425742e-05
5300 	 5423 	 6.8502713017e+01 	 7.6120648306e-05
5400 	 5524 	 6.8502712559e+01 	 1.0780279942e-04
5500 	 5628 	 6.8502711976e+01 	 7.6430346106e-05
5600 	 5732 	 6.8502711397e+01 	 9.2754708218e-05
5700 	 5833 	 6.8502710905e+01 	 7.0258044535e-05
5800 	 5937 	 6.8502710464e+01 	 7.8271471192e-05
5900 	 6039 	 6.8502709912e+01 	 9.3853917646e-05
6000 	 6141 	 6.8502709473e+01 	 6.1952670742e-05
6100 	 6244 	 6.8502709042e+01 	 7.5616799165e-05
6200 	 6346 	 6.8502708500e+01 	 7.0497660128e-05
6300 	 6449 	 6.8502708094e+01 	 9.0412652533e-05
6400 	 6552 	 6.8502707728e+01 	 1.7751315444e-04
6500 	 6653 	 6.8502707315e+01 	 6.7829667990e-05
6600 	 6756 	 6.8502706973e+01 	 7.4394786727e-05
6700 	 6860 	 6.8502706752e+01 	 4.7822389236e-05
6800 	 6961 	 6.8502706594e+01 	 3.0555402800e-05
6900 	 7065 	 6.8502706434e+01 	 5.3631143463e-05
7000 	 7169 	 6.8502706296e+01 	 3.8379728569e-05
7100 	 7272 	 6.8502706153e+01 	 3.1867976097e-05
7200 	 7376 	 6.8502706036e+01 	 4.9918603853e-05
7300 	 7479 	 6.8502705905e+01 	 2.8124771389e-05
7400 	 7584 	 6.8502705760e+01 	 4.2670041275e-05
7500 	 7685 	 6.8502705627e+01 	 7.3847886442e-05
7600 	 7789 	 6.8502705522e+01 	 3.4961289274e-05
7700 	 7891 	 6.8502705412e+01 	 3.4063912611e-05
7800 	 7995 	 6.8502705339e+01 	 5.6525904065e-05
7900 	 8097 	 6.8502705294e+01 	 2.4343207846e-05
8000 	 8200 	 6.8502705259e+01 	 1.9195935588e-05
8100 	 8301 	 6.8502705221e+01 	 2.1821322950e-05
8200 	 8403 	 6.8502705181e+01 	 2.1673200447e-05
8300 	 8505 	 6.8502705132e+01 	 2.5745224093e-05
8400 	 8607 	 6.8502705083e+01 	 2.8263998873e-05
8500 	 8712 	 6.8502705042e+01 	 1.9261132037e-05
8600 	 8814 	 6.8502705004e+01 	 2.0953503664e-05
8700 	 8914 	 6.8502704971e+01 	 1.4049245135e-05
8800 	 9018 	 6.8502704943e+01 	 1.8921475845e-05
8900 	 9119 	 6.8502704917e+01 	 1.4547926357e-05
9000 	 9224 	 6.8502704899e+01 	 1.7746810913e-05
9100 	 9326 	 6.8502704881e+01 	 2.1754139191e-05
9200 	 9427 	 6.8502704858e+01 	 4.3631305129e-05
9300 	 9533 	 6.8502704842e+01 	 1.1646920686e-05
9400 	 9634 	 6.8502704827e+01 	 1.5834292604e-05
9500 	 9736 	 6.8502704816e+01 	 1.1465975039e-05
9600 	 9840 	 6.8502704804e+01 	 1.1215252455e-05
9700 	 9944 	 6.8502704791e+01 	 1.1699264559e-05
9800 	 10046 	 6.8502704780e+01 	 1.1130547640e-05
9900 	 10149 	 6.8502704769e+01 	 1.6942616283e-05
10000 	 10252 	 6.8502704762e+01 	 8.8416409883e-06
10100 	 10355 	 6.8502704755e+01 	 1.2947990899e-05
10200 	 10457 	 6.8502704750e+01 	 7.4169411490e-06
10300 	 10559 	 6.8502704745e+01 	 7.9745201624e-06
10400 	 10662 	 6.8502704740e+01 	 6.7000192542e-06
10500 	 10764 	 6.8502704735e+01 	 6.2558093417e-06
10600 	 10866 	 6.8502704728e+01 	 7.6721772328e-06
10700 	 10967 	 6.8502704723e+01 	 6.2477945005e-06
10800 	 11069 	 6.8502704718e+01 	 8.8424820293e-06
10900 	 11172 	 6.8502704715e+01 	 1.0590628567e-05
11000 	 11274 	 6.8502704712e+01 	 7.0781250541e-06
11100 	 11375 	 6.8502704708e+01 	 1.1665412379e-05
11200 	 11477 	 6.8502704705e+01 	 6.9261512663e-06
11300 	 11581 	 6.8502704703e+01 	 9.7222000843e-06
11400 	 11682 	 6.8502704702e+01 	 3.4177550087e-06
11500 	 11783 	 6.8502704701e+01 	 3.4483397342e-06
11600 	 11883 	 6.8502704700e+01 	 5.6335621500e-06
11700 	 11987 	 6.8502704699e+01 	 3.2187784590e-06
11800 	 12089 	 6.8502704698e+01 	 7.3767191963e-06
11900 	 12192 	 6.8502704698e+01 	 3.0836994305e-06
12000 	 12295 	 6.8502704697e+01 	 2.6679064157e-06
12100 	 12398 	 6.8502704696e+01 	 2.6394904452e-06
12200 	 12500 	 6.8502704696e+01 	 3.0954109777e-06
12300 	 12600 	 6.8502704695e+01 	 2.6352354871e-06
12400 	 12702 	 6.8502704694e+01 	 3.4968580146e-06
12500 	 12805 	 6.8502704694e+01 	 2.4664153487e-06
12600 	 12907 	 6.8502704693e+01 	 3.6181270665e-06
12700 	 13008 	 6.8502704692e+01 	 2.5789076153e-06
12800 	 13110 	 6.8502704692e+01 	 2.3265411052e-06
12900 	 13211 	 6.8502704691e+01 	 3.8902612449e-06
13000 	 13312 	 6.8502704691e+01 	 3.8513808202e-06
13100 	 13415 	 6.8502704690e+01 	 2.1247703026e-06
13200 	 13518 	 6.8502704690e+01 	 3.6319782786e-06
13300 	 13621 	 6.8502704689e+01 	 2.1516037085e-06
13400 	 13723 	 6.8502704689e+01 	 1.8638240935e-06
13500 	 13826 	 6.8502704689e+01 	 2.4784308480e-06
13600 	 13930 	 6.8502704688e+01 	 2.1726494000e-06
13700 	 14032 	 6.8502704688e+01 	 1.0283219729e-06
13800 	 14136 	 6.8502704688e+01 	 1.1308248766e-06
13900 	 14243 	 6.8502704688e+01 	 1.3717199501e-06
14000 	 14345 	 6.8502704688e+01 	 1.0292011886e-06
14100 	 14449 	 6.8502704688e+01 	 2.1865731686e-06
14200 	 14555 	 6.8502704688e+01 	 1.2828310457e-06
14300 	 14657 	 6.8502704688e+01 	 8.2879658830e-07
14400 	 14766 	 6.8502704687e+01 	 5.5018652491e-07
14500 	 14883 	 6.8502704687e+01 	 1.3233544516e-06
14600 	 14991 	 6.8502704687e+01 	 5.7255386554e-07
14700 	 15107 	 6.8502704687e+01 	 6.7335490831e-07
14800 	 15222 	 6.8502704687e+01 	 3.8549330277e-07
14900 	 15340 	 6.8502704687e+01 	 6.0362050375e-07
15000 	 15454 	 6.8502704687e+01 	 3.4316294383e-07
15100 	 15571 	 6.8502704687e+01 	 4.0433848232e-07
15200 	 15683 	 6.8502704687e+01 	 7.5246174200e-07
15300 	 15801 	 6.8502704687e+01 	 3.8364966709e-07
15400 	 15925 	 6.8502704687e+01 	 6.5156166626e-07
15500 	 16044 	 6.8502704687e+01 	 5.2332012151e-07
# ---- 
 1 		 15518 	 16080 		 7.4484344086e+01 	 6.8502704687e+01 	 3.8771612987e-07
# ---- 
100 	 101 	 6.8420454906e+01 	 3.7693326516e-02
200 	 201 	 6.8379229096e+01 	 4.5188964994e-02
300 	 303 	 6.8368997495e+01 	 1.3491243423e-02
400 	 405 	 6.8363391250e+01 	 8.1817088248e-03
500 	 507 	 6.8359999681e+01 	 6.6268224808e-03
600 	 609 	 6.8358329399e+01 	 9.5285603709e-03
700 	 710 	 6.8357089463e+01 	 3.0177368341e-03
800 	 813 	 6.8356444692e+01 	 2.9028502765e-03
900 	 914 	 6.8355997137e+01 	 3.0853360211e-03
1000 	 1015 	 6.8355634135e+01 	 1.8531047538e-03
1100 	 1117 	 6.8355380781e+01 	 2.2267908294e-03
1200 	 1218 	 6.8355212227e+01 	 1.3998770121e-03
1300 	 1321 	 6.8355078182e+01 	 3.5392711006e-03
1400 	 1424 	 6.8354985104e+01 	 1.0202175547e-03
1500 	 1527 	 6.8354913556e+01 	 1.0606628598e-03
1600 	 1628 	 6.8354857254e+01 	 6.8194558170e-04
1700 	 1729 	 6.8354815240e+01 	 6.6322784726e-04
1800 	 1829 	 6.8354776380e+01 	 5.5693060454e-04
1900 	 1931 	 6.8354736909e+01 	 8.0085032243e-04
2000 	 2033 	 6.8354701561e+01 	 6.4726639646e-04
2100 	 2134 	 6.8354670173e+01 	 5.9896382791e-04
2200 	 2237 	 6.8354638585e+01 	 5.3313926672e-04
2300 	 2339 	 6.8354614421e+01 	 6.0530149781e-04
2400 	 2442 	 6.8354594636e+01 	 3.6363935026e-04
2500 	 2546 	 6.8354575486e+01 	 7.1874076604e-04
2600 	 2648 	 6.8354560862e+01 	 4.6514555355e-04
2700 	 2752 	 6.8354544658e+01 	 4.5407911206e-04
2800 	 2853 	 6.8354530207e+01 	 3.3460814496e-04
2900 	 2955 	 6.8354514369e+01 	 5.8345526525e-04
3000 	 3056 	 6.8354500487e+01 	 3.5423318967e-04
3100 	 3158 	 6.8354488432e+01 	 6.5194040091e-04
3200 	 3259 	 6.8354478621e+01 	 7.7202408455e-04
3300 	 3361 	 6.8354469190e+01 	 3.7771046043e-04
3400 	 3464 	 6.8354462618e+01 	 1.9042786958e-04
3500 	 3567 	 6.8354457396e+01 	 2.5856857683e-04
3600 	 3672 	 6.8354451428e+01 	 2.6496965165e-04
3700 	 3776 	 6.8354446191e+01 	 6.2334235945e-04
3800 	 3880 	 6.8354441345e+01 	 2.8027970968e-04
3900 	 3981 	 6.8354437640e+01 	 2.2443459162e-04
4000 	 4083 	 6.8354434645e+01 	 1.8479282172e-04
4100 	 4185 	 6.8354432260e+01 	 2.0795042156e-04
4200 	 4286 	 6.8354429402e+01 	 1.9104747315e-04
4300 	 4388 	 6.8354425886e+01 	 2.0906068059e-04
4400 	 4490 	 6.8354422938e+01 	 1.7733930953e-04
4500 	 4594 	 6.8354420820e+01 	 1.2432818147e-04
4600 	 4696 	 6.8354419353e+01 	 1.6331790713e-04
4700 	 4797 	 6.8354418133e+01 	 9.6895620287e-05
4800 	 4897 	 6.8354417196e+01 	 1.0510085983e-04
4900 	 5001 	 6.8354416424e+01 	 8.7763038785e-05
5000 	 5104 	 6.8354415626e+01 	 1.0260688719e-04
5100 	 5206 	 6.8354414914e+01 	 8.8207774910e-05
5200 	 5308 	 6.8354414239e+01 	 1.6414956670e-04
5300 	 5410 	 6.8354413671e+01 	 7.2074567017e-05
5400 	 5511 	 6.8354413048e+01 	 6.9356880371e-05
5500 	 5611 	 6.8354412408e+01 	 1.1024598020e-04
5600 	 5713 	 6.8354411788e+01 	 1.0937985594e-04
5700 	 5813 	 6.8354411214e+01 	 2.3507991767e-04
5800 	 5915 	 6.8354410660e+01 	 1.1269914739e-04
5900 	 6016 	 6.8354410287e+01 	 5.1533417912e-05
6000 	 6120 	 6.8354409947e+01 	 8.2375858454e-05
6100 	 6222 	 6.8354409574e+01 	 1.1337429349e-04
6200 	 6323 	 6.8354409194e+01 	 8.7771003029e-05
6300 	 6423 	 6.8354408886e+01 	 9.2839454340e-05
6400 	 6525 	 6.8354408534e+01 	 6.0984802195e-05
6500 	 6626 	 6.8354408142e+01 	 7.1937310257e-05
6600 	 6726 	 6.8354407768e+01 	 6.0382700744e-05
6700 	 6830 	 6.8354407439e+01 	 6.1912767228e-05
6800 	 6936 	 6.8354407149e+01 	 5.4466221463e-05
6900 	 7037 	 6.8354406913e+01 	 6.1882033279e-05
7000 	 7141 	 6.8354406710e+01 	 1.2912120008e-04
7100 	 7243 	 6.8354406551e+01 	 4.6617060243e-05
7200 	 7346 	 6.8354406404e+01 	 3.8077402464e-05
7300 	 7448 	 6.8354406278e+01 	 7.6102680747e-05
7400 	 7549 	 6.8354406141e+01 	 3.8968973259e-05
7500 	 7649 	 6.8354406033e+01 	 3.8830945160e-05
7600 	 7750 	 6.8354405953e+01 	 2.8962455860e-05
7700 	 7852 	 6.8354405891e+01 	 2.6307747861e-05
7800 	 7955 	 6.8354405823e+01 	 2.9020178352e-05
7900 	 8058 	 6.8354405751e+01 	 2.3629325223e-05
8000 	 8163 	 6.8354405691e+01 	 3.3396495363e-05
8100 	 8266 	 6.8354405645e+01 	 1.8106629246e-05
8200 	 8368 	 6.8354405609e+01 	 2.6849335872e-05
8300 	 8471 	 6.8354405572e+01 	 2.7321242897e-05
8400 	 8573 	 6.8354405536e+01 	 1.9720435078e-05
8500 	 8675 	 6.8354405497e+01 	 1.7527412007e-05
8600 	 8778 	 6.8354405455e+01 	 1.6012859998e-05
8700 	 8880 	 6.8354405423e+01 	 2.0506017430e-05
8800 	 8982 	 6.8354405395e+01 	 1.5653393893e-05
8900 	 9084 	 6.8354405371e+01 	 3.7467380441e-05
9000 	 9185 	 6.8354405352e+01 	 1.8449599616e-05
9100 	 9287 	 6.8354405331e+01 	 1.8580599109e-05
9200 	 9391 	 6.8354405315e+01 	 1.3012510917e-05
9300 	 9494 	 6.8354405298e+01 	 1.8861311213e-05
9400 	 9594 	 6.8354405282e+01 	 9.9169684994e-06
9500 	 9696 	 6.8354405266e+01 	 1.7701100222e-05
9600 	 9797 	 6.8354405248e+01 	 1.2003099105e-05
9700 	 9898 	 6.8354405235e+01 	 1.2320739639e-05
9800 	 10002 	 6.8354405224e+01 	 1.1183486529e-05
9900 	 10102 	 6.8354405216e+01 	 1.1981696692e-05
10000 	 10204 	 6.8354405209e+01 	 9.7197226092e-06
10100 	 10306 	 6.8354405204e+01 	 9.5407278403e-06
10200 	 10407 	 6.8354405199e+01 	 6.4101972744e-06
10300 	 10510 	 6.8354405196e+01 	 5.4362958920e-06
10400 	 10611 	 6.8354405194e+01 	 6.8155410232e-06
10500 	 10713 	 6.8354405192e+01 	 5.0024126606e-06
10600 	 10816 	 6.8354405189e+01 	 6.0667814512e-06
10700 	 10919 	 6.8354405187e+01 	 4.9548606653e-06
10800 	 11021 	 6.8354405184e+01 	 8.5264246143e-06
10900 	 11127 	 6.8354405180e+01 	 1.1060237386e-05
11000 	 11228 	 6.8354405176e+01 	 6.9455296817e-06
11100 	 11330 	 6.8354405172e+01 	 1.0726597878e-05
11200 	 11430 	 6.8354405169e+01 	 5.1032642263e-06
11300 	 11534 	 6.8354405166e+01 	 6.7985740360e-06
11400 	 11637 	 6.8354405163e+01 	 5.3899032360e-06
11500 	 11743 	 6.8354405162e+01 	 6.0765383552e-06
11600 	 11846 	 6.8354405160e+01 	 3.5806219467e-06
11700 	 11949 	 6.8354405158e+01 	 5.6406087560e-06
11800 	 12051 	 6.8354405157e+01 	 2.6974916999e-06
11900 	 12155 	 6.8354405156e+01 	 6.8268461960e-06
12000 	 12256 	 6.8354405155e+01 	 7.6223636139e-06
12100 	 12358 	 6.8354405154e+01 	 3.7906651968e-06
12200 	 12461 	 6.8354405153e+01 	 4.4866421103e-06
12300 	 12565 	 6.8354405152e+01 	 3.2865103269e-06
12400 	 12665 	 6.8354405152e+01 	 3.6303129392e-06
12500 	 12767 	 6.8354405152e+01 	 3.5488268358e-06
12600 	 12870 	 6.8354405151e+01 	 2.1984847754e-06
12700 	 12971 	 6.8354405151e+01 	 2.0729434291e-06
12800 	 13072 	 6.8354405151e+01 	 1.6249601811e-06
12900 	 13175 	 6.8354405150e+01 	 2.7026874673e-06
13000 	 13280 	 6.8354405150e+01 	 4.4375136944e-06
13100 	 13384 	 6.8354405150e+01 	 3.1197416825e-06
13200 	 13486 	 6.8354405150e+01 	 1.3749724874e-06
13300 	 13589 	 6.8354405149e+01 	 3.5796709490e-06
13400 	 13690 	 6.8354405149e+01 	 9.3555543823e-07
13500 	 13794 	 6.8354405149e+01 	 1.3833405932e-06
13600 	 13896 	 6.8354405149e+01 	 1.0116100116e-06
13700 	 13998 	 6.8354405149e+01 	 1.4796145649e-06
13800 	 14100 	 6.8354405149e+01 	 1.6595197862e-06
13900 	 14203 	 6.8354405148e+01 	 1.8121535654e-06
14000 	 14307 	 6.8354405148e+01 	 1.4618481009e-06
14100 	 14408 	 6.8354405148e+01 	 1.0741149715e-06
14200 	 14512 	 6.8354405148e+01 	 2.0149752538e-06
14300 	 14614 	 6.8354405148e+01 	 7.1889084052e-07
14400 	 14716 	 6.8354405148e+01 	 9.1939971823e-07
14500 	 14819 	 6.8354405148e+01 	 9.1456575598e-07
14600 	 14927 	 6.8354405148e+01 	 9.2548032257e-07
14700 	 15036 	 6.8354405148e+01 	 8.0917406899e-07
14800 	 15144 	 6.8354405148e+01 	 4.2034882911e-07
14900 	 15256 	 6.8354405148e+01 	 4.5190351128e-07
15000 	 15362 	 6.8354405148e+01 	 6.4207107255e-07
15100 	 15468 	 6.8354405148e+01 	 1.1292911459e-06
15200 	 15580 	 6.8354405147e+01 	 6.9392846705e-07
15300 	 15685 	 6.8354405147e+01 	 9.7968026475e-07
15400 	 15797 	 6.8354405147e+01 	 6.7683984834e-07
15500 	 15910 	 6.8354405147e+01 	 6.1714647370e-07
15600 	 16022 	 6.8354405147e+01 	 5.3444639085e-07
15700 	 16132 	 6.8354405147e+01 	 1.8481041692e-06
15800 	 16244 	 6.8354405147e+01 	 2.6944048469e-07
15900 	 16354 	 6.8354405147e+01 	 4.5665678643e-07
16000 	 16468 	 6.8354405147e+01 	 5.4289809899e-07
16100 	 16587 	 6.8354405147e+01 	 4.8872994444e-07
16200 	 16702 	 6.8354405147e+01 	 4.2071353725e-07
16300 	 16814 	 6.8354405147e+01 	 2.0700071804e-07
# ---- 
 1 		 16381 	 16939 		 7.4221008355e+01 	 6.8354405147e+01 	 2.1890159931e-07
# ---- 
100 	 103 	 6.8285383333e+01 	 4.6215183234e-02
200 	 205 	 6.8244519335e+01 	 3.9370982117e-02
300 	 306 	 6.8234336136e+01 	 1.0421089995e-02
400 	 411 	 6.8228780869e+01 	 8.0610867362e-03
500 	 512 	 6.8225384633e+01 	 1.1919257129e-02
600 	 612 	 6.8223579870e+01 	 4.3994346983e-03
700 	 716 	 6.8222383359e+01 	 5.9932476415e-03
800 	 818 	 6.8221661510e+01 	 3.4310656854e-03
900 	 921 	 6.8221222660e+01 	 2.6651081132e-03
1000 	 1023 	 6.8220868146e+01 	 2.0586159484e-03
1100 	 1125 	 6.8220609880e+01 	 2.1917270926e-03
1200 	 1228 	 6.8220424716e+01 	 1.5407622846e-03
1300 	 1331 	 6.8220284235e+01 	 1.2835915345e-03
1400 	 1434 	 6.8220188205e+01 	 9.0005890764e-04
1500 	 1537 	 6.8220118010e+01 	 9.9414773837e-04
1600 	 1640 	 6.8220063634e+01 	 9.7402744146e-04
1700 	 1742 	 6.8220016366e+01 	 7.0173344043e-04
1800 	 1845 	 6.8219975189e+01 	 6.8261086140e-04
1900 	 1947 	 6.8219933962e+01 	 7.9164170096e-04
2000 	 2049 	 6.8219900217e+01 	 5.6628680385e-04
2100 	 2152 	 6.8219869581e+01 	 7.1370984110e-04
2200 	 2253 	 6.8219840441e+01 	 5.7040312299e-04
2300 	 2356 	 6.8219819436e+01 	 6.9623355881e-04
2400 	 2457 	 6.8219803994e+01 	 3.9043529344e-04
2500 	 2558 	 6.8219786550e+01 	 3.8411786372e-04
2600 	 2660 	 6.8219770109e+01 	 3.8113942347e-04
2700 	 2763 	 6.8219752786e+01 	 4.8305265193e-04
2800 	 2866 	 6.8219737346e+01 	 3.5208494842e-04
2900 	 2968 	 6.8219723772e+01 	 8.2142313403e-04
3000 	 3069 	 6.8219710352e+01 	 3.0968907183e-04
3100 	 3173 	 6.8219699982e+01 	 3.2987024877e-04
3200 	 3275 	 6.8219690858e+01 	 3.7123521536e-04
3300 	 3377 	 6.8219682163e+01 	 5.3473582364e-04
3400 	 3481 	 6.8219674946e+01 	 3.5197459449e-04
3500 	 3584 	 6.8219670006e+01 	 2.2943224190e-04
3600 	 3688 	 6.8219664819e+01 	 2.9633235969e-04
3700 	 3790 	 6.8219660413e+01 	 2.5110436575e-04
3800 	 3894 	 6.8219656849e+01 	 2.3135503202e-04
3900 	 3995 	 6.8219653531e+01 	 1.7390088594e-04
4000 	 4097 	 6.8219650572e+01 	 1.8008445646e-04
4100 	 4199 	 6.8219647831e+01 	 2.1254645047e-04
4200 	 4302 	 6.8219645056e+01 	 1.8771998402e-04
4300 	 4405 	 6.8219642277e+01 	 2.2334905011e-04
4400 	 4507 	 6.8219639706e+01 	 1.9573086201e-04
4500 	 4609 	 6.8219637684e+01 	 2.0546704842e-04
4600 	 4710 	 6.8219635880e+01 	 2.6320771849e-04
4700 	 4812 	 6.8219634209e+01 	 2.0202202074e-04
4800 	 4912 	 6.8219632936e+01 	 1.1349249704e-04
4900 	 5014 	 6.8219631900e+01 	 1.0921526587e-04
5000 	 5118 	 6.8219630992e+01 	 9.5018549805e-05
5100 	 5222 	 6.8219630250e+01 	 1.0569452631e-04
5200 	 5325 	 6.8219629469e+01 	 9.1533835774e-05
5300 	 5426 	 6.8219628821e+01 	 7.8711586191e-05
5400 	 5530 	 6.8219628185e+01 	 1.4722353536e-04
5500 	 5631 	 6.8219627450e+01 	 9.2824879381e-05
5600 	 5732 	 6.8219626699e+01 	 1.1372511136e-04
5700 	 5834 	 6.8219626136e+01 	 7.7362186698e-05
5800 	 5936 	 6.8219625784e+01 	 1.3056340760e-04
5900 	 6037 	 6.8219625445e+01 	 5.6513360437e-05
6000 	 6141 	 6.8219625103e+01 	 9.5333398261e-05
6100 	 6244 	 6.8219624822e+01 	 5.8564147718e-05
6200 	 6346 	 6.8219624483e+01 	 5.8719331041e-05
6300 	 6447 	 6.8219624158e+01 	 1.4712148571e-04
6400 	 6550 	 6.8219623831e+01 	 7.1995221492e-05
6500 	 6652 	 6.8219623481e+01 	 1.7191421754e-04
6600 	 6755 	 6.8219623161e+01 	 1.0182979924e-04
6700 	 6858 	 6.8219622882e+01 	 4.4934768617e-05
6800 	 6962 	 6.8219622498e+01 	 1.2823010317e-04
6900 	 7063 	 6.8219622128e+01 	 5.9303214100e-05
7000 	 7165 	 6.8219621909e+01 	 8.6143658879e-05
7100 	 7267 	 6.8219621721e+01 	 5.8488381634e-05
7200 	 7370 	 6.8219621549e+01 	 4.9452254805e-05
7300 	 7474 	 6.8219621397e+01 	 4.5716108162e-05
7400 	 7576 	 6.8219621271e+01 	 4.7540407166e-05
7500 	 7677 	 6.8219621148e+01 	 4.0916092798e-05
7600 	 7780 	 6.8219621044e+01 	 4.5795828482e-05
7700 	 7882 	 6.8219620966e+01 	 2.8398971822e-05
7800 	 7983 	 6.8219620906e+01 	 3.3073937213e-05
7900 	 8084 	 6.8219620839e+01 	 2.1467964880e-05
8000 	 8186 	 6.8219620791e+01 	 2.6432525631e-05
8100 	 8287 	 6.8219620744e+01 	 2.1932834344e-05
8200 	 8391 	 6.8219620700e+01 	 1.8968709657e-05
8300 	 8494 	 6.8219620660e+01 	 1.8903791587e-05
8400 	 8597 	 6.8219620619e+01 	 2.2601135909e-05
8500 	 8699 	 6.8219620571e+01 	 3.2197181916e-05
8600 	 8801 	 6.8219620519e+01 	 2.6594477920e-05
8700 	 8903 	 6.8219620476e+01 	 4.1026915419e-05
8800 	 9005 	 6.8219620448e+01 	 1.6568062645e-05
8900 	 9107 	 6.8219620426e+01 	 1.8830334227e-05
9000 	 9209 	 6.8219620404e+01 	 1.5132147160e-05
9100 	 9314 	 6.8219620386e+01 	 2.3606314580e-05
9200 	 9417 	 6.8219620368e+01 	 2.0799490140e-05
9300 	 9520 	 6.8219620352e+01 	 1.1557431175e-05
9400 	 9623 	 6.8219620340e+01 	 2.2429637869e-05
9500 	 9725 	 6.8219620329e+01 	 1.1722148078e-05
9600 	 9827 	 6.8219620318e+01 	 1.1046947218e-05
9700 	 9930 	 6.8219620306e+01 	 3.1374452559e-05
9800 	 10033 	 6.8219620292e+01 	 1.1972791788e-05
9900 	 10136 	 6.8219620278e+01 	 1.3265528096e-05
10000 	 10238 	 6.8219620267e+01 	 2.5841070778e-05
10100 	 10339 	 6.8219620256e+01 	 1.1139635621e-05
10200 	 10440 	 6.8219620244e+01 	 3.3057028033e-05
10300 	 10544 	 6.8219620231e+01 	 9.3777778411e-06
10400 	 10646 	 6.8219620217e+01 	 8.5045816866e-06
10500 	 10748 	 6.8219620206e+01 	 2.3127306089e-05
10600 	 10851 	 6.8219620197e+01 	 1.0749154745e-05
10700 	 10953 	 6.8219620190e+01 	 9.3997928380e-06
10800 	 11058 	 6.8219620185e+01 	 7.1115399516e-06
10900 	 11161 	 6.8219620181e+01 	 8.4687761712e-06
11000 	 11264 	 6.8219620177e+01 	 5.8406844119e-06
11100 	 11365 	 6.8219620174e+01 	 4.1952746582e-06
11200 	 11466 	 6.8219620172e+01 	 5.1619118212e-06
11300 	 11569 	 6.8219620171e+01 	 7.2041445087e-06
11400 	 11670 	 6.8219620169e+01 	 3.2445528888e-06
11500 	 11771 	 6.8219620168e+01 	 4.3070816488e-06
11600 	 11873 	 6.8219620166e+01 	 4.6207936113e-06
11700 	 11976 	 6.8219620165e+01 	 3.1099885852e-06
11800 	 12080 	 6.8219620165e+01 	 5.3083684355e-06
11900 	 12181 	 6.8219620164e+01 	 3.2084528093e-06
12000 	 12283 	 6.8219620163e+01 	 2.9529645633e-06
12100 	 12388 	 6.8219620162e+01 	 5.2146349833e-06
12200 	 12489 	 6.8219620162e+01 	 2.7678098285e-06
12300 	 12591 	 6.8219620161e+01 	 2.9219880375e-06
12400 	 12696 	 6.8219620160e+01 	 3.2747118551e-06
12500 	 12799 	 6.8219620159e+01 	 2.3818755668e-06
12600 	 12901 	 6.8219620158e+01 	 4.8725879838e-06
12700 	 13005 	 6.8219620158e+01 	 2.9141423663e-06
12800 	 13107 	 6.8219620157e+01 	 2.0329885750e-06
12900 	 13208 	 6.8219620157e+01 	 4.0951859771e-06
13000 	 13310 	 6.8219620157e+01 	 3.2838400129e-06
13100 	 13414 	 6.8219620156e+01 	 2.1315041198e-06
13200 	 13517 	 6.8219620155e+01 	 2.1468262923e-06
13300 	 13619 	 6.8219620155e+01 	 2.2828728336e-06
13400 	 13722 	 6.8219620154e+01 	 1.9116712179e-06
13500 	 13824 	 6.8219620154e+01 	 2.9667470609e-06
13600 	 13927 	 6.8219620154e+01 	 1.4668080165e-06
13700 	 14027 	 6.8219620154e+01 	 1.6277792969e-06
13800 	 14129 	 6.8219620154e+01 	 3.0174454586e-06
13900 	 14233 	 6.8219620153e+01 	 1.2916702218e-06
14000 	 14337 	 6.8219620153e+01 	 1.8570880294e-06
14100 	 14438 	 6.8219620153e+01 	 1.2745737564e-06
14200 	 14544 	 6.8219620153e+01 	 1.5735067373e-06
14300 	 14653 	 6.8219620153e+01 	 1.3392617914e-06
14400 	 14756 	 6.8219620153e+01 	 9.7326012794e-07
14500 	 14861 	 6.8219620153e+01 	 8.5694585248e-07
14600 	 14967 	 6.8219620153e+01 	 8.2497229659e-07
14700 	 15071 	 6.8219620153e+01 	 1.0931077767e-06
14800 	 15179 	 6.8219620153e+01 	 9.2815953663e-07
14900 	 15285 	 6.8219620152e+01 	 1.7799369280e-06
15000 	 15388 	 6.8219620152e+01 	 1.4497139282e-06
15100 	 15491 	 6.8219620152e+01 	 1.1120988362e-06
15200 	 15599 	 6.8219620152e+01 	 1.6400052355e-06
15300 	 15705 	 6.8219620152e+01 	 2.7115493866e-06
15400 	 15809 	 6.8219620152e+01 	 9.2549069850e-07
15500 	 15916 	 6.8219620152e+01 	 1.2262721965e-06
# ---- 
 1 		 15566 	 16001 		 7.3957661802e+01 	 6.8219620152e+01 	 7.7289818486e-07
# ---- 
100 	 105 	 6.8161029017e+01 	 6.5660322647e-02
200 	 206 	 6.8121167539e+01 	 2.5128001969e-02
300 	 309 	 6.8111269120e+01 	 1.3652288390e-02
400 	 409 	 6.8105766768e+01 	 7.8084197659e-03
500 	 510 	 6.8102441135e+01 	 5.6402726470e-03
600 	 612 	 6.8100668420e+01 	 5.0678126230e-03
700 	 716 	 6.8099442067e+01 	 4.4141059369e-03
800 	 819 	 6.8098756468e+01 	 2.8200397120e-03
900 	 921 	 6.8098343815e+01 	 4.5675119196e-03
1000 	 1023 	 6.8098027976e+01 	 2.3496160133e-03
1100 	 1124 	 6.8097795250e+01 	 2.1750959515e-03
1200 	 1229 	 6.8097598135e+01 	 1.3910824640e-03
1300 	 1330 	 6.8097453174e+01 	 1.3136220370e-03
1400 	 1432 	 6.8097335129e+01 	 8.5509491477e-04
1500 	 1534 	 6.8097258310e+01 	 7.4734783110e-04
1600 	 1638 	 6.8097210674e+01 	 8.0124076663e-04
1700 	 1740 	 6.8097165083e+01 	 9.1603483433e-04
1800 	 1842 	 6.8097121067e+01 	 7.3667512747e-04
1900 	 1944 	 6.8097078355e+01 	 7.3826613928e-04
2000 	 2045 	 6.8097038041e+01 	 7.1020441772e-04
2100 	 2148 	 6.8097002140e+01 	 2.0177900300e-03
2200 	 2250 	 6.8096970725e+01 	 6.8620607948e-04
2300 	 2353 	 6.8096946999e+01 	 5.0833639770e-04
2400 	 2455 	 6.8096933367e+01 	 3.0892400942e-04
2500 	 2557 	 6.8096920709e+01 	 3.6990118466e-04
2600 	 2659 	 6.8096905686e+01 	 5.1398083331e-04
2700 	 2763 	 6.8096888941e+01 	 5.3932249912e-04
2800 	 2866 	 6.8096873070e+01 	 4.1957049861e-04
2900 	 2967 	 6.8096858669e+01 	 8.5766189770e-04
3000 	 3071 	 6.8096846843e+01 	 2.8657232528e-04
3100 	 3177 	 6.8096834264e+01 	 4.6496284828e-04
3200 	 3281 	 6.8096825737e+01 	 3.5522223455e-04
3300 	 3383 	 6.8096817005e+01 	 2.7619825883e-04
3400 	 3485 	 6.8096809859e+01 	 3.1970657072e-04
3500 	 3588 	 6.8096804002e+01 	 2.5398944435e-04
3600 	 3691 	 6.8096799440e+01 	 2.2682655424e-04
3700 	 3795 	 6.8096794858e+01 	 5.6356561035e-04
3800 	 3897 	 6.8096790904e+01 	 2.5680414925e-04
3900 	 4000 	 6.8096787141e+01 	 2.0712644279e-04
4000 	 4105 	 6.8096784016e+01 	 1.8503131446e-04
4100 	 4208 	 6.8096781307e+01 	 2.0792419723e-04
4200 	 4309 	 6.8096778407e+01 	 1.6916682522e-04
4300 	 4412 	 6.8096775692e+01 	 2.0499734976e-04
4400 	 4514 	 6.8096773010e+01 	 1.4368925273e-04
4500 	 4619 	 6.8096770770e+01 	 1.2976478536e-04
4600 	 4722 	 6.8096768974e+01 	 1.7049499909e-04
4700 	 4824 	 6.8096767095e+01 	 2.2206891143e-04
4800 	 4926 	 6.8096765140e+01 	 1.1375500714e-04
4900 	 5029 	 6.8096763918e+01 	 1.1743553915e-04
5000 	 5133 	 6.8096763074e+01 	 8.9385185488e-05
5100 	 5235 	 6.8096762484e+01 	 1.0263767988e-04
5200 	 5338 	 6.8096761764e+01 	 9.7050429768e-05
5300 	 5443 	 6.8096761149e+01 	 1.0039346760e-04
5400 	 5544 	 6.8096760637e+01 	 8.4710870289e-05
5500 	 5646 	 6.8096760076e+01 	 8.6910022595e-05
5600 	 5749 	 6.8096759456e+01 	 1.6684857020e-04
5700 	 5851 	 6.8096758954e+01 	 5.9382205619e-05
5800 	 5953 	 6.8096758504e+01 	 8.0323138891e-05
5900 	 6056 	 6.8096757968e+01 	 7.0707963443e-05
6000 	 6159 	 6.8096757467e+01 	 6.2742971479e-05
6100 	 6260 	 6.8096757165e+01 	 1.0870007692e-04
6200 	 6360 	 6.8096756858e+01 	 1.0387981890e-04
6300 	 6463 	 6.8096756541e+01 	 5.1158859520e-05
6400 	 6568 	 6.8096756226e+01 	 4.7821383258e-05
6500 	 6673 	 6.8096755866e+01 	 1.1154147433e-04
6600 	 6774 	 6.8096755566e+01 	 1.2222059899e-04
6700 	 6876 	 6.8096755202e+01 	 1.4232472512e-04
6800 	 6976 	 6.8096754869e+01 	 1.2366710395e-04
6900 	 7077 	 6.8096754573e+01 	 6.9383654570e-05
7000 	 7178 	 6.8096754272e+01 	 1.1197546357e-04
7100 	 7282 	 6.8096754034e+01 	 3.8570079645e-05
7200 	 7384 	 6.8096753832e+01 	 3.8094673278e-05
7300 	 7485 	 6.8096753681e+01 	 2.8796812811e-05
7400 	 7586 	 6.8096753571e+01 	 3.5235370658e-05
7500 	 7688 	 6.8096753479e+01 	 4.1907433163e-05
7600 	 7792 	 6.8096753388e+01 	 3.4699970417e-05
7700 	 7895 	 6.8096753286e+01 	 2.7630923055e-05
7800 	 7995 	 6.8096753204e+01 	 3.1487199927e-05
7900 	 8097 	 6.8096753145e+01 	 4.8821236542e-05
8000 	 8202 	 6.8096753094e+01 	 2.5280668260e-05
8100 	 8305 	 6.8096753058e+01 	 2.2358485763e-05
8200 	 8407 	 6.8096753021e+01 	 1.3148401789e-05
8300 	 8509 	 6.8096752990e+01 	 1.5907114876e-05
8400 	 8611 	 6.8096752943e+01 	 2.6070327118e-05
8500 	 8715 	 6.8096752896e+01 	 3.3733890710e-05
8600 	 8818 	 6.8096752854e+01 	 2.8165566203e-05
8700 	 8918 	 6.8096752813e+01 	 5.7891875219e-05
8800 	 9019 	 6.8096752780e+01 	 3.5264885991e-05
8900 	 9119 	 6.8096752744e+01 	 1.7287516882e-05
9000 	 9220 	 6.8096752707e+01 	 2.5189283935e-05
9100 	 9324 	 6.8096752678e+01 	 1.7433135775e-05
9200 	 9427 	 6.8096752652e+01 	 1.7298211080e-05
9300 	 9531 	 6.8096752623e+01 	 1.8322541332e-05
9400 	 9633 	 6.8096752598e+01 	 2.2111722119e-05
9500 	 9734 	 6.8096752576e+01 	 2.5884018796e-05
9600 	 9836 	 6.8096752559e+01 	 1.1922116784e-05
9700 	 9940 	 6.8096752545e+01 	 1.0929860287e-05
9800 	 10046 	 6.8096752531e+01 	 1.2316139887e-05
9900 	 10150 	 6.8096752518e+01 	 1.1186094786e-05
10000 	 10252 	 6.8096752508e+01 	 8.0598013683e-06
10100 	 10354 	 6.8096752502e+01 	 7.2057993005e-06
10200 	 10457 	 6.8096752494e+01 	 1.1926553679e-05
10300 	 10559 	 6.8096752487e+01 	 9.6470652273e-06
10400 	 10661 	 6.8096752479e+01 	 1.0949043763e-05
10500 	 10762 	 6.8096752472e+01 	 9.0776633070e-06
10600 	 10865 	 6.8096752464e+01 	 1.0212672704e-05
10700 	 10966 	 6.8096752458e+01 	 7.2014020432e-06
10800 	 11069 	 6.8096752453e+01 	 7.3517518824e-06
10900 	 11172 	 6.8096752449e+01 	 7.5583692224e-06
11000 	 11277 	 6.8096752445e+01 	 8.0976446566e-06
11100 	 11378 	 6.8096752440e+01 	 8.5849645856e-06
11200 	 11481 	 6.8096752433e+01 	 2.4379101173e-05
11300 	 11581 	 6.8096752426e+01 	 9.6343645314e-06
11400 	 11684 	 6.8096752419e+01 	 1.1503800797e-05
11500 	 11787 	 6.8096752412e+01 	 9.5729312984e-06
11600 	 11888 	 6.8096752405e+01 	 8.7331780718e-06
11700 	 11991 	 6.8096752401e+01 	 1.1008374510e-05
11800 	 12093 	 6.8096752398e+01 	 5.5675823851e-06
11900 	 12195 	 6.8096752396e+01 	 3.7644003724e-06
12000 	 12297 	 6.8096752394e+01 	 1.4571004100e-05
12100 	 12399 	 6.8096752393e+01 	 2.7767926451e-06
12200 	 12501 	 6.8096752392e+01 	 1.7280379566e-06
12300 	 12604 	 6.8096752391e+01 	 5.5373574119e-06
12400 	 12705 	 6.8096752390e+01 	 2.9683828671e-06
12500 	 12808 	 6.8096752390e+01 	 2.4465634591e-06
12600 	 12911 	 6.8096752389e+01 	 2.6281320380e-06
12700 	 13014 	 6.8096752389e+01 	 2.4853739904e-06
12800 	 13117 	 6.8096752389e+01 	 2.5929946617e-06
12900 	 13220 	 6.8096752388e+01 	 3.6306628919e-06
13000 	 13323 	 6.8096752387e+01 	 3.2379878829e-06
13100 	 13426 	 6.8096752386e+01 	 3.0284234168e-06
13200 	 13530 	 6.8096752385e+01 	 6.0025866051e-06
13300 	 13634 	 6.8096752385e+01 	 2.6805375316e-06
13400 	 13738 	 6.8096752384e+01 	 3.1450212743e-06
13500 	 13841 	 6.8096752383e+01 	 3.2428940898e-06
13600 	 13945 	 6.8096752383e+01 	 2.1718915374e-06
13700 	 14047 	 6.8096752382e+01 	 1.8642158430e-06
13800 	 14151 	 6.8096752382e+01 	 3.0691895783e-06
13900 	 14255 	 6.8096752381e+01 	 3.4136026995e-06
14000 	 14359 	 6.8096752381e+01 	 3.3225179576e-06
14100 	 14461 	 6.8096752381e+01 	 1.4911194136e-06
14200 	 14563 	 6.8096752381e+01 	 1.5183702937e-06
14300 	 14664 	 6.8096752380e+01 	 1.4810201797e-06
14400 	 14764 	 6.8096752380e+01 	 1.5245782178e-06
14500 	 14867 	 6.8096752380e+01 	 1.2600836268e-06
14600 	 14970 	 6.8096752380e+01 	 2.5247809397e-06
14700 	 15074 	 6.8096752380e+01 	 1.0223761512e-06
14800 	 15176 	 6.8096752380e+01 	 2.3793444667e-06
14900 	 15277 	 6.8096752380e+01 	 1.1695032133e-06
15000 	 15383 	 6.8096752379e+01 	 9.3585275433e-07
15100 	 15485 	 6.8096752379e+01 	 1.2846531811e-06
15200 	 15588 	 6.8096752379e+01 	 2.5813759449e-06
15300 	 15691 	 6.8096752379e+01 	 1.6792362678e-06
15400 	 15796 	 6.8096752379e+01 	 1.0842211724e-06
15500 	 15901 	 6.8096752379e+01 	 7.9463904260e-07
15600 	 16009 	 6.8096752379e+01 	 7.7527052007e-07
15700 	 16114 	 6.8096752379e+01 	 1.1536073880e-06
15800 	 16218 	 6.8096752379e+01 	 1.0969083693e-06
15900 	 16327 	 6.8096752379e+01 	 5.5812797843e-07
16000 	 16438 	 6.8096752379e+01 	 7.6350290112e-07
16100 	 16551 	 6.8096752379e+01 	 1.0246922820e-06
16200 	 16654 	 6.8096752379e+01 	 1.1690827906e-06
16300 	 16763 	 6.8096752379e+01 	 6.8326380542e-07
16400 	 16890 	 6.8096752379e+01 	 4.1521093451e-07
16500 	 17005 	 6.8096752379e+01 	 5.6944557236e-07
16600 	 17119 	 6.8096752378e+01 	 3.0049420989e-07
16700 	 17272 	 6.8096752378e+01 	 3.1819295133e-07
# ---- 
 1 		 16700 	 17272 		 7.3732656443e+01 	 6.8096752378e+01 	 3.1819295133e-07
# ---- 
100 	 103 	 7.2447013524e-01 	 3.5951587496e-02
200 	 205 	 6.9997477793e-01 	 1.8371775421e-02
300 	 306 	 6.8617809845e-01 	 1.7349972019e-02
400 	 407 	 6.7736248146e-01 	 1.1884281081e-02
500 	 509 	 6.6988352359e-01 	 8.5853210312e-03
600 	 614 	 6.6400972458e-01 	 6.6970194977e-03
700 	 716 	 6.5957928944e-01 	 5.7676177402e-03
800 	 818 	 6.5683923865e-01 	 1.1136922014e-02
900 	 922 	 6.5471310877e-01 	 4.8819391867e-03
1000 	 1024 	 6.5324503816e-01 	 2.6790030346e-03
1100 	 1127 	 6.5233925051e-01 	 7.2640843575e-03
1200 	 1229 	 6.5156525771e-01 	 2.8353504748e-03
1300 	 1333 	 6.5105664466e-01 	 2.7357322357e-03
1400 	 1434 	 6.5075273697e-01 	 2.2079871064e-03
1500 	 1536 	 6.5052443614e-01 	 2.0810661157e-03
1600 	 1639 	 6.5026849342e-01 	 2.4676001510e-03
1700 	 1742 	 6.5005404782e-01 	 2.8577992367e-03
1800 	 1843 	 6.4992248495e-01 	 1.3644177931e-03
1900 	 1946 	 6.4982360976e-01 	 9.1219249622e-04
2000 	 2049 	 6.4972707429e-01 	 9.8089228679e-04
2100 	 2152 	 6.4964227662e-01 	 9.8440859414e-04
2200 	 2255 	 6.4957020839e-01 	 2.1180411270e-03
2300 	 2358 	 6.4949158133e-01 	 9.5222726230e-04
2400 	 2461 	 6.4940922152e-01 	 1.4814260652e-03
2500 	 2563 	 6.4934604937e-01 	 8.2584886907e-04
2600 	 2664 	 6.4929581635e-01 	 6.3531383890e-04
2700 	 2766 	 6.4925331798e-01 	 5.9979970102e-04
2800 	 2868 	 6.4921123495e-01 	 8.1570957663e-04
2900 	 2970 	 6.4916706829e-01 	 6.7119475095e-04
3000 	 3071 	 6.4912702910e-01 	 7.5944768036e-04
3100 	 3174 	 6.4908775186e-01 	 5.6815068072e-04
3200 	 3275 	 6.4905414506e-01 	 6.6559572108e-04
3300 	 3377 	 6.4902740227e-01 	 5.7352333874e-04
3400 	 3480 	 6.4900539154e-01 	 4.7485730608e-04
3500 	 3583 	 6.4898697720e-01 	 6.7702695756e-04
3600 	 3687 	 6.4896985753e-01 	 7.8030264250e-04
3700 	 3789 	 6.4895457015e-01 	 4.1660113191e-04
3800 	 3892 	 6.4894271557e-01 	 2.8355182401e-04
3900 	 3994 	 6.4893201102e-01 	 3.9796850997e-04
4000 	 4094 	 6.4892058381e-01 	 3.9866493274e-04
4100 	 4198 	 6.4890735938e-01 	 5.0170156280e-04
4200 	 4301 	 6.4889457771e-01 	 5.3789408007e-04
4300 	 4403 	 6.4888475014e-01 	 7.7218342311e-04
4400 	 4505 	 6.4887414487e-01 	 3.9304630549e-04
4500 	 4609 	 6.4886235032e-01 	 7.6900980952e-04
4600 	 4711 	 6.4885301992e-01 	 2.2072560117e-04
4700 	 4815 	 6.4884396136e-01 	 4.2891700407e-04
4800 	 4917 	 6.4883675679e-01 	 3.0867160421e-04
4900 	 5018 	 6.4882972366e-01 	 2.0347368431e-04
5000 	 5120 	 6.4882309402e-01 	 3.4004590345e-04
5100 	 5221 	 6.4881614397e-01 	 2.2550117915e-04
5200 	 5322 	 6.4880937963e-01 	 2.4287217391e-04
5300 	 5423 	 6.4880197232e-01 	 2.4126000791e-04
5400 	 5525 	 6.4879561908e-01 	 2.5252955000e-04
5500 	 5629 	 6.4878908861e-01 	 5.1265025937e-04
5600 	 5733 	 6.4878350192e-01 	 3.6015231414e-04
5700 	 5835 	 6.4877810096e-01 	 2.6572056113e-04
5800 	 5937 	 6.4877300388e-01 	 2.1453508727e-04
5900 	 6039 	 6.4876787271e-01 	 2.0860481298e-04
6000 	 6144 	 6.4876310040e-01 	 1.9866618019e-04
6100 	 6249 	 6.4875891439e-01 	 3.3001851001e-04
6200 	 6351 	 6.4875509124e-01 	 4.8533120888e-04
6300 	 6452 	 6.4875114717e-01 	 3.5503882124e-04
6400 	 6552 	 6.4874727551e-01 	 3.6082819535e-04
6500 	 6654 	 6.4874401580e-01 	 4.5377627112e-04
6600 	 6758 	 6.4874028732e-01 	 3.5905396312e-04
6700 	 6860 	 6.4873708937e-01 	 2.2614020682e-04
6800 	 6962 	 6.4873402818e-01 	 1.8851117479e-04
6900 	 7063 	 6.4873063184e-01 	 1.6239658024e-04
7000 	 7167 	 6.4872727977e-01 	 3.2413255268e-04
7100 	 7272 	 6.4872330693e-01 	 5.8301547946e-04
7200 	 7375 	 6.4871981103e-01 	 1.4926570759e-04
7300 	 7477 	 6.4871646723e-01 	 1.6517357425e-04
7400 	 7578 	 6.4871299853e-01 	 4.2631111720e-04
7500 	 7681 	 6.4871037269e-01 	 3.1972001023e-04
7600 	 7784 	 6.4870817281e-01 	 1.6658135196e-04
7700 	 7887 	 6.4870573710e-01 	 1.7026956653e-04
7800 	 7989 	 6.4870308925e-01 	 1.7749550683e-04
7900 	 8092 	 6.4870038606e-01 	 1.2885564942e-04
8000 	 8196 	 6.4869816923e-01 	 1.5821646152e-04
8100 	 8298 	 6.4869610852e-01 	 1.1869592520e-04
8200 	 8400 	 6.4869406574e-01 	 1.8264532505e-04
8300 	 8504 	 6.4869182061e-01 	 1.4018523333e-04
8400 	 8605 	 6.4868991033e-01 	 1.3115390257e-04
8500 	 8710 	 6.4868809081e-01 	 1.2086857889e-04
8600 	 8812 	 6.4868644753e-01 	 2.1977932831e-04
8700 	 8914 	 6.4868496525e-01 	 2.7290068040e-04
8800 	 9016 	 6.4868356257e-01 	 1.3369155823e-04
8900 	 9119 	 6.4868230359e-01 	 1.2439309755e-04
9000 	 9222 	 6.4868102469e-01 	 1.6554243465e-04
9100 	 9324 	 6.4868004029e-01 	 1.0948059132e-04
9200 	 9427 	 6.4867942206e-01 	 5.8570860175e-05
9300 	 9529 	 6.4867900428e-01 	 1.4795111051e-04
9400 	 9632 	 6.4867857824e-01 	 1.1930745043e-04
9500 	 9733 	 6.4867801827e-01 	 1.1005821005e-04
9600 	 9833 	 6.4867760254e-01 	 6.7967974605e-05
9700 	 9935 	 6.4867733299e-01 	 9.1403525588e-05
9800 	 10037 	 6.4867706437e-01 	 6.8337976442e-05
9900 	 10140 	 6.4867676227e-01 	 4.3648943598e-05
10000 	 10241 	 6.4867646530e-01 	 5.2316485073e-05
10100 	 10344 	 6.4867608871e-01 	 7.5264878956e-05
10200 	 10447 	 6.4867553966e-01 	 1.7109761757e-04
10300 	 10550 	 6.4867481870e-01 	 1.1925656767e-04
10400 	 10652 	 6.4867394808e-01 	 7.3313460183e-05
10500 	 10753 	 6.4867323264e-01 	 1.0319134138e-04
10600 	 10857 	 6.4867248357e-01 	 1.5642093839e-04
10700 	 10960 	 6.4867202409e-01 	 5.8022209957e-05
10800 	 11063 	 6.4867167039e-01 	 7.1006544549e-05
10900 	 11166 	 6.4867133843e-01 	 3.9582467850e-05
11000 	 11268 	 6.4867100790e-01 	 1.3287937980e-04
11100 	 11370 	 6.4867063024e-01 	 2.2137387432e-04
11200 	 11474 	 6.4867025512e-01 	 7.9609901059e-05
11300 	 11575 	 6.4866991114e-01 	 5.5486054988e-05
11400 	 11675 	 6.4866970153e-01 	 4.7092516587e-05
11500 	 11777 	 6.4866954185e-01 	 5.8026423404e-05
11600 	 11879 	 6.4866938601e-01 	 4.0052245699e-05
11700 	 11982 	 6.4866925205e-01 	 4.7473724372e-05
11800 	 12085 	 6.4866910536e-01 	 4.6230027494e-05
11900 	 12189 	 6.4866896781e-01 	 4.1397474862e-05
12000 	 12291 	 6.4866884537e-01 	 3.5486028359e-05
12100 	 12391 	 6.4866870774e-01 	 4.5145030529e-05
12200 	 12497 	 6.4866854886e-01 	 6.8454004546e-05
12300 	 12597 	 6.4866840014e-01 	 3.5311958757e-05
12400 	 12701 	 6.4866823746e-01 	 4.0404129858e-05
12500 	 12804 	 6.4866813540e-01 	 8.6276165608e-05
12600 	 12907 	 6.4866804185e-01 	 4.5548263161e-05
12700 	 13007 	 6.4866789349e-01 	 7.6174818324e-05
12800 	 13110 	 6.4866773422e-01 	 5.8098659607e-05
12900 	 13214 	 6.4866759763e-01 	 5.2169148450e-05
13000 	 13320 	 6.4866745761e-01 	 5.0151086593e-05
13100 	 13423 	 6.4866730936e-01 	 6.4982794553e-05
13200 	 13524 	 6.4866719836e-01 	 3.6988967179e-05
13300 	 13624 	 6.4866707404e-01 	 3.4394126446e-05
13400 	 13727 	 6.4866698812e-01 	 2.4718909817e-05
13500 	 13830 	 6.4866684793e-01 	 5.4979505732e-05
13600 	 13935 	 6.4866668925e-01 	 9.3992022657e-05
13700 	 14037 	 6.4866656145e-01 	 4.7452661456e-05
13800 	 14139 	 6.4866648712e-01 	 2.0812391681e-05
13900 	 14241 	 6.4866642556e-01 	 3.2703261669e-05
14000 	 14343 	 6.4866637698e-01 	 1.9461812165e-05
14100 	 14448 	 6.4866632335e-01 	 2.0419389796e-05
14200 	 14549 	 6.4866627873e-01 	 6.0976830512e-05
14300 	 14651 	 6.4866623738e-01 	 2.8929310078e-05
14400 	 14752 	 6.4866620133e-01 	 1.7838243936e-05
14500 	 14853 	 6.4866615803e-01 	 2.2287399831e-05
14600 	 14955 	 6.4866610715e-01 	 2.5383626472e-05
14700 	 15056 	 6.4866606381e-01 	 2.1124475936e-05
14800 	 15159 	 6.4866601407e-01 	 4.4727637064e-05
14900 	 15259 	 6.4866596951e-01 	 2.2775664650e-05
15000 	 15360 	 6.4866592249e-01 	 2.5347481923e-05
15100 	 15462 	 6.4866586968e-01 	 2.6627961762e-05
15200 	 15566 	 6.4866582339e-01 	 3.1554385339e-05
15300 	 15668 	 6.4866578565e-01 	 2.5784949076e-05
15400 	 15771 	 6.4866574324e-01 	 1.8586366529e-05
15500 	 15873 	 6.4866569749e-01 	 2.7482120719e-05
15600 	 15978 	 6.4866566582e-01 	 2.9525449397e-05
15700 	 16081 	 6.4866563433e-01 	 5.0112973544e-05
15800 	 16185 	 6.4866560237e-01 	 1.3603555920e-05
15900 	 16289 	 6.4866557655e-01 	 1.5588871450e-05
16000 	 16389 	 6.4866555814e-01 	 1.4931718879e-05
16100 	 16493 	 6.4866554410e-01 	 1.1663972971e-05
16200 	 16598 	 6.4866552590e-01 	 2.4779489891e-05
16300 	 16702 	 6.4866551206e-01 	 1.3389002041e-05
16400 	 16805 	 6.4866549644e-01 	 2.0913626796e-05
16500 	 16907 	 6.4866548016e-01 	 1.2526538723e-05
16600 	 17010 	 6.4866546255e-01 	 1.2145619891e-05
16700 	 17112 	 6.4866544749e-01 	 2.7808649174e-05
16800 	 17213 	 6.4866543543e-01 	 2.5382718137e-05
16900 	 17316 	 6.4866542542e-01 	 1.2057438621e-05
17000 	 17419 	 6.4866541654e-01 	 7.7136024833e-06
17100 	 17523 	 6.4866540911e-01 	 1.0682570182e-05
17200 	 17625 	 6.4866540382e-01 	 1.8829094454e-05
17300 	 17728 	 6.4866539925e-01 	 6.6743466966e-06
17400 	 17832 	 6.4866539326e-01 	 7.4203270240e-06
17500 	 17935 	 6.4866538779e-01 	 8.3487074485e-06
17600 	 18037 	 6.4866538243e-01 	 7.2980178040e-06
17700 	 18138 	 6.4866537493e-01 	 8.3484838613e-06
17800 	 18241 	 6.4866536331e-01 	 1.3501732115e-05
17900 	 18344 	 6.4866535334e-01 	 1.1012208299e-05
18000 	 18447 	 6.4866534455e-01 	 1.0489546062e-05
18100 	 18549 	 6.4866533503e-01 	 1.0590649605e-05
18200 	 18654 	 6.4866532852e-01 	 6.9089351107e-06
18300 	 18758 	 6.4866532451e-01 	 6.3733604893e-06
18400 	 18862 	 6.4866532126e-01 	 5.4146210317e-06
18500 	 18965 	 6.4866531926e-01 	 3.9037832502e-06
18600 	 19067 	 6.4866531745e-01 	 5.2931839530e-06
18700 	 19168 	 6.4866531521e-01 	 8.6842341455e-06
18800 	 19269 	 6.4866531266e-01 	 1.0990336819e-05
18900 	 19372 	 6.4866530807e-01 	 1.2720297867e-05
19000 	 19475 	 6.4866530355e-01 	 5.6313998646e-06
19100 	 19576 	 6.4866529723e-01 	 1.3688266432e-05
19200 	 19679 	 6.4866528936e-01 	 9.9285880750e-06
19300 	 19781 	 6.4866528167e-01 	 1.3263599338e-05
19400 	 19883 	 6.4866527225e-01 	 8.9682236454e-06
19500 	 19986 	 6.4866526367e-01 	 1.1094341020e-05
19600 	 20088 	 6.4866525687e-01 	 1.4964445987e-05
19700 	 20188 	 6.4866525179e-01 	 1.1097373143e-05
19800 	 20291 	 6.4866524665e-01 	 8.9143008189e-06
19900 	 20394 	 6.4866524250e-01 	 1.1786051943e-05
20000 	 20495 	 6.4866523877e-01 	 6.6164877183e-06
20100 	 20597 	 6.4866523536e-01 	 1.2501238403e-05
20200 	 20699 	 6.4866523288e-01 	 4.6126035596e-06
20300 	 20801 	 6.4866523092e-01 	 3.2915853696e-06
20400 	 20902 	 6.4866522973e-01 	 3.3386571668e-06
20500 	 21004 	 6.4866522889e-01 	 2.3977053756e-06
20600 	 21105 	 6.4866522815e-01 	 3.0360869231e-06
20700 	 21208 	 6.4866522750e-01 	 2.4624326284e-06
20800 	 21310 	 6.4866522684e-01 	 3.2587216297e-06
20900 	 21415 	 6.4866522629e-01 	 3.3138775533e-06
21000 	 21518 	 6.4866522576e-01 	 2.9091447678e-06
21100 	 21620 	 6.4866522509e-01 	 1.9119589769e-06
21200 	 21722 	 6.4866522456e-01 	 3.9339467971e-06
21300 	 21823 	 6.4866522415e-01 	 2.2082091215e-06
21400 	 21925 	 6.4866522381e-01 	 2.1458107962e-06
21500 	 22028 	 6.4866522341e-01 	 2.3591484981e-06
21600 	 22130 	 6.4866522301e-01 	 1.8242785406e-06
21700 	 22231 	 6.4866522273e-01 	 1.5338520917e-06
21800 	 22335 	 6.4866522250e-01 	 1.5490522473e-06
21900 	 22435 	 6.4866522231e-01 	 2.3652511859e-06
22000 	 22538 	 6.4866522209e-01 	 1.4443016354e-06
22100 	 22641 	 6.4866522185e-01 	 2.1070697216e-06
22200 	 22744 	 6.4866522155e-01 	 1.6565624518e-06
22300 	 22847 	 6.4866522115e-01 	 2.1727007391e-06
22400 	 22949 	 6.4866522080e-01 	 1.6105019049e-06
22500 	 23049 	 6.4866522058e-01 	 1.7492316330e-06
22600 	 23153 	 6.4866522038e-01 	 2.0353532041e-06
22700 	 23254 	 6.4866522016e-01 	 1.3374935848e-06
22800 	 23357 	 6.4866521996e-01 	 1.6184371732e-06
22900 	 23458 	 6.4866521970e-01 	 2.6804095507e-06
23000 	 23559 	 6.4866521943e-01 	 1.9363832772e-06
23100 	 23661 	 6.4866521917e-01 	 3.0397128561e-06
23200 	 23765 	 6.4866521890e-01 	 1.5654453496e-06
23300 	 23866 	 6.4866521864e-01 	 1.3152319352e-06
23400 	 23967 	 6.4866521843e-01 	 1.4511366278e-06
23500 	 24071 	 6.4866521819e-01 	 2.7583732458e-06
23600 	 24172 	 6.4866521799e-01 	 1.5496694513e-06
23700 	 24274 	 6.4866521783e-01 	 1.3191217879e-06
23800 	 24377 	 6.4866521767e-01 	 1.8615057802e-06
23900 	 24478 	 6.4866521754e-01 	 1.5890301941e-06
24000 	 24579 	 6.4866521743e-01 	 6.5642307015e-07
24100 	 24681 	 6.4866521735e-01 	 9.1973501666e-07
24200 	 24782 	 6.4866521729e-01 	 8.7562753971e-07
24300 	 24886 	 6.4866521725e-01 	 7.0134906400e-07
24400 	 24988 	 6.4866521722e-01 	 1.2167910284e-06
24500 	 25091 	 6.4866521719e-01 	 4.9007141651e-07
24600 	 25193 	 6.4866521717e-01 	 3.6972003983e-07
24700 	 25296 	 6.4866521715e-01 	 4.4752437043e-07
24800 	 25399 	 6.4866521713e-01 	 3.6226697479e-07
24900 	 25500 	 6.4866521711e-01 	 6.6556074145e-07
25000 	 25603 	 6.4866521708e-01 	 5.2866898870e-07
25100 	 25705 	 6.4866521706e-01 	 4.0004648328e-07
25200 	 25808 	 6.4866521704e-01 	 5.4989510225e-07
25300 	 25908 	 6.4866521700e-01 	 6.6623496817e-07
25400 	 26010 	 6.4866521698e-01 	 5.6508359263e-07
25500 	 26111 	 6.4866521695e-01 	 4.1414771368e-07
25600 	 26211 	 6.4866521692e-01 	 1.0888663136e-06
25700 	 26315 	 6.4866521687e-01 	 6.8190932011e-07
25800 	 26417 	 6.4866521683e-01 	 6.4876892956e-07
25900 	 26518 	 6.4866521679e-01 	 1.1399170083e-06
26000 	 26620 	 6.4866521676e-01 	 6.1081466961e-07
26100 	 26722 	 6.4866521673e-01 	 5.8689449808e-07
26200 	 26826 	 6.4866521670e-01 	 4.4152402338e-07
26300 	 26928 	 6.4866521668e-01 	 4.8184083468e-07
26400 	 27030 	 6.4866521666e-01 	 7.8698497114e-07
26500 	 27135 	 6.4866521665e-01 	 9.4819282955e-07
26600 	 27239 	 6.4866521664e-01 	 4.0211986320e-07
26700 	 27341 	 6.4866521663e-01 	 1.7488272886e-07
26800 	 27447 	 6.4866521663e-01 	 3.5032701902e-07
26900 	 27551 	 6.4866521662e-01 	 4.3792690029e-07
27000 	 27653 	 6.4866521661e-01 	 3.4436071335e-07
27100 	 27755 	 6.4866521660e-01 	 8.5619480116e-07
27200 	 27857 	 6.4866521659e-01 	 3.4632241240e-07
27300 	 27958 	 6.4866521658e-01 	 2.5256473651e-07
27400 	 28059 	 6.4866521658e-01 	 3.7914954471e-07
27500 	 28161 	 6.4866521657e-01 	 2.2769478709e-07
27600 	 28262 	 6.4866521656e-01 	 2.6480792227e-07
27700 	 28366 	 6.4866521656e-01 	 2.6687596095e-07
27800 	 28469 	 6.4866521655e-01 	 2.5703078814e-07
27900 	 28570 	 6.4866521655e-01 	 2.1327447672e-07
28000 	 28671 	 6.4866521654e-01 	 2.9202758928e-07
28100 	 28772 	 6.4866521654e-01 	 2.2113432418e-07
28200 	 28876 	 6.4866521654e-01 	 2.7971134699e-07
28300 	 28978 	 6.4866521653e-01 	 3.8480116862e-07
28400 	 29079 	 6.4866521653e-01 	 1.7442680183e-07
28500 	 29182 	 6.4866521653e-01 	 1.8317255900e-07
28600 	 29284 	 6.4866521652e-01 	 1.6291057561e-07
28700 	 29390 	 6.4866521652e-01 	 1.0610627833e-07
28800 	 29494 	 6.4866521652e-01 	 1.3489118922e-07
28900 	 29597 	 6.4866521652e-01 	 1.1219108670e-07
29000 	 29698 	 6.4866521652e-01 	 1.0260440702e-07
29100 	 29802 	 6.4866521651e-01 	 1.5844813471e-07
29200 	 29904 	 6.4866521651e-01 	 1.4868478177e-07
29300 	 30007 	 6.4866521651e-01 	 1.5494080921e-07
29400 	 30110 	 6.4866521651e-01 	 3.2488663379e-07
29500 	 30212 	 6.4866521650e-01 	 5.4023837674e-07
29600 	 30316 	 6.4866521650e-01 	 1.4205222882e-07
29700 	 30421 	 6.4866521650e-01 	 1.0437237766e-07
29800 	 30526 	 6.4866521650e-01 	 1.4302344482e-07
29900 	 30630 	 6.4866521650e-01 	 1.5723528955e-07
30000 	 30732 	 6.4866521649e-01 	 2.2231538491e-07
30100 	 30836 	 6.4866521649e-01 	 1.0144469262e-07
30200 	 30939 	 6.4866521649e-01 	 6.3551990954e-08
30300 	 31044 	 6.4866521649e-01 	 1.3284631456e-07
30400 	 31147 	 6.4866521649e-01 	 9.0094464941e-08
30500 	 31250 	 6.4866521649e-01 	 1.0792400145e-07
30600 	 31354 	 6.4866521649e-01 	 1.2103178282e-07
30700 	 31457 	 6.4866521649e-01 	 8.4039815971e-08
30800 	 31559 	 6.4866521649e-01 	 8.4687138107e-08
30900 	 31661 	 6.4866521648e-01 	 1.2534627972e-07
31000 	 31765 	 6.4866521648e-01 	 1.0278623631e-07
31100 	 31868 	 6.4866521648e-01 	 6.4736227149e-08
31200 	 31972 	 6.4866521648e-01 	 8.9632115339e-08
31300 	 32080 	 6.4866521648e-01 	 9.0658208116e-08
31400 	 32186 	 6.4866521648e-01 	 5.9590785044e-08
31500 	 32296 	 6.4866521648e-01 	 7.2065432715e-08
31600 	 32408 	 6.4866521648e-01 	 5.9315424285e-08
31700 	 32524 	 6.4866521648e-01 	 4.4771646461e-08
31800 	 32637 	 6.4866521648e-01 	 2.7457394115e-08
31900 	 32754 	 6.4866521648e-01 	 2.9279418150e-08
32000 	 32870 	 6.4866521648e-01 	 2.0173985642e-08
32100 	 33003 	 6.4866521648e-01 	 2.8778888591e-08
32200 	 33114 	 6.4866521648e-01 	 3.8982719691e-08
32300 	 33231 	 6.4866521648e-01 	 4.3585933839e-08
32400 	 33349 	 6.4866521648e-01 	 1.8217191769e-08
# ---- 
 1 		 32470 	 33438 		 1.2263330807e+00 	 6.4866521648e-01 	 4.8346222171e-08
# ---- 
100 	 103 	 2.7020237739e+00 	 2.0353740686e-02
200 	 204 	 2.6874490382e+00 	 1.5275614170e-02
300 	 305 	 2.6808117353e+00 	 7.7371756016e-03
400 	 408 	 2.6767851813e+00 	 8.1401565256e-03
500 	 511 	 2.6739522040e+00 	 5.9072287552e-03
600 	 614 	 2.6724071093e+00 	 5.4783374307e-03
700 	 716 	 2.6714686255e+00 	 2.1809628464e-03
800 	 819 	 2.6709350281e+00 	 3.6661136082e-03
900 	 922 	 2.6706339913e+00 	 1.4352148546e-03
1000 	 1023 	 2.6704754022e+00 	 2.2395534989e-03
1100 	 1126 	 2.6703693409e+00 	 1.5495569645e-03
1200 	 1230 	 2.6702966367e+00 	 1.0941623679e-03
1300 	 1333 	 2.6702392583e+00 	 9.8802503554e-04
1400 	 1435 	 2.6701954785e+00 	 1.3388228200e-03
1500 	 1536 	 2.6701602246e+00 	 9.0251484790e-04
1600 	 1637 	 2.6701317825e+00 	 6.4855471103e-04
1700 	 1739 	 2.6701099791e+00 	 5.0951287788e-04
1800 	 1842 	 2.6700913743e+00 	 6.9220851939e-04
1900 	 1943 	 2.6700753881e+00 	 4.8427265551e-04
2000 	 2047 	 2.6700607621e+00 	 6.8604342590e-04
2100 	 2150 	 2.6700482988e+00 	 7.7418838920e-04
2200 	 2253 	 2.6700379162e+00 	 5.5280394313e-04
2300 	 2357 	 2.6700276140e+00 	 6.5364807622e-04
2400 	 2458 	 2.6700182805e+00 	 4.2344820383e-04
2500 	 2562 	 2.6700104025e+00 	 4.3684424404e-04
2600 	 2663 	 2.6700025258e+00 	 5.6698561372e-04
2700 	 2766 	 2.6699942239e+00 	 4.8203382482e-04
2800 	 2867 	 2.6699868851e+00 	 4.0645214833e-04
2900 	 2968 	 2.6699817387e+00 	 2.5020844633e-04
3000 	 3068 	 2.6699772701e+00 	 2.3094292420e-04
3100 	 3170 	 2.6699740074e+00 	 2.0380755064e-04
3200 	 3275 	 2.6699711778e+00 	 1.4269439803e-04
3300 	 3377 	 2.6699687732e+00 	 1.9687786478e-04
3400 	 3478 	 2.6699665701e+00 	 1.5333312676e-04
3500 	 3579 	 2.6699644529e+00 	 1.3065408390e-04
3600 	 3681 	 2.6699624760e+00 	 1.3189885703e-04
3700 	 3783 	 2.6699605047e+00 	 2.3562571284e-04
3800 	 3885 	 2.6699588161e+00 	 2.9318678401e-04
3900 	 3985 	 2.6699574867e+00 	 1.3960380152e-04
4000 	 4087 	 2.6699559886e+00 	 4.0069097487e-04
4100 	 4189 	 2.6699546671e+00 	 1.6679475799e-04
4200 	 4291 	 2.6699536439e+00 	 9.1722618389e-05
4300 	 4394 	 2.6699527863e+00 	 9.7723312155e-05
4400 	 4496 	 2.6699519885e+00 	 8.3889210578e-05
4500 	 4598 	 2.6699512793e+00 	 1.7795431791e-04
4600 	 4699 	 2.6699505440e+00 	 7.9749054359e-05
4700 	 4802 	 2.6699499811e+00 	 8.4709682782e-05
4800 	 4906 	 2.6699494415e+00 	 7.0139882419e-05
4900 	 5008 	 2.6699489666e+00 	 6.6968420812e-05
5000 	 5113 	 2.6699486036e+00 	 1.0574524882e-04
5100 	 5216 	 2.6699482741e+00 	 1.0887119283e-04
5200 	 5318 	 2.6699480250e+00 	 7.4579066123e-05
5300 	 5420 	 2.6699477154e+00 	 1.1783571489e-04
5400 	 5522 	 2.6699473578e+00 	 1.3028670969e-04
5500 	 5626 	 2.6699470257e+00 	 9.8463584119e-05
5600 	 5728 	 2.6699466947e+00 	 9.8862961728e-05
5700 	 5829 	 2.6699464408e+00 	 5.5642575432e-05
5800 	 5931 	 2.6699462625e+00 	 3.7258168693e-05
5900 	 6032 	 2.6699460903e+00 	 3.9511858374e-05
6000 	 6135 	 2.6699458919e+00 	 4.6638627247e-05
6100 	 6235 	 2.6699457122e+00 	 4.6487846982e-05
6200 	 6338 	 2.6699455589e+00 	 3.2322232392e-05
6300 	 6440 	 2.6699454096e+00 	 5.8034417806e-05
6400 	 6543 	 2.6699452481e+00 	 4.3865419383e-05
6500 	 6647 	 2.6699451042e+00 	 3.6232443007e-05
6600 	 6748 	 2.6699449859e+00 	 4.2373424403e-05
6700 	 6851 	 2.6699448587e+00 	 8.1629007441e-05
6800 	 6952 	 2.6699447198e+00 	 3.8117094208e-05
6900 	 7053 	 2.6699446115e+00 	 4.0031609931e-05
7000 	 7156 	 2.6699445227e+00 	 7.1234827835e-05
7100 	 7258 	 2.6699444391e+00 	 3.8470471729e-05
7200 	 7360 	 2.6699443806e+00 	 2.5021838763e-05
7300 	 7461 	 2.6699443446e+00 	 2.4944217206e-05
7400 	 7564 	 2.6699443145e+00 	 1.9922705833e-05
7500 	 7666 	 2.6699442831e+00 	 3.0167709074e-05
7600 	 7770 	 2.6699442632e+00 	 2.1998893920e-05
7700 	 7872 	 2.6699442467e+00 	 1.3605058100e-05
7800 	 7975 	 2.6699442314e+00 	 2.3460825794e-05
7900 	 8078 	 2.6699442082e+00 	 1.8585302987e-05
8000 	 8180 	 2.6699441840e+00 	 1.7617808427e-05
8100 	 8282 	 2.6699441608e+00 	 2.3778761532e-05
8200 	 8383 	 2.6699441401e+00 	 2.0883294468e-05
8300 	 8483 	 2.6699441230e+00 	 1.2985786002e-05
8400 	 8586 	 2.6699441067e+00 	 1.6493879735e-05
8500 	 8687 	 2.6699440906e+00 	 1.3227150687e-05
8600 	 8788 	 2.6699440774e+00 	 1.3726762491e-05
8700 	 8890 	 2.6699440657e+00 	 1.0626495984e-05
8800 	 8993 	 2.6699440579e+00 	 9.4504766994e-06
8900 	 9097 	 2.6699440518e+00 	 8.7874270185e-06
9000 	 9199 	 2.6699440463e+00 	 6.8517467192e-06
9100 	 9302 	 2.6699440416e+00 	 6.1929267347e-06
9200 	 9403 	 2.6699440353e+00 	 1.0875662132e-05
9300 	 9506 	 2.6699440301e+00 	 5.7418923935e-06
9400 	 9609 	 2.6699440268e+00 	 4.9248947376e-06
9500 	 9711 	 2.6699440237e+00 	 6.4985793574e-06
9600 	 9814 	 2.6699440206e+00 	 1.1766586181e-05
9700 	 9917 	 2.6699440185e+00 	 5.4420387203e-06
9800 	 10018 	 2.6699440162e+00 	 5.4132929378e-06
9900 	 10121 	 2.6699440139e+00 	 5.5994182627e-06
10000 	 10224 	 2.6699440117e+00 	 6.6535407468e-06
10100 	 10325 	 2.6699440099e+00 	 4.9637894482e-06
10200 	 10428 	 2.6699440079e+00 	 6.8125759222e-06
10300 	 10531 	 2.6699440062e+00 	 3.8357138464e-06
10400 	 10634 	 2.6699440044e+00 	 1.4358385564e-05
10500 	 10737 	 2.6699440027e+00 	 5.8760518037e-06
10600 	 10841 	 2.6699440008e+00 	 3.2182314989e-06
10700 	 10943 	 2.6699439994e+00 	 3.9635468631e-06
10800 	 11047 	 2.6699439980e+00 	 5.3208167858e-06
10900 	 11152 	 2.6699439968e+00 	 6.5963584237e-06
11000 	 11253 	 2.6699439953e+00 	 3.2774031544e-06
11100 	 11355 	 2.6699439941e+00 	 3.8931202904e-06
11200 	 11457 	 2.6699439931e+00 	 3.6655021097e-06
11300 	 11559 	 2.6699439923e+00 	 2.9767030230e-06
11400 	 11663 	 2.6699439915e+00 	 3.8311788288e-06
11500 	 11768 	 2.6699439909e+00 	 4.4223673003e-06
11600 	 11870 	 2.6699439903e+00 	 3.1541599263e-06
11700 	 11973 	 2.6699439898e+00 	 3.1699708588e-06
11800 	 12075 	 2.6699439892e+00 	 3.0061909827e-06
11900 	 12176 	 2.6699439886e+00 	 2.4088471782e-06
12000 	 12278 	 2.6699439881e+00 	 3.0067683067e-06
12100 	 12381 	 2.6699439875e+00 	 3.0033981025e-06
12200 	 12482 	 2.6699439866e+00 	 3.1821683773e-06
12300 	 12586 	 2.6699439859e+00 	 2.9718403246e-06
12400 	 12688 	 2.6699439853e+00 	 4.3545028331e-06
12500 	 12791 	 2.6699439849e+00 	 1.6773556768e-06
12600 	 12891 	 2.6699439846e+00 	 1.6511362122e-06
12700 	 12994 	 2.6699439843e+00 	 3.7613289835e-06
12800 	 13097 	 2.6699439840e+00 	 1.7570844760e-06
12900 	 13199 	 2.6699439838e+00 	 1.7486847381e-06
13000 	 13303 	 2.6699439837e+00 	 1.1826283348e-06
13100 	 13404 	 2.6699439835e+00 	 2.2055590402e-06
13200 	 13507 	 2.6699439833e+00 	 2.8218113358e-06
13300 	 13612 	 2.6699439831e+00 	 1.4463464626e-06
13400 	 13715 	 2.6699439831e+00 	 7.4563302515e-07
13500 	 13817 	 2.6699439830e+00 	 6.2081964597e-07
13600 	 13922 	 2.6699439830e+00 	 1.6884110667e-06
13700 	 14024 	 2.6699439829e+00 	 1.4094229656e-06
13800 	 14126 	 2.6699439828e+00 	 8.8595464078e-07
13900 	 14227 	 2.6699439828e+00 	 2.2806320613e-06
14000 	 14329 	 2.6699439827e+00 	 1.4076236562e-06
14100 	 14433 	 2.6699439826e+00 	 1.5105406830e-06
14200 	 14537 	 2.6699439825e+00 	 9.5008885685e-07
14300 	 14638 	 2.6699439825e+00 	 9.4229550634e-07
14400 	 14739 	 2.6699439824e+00 	 9.4858954463e-07
14500 	 14841 	 2.6699439823e+00 	 8.5612381296e-07
14600 	 14944 	 2.6699439823e+00 	 1.6394981009e-06
14700 	 15047 	 2.6699439822e+00 	 8.6808893849e-07
14800 	 15149 	 2.6699439822e+00 	 1.2215382335e-06
14900 	 15251 	 2.6699439822e+00 	 5.9522977732e-07
15000 	 15355 	 2.6699439821e+00 	 4.9420874770e-07
15100 	 15458 	 2.6699439821e+00 	 7.5911419083e-07
15200 	 15562 	 2.6699439820e+00 	 5.4169565638e-07
15300 	 15665 	 2.6699439820e+00 	 5.3910581960e-07
15400 	 15767 	 2.6699439820e+00 	 8.2538459665e-07
15500 	 15870 	 2.6699439820e+00 	 6.8516171173e-07
15600 	 15972 	 2.6699439819e+00 	 6.9869867423e-07
15700 	 16078 	 2.6699439819e+00 	 4.3713639138e-07
15800 	 16180 	 2.6699439819e+00 	 4.7836054259e-07
15900 	 16281 	 2.6699439819e+00 	 5.2799062105e-07
16000 	 16384 	 2.6699439819e+00 	 4.3455934828e-07
16100 	 16487 	 2.6699439819e+00 	 4.8574372839e-07
16200 	 16589 	 2.6699439818e+00 	 9.1500945321e-07
16300 	 16691 	 2.6699439818e+00 	 4.1574137062e-07
16400 	 16794 	 2.6699439818e+00 	 3.0168498730e-07
16500 	 16897 	 2.6699439818e+00 	 5.6777808863e-07
16600 	 16998 	 2.6699439818e+00 	 2.4420630905e-07
16700 	 17100 	 2.6699439818e+00 	 2.4968751595e-07
16800 	 17203 	 2.6699439818e+00 	 5.2999664831e-07
16900 	 17305 	 2.6699439818e+00 	 3.0679084771e-07
17000 	 17408 	 2.6699439818e+00 	 3.1606797349e-07
17100 	 17511 	 2.6699439818e+00 	 4.3162300607e-07
17200 	 17614 	 2.6699439818e+00 	 3.3615731971e-07
17300 	 17717 	 2.6699439817e+00 	 3.4946570322e-07
17400 	 17818 	 2.6699439817e+00 	 1.8911547919e-07
17500 	 17922 	 2.6699439817e+00 	 1.7056534038e-07
17600 	 18024 	 2.6699439817e+00 	 1.6636031239e-07
17700 	 18129 	 2.6699439817e+00 	 1.4866012943e-07
17800 	 18234 	 2.6699439817e+00 	 3.9660535739e-07
17900 	 18336 	 2.6699439817e+00 	 2.3042870052e-07
18000 	 18444 	 2.6699439817e+00 	 1.1146854675e-07
18100 	 18553 	 2.6699439817e+00 	 1.4527884633e-07
18200 	 18659 	 2.6699439817e+00 	 1.7379262986e-07
18300 	 18766 	 2.6699439817e+00 	 1.9847328088e-07
18400 	 18877 	 2.6699439817e+00 	 1.0788928505e-07
18500 	 18983 	 2.6699439817e+00 	 8.8136567481e-08
18600 	 19092 	 2.6699439817e+00 	 1.0287180120e-07
18700 	 19196 	 2.6699439817e+00 	 1.2666511584e-07
18800 	 19303 	 2.6699439817e+00 	 2.4065332116e-07
18900 	 19417 	 2.6699439817e+00 	 1.6957506557e-07
19000 	 19538 	 2.6699439817e+00 	 7.4571963515e-08
19100 	 19653 	 2.6699439817e+00 	 6.8293149449e-08
19200 	 19762 	 2.6699439817e+00 	 6.3574491921e-08
19300 	 19875 	 2.6699439817e+00 	 9.5700239758e-08
19400 	 19997 	 2.6699439817e+00 	 4.3474486097e-08
# ---- 
 1 		 19406 	 20016 		 3.2009027425e+00 	 2.6699439817e+00 	 7.7206250101e-08
# ---- 
100 	 102 	 6.1266707728e+00 	 2.2237389374e-02
200 	 205 	 6.1166697852e+00 	 2.3001973291e-02
300 	 306 	 6.1116150813e+00 	 8.8658389306e-03
400 	 407 	 6.1084321388e+00 	 6.7949665504e-03
500 	 509 	 6.1063018048e+00 	 8.8356248891e-03
600 	 611 	 6.1050415167e+00 	 3.7674503548e-03
700 	 713 	 6.1043238024e+00 	 2.5665779489e-03
800 	 814 	 6.1038066106e+00 	 2.3140429479e-03
900 	 917 	 6.1035681137e+00 	 1.2968559449e-03
1000 	 1019 	 6.1034512758e+00 	 2.3851599731e-03
1100 	 1121 	 6.1033736499e+00 	 1.0098712472e-03
1200 	 1223 	 6.1033066155e+00 	 1.0558969553e-03
1300 	 1325 	 6.1032563386e+00 	 2.1329557265e-03
1400 	 1427 	 6.1032261564e+00 	 6.0272020061e-04
1500 	 1527 	 6.1032035059e+00 	 8.8124514989e-04
1600 	 1628 	 6.1031857980e+00 	 6.5105025718e-04
1700 	 1731 	 6.1031714230e+00 	 4.2246507964e-04
1800 	 1834 	 6.1031594689e+00 	 4.2241035326e-04
1900 	 1936 	 6.1031515086e+00 	 3.6764593695e-04
2000 	 2039 	 6.1031460230e+00 	 6.6167024767e-04
2100 	 2142 	 6.1031409300e+00 	 4.2363509727e-04
2200 	 2242 	 6.1031353523e+00 	 2.6407994771e-04
2300 	 2345 	 6.1031301936e+00 	 3.9891606099e-04
2400 	 2445 	 6.1031251358e+00 	 2.1661497572e-04
2500 	 2546 	 6.1031198658e+00 	 2.5955796800e-04
2600 	 2649 	 6.1031144259e+00 	 2.0255437795e-04
2700 	 2751 	 6.1031106380e+00 	 2.2831007577e-04
2800 	 2853 	 6.1031078127e+00 	 1.6484770564e-04
2900 	 2955 	 6.1031055136e+00 	 1.8765257309e-04
3000 	 3058 	 6.1031039738e+00 	 2.5140209492e-04
3100 	 3160 	 6.1031022872e+00 	 1.3407885972e-04
3200 	 3264 	 6.1031006399e+00 	 1.3335454492e-04
3300 	 3366 	 6.1030995026e+00 	 4.0712474803e-04
3400 	 3469 	 6.1030984679e+00 	 1.1624415062e-04
3500 	 3573 	 6.1030975670e+00 	 1.2504047221e-04
3600 	 3675 	 6.1030967056e+00 	 9.1991772889e-05
3700 	 3779 	 6.1030959611e+00 	 6.6122822908e-05
3800 	 3885 	 6.1030953779e+00 	 8.0750582069e-05
3900 	 3988 	 6.1030950235e+00 	 9.1610561750e-05
4000 	 4090 	 6.1030946275e+00 	 6.6515810188e-05
4100 	 4194 	 6.1030942540e+00 	 5.2948350659e-05
4200 	 4297 	 6.1030939141e+00 	 5.2152569055e-05
4300 	 4399 	 6.1030935421e+00 	 8.0419932561e-05
4400 	 4501 	 6.1030931896e+00 	 1.1331057080e-04
4500 	 4603 	 6.1030928524e+00 	 5.0726137535e-05
4600 	 4706 	 6.1030926117e+00 	 9.8553541634e-05
4700 	 4807 	 6.1030923380e+00 	 6.9162621101e-05
4800 	 4910 	 6.1030920532e+00 	 4.4058756305e-05
4900 	 5012 	 6.1030918303e+00 	 5.5663197752e-05
5000 	 5117 	 6.1030916177e+00 	 6.5150225366e-05
5100 	 5218 	 6.1030914222e+00 	 8.6234537379e-05
5200 	 5319 	 6.1030912668e+00 	 4.4825167564e-05
5300 	 5423 	 6.1030911649e+00 	 4.4413468665e-05
5400 	 5526 	 6.1030910605e+00 	 4.4429582963e-05
5500 	 5631 	 6.1030909614e+00 	 3.4549385762e-05
5600 	 5735 	 6.1030908683e+00 	 4.0830608634e-05
5700 	 5838 	 6.1030907896e+00 	 3.5055330435e-05
5800 	 5941 	 6.1030907261e+00 	 3.3704264239e-05
5900 	 6042 	 6.1030906571e+00 	 6.0163143251e-05
6000 	 6146 	 6.1030905616e+00 	 1.0364308987e-04
6100 	 6248 	 6.1030904692e+00 	 2.5480105681e-05
6200 	 6351 	 6.1030904081e+00 	 2.5661013843e-05
6300 	 6453 	 6.1030903639e+00 	 3.4841525054e-05
6400 	 6555 	 6.1030903273e+00 	 2.0798206117e-05
6500 	 6658 	 6.1030902985e+00 	 3.3726381001e-05
6600 	 6759 	 6.1030902774e+00 	 2.0305923829e-05
6700 	 6862 	 6.1030902621e+00 	 1.7859498234e-05
6800 	 6966 	 6.1030902501e+00 	 1.3017236266e-05
6900 	 7069 	 6.1030902376e+00 	 1.1655003772e-05
7000 	 7173 	 6.1030902260e+00 	 9.3257356736e-06
7100 	 7275 	 6.1030902166e+00 	 1.2285047633e-05
7200 	 7377 	 6.1030902085e+00 	 9.5023650970e-06
7300 	 7480 	 6.1030902029e+00 	 2.4382736326e-05
7400 	 7584 	 6.1030901993e+00 	 4.1900380808e-06
7500 	 7686 	 6.1030901966e+00 	 1.3459634777e-05
7600 	 7788 	 6.1030901939e+00 	 5.9590954012e-06
7700 	 7890 	 6.1030901911e+00 	 4.3912096607e-06
7800 	 7992 	 6.1030901893e+00 	 4.8411474634e-06
7900 	 8095 	 6.1030901875e+00 	 3.8916313691e-06
8000 	 8197 	 6.1030901858e+00 	 7.6254003359e-06
8100 	 8299 	 6.1030901843e+00 	 6.1908937952e-06
8200 	 8402 	 6.1030901832e+00 	 2.5085628273e-06
8300 	 8504 	 6.1030901819e+00 	 3.6025519416e-06
8400 	 8606 	 6.1030901800e+00 	 4.3993469714e-06
8500 	 8709 	 6.1030901786e+00 	 4.6257048433e-06
8600 	 8810 	 6.1030901772e+00 	 4.5186277939e-06
8700 	 8912 	 6.1030901757e+00 	 4.1396806981e-06
8800 	 9016 	 6.1030901742e+00 	 3.5763415258e-06
8900 	 9119 	 6.1030901728e+00 	 4.4235309215e-06
9000 	 9222 	 6.1030901710e+00 	 4.7161203969e-06
9100 	 9323 	 6.1030901696e+00 	 6.8262996093e-06
9200 	 9425 	 6.1030901687e+00 	 5.9609460743e-06
9300 	 9526 	 6.1030901680e+00 	 3.0387457139e-06
9400 	 9629 	 6.1030901674e+00 	 2.5296567863e-06
9500 	 9733 	 6.1030901670e+00 	 1.6418384476e-06
9600 	 9835 	 6.1030901666e+00 	 1.6652327015e-06
9700 	 9938 	 6.1030901662e+00 	 2.6840167043e-06
9800 	 10041 	 6.1030901659e+00 	 1.9113200582e-06
9900 	 10144 	 6.1030901657e+00 	 1.2966191268e-06
10000 	 10247 	 6.1030901655e+00 	 1.0085096785e-06
10100 	 10350 	 6.1030901654e+00 	 1.7435771566e-06
10200 	 10453 	 6.1030901652e+00 	 1.3921891542e-06
10300 	 10554 	 6.1030901651e+00 	 1.2044386050e-06
10400 	 10655 	 6.1030901650e+00 	 1.1689381979e-06
10500 	 10758 	 6.1030901649e+00 	 1.5926823627e-06
10600 	 10862 	 6.1030901648e+00 	 1.4881301573e-06
10700 	 10966 	 6.1030901647e+00 	 1.0788155670e-06
10800 	 11070 	 6.1030901646e+00 	 1.2446561927e-06
10900 	 11173 	 6.1030901645e+00 	 1.5842474202e-06
11000 	 11278 	 6.1030901643e+00 	 1.7976412163e-06
11100 	 11382 	 6.1030901642e+00 	 1.3533907520e-06
11200 	 11484 	 6.1030901641e+00 	 1.3000106722e-06
11300 	 11586 	 6.1030901639e+00 	 1.6788139859e-06
11400 	 11690 	 6.1030901638e+00 	 1.0113541108e-06
11500 	 11791 	 6.1030901638e+00 	 1.0320955714e-06
11600 	 11895 	 6.1030901637e+00 	 1.3490642940e-06
11700 	 11997 	 6.1030901637e+00 	 2.1860165584e-06
11800 	 12099 	 6.1030901636e+00 	 7.5716971448e-07
11900 	 12203 	 6.1030901636e+00 	 8.7268619312e-07
12000 	 12304 	 6.1030901636e+00 	 3.7059514641e-07
12100 	 12406 	 6.1030901636e+00 	 4.4718766766e-07
12200 	 12510 	 6.1030901635e+00 	 1.4637142616e-06
12300 	 12612 	 6.1030901635e+00 	 6.9976061548e-07
12400 	 12716 	 6.1030901635e+00 	 5.1741876209e-07
12500 	 12818 	 6.1030901635e+00 	 3.8637684618e-07
12600 	 12920 	 6.1030901635e+00 	 3.1708609304e-07
12700 	 13023 	 6.1030901635e+00 	 3.4613643123e-07
12800 	 13124 	 6.1030901635e+00 	 2.3757725326e-07
12900 	 13226 	 6.1030901635e+00 	 3.7837135311e-07
13000 	 13332 	 6.1030901634e+00 	 7.3429980425e-07
13100 	 13437 	 6.1030901634e+00 	 2.5887301234e-07
13200 	 13546 	 6.1030901634e+00 	 1.8559938697e-07
13300 	 13658 	 6.1030901634e+00 	 2.6523282256e-07
13400 	 13760 	 6.1030901634e+00 	 5.5143393016e-07
13500 	 13866 	 6.1030901634e+00 	 2.3827738586e-07
13600 	 13969 	 6.1030901634e+00 	 2.1840152408e-07
13700 	 14073 	 6.1030901634e+00 	 3.5805910716e-07
13800 	 14179 	 6.1030901634e+00 	 2.3406070492e-07
13900 	 14283 	 6.1030901634e+00 	 1.8889591049e-07
14000 	 14390 	 6.1030901634e+00 	 1.8434557828e-07
14100 	 14497 	 6.1030901634e+00 	 3.1071799763e-07
14200 	 14614 	 6.1030901634e+00 	 1.6827417790e-07
14300 	 14730 	 6.1030901634e+00 	 2.2196457220e-07
14400 	 14840 	 6.1030901634e+00 	 2.0451475295e-07
# ---- 
 1 		 14458 	 14925 		 6.6220931594e+00 	 6.1030901634e+00 	 1.1377245187e-07
# ---- 
100 	 103 	 1.0985489476e+01 	 2.2267693604e-02
200 	 203 	 1.0977925940e+01 	 2.8704009935e-02
300 	 305 	 1.0973733777e+01 	 6.9002244371e-03
400 	 405 	 1.0971077092e+01 	 7.0333269959e-03
500 	 507 	 1.0969043407e+01 	 5.6975168696e-03
600 	 609 	 1.0967883137e+01 	 3.6353193005e-03
700 	 710 	 1.0967248584e+01 	 2.2422029239e-03
800 	 813 	 1.0966841574e+01 	 2.0924272424e-03
900 	 915 	 1.0966623642e+01 	 1.9313587725e-03
1000 	 1018 	 1.0966503583e+01 	 2.6078795833e-03
1100 	 1119 	 1.0966427447e+01 	 1.0025720691e-03
1200 	 1220 	 1.0966373944e+01 	 1.9059654559e-03
1300 	 1323 	 1.0966340613e+01 	 1.2126852619e-03
1400 	 1424 	 1.0966318115e+01 	 5.3432612711e-04
1500 	 1525 	 1.0966298845e+01 	 4.4812665774e-04
1600 	 1628 	 1.0966283481e+01 	 4.5188938925e-04
1700 	 1731 	 1.0966271916e+01 	 4.3744079834e-04
1800 	 1833 	 1.0966263642e+01 	 7.0642778512e-04
1900 	 1934 	 1.0966258832e+01 	 3.4864459305e-04
2000 	 2037 	 1.0966255070e+01 	 1.6219891108e-04
2100 	 2140 	 1.0966251884e+01 	 1.8233210708e-04
2200 	 2243 	 1.0966249126e+01 	 2.1633760759e-04
2300 	 2345 	 1.0966245756e+01 	 2.7740573781e-04
2400 	 2446 	 1.0966241784e+01 	 3.4872881884e-04
2500 	 2549 	 1.0966238433e+01 	 1.7832608551e-04
2600 	 2652 	 1.0966235953e+01 	 2.1897037701e-04
2700 	 2755 	 1.0966233984e+01 	 1.3778140427e-04
2800 	 2857 	 1.0966232568e+01 	 2.4896760413e-04
2900 	 2961 	 1.0966231389e+01 	 1.0193791540e-04
3000 	 3064 	 1.0966230379e+01 	 1.2197111365e-04
3100 	 3166 	 1.0966229548e+01 	 8.3811224789e-05
3200 	 3267 	 1.0966228856e+01 	 1.1404971966e-04
3300 	 3369 	 1.0966228160e+01 	 9.7407086753e-05
3400 	 3470 	 1.0966227473e+01 	 7.4771267097e-05
3500 	 3572 	 1.0966226926e+01 	 7.0722408289e-05
3600 	 3675 	 1.0966226514e+01 	 7.3484705582e-05
3700 	 3776 	 1.0966226205e+01 	 3.9186032333e-05
3800 	 3878 	 1.0966225993e+01 	 1.0839341644e-04
3900 	 3978 	 1.0966225751e+01 	 8.3274456800e-05
4000 	 4079 	 1.0966225529e+01 	 3.9685211880e-05
4100 	 4182 	 1.0966225360e+01 	 2.9709320549e-05
4200 	 4285 	 1.0966225221e+01 	 3.6064769992e-05
4300 	 4388 	 1.0966225104e+01 	 4.5658755894e-05
4400 	 4491 	 1.0966224981e+01 	 3.3033048926e-05
4500 	 4595 	 1.0966224850e+01 	 4.8916719700e-05
4600 	 4696 	 1.0966224726e+01 	 3.3302303648e-05
4700 	 4797 	 1.0966224617e+01 	 4.0772371660e-05
4800 	 4902 	 1.0966224509e+01 	 4.2539761758e-05
4900 	 5004 	 1.0966224417e+01 	 2.4807211346e-05
5000 	 5107 	 1.0966224334e+01 	 5.5056390609e-05
5100 	 5208 	 1.0966224270e+01 	 3.2190487257e-05
5200 	 5311 	 1.0966224219e+01 	 5.6224676259e-05
5300 	 5414 	 1.0966224175e+01 	 1.7965497958e-05
5400 	 5517 	 1.0966224132e+01 	 6.3729360937e-05
5500 	 5620 	 1.0966224098e+01 	 4.0268361798e-05
5600 	 5722 	 1.0966224071e+01 	 1.1998027592e-05
5700 	 5823 	 1.0966224052e+01 	 1.2570322265e-05
5800 	 5926 	 1.0966224037e+01 	 1.3471501290e-05
5900 	 6030 	 1.0966224027e+01 	 8.3781314072e-06
6000 	 6133 	 1.0966224019e+01 	 1.1511549645e-05
6100 	 6234 	 1.0966224012e+01 	 6.0540026188e-06
6200 	 6337 	 1.0966224006e+01 	 1.1957625906e-05
6300 	 6440 	 1.0966224000e+01 	 8.4841315687e-06
6400 	 6542 	 1.0966223996e+01 	 1.6444411277e-05
6500 	 6645 	 1.0966223991e+01 	 6.6477771733e-06
6600 	 6747 	 1.0966223987e+01 	 7.2633149142e-06
6700 	 6847 	 1.0966223983e+01 	 5.8625903142e-06
6800 	 6950 	 1.0966223979e+01 	 1.5566908786e-05
6900 	 7052 	 1.0966223976e+01 	 6.3708388705e-06
7000 	 7154 	 1.0966223974e+01 	 7.6189935935e-06
7100 	 7258 	 1.0966223972e+01 	 6.3297468456e-06
7200 	 7359 	 1.0966223971e+01 	 9.9210747088e-06
7300 	 7463 	 1.0966223969e+01 	 1.0179006100e-05
7400 	 7566 	 1.0966223967e+01 	 3.0010752329e-06
7500 	 7668 	 1.0966223966e+01 	 3.3527606532e-06
7600 	 7770 	 1.0966223965e+01 	 3.3386054129e-06
7700 	 7873 	 1.0966223965e+01 	 2.4676091487e-06
7800 	 7977 	 1.0966223964e+01 	 5.4222673533e-06
7900 	 8080 	 1.0966223963e+01 	 1.8711222612e-06
8000 	 8185 	 1.0966223963e+01 	 4.2766650969e-06
8100 	 8286 	 1.0966223962e+01 	 3.1205692243e-06
8200 	 8388 	 1.0966223962e+01 	 2.1544459587e-06
8300 	 8492 	 1.0966223962e+01 	 1.6091033460e-06
8400 	 8595 	 1.0966223961e+01 	 1.4907541188e-06
8500 	 8695 	 1.0966223961e+01 	 1.9152804684e-06
8600 	 8797 	 1.0966223961e+01 	 1.4559631212e-06
8700 	 8900 	 1.0966223961e+01 	 1.0746693166e-06
8800 	 9002 	 1.0966223961e+01 	 1.1188460450e-06
8900 	 9103 	 1.0966223961e+01 	 1.3271787470e-06
9000 	 9205 	 1.0966223961e+01 	 2.0511469163e-06
9100 	 9307 	 1.0966223960e+01 	 8.6575990029e-07
9200 	 9409 	 1.0966223960e+01 	 9.8859476339e-07
9300 	 9512 	 1.0966223960e+01 	 1.2508503368e-06
9400 	 9614 	 1.0966223960e+01 	 1.0367013395e-06
9500 	 9717 	 1.0966223960e+01 	 1.1091150314e-06
9600 	 9820 	 1.0966223960e+01 	 7.8374491999e-07
9700 	 9924 	 1.0966223960e+01 	 9.3852092195e-07
9800 	 10027 	 1.0966223960e+01 	 6.0618606242e-07
9900 	 10130 	 1.0966223960e+01 	 4.3021824193e-07
10000 	 10236 	 1.0966223960e+01 	 7.4047033901e-07
10100 	 10337 	 1.0966223960e+01 	 5.6153441058e-07
10200 	 10439 	 1.0966223960e+01 	 7.4094951705e-07
10300 	 10544 	 1.0966223960e+01 	 8.6754594017e-07
10400 	 10650 	 1.0966223960e+01 	 3.3569072836e-07
10500 	 10756 	 1.0966223960e+01 	 3.8109550642e-07
10600 	 10860 	 1.0966223960e+01 	 4.6848913253e-07
10700 	 10965 	 1.0966223960e+01 	 4.3075005674e-07
10800 	 11068 	 1.0966223960e+01 	 5.4479247585e-07
10900 	 11175 	 1.0966223960e+01 	 2.0700934494e-07
11000 	 11282 	 1.0966223960e+01 	 4.6941224681e-07
11100 	 11395 	 1.0966223960e+01 	 3.6910028458e-07
11200 	 11510 	 1.0966223960e+01 	 2.2607313225e-07
11300 	 11617 	 1.0966223960e+01 	 3.0733742149e-07
11400 	 11727 	 1.0966223960e+01 	 2.9346539809e-07
11500 	 11833 	 1.0966223960e+01 	 5.9268198303e-07
11600 	 11938 	 1.0966223960e+01 	 3.7128738939e-07
11700 	 12044 	 1.0966223960e+01 	 2.2523722454e-07
11800 	 12154 	 1.0966223960e+01 	 2.6702744252e-07
11900 	 12267 	 1.0966223960e+01 	 2.1326881552e-07
# ---- 
 1 		 11917 	 12301 		 1.1479063169e+01 	 1.0966223960e+01 	 2.9481741273e-07
# ---- 
100 	 105 	 1.7287879966e+01 	 1.2119309592e-02
200 	 206 	 1.7281566043e+01 	 9.1592911747e-03
300 	 308 	 1.7277940667e+01 	 6.5924307162e-03
400 	 410 	 1.7275652286e+01 	 5.4709490503e-03
500 	 511 	 1.7273754573e+01 	 5.1271526005e-03
600 	 613 	 1.7272540381e+01 	 3.1927156366e-03
700 	 716 	 1.7271875714e+01 	 5.3270204525e-03
800 	 818 	 1.7271469012e+01 	 2.2647798373e-03
900 	 920 	 1.7271259114e+01 	 1.1986045657e-03
1000 	 1020 	 1.7271149314e+01 	 1.0335123845e-03
1100 	 1124 	 1.7271084336e+01 	 1.0399293481e-03
1200 	 1228 	 1.7271041860e+01 	 7.8163869677e-04
1300 	 1329 	 1.7271011284e+01 	 5.1929962622e-04
1400 	 1431 	 1.7270988467e+01 	 4.9882670953e-04
1500 	 1535 	 1.7270969564e+01 	 4.8377088996e-04
1600 	 1635 	 1.7270957748e+01 	 3.1288491970e-04
1700 	 1738 	 1.7270949670e+01 	 7.7884408430e-04
1800 	 1840 	 1.7270944271e+01 	 2.3739711096e-04
1900 	 1943 	 1.7270940091e+01 	 2.4436771777e-04
2000 	 2044 	 1.7270936591e+01 	 2.0718228241e-04
2100 	 2147 	 1.7270933598e+01 	 2.6652234242e-04
2200 	 2249 	 1.7270931260e+01 	 1.7792944050e-04
2300 	 2352 	 1.7270928659e+01 	 2.5608785843e-04
2400 	 2453 	 1.7270926260e+01 	 1.3871388572e-04
2500 	 2557 	 1.7270924291e+01 	 2.2697819226e-04
2600 	 2658 	 1.7270922717e+01 	 1.4378080497e-04
2700 	 2760 	 1.7270921359e+01 	 1.2666770095e-04
2800 	 2863 	 1.7270920400e+01 	 1.4505605586e-04
2900 	 2968 	 1.7270919598e+01 	 9.4712140058e-05
3000 	 3069 	 1.7270918898e+01 	 7.5242454117e-05
3100 	 3169 	 1.7270918203e+01 	 1.3694232597e-04
3200 	 3272 	 1.7270917592e+01 	 7.1566671871e-05
3300 	 3372 	 1.7270917191e+01 	 8.7262225598e-05
3400 	 3473 	 1.7270916916e+01 	 5.8307456146e-05
3500 	 3574 	 1.7270916640e+01 	 4.1742362121e-05
3600 	 3676 	 1.7270916366e+01 	 9.9006717724e-05
3700 	 3777 	 1.7270916140e+01 	 9.6311092197e-05
3800 	 3879 	 1.7270915983e+01 	 4.8523275629e-05
3900 	 3979 	 1.7270915819e+01 	 6.4736008278e-05
4000 	 4080 	 1.7270915695e+01 	 5.4735468046e-05
4100 	 4181 	 1.7270915606e+01 	 4.9620071064e-05
4200 	 4283 	 1.7270915537e+01 	 3.4068051476e-05
4300 	 4387 	 1.7270915474e+01 	 2.6053234356e-05
4400 	 4491 	 1.7270915409e+01 	 2.8289899060e-05
4500 	 4593 	 1.7270915334e+01 	 3.5007952695e-05
4600 	 4696 	 1.7270915264e+01 	 2.5376308760e-05
4700 	 4799 	 1.7270915209e+01 	 4.0955001266e-05
4800 	 4901 	 1.7270915158e+01 	 2.2586002619e-05
4900 	 5004 	 1.7270915115e+01 	 1.4551951590e-05
5000 	 5108 	 1.7270915080e+01 	 2.3868429585e-05
5100 	 5212 	 1.7270915052e+01 	 2.3902019025e-05
5200 	 5315 	 1.7270915033e+01 	 1.8974975119e-05
5300 	 5415 	 1.7270915016e+01 	 2.3379951686e-05
5400 	 5517 	 1.7270915000e+01 	 1.6759453629e-05
5500 	 5621 	 1.7270914987e+01 	 1.0596014562e-05
5600 	 5724 	 1.7270914974e+01 	 1.1150328812e-05
5700 	 5825 	 1.7270914962e+01 	 7.7761623553e-06
5800 	 5928 	 1.7270914954e+01 	 2.0667343867e-05
5900 	 6031 	 1.7270914948e+01 	 2.3502046098e-05
6000 	 6132 	 1.7270914943e+01 	 2.1031294774e-05
6100 	 6234 	 1.7270914938e+01 	 9.7314915874e-06
6200 	 6337 	 1.7270914935e+01 	 6.0540622539e-06
6300 	 6440 	 1.7270914932e+01 	 6.8133985337e-06
6400 	 6542 	 1.7270914929e+01 	 5.7736597839e-06
6500 	 6645 	 1.7270914926e+01 	 8.3951088767e-06
6600 	 6748 	 1.7270914923e+01 	 6.9795283171e-06
6700 	 6848 	 1.7270914921e+01 	 1.1436523795e-05
6800 	 6951 	 1.7270914920e+01 	 4.4030484350e-06
6900 	 7052 	 1.7270914919e+01 	 4.0562339930e-06
7000 	 7155 	 1.7270914918e+01 	 3.0060803416e-06
7100 	 7256 	 1.7270914917e+01 	 2.3797215262e-06
7200 	 7358 	 1.7270914916e+01 	 4.3802518564e-06
7300 	 7462 	 1.7270914915e+01 	 7.3910196937e-06
7400 	 7567 	 1.7270914915e+01 	 5.9306534443e-06
7500 	 7667 	 1.7270914914e+01 	 2.8361241678e-06
7600 	 7770 	 1.7270914913e+01 	 3.9827757375e-06
7700 	 7872 	 1.7270914912e+01 	 2.1273936443e-06
7800 	 7974 	 1.7270914912e+01 	 1.6759190965e-06
7900 	 8076 	 1.7270914912e+01 	 2.0420228109e-06
8000 	 8179 	 1.7270914911e+01 	 2.1343547995e-06
8100 	 8281 	 1.7270914911e+01 	 3.5434343925e-06
8200 	 8382 	 1.7270914911e+01 	 1.3025340592e-06
8300 	 8484 	 1.7270914911e+01 	 3.0413948583e-06
8400 	 8585 	 1.7270914910e+01 	 1.5395740604e-06
8500 	 8685 	 1.7270914910e+01 	 1.3574577827e-06
8600 	 8788 	 1.7270914910e+01 	 2.1933648085e-06
8700 	 8890 	 1.7270914910e+01 	 1.0761464846e-06
8800 	 8992 	 1.7270914910e+01 	 6.7286397066e-07
8900 	 9095 	 1.7270914910e+01 	 8.2057505157e-07
9000 	 9199 	 1.7270914910e+01 	 9.9631211943e-07
9100 	 9305 	 1.7270914910e+01 	 9.1367079887e-07
9200 	 9407 	 1.7270914910e+01 	 5.9218405906e-07
9300 	 9508 	 1.7270914910e+01 	 6.9022664937e-07
9400 	 9611 	 1.7270914910e+01 	 5.2543723333e-07
9500 	 9713 	 1.7270914910e+01 	 6.0827802205e-07
9600 	 9817 	 1.7270914910e+01 	 3.4350426441e-07
9700 	 9920 	 1.7270914910e+01 	 3.8210520940e-07
9800 	 10032 	 1.7270914910e+01 	 2.7237380591e-07
9900 	 10139 	 1.7270914910e+01 	 3.6098448434e-07
10000 	 10250 	 1.7270914910e+01 	 3.7208387122e-07
10100 	 10361 	 1.7270914910e+01 	 2.0040957441e-07
10200 	 10471 	 1.7270914910e+01 	 3.2058031642e-07
10300 	 10584 	 1.7270914910e+01 	 3.4168865870e-07
10400 	 10693 	 1.7270914910e+01 	 7.9457773841e-07
10500 	 10804 	 1.7270914910e+01 	 3.5843777581e-07
10600 	 10918 	 1.7270914910e+01 	 4.5219918322e-07
10700 	 11035 	 1.7270914910e+01 	 1.7605683243e-07
# ---- 
 1 		 10773 	 11128 		 1.7779939263e+01 	 1.7270914910e+01 	 3.6859783977e-07
# ---- 
100 	 102 	 2.5040880830e+01 	 1.1821681674e-02
200 	 204 	 2.5035411708e+01 	 8.7351626990e-03
300 	 306 	 2.5032090897e+01 	 9.8667102734e-03
400 	 409 	 2.5030034627e+01 	 1.4927633322e-02
500 	 509 	 2.5028363151e+01 	 7.5132316571e-03
600 	 610 	 2.5027187982e+01 	 9.1712253871e-03
700 	 710 	 2.5026524129e+01 	 4.1134963291e-03
800 	 811 	 2.5026172363e+01 	 3.6825513407e-03
900 	 912 	 2.5025955658e+01 	 2.5259279392e-03
1000 	 1014 	 2.5025848267e+01 	 1.5166032718e-03
1100 	 1116 	 2.5025769941e+01 	 9.5123498426e-04
1200 	 1221 	 2.5025720645e+01 	 7.0733680370e-04
1300 	 1324 	 2.5025688268e+01 	 8.7839496612e-04
1400 	 1428 	 2.5025663580e+01 	 1.2818407300e-03
1500 	 1530 	 2.5025647426e+01 	 4.1699404295e-04
1600 	 1634 	 2.5025632971e+01 	 6.0964264736e-04
1700 	 1737 	 2.5025624404e+01 	 2.8326273014e-04
1800 	 1837 	 2.5025619371e+01 	 2.2111306421e-04
1900 	 1941 	 2.5025615874e+01 	 4.8692711546e-04
2000 	 2044 	 2.5025612969e+01 	 2.5342085280e-04
2100 	 2148 	 2.5025610373e+01 	 1.1661101852e-04
2200 	 2251 	 2.5025607811e+01 	 1.3115430811e-04
2300 	 2352 	 2.5025605643e+01 	 4.9586344956e-04
2400 	 2454 	 2.5025603237e+01 	 2.1811770132e-04
2500 	 2556 	 2.5025601647e+01 	 1.1316598215e-04
2600 	 2657 	 2.5025600415e+01 	 1.2261186758e-04
2700 	 2759 	 2.5025599424e+01 	 1.2529453068e-04
2800 	 2862 	 2.5025598679e+01 	 8.6245399421e-05
2900 	 2967 	 2.5025597921e+01 	 1.1290557818e-04
3000 	 3071 	 2.5025597207e+01 	 1.1500435768e-04
3100 	 3174 	 2.5025596735e+01 	 1.0525085924e-04
3200 	 3277 	 2.5025596379e+01 	 4.6546321269e-05
3300 	 3380 	 2.5025596054e+01 	 1.0152014669e-04
3400 	 3484 	 2.5025595808e+01 	 8.4385697248e-05
3500 	 3586 	 2.5025595579e+01 	 5.7121801705e-05
3600 	 3688 	 2.5025595392e+01 	 4.2987808215e-05
3700 	 3788 	 2.5025595267e+01 	 3.3751883346e-05
3800 	 3892 	 2.5025595189e+01 	 4.9988554556e-05
3900 	 3995 	 2.5025595121e+01 	 2.4693418056e-05
4000 	 4095 	 2.5025595056e+01 	 2.2305439865e-05
4100 	 4198 	 2.5025594989e+01 	 3.5101207093e-05
4200 	 4300 	 2.5025594929e+01 	 2.6145076581e-05
4300 	 4403 	 2.5025594878e+01 	 2.5778862081e-05
4400 	 4506 	 2.5025594827e+01 	 2.4537414546e-05
4500 	 4609 	 2.5025594785e+01 	 2.5515833277e-05
4600 	 4712 	 2.5025594738e+01 	 5.7550374311e-05
4700 	 4814 	 2.5025594692e+01 	 2.8368273061e-05
4800 	 4915 	 2.5025594662e+01 	 1.8868177345e-05
4900 	 5016 	 2.5025594642e+01 	 2.4419894113e-05
5000 	 5118 	 2.5025594626e+01 	 2.0040898060e-05
5100 	 5221 	 2.5025594609e+01 	 1.3448208745e-05
5200 	 5325 	 2.5025594592e+01 	 1.4907524874e-05
5300 	 5427 	 2.5025594581e+01 	 8.0357774288e-06
5400 	 5529 	 2.5025594575e+01 	 8.8268417763e-06
5500 	 5633 	 2.5025594569e+01 	 6.6561305581e-06
5600 	 5735 	 2.5025594564e+01 	 6.4302255748e-06
5700 	 5839 	 2.5025594559e+01 	 1.2707199183e-05
5800 	 5943 	 2.5025594555e+01 	 8.5419368205e-06
5900 	 6045 	 2.5025594552e+01 	 5.9271755011e-06
6000 	 6148 	 2.5025594548e+01 	 1.1873619731e-05
6100 	 6252 	 2.5025594545e+01 	 7.3023550870e-06
6200 	 6355 	 2.5025594542e+01 	 5.4477782011e-06
6300 	 6458 	 2.5025594539e+01 	 5.0749776367e-06
6400 	 6561 	 2.5025594536e+01 	 8.8678333055e-06
6500 	 6665 	 2.5025594534e+01 	 4.2703017547e-06
6600 	 6768 	 2.5025594531e+01 	 4.0841365986e-06
6700 	 6870 	 2.5025594530e+01 	 3.2012615569e-06
6800 	 6972 	 2.5025594529e+01 	 3.4730086646e-06
6900 	 7074 	 2.5025594528e+01 	 3.2843556811e-06
7000 	 7176 	 2.5025594527e+01 	 3.5120168628e-06
7100 	 7280 	 2.5025594526e+01 	 2.6458304265e-06
7200 	 7381 	 2.5025594526e+01 	 3.0541592688e-06
7300 	 7481 	 2.5025594525e+01 	 2.9491382936e-06
7400 	 7584 	 2.5025594524e+01 	 2.2812271627e-06
7500 	 7689 	 2.5025594524e+01 	 2.0141699640e-06
7600 	 7789 	 2.5025594523e+01 	 1.4637241978e-06
7700 	 7892 	 2.5025594523e+01 	 1.6226339800e-06
7800 	 7995 	 2.5025594523e+01 	 1.6791224027e-06
7900 	 8100 	 2.5025594523e+01 	 1.1502462243e-06
8000 	 8202 	 2.5025594523e+01 	 1.3662660833e-06
8100 	 8305 	 2.5025594522e+01 	 1.9732206017e-06
8200 	 8408 	 2.5025594522e+01 	 2.6529731927e-06
8300 	 8510 	 2.5025594522e+01 	 1.0612919916e-06
8400 	 8610 	 2.5025594522e+01 	 1.0595884237e-06
8500 	 8710 	 2.5025594522e+01 	 1.4510392053e-06
8600 	 8812 	 2.5025594522e+01 	 7.3169291824e-07
8700 	 8916 	 2.5025594522e+01 	 6.1940314312e-07
8800 	 9019 	 2.5025594522e+01 	 8.8910338442e-07
8900 	 9124 	 2.5025594522e+01 	 5.4528732962e-07
9000 	 9226 	 2.5025594522e+01 	 7.2843130067e-07
9100 	 9329 	 2.5025594522e+01 	 7.2685564939e-07
9200 	 9434 	 2.5025594522e+01 	 6.2431560645e-07
9300 	 9537 	 2.5025594522e+01 	 5.1733703742e-07
9400 	 9642 	 2.5025594522e+01 	 1.3728165744e-06
9500 	 9747 	 2.5025594522e+01 	 4.4980166506e-07
9600 	 9850 	 2.5025594522e+01 	 5.6555737908e-07
9700 	 9954 	 2.5025594522e+01 	 1.1639255550e-06
9800 	 10058 	 2.5025594522e+01 	 5.4264785621e-07
9900 	 10168 	 2.5025594522e+01 	 3.2324369246e-07
10000 	 10278 	 2.5025594522e+01 	 7.9237043836e-07
10100 	 10389 	 2.5025594521e+01 	 2.1424603861e-07
10200 	 10506 	 2.5025594521e+01 	 1.1073916090e-07
10300 	 10643 	 2.5025594521e+01 	 2.1166898988e-07
# ---- 
 1 		 10319 	 10680 		 2.5531992311e+01 	 2.5025594521e+01 	 1.4997800163e-07
# ---- 
100 	 103 	 3.4250840030e+01 	 8.5541160547e-03
200 	 206 	 3.4245923416e+01 	 6.2127009824e-03
300 	 311 	 3.4242926332e+01 	 6.0192207554e-03
400 	 413 	 3.4241079270e+01 	 5.8331079315e-03
500 	 516 	 3.4239577601e+01 	 3.8082666593e-03
600 	 619 	 3.4238456615e+01 	 4.0922353209e-03
700 	 720 	 3.4237767997e+01 	 2.4910803036e-03
800 	 822 	 3.4237414822e+01 	 1.5435694327e-03
900 	 923 	 3.4237216006e+01 	 1.4319279996e-03
1000 	 1023 	 3.4237109740e+01 	 1.0049845045e-03
1100 	 1126 	 3.4237038551e+01 	 9.7580139054e-04
1200 	 1228 	 3.4236987978e+01 	 1.4502269321e-03
1300 	 1329 	 3.4236954409e+01 	 6.9291220786e-04
1400 	 1433 	 3.4236933592e+01 	 6.7727219483e-04
1500 	 1535 	 3.4236918083e+01 	 3.9711544769e-04
1600 	 1636 	 3.4236908683e+01 	 3.6747777970e-04
1700 	 1736 	 3.4236903188e+01 	 2.0612023971e-04
1800 	 1838 	 3.4236898670e+01 	 5.2201402034e-04
1900 	 1941 	 3.4236894727e+01 	 2.6484871650e-04
2000 	 2045 	 3.4236890603e+01 	 2.4141154588e-04
2100 	 2149 	 3.4236887247e+01 	 2.4456622550e-04
2200 	 2250 	 3.4236885307e+01 	 1.5373970092e-04
2300 	 2350 	 3.4236883340e+01 	 2.3385238199e-04
2400 	 2450 	 3.4236881805e+01 	 1.3535169547e-04
2500 	 2553 	 3.4236880383e+01 	 1.7770260012e-04
2600 	 2656 	 3.4236879331e+01 	 9.3716502830e-05
2700 	 2758 	 3.4236878378e+01 	 9.9314946655e-05
2800 	 2858 	 3.4236877580e+01 	 8.5173121027e-05
2900 	 2962 	 3.4236876879e+01 	 1.5539771821e-04
3000 	 3064 	 3.4236876342e+01 	 5.6879026464e-05
3100 	 3168 	 3.4236875964e+01 	 6.9092477286e-05
3200 	 3269 	 3.4236875607e+01 	 6.3613263558e-05
3300 	 3370 	 3.4236875347e+01 	 5.1428905473e-05
3400 	 3473 	 3.4236875169e+01 	 3.7678884578e-05
3500 	 3575 	 3.4236875011e+01 	 4.9195087517e-05
3600 	 3678 	 3.4236874869e+01 	 8.4314465137e-05
3700 	 3781 	 3.4236874751e+01 	 6.0202925577e-05
3800 	 3885 	 3.4236874662e+01 	 5.4091106828e-05
3900 	 3986 	 3.4236874592e+01 	 2.8595882602e-05
4000 	 4088 	 3.4236874531e+01 	 3.1729010270e-05
4100 	 4190 	 3.4236874469e+01 	 2.2812552633e-05
4200 	 4291 	 3.4236874428e+01 	 4.6735442568e-05
4300 	 4394 	 3.4236874386e+01 	 4.5562165756e-05
4400 	 4497 	 3.4236874341e+01 	 2.3529826251e-05
4500 	 4601 	 3.4236874297e+01 	 2.2917478153e-05
4600 	 4703 	 3.4236874261e+01 	 2.7185743489e-05
4700 	 4805 	 3.4236874235e+01 	 1.7259665056e-05
4800 	 4908 	 3.4236874214e+01 	 2.6471712849e-05
4900 	 5010 	 3.4236874192e+01 	 1.6326649916e-05
5000 	 5111 	 3.4236874174e+01 	 1.4882665192e-05
5100 	 5213 	 3.4236874163e+01 	 1.9377490156e-05
5200 	 5314 	 3.4236874156e+01 	 1.1324305330e-05
5300 	 5417 	 3.4236874149e+01 	 6.9840517651e-06
5400 	 5517 	 3.4236874142e+01 	 9.3040191515e-06
5500 	 5618 	 3.4236874135e+01 	 9.6923586801e-06
5600 	 5721 	 3.4236874128e+01 	 2.6925429139e-05
5700 	 5822 	 3.4236874123e+01 	 7.7199169090e-06
5800 	 5923 	 3.4236874118e+01 	 7.6521411709e-06
5900 	 6026 	 3.4236874113e+01 	 5.7649533089e-06
6000 	 6129 	 3.4236874109e+01 	 1.3939648547e-05
6100 	 6230 	 3.4236874106e+01 	 7.8557757397e-06
6200 	 6334 	 3.4236874103e+01 	 5.7005989458e-06
6300 	 6436 	 3.4236874101e+01 	 6.9366184776e-06
6400 	 6539 	 3.4236874099e+01 	 4.8470577763e-06
6500 	 6644 	 3.4236874097e+01 	 3.2554127968e-06
6600 	 6746 	 3.4236874096e+01 	 9.2193410473e-06
6700 	 6848 	 3.4236874095e+01 	 2.9793040245e-06
6800 	 6951 	 3.4236874094e+01 	 2.6791454871e-06
6900 	 7054 	 3.4236874094e+01 	 4.8809480462e-06
7000 	 7156 	 3.4236874093e+01 	 2.4738458251e-06
7100 	 7258 	 3.4236874093e+01 	 3.1553678105e-06
7200 	 7359 	 3.4236874092e+01 	 5.3195120625e-06
7300 	 7461 	 3.4236874092e+01 	 2.1884230469e-06
7400 	 7562 	 3.4236874092e+01 	 1.7350422033e-06
7500 	 7666 	 3.4236874092e+01 	 1.2955476770e-06
7600 	 7768 	 3.4236874092e+01 	 1.4269307155e-06
7700 	 7870 	 3.4236874091e+01 	 1.3754997754e-06
7800 	 7972 	 3.4236874091e+01 	 1.5004531017e-06
7900 	 8074 	 3.4236874091e+01 	 1.2801134867e-06
8000 	 8178 	 3.4236874091e+01 	 1.6109473632e-06
8100 	 8283 	 3.4236874091e+01 	 8.6945525704e-07
8200 	 8386 	 3.4236874091e+01 	 1.0026435383e-06
8300 	 8489 	 3.4236874091e+01 	 7.0282858289e-07
8400 	 8592 	 3.4236874091e+01 	 5.5449969494e-07
8500 	 8696 	 3.4236874091e+01 	 1.7503943693e-06
8600 	 8802 	 3.4236874091e+01 	 5.5928846856e-07
8700 	 8918 	 3.4236874091e+01 	 4.6931587799e-07
8800 	 9030 	 3.4236874091e+01 	 5.1580020754e-07
8900 	 9148 	 3.4236874091e+01 	 3.2946459255e-07
9000 	 9258 	 3.4236874091e+01 	 4.8258259505e-07
9100 	 9365 	 3.4236874091e+01 	 3.7605762166e-07
9200 	 9478 	 3.4236874091e+01 	 4.7138965837e-07
9300 	 9588 	 3.4236874091e+01 	 5.3168035076e-07
9400 	 9695 	 3.4236874091e+01 	 5.8699321841e-07
9500 	 9811 	 3.4236874091e+01 	 5.2271395720e-07
9600 	 9926 	 3.4236874091e+01 	 2.7147000546e-07
9700 	 10055 	 3.4236874091e+01 	 5.8570126397e-07
9800 	 10168 	 3.4236874091e+01 	 5.2571582964e-07
9900 	 10284 	 3.4236874091e+01 	 3.7323815098e-07
# ---- 
 1 		 9950 	 10358 		 3.4741350967e+01 	 3.4236874091e+01 	 1.9826430145e-07
# ---- 
100 	 105 	 4.4922920522e+01 	 1.7389612614e-02
200 	 206 	 4.4918486634e+01 	 8.4188905448e-03
300 	 308 	 4.4915907476e+01 	 7.4148339813e-03
400 	 411 	 4.4914098202e+01 	 5.4875530376e-03
500 	 512 	 4.4912749852e+01 	 4.5272186863e-03
600 	 613 	 4.4911679016e+01 	 3.6308194597e-03
700 	 714 	 4.4910994024e+01 	 3.2504297853e-03
800 	 817 	 4.4910671137e+01 	 2.2471039951e-03
900 	 920 	 4.4910474727e+01 	 1.5646389711e-03
1000 	 1021 	 4.4910360095e+01 	 8.8387856030e-04
1100 	 1125 	 4.4910286998e+01 	 9.9217369587e-04
1200 	 1228 	 4.4910236359e+01 	 7.4895637635e-04
1300 	 1331 	 4.4910205394e+01 	 5.9356770833e-04
1400 	 1434 	 4.4910187653e+01 	 7.2939138067e-04
1500 	 1538 	 4.4910172942e+01 	 5.0171005893e-04
1600 	 1640 	 4.4910164848e+01 	 4.4209709801e-04
1700 	 1742 	 4.4910159948e+01 	 4.0528611114e-04
1800 	 1844 	 4.4910155003e+01 	 5.2735443831e-04
1900 	 1947 	 4.4910150333e+01 	 2.5751692437e-04
2000 	 2049 	 4.4910146541e+01 	 3.1218179415e-04
2100 	 2149 	 4.4910143685e+01 	 1.5051740795e-04
2200 	 2250 	 4.4910141854e+01 	 1.2981501890e-04
2300 	 2352 	 4.4910140121e+01 	 1.6509270545e-04
2400 	 2453 	 4.4910138718e+01 	 1.7647680344e-04
2500 	 2555 	 4.4910137530e+01 	 1.5128084566e-04
2600 	 2659 	 4.4910136575e+01 	 1.1755592142e-04
2700 	 2761 	 4.4910135733e+01 	 9.1044626855e-05
2800 	 2863 	 4.4910135032e+01 	 1.1595227192e-04
2900 	 2966 	 4.4910134482e+01 	 1.1832972207e-04
3000 	 3070 	 4.4910134049e+01 	 6.5256680986e-05
3100 	 3171 	 4.4910133732e+01 	 6.1628166450e-05
3200 	 3274 	 4.4910133470e+01 	 6.2669834365e-05
3300 	 3377 	 4.4910133291e+01 	 5.2650991800e-05
3400 	 3482 	 4.4910133145e+01 	 3.8692331351e-05
3500 	 3582 	 4.4910133048e+01 	 2.8905077546e-05
3600 	 3684 	 4.4910132977e+01 	 2.6098536336e-05
3700 	 3784 	 4.4910132907e+01 	 2.4841838697e-05
3800 	 3887 	 4.4910132843e+01 	 3.2079366109e-05
3900 	 3988 	 4.4910132779e+01 	 2.8307381834e-05
4000 	 4091 	 4.4910132726e+01 	 2.9834215714e-05
4100 	 4195 	 4.4910132679e+01 	 2.1011645054e-05
4200 	 4298 	 4.4910132639e+01 	 2.6034728791e-05
4300 	 4399 	 4.4910132600e+01 	 1.6146987441e-05
4400 	 4501 	 4.4910132570e+01 	 2.2096498158e-05
4500 	 4602 	 4.4910132544e+01 	 1.9547460589e-05
4600 	 4703 	 4.4910132524e+01 	 1.6259720652e-05
4700 	 4807 	 4.4910132507e+01 	 2.2743022218e-05
4800 	 4908 	 4.4910132489e+01 	 1.4349339116e-05
4900 	 5008 	 4.4910132476e+01 	 1.8011911711e-05
5000 	 5108 	 4.4910132467e+01 	 1.0076732007e-05
5100 	 5210 	 4.4910132458e+01 	 2.4300590872e-05
5200 	 5314 	 4.4910132449e+01 	 1.5152280607e-05
5300 	 5416 	 4.4910132443e+01 	 7.6380031486e-06
5400 	 5517 	 4.4910132440e+01 	 6.9542929031e-06
5500 	 5618 	 4.4910132437e+01 	 5.9993281250e-06
5600 	 5721 	 4.4910132433e+01 	 6.4340254016e-06
5700 	 5824 	 4.4910132430e+01 	 7.2382297455e-06
5800 	 5926 	 4.4910132427e+01 	 6.6524477320e-06
5900 	 6028 	 4.4910132425e+01 	 5.9572423995e-06
6000 	 6130 	 4.4910132423e+01 	 5.0252528350e-06
6100 	 6231 	 4.4910132421e+01 	 5.0216429310e-06
6200 	 6336 	 4.4910132420e+01 	 7.2035113796e-06
6300 	 6438 	 4.4910132418e+01 	 4.0532027107e-06
6400 	 6542 	 4.4910132417e+01 	 3.4492108450e-06
6500 	 6644 	 4.4910132417e+01 	 2.9463336911e-06
6600 	 6748 	 4.4910132416e+01 	 1.6863115103e-06
6700 	 6850 	 4.4910132416e+01 	 1.7497216682e-06
6800 	 6953 	 4.4910132415e+01 	 2.8266856658e-06
6900 	 7056 	 4.4910132415e+01 	 2.1030631826e-06
7000 	 7158 	 4.4910132414e+01 	 4.5634171857e-06
7100 	 7258 	 4.4910132414e+01 	 2.0892878633e-06
7200 	 7360 	 4.4910132414e+01 	 1.2380846186e-06
7300 	 7463 	 4.4910132414e+01 	 1.0858319604e-06
7400 	 7566 	 4.4910132414e+01 	 1.3545241250e-06
7500 	 7669 	 4.4910132414e+01 	 1.0562672927e-06
7600 	 7771 	 4.4910132414e+01 	 1.3532424262e-06
7700 	 7874 	 4.4910132413e+01 	 1.1355412832e-06
7800 	 7978 	 4.4910132413e+01 	 8.7756118382e-07
7900 	 8080 	 4.4910132413e+01 	 1.1295781400e-06
8000 	 8184 	 4.4910132413e+01 	 1.3243117964e-06
8100 	 8285 	 4.4910132413e+01 	 8.4982850447e-07
8200 	 8390 	 4.4910132413e+01 	 1.1591529985e-06
8300 	 8494 	 4.4910132413e+01 	 7.4622278273e-07
8400 	 8599 	 4.4910132413e+01 	 6.3368685488e-07
8500 	 8711 	 4.4910132413e+01 	 4.6305112083e-07
8600 	 8821 	 4.4910132413e+01 	 5.8207430508e-07
8700 	 8933 	 4.4910132413e+01 	 3.4178853995e-07
8800 	 9052 	 4.4910132413e+01 	 2.0655609869e-07
8900 	 9172 	 4.4910132413e+01 	 2.2461261161e-07
# ---- 
 1 		 8958 	 9265 		 4.5413180513e+01 	 4.4910132413e+01 	 2.2488418601e-07
# ---- 
100 	 102 	 5.7061626333e+01 	 9.7785963818e-03
200 	 204 	 5.7057415083e+01 	 7.5260554440e-03
300 	 306 	 5.7055036360e+01 	 5.3431760739e-03
400 	 410 	 5.7053396970e+01 	 6.7345927743e-03
500 	 511 	 5.7052189158e+01 	 4.6386810504e-03
600 	 612 	 5.7051221265e+01 	 4.3934852320e-03
700 	 715 	 5.7050643829e+01 	 2.5140260017e-03
800 	 818 	 5.7050339619e+01 	 2.1204474005e-03
900 	 922 	 5.7050145283e+01 	 1.0917317858e-03
1000 	 1025 	 5.7050028951e+01 	 1.4768830019e-03
1100 	 1126 	 5.7049953101e+01 	 1.0662464643e-03
1200 	 1228 	 5.7049905605e+01 	 5.3742003179e-04
1300 	 1331 	 5.7049877365e+01 	 5.3550517673e-04
1400 	 1433 	 5.7049859106e+01 	 4.5873353149e-04
1500 	 1535 	 5.7049847225e+01 	 5.6043530418e-04
1600 	 1638 	 5.7049840042e+01 	 2.8436685787e-04
1700 	 1740 	 5.7049834815e+01 	 5.2073078595e-04
1800 	 1842 	 5.7049829836e+01 	 2.8478699044e-04
1900 	 1947 	 5.7049826343e+01 	 5.2332445784e-04
2000 	 2051 	 5.7049822567e+01 	 1.6859739628e-04
2100 	 2154 	 5.7049820001e+01 	 2.5123734042e-04
2200 	 2259 	 5.7049817879e+01 	 1.4288706394e-04
2300 	 2360 	 5.7049816340e+01 	 2.1013196965e-04
2400 	 2464 	 5.7049815008e+01 	 1.1110879386e-04
2500 	 2569 	 5.7049814036e+01 	 1.1802341543e-04
2600 	 2670 	 5.7049813042e+01 	 1.2854954435e-04
2700 	 2773 	 5.7049812317e+01 	 1.0225727728e-04
2800 	 2876 	 5.7049811691e+01 	 1.1304566750e-04
2900 	 2977 	 5.7049811226e+01 	 9.5504929404e-05
3000 	 3080 	 5.7049810931e+01 	 7.8913315256e-05
3100 	 3181 	 5.7049810703e+01 	 9.5414779782e-05
3200 	 3284 	 5.7049810532e+01 	 4.8985647832e-05
3300 	 3388 	 5.7049810397e+01 	 4.2451598350e-05
3400 	 3491 	 5.7049810297e+01 	 7.8604974655e-05
3500 	 3592 	 5.7049810218e+01 	 2.6611209039e-05
3600 	 3694 	 5.7049810162e+01 	 1.7454766453e-05
3700 	 3795 	 5.7049810120e+01 	 1.8927083513e-05
3800 	 3900 	 5.7049810074e+01 	 2.2602298322e-05
3900 	 4003 	 5.7049810024e+01 	 2.4529438747e-05
4000 	 4105 	 5.7049809975e+01 	 2.9783835737e-05
4100 	 4208 	 5.7049809936e+01 	 4.0881837219e-05
4200 	 4310 	 5.7049809908e+01 	 1.5513241227e-05
4300 	 4411 	 5.7049809880e+01 	 1.8122032648e-05
4400 	 4512 	 5.7049809863e+01 	 1.1329255026e-05
4500 	 4615 	 5.7049809845e+01 	 1.6167269281e-05
4600 	 4717 	 5.7049809828e+01 	 1.6519596936e-05
4700 	 4819 	 5.7049809813e+01 	 1.0019930141e-05
4800 	 4922 	 5.7049809803e+01 	 2.5402283301e-05
4900 	 5026 	 5.7049809794e+01 	 1.1592461423e-05
5000 	 5127 	 5.7049809785e+01 	 3.1272874669e-05
5100 	 5231 	 5.7049809778e+01 	 8.7275697635e-06
5200 	 5334 	 5.7049809774e+01 	 9.3173745528e-06
5300 	 5436 	 5.7049809769e+01 	 5.5258078344e-06
5400 	 5540 	 5.7049809765e+01 	 7.3622140683e-06
5500 	 5641 	 5.7049809761e+01 	 5.1186520135e-06
5600 	 5742 	 5.7049809758e+01 	 5.2761481675e-06
5700 	 5848 	 5.7049809755e+01 	 7.3265202761e-06
5800 	 5951 	 5.7049809752e+01 	 5.5383429819e-06
5900 	 6056 	 5.7049809751e+01 	 5.0937459014e-06
6000 	 6156 	 5.7049809749e+01 	 4.5452399164e-06
6100 	 6257 	 5.7049809748e+01 	 4.3239244739e-06
6200 	 6361 	 5.7049809747e+01 	 4.6904117648e-06
6300 	 6462 	 5.7049809746e+01 	 4.8941059402e-06
6400 	 6566 	 5.7049809746e+01 	 3.0383238993e-06
6500 	 6669 	 5.7049809745e+01 	 2.2160705590e-06
6600 	 6774 	 5.7049809745e+01 	 3.9786649629e-06
6700 	 6876 	 5.7049809744e+01 	 1.2509773213e-06
6800 	 6979 	 5.7049809744e+01 	 2.3370756413e-06
6900 	 7083 	 5.7049809744e+01 	 1.1710079403e-06
7000 	 7184 	 5.7049809744e+01 	 1.1160376324e-06
7100 	 7288 	 5.7049809744e+01 	 1.0938486026e-06
7200 	 7389 	 5.7049809744e+01 	 8.8413397517e-07
7300 	 7491 	 5.7049809744e+01 	 6.4486986480e-07
7400 	 7595 	 5.7049809744e+01 	 6.2811962659e-07
7500 	 7698 	 5.7049809744e+01 	 5.6852055350e-07
7600 	 7804 	 5.7049809744e+01 	 6.6791465230e-07
7700 	 7910 	 5.7049809744e+01 	 7.0197023434e-07
7800 	 8016 	 5.7049809744e+01 	 5.6773714364e-07
7900 	 8123 	 5.7049809744e+01 	 4.7697908909e-07
8000 	 8228 	 5.7049809744e+01 	 6.3642454532e-07
8100 	 8337 	 5.7049809744e+01 	 9.5912574638e-07
8200 	 8455 	 5.7049809744e+01 	 3.3970683221e-07
# ---- 
 1 		 8265 	 8547 		 5.7551815589e+01 	 5.7049809744e+01 	 4.7397164680e-07
# ---- 
100 	 103 	 7.0670688914e+01 	 9.1242335342e-03
200 	 205 	 7.0666757403e+01 	 8.9036286435e-03
300 	 309 	 7.0664436198e+01 	 8.3412921908e-03
400 	 412 	 7.0662994948e+01 	 4.5501407475e-03
500 	 513 	 7.0661831864e+01 	 7.7970888454e-03
600 	 616 	 7.0660916284e+01 	 5.5410086591e-03
700 	 718 	 7.0660366827e+01 	 2.8013894191e-03
800 	 821 	 7.0660083126e+01 	 1.7122766309e-03
900 	 924 	 7.0659898221e+01 	 2.0239607313e-03
1000 	 1028 	 7.0659783312e+01 	 1.7524841592e-03
1100 	 1130 	 7.0659710507e+01 	 1.3160553304e-03
1200 	 1234 	 7.0659668841e+01 	 1.0992308797e-03
1300 	 1335 	 7.0659643497e+01 	 4.4459125042e-04
1400 	 1440 	 7.0659627921e+01 	 4.5748129559e-04
1500 	 1545 	 7.0659618739e+01 	 4.8345575502e-04
1600 	 1647 	 7.0659613033e+01 	 5.8836273671e-04
1700 	 1749 	 7.0659607958e+01 	 2.3632497500e-04
1800 	 1850 	 7.0659603360e+01 	 3.4501512248e-04
1900 	 1954 	 7.0659599480e+01 	 1.6772474541e-04
2000 	 2054 	 7.0659595972e+01 	 2.1151885083e-04
2100 	 2157 	 7.0659593888e+01 	 1.5429969613e-04
2200 	 2260 	 7.0659591893e+01 	 1.3318545485e-04
2300 	 2362 	 7.0659590102e+01 	 2.4606610192e-04
2400 	 2465 	 7.0659588700e+01 	 1.3924952149e-04
2500 	 2569 	 7.0659587581e+01 	 1.2719378335e-04
2600 	 2672 	 7.0659586740e+01 	 1.3818453770e-04
2700 	 2774 	 7.0659586135e+01 	 1.0613674929e-04
2800 	 2876 	 7.0659585732e+01 	 6.0699420362e-05
2900 	 2978 	 7.0659585451e+01 	 8.6747887754e-05
3000 	 3080 	 7.0659585240e+01 	 8.1069268160e-05
3100 	 3185 	 7.0659585038e+01 	 4.3539779991e-05
3200 	 3287 	 7.0659584905e+01 	 3.7208334823e-05
3300 	 3390 	 7.0659584794e+01 	 3.2406697942e-05
3400 	 3493 	 7.0659584696e+01 	 5.5171528421e-05
3500 	 3597 	 7.0659584631e+01 	 2.9049874764e-05
3600 	 3700 	 7.0659584584e+01 	 4.6083421937e-05
3700 	 3804 	 7.0659584544e+01 	 5.9862634869e-05
3800 	 3907 	 7.0659584505e+01 	 2.3537714948e-05
3900 	 4010 	 7.0659584468e+01 	 2.3390011764e-05
4000 	 4114 	 7.0659584432e+01 	 2.1267679301e-05
4100 	 4215 	 7.0659584397e+01 	 2.2680055495e-05
4200 	 4315 	 7.0659584371e+01 	 1.8190658994e-05
4300 	 4419 	 7.0659584355e+01 	 1.0017008416e-05
4400 	 4523 	 7.0659584342e+01 	 1.1123709210e-05
4500 	 4625 	 7.0659584331e+01 	 9.9235329721e-06
4600 	 4726 	 7.0659584321e+01 	 7.1573989878e-06
4700 	 4830 	 7.0659584315e+01 	 1.3532426604e-05
4800 	 4931 	 7.0659584309e+01 	 8.0119447946e-06
4900 	 5032 	 7.0659584303e+01 	 7.3349683561e-06
5000 	 5135 	 7.0659584297e+01 	 7.3871687777e-06
5100 	 5236 	 7.0659584292e+01 	 7.4583860357e-06
5200 	 5341 	 7.0659584288e+01 	 5.4694563699e-06
5300 	 5442 	 7.0659584284e+01 	 9.2967753707e-06
5400 	 5545 	 7.0659584281e+01 	 4.6273453252e-06
5500 	 5646 	 7.0659584278e+01 	 5.7678631591e-06
5600 	 5750 	 7.0659584275e+01 	 6.9492524211e-06
5700 	 5852 	 7.0659584273e+01 	 5.3258095086e-06
5800 	 5954 	 7.0659584271e+01 	 4.6101463488e-06
5900 	 6056 	 7.0659584270e+01 	 9.1067956639e-06
6000 	 6157 	 7.0659584269e+01 	 2.9447698533e-06
6100 	 6260 	 7.0659584269e+01 	 3.8048669625e-06
6200 	 6362 	 7.0659584268e+01 	 5.5486903368e-06
6300 	 6466 	 7.0659584268e+01 	 1.4713455513e-06
6400 	 6568 	 7.0659584267e+01 	 1.8933032478e-06
6500 	 6669 	 7.0659584267e+01 	 1.3580555399e-06
6600 	 6772 	 7.0659584267e+01 	 1.2853594909e-06
6700 	 6874 	 7.0659584267e+01 	 2.0491389495e-06
6800 	 6977 	 7.0659584267e+01 	 8.4089652908e-07
6900 	 7080 	 7.0659584267e+01 	 1.5832206932e-06
7000 	 7183 	 7.0659584267e+01 	 1.9754198845e-06
7100 	 7288 	 7.0659584267e+01 	 8.7913030582e-07
7200 	 7393 	 7.0659584267e+01 	 3.2018100880e-06
7300 	 7496 	 7.0659584266e+01 	 2.0997966270e-06
7400 	 7606 	 7.0659584266e+01 	 7.7831039562e-07
7500 	 7715 	 7.0659584266e+01 	 6.7312153432e-07
7600 	 7838 	 7.0659584266e+01 	 7.5711329389e-07
7700 	 7947 	 7.0659584266e+01 	 5.2058546254e-07
7800 	 8060 	 7.0659584266e+01 	 4.2524778908e-07
7900 	 8182 	 7.0659584266e+01 	 2.9425980270e-07
# ---- 
 1 		 7920 	 8215 		 7.1160868747e+01 	 7.0659584266e+01 	 4.6009387431e-07
# ---- 
100 	 102 	 7.0335590141e+01 	 1.5738661972e-01
200 	 203 	 7.0258211102e+01 	 4.3140939542e-02
300 	 304 	 7.0237579134e+01 	 3.7335948069e-02
400 	 407 	 7.0231249463e+01 	 9.8027687136e-03
500 	 508 	 7.0229056146e+01 	 5.1502399469e-03
600 	 610 	 7.0227984324e+01 	 3.1877768611e-03
700 	 711 	 7.0227449679e+01 	 2.4306502560e-03
800 	 813 	 7.0227149208e+01 	 5.3965161691e-03
900 	 917 	 7.0226961798e+01 	 1.9282322892e-03
1000 	 1019 	 7.0226800536e+01 	 2.6968142243e-03
1100 	 1121 	 7.0226677897e+01 	 1.2326780349e-03
1200 	 1222 	 7.0226606556e+01 	 1.2673465838e-03
1300 	 1325 	 7.0226560138e+01 	 7.9668282644e-04
1400 	 1426 	 7.0226526815e+01 	 6.6539100748e-04
1500 	 1530 	 7.0226503956e+01 	 5.5740921854e-04
1600 	 1634 	 7.0226489399e+01 	 5.8073546078e-04
1700 	 1736 	 7.0226481239e+01 	 2.6215427582e-04
1800 	 1836 	 7.0226476062e+01 	 2.7897415410e-04
1900 	 1938 	 7.0226471379e+01 	 2.8396817361e-04
2000 	 2043 	 7.0226467202e+01 	 2.5179034005e-04
2100 	 2145 	 7.0226463176e+01 	 4.8429605463e-04
2200 	 2247 	 7.0226458350e+01 	 2.5166693867e-04
2300 	 2349 	 7.0226454078e+01 	 2.7598798391e-04
2400 	 2451 	 7.0226449583e+01 	 1.8644345509e-04
2500 	 2553 	 7.0226444904e+01 	 2.8451616441e-04
2600 	 2656 	 7.0226440981e+01 	 1.9546181904e-04
2700 	 2759 	 7.0226437584e+01 	 2.1718128409e-04
2800 	 2861 	 7.0226434102e+01 	 3.5348201962e-04
2900 	 2963 	 7.0226430703e+01 	 1.6410956476e-04
3000 	 3067 	 7.0226428236e+01 	 2.2486455116e-04
3100 	 3169 	 7.0226426336e+01 	 1.8217695916e-04
3200 	 3270 	 7.0226424335e+01 	 1.2468353497e-04
3300 	 3374 	 7.0226422429e+01 	 1.9806248113e-04
3400 	 3477 	 7.0226420822e+01 	 1.6208422146e-04
3500 	 3578 	 7.0226419673e+01 	 1.2792831156e-04
3600 	 3679 	 7.0226418780e+01 	 1.0314701533e-04
3700 	 3781 	 7.0226418208e+01 	 1.0559031955e-04
3800 	 3883 	 7.0226417846e+01 	 5.8631369143e-05
3900 	 3986 	 7.0226417554e+01 	 6.2942239358e-05
4000 	 4091 	 7.0226417321e+01 	 4.4432497918e-05
4100 	 4195 	 7.0226417086e+01 	 5.5034306230e-05
4200 	 4297 	 7.0226416869e+01 	 5.0946234720e-05
4300 	 4399 	 7.0226416684e+01 	 4.5726816642e-05
4400 	 4503 	 7.0226416515e+01 	 4.4945883792e-05
4500 	 4605 	 7.0226416363e+01 	 1.1655752047e-04
4600 	 4708 	 7.0226416226e+01 	 8.1759519966e-05
4700 	 4812 	 7.0226416092e+01 	 9.9137111066e-05
4800 	 4913 	 7.0226415978e+01 	 7.9839496142e-05
4900 	 5016 	 7.0226415883e+01 	 4.3047844810e-05
5000 	 5119 	 7.0226415789e+01 	 4.5836191205e-05
5100 	 5220 	 7.0226415710e+01 	 3.4335480748e-05
5200 	 5323 	 7.0226415657e+01 	 2.3622605547e-05
5300 	 5426 	 7.0226415627e+01 	 1.4549369172e-05
5400 	 5530 	 7.0226415600e+01 	 4.5301040218e-05
5500 	 5635 	 7.0226415578e+01 	 1.2915998451e-05
5600 	 5737 	 7.0226415566e+01 	 2.4953203844e-05
5700 	 5842 	 7.0226415555e+01 	 1.1157806102e-05
5800 	 5945 	 7.0226415546e+01 	 1.0386302190e-05
5900 	 6048 	 7.0226415540e+01 	 1.0231607894e-05
6000 	 6150 	 7.0226415535e+01 	 7.9117759356e-06
6100 	 6253 	 7.0226415531e+01 	 4.7840585036e-06
6200 	 6355 	 7.0226415529e+01 	 5.4965185766e-06
6300 	 6459 	 7.0226415526e+01 	 6.0989651448e-06
6400 	 6562 	 7.0226415523e+01 	 7.1006251766e-06
6500 	 6664 	 7.0226415519e+01 	 7.0331601991e-06
6600 	 6767 	 7.0226415516e+01 	 5.3147608183e-06
6700 	 6870 	 7.0226415513e+01 	 6.2797971026e-06
6800 	 6974 	 7.0226415511e+01 	 5.6426317987e-06
6900 	 7079 	 7.0226415509e+01 	 5.3254967472e-06
7000 	 7183 	 7.0226415507e+01 	 3.9120887566e-06
7100 	 7286 	 7.0226415507e+01 	 2.6180904098e-06
7200 	 7390 	 7.0226415506e+01 	 4.4283386105e-06
7300 	 7492 	 7.0226415505e+01 	 5.6302123348e-06
7400 	 7595 	 7.0226415505e+01 	 4.6699154220e-06
7500 	 7698 	 7.0226415504e+01 	 2.6042061766e-06
7600 	 7799 	 7.0226415504e+01 	 3.1310439005e-06
7700 	 7900 	 7.0226415503e+01 	 2.0186192993e-06
7800 	 8003 	 7.0226415503e+01 	 1.5105602168e-06
7900 	 8106 	 7.0226415502e+01 	 1.6074727322e-06
8000 	 8208 	 7.0226415502e+01 	 1.7130073578e-06
8100 	 8311 	 7.0226415502e+01 	 1.5432474260e-06
8200 	 8414 	 7.0226415502e+01 	 2.3383418087e-06
8300 	 8517 	 7.0226415502e+01 	 1.2334479795e-06
8400 	 8619 	 7.0226415502e+01 	 1.4031055401e-06
8500 	 8726 	 7.0226415502e+01 	 1.4051671809e-06
8600 	 8828 	 7.0226415502e+01 	 9.3929877381e-07
8700 	 8935 	 7.0226415501e+01 	 9.2791025045e-07
8800 	 9044 	 7.0226415501e+01 	 7.7464346135e-07
8900 	 9153 	 7.0226415501e+01 	 5.8585427695e-07
9000 	 9266 	 7.0226415501e+01 	 5.2360067107e-07
9100 	 9378 	 7.0226415501e+01 	 5.3613779191e-07
# ---- 
 1 		 9153 	 9446 		 7.7228714236e+01 	 7.0226415501e+01 	 5.3437556829e-07
# ---- 
100 	 102 	 6.9964846752e+01 	 5.2711800339e-02
200 	 206 	 6.9893705255e+01 	 2.2203794216e-02
300 	 308 	 6.9873147301e+01 	 1.1613479655e-02
400 	 409 	 6.9865749387e+01 	 1.2327659114e-02
500 	 510 	 6.9863037471e+01 	 5.8673187906e-03
600 	 612 	 6.9861745244e+01 	 6.1141898352e-03
700 	 716 	 6.9861030108e+01 	 2.1605341424e-03
800 	 819 	 6.9860650832e+01 	 1.5300676787e-03
900 	 921 	 6.9860411114e+01 	 1.9175848833e-03
1000 	 1022 	 6.9860222597e+01 	 1.6472392745e-03
1100 	 1123 	 6.9860073278e+01 	 1.9864065170e-03
1200 	 1225 	 6.9859970831e+01 	 9.5820826875e-04
1300 	 1328 	 6.9859882372e+01 	 1.2753705911e-03
1400 	 1430 	 6.9859820322e+01 	 1.0779591722e-03
1500 	 1532 	 6.9859770766e+01 	 9.3748114825e-04
1600 	 1632 	 6.9859737297e+01 	 5.1828025766e-04
1700 	 1735 	 6.9859717812e+01 	 4.3022765410e-04
1800 	 1837 	 6.9859706799e+01 	 3.5723079849e-04
1900 	 1939 	 6.9859696705e+01 	 6.1836275220e-04
2000 	 2040 	 6.9859684675e+01 	 4.0171020149e-04
2100 	 2143 	 6.9859672432e+01 	 4.2191833983e-04
2200 	 2244 	 6.9859657417e+01 	 4.1673556614e-04
2300 	 2348 	 6.9859646357e+01 	 3.6298528016e-04
2400 	 2449 	 6.9859636141e+01 	 4.1074371824e-04
2500 	 2550 	 6.9859625208e+01 	 3.7126527197e-04
2600 	 2650 	 6.9859616445e+01 	 3.5410019419e-04
2700 	 2752 	 6.9859610103e+01 	 2.8214569142e-04
2800 	 2852 	 6.9859603773e+01 	 2.6662527414e-04
2900 	 2956 	 6.9859598838e+01 	 2.9235638717e-04
3000 	 3059 	 6.9859595149e+01 	 6.4690215534e-04
3100 	 3162 	 6.9859591759e+01 	 2.3294353631e-04
3200 	 3262 	 6.9859588355e+01 	 1.8398114205e-04
3300 	 3367 	 6.9859584752e+01 	 3.1518671094e-04
3400 	 3470 	 6.9859581594e+01 	 5.1095144296e-04
3500 	 3573 	 6.9859579182e+01 	 1.5176549024e-04
3600 	 3676 	 6.9859577190e+01 	 1.5720261701e-04
3700 	 3778 	 6.9859575673e+01 	 1.2412680523e-04
3800 	 3879 	 6.9859574267e+01 	 1.4603846227e-04
3900 	 3981 	 6.9859572979e+01 	 1.7635781339e-04
4000 	 4083 	 6.9859571725e+01 	 2.5134973992e-04
4100 	 4185 	 6.9859570666e+01 	 1.0766481499e-04
4200 	 4291 	 6.9859569921e+01 	 1.0738047167e-04
4300 	 4395 	 6.9859569349e+01 	 6.9210055621e-05
4400 	 4499 	 6.9859568814e+01 	 6.7945645096e-05
4500 	 4600 	 6.9859568347e+01 	 8.5295034693e-05
4600 	 4702 	 6.9859567998e+01 	 9.8393556628e-05
4700 	 4804 	 6.9859567705e+01 	 7.4482620976e-05
4800 	 4906 	 6.9859567462e+01 	 4.9344901783e-05
4900 	 5008 	 6.9859567248e+01 	 5.2899082190e-05
5000 	 5111 	 6.9859567060e+01 	 4.5414581549e-05
5100 	 5211 	 6.9859566912e+01 	 3.2511093175e-05
5200 	 5311 	 6.9859566802e+01 	 3.0624081122e-05
5300 	 5413 	 6.9859566713e+01 	 2.7645442207e-05
5400 	 5515 	 6.9859566646e+01 	 2.8284912922e-05
5500 	 5620 	 6.9859566585e+01 	 3.9355100325e-05
5600 	 5723 	 6.9859566524e+01 	 3.1085021004e-05
5700 	 5824 	 6.9859566460e+01 	 2.5607511318e-05
5800 	 5927 	 6.9859566402e+01 	 2.0931232534e-05
5900 	 6029 	 6.9859566357e+01 	 5.1578742719e-05
6000 	 6130 	 6.9859566311e+01 	 2.5839346974e-05
6100 	 6232 	 6.9859566279e+01 	 3.1378180213e-05
6200 	 6334 	 6.9859566256e+01 	 1.5824083064e-05
6300 	 6437 	 6.9859566234e+01 	 1.5354041800e-05
6400 	 6541 	 6.9859566213e+01 	 1.6743094970e-05
6500 	 6644 	 6.9859566193e+01 	 1.0924139086e-05
6600 	 6746 	 6.9859566175e+01 	 1.7654241303e-05
6700 	 6848 	 6.9859566161e+01 	 1.4778785298e-05
6800 	 6949 	 6.9859566151e+01 	 7.1684131959e-06
6900 	 7051 	 6.9859566145e+01 	 1.9260206771e-05
7000 	 7154 	 6.9859566138e+01 	 7.5812353045e-06
7100 	 7256 	 6.9859566132e+01 	 1.1591499699e-05
7200 	 7358 	 6.9859566128e+01 	 6.8522378434e-06
7300 	 7460 	 6.9859566125e+01 	 1.0497537591e-05
7400 	 7561 	 6.9859566121e+01 	 6.5079275245e-06
7500 	 7661 	 6.9859566118e+01 	 8.0927189033e-06
7600 	 7762 	 6.9859566116e+01 	 4.7463156699e-06
7700 	 7864 	 6.9859566114e+01 	 7.0204810240e-06
7800 	 7966 	 6.9859566111e+01 	 5.1069785519e-06
7900 	 8068 	 6.9859566109e+01 	 1.0872834768e-05
8000 	 8171 	 6.9859566108e+01 	 5.0018852710e-06
8100 	 8272 	 6.9859566106e+01 	 5.3246478679e-06
8200 	 8374 	 6.9859566104e+01 	 6.5136217933e-06
8300 	 8475 	 6.9859566102e+01 	 4.8041266731e-06
8400 	 8578 	 6.9859566102e+01 	 3.0088969607e-06
8500 	 8680 	 6.9859566101e+01 	 1.6399761155e-06
8600 	 8782 	 6.9859566101e+01 	 1.6948837093e-06
8700 	 8885 	 6.9859566101e+01 	 1.3644940163e-06
8800 	 8990 	 6.9859566101e+01 	 1.3899346796e-06
8900 	 9094 	 6.9859566100e+01 	 9.6293748793e-07
9000 	 9196 	 6.9859566100e+01 	 1.5052504623e-06
9100 	 9297 	 6.9859566100e+01 	 8.5468697866e-07
9200 	 9399 	 6.9859566100e+01 	 1.1442335126e-06
9300 	 9504 	 6.9859566100e+01 	 1.0191968909e-06
9400 	 9609 	 6.9859566100e+01 	 9.3049843532e-07
9500 	 9713 	 6.9859566100e+01 	 1.4245855649e-06
9600 	 9816 	 6.9859566100e+01 	 8.8750140975e-07
9700 	 9923 	 6.9859566100e+01 	 7.0430151379e-07
9800 	 10032 	 6.9859566100e+01 	 4.8596200251e-07
9900 	 10141 	 6.9859566100e+01 	 5.4456683745e-07
10000 	 10250 	 6.9859566100e+01 	 7.6483860823e-07
# ---- 
 1 		 10098 	 10377 		 7.6937118952e+01 	 6.9859566100e+01 	 3.2898837625e-07
# ---- 
100 	 105 	 6.9653344640e+01 	 4.9846814218e-02
200 	 207 	 6.9582054815e+01 	 2.1817023797e-02
300 	 308 	 6.9561150474e+01 	 1.1589838369e-02
400 	 410 	 6.9553331657e+01 	 9.0354110115e-03
500 	 511 	 6.9550366500e+01 	 7.1246657444e-03
600 	 614 	 6.9548840760e+01 	 8.7441511398e-03
700 	 715 	 6.9548002753e+01 	 3.0529790392e-03
800 	 817 	 6.9547539086e+01 	 2.1178251353e-03
900 	 919 	 6.9547259980e+01 	 5.9527266519e-03
1000 	 1020 	 6.9547027019e+01 	 2.2467056724e-03
1100 	 1122 	 6.9546819300e+01 	 1.5489907034e-03
1200 	 1226 	 6.9546674198e+01 	 1.4266387584e-03
1300 	 1328 	 6.9546574697e+01 	 9.4868558034e-04
1400 	 1430 	 6.9546514357e+01 	 1.4795020078e-03
1500 	 1531 	 6.9546468432e+01 	 6.5919758601e-04
1600 	 1633 	 6.9546429734e+01 	 7.6455546940e-04
1700 	 1737 	 6.9546402187e+01 	 7.2011422549e-04
1800 	 1840 	 6.9546385211e+01 	 5.2276405512e-04
1900 	 1941 	 6.9546372090e+01 	 6.4723809070e-04
2000 	 2043 	 6.9546360208e+01 	 4.2445170939e-04
2100 	 2146 	 6.9546350077e+01 	 2.5289418521e-04
2200 	 2249 	 6.9546339218e+01 	 3.9246552313e-04
2300 	 2351 	 6.9546327142e+01 	 4.1488185152e-04
2400 	 2455 	 6.9546315205e+01 	 1.3642330987e-03
2500 	 2558 	 6.9546303058e+01 	 3.7219380007e-04
2600 	 2663 	 6.9546293053e+01 	 3.0908249855e-04
2700 	 2764 	 6.9546285343e+01 	 3.4428204884e-04
2800 	 2866 	 6.9546278563e+01 	 3.0876529753e-04
2900 	 2970 	 6.9546272258e+01 	 3.0730086745e-04
3000 	 3071 	 6.9546264761e+01 	 3.9962268614e-04
3100 	 3171 	 6.9546258804e+01 	 3.0976702835e-04
3200 	 3275 	 6.9546254263e+01 	 2.6574979549e-04
3300 	 3379 	 6.9546250437e+01 	 3.0291948204e-04
3400 	 3480 	 6.9546246463e+01 	 2.5811219321e-04
3500 	 3584 	 6.9546242661e+01 	 2.5984838555e-04
3600 	 3687 	 6.9546239950e+01 	 1.9140241972e-04
3700 	 3791 	 6.9546237747e+01 	 2.8199266079e-04
3800 	 3895 	 6.9546235740e+01 	 1.4604677419e-04
3900 	 3997 	 6.9546234140e+01 	 2.1692891298e-04
4000 	 4101 	 6.9546232877e+01 	 1.5793783135e-04
4100 	 4202 	 6.9546231521e+01 	 2.2588388082e-04
4200 	 4304 	 6.9546230177e+01 	 1.0784000465e-04
4300 	 4407 	 6.9546228996e+01 	 2.0848447335e-04
4400 	 4509 	 6.9546227987e+01 	 1.0007380770e-04
4500 	 4610 	 6.9546227044e+01 	 1.5309953066e-04
4600 	 4714 	 6.9546226280e+01 	 1.1809648586e-04
4700 	 4818 	 6.9546225769e+01 	 7.2735439298e-05
4800 	 4921 	 6.9546225391e+01 	 5.3435882601e-05
4900 	 5024 	 6.9546225051e+01 	 6.2149074342e-05
5000 	 5128 	 6.9546224716e+01 	 1.2616678044e-04
5100 	 5230 	 6.9546224464e+01 	 4.9672727312e-05
5200 	 5332 	 6.9546224177e+01 	 6.1520838156e-05
5300 	 5437 	 6.9546223921e+01 	 8.7995393986e-05
5400 	 5540 	 6.9546223704e+01 	 5.4526530069e-05
5500 	 5641 	 6.9546223536e+01 	 4.6668898007e-05
5600 	 5742 	 6.9546223378e+01 	 4.4224011089e-05
5700 	 5844 	 6.9546223269e+01 	 5.4560102240e-05
5800 	 5947 	 6.9546223184e+01 	 3.2472324658e-05
5900 	 6050 	 6.9546223102e+01 	 2.9353184798e-05
6000 	 6156 	 6.9546223029e+01 	 3.2451003069e-05
6100 	 6259 	 6.9546222953e+01 	 4.2530359638e-05
6200 	 6361 	 6.9546222880e+01 	 5.3809496974e-05
6300 	 6461 	 6.9546222827e+01 	 3.5270127547e-05
6400 	 6564 	 6.9546222771e+01 	 2.2816090386e-05
6500 	 6667 	 6.9546222722e+01 	 2.7693734026e-05
6600 	 6769 	 6.9546222680e+01 	 4.1207414130e-05
6700 	 6870 	 6.9546222647e+01 	 4.4786303168e-05
6800 	 6974 	 6.9546222623e+01 	 1.6353502476e-05
6900 	 7076 	 6.9546222604e+01 	 1.4644909659e-05
7000 	 7181 	 6.9546222585e+01 	 2.5452621006e-05
7100 	 7282 	 6.9546222573e+01 	 9.7011037255e-06
7200 	 7383 	 6.9546222565e+01 	 1.9370439857e-05
7300 	 7486 	 6.9546222558e+01 	 2.5267486212e-05
7400 	 7588 	 6.9546222553e+01 	 6.4705475630e-06
7500 	 7689 	 6.9546222548e+01 	 6.9681420279e-06
7600 	 7792 	 6.9546222544e+01 	 6.7572686561e-06
7700 	 7894 	 6.9546222540e+01 	 6.5806633006e-06
7800 	 7995 	 6.9546222535e+01 	 9.4693662672e-06
7900 	 8098 	 6.9546222530e+01 	 9.2027638733e-06
8000 	 8201 	 6.9546222525e+01 	 9.0019488275e-06
8100 	 8305 	 6.9546222521e+01 	 8.6473461505e-06
8200 	 8407 	 6.9546222519e+01 	 6.6133702737e-06
8300 	 8510 	 6.9546222516e+01 	 4.7742529789e-06
8400 	 8612 	 6.9546222515e+01 	 4.9324112387e-06
8500 	 8713 	 6.9546222513e+01 	 1.2589194335e-05
8600 	 8815 	 6.9546222512e+01 	 4.0603349856e-06
8700 	 8919 	 6.9546222510e+01 	 3.8673955607e-06
8800 	 9021 	 6.9546222510e+01 	 2.0548180659e-06
8900 	 9124 	 6.9546222509e+01 	 2.0727032752e-06
9000 	 9228 	 6.9546222509e+01 	 2.7394099722e-06
9100 	 9331 	 6.9546222509e+01 	 2.1813128490e-06
9200 	 9436 	 6.9546222508e+01 	 1.3146767503e-06
9300 	 9539 	 6.9546222508e+01 	 1.1190052370e-06
9400 	 9642 	 6.9546222508e+01 	 1.6153872030e-06
9500 	 9744 	 6.9546222508e+01 	 2.2767993650e-06
9600 	 9851 	 6.9546222508e+01 	 1.3634466113e-06
9700 	 9954 	 6.9546222508e+01 	 1.5906059590e-06
9800 	 10059 	 6.9546222507e+01 	 7.7765935077e-07
9900 	 10162 	 6.9546222507e+01 	 7.9246509337e-07
10000 	 10263 	 6.9546222507e+01 	 1.2778056232e-06
10100 	 10367 	 6.9546222507e+01 	 8.6297174983e-07
10200 	 10473 	 6.9546222507e+01 	 6.6723036862e-07
10300 	 10577 	 6.9546222507e+01 	 7.5568402506e-07
10400 	 10685 	 6.9546222507e+01 	 8.5064316934e-07
10500 	 10795 	 6.9546222507e+01 	 1.7645042500e-06
10600 	 10906 	 6.9546222507e+01 	 1.3069724052e-06
10700 	 11021 	 6.9546222507e+01 	 5.9924895282e-07
# ---- 
 1 		 10751 	 11093 		 7.6561660892e+01 	 6.9546222507e+01 	 7.0779651967e-07
# ---- 
100 	 102 	 6.9377785200e+01 	 1.0131364328e-01
200 	 203 	 6.9310353491e+01 	 2.6254905805e-02
300 	 305 	 6.9290776645e+01 	 1.5906642598e-02
400 	 407 	 6.9283354308e+01 	 7.4880430181e-03
500 	 509 	 6.9280105572e+01 	 1.1809058953e-02
600 	 613 	 6.9278613360e+01 	 4.2883862881e-03
700 	 717 	 6.9277675944e+01 	 7.0099584641e-03
800 	 822 	 6.9277140851e+01 	 1.9442336344e-03
900 	 923 	 6.9276828416e+01 	 2.1850535828e-03
1000 	 1026 	 6.9276607663e+01 	 3.6221973473e-03
1100 	 1127 	 6.9276397656e+01 	 1.5499751258e-03
1200 	 1232 	 6.9276222429e+01 	 1.8722066598e-03
1300 	 1334 	 6.9276092680e+01 	 1.3211477729e-03
1400 	 1437 	 6.9276009472e+01 	 9.1507479185e-04
1500 	 1539 	 6.9275956003e+01 	 7.1655603543e-04
1600 	 1640 	 6.9275914245e+01 	 6.2453663064e-04
1700 	 1743 	 6.9275879721e+01 	 4.5273658313e-04
1800 	 1846 	 6.9275858951e+01 	 3.7512633993e-04
1900 	 1949 	 6.9275843545e+01 	 4.4731937775e-04
2000 	 2052 	 6.9275831602e+01 	 4.0051496827e-04
2100 	 2156 	 6.9275822231e+01 	 3.7154112298e-04
2200 	 2258 	 6.9275813753e+01 	 2.7987279632e-04
2300 	 2359 	 6.9275803940e+01 	 3.3521460990e-04
2400 	 2462 	 6.9275793006e+01 	 3.6226710428e-04
2500 	 2564 	 6.9275780970e+01 	 4.3315815395e-04
2600 	 2668 	 6.9275769071e+01 	 5.1575226647e-04
2700 	 2770 	 6.9275757880e+01 	 3.5236288934e-04
2800 	 2873 	 6.9275747923e+01 	 5.5062279717e-04
2900 	 2974 	 6.9275738207e+01 	 4.3457834946e-04
3000 	 3077 	 6.9275728631e+01 	 2.7689683926e-04
3100 	 3179 	 6.9275720058e+01 	 2.9645209685e-04
3200 	 3280 	 6.9275712927e+01 	 3.1194017963e-04
3300 	 3381 	 6.9275706823e+01 	 2.3905941130e-04
3400 	 3484 	 6.9275701813e+01 	 2.5822600618e-04
3500 	 3588 	 6.9275697232e+01 	 1.8429672008e-04
3600 	 3690 	 6.9275694064e+01 	 1.5711131984e-04
3700 	 3794 	 6.9275691574e+01 	 1.1334784655e-04
3800 	 3896 	 6.9275689833e+01 	 2.5569715249e-04
3900 	 3998 	 6.9275688551e+01 	 1.2028492530e-04
4000 	 4101 	 6.9275687535e+01 	 1.2645800331e-04
4100 	 4203 	 6.9275686533e+01 	 1.3908950225e-04
4200 	 4303 	 6.9275685442e+01 	 1.0416234329e-04
4300 	 4408 	 6.9275684449e+01 	 1.1184212414e-04
4400 	 4511 	 6.9275683395e+01 	 1.1868363331e-04
4500 	 4615 	 6.9275682320e+01 	 1.4559287532e-04
4600 	 4719 	 6.9275681485e+01 	 1.6854372104e-04
4700 	 4822 	 6.9275680866e+01 	 8.7875603140e-05
4800 	 4925 	 6.9275680394e+01 	 1.1045899597e-04
4900 	 5028 	 6.9275679957e+01 	 7.7560364292e-05
5000 	 5129 	 6.9275679495e+01 	 9.6456005581e-05
5100 	 5230 	 6.9275679071e+01 	 6.2626941377e-05
5200 	 5333 	 6.9275678734e+01 	 6.0496719943e-05
5300 	 5434 	 6.9275678395e+01 	 7.0341223382e-05
5400 	 5536 	 6.9275677972e+01 	 1.2077447053e-04
5500 	 5638 	 6.9275677516e+01 	 1.6561856059e-04
5600 	 5739 	 6.9275677161e+01 	 9.9770189643e-05
5700 	 5842 	 6.9275676894e+01 	 6.3484752649e-05
5800 	 5943 	 6.9275676747e+01 	 5.4952496090e-05
5900 	 6046 	 6.9275676632e+01 	 3.9593994622e-05
6000 	 6150 	 6.9275676540e+01 	 5.4199067749e-05
6100 	 6252 	 6.9275676452e+01 	 4.1492549244e-05
6200 	 6357 	 6.9275676393e+01 	 3.5357298591e-05
6300 	 6458 	 6.9275676356e+01 	 2.4424647349e-05
6400 	 6563 	 6.9275676323e+01 	 1.5790109907e-05
6500 	 6666 	 6.9275676298e+01 	 1.5359198398e-05
6600 	 6768 	 6.9275676272e+01 	 1.3772872517e-05
6700 	 6870 	 6.9275676247e+01 	 5.7851349681e-05
6800 	 6973 	 6.9275676226e+01 	 2.0591876159e-05
6900 	 7075 	 6.9275676205e+01 	 1.5263576024e-05
7000 	 7176 	 6.9275676187e+01 	 3.1761380418e-05
7100 	 7280 	 6.9275676172e+01 	 2.3001923237e-05
7200 	 7384 	 6.9275676161e+01 	 1.1799370668e-05
7300 	 7488 	 6.9275676152e+01 	 1.0044875860e-05
7400 	 7591 	 6.9275676144e+01 	 1.0124836268e-05
7500 	 7694 	 6.9275676137e+01 	 1.3670942473e-05
7600 	 7796 	 6.9275676131e+01 	 1.2197902555e-05
7700 	 7899 	 6.9275676126e+01 	 9.9662841998e-06
7800 	 8001 	 6.9275676122e+01 	 6.9070837340e-06
7900 	 8103 	 6.9275676117e+01 	 8.0231707749e-06
8000 	 8207 	 6.9275676113e+01 	 7.7934322510e-06
8100 	 8308 	 6.9275676107e+01 	 1.2821107209e-05
8200 	 8410 	 6.9275676103e+01 	 6.4532465360e-06
8300 	 8513 	 6.9275676098e+01 	 1.2915151268e-05
8400 	 8617 	 6.9275676094e+01 	 1.9590677825e-05
8500 	 8718 	 6.9275676090e+01 	 6.0512002074e-06
8600 	 8820 	 6.9275676086e+01 	 6.6147968519e-06
8700 	 8920 	 6.9275676083e+01 	 4.2596408910e-06
8800 	 9022 	 6.9275676081e+01 	 3.3826696101e-06
8900 	 9125 	 6.9275676080e+01 	 5.2701686079e-06
9000 	 9227 	 6.9275676079e+01 	 3.4233286562e-06
9100 	 9329 	 6.9275676078e+01 	 2.7168629816e-06
9200 	 9431 	 6.9275676077e+01 	 2.4705959465e-06
9300 	 9534 	 6.9275676077e+01 	 2.0558532611e-06
9400 	 9636 	 6.9275676077e+01 	 1.9232486871e-06
9500 	 9739 	 6.9275676076e+01 	 1.1617131163e-06
9600 	 9840 	 6.9275676076e+01 	 1.4043205982e-06
9700 	 9943 	 6.9275676076e+01 	 1.4737031587e-06
9800 	 10047 	 6.9275676076e+01 	 1.3927192178e-06
9900 	 10152 	 6.9275676076e+01 	 1.0687930350e-06
10000 	 10255 	 6.9275676076e+01 	 1.0670450466e-06
10100 	 10357 	 6.9275676076e+01 	 8.4584670935e-07
10200 	 10458 	 6.9275676075e+01 	 3.4871421456e-06
10300 	 10561 	 6.9275676075e+01 	 1.4081956197e-06
10400 	 10668 	 6.9275676075e+01 	 1.0662443581e-06
10500 	 10771 	 6.9275676075e+01 	 2.0022170399e-06
10600 	 10875 	 6.9275676075e+01 	 9.2034121471e-07
10700 	 10985 	 6.9275676075e+01 	 4.6429227689e-07
10800 	 11097 	 6.9275676075e+01 	 5.0691541282e-07
10900 	 11210 	 6.9275676075e+01 	 1.3164897810e-06
11000 	 11320 	 6.9275676075e+01 	 5.1235594610e-07
11100 	 11431 	 6.9275676075e+01 	 2.9819550302e-07
11200 	 11548 	 6.9275676075e+01 	 6.5745978265e-07
11300 	 11661 	 6.9275676075e+01 	 3.9988485559e-07
11400 	 11799 	 6.9275676075e+01 	 3.4294305641e-07
# ---- 
 1 		 11412 	 11821 		 7.6219952420e+01 	 6.9275676075e+01 	 2.2913863627e-07
# ---- 
100 	 101 	 6.9132768927e+01 	 9.1972395856e-02
200 	 202 	 6.9071610453e+01 	 3.1279698020e-02
300 	 304 	 6.9054080485e+01 	 1.2485723138e-02
400 	 408 	 6.9046762896e+01 	 7.0588351089e-03
500 	 511 	 6.9043616698e+01 	 5.8784071612e-03
600 	 614 	 6.9042111651e+01 	 5.5311381356e-03
700 	 716 	 6.9041177126e+01 	 3.7489511280e-03
800 	 819 	 6.9040641639e+01 	 3.7471744368e-03
900 	 923 	 6.9040309987e+01 	 2.7231338132e-03
1000 	 1025 	 6.9040075944e+01 	 2.4856360527e-03
1100 	 1128 	 6.9039871317e+01 	 1.4174912709e-03
1200 	 1229 	 6.9039692920e+01 	 3.6434586775e-03
1300 	 1332 	 6.9039556263e+01 	 9.9927451621e-04
1400 	 1434 	 6.9039467306e+01 	 8.1413841714e-04
1500 	 1536 	 6.9039401513e+01 	 9.7419162957e-04
1600 	 1639 	 6.9039346984e+01 	 7.3691838864e-04
1700 	 1741 	 6.9039302979e+01 	 1.2091376220e-03
1800 	 1843 	 6.9039277742e+01 	 5.7690150834e-04
1900 	 1947 	 6.9039260958e+01 	 4.3415248072e-04
2000 	 2047 	 6.9039248578e+01 	 3.4643725262e-04
2100 	 2148 	 6.9039238281e+01 	 2.6737474930e-04
2200 	 2251 	 6.9039229106e+01 	 3.6378167619e-04
2300 	 2354 	 6.9039218227e+01 	 4.2198747394e-04
2400 	 2456 	 6.9039207378e+01 	 4.3724088568e-04
2500 	 2559 	 6.9039196074e+01 	 5.7479124622e-04
2600 	 2661 	 6.9039184658e+01 	 7.4678685698e-04
2700 	 2764 	 6.9039171937e+01 	 7.0330328001e-04
2800 	 2864 	 6.9039161452e+01 	 3.5172985338e-04
2900 	 2967 	 6.9039152573e+01 	 3.9224897642e-04
3000 	 3070 	 6.9039143372e+01 	 2.9428681277e-04
3100 	 3172 	 6.9039134575e+01 	 4.2146015576e-04
3200 	 3277 	 6.9039126721e+01 	 4.6974677915e-04
3300 	 3378 	 6.9039118837e+01 	 2.8233765433e-04
3400 	 3480 	 6.9039111716e+01 	 2.4807357679e-04
3500 	 3583 	 6.9039105716e+01 	 3.4635711753e-04
3600 	 3684 	 6.9039100961e+01 	 2.0981735686e-04
3700 	 3788 	 6.9039096476e+01 	 3.5864695851e-04
3800 	 3890 	 6.9039093571e+01 	 1.7650780174e-04
3900 	 3993 	 6.9039091500e+01 	 1.3861378902e-04
4000 	 4096 	 6.9039090023e+01 	 1.1386853967e-04
4100 	 4198 	 6.9039088713e+01 	 1.6787421023e-04
4200 	 4301 	 6.9039087378e+01 	 1.2604077825e-04
4300 	 4404 	 6.9039086193e+01 	 1.0181759761e-04
4400 	 4508 	 6.9039085039e+01 	 1.5150973955e-04
4500 	 4610 	 6.9039083715e+01 	 1.1974938807e-04
4600 	 4711 	 6.9039082452e+01 	 9.9589874443e-05
4700 	 4814 	 6.9039081227e+01 	 1.2677565042e-04
4800 	 4915 	 6.9039080372e+01 	 1.8643806139e-04
4900 	 5019 	 6.9039079539e+01 	 1.4522440455e-04
5000 	 5121 	 6.9039078856e+01 	 8.0411578663e-05
5100 	 5224 	 6.9039078214e+01 	 1.3049970774e-04
5200 	 5325 	 6.9039077548e+01 	 1.1397845301e-04
5300 	 5427 	 6.9039077077e+01 	 6.8165307285e-05
5400 	 5530 	 6.9039076687e+01 	 7.7996671806e-05
5500 	 5631 	 6.9039076284e+01 	 7.8759743145e-05
5600 	 5737 	 6.9039075933e+01 	 6.4443276496e-05
5700 	 5840 	 6.9039075663e+01 	 7.9251413545e-05
5800 	 5941 	 6.9039075428e+01 	 6.0435066761e-05
5900 	 6044 	 6.9039075214e+01 	 3.9281798256e-05
6000 	 6145 	 6.9039075085e+01 	 4.1814948278e-05
6100 	 6248 	 6.9039074941e+01 	 4.3795971157e-05
6200 	 6349 	 6.9039074832e+01 	 2.2307253148e-05
6300 	 6452 	 6.9039074750e+01 	 2.9228676319e-05
6400 	 6554 	 6.9039074690e+01 	 3.4015410610e-05
6500 	 6658 	 6.9039074644e+01 	 2.1214731902e-05
6600 	 6759 	 6.9039074610e+01 	 5.8340076639e-05
6700 	 6863 	 6.9039074582e+01 	 1.7832530968e-05
6800 	 6966 	 6.9039074555e+01 	 1.8529398939e-05
6900 	 7069 	 6.9039074533e+01 	 1.4997436250e-05
7000 	 7170 	 6.9039074512e+01 	 1.3468522972e-05
7100 	 7271 	 6.9039074496e+01 	 1.3223655132e-05
7200 	 7372 	 6.9039074483e+01 	 1.3767632570e-05
7300 	 7476 	 6.9039074469e+01 	 1.5367261211e-05
7400 	 7578 	 6.9039074458e+01 	 1.0747050813e-05
7500 	 7680 	 6.9039074450e+01 	 6.3081393675e-06
7600 	 7784 	 6.9039074443e+01 	 1.3736008183e-05
7700 	 7887 	 6.9039074439e+01 	 7.5152210728e-06
7800 	 7989 	 6.9039074434e+01 	 2.1760597169e-05
7900 	 8089 	 6.9039074429e+01 	 8.7797254766e-06
8000 	 8191 	 6.9039074423e+01 	 1.1166190813e-05
8100 	 8293 	 6.9039074418e+01 	 7.5951537781e-06
8200 	 8394 	 6.9039074414e+01 	 1.3070570797e-05
8300 	 8498 	 6.9039074410e+01 	 1.3035999612e-05
8400 	 8602 	 6.9039074407e+01 	 5.8854909841e-06
8500 	 8704 	 6.9039074404e+01 	 6.9946086927e-06
8600 	 8808 	 6.9039074401e+01 	 4.8047898498e-06
8700 	 8910 	 6.9039074399e+01 	 5.9099482122e-06
8800 	 9011 	 6.9039074397e+01 	 4.7344769582e-06
8900 	 9117 	 6.9039074395e+01 	 9.7552859220e-06
9000 	 9220 	 6.9039074393e+01 	 3.8669929443e-06
9100 	 9323 	 6.9039074392e+01 	 3.7416191714e-06
9200 	 9425 	 6.9039074391e+01 	 3.2414211510e-06
9300 	 9527 	 6.9039074390e+01 	 3.4589436191e-06
9400 	 9628 	 6.9039074389e+01 	 3.0977620988e-06
9500 	 9729 	 6.9039074388e+01 	 3.4818593758e-06
9600 	 9833 	 6.9039074387e+01 	 2.3306314940e-06
9700 	 9937 	 6.9039074386e+01 	 2.6198191082e-06
9800 	 10039 	 6.9039074386e+01 	 3.5276965531e-06
9900 	 10144 	 6.9039074385e+01 	 2.3870991471e-06
10000 	 10245 	 6.9039074384e+01 	 2.0966650467e-06
10100 	 10348 	 6.9039074384e+01 	 2.2448030341e-06
10200 	 10451 	 6.9039074383e+01 	 4.2480926296e-06
10300 	 10555 	 6.9039074383e+01 	 2.0575675152e-06
10400 	 10658 	 6.9039074383e+01 	 2.7380285791e-06
10500 	 10764 	 6.9039074383e+01 	 1.3019435571e-06
10600 	 10865 	 6.9039074382e+01 	 1.6320489489e-06
10700 	 10974 	 6.9039074382e+01 	 9.1842789489e-07
10800 	 11078 	 6.9039074382e+01 	 9.2612662861e-07
10900 	 11179 	 6.9039074382e+01 	 8.6578763887e-07
11000 	 11283 	 6.9039074382e+01 	 2.2496452499e-06
11100 	 11383 	 6.9039074382e+01 	 9.9004574292e-07
11200 	 11484 	 6.9039074382e+01 	 1.0487664059e-06
11300 	 11589 	 6.9039074382e+01 	 9.9631623150e-07
11400 	 11692 	 6.9039074382e+01 	 8.1253836988e-07
11500 	 11796 	 6.9039074382e+01 	 7.3582453475e-07
11600 	 11904 	 6.9039074382e+01 	 4.7533282188e-07
11700 	 12010 	 6.9039074382e+01 	 6.3352026848e-07
11800 	 12123 	 6.9039074382e+01 	 7.4267549133e-07
11900 	 12231 	 6.9039074382e+01 	 7.7145570017e-07
12000 	 12342 	 6.9039074382e+01 	 9.1852120321e-07
12100 	 12447 	 6.9039074382e+01 	 9.8814044657e-07
12200 	 12554 	 6.9039074381e+01 	 2.1670528989e-06
12300 	 12665 	 6.9039074381e+01 	 7.1902163139e-07
12400 	 12770 	 6.9039074381e+01 	 1.0800027714e-06
12500 	 12877 	 6.9039074381e+01 	 3.7309717660e-07
12600 	 12988 	 6.9039074381e+01 	 4.6020382603e-07
12700 	 13100 	 6.9039074381e+01 	 8.2345174278e-07
12800 	 13228 	 6.9039074381e+01 	 5.5700412745e-07
# ---- 
 1 		 12889 	 13346 		 7.5920335866e+01 	 6.9039074381e+01 	 4.4794754266e-07
# ---- 
100 	 104 	 6.8927492987e+01 	 5.1826652840e-02
200 	 205 	 6.8862815539e+01 	 2.8450572348e-02
300 	 305 	 6.8844789114e+01 	 9.8950592392e-03
400 	 406 	 6.8837547840e+01 	 8.0007594503e-03
500 	 509 	 6.8834226790e+01 	 6.6200352443e-03
600 	 611 	 6.8832669620e+01 	 5.0910594519e-03
700 	 714 	 6.8831634567e+01 	 3.5833807828e-03
800 	 817 	 6.8831044227e+01 	 3.4248597627e-03
900 	 918 	 6.8830673225e+01 	 1.9003339492e-03
1000 	 1020 	 6.8830433771e+01 	 1.5874651666e-03
1100 	 1124 	 6.8830232848e+01 	 2.0201575958e-03
1200 	 1228 	 6.8830042796e+01 	 1.2355128444e-03
1300 	 1330 	 6.8829898265e+01 	 1.2835937953e-03
1400 	 1432 	 6.8829789241e+01 	 1.0020179236e-03
1500 	 1535 	 6.8829706817e+01 	 9.8735755928e-04
1600 	 1638 	 6.8829648858e+01 	 9.3929336845e-04
1700 	 1739 	 6.8829596336e+01 	 8.0842592966e-04
1800 	 1842 	 6.8829558148e+01 	 4.9643538368e-04
1900 	 1945 	 6.8829538910e+01 	 5.7893770678e-04
2000 	 2047 	 6.8829524172e+01 	 4.4701858614e-04
2100 	 2149 	 6.8829512318e+01 	 8.6284471255e-04
2200 	 2251 	 6.8829502928e+01 	 3.0850218307e-04
2300 	 2354 	 6.8829493576e+01 	 2.9470461893e-04
2400 	 2454 	 6.8829483028e+01 	 6.2851519868e-04
2500 	 2557 	 6.8829472912e+01 	 5.6944842248e-04
2600 	 2658 	 6.8829460766e+01 	 4.4335938537e-04
2700 	 2758 	 6.8829448808e+01 	 4.1266432466e-04
2800 	 2861 	 6.8829436375e+01 	 3.5747786646e-04
2900 	 2966 	 6.8829426147e+01 	 4.0190645893e-04
3000 	 3069 	 6.8829415908e+01 	 3.3835307965e-04
3100 	 3173 	 6.8829406813e+01 	 4.0565089374e-04
3200 	 3277 	 6.8829398579e+01 	 2.4942430027e-04
3300 	 3380 	 6.8829391071e+01 	 4.0120350079e-04
3400 	 3481 	 6.8829384341e+01 	 3.1575203625e-04
3500 	 3583 	 6.8829378254e+01 	 3.0607932230e-04
3600 	 3685 	 6.8829373546e+01 	 2.1411198138e-04
3700 	 3789 	 6.8829370654e+01 	 1.5407831413e-04
3800 	 3890 	 6.8829367850e+01 	 1.7048375619e-04
3900 	 3994 	 6.8829364956e+01 	 1.4441693653e-04
4000 	 4096 	 6.8829362603e+01 	 2.7946929714e-04
4100 	 4199 	 6.8829360603e+01 	 1.1725677402e-04
4200 	 4301 	 6.8829358904e+01 	 1.3711907799e-04
4300 	 4404 	 6.8829357403e+01 	 1.0467661307e-04
4400 	 4508 	 6.8829355630e+01 	 1.5255932588e-04
4500 	 4610 	 6.8829353437e+01 	 1.6134566973e-04
4600 	 4711 	 6.8829351258e+01 	 1.6464528157e-04
4700 	 4814 	 6.8829349855e+01 	 1.1749518454e-04
4800 	 4916 	 6.8829348690e+01 	 1.7234623148e-04
4900 	 5020 	 6.8829347747e+01 	 9.8994909173e-05
5000 	 5121 	 6.8829346938e+01 	 9.4924229770e-05
5100 	 5222 	 6.8829346255e+01 	 2.0470031853e-04
5200 	 5324 	 6.8829345649e+01 	 8.4142201922e-05
5300 	 5426 	 6.8829345139e+01 	 9.1884261598e-05
5400 	 5529 	 6.8829344667e+01 	 1.0564356202e-04
5500 	 5634 	 6.8829344199e+01 	 7.6226367832e-05
5600 	 5735 	 6.8829343762e+01 	 8.4989620125e-05
5700 	 5838 	 6.8829343377e+01 	 6.0538736681e-05
5800 	 5942 	 6.8829343034e+01 	 1.8789996434e-04
5900 	 6045 	 6.8829342692e+01 	 6.1984595647e-05
6000 	 6147 	 6.8829342410e+01 	 6.6589473179e-05
6100 	 6249 	 6.8829342146e+01 	 5.5129388207e-05
6200 	 6350 	 6.8829341909e+01 	 4.4936518799e-05
6300 	 6450 	 6.8829341741e+01 	 4.1622635098e-05
6400 	 6551 	 6.8829341586e+01 	 3.6789622553e-05
6500 	 6654 	 6.8829341486e+01 	 3.0627962988e-05
6600 	 6757 	 6.8829341410e+01 	 3.7322914290e-05
6700 	 6858 	 6.8829341353e+01 	 2.8729320332e-05
6800 	 6962 	 6.8829341307e+01 	 2.9968658985e-05
6900 	 7065 	 6.8829341263e+01 	 2.3943749837e-05
7000 	 7167 	 6.8829341211e+01 	 3.3494448788e-05
7100 	 7269 	 6.8829341169e+01 	 4.2492626563e-05
7200 	 7372 	 6.8829341143e+01 	 1.6853692674e-05
7300 	 7475 	 6.8829341116e+01 	 1.7078641821e-05
7400 	 7579 	 6.8829341090e+01 	 3.0380039655e-05
7500 	 7682 	 6.8829341068e+01 	 1.3404521559e-05
7600 	 7785 	 6.8829341050e+01 	 1.5751838834e-05
7700 	 7888 	 6.8829341033e+01 	 1.9342158730e-05
7800 	 7990 	 6.8829341022e+01 	 1.1667791017e-05
7900 	 8092 	 6.8829341011e+01 	 2.0266138723e-05
8000 	 8194 	 6.8829341002e+01 	 1.6167571958e-05
8100 	 8297 	 6.8829340992e+01 	 1.1991206445e-05
8200 	 8398 	 6.8829340983e+01 	 1.1344627785e-05
8300 	 8501 	 6.8829340975e+01 	 1.2293545200e-05
8400 	 8603 	 6.8829340968e+01 	 8.3128377221e-06
8500 	 8706 	 6.8829340961e+01 	 8.7123865362e-06
8600 	 8807 	 6.8829340953e+01 	 1.1774044978e-05
8700 	 8910 	 6.8829340946e+01 	 1.7800694186e-05
8800 	 9011 	 6.8829340936e+01 	 2.0713755515e-05
8900 	 9114 	 6.8829340928e+01 	 1.1584045232e-05
9000 	 9216 	 6.8829340923e+01 	 7.5777312784e-06
9100 	 9320 	 6.8829340919e+01 	 4.8955341675e-06
9200 	 9424 	 6.8829340917e+01 	 1.0178190035e-05
9300 	 9525 	 6.8829340915e+01 	 8.1848682683e-06
9400 	 9626 	 6.8829340913e+01 	 9.7340124611e-06
9500 	 9728 	 6.8829340911e+01 	 4.2289178448e-06
9600 	 9831 	 6.8829340910e+01 	 3.1365705552e-06
9700 	 9933 	 6.8829340909e+01 	 6.8474311867e-06
9800 	 10035 	 6.8829340908e+01 	 2.9380181163e-06
9900 	 10139 	 6.8829340907e+01 	 2.5988808839e-06
10000 	 10242 	 6.8829340907e+01 	 2.4508996020e-06
10100 	 10344 	 6.8829340906e+01 	 2.2616852718e-06
10200 	 10445 	 6.8829340906e+01 	 3.5853932683e-06
10300 	 10547 	 6.8829340905e+01 	 2.1072777159e-06
10400 	 10649 	 6.8829340905e+01 	 3.7214654008e-06
10500 	 10751 	 6.8829340905e+01 	 2.0026810161e-06
10600 	 10853 	 6.8829340904e+01 	 1.8118212472e-06
10700 	 10955 	 6.8829340904e+01 	 2.0368031588e-06
10800 	 11057 	 6.8829340903e+01 	 5.4727224747e-06
10900 	 11162 	 6.8829340903e+01 	 1.9109600160e-06
11000 	 11264 	 6.8829340903e+01 	 3.2834559239e-06
11100 	 11366 	 6.8829340902e+01 	 4.1519137919e-06
11200 	 11469 	 6.8829340902e+01 	 1.5122756423e-06
11300 	 11572 	 6.8829340902e+01 	 1.3520104380e-06
11400 	 11672 	 6.8829340902e+01 	 1.3593664972e-06
11500 	 11775 	 6.8829340902e+01 	 1.1357828947e-06
11600 	 11881 	 6.8829340901e+01 	 7.5869822165e-07
11700 	 11986 	 6.8829340901e+01 	 7.9645215859e-07
11800 	 12091 	 6.8829340901e+01 	 9.4240348629e-07
11900 	 12195 	 6.8829340901e+01 	 1.3126637828e-06
12000 	 12306 	 6.8829340901e+01 	 1.2474601380e-06
12100 	 12409 	 6.8829340901e+01 	 1.0752905216e-06
12200 	 12514 	 6.8829340901e+01 	 5.0778371188e-07
12300 	 12620 	 6.8829340901e+01 	 5.5737900337e-07
12400 	 12734 	 6.8829340901e+01 	 9.6810824400e-07
12500 	 12848 	 6.8829340901e+01 	 5.9669017913e-07
12600 	 12968 	 6.8829340901e+01 	 3.9265966657e-07
12700 	 13085 	 6.8829340901e+01 	 3.5111507602e-07
12800 	 13197 	 6.8829340901e+01 	 4.6400856662e-07
# ---- 
 1 		 12824 	 13246 		 7.5530480587e+01 	 6.8829340901e+01 	 5.3884038593e-07
# ---- 
100 	 106 	 6.8733371205e+01 	 4.9958187263e-02
200 	 206 	 6.8671896910e+01 	 2.3291519515e-02
300 	 307 	 6.8655822078e+01 	 1.2968645458e-02
400 	 409 	 6.8649023585e+01 	 9.2997390322e-03
500 	 512 	 6.8645828938e+01 	 5.4744698353e-03
600 	 615 	 6.8644335651e+01 	 6.0977278670e-03
700 	 718 	 6.8643433414e+01 	 3.4062948826e-03
800 	 820 	 6.8642847169e+01 	 3.1629525820e-03
900 	 923 	 6.8642473199e+01 	 1.5434130322e-03
1000 	 1025 	 6.8642233307e+01 	 2.1198167924e-03
1100 	 1128 	 6.8642031126e+01 	 1.4785604724e-03
1200 	 1231 	 6.8641847114e+01 	 1.7940971024e-03
1300 	 1333 	 6.8641699260e+01 	 1.2780424708e-03
1400 	 1437 	 6.8641599824e+01 	 1.0179262804e-03
1500 	 1539 	 6.8641517343e+01 	 2.7869868055e-03
1600 	 1643 	 6.8641445035e+01 	 9.0023659278e-04
1700 	 1745 	 6.8641387769e+01 	 2.1778761986e-03
1800 	 1851 	 6.8641352025e+01 	 1.0959131312e-03
1900 	 1955 	 6.8641330088e+01 	 3.9885386449e-04
2000 	 2056 	 6.8641314127e+01 	 9.9408143914e-04
2100 	 2159 	 6.8641299853e+01 	 4.1566634290e-04
2200 	 2263 	 6.8641288697e+01 	 6.7893691848e-04
2300 	 2366 	 6.8641279530e+01 	 3.1004536738e-04
2400 	 2468 	 6.8641269226e+01 	 7.0521168776e-04
2500 	 2569 	 6.8641259459e+01 	 3.1692837216e-04
2600 	 2673 	 6.8641247637e+01 	 5.5681324445e-04
2700 	 2777 	 6.8641236869e+01 	 6.3967803571e-04
2800 	 2878 	 6.8641226127e+01 	 8.2799551036e-04
2900 	 2981 	 6.8641216370e+01 	 3.7476461241e-04
3000 	 3082 	 6.8641207305e+01 	 2.7373507123e-04
3100 	 3184 	 6.8641197150e+01 	 2.9041913818e-04
3200 	 3286 	 6.8641188164e+01 	 3.4599970328e-04
3300 	 3390 	 6.8641182254e+01 	 2.7833693245e-04
3400 	 3492 	 6.8641175251e+01 	 2.5116831542e-04
3500 	 3595 	 6.8641166763e+01 	 3.0529907122e-04
3600 	 3696 	 6.8641160210e+01 	 2.3412264949e-04
3700 	 3797 	 6.8641154956e+01 	 2.3642799888e-04
3800 	 3901 	 6.8641150350e+01 	 2.5768727317e-04
3900 	 4005 	 6.8641147146e+01 	 4.0494355379e-04
4000 	 4108 	 6.8641143876e+01 	 1.8977152199e-04
4100 	 4210 	 6.8641141244e+01 	 1.9335852845e-04
4200 	 4312 	 6.8641138762e+01 	 1.2384158222e-04
4300 	 4413 	 6.8641136923e+01 	 1.4617078258e-04
4400 	 4514 	 6.8641135586e+01 	 1.2306416304e-04
4500 	 4615 	 6.8641134276e+01 	 1.4624600499e-04
4600 	 4717 	 6.8641132748e+01 	 2.5522570232e-04
4700 	 4819 	 6.8641131312e+01 	 2.0669072508e-04
4800 	 4919 	 6.8641130194e+01 	 1.2853100047e-04
4900 	 5021 	 6.8641129110e+01 	 1.3125346132e-04
5000 	 5124 	 6.8641128009e+01 	 9.3868857215e-05
5100 	 5227 	 6.8641126958e+01 	 9.9897335592e-05
5200 	 5330 	 6.8641126168e+01 	 1.7104649618e-04
5300 	 5433 	 6.8641125586e+01 	 7.1414348367e-05
5400 	 5535 	 6.8641125012e+01 	 8.1930823900e-05
5500 	 5638 	 6.8641124514e+01 	 7.6386694125e-05
5600 	 5742 	 6.8641124110e+01 	 8.2753193745e-05
5700 	 5845 	 6.8641123671e+01 	 1.3452916272e-04
5800 	 5947 	 6.8641123198e+01 	 9.5588857930e-05
5900 	 6049 	 6.8641122732e+01 	 1.2999575786e-04
6000 	 6150 	 6.8641122398e+01 	 5.2072998002e-05
6100 	 6253 	 6.8641122156e+01 	 7.6051932387e-05
6200 	 6356 	 6.8641121926e+01 	 4.2133278645e-05
6300 	 6458 	 6.8641121685e+01 	 1.0157602221e-04
6400 	 6560 	 6.8641121433e+01 	 4.2163787727e-05
6500 	 6664 	 6.8641121228e+01 	 6.4538647928e-05
6600 	 6768 	 6.8641121043e+01 	 4.4073173276e-05
6700 	 6870 	 6.8641120905e+01 	 7.1085295959e-05
6800 	 6975 	 6.8641120805e+01 	 7.5888253708e-05
6900 	 7079 	 6.8641120709e+01 	 3.0218496504e-05
7000 	 7181 	 6.8641120624e+01 	 7.8666305172e-05
7100 	 7283 	 6.8641120544e+01 	 9.6790870184e-05
7200 	 7385 	 6.8641120476e+01 	 2.4733029951e-05
7300 	 7488 	 6.8641120427e+01 	 2.9180639045e-05
7400 	 7590 	 6.8641120394e+01 	 2.1405227120e-05
7500 	 7696 	 6.8641120373e+01 	 2.2055160153e-05
7600 	 7799 	 6.8641120356e+01 	 1.4678344877e-05
7700 	 7902 	 6.8641120334e+01 	 2.9459973198e-05
7800 	 8004 	 6.8641120310e+01 	 1.3599762835e-05
7900 	 8109 	 6.8641120291e+01 	 3.7989122316e-05
8000 	 8211 	 6.8641120274e+01 	 1.5714634565e-05
8100 	 8312 	 6.8641120252e+01 	 1.8733257956e-05
8200 	 8414 	 6.8641120237e+01 	 1.0057102649e-05
8300 	 8516 	 6.8641120223e+01 	 1.0757996009e-05
8400 	 8619 	 6.8641120214e+01 	 1.7993814481e-05
8500 	 8720 	 6.8641120203e+01 	 1.1794468017e-05
8600 	 8821 	 6.8641120192e+01 	 1.7571328932e-05
8700 	 8926 	 6.8641120185e+01 	 1.0197122511e-05
8800 	 9029 	 6.8641120177e+01 	 9.1868079234e-06
8900 	 9130 	 6.8641120168e+01 	 1.5717052604e-05
9000 	 9233 	 6.8641120159e+01 	 1.0477816904e-05
9100 	 9336 	 6.8641120149e+01 	 1.1304225308e-05
9200 	 9438 	 6.8641120139e+01 	 2.5064081165e-05
9300 	 9542 	 6.8641120130e+01 	 1.2816400503e-05
9400 	 9644 	 6.8641120124e+01 	 6.6665507437e-06
9500 	 9747 	 6.8641120120e+01 	 5.4279341442e-06
9600 	 9851 	 6.8641120116e+01 	 7.3250395823e-06
9700 	 9953 	 6.8641120113e+01 	 1.0854989602e-05
9800 	 10056 	 6.8641120111e+01 	 1.1489617081e-05
9900 	 10157 	 6.8641120109e+01 	 4.8727464851e-06
10000 	 10258 	 6.8641120108e+01 	 6.2056448004e-06
10100 	 10361 	 6.8641120107e+01 	 4.4144672294e-06
10200 	 10461 	 6.8641120106e+01 	 6.4004933333e-06
10300 	 10563 	 6.8641120105e+01 	 6.6065295345e-06
10400 	 10666 	 6.8641120104e+01 	 2.4778387842e-06
10500 	 10770 	 6.8641120104e+01 	 4.2971553532e-06
10600 	 10872 	 6.8641120103e+01 	 5.4118690799e-06
10700 	 10975 	 6.8641120102e+01 	 4.3556863527e-06
10800 	 11077 	 6.8641120102e+01 	 2.3773870359e-06
10900 	 11178 	 6.8641120101e+01 	 1.8138336065e-06
11000 	 11281 	 6.8641120101e+01 	 1.5257836474e-06
11100 	 11383 	 6.8641120101e+01 	 3.1076204304e-06
11200 	 11485 	 6.8641120101e+01 	 2.0284125405e-06
11300 	 11589 	 6.8641120100e+01 	 1.8039937839e-06
11400 	 11692 	 6.8641120100e+01 	 1.3732146432e-06
11500 	 11795 	 6.8641120100e+01 	 1.9589743782e-06
11600 	 11901 	 6.8641120099e+01 	 2.5618493632e-06
11700 	 12003 	 6.8641120099e+01 	 1.2396895585e-06
11800 	 12108 	 6.8641120099e+01 	 5.7138115637e-06
11900 	 12211 	 6.8641120099e+01 	 3.3492150294e-06
12000 	 12314 	 6.8641120099e+01 	 1.7595291940e-06
12100 	 12418 	 6.8641120098e+01 	 2.1759008937e-06
12200 	 12519 	 6.8641120098e+01 	 2.2572771664e-06
12300 	 12624 	 6.8641120098e+01 	 1.1155583859e-06
12400 	 12726 	 6.8641120098e+01 	 1.5383943759e-06
12500 	 12832 	 6.8641120098e+01 	 9.1043771415e-07
12600 	 12943 	 6.8641120098e+01 	 1.4880597050e-06
12700 	 13054 	 6.8641120098e+01 	 4.8053406596e-07
12800 	 13164 	 6.8641120098e+01 	 5.2327478545e-07
12900 	 13278 	 6.8641120098e+01 	 7.2101344407e-07
13000 	 13388 	 6.8641120098e+01 	 3.5939468602e-07
13100 	 13497 	 6.8641120098e+01 	 2.7597451990e-07
13200 	 13610 	 6.8641120098e+01 	 1.0665149497e-06
13300 	 13728 	 6.8641120098e+01 	 3.7271913776e-07
13400 	 13848 	 6.8641120098e+01 	 3.7097488825e-07
13500 	 13960 	 6.8641120098e+01 	 1.4961849775e-07
# ---- 
 1 		 13513 	 13990 		 7.5350586051e+01 	 6.8641120098e+01 	 1.8617768005e-07
# ---- 
100 	 102 	 6.8550635467e+01 	 7.2340984478e-02
200 	 203 	 6.8496965632e+01 	 4.6849263989e-02
300 	 307 	 6.8483943977e+01 	 1.2296107752e-02
400 	 409 	 6.8477943202e+01 	 9.9577608784e-03
500 	 510 	 6.8475090024e+01 	 6.4000299900e-03
600 	 610 	 6.8473568465e+01 	 6.7029024866e-03
700 	 712 	 6.8472775551e+01 	 2.1550353359e-03
800 	 813 	 6.8472199926e+01 	 2.6906639839e-03
900 	 917 	 6.8471816450e+01 	 2.6512614142e-03
1000 	 1021 	 6.8471581981e+01 	 2.3719193404e-03
1100 	 1122 	 6.8471386189e+01 	 1.7107544343e-03
1200 	 1226 	 6.8471202241e+01 	 1.2808743457e-03
1300 	 1327 	 6.8471061052e+01 	 1.6455171961e-03
1400 	 1428 	 6.8470965626e+01 	 2.5417159566e-03
1500 	 1528 	 6.8470888505e+01 	 7.9945667501e-04
1600 	 1632 	 6.8470827081e+01 	 8.8949062007e-04
1700 	 1734 	 6.8470773758e+01 	 1.6544833635e-03
1800 	 1837 	 6.8470731512e+01 	 7.2600619446e-04
1900 	 1941 	 6.8470705983e+01 	 5.3789242370e-04
2000 	 2043 	 6.8470685853e+01 	 6.7943919473e-04
2100 	 2145 	 6.8470668817e+01 	 4.6879899061e-04
2200 	 2247 	 6.8470655654e+01 	 4.3394314785e-04
2300 	 2351 	 6.8470645308e+01 	 4.0105055759e-04
2400 	 2453 	 6.8470635630e+01 	 6.0450290165e-04
2500 	 2556 	 6.8470626255e+01 	 2.9838803573e-04
2600 	 2658 	 6.8470616789e+01 	 5.3413995320e-04
2700 	 2759 	 6.8470608108e+01 	 5.2281741104e-04
2800 	 2862 	 6.8470599423e+01 	 2.6952583187e-04
2900 	 2963 	 6.8470591695e+01 	 2.8995523317e-04
3000 	 3065 	 6.8470583681e+01 	 2.6417534393e-04
3100 	 3169 	 6.8470576224e+01 	 2.3462057482e-04
3200 	 3271 	 6.8470569307e+01 	 2.4562451953e-04
3300 	 3372 	 6.8470562079e+01 	 2.1932428659e-04
3400 	 3476 	 6.8470554350e+01 	 2.5794646723e-04
3500 	 3578 	 6.8470545224e+01 	 3.5956653567e-04
3600 	 3682 	 6.8470537603e+01 	 6.5717145380e-04
3700 	 3784 	 6.8470531609e+01 	 2.3609543149e-04
3800 	 3884 	 6.8470526679e+01 	 4.8785529862e-04
3900 	 3986 	 6.8470521753e+01 	 1.4431122699e-04
4000 	 4090 	 6.8470518417e+01 	 2.8435366453e-04
4100 	 4193 	 6.8470515948e+01 	 1.9797308905e-04
4200 	 4294 	 6.8470514091e+01 	 1.1277330164e-04
4300 	 4395 	 6.8470512598e+01 	 1.4014400407e-04
4400 	 4496 	 6.8470510927e+01 	 1.1348629279e-04
4500 	 4601 	 6.8470509492e+01 	 1.4218030097e-04
4600 	 4703 	 6.8470507663e+01 	 1.1950854447e-04
4700 	 4807 	 6.8470506130e+01 	 9.6981353845e-05
4800 	 4910 	 6.8470504946e+01 	 1.0572843587e-04
4900 	 5013 	 6.8470503916e+01 	 1.2300443071e-04
5000 	 5115 	 6.8470502903e+01 	 7.3081846494e-05
5100 	 5219 	 6.8470502135e+01 	 1.5277762119e-04
5200 	 5321 	 6.8470501496e+01 	 1.4263861078e-04
5300 	 5424 	 6.8470500811e+01 	 8.2168029647e-05
5400 	 5526 	 6.8470500130e+01 	 8.6613169726e-05
5500 	 5626 	 6.8470499472e+01 	 9.0588086047e-05
5600 	 5727 	 6.8470498748e+01 	 9.0403360709e-05
5700 	 5831 	 6.8470498162e+01 	 8.4220986081e-05
5800 	 5932 	 6.8470497663e+01 	 1.1370656021e-04
5900 	 6034 	 6.8470497238e+01 	 7.1132618915e-05
6000 	 6140 	 6.8470496889e+01 	 5.9077758263e-05
6100 	 6243 	 6.8470496614e+01 	 5.5987736949e-05
6200 	 6346 	 6.8470496384e+01 	 7.2133879450e-05
6300 	 6450 	 6.8470496177e+01 	 5.7142800652e-05
6400 	 6553 	 6.8470495959e+01 	 5.5476822949e-05
6500 	 6654 	 6.8470495762e+01 	 7.1325503760e-05
6600 	 6756 	 6.8470495571e+01 	 4.8008771193e-05
6700 	 6859 	 6.8470495428e+01 	 3.7226766660e-05
6800 	 6965 	 6.8470495331e+01 	 5.1281478717e-05
6900 	 7066 	 6.8470495203e+01 	 5.1933237902e-05
7000 	 7168 	 6.8470495079e+01 	 4.8779333175e-05
7100 	 7272 	 6.8470494988e+01 	 6.5265808872e-05
7200 	 7377 	 6.8470494926e+01 	 3.7830017950e-05
7300 	 7481 	 6.8470494874e+01 	 3.6461446007e-05
7400 	 7585 	 6.8470494837e+01 	 3.7934250696e-05
7500 	 7687 	 6.8470494803e+01 	 5.4085889339e-05
7600 	 7789 	 6.8470494776e+01 	 1.6800296828e-05
7700 	 7893 	 6.8470494749e+01 	 2.7770523401e-05
7800 	 7995 	 6.8470494713e+01 	 2.2710479064e-05
7900 	 8099 	 6.8470494679e+01 	 1.9398307135e-05
8000 	 8203 	 6.8470494640e+01 	 3.1358728292e-05
8100 	 8304 	 6.8470494598e+01 	 2.2333551865e-05
8200 	 8409 	 6.8470494569e+01 	 2.8985878681e-05
8300 	 8510 	 6.8470494544e+01 	 2.4541043107e-05
8400 	 8612 	 6.8470494525e+01 	 1.0714556946e-05
8500 	 8715 	 6.8470494508e+01 	 1.6666270084e-05
8600 	 8816 	 6.8470494493e+01 	 1.3959687579e-05
8700 	 8919 	 6.8470494479e+01 	 1.2856542195e-05
8800 	 9021 	 6.8470494463e+01 	 1.3371457477e-05
8900 	 9122 	 6.8470494447e+01 	 1.2262364506e-05
9000 	 9227 	 6.8470494436e+01 	 1.1004491592e-05
9100 	 9329 	 6.8470494426e+01 	 1.7066098118e-05
9200 	 9431 	 6.8470494412e+01 	 1.2414649431e-05
9300 	 9533 	 6.8470494401e+01 	 3.5507015569e-05
9400 	 9635 	 6.8470494391e+01 	 8.3844393233e-06
9500 	 9739 	 6.8470494386e+01 	 9.8169175338e-06
9600 	 9841 	 6.8470494382e+01 	 7.0601600320e-06
9700 	 9945 	 6.8470494378e+01 	 8.1599820181e-06
9800 	 10048 	 6.8470494374e+01 	 2.2621389217e-05
9900 	 10152 	 6.8470494371e+01 	 1.2812129852e-05
10000 	 10254 	 6.8470494368e+01 	 6.2860791177e-06
10100 	 10357 	 6.8470494365e+01 	 6.2828285729e-06
10200 	 10458 	 6.8470494363e+01 	 6.6820553473e-06
10300 	 10561 	 6.8470494361e+01 	 8.1620986058e-06
10400 	 10665 	 6.8470494360e+01 	 4.1575476277e-06
10500 	 10767 	 6.8470494358e+01 	 3.4853367645e-06
10600 	 10869 	 6.8470494357e+01 	 4.2398777473e-06
10700 	 10971 	 6.8470494356e+01 	 2.7511912626e-06
10800 	 11074 	 6.8470494355e+01 	 2.7092314380e-06
10900 	 11175 	 6.8470494355e+01 	 2.7949544571e-06
11000 	 11278 	 6.8470494354e+01 	 3.1958819669e-06
11100 	 11380 	 6.8470494353e+01 	 2.9482323694e-06
11200 	 11485 	 6.8470494353e+01 	 4.9124165508e-06
11300 	 11588 	 6.8470494352e+01 	 2.7954221694e-06
11400 	 11689 	 6.8470494352e+01 	 2.0000450644e-06
11500 	 11792 	 6.8470494351e+01 	 5.0223222818e-06
11600 	 11895 	 6.8470494351e+01 	 1.5032892221e-06
11700 	 11997 	 6.8470494350e+01 	 1.4439920192e-06
11800 	 12102 	 6.8470494350e+01 	 1.5505253082e-06
11900 	 12203 	 6.8470494350e+01 	 1.3457312449e-06
12000 	 12305 	 6.8470494350e+01 	 1.2206322422e-06
12100 	 12409 	 6.8470494350e+01 	 1.4123015243e-06
12200 	 12511 	 6.8470494349e+01 	 1.2031158354e-06
12300 	 12612 	 6.8470494349e+01 	 1.5958543686e-06
12400 	 12716 	 6.8470494349e+01 	 1.8421593988e-06
12500 	 12819 	 6.8470494349e+01 	 1.1123897776e-06
12600 	 12926 	 6.8470494349e+01 	 2.1144522283e-06
12700 	 13028 	 6.8470494349e+01 	 9.3249337533e-07
12800 	 13133 	 6.8470494349e+01 	 1.3064007918e-06
12900 	 13238 	 6.8470494349e+01 	 6.9641495156e-07
13000 	 13346 	 6.8470494349e+01 	 1.0484019445e-06
13100 	 13454 	 6.8470494349e+01 	 7.0643602184e-07
13200 	 13560 	 6.8470494348e+01 	 8.6902540302e-07
13300 	 13663 	 6.8470494348e+01 	 1.1693533174e-06
13400 	 13768 	 6.8470494348e+01 	 1.1047181202e-06
13500 	 13877 	 6.8470494348e+01 	 1.1665085274e-06
13600 	 13989 	 6.8470494348e+01 	 8.9749502032e-07
13700 	 14098 	 6.8470494348e+01 	 9.5981952493e-07
13800 	 14218 	 6.8470494348e+01 	 5.9719428044e-07
13900 	 14334 	 6.8470494348e+01 	 4.0883602265e-07
14000 	 14446 	 6.8470494348e+01 	 4.9704087381e-07
14100 	 14555 	 6.8470494348e+01 	 4.1231010572e-07
14200 	 14664 	 6.8470494348e+01 	 6.9315228333e-07
14300 	 14777 	 6.8470494348e+01 	 6.6759156437e-07
14400 	 14892 	 6.8470494348e+01 	 6.1946356232e-07
14500 	 15003 	 6.8470494348e+01 	 6.2647241938e-07
14600 	 15116 	 6.8470494348e+01 	 4.9056680436e-07
14700 	 15230 	 6.8470494348e+01 	 4.8442454246e-07
14800 	 15351 	 6.8470494348e+01 	 3.5902205734e-07
14900 	 15467 	 6.8470494348e+01 	 5.7257227670e-07
15000 	 15583 	 6.8470494348e+01 	 8.9083497619e-07
# ---- 
 1 		 15045 	 15657 		 7.5194206887e+01 	 6.8470494348e+01 	 5.1394320883e-07
# ---- 
100 	 106 	 6.8397705352e+01 	 1.0079156685e-01
200 	 207 	 6.8341155493e+01 	 2.1212579357e-02
300 	 308 	 6.8327909746e+01 	 1.0714193797e-02
400 	 411 	 6.8322087959e+01 	 1.0396417981e-02
500 	 513 	 6.8319109357e+01 	 5.4170924857e-03
600 	 614 	 6.8317689709e+01 	 7.0835583409e-03
700 	 715 	 6.8316865719e+01 	 3.0324687808e-03
800 	 817 	 6.8316301719e+01 	 2.4540665624e-03
900 	 920 	 6.8315935285e+01 	 1.5263522765e-03
1000 	 1022 	 6.8315672980e+01 	 1.7093934228e-03
1100 	 1122 	 6.8315478692e+01 	 1.4952805603e-03
1200 	 1227 	 6.8315305970e+01 	 2.0415725073e-03
1300 	 1330 	 6.8315163031e+01 	 1.3649715954e-03
1400 	 1432 	 6.8315078017e+01 	 7.7632627162e-04
1500 	 1536 	 6.8315010768e+01 	 2.8366666549e-03
1600 	 1637 	 6.8314944376e+01 	 9.1733307875e-04
1700 	 1739 	 6.8314887960e+01 	 7.2723931367e-04
1800 	 1844 	 6.8314842475e+01 	 9.5138545890e-04
1900 	 1945 	 6.8314809276e+01 	 5.9292693954e-04
2000 	 2048 	 6.8314782956e+01 	 3.9936955131e-04
2100 	 2151 	 6.8314764096e+01 	 5.1709356291e-04
2200 	 2253 	 6.8314749399e+01 	 4.5125048489e-04
2300 	 2354 	 6.8314738044e+01 	 3.9910535019e-04
2400 	 2454 	 6.8314729108e+01 	 2.9330908869e-04
2500 	 2555 	 6.8314720312e+01 	 3.1380971297e-04
2600 	 2656 	 6.8314713181e+01 	 2.7698906063e-04
2700 	 2759 	 6.8314706403e+01 	 2.7926951307e-04
2800 	 2863 	 6.8314699876e+01 	 3.2992310970e-04
2900 	 2966 	 6.8314692894e+01 	 4.0755021279e-04
3000 	 3069 	 6.8314685068e+01 	 6.1450257848e-04
3100 	 3173 	 6.8314675750e+01 	 5.4109595819e-04
3200 	 3276 	 6.8314667081e+01 	 9.2663582263e-04
3300 	 3380 	 6.8314660346e+01 	 3.3331734125e-04
3400 	 3484 	 6.8314653314e+01 	 3.7772527569e-04
3500 	 3585 	 6.8314646839e+01 	 3.0944971763e-04
3600 	 3688 	 6.8314641115e+01 	 4.0151216309e-04
3700 	 3789 	 6.8314635157e+01 	 2.5449647585e-04
3800 	 3893 	 6.8314629400e+01 	 2.3142923513e-04
3900 	 3995 	 6.8314624088e+01 	 2.2783434615e-04
4000 	 4099 	 6.8314619525e+01 	 2.5461091658e-04
4100 	 4203 	 6.8314616232e+01 	 1.7068971781e-04
4200 	 4306 	 6.8314613210e+01 	 2.3067618608e-04
4300 	 4408 	 6.8314611002e+01 	 1.2008121625e-04
4400 	 4510 	 6.8314609741e+01 	 1.2546933492e-04
4500 	 4612 	 6.8314608704e+01 	 1.2101102753e-04
4600 	 4716 	 6.8314607410e+01 	 1.7958517060e-04
4700 	 4820 	 6.8314606049e+01 	 2.2093208449e-04
4800 	 4922 	 6.8314604638e+01 	 1.7917817489e-04
4900 	 5025 	 6.8314603454e+01 	 1.2541918949e-04
5000 	 5125 	 6.8314602432e+01 	 8.9871701748e-05
5100 	 5228 	 6.8314601408e+01 	 1.3661380162e-04
5200 	 5328 	 6.8314600115e+01 	 1.4540975343e-04
5300 	 5431 	 6.8314599199e+01 	 1.5278098986e-04
5400 	 5535 	 6.8314598457e+01 	 7.0932277592e-05
5500 	 5637 	 6.8314597846e+01 	 6.6922148542e-05
5600 	 5739 	 6.8314597257e+01 	 1.6773946904e-04
5700 	 5842 	 6.8314596765e+01 	 7.4713126468e-05
5800 	 5945 	 6.8314596221e+01 	 1.1668556419e-04
5900 	 6047 	 6.8314595601e+01 	 6.7136322290e-05
6000 	 6150 	 6.8314595217e+01 	 6.7277187965e-05
6100 	 6252 	 6.8314594815e+01 	 8.6799520432e-05
6200 	 6357 	 6.8314594460e+01 	 1.1303851581e-04
6300 	 6459 	 6.8314594079e+01 	 6.8327234963e-05
6400 	 6560 	 6.8314593690e+01 	 5.8970013919e-05
6500 	 6663 	 6.8314593289e+01 	 8.5123008197e-05
6600 	 6766 	 6.8314592946e+01 	 6.6194911981e-05
6700 	 6870 	 6.8314592673e+01 	 4.7907296208e-05
6800 	 6973 	 6.8314592484e+01 	 8.3687197799e-05
6900 	 7075 	 6.8314592345e+01 	 4.9499438656e-05
7000 	 7177 	 6.8314592225e+01 	 3.5545692942e-05
7100 	 7279 	 6.8314592096e+01 	 3.7427781948e-05
7200 	 7384 	 6.8314592008e+01 	 2.2317402375e-05
7300 	 7486 	 6.8314591937e+01 	 2.6113035623e-05
7400 	 7587 	 6.8314591830e+01 	 3.6631291763e-05
7500 	 7690 	 6.8314591691e+01 	 3.3630905547e-05
7600 	 7793 	 6.8314591558e+01 	 5.8137031575e-05
7700 	 7897 	 6.8314591432e+01 	 3.3258914549e-05
7800 	 8000 	 6.8314591337e+01 	 3.7079130086e-05
7900 	 8103 	 6.8314591262e+01 	 3.7367890006e-05
8000 	 8205 	 6.8314591201e+01 	 2.5220377168e-05
8100 	 8309 	 6.8314591145e+01 	 2.6280281733e-05
8200 	 8412 	 6.8314591090e+01 	 6.2781437826e-05
8300 	 8516 	 6.8314591052e+01 	 1.3404922133e-05
8400 	 8618 	 6.8314591019e+01 	 1.4333100363e-05
8500 	 8721 	 6.8314590993e+01 	 1.7234837264e-05
8600 	 8823 	 6.8314590970e+01 	 3.1206884096e-05
8700 	 8924 	 6.8314590951e+01 	 1.5502100851e-05
8800 	 9028 	 6.8314590936e+01 	 1.1036402095e-05
8900 	 9132 	 6.8314590921e+01 	 1.4225149541e-05
9000 	 9232 	 6.8314590904e+01 	 1.5231224160e-05
9100 	 9335 	 6.8314590891e+01 	 1.1740181322e-05
9200 	 9438 	 6.8314590881e+01 	 9.8936865750e-06
9300 	 9539 	 6.8314590873e+01 	 6.7824097137e-06
9400 	 9641 	 6.8314590866e+01 	 9.8555963362e-06
9500 	 9745 	 6.8314590859e+01 	 9.1491767050e-06
9600 	 9847 	 6.8314590851e+01 	 2.3755426701e-05
9700 	 9949 	 6.8314590841e+01 	 1.1188499308e-05
9800 	 10052 	 6.8314590832e+01 	 1.6247008389e-05
9900 	 10155 	 6.8314590826e+01 	 6.7668422626e-06
10000 	 10259 	 6.8314590820e+01 	 9.7345485332e-06
10100 	 10361 	 6.8314590815e+01 	 9.7135744117e-06
10200 	 10462 	 6.8314590812e+01 	 5.8163862776e-06
10300 	 10565 	 6.8314590810e+01 	 5.2638045175e-06
10400 	 10669 	 6.8314590807e+01 	 7.7103807333e-06
10500 	 10771 	 6.8314590803e+01 	 8.7392932362e-06
10600 	 10876 	 6.8314590800e+01 	 5.6141518020e-06
10700 	 10977 	 6.8314590798e+01 	 4.5124343881e-06
10800 	 11079 	 6.8314590796e+01 	 4.5189785842e-06
10900 	 11183 	 6.8314590793e+01 	 5.4202672538e-06
11000 	 11288 	 6.8314590791e+01 	 3.4763729921e-06
11100 	 11389 	 6.8314590790e+01 	 3.9058551365e-06
11200 	 11492 	 6.8314590789e+01 	 4.0927953760e-06
11300 	 11593 	 6.8314590788e+01 	 3.4100318101e-06
11400 	 11696 	 6.8314590787e+01 	 2.8752532319e-06
11500 	 11798 	 6.8314590786e+01 	 6.4056009015e-06
11600 	 11899 	 6.8314590785e+01 	 7.5183922170e-06
11700 	 12001 	 6.8314590784e+01 	 3.1732515938e-06
11800 	 12103 	 6.8314590783e+01 	 2.6437738518e-06
11900 	 12207 	 6.8314590782e+01 	 3.0803990890e-06
12000 	 12312 	 6.8314590782e+01 	 3.0885291779e-06
12100 	 12413 	 6.8314590781e+01 	 2.6469755438e-06
12200 	 12514 	 6.8314590781e+01 	 2.3412855763e-06
12300 	 12615 	 6.8314590780e+01 	 1.7037818357e-06
12400 	 12719 	 6.8314590780e+01 	 1.6015162710e-06
12500 	 12822 	 6.8314590780e+01 	 2.3004903097e-06
12600 	 12923 	 6.8314590780e+01 	 1.3440129010e-06
12700 	 13024 	 6.8314590780e+01 	 1.0997071928e-06
12800 	 13128 	 6.8314590779e+01 	 1.8069050665e-06
12900 	 13231 	 6.8314590779e+01 	 1.1043012733e-06
13000 	 13332 	 6.8314590779e+01 	 8.5135772901e-07
13100 	 13434 	 6.8314590779e+01 	 1.0464435674e-06
13200 	 13538 	 6.8314590779e+01 	 1.6939329312e-06
13300 	 13643 	 6.8314590779e+01 	 1.6795781184e-06
13400 	 13748 	 6.8314590779e+01 	 1.9379052459e-06
13500 	 13849 	 6.8314590779e+01 	 1.0181275648e-06
13600 	 13950 	 6.8314590779e+01 	 9.2924486287e-07
13700 	 14053 	 6.8314590778e+01 	 9.8757370521e-07
13800 	 14162 	 6.8314590778e+01 	 6.9079008134e-07
13900 	 14268 	 6.8314590778e+01 	 7.3770481657e-07
14000 	 14374 	 6.8314590778e+01 	 1.1745467734e-06
14100 	 14477 	 6.8314590778e+01 	 9.7685249289e-07
14200 	 14581 	 6.8314590778e+01 	 9.9304633785e-07
14300 	 14688 	 6.8314590778e+01 	 1.3877126937e-06
14400 	 14797 	 6.8314590778e+01 	 5.6068454320e-07
14500 	 14906 	 6.8314590778e+01 	 6.6536234123e-07
14600 	 15019 	 6.8314590778e+01 	 4.2920460628e-07
# ---- 
 1 		 14618 	 15064 		 7.4885241565e+01 	 6.8314590778e+01 	 4.1011602795e-07
# ---- 
100 	 102 	 6.8245431751e+01 	 4.5487667462e-02
200 	 203 	 6.8195657240e+01 	 1.8779893243e-02
300 	 304 	 6.8183994928e+01 	 1.1339955334e-02
400 	 406 	 6.8178383630e+01 	 8.7334786979e-03
500 	 507 	 6.8175620007e+01 	 5.1395681805e-03
600 	 610 	 6.8174231805e+01 	 4.3386953551e-03
700 	 712 	 6.8173450404e+01 	 5.4142839214e-03
800 	 813 	 6.8172943659e+01 	 2.0142030331e-03
900 	 916 	 6.8172601289e+01 	 2.2139104151e-03
1000 	 1020 	 6.8172342530e+01 	 1.5730849565e-03
1100 	 1122 	 6.8172153167e+01 	 1.4640883822e-03
1200 	 1224 	 6.8171971322e+01 	 2.3883082723e-03
1300 	 1326 	 6.8171834171e+01 	 1.2630644415e-03
1400 	 1428 	 6.8171741985e+01 	 1.7591397356e-03
1500 	 1532 	 6.8171665661e+01 	 1.3788952967e-03
1600 	 1634 	 6.8171601873e+01 	 8.0384740865e-04
1700 	 1739 	 6.8171538609e+01 	 6.6303026666e-04
1800 	 1843 	 6.8171481092e+01 	 2.0779529204e-03
1900 	 1944 	 6.8171446284e+01 	 8.5510127205e-04
2000 	 2045 	 6.8171424818e+01 	 4.8412831294e-04
2100 	 2149 	 6.8171408072e+01 	 7.4637189970e-04
2200 	 2250 	 6.8171393881e+01 	 3.0837082006e-04
2300 	 2354 	 6.8171383405e+01 	 2.6254478003e-04
2400 	 2456 	 6.8171373532e+01 	 3.9597570965e-04
2500 	 2559 	 6.8171364218e+01 	 3.3763024615e-04
2600 	 2661 	 6.8171356335e+01 	 2.9299052684e-04
2700 	 2763 	 6.8171350140e+01 	 2.6771959281e-04
2800 	 2867 	 6.8171344524e+01 	 3.0996382624e-04
2900 	 2967 	 6.8171337714e+01 	 2.8877132944e-04
3000 	 3070 	 6.8171330096e+01 	 5.5069494199e-04
3100 	 3172 	 6.8171322507e+01 	 2.6023189599e-04
3200 	 3273 	 6.8171315056e+01 	 3.2804668529e-04
3300 	 3376 	 6.8171306758e+01 	 3.1034221572e-04
3400 	 3478 	 6.8171299428e+01 	 3.1686680171e-04
3500 	 3580 	 6.8171291470e+01 	 2.3263267876e-04
3600 	 3682 	 6.8171285990e+01 	 2.7381348956e-04
3700 	 3786 	 6.8171281151e+01 	 2.3453369105e-04
3800 	 3888 	 6.8171276005e+01 	 3.0384825057e-04
3900 	 3990 	 6.8171271075e+01 	 2.6425132465e-04
4000 	 4092 	 6.8171266698e+01 	 1.9980496097e-04
4100 	 4195 	 6.8171263373e+01 	 2.0614921587e-04
4200 	 4297 	 6.8171260292e+01 	 2.2559328370e-04
4300 	 4398 	 6.8171257237e+01 	 1.6118707609e-04
4400 	 4500 	 6.8171254760e+01 	 1.3414699614e-04
4500 	 4605 	 6.8171252742e+01 	 1.3906749911e-04
4600 	 4710 	 6.8171251018e+01 	 1.3895827131e-04
4700 	 4813 	 6.8171249600e+01 	 3.6420871012e-04
4800 	 4916 	 6.8171248398e+01 	 1.3488741942e-04
4900 	 5021 	 6.8171247253e+01 	 1.9587818553e-04
5000 	 5123 	 6.8171245778e+01 	 1.1819219388e-04
5100 	 5225 	 6.8171244361e+01 	 1.0248058104e-04
5200 	 5327 	 6.8171243394e+01 	 1.0852611521e-04
5300 	 5431 	 6.8171242515e+01 	 2.3234160979e-04
5400 	 5533 	 6.8171241605e+01 	 9.4574092484e-05
5500 	 5635 	 6.8171240766e+01 	 1.0355661774e-04
5600 	 5738 	 6.8171240091e+01 	 1.4035062339e-04
5700 	 5841 	 6.8171239520e+01 	 1.4909879833e-04
5800 	 5942 	 6.8171238843e+01 	 6.9229161281e-05
5900 	 6046 	 6.8171238151e+01 	 1.0337404612e-04
6000 	 6150 	 6.8171237538e+01 	 2.5887379005e-04
6100 	 6252 	 6.8171236952e+01 	 1.1505540401e-04
6200 	 6354 	 6.8171236504e+01 	 5.0778285235e-05
6300 	 6455 	 6.8171236157e+01 	 7.1328715253e-05
6400 	 6560 	 6.8171235877e+01 	 1.2418500200e-04
6500 	 6665 	 6.8171235644e+01 	 4.8079671658e-05
6600 	 6768 	 6.8171235442e+01 	 6.7173799424e-05
6700 	 6872 	 6.8171235252e+01 	 1.0601871358e-04
6800 	 6975 	 6.8171235084e+01 	 4.2921781440e-05
6900 	 7075 	 6.8171234939e+01 	 6.1900317639e-05
7000 	 7178 	 6.8171234804e+01 	 3.7302173622e-05
7100 	 7280 	 6.8171234695e+01 	 2.9572333935e-05
7200 	 7382 	 6.8171234612e+01 	 3.9284639182e-05
7300 	 7485 	 6.8171234523e+01 	 5.3780854115e-05
7400 	 7587 	 6.8171234413e+01 	 6.3435344991e-05
7500 	 7689 	 6.8171234300e+01 	 3.1690056080e-05
7600 	 7789 	 6.8171234196e+01 	 3.5524918555e-05
7700 	 7892 	 6.8171234100e+01 	 3.5318742742e-05
7800 	 7996 	 6.8171234021e+01 	 2.8247946028e-05
7900 	 8098 	 6.8171233962e+01 	 3.1016155389e-05
8000 	 8203 	 6.8171233900e+01 	 4.0653729466e-05
8100 	 8306 	 6.8171233850e+01 	 1.6887816975e-05
8200 	 8409 	 6.8171233801e+01 	 2.7762861336e-05
8300 	 8511 	 6.8171233762e+01 	 1.6566780938e-05
8400 	 8612 	 6.8171233731e+01 	 2.1321162998e-05
8500 	 8716 	 6.8171233705e+01 	 1.8385154318e-05
8600 	 8819 	 6.8171233684e+01 	 1.6944217185e-05
8700 	 8921 	 6.8171233668e+01 	 1.6313460820e-05
8800 	 9023 	 6.8171233655e+01 	 1.4199140026e-05
8900 	 9124 	 6.8171233643e+01 	 7.3496994911e-06
9000 	 9226 	 6.8171233631e+01 	 1.7731607953e-05
9100 	 9329 	 6.8171233618e+01 	 1.2249651220e-05
9200 	 9432 	 6.8171233606e+01 	 1.3494814137e-05
9300 	 9534 	 6.8171233596e+01 	 7.6108205280e-06
9400 	 9636 	 6.8171233587e+01 	 2.9386441261e-05
9500 	 9738 	 6.8171233577e+01 	 1.2515320318e-05
9600 	 9840 	 6.8171233566e+01 	 1.2280678750e-05
9700 	 9945 	 6.8171233556e+01 	 1.5067128661e-05
9800 	 10047 	 6.8171233547e+01 	 9.8314406674e-06
9900 	 10152 	 6.8171233540e+01 	 9.0599515524e-06
10000 	 10255 	 6.8171233536e+01 	 9.1712580601e-06
10100 	 10361 	 6.8171233531e+01 	 9.9344957567e-06
10200 	 10464 	 6.8171233528e+01 	 6.3986785106e-06
10300 	 10565 	 6.8171233525e+01 	 6.3524918831e-06
10400 	 10669 	 6.8171233523e+01 	 3.2993401199e-06
10500 	 10769 	 6.8171233521e+01 	 6.1703658667e-06
10600 	 10872 	 6.8171233519e+01 	 5.5649595169e-06
10700 	 10974 	 6.8171233518e+01 	 3.7782992267e-06
10800 	 11080 	 6.8171233516e+01 	 3.8890833911e-06
10900 	 11183 	 6.8171233514e+01 	 8.3719812899e-06
11000 	 11285 	 6.8171233512e+01 	 3.9863536655e-06
11100 	 11387 	 6.8171233511e+01 	 3.3001030876e-06
11200 	 11488 	 6.8171233510e+01 	 3.7249391479e-06
11300 	 11590 	 6.8171233509e+01 	 3.2014840567e-06
11400 	 11693 	 6.8171233508e+01 	 3.4285170378e-06
11500 	 11797 	 6.8171233507e+01 	 3.4440836091e-06
11600 	 11900 	 6.8171233506e+01 	 2.0912200491e-06
11700 	 12002 	 6.8171233505e+01 	 2.1796361179e-06
11800 	 12105 	 6.8171233505e+01 	 3.3193383880e-06
11900 	 12207 	 6.8171233505e+01 	 2.1124569457e-06
12000 	 12309 	 6.8171233504e+01 	 1.7691700742e-06
12100 	 12412 	 6.8171233504e+01 	 2.0127949024e-06
12200 	 12514 	 6.8171233503e+01 	 1.9204264327e-06
12300 	 12618 	 6.8171233503e+01 	 1.9867464127e-06
12400 	 12721 	 6.8171233503e+01 	 4.4977547213e-06
12500 	 12823 	 6.8171233502e+01 	 2.0016845862e-06
12600 	 12925 	 6.8171233502e+01 	 1.8832218773e-06
12700 	 13027 	 6.8171233502e+01 	 1.8797608776e-06
12800 	 13130 	 6.8171233501e+01 	 1.6969447862e-06
12900 	 13233 	 6.8171233501e+01 	 2.6574271207e-06
13000 	 13336 	 6.8171233501e+01 	 1.5206014992e-06
13100 	 13438 	 6.8171233501e+01 	 1.2091253873e-06
13200 	 13542 	 6.8171233501e+01 	 7.6986677851e-07
13300 	 13644 	 6.8171233501e+01 	 1.7120955912e-06
13400 	 13749 	 6.8171233501e+01 	 1.3968436794e-06
13500 	 13850 	 6.8171233501e+01 	 9.7340188767e-07
13600 	 13955 	 6.8171233501e+01 	 8.3547401823e-07
13700 	 14064 	 6.8171233501e+01 	 5.6793744648e-07
13800 	 14172 	 6.8171233500e+01 	 8.8447692801e-07
13900 	 14280 	 6.8171233500e+01 	 5.8513426008e-07
14000 	 14391 	 6.8171233500e+01 	 3.3001921607e-07
14100 	 14506 	 6.8171233500e+01 	 4.0434836449e-07
14200 	 14618 	 6.8171233500e+01 	 6.0963560686e-07
# ---- 
 1 		 14290 	 14748 		 7.4689623359e+01 	 6.8171233500e+01 	 5.4562997548e-07
# ---- 
