100 	 102 	 7.3914252325e-01 	 3.1772280134e-02
200 	 203 	 7.1909510387e-01 	 1.8278947407e-02
300 	 305 	 7.0906666824e-01 	 1.4155820910e-02
400 	 409 	 7.0212852664e-01 	 8.1522918260e-03
500 	 510 	 6.9724219610e-01 	 1.4661527400e-02
600 	 613 	 6.9401027528e-01 	 1.1263317736e-02
700 	 715 	 6.9072879993e-01 	 1.1520276379e-02
800 	 816 	 6.8842535385e-01 	 4.8077824197e-03
900 	 918 	 6.8678363385e-01 	 4.8662442008e-03
1000 	 1021 	 6.8537317432e-01 	 7.6928515197e-03
1100 	 1122 	 6.8434847238e-01 	 5.9258335368e-03
1200 	 1224 	 6.8344697937e-01 	 8.7429701673e-03
1300 	 1327 	 6.8286069454e-01 	 4.0494927270e-03
1400 	 1431 	 6.8235787668e-01 	 2.2058347601e-03
1500 	 1533 	 6.8206253600e-01 	 1.8622560865e-03
1600 	 1636 	 6.8177035116e-01 	 1.8397232209e-03
1700 	 1738 	 6.8157518785e-01 	 1.5661525289e-03
1800 	 1838 	 6.8141448726e-01 	 2.2095162589e-03
1900 	 1942 	 6.8127945558e-01 	 2.2898928085e-03
2000 	 2044 	 6.8117688817e-01 	 1.0063694554e-03
2100 	 2147 	 6.8109367061e-01 	 9.7359113493e-04
2200 	 2249 	 6.8101281160e-01 	 1.2206351007e-03
2300 	 2352 	 6.8095391520e-01 	 9.5199803656e-04
2400 	 2452 	 6.8090752811e-01 	 1.6613252134e-03
2500 	 2556 	 6.8087140514e-01 	 6.3984535222e-04
2600 	 2659 	 6.8084223806e-01 	 7.5106062493e-04
2700 	 2763 	 6.8081635699e-01 	 4.8196963501e-04
2800 	 2864 	 6.8079789021e-01 	 4.4321766336e-04
2900 	 2968 	 6.8078236840e-01 	 1.4399097344e-03
3000 	 3071 	 6.8077032128e-01 	 6.2004794777e-04
3100 	 3172 	 6.8076227577e-01 	 3.4773559870e-04
3200 	 3274 	 6.8075533928e-01 	 3.2377925861e-04
3300 	 3378 	 6.8074953129e-01 	 3.5246362050e-04
3400 	 3480 	 6.8074450993e-01 	 3.1804979958e-04
3500 	 3583 	 6.8073916386e-01 	 2.2363383537e-04
3600 	 3686 	 6.8073449961e-01 	 2.2696126685e-04
3700 	 3790 	 6.8072925789e-01 	 2.1788227933e-04
3800 	 3891 	 6.8072547710e-01 	 1.8942960680e-04
3900 	 3995 	 6.8072255669e-01 	 3.9705016118e-04
4000 	 4096 	 6.8072002430e-01 	 2.8708942670e-04
4100 	 4198 	 6.8071784005e-01 	 1.5676958894e-04
4200 	 4300 	 6.8071577267e-01 	 1.3466793801e-04
4300 	 4402 	 6.8071356942e-01 	 3.5845468493e-04
4400 	 4504 	 6.8071163546e-01 	 1.7673153501e-04
4500 	 4606 	 6.8070988669e-01 	 2.2828282931e-04
4600 	 4707 	 6.8070823500e-01 	 1.4623164253e-04
4700 	 4811 	 6.8070665511e-01 	 2.8173891895e-04
4800 	 4913 	 6.8070500650e-01 	 1.5721870923e-04
4900 	 5016 	 6.8070328212e-01 	 1.6918707048e-04
5000 	 5121 	 6.8070187921e-01 	 1.2034413265e-04
5100 	 5223 	 6.8070055132e-01 	 1.1344664710e-04
5200 	 5327 	 6.8069918542e-01 	 2.3045741747e-04
5300 	 5429 	 6.8069795974e-01 	 1.1060153849e-04
5400 	 5534 	 6.8069680623e-01 	 1.6403132851e-04
5500 	 5636 	 6.8069564499e-01 	 3.0962122659e-04
5600 	 5739 	 6.8069446722e-01 	 1.2140933085e-04
5700 	 5841 	 6.8069341844e-01 	 9.4944817005e-05
5800 	 5944 	 6.8069238163e-01 	 1.8741342733e-04
5900 	 6047 	 6.8069145319e-01 	 1.2550694070e-04
6000 	 6148 	 6.8069057900e-01 	 2.5569171988e-04
6100 	 6251 	 6.8068966866e-01 	 2.2804597533e-04
6200 	 6352 	 6.8068886435e-01 	 1.3994871049e-04
6300 	 6454 	 6.8068790142e-01 	 2.1528835947e-04
6400 	 6558 	 6.8068707265e-01 	 8.8317028552e-05
6500 	 6659 	 6.8068627291e-01 	 8.5574748338e-05
6600 	 6764 	 6.8068552840e-01 	 9.0083689105e-05
6700 	 6870 	 6.8068455047e-01 	 1.1947673428e-04
6800 	 6973 	 6.8068355949e-01 	 9.9181998525e-05
6900 	 7078 	 6.8068272636e-01 	 9.4292861354e-05
7000 	 7179 	 6.8068192399e-01 	 1.4143696885e-04
7100 	 7282 	 6.8068111093e-01 	 1.1500160963e-04
7200 	 7387 	 6.8068027180e-01 	 9.7948063352e-05
7300 	 7489 	 6.8067920276e-01 	 2.1826355715e-04
7400 	 7591 	 6.8067771140e-01 	 1.1643386821e-04
7500 	 7695 	 6.8067607568e-01 	 1.6757130852e-04
7600 	 7797 	 6.8067472102e-01 	 1.6318445157e-04
7700 	 7900 	 6.8067378850e-01 	 1.1560380853e-04
7800 	 8002 	 6.8067257105e-01 	 1.6384262518e-04
7900 	 8103 	 6.8067147620e-01 	 1.2719210322e-04
8000 	 8207 	 6.8067063150e-01 	 1.5623082109e-04
8100 	 8308 	 6.8066986953e-01 	 9.1614322823e-05
8200 	 8411 	 6.8066907650e-01 	 1.1805589692e-04
8300 	 8514 	 6.8066829597e-01 	 1.1289661727e-04
8400 	 8617 	 6.8066737214e-01 	 1.7391637100e-04
8500 	 8719 	 6.8066645584e-01 	 9.6747283117e-05
8600 	 8821 	 6.8066565994e-01 	 8.4672147108e-05
8700 	 8923 	 6.8066501678e-01 	 1.0864170777e-04
8800 	 9024 	 6.8066432963e-01 	 8.4300698842e-05
8900 	 9129 	 6.8066374362e-01 	 1.8428179047e-04
9000 	 9233 	 6.8066306861e-01 	 8.8845426645e-05
9100 	 9336 	 6.8066225341e-01 	 2.4587827756e-04
9200 	 9438 	 6.8066143677e-01 	 2.0415352366e-04
9300 	 9541 	 6.8066064671e-01 	 1.5862664048e-04
9400 	 9645 	 6.8065987582e-01 	 8.7476344207e-05
9500 	 9746 	 6.8065922174e-01 	 6.7469598449e-05
9600 	 9849 	 6.8065855789e-01 	 6.4210613666e-05
9700 	 9950 	 6.8065797242e-01 	 5.7231321946e-05
9800 	 10052 	 6.8065740702e-01 	 7.1775517651e-05
9900 	 10154 	 6.8065676166e-01 	 1.0930477896e-04
10000 	 10257 	 6.8065625430e-01 	 6.3147091402e-05
10100 	 10358 	 6.8065581782e-01 	 5.3460936774e-05
10200 	 10459 	 6.8065545122e-01 	 6.1972829846e-05
10300 	 10560 	 6.8065517148e-01 	 6.0197963589e-05
10400 	 10663 	 6.8065491189e-01 	 5.9703815185e-05
10500 	 10764 	 6.8065461870e-01 	 6.0633473828e-05
10600 	 10866 	 6.8065430312e-01 	 1.2681244985e-04
10700 	 10968 	 6.8065402202e-01 	 5.9876871209e-05
10800 	 11069 	 6.8065367533e-01 	 7.9778099467e-05
10900 	 11171 	 6.8065333031e-01 	 9.5728608283e-05
11000 	 11272 	 6.8065302059e-01 	 5.6656560744e-05
11100 	 11376 	 6.8065280660e-01 	 1.1036880895e-04
11200 	 11477 	 6.8065258528e-01 	 5.2052545400e-05
11300 	 11579 	 6.8065241233e-01 	 4.0040163043e-05
11400 	 11682 	 6.8065225457e-01 	 9.7513414291e-05
11500 	 11785 	 6.8065209625e-01 	 4.7934092217e-05
11600 	 11892 	 6.8065188946e-01 	 5.2973005242e-05
11700 	 11994 	 6.8065164612e-01 	 5.9256145562e-05
11800 	 12099 	 6.8065141441e-01 	 4.3361325974e-05
11900 	 12201 	 6.8065117761e-01 	 5.3927883514e-05
12000 	 12304 	 6.8065083160e-01 	 1.3205249700e-04
12100 	 12408 	 6.8065047483e-01 	 5.6943586156e-05
12200 	 12511 	 6.8065021831e-01 	 5.8434912420e-05
12300 	 12613 	 6.8064996224e-01 	 9.0779450708e-05
12400 	 12714 	 6.8064968081e-01 	 7.8869760261e-05
12500 	 12816 	 6.8064941988e-01 	 4.4563555098e-05
12600 	 12922 	 6.8064914082e-01 	 7.4491420828e-05
12700 	 13023 	 6.8064874976e-01 	 5.4516794778e-05
12800 	 13126 	 6.8064827552e-01 	 6.9090216655e-05
12900 	 13228 	 6.8064761249e-01 	 1.0165883605e-04
13000 	 13330 	 6.8064697425e-01 	 7.2157062598e-05
13100 	 13432 	 6.8064652825e-01 	 5.3366541401e-05
13200 	 13535 	 6.8064620637e-01 	 6.2999591827e-05
13300 	 13639 	 6.8064594427e-01 	 5.9065373672e-05
13400 	 13739 	 6.8064574854e-01 	 8.6027089778e-05
13500 	 13842 	 6.8064560431e-01 	 2.9509780740e-05
13600 	 13945 	 6.8064548861e-01 	 3.4091687251e-05
13700 	 14048 	 6.8064536985e-01 	 3.1611448727e-05
13800 	 14150 	 6.8064526566e-01 	 3.1728213066e-05
13900 	 14251 	 6.8064517156e-01 	 3.1078457084e-05
14000 	 14352 	 6.8064510456e-01 	 2.9454159162e-05
14100 	 14456 	 6.8064504755e-01 	 5.6836591722e-05
14200 	 14559 	 6.8064499043e-01 	 7.1991608164e-05
14300 	 14661 	 6.8064492567e-01 	 3.4558876144e-05
14400 	 14763 	 6.8064487652e-01 	 2.0437510989e-05
14500 	 14864 	 6.8064482629e-01 	 5.5290264693e-05
14600 	 14964 	 6.8064476666e-01 	 1.9988043200e-05
14700 	 15066 	 6.8064470087e-01 	 3.8540618606e-05
14800 	 15168 	 6.8064464084e-01 	 2.9146128652e-05
14900 	 15270 	 6.8064459421e-01 	 1.9247820914e-05
15000 	 15371 	 6.8064455301e-01 	 2.1822758000e-05
15100 	 15475 	 6.8064451239e-01 	 1.9497467208e-05
15200 	 15578 	 6.8064447098e-01 	 2.2731466530e-05
15300 	 15679 	 6.8064442955e-01 	 2.5509074504e-05
15400 	 15780 	 6.8064438376e-01 	 5.1844279977e-05
15500 	 15882 	 6.8064434939e-01 	 2.0653237523e-05
15600 	 15986 	 6.8064430812e-01 	 2.3740505187e-05
15700 	 16090 	 6.8064425951e-01 	 2.1723413362e-05
15800 	 16194 	 6.8064420431e-01 	 7.5127095343e-05
15900 	 16298 	 6.8064413430e-01 	 2.1858919640e-05
16000 	 16402 	 6.8064407104e-01 	 2.8467368370e-05
16100 	 16502 	 6.8064401143e-01 	 2.1733188410e-05
16200 	 16604 	 6.8064396653e-01 	 2.6420648395e-05
16300 	 16707 	 6.8064393112e-01 	 3.0286223281e-05
16400 	 16809 	 6.8064389308e-01 	 3.5293434769e-05
16500 	 16912 	 6.8064385016e-01 	 2.4432382223e-05
16600 	 17012 	 6.8064380063e-01 	 2.5782394899e-05
16700 	 17115 	 6.8064375740e-01 	 4.5750157535e-05
16800 	 17218 	 6.8064371529e-01 	 6.7193691343e-05
16900 	 17320 	 6.8064366834e-01 	 1.9762143700e-05
17000 	 17424 	 6.8064362146e-01 	 3.0005709978e-05
17100 	 17525 	 6.8064357926e-01 	 2.5150284613e-05
17200 	 17627 	 6.8064355352e-01 	 2.5357713593e-05
17300 	 17731 	 6.8064352727e-01 	 2.8564636924e-05
17400 	 17836 	 6.8064349919e-01 	 2.3623226371e-05
17500 	 17940 	 6.8064347118e-01 	 2.2226217727e-05
17600 	 18040 	 6.8064344190e-01 	 4.0129884379e-05
17700 	 18144 	 6.8064340871e-01 	 1.6531854120e-05
17800 	 18248 	 6.8064337872e-01 	 1.8122902275e-05
17900 	 18351 	 6.8064334431e-01 	 2.4239447886e-05
18000 	 18454 	 6.8064330367e-01 	 1.6182332031e-05
18100 	 18558 	 6.8064326767e-01 	 2.9333851184e-05
18200 	 18661 	 6.8064324338e-01 	 1.6492236126e-05
18300 	 18763 	 6.8064322220e-01 	 3.0325716651e-05
18400 	 18865 	 6.8064320120e-01 	 1.8704622959e-05
18500 	 18968 	 6.8064318187e-01 	 1.5191668446e-05
18600 	 19071 	 6.8064316665e-01 	 1.2165067503e-05
18700 	 19175 	 6.8064315344e-01 	 1.3365281177e-05
18800 	 19279 	 6.8064314185e-01 	 1.0868735634e-05
18900 	 19382 	 6.8064313261e-01 	 9.1100949056e-06
19000 	 19486 	 6.8064312591e-01 	 8.2918881472e-06
19100 	 19589 	 6.8064311602e-01 	 9.7881842018e-06
19200 	 19691 	 6.8064310664e-01 	 2.4925253037e-05
19300 	 19791 	 6.8064309488e-01 	 1.5000906956e-05
19400 	 19891 	 6.8064308396e-01 	 1.2156005180e-05
19500 	 19993 	 6.8064307360e-01 	 1.3527677416e-05
19600 	 20096 	 6.8064306255e-01 	 1.2573413920e-05
19700 	 20197 	 6.8064305106e-01 	 1.3213645396e-05
19800 	 20299 	 6.8064303835e-01 	 1.7350630981e-05
19900 	 20402 	 6.8064302785e-01 	 2.0722883475e-05
20000 	 20506 	 6.8064301755e-01 	 9.6712094560e-06
20100 	 20611 	 6.8064300824e-01 	 2.0947411744e-05
20200 	 20714 	 6.8064300058e-01 	 9.6011316973e-06
20300 	 20814 	 6.8064299396e-01 	 9.5708726234e-06
20400 	 20918 	 6.8064298732e-01 	 1.9483359017e-05
20500 	 21020 	 6.8064298018e-01 	 1.4192950301e-05
20600 	 21121 	 6.8064297205e-01 	 1.2310931564e-05
20700 	 21222 	 6.8064296302e-01 	 1.0768683132e-05
20800 	 21323 	 6.8064295211e-01 	 1.2001339355e-05
20900 	 21427 	 6.8064294249e-01 	 9.2032014412e-06
21000 	 21530 	 6.8064293330e-01 	 1.0541858629e-05
21100 	 21634 	 6.8064292528e-01 	 7.8129650934e-06
21200 	 21737 	 6.8064291692e-01 	 1.1665595029e-05
21300 	 21840 	 6.8064290586e-01 	 1.0269522339e-05
21400 	 21941 	 6.8064289634e-01 	 2.7751214006e-05
21500 	 22046 	 6.8064288368e-01 	 1.3107363981e-05
21600 	 22148 	 6.8064287298e-01 	 1.0489862787e-05
21700 	 22250 	 6.8064286198e-01 	 1.0737299916e-05
21800 	 22353 	 6.8064285295e-01 	 7.2299701314e-06
21900 	 22455 	 6.8064284414e-01 	 9.6077189055e-06
22000 	 22556 	 6.8064283476e-01 	 1.2445729796e-05
22100 	 22657 	 6.8064282416e-01 	 1.8691927729e-05
22200 	 22760 	 6.8064281391e-01 	 1.2518093376e-05
22300 	 22863 	 6.8064280575e-01 	 1.0772807127e-05
22400 	 22968 	 6.8064279875e-01 	 1.3129128694e-05
22500 	 23071 	 6.8064279195e-01 	 7.6860721551e-06
22600 	 23174 	 6.8064278541e-01 	 8.2273435296e-06
22700 	 23278 	 6.8064277895e-01 	 1.0319108768e-05
22800 	 23381 	 6.8064277157e-01 	 6.9923212894e-06
22900 	 23485 	 6.8064276569e-01 	 6.0661494292e-06
23000 	 23586 	 6.8064276158e-01 	 6.4928855252e-06
23100 	 23687 	 6.8064275754e-01 	 1.2844670343e-05
23200 	 23791 	 6.8064275294e-01 	 7.1657511732e-06
23300 	 23893 	 6.8064274786e-01 	 6.3134744992e-06
23400 	 23997 	 6.8064274316e-01 	 7.9536193492e-06
23500 	 24099 	 6.8064273976e-01 	 5.2940757499e-06
23600 	 24201 	 6.8064273732e-01 	 8.1231966369e-06
23700 	 24304 	 6.8064273442e-01 	 6.4766681809e-06
23800 	 24404 	 6.8064273213e-01 	 4.3213452887e-06
23900 	 24505 	 6.8064273016e-01 	 6.6364050838e-06
24000 	 24607 	 6.8064272809e-01 	 5.2922039386e-06
24100 	 24710 	 6.8064272563e-01 	 5.3817533525e-06
24200 	 24812 	 6.8064272294e-01 	 9.3596043213e-06
24300 	 24914 	 6.8064271996e-01 	 5.3416163086e-06
24400 	 25016 	 6.8064271722e-01 	 6.5863709750e-06
24500 	 25119 	 6.8064271503e-01 	 5.1097236884e-06
24600 	 25223 	 6.8064271231e-01 	 6.5780089845e-06
24700 	 25326 	 6.8064270994e-01 	 1.0916538716e-05
24800 	 25428 	 6.8064270780e-01 	 5.3594497538e-06
24900 	 25530 	 6.8064270595e-01 	 4.0149651047e-06
25000 	 25632 	 6.8064270368e-01 	 4.1623461390e-06
25100 	 25733 	 6.8064270095e-01 	 5.2487317672e-06
25200 	 25836 	 6.8064269768e-01 	 5.9398350232e-06
25300 	 25938 	 6.8064269451e-01 	 5.4056923059e-06
25400 	 26041 	 6.8064269152e-01 	 7.2616619993e-06
25500 	 26143 	 6.8064268889e-01 	 5.1840938680e-06
25600 	 26245 	 6.8064268662e-01 	 4.3327153899e-06
25700 	 26348 	 6.8064268473e-01 	 3.2950506177e-06
25800 	 26450 	 6.8064268303e-01 	 5.5158394837e-06
25900 	 26552 	 6.8064268092e-01 	 7.3020361792e-06
26000 	 26656 	 6.8064267908e-01 	 3.9598453984e-06
26100 	 26759 	 6.8064267734e-01 	 3.5623026825e-06
26200 	 26862 	 6.8064267559e-01 	 7.5049501927e-06
26300 	 26965 	 6.8064267410e-01 	 3.7170112966e-06
26400 	 27069 	 6.8064267276e-01 	 3.8740235638e-06
26500 	 27173 	 6.8064267154e-01 	 3.4055643678e-06
26600 	 27274 	 6.8064267037e-01 	 5.7474294350e-06
26700 	 27377 	 6.8064266893e-01 	 7.9855083804e-06
26800 	 27478 	 6.8064266725e-01 	 5.3707518401e-06
26900 	 27582 	 6.8064266572e-01 	 3.5056800787e-06
27000 	 27684 	 6.8064266458e-01 	 3.6635712474e-06
27100 	 27787 	 6.8064266358e-01 	 5.0383092328e-06
27200 	 27889 	 6.8064266270e-01 	 2.8773761513e-06
27300 	 27992 	 6.8064266196e-01 	 1.8382369854e-06
27400 	 28095 	 6.8064266142e-01 	 2.0215297249e-06
27500 	 28198 	 6.8064266070e-01 	 2.5037246527e-06
27600 	 28301 	 6.8064266001e-01 	 2.1847086110e-06
27700 	 28401 	 6.8064265939e-01 	 4.7333651010e-06
27800 	 28504 	 6.8064265868e-01 	 2.5585676430e-06
27900 	 28607 	 6.8064265800e-01 	 3.4284671236e-06
28000 	 28710 	 6.8064265713e-01 	 3.0944438995e-06
28100 	 28812 	 6.8064265619e-01 	 3.9072635738e-06
28200 	 28915 	 6.8064265521e-01 	 3.0239261879e-06
28300 	 29016 	 6.8064265413e-01 	 3.9619201421e-06
28400 	 29119 	 6.8064265295e-01 	 3.7915571672e-06
28500 	 29223 	 6.8064265168e-01 	 4.0072418016e-06
28600 	 29324 	 6.8064265022e-01 	 4.8379872323e-06
28700 	 29429 	 6.8064264885e-01 	 3.2665109488e-06
28800 	 29531 	 6.8064264772e-01 	 3.3962515867e-06
28900 	 29634 	 6.8064264679e-01 	 3.4192438002e-06
29000 	 29736 	 6.8064264587e-01 	 6.1156107627e-06
29100 	 29837 	 6.8064264505e-01 	 2.4273822833e-06
29200 	 29942 	 6.8064264439e-01 	 2.7851671192e-06
29300 	 30047 	 6.8064264399e-01 	 1.8640807375e-06
29400 	 30149 	 6.8064264362e-01 	 2.0130382658e-06
29500 	 30251 	 6.8064264337e-01 	 1.3910925785e-06
29600 	 30356 	 6.8064264318e-01 	 1.4751661239e-06
29700 	 30459 	 6.8064264295e-01 	 1.6517777698e-06
29800 	 30563 	 6.8064264266e-01 	 2.1041355124e-06
29900 	 30666 	 6.8064264228e-01 	 2.1109028666e-06
30000 	 30768 	 6.8064264184e-01 	 2.1407232785e-06
30100 	 30871 	 6.8064264148e-01 	 2.8177316573e-06
30200 	 30973 	 6.8064264110e-01 	 2.0334675500e-06
30300 	 31075 	 6.8064264081e-01 	 2.1319464780e-06
30400 	 31177 	 6.8064264047e-01 	 3.1087827735e-06
30500 	 31278 	 6.8064264007e-01 	 2.1739746118e-06
30600 	 31381 	 6.8064263969e-01 	 3.7015929079e-06
30700 	 31484 	 6.8064263940e-01 	 1.4567921837e-06
30800 	 31585 	 6.8064263912e-01 	 1.7679554852e-06
30900 	 31687 	 6.8064263877e-01 	 2.3819702347e-06
31000 	 31789 	 6.8064263823e-01 	 2.4318461164e-06
31100 	 31892 	 6.8064263770e-01 	 2.4881094464e-06
31200 	 31995 	 6.8064263708e-01 	 2.0383756492e-06
31300 	 32095 	 6.8064263654e-01 	 2.0769461560e-06
31400 	 32197 	 6.8064263614e-01 	 1.6121348279e-06
31500 	 32300 	 6.8064263583e-01 	 1.2442755453e-06
31600 	 32403 	 6.8064263558e-01 	 1.5952601930e-06
31700 	 32507 	 6.8064263532e-01 	 1.4140612728e-06
31800 	 32611 	 6.8064263507e-01 	 1.5423425311e-06
31900 	 32714 	 6.8064263490e-01 	 2.2179130026e-06
32000 	 32815 	 6.8064263477e-01 	 1.1165480000e-06
32100 	 32919 	 6.8064263463e-01 	 3.9815766838e-06
32200 	 33024 	 6.8064263443e-01 	 1.8001572640e-06
32300 	 33125 	 6.8064263419e-01 	 1.6530407042e-06
32400 	 33228 	 6.8064263390e-01 	 1.5581493587e-06
32500 	 33331 	 6.8064263367e-01 	 1.4006141587e-06
32600 	 33434 	 6.8064263352e-01 	 1.5204489449e-06
32700 	 33536 	 6.8064263339e-01 	 1.4300452451e-06
32800 	 33638 	 6.8064263326e-01 	 1.0338846084e-06
32900 	 33741 	 6.8064263312e-01 	 2.4398187675e-06
33000 	 33843 	 6.8064263300e-01 	 2.3701822205e-06
33100 	 33948 	 6.8064263289e-01 	 1.0108367688e-06
33200 	 34052 	 6.8064263277e-01 	 9.8418560639e-07
33300 	 34156 	 6.8064263266e-01 	 1.0046059725e-06
33400 	 34259 	 6.8064263257e-01 	 8.2181286525e-07
33500 	 34361 	 6.8064263249e-01 	 9.9161606300e-07
33600 	 34465 	 6.8064263242e-01 	 7.0235640229e-07
33700 	 34569 	 6.8064263238e-01 	 1.0699704487e-06
33800 	 34672 	 6.8064263235e-01 	 1.0906321489e-06
33900 	 34774 	 6.8064263231e-01 	 1.0478675520e-06
34000 	 34877 	 6.8064263225e-01 	 9.7446299020e-07
34100 	 34980 	 6.8064263220e-01 	 6.7473449897e-07
34200 	 35083 	 6.8064263215e-01 	 1.3031785467e-06
34300 	 35184 	 6.8064263210e-01 	 1.7479817374e-06
34400 	 35285 	 6.8064263206e-01 	 5.1413148960e-07
34500 	 35388 	 6.8064263202e-01 	 7.7647770225e-07
34600 	 35489 	 6.8064263199e-01 	 7.0438357265e-07
34700 	 35590 	 6.8064263196e-01 	 4.7059963754e-07
34800 	 35692 	 6.8064263192e-01 	 6.5387278483e-07
34900 	 35794 	 6.8064263188e-01 	 6.8035201064e-07
35000 	 35898 	 6.8064263184e-01 	 8.2534584944e-07
35100 	 36001 	 6.8064263180e-01 	 6.6418336806e-07
35200 	 36102 	 6.8064263177e-01 	 5.9574321376e-07
35300 	 36204 	 6.8064263173e-01 	 9.8208257275e-07
35400 	 36307 	 6.8064263167e-01 	 8.1174175623e-07
35500 	 36409 	 6.8064263162e-01 	 7.1070090589e-07
35600 	 36512 	 6.8064263158e-01 	 1.0300176120e-06
35700 	 36615 	 6.8064263154e-01 	 5.0555313430e-07
35800 	 36718 	 6.8064263150e-01 	 1.8350874538e-06
35900 	 36822 	 6.8064263146e-01 	 1.2060836485e-06
36000 	 36923 	 6.8064263143e-01 	 4.7513099009e-07
36100 	 37027 	 6.8064263139e-01 	 5.9845764088e-07
36200 	 37132 	 6.8064263136e-01 	 6.0857604016e-07
36300 	 37233 	 6.8064263132e-01 	 6.5860784031e-07
36400 	 37338 	 6.8064263130e-01 	 5.2860469089e-07
36500 	 37442 	 6.8064263128e-01 	 5.8649910694e-07
36600 	 37542 	 6.8064263125e-01 	 5.3096878792e-07
36700 	 37645 	 6.8064263124e-01 	 9.2322961715e-07
36800 	 37746 	 6.8064263122e-01 	 5.7432169324e-07
36900 	 37848 	 6.8064263120e-01 	 4.6869254406e-07
37000 	 37950 	 6.8064263119e-01 	 4.8538147483e-07
37100 	 38052 	 6.8064263117e-01 	 5.2063959533e-07
37200 	 38156 	 6.8064263115e-01 	 4.0090397509e-07
37300 	 38260 	 6.8064263112e-01 	 7.7478725434e-07
37400 	 38361 	 6.8064263108e-01 	 5.7498560747e-07
37500 	 38464 	 6.8064263105e-01 	 4.9680869757e-07
37600 	 38567 	 6.8064263102e-01 	 5.0017071353e-07
37700 	 38669 	 6.8064263098e-01 	 6.6745413900e-07
37800 	 38770 	 6.8064263095e-01 	 5.3433969755e-07
37900 	 38870 	 6.8064263091e-01 	 6.2909135020e-07
38000 	 38972 	 6.8064263088e-01 	 5.8291240614e-07
38100 	 39074 	 6.8064263084e-01 	 8.0914077716e-07
38200 	 39176 	 6.8064263082e-01 	 4.1441038124e-07
38300 	 39278 	 6.8064263080e-01 	 3.6275524981e-07
38400 	 39381 	 6.8064263077e-01 	 4.9776240906e-07
38500 	 39482 	 6.8064263076e-01 	 4.5876824961e-07
38600 	 39586 	 6.8064263074e-01 	 4.7769087098e-07
38700 	 39689 	 6.8064263073e-01 	 3.0679756558e-07
38800 	 39791 	 6.8064263071e-01 	 3.5772375842e-07
38900 	 39893 	 6.8064263070e-01 	 7.6181412902e-07
39000 	 39994 	 6.8064263067e-01 	 1.2999502574e-06
39100 	 40095 	 6.8064263064e-01 	 5.1061828778e-07
39200 	 40199 	 6.8064263062e-01 	 5.8343723154e-07
39300 	 40305 	 6.8064263060e-01 	 4.6762768997e-07
39400 	 40406 	 6.8064263057e-01 	 5.9299572066e-07
39500 	 40510 	 6.8064263055e-01 	 4.1461849804e-07
39600 	 40613 	 6.8064263054e-01 	 4.3841600258e-07
39700 	 40714 	 6.8064263052e-01 	 4.5237706529e-07
39800 	 40814 	 6.8064263049e-01 	 5.5783872595e-07
39900 	 40916 	 6.8064263047e-01 	 8.1665282519e-07
40000 	 41017 	 6.8064263043e-01 	 1.2071627188e-06
40100 	 41120 	 6.8064263037e-01 	 5.2055829079e-07
40200 	 41221 	 6.8064263034e-01 	 6.3249490847e-07
40300 	 41322 	 6.8064263030e-01 	 4.8183172867e-07
40400 	 41422 	 6.8064263027e-01 	 8.2019133008e-07
40500 	 41526 	 6.8064263024e-01 	 5.3859942147e-07
40600 	 41627 	 6.8064263022e-01 	 4.5232515957e-07
40700 	 41729 	 6.8064263019e-01 	 7.4558671867e-07
40800 	 41829 	 6.8064263018e-01 	 7.3845447035e-07
40900 	 41931 	 6.8064263016e-01 	 3.8349540702e-07
41000 	 42034 	 6.8064263015e-01 	 4.4381778048e-07
41100 	 42137 	 6.8064263014e-01 	 4.8717325057e-07
41200 	 42238 	 6.8064263014e-01 	 3.1590793212e-07
41300 	 42341 	 6.8064263013e-01 	 1.8868138749e-07
41400 	 42443 	 6.8064263013e-01 	 2.1217678920e-07
41500 	 42545 	 6.8064263013e-01 	 2.9537069695e-07
41600 	 42647 	 6.8064263012e-01 	 1.8605340423e-07
41700 	 42750 	 6.8064263012e-01 	 1.8047355892e-07
41800 	 42850 	 6.8064263012e-01 	 2.0919791429e-07
41900 	 42953 	 6.8064263012e-01 	 3.6020864679e-07
42000 	 43055 	 6.8064263011e-01 	 3.4500549603e-07
42100 	 43158 	 6.8064263011e-01 	 1.8675267285e-07
42200 	 43259 	 6.8064263011e-01 	 1.3478875149e-07
42300 	 43365 	 6.8064263011e-01 	 1.3432894425e-07
42400 	 43472 	 6.8064263011e-01 	 1.1049272650e-07
42500 	 43576 	 6.8064263011e-01 	 2.1429182058e-07
42600 	 43678 	 6.8064263011e-01 	 2.4329165611e-07
42700 	 43785 	 6.8064263011e-01 	 1.0077050325e-07
42800 	 43888 	 6.8064263011e-01 	 7.1144485135e-08
42900 	 43989 	 6.8064263011e-01 	 1.0586432160e-07
43000 	 44091 	 6.8064263011e-01 	 6.5427767845e-08
43100 	 44196 	 6.8064263010e-01 	 1.2460681078e-07
43200 	 44300 	 6.8064263010e-01 	 1.0922064625e-07
43300 	 44403 	 6.8064263010e-01 	 2.6372611777e-07
43400 	 44504 	 6.8064263010e-01 	 1.3051517685e-07
43500 	 44607 	 6.8064263010e-01 	 1.2301915313e-07
43600 	 44710 	 6.8064263010e-01 	 1.6326652245e-07
43700 	 44815 	 6.8064263009e-01 	 2.1154805721e-07
43800 	 44919 	 6.8064263009e-01 	 2.3654724617e-07
43900 	 45020 	 6.8064263009e-01 	 2.7540753678e-07
44000 	 45124 	 6.8064263009e-01 	 1.7799829494e-07
44100 	 45224 	 6.8064263008e-01 	 1.6988163247e-07
44200 	 45326 	 6.8064263008e-01 	 1.4740981709e-07
44300 	 45429 	 6.8064263008e-01 	 1.5276132664e-07
44400 	 45535 	 6.8064263008e-01 	 1.8081337643e-07
44500 	 45639 	 6.8064263008e-01 	 1.3061989332e-07
44600 	 45741 	 6.8064263008e-01 	 8.0046118511e-08
44700 	 45845 	 6.8064263007e-01 	 1.0737736090e-07
44800 	 45948 	 6.8064263007e-01 	 2.5932218214e-07
44900 	 46053 	 6.8064263007e-01 	 2.9353710430e-07
45000 	 46157 	 6.8064263007e-01 	 9.4243262054e-08
45100 	 46262 	 6.8064263007e-01 	 9.5127553372e-08
45200 	 46371 	 6.8064263007e-01 	 8.3992329344e-08
45300 	 46477 	 6.8064263007e-01 	 1.0400511652e-07
45400 	 46586 	 6.8064263007e-01 	 1.0056029304e-07
45500 	 46692 	 6.8064263007e-01 	 1.1801485879e-07
45600 	 46794 	 6.8064263006e-01 	 9.8601810823e-08
45700 	 46899 	 6.8064263006e-01 	 8.9727225097e-08
45800 	 47002 	 6.8064263006e-01 	 1.2599337282e-07
45900 	 47112 	 6.8064263006e-01 	 7.0780953828e-08
46000 	 47219 	 6.8064263006e-01 	 8.0590549993e-08
46100 	 47327 	 6.8064263006e-01 	 6.7267153977e-08
46200 	 47443 	 6.8064263006e-01 	 4.7734959229e-08
46300 	 47563 	 6.8064263006e-01 	 6.6980075193e-08
# ---- 
 1 		 46358 	 47641 		 1.2269066917e+00 	 6.8064263006e-01 	 9.2250939243e-08
# ---- 
100 	 104 	 2.8003874804e+00 	 3.0763157243e-02
200 	 206 	 2.7869257089e+00 	 3.1238514469e-02
300 	 307 	 2.7809557868e+00 	 9.1085458811e-03
400 	 411 	 2.7768358842e+00 	 8.0725378500e-03
500 	 511 	 2.7747918349e+00 	 1.1446609268e-02
600 	 612 	 2.7733992249e+00 	 4.2605808174e-03
700 	 715 	 2.7724385205e+00 	 4.6375399406e-03
800 	 817 	 2.7717453687e+00 	 4.0312250375e-03
900 	 920 	 2.7712718573e+00 	 2.8479523532e-03
1000 	 1024 	 2.7709960544e+00 	 1.3365075155e-03
1100 	 1125 	 2.7708063975e+00 	 3.3621012889e-03
1200 	 1228 	 2.7706608173e+00 	 2.1841770787e-03
1300 	 1329 	 2.7705579697e+00 	 1.0275264191e-03
1400 	 1430 	 2.7704774204e+00 	 1.1472201113e-03
1500 	 1533 	 2.7704139472e+00 	 9.3613488995e-04
1600 	 1634 	 2.7703629620e+00 	 5.8436029006e-04
1700 	 1736 	 2.7703210489e+00 	 5.2318863248e-04
1800 	 1839 	 2.7702935308e+00 	 7.6888396748e-04
1900 	 1943 	 2.7702709728e+00 	 7.8600275178e-04
2000 	 2043 	 2.7702544106e+00 	 4.8151636655e-04
2100 	 2143 	 2.7702403500e+00 	 7.5036037149e-04
2200 	 2244 	 2.7702288405e+00 	 3.6812335901e-04
2300 	 2347 	 2.7702213025e+00 	 2.2750724287e-04
2400 	 2449 	 2.7702163595e+00 	 2.5427846676e-04
2500 	 2550 	 2.7702122067e+00 	 3.8598341808e-04
2600 	 2653 	 2.7702090072e+00 	 1.9223699061e-04
2700 	 2754 	 2.7702062729e+00 	 2.3724084546e-04
2800 	 2855 	 2.7702040012e+00 	 1.6161678334e-04
2900 	 2956 	 2.7702020173e+00 	 1.3576936716e-04
3000 	 3058 	 2.7701998863e+00 	 1.8185619074e-04
3100 	 3160 	 2.7701979077e+00 	 1.5248221618e-04
3200 	 3264 	 2.7701961306e+00 	 1.1630922483e-04
3300 	 3366 	 2.7701946895e+00 	 1.5233753758e-04
3400 	 3469 	 2.7701936542e+00 	 1.4959559183e-04
3500 	 3571 	 2.7701925543e+00 	 9.3715884381e-05
3600 	 3671 	 2.7701917427e+00 	 7.3195345373e-05
3700 	 3775 	 2.7701909903e+00 	 1.0708243630e-04
3800 	 3878 	 2.7701902070e+00 	 9.2939946440e-05
3900 	 3981 	 2.7701894353e+00 	 1.7730629042e-04
4000 	 4084 	 2.7701887513e+00 	 1.2923897540e-04
4100 	 4185 	 2.7701879436e+00 	 1.0874894104e-04
4200 	 4287 	 2.7701871568e+00 	 9.1818367874e-05
4300 	 4389 	 2.7701864075e+00 	 8.9200472077e-05
4400 	 4490 	 2.7701857985e+00 	 9.0871994752e-05
4500 	 4593 	 2.7701853327e+00 	 8.4099410896e-05
4600 	 4696 	 2.7701848879e+00 	 6.8238739576e-05
4700 	 4798 	 2.7701845756e+00 	 1.1165827342e-04
4800 	 4898 	 2.7701842467e+00 	 6.1967113012e-05
4900 	 5002 	 2.7701839326e+00 	 8.3066493106e-05
5000 	 5105 	 2.7701836773e+00 	 6.1068030756e-05
5100 	 5206 	 2.7701834403e+00 	 5.8700504139e-05
5200 	 5308 	 2.7701832076e+00 	 6.7078242180e-05
5300 	 5410 	 2.7701829834e+00 	 4.5906547907e-05
5400 	 5514 	 2.7701827877e+00 	 4.9388507999e-05
5500 	 5614 	 2.7701826340e+00 	 3.3760407065e-05
5600 	 5715 	 2.7701824924e+00 	 6.1895362655e-05
5700 	 5817 	 2.7701823354e+00 	 3.8478608141e-05
5800 	 5918 	 2.7701822029e+00 	 7.9238920108e-05
5900 	 6022 	 2.7701820855e+00 	 3.3229404907e-05
6000 	 6123 	 2.7701820006e+00 	 3.0332604870e-05
6100 	 6224 	 2.7701819057e+00 	 3.2465830217e-05
6200 	 6326 	 2.7701817986e+00 	 7.1117005848e-05
6300 	 6430 	 2.7701816845e+00 	 5.3752765098e-05
6400 	 6535 	 2.7701815600e+00 	 5.9716414184e-05
6500 	 6638 	 2.7701814435e+00 	 3.5176147158e-05
6600 	 6741 	 2.7701813523e+00 	 6.9863043389e-05
6700 	 6844 	 2.7701812759e+00 	 3.0582603481e-05
6800 	 6947 	 2.7701811984e+00 	 3.1206236843e-05
6900 	 7052 	 2.7701811218e+00 	 2.3549468001e-05
7000 	 7154 	 2.7701810496e+00 	 7.2554193141e-05
7100 	 7257 	 2.7701809675e+00 	 5.6498063819e-05
7200 	 7360 	 2.7701808955e+00 	 6.0875053732e-05
7300 	 7462 	 2.7701808318e+00 	 3.7615331791e-05
7400 	 7565 	 2.7701807767e+00 	 2.7824194398e-05
7500 	 7668 	 2.7701807234e+00 	 2.3374251373e-05
7600 	 7769 	 2.7701806699e+00 	 3.0783605426e-05
7700 	 7873 	 2.7701806103e+00 	 6.4731553926e-05
7800 	 7975 	 2.7701805455e+00 	 3.1004587375e-05
7900 	 8078 	 2.7701804816e+00 	 2.8822988660e-05
8000 	 8182 	 2.7701804234e+00 	 4.0765287910e-05
8100 	 8285 	 2.7701803698e+00 	 2.1037381342e-05
8200 	 8388 	 2.7701803230e+00 	 2.2882364893e-05
8300 	 8490 	 2.7701802864e+00 	 1.5363077674e-05
8400 	 8592 	 2.7701802544e+00 	 2.7245618074e-05
8500 	 8696 	 2.7701802231e+00 	 1.6987159674e-05
8600 	 8799 	 2.7701801959e+00 	 1.7322700412e-05
8700 	 8901 	 2.7701801728e+00 	 2.5572237186e-05
8800 	 9003 	 2.7701801524e+00 	 1.4772873732e-05
8900 	 9107 	 2.7701801344e+00 	 1.9479218797e-05
9000 	 9208 	 2.7701801137e+00 	 1.5212333324e-05
9100 	 9313 	 2.7701800931e+00 	 2.3816776218e-05
9200 	 9414 	 2.7701800759e+00 	 2.0335844062e-05
9300 	 9518 	 2.7701800599e+00 	 1.2831591560e-05
9400 	 9621 	 2.7701800456e+00 	 1.8625514590e-05
9500 	 9724 	 2.7701800318e+00 	 1.2316497110e-05
9600 	 9827 	 2.7701800200e+00 	 8.0748134047e-06
9700 	 9930 	 2.7701800070e+00 	 1.1464228612e-05
9800 	 10032 	 2.7701799960e+00 	 1.0341132005e-05
9900 	 10134 	 2.7701799835e+00 	 1.1529742363e-05
10000 	 10237 	 2.7701799688e+00 	 9.6785766093e-06
10100 	 10339 	 2.7701799518e+00 	 1.8609938641e-05
10200 	 10441 	 2.7701799313e+00 	 1.1744490473e-05
10300 	 10544 	 2.7701799118e+00 	 2.0418828107e-05
10400 	 10646 	 2.7701798912e+00 	 1.3504160799e-05
10500 	 10749 	 2.7701798721e+00 	 1.1604054471e-05
10600 	 10852 	 2.7701798585e+00 	 1.3118020725e-05
10700 	 10953 	 2.7701798470e+00 	 1.1001183299e-05
10800 	 11056 	 2.7701798350e+00 	 1.3504454787e-05
10900 	 11159 	 2.7701798249e+00 	 1.1291078372e-05
11000 	 11262 	 2.7701798161e+00 	 1.7662719904e-05
11100 	 11364 	 2.7701798081e+00 	 1.3595283898e-05
11200 	 11466 	 2.7701798012e+00 	 8.0958007114e-06
11300 	 11570 	 2.7701797959e+00 	 6.9268618156e-06
11400 	 11675 	 2.7701797912e+00 	 7.5906680868e-06
11500 	 11779 	 2.7701797855e+00 	 1.6842941402e-05
11600 	 11882 	 2.7701797784e+00 	 1.2112399833e-05
11700 	 11984 	 2.7701797702e+00 	 2.7862776465e-05
11800 	 12085 	 2.7701797633e+00 	 8.9393239026e-06
11900 	 12187 	 2.7701797561e+00 	 8.3121236143e-06
12000 	 12289 	 2.7701797500e+00 	 7.7908831046e-06
12100 	 12391 	 2.7701797447e+00 	 6.2442677272e-06
12200 	 12492 	 2.7701797395e+00 	 1.2520564167e-05
12300 	 12595 	 2.7701797333e+00 	 6.2941757179e-06
12400 	 12697 	 2.7701797284e+00 	 1.2398764946e-05
12500 	 12801 	 2.7701797239e+00 	 5.7740105062e-06
12600 	 12904 	 2.7701797198e+00 	 1.0578744891e-05
12700 	 13006 	 2.7701797168e+00 	 4.8940858436e-06
12800 	 13109 	 2.7701797143e+00 	 8.1166045278e-06
12900 	 13211 	 2.7701797120e+00 	 5.6452679902e-06
13000 	 13312 	 2.7701797098e+00 	 6.0193948802e-06
13100 	 13415 	 2.7701797080e+00 	 4.2245837946e-06
13200 	 13519 	 2.7701797062e+00 	 4.2957709409e-06
13300 	 13622 	 2.7701797046e+00 	 4.7867166949e-06
13400 	 13722 	 2.7701797025e+00 	 4.4609443984e-06
13500 	 13824 	 2.7701797007e+00 	 1.1144869162e-05
13600 	 13927 	 2.7701796992e+00 	 4.8710834567e-06
13700 	 14029 	 2.7701796979e+00 	 6.0182962039e-06
13800 	 14131 	 2.7701796963e+00 	 4.3167516509e-06
13900 	 14234 	 2.7701796945e+00 	 3.5999107694e-06
14000 	 14337 	 2.7701796928e+00 	 7.0552642816e-06
14100 	 14438 	 2.7701796907e+00 	 5.0068690402e-06
14200 	 14540 	 2.7701796881e+00 	 4.0413533988e-06
14300 	 14641 	 2.7701796853e+00 	 4.4158567034e-06
14400 	 14743 	 2.7701796820e+00 	 7.3026133641e-06
14500 	 14844 	 2.7701796778e+00 	 7.3574822267e-06
14600 	 14947 	 2.7701796740e+00 	 4.6543195640e-06
14700 	 15049 	 2.7701796714e+00 	 9.4343226308e-06
14800 	 15151 	 2.7701796693e+00 	 5.5153209317e-06
14900 	 15255 	 2.7701796676e+00 	 3.4406219066e-06
15000 	 15357 	 2.7701796665e+00 	 3.5661369389e-06
15100 	 15459 	 2.7701796655e+00 	 5.2688642204e-06
15200 	 15561 	 2.7701796644e+00 	 4.6826839251e-06
15300 	 15663 	 2.7701796635e+00 	 3.7720281810e-06
15400 	 15764 	 2.7701796628e+00 	 2.9266162791e-06
15500 	 15865 	 2.7701796623e+00 	 2.3278870296e-06
15600 	 15969 	 2.7701796619e+00 	 1.9821853617e-06
15700 	 16071 	 2.7701796616e+00 	 2.2060736389e-06
15800 	 16175 	 2.7701796611e+00 	 2.3141171731e-06
15900 	 16279 	 2.7701796608e+00 	 1.5161271450e-06
16000 	 16382 	 2.7701796605e+00 	 1.2512828136e-06
16100 	 16484 	 2.7701796603e+00 	 2.4844825443e-06
16200 	 16587 	 2.7701796601e+00 	 1.0649114924e-06
16300 	 16690 	 2.7701796600e+00 	 2.2935934972e-06
16400 	 16793 	 2.7701796598e+00 	 1.2898152267e-06
16500 	 16896 	 2.7701796597e+00 	 9.2392174146e-07
16600 	 16999 	 2.7701796596e+00 	 1.7638170759e-06
16700 	 17102 	 2.7701796595e+00 	 1.2219106643e-06
16800 	 17206 	 2.7701796594e+00 	 1.0660411982e-06
16900 	 17309 	 2.7701796594e+00 	 7.4483161162e-07
17000 	 17411 	 2.7701796593e+00 	 1.2943464894e-06
17100 	 17513 	 2.7701796591e+00 	 1.9424252088e-06
17200 	 17615 	 2.7701796590e+00 	 1.3880773336e-06
17300 	 17720 	 2.7701796588e+00 	 1.0145093289e-06
17400 	 17823 	 2.7701796587e+00 	 1.1547795165e-06
17500 	 17925 	 2.7701796585e+00 	 1.3072901337e-06
17600 	 18027 	 2.7701796584e+00 	 8.3303974224e-07
17700 	 18130 	 2.7701796583e+00 	 2.1772217768e-06
17800 	 18231 	 2.7701796582e+00 	 1.1189323600e-06
17900 	 18333 	 2.7701796580e+00 	 1.0341930536e-06
18000 	 18436 	 2.7701796579e+00 	 1.3070154444e-06
18100 	 18540 	 2.7701796577e+00 	 1.6035125846e-06
18200 	 18642 	 2.7701796576e+00 	 1.6056139222e-06
18300 	 18746 	 2.7701796574e+00 	 2.4014452778e-06
18400 	 18851 	 2.7701796572e+00 	 1.3018213529e-06
18500 	 18953 	 2.7701796571e+00 	 7.6901114677e-07
18600 	 19058 	 2.7701796571e+00 	 1.0800717981e-06
18700 	 19160 	 2.7701796570e+00 	 1.7038275176e-06
18800 	 19262 	 2.7701796569e+00 	 7.9044709467e-07
18900 	 19362 	 2.7701796568e+00 	 9.4032058045e-07
19000 	 19466 	 2.7701796567e+00 	 8.4042919271e-07
19100 	 19567 	 2.7701796567e+00 	 9.5207153461e-07
19200 	 19667 	 2.7701796566e+00 	 8.8997324100e-07
19300 	 19769 	 2.7701796565e+00 	 1.1998209449e-06
19400 	 19873 	 2.7701796564e+00 	 1.1495626498e-06
19500 	 19977 	 2.7701796563e+00 	 1.5926549375e-06
19600 	 20078 	 2.7701796562e+00 	 9.5725349911e-07
19700 	 20181 	 2.7701796562e+00 	 9.0300434810e-07
19800 	 20284 	 2.7701796561e+00 	 7.2084890598e-07
19900 	 20389 	 2.7701796561e+00 	 6.8371295654e-07
20000 	 20494 	 2.7701796560e+00 	 6.5831318414e-07
20100 	 20598 	 2.7701796560e+00 	 6.0161753359e-07
20200 	 20702 	 2.7701796560e+00 	 5.8478845660e-07
20300 	 20804 	 2.7701796559e+00 	 1.3702709776e-06
20400 	 20908 	 2.7701796559e+00 	 4.4160174382e-07
20500 	 21010 	 2.7701796559e+00 	 4.7299510373e-07
20600 	 21115 	 2.7701796559e+00 	 5.3470433535e-07
20700 	 21218 	 2.7701796558e+00 	 8.0725673697e-07
20800 	 21320 	 2.7701796558e+00 	 2.8918755575e-07
20900 	 21425 	 2.7701796558e+00 	 8.8549328024e-07
21000 	 21527 	 2.7701796558e+00 	 7.8561285744e-07
21100 	 21630 	 2.7701796558e+00 	 4.0808540493e-07
21200 	 21731 	 2.7701796558e+00 	 3.4512559734e-07
21300 	 21833 	 2.7701796558e+00 	 3.9239150532e-07
21400 	 21934 	 2.7701796558e+00 	 2.3146332607e-07
21500 	 22037 	 2.7701796557e+00 	 3.5543071248e-07
21600 	 22140 	 2.7701796557e+00 	 2.6149507438e-07
21700 	 22245 	 2.7701796557e+00 	 2.9759240596e-07
21800 	 22347 	 2.7701796557e+00 	 2.9691193053e-07
21900 	 22450 	 2.7701796557e+00 	 2.0263365945e-07
22000 	 22553 	 2.7701796557e+00 	 2.8695956640e-07
22100 	 22657 	 2.7701796557e+00 	 2.1758138641e-07
22200 	 22760 	 2.7701796557e+00 	 1.2164180414e-07
22300 	 22863 	 2.7701796557e+00 	 1.7828162529e-07
22400 	 22963 	 2.7701796557e+00 	 1.7012303014e-07
22500 	 23066 	 2.7701796557e+00 	 2.7049406910e-07
22600 	 23169 	 2.7701796557e+00 	 2.0556842443e-07
22700 	 23274 	 2.7701796557e+00 	 1.1905072500e-07
22800 	 23380 	 2.7701796557e+00 	 2.9490603844e-07
22900 	 23483 	 2.7701796557e+00 	 3.5554730212e-07
23000 	 23586 	 2.7701796557e+00 	 2.5294189320e-07
23100 	 23688 	 2.7701796557e+00 	 3.1257304653e-07
23200 	 23793 	 2.7701796557e+00 	 4.2425371346e-07
23300 	 23896 	 2.7701796557e+00 	 6.4819700985e-07
23400 	 23999 	 2.7701796557e+00 	 2.9596841428e-07
23500 	 24101 	 2.7701796557e+00 	 3.1299403976e-07
23600 	 24205 	 2.7701796556e+00 	 2.3466846813e-07
23700 	 24309 	 2.7701796556e+00 	 1.8142271864e-07
23800 	 24409 	 2.7701796556e+00 	 1.7768845315e-07
23900 	 24512 	 2.7701796556e+00 	 1.9909909220e-07
24000 	 24616 	 2.7701796556e+00 	 2.2518850744e-07
24100 	 24719 	 2.7701796556e+00 	 2.2273821419e-07
24200 	 24823 	 2.7701796556e+00 	 1.3641880939e-07
24300 	 24928 	 2.7701796556e+00 	 1.6575592740e-07
24400 	 25031 	 2.7701796556e+00 	 1.3772625143e-07
24500 	 25135 	 2.7701796556e+00 	 1.6643868019e-07
24600 	 25244 	 2.7701796556e+00 	 2.9138902550e-07
24700 	 25351 	 2.7701796556e+00 	 1.6737994952e-07
24800 	 25459 	 2.7701796556e+00 	 1.3051734534e-07
24900 	 25576 	 2.7701796556e+00 	 4.2877476392e-07
25000 	 25682 	 2.7701796556e+00 	 1.2240156112e-07
25100 	 25798 	 2.7701796556e+00 	 9.5021219156e-08
25200 	 25915 	 2.7701796556e+00 	 9.0973603047e-08
25300 	 26029 	 2.7701796556e+00 	 1.1896144664e-07
# ---- 
 1 		 25354 	 26109 		 3.2866435927e+00 	 2.7701796556e+00 	 1.0574345819e-07
# ---- 
100 	 103 	 6.3195113581e+00 	 1.7489022646e-02
200 	 204 	 6.3095220636e+00 	 1.1469998261e-02
300 	 307 	 6.3043487220e+00 	 8.4526404818e-03
400 	 411 	 6.3008630937e+00 	 1.3722784581e-02
500 	 511 	 6.2992074719e+00 	 4.8790643227e-03
600 	 614 	 6.2981155293e+00 	 3.9346062437e-03
700 	 715 	 6.2974351111e+00 	 2.3232219961e-03
800 	 817 	 6.2969113265e+00 	 2.0443167851e-03
900 	 920 	 6.2965991651e+00 	 2.8540530567e-03
1000 	 1021 	 6.2963933146e+00 	 3.9214270714e-03
1100 	 1121 	 6.2962559484e+00 	 1.2240925288e-03
1200 	 1223 	 6.2961522448e+00 	 1.8361624084e-03
1300 	 1327 	 6.2960682189e+00 	 1.0698610955e-03
1400 	 1429 	 6.2960162274e+00 	 6.7988034383e-04
1500 	 1532 	 6.2959731591e+00 	 1.0831685247e-03
1600 	 1634 	 6.2959457881e+00 	 1.6486279110e-03
1700 	 1736 	 6.2959205038e+00 	 5.3662110158e-04
1800 	 1841 	 6.2959007440e+00 	 4.3053776146e-04
1900 	 1944 	 6.2958873810e+00 	 3.8936082599e-04
2000 	 2046 	 6.2958776430e+00 	 4.0955851385e-04
2100 	 2148 	 6.2958714693e+00 	 3.8600835871e-04
2200 	 2251 	 6.2958664232e+00 	 2.2227989104e-04
2300 	 2354 	 6.2958626977e+00 	 5.1431053241e-04
2400 	 2456 	 6.2958595885e+00 	 2.0517483523e-04
2500 	 2558 	 6.2958568679e+00 	 1.6481792382e-04
2600 	 2660 	 6.2958546099e+00 	 2.2134522274e-04
2700 	 2763 	 6.2958523482e+00 	 1.6641926906e-04
2800 	 2864 	 6.2958501000e+00 	 2.6460641773e-04
2900 	 2966 	 6.2958476957e+00 	 1.7175742250e-04
3000 	 3067 	 6.2958459864e+00 	 1.5124847817e-04
3100 	 3171 	 6.2958447402e+00 	 1.0116812992e-04
3200 	 3274 	 6.2958438601e+00 	 1.1765706839e-04
3300 	 3377 	 6.2958430056e+00 	 1.4573800015e-04
3400 	 3479 	 6.2958422245e+00 	 1.0161187223e-04
3500 	 3582 	 6.2958413913e+00 	 8.0546305650e-05
3600 	 3686 	 6.2958405048e+00 	 9.5989519545e-05
3700 	 3788 	 6.2958396587e+00 	 8.2771565551e-05
3800 	 3889 	 6.2958388933e+00 	 9.4771150795e-05
3900 	 3990 	 6.2958383015e+00 	 1.5143587414e-04
4000 	 4093 	 6.2958376868e+00 	 1.1790571114e-04
4100 	 4194 	 6.2958371874e+00 	 1.2069189043e-04
4200 	 4297 	 6.2958368090e+00 	 1.2851228783e-04
4300 	 4398 	 6.2958364306e+00 	 1.5877160979e-04
4400 	 4500 	 6.2958361230e+00 	 7.1412550485e-05
4500 	 4603 	 6.2958358980e+00 	 4.7364301575e-05
4600 	 4706 	 6.2958356587e+00 	 6.5452760716e-05
4700 	 4810 	 6.2958354294e+00 	 8.7886046336e-05
4800 	 4911 	 6.2958352326e+00 	 1.6076192064e-04
4900 	 5012 	 6.2958350346e+00 	 4.4284589276e-05
5000 	 5116 	 6.2958348594e+00 	 4.7738795175e-05
5100 	 5218 	 6.2958346620e+00 	 6.4527404774e-05
5200 	 5321 	 6.2958344939e+00 	 3.3873812517e-05
5300 	 5422 	 6.2958343650e+00 	 3.0232788672e-05
5400 	 5525 	 6.2958342575e+00 	 6.1374496946e-05
5500 	 5626 	 6.2958341500e+00 	 4.0527711461e-05
5600 	 5730 	 6.2958340419e+00 	 4.9092957509e-05
5700 	 5832 	 6.2958339203e+00 	 4.9124602218e-05
5800 	 5934 	 6.2958337729e+00 	 3.5746896097e-05
5900 	 6039 	 6.2958336473e+00 	 4.1308534984e-05
6000 	 6142 	 6.2958335535e+00 	 4.2041119215e-05
6100 	 6244 	 6.2958334790e+00 	 2.4092146609e-05
6200 	 6346 	 6.2958334242e+00 	 4.4559783099e-05
6300 	 6449 	 6.2958333758e+00 	 4.1925825776e-05
6400 	 6550 	 6.2958333324e+00 	 2.4980120886e-05
6500 	 6654 	 6.2958332863e+00 	 2.1408119919e-05
6600 	 6758 	 6.2958332427e+00 	 2.2550205103e-05
6700 	 6861 	 6.2958332108e+00 	 2.9879434143e-05
6800 	 6962 	 6.2958331725e+00 	 2.1995620857e-05
6900 	 7064 	 6.2958331370e+00 	 2.3262257476e-05
7000 	 7170 	 6.2958330977e+00 	 2.1069105485e-05
7100 	 7272 	 6.2958330635e+00 	 3.8465001861e-05
7200 	 7373 	 6.2958330245e+00 	 1.6802403529e-05
7300 	 7476 	 6.2958329744e+00 	 3.4394239024e-05
7400 	 7578 	 6.2958329132e+00 	 1.8698585930e-05
7500 	 7681 	 6.2958328671e+00 	 2.0703076012e-05
7600 	 7784 	 6.2958328263e+00 	 5.5412074508e-05
7700 	 7888 	 6.2958327874e+00 	 1.9189525493e-05
7800 	 7991 	 6.2958327499e+00 	 1.4112423393e-05
7900 	 8094 	 6.2958327209e+00 	 2.3651752343e-05
8000 	 8197 	 6.2958326939e+00 	 1.9447479787e-05
8100 	 8300 	 6.2958326699e+00 	 2.0291499828e-05
8200 	 8404 	 6.2958326492e+00 	 2.8850128860e-05
8300 	 8505 	 6.2958326272e+00 	 2.5557591138e-05
8400 	 8607 	 6.2958326024e+00 	 1.8497253404e-05
8500 	 8709 	 6.2958325815e+00 	 1.0991152496e-05
8600 	 8816 	 6.2958325602e+00 	 2.4848215244e-05
8700 	 8918 	 6.2958325346e+00 	 1.5005822600e-05
8800 	 9021 	 6.2958325084e+00 	 1.2171761336e-05
8900 	 9121 	 6.2958324890e+00 	 1.6019582001e-05
9000 	 9225 	 6.2958324676e+00 	 1.4925698849e-05
9100 	 9328 	 6.2958324460e+00 	 1.5488041267e-05
9200 	 9429 	 6.2958324246e+00 	 3.9209664294e-05
9300 	 9531 	 6.2958324085e+00 	 1.3562172809e-05
9400 	 9632 	 6.2958323971e+00 	 1.4418231730e-05
9500 	 9736 	 6.2958323886e+00 	 1.0849385893e-05
9600 	 9839 	 6.2958323804e+00 	 6.9815490313e-06
9700 	 9941 	 6.2958323728e+00 	 1.3426035123e-05
9800 	 10043 	 6.2958323659e+00 	 9.5166608862e-06
9900 	 10144 	 6.2958323588e+00 	 1.2632970815e-05
10000 	 10245 	 6.2958323512e+00 	 1.2057962984e-05
10100 	 10347 	 6.2958323445e+00 	 9.0519359140e-06
10200 	 10447 	 6.2958323386e+00 	 7.5743050527e-06
10300 	 10549 	 6.2958323335e+00 	 7.2085820164e-06
10400 	 10652 	 6.2958323291e+00 	 8.1598035948e-06
10500 	 10753 	 6.2958323249e+00 	 1.9026443934e-05
10600 	 10857 	 6.2958323209e+00 	 4.6511144469e-06
10700 	 10960 	 6.2958323175e+00 	 4.4271420047e-06
10800 	 11063 	 6.2958323149e+00 	 5.1642555157e-06
10900 	 11166 	 6.2958323132e+00 	 4.2636133752e-06
11000 	 11269 	 6.2958323118e+00 	 4.5667482818e-06
11100 	 11369 	 6.2958323103e+00 	 4.1819095186e-06
11200 	 11470 	 6.2958323088e+00 	 3.7798503095e-06
11300 	 11573 	 6.2958323076e+00 	 4.2741126439e-06
11400 	 11675 	 6.2958323064e+00 	 4.0168275394e-06
11500 	 11777 	 6.2958323050e+00 	 4.7441876101e-06
11600 	 11879 	 6.2958323037e+00 	 8.2347921820e-06
11700 	 11980 	 6.2958323025e+00 	 2.9555356947e-06
11800 	 12080 	 6.2958323013e+00 	 4.3285278166e-06
11900 	 12182 	 6.2958323002e+00 	 2.7739627031e-06
12000 	 12285 	 6.2958322992e+00 	 4.2061514725e-06
12100 	 12387 	 6.2958322984e+00 	 4.9733329310e-06
12200 	 12488 	 6.2958322975e+00 	 3.4255575555e-06
12300 	 12591 	 6.2958322967e+00 	 3.0262084855e-06
12400 	 12694 	 6.2958322958e+00 	 3.6902755864e-06
12500 	 12798 	 6.2958322949e+00 	 3.3586050502e-06
12600 	 12901 	 6.2958322940e+00 	 3.4724531870e-06
12700 	 13005 	 6.2958322931e+00 	 2.9509898250e-06
12800 	 13106 	 6.2958322924e+00 	 3.1035335533e-06
12900 	 13209 	 6.2958322919e+00 	 3.7107602257e-06
13000 	 13311 	 6.2958322913e+00 	 1.9068925784e-06
13100 	 13413 	 6.2958322908e+00 	 2.2932524527e-06
13200 	 13517 	 6.2958322903e+00 	 3.6025116773e-06
13300 	 13618 	 6.2958322899e+00 	 1.7860418659e-06
13400 	 13722 	 6.2958322896e+00 	 2.3556910776e-06
13500 	 13825 	 6.2958322892e+00 	 2.0472025943e-06
13600 	 13928 	 6.2958322889e+00 	 1.6802828935e-06
13700 	 14032 	 6.2958322886e+00 	 1.2327534372e-06
13800 	 14134 	 6.2958322884e+00 	 4.4512487461e-06
13900 	 14235 	 6.2958322881e+00 	 4.1948614477e-06
14000 	 14337 	 6.2958322879e+00 	 1.7883217928e-06
14100 	 14440 	 6.2958322877e+00 	 1.5037012292e-06
14200 	 14542 	 6.2958322875e+00 	 2.4830643836e-06
14300 	 14644 	 6.2958322873e+00 	 1.1564774990e-06
14400 	 14745 	 6.2958322872e+00 	 1.3314039609e-06
14500 	 14849 	 6.2958322871e+00 	 1.5415406279e-06
14600 	 14954 	 6.2958322869e+00 	 1.7825906952e-06
14700 	 15056 	 6.2958322867e+00 	 1.1414113796e-06
14800 	 15156 	 6.2958322866e+00 	 3.8642576579e-06
14900 	 15258 	 6.2958322864e+00 	 1.4711784148e-06
15000 	 15360 	 6.2958322863e+00 	 1.2042036033e-06
15100 	 15463 	 6.2958322862e+00 	 1.5479291040e-06
15200 	 15566 	 6.2958322861e+00 	 2.8174379987e-06
15300 	 15667 	 6.2958322859e+00 	 9.7929741575e-07
15400 	 15771 	 6.2958322858e+00 	 9.5537230838e-07
15500 	 15873 	 6.2958322857e+00 	 7.9920109740e-07
15600 	 15975 	 6.2958322857e+00 	 7.7351006646e-07
15700 	 16077 	 6.2958322856e+00 	 2.1827785452e-06
15800 	 16179 	 6.2958322856e+00 	 1.8281434446e-06
15900 	 16281 	 6.2958322855e+00 	 1.2064429229e-06
16000 	 16385 	 6.2958322854e+00 	 1.1342734857e-06
16100 	 16486 	 6.2958322854e+00 	 1.1445670281e-06
16200 	 16588 	 6.2958322853e+00 	 6.2159090414e-07
16300 	 16691 	 6.2958322853e+00 	 1.3775537092e-06
16400 	 16794 	 6.2958322853e+00 	 1.2957385003e-06
16500 	 16898 	 6.2958322852e+00 	 8.1045031044e-07
16600 	 17001 	 6.2958322852e+00 	 1.0159380465e-06
16700 	 17104 	 6.2958322852e+00 	 1.0555216306e-06
16800 	 17204 	 6.2958322851e+00 	 4.9703065156e-07
16900 	 17308 	 6.2958322851e+00 	 4.9463237090e-07
17000 	 17412 	 6.2958322851e+00 	 3.7814304150e-07
17100 	 17514 	 6.2958322851e+00 	 1.0234203334e-06
17200 	 17617 	 6.2958322851e+00 	 8.7496774300e-07
17300 	 17720 	 6.2958322850e+00 	 5.0997571667e-07
17400 	 17822 	 6.2958322850e+00 	 6.1948243083e-07
17500 	 17925 	 6.2958322850e+00 	 2.6793967683e-07
17600 	 18027 	 6.2958322850e+00 	 4.9099175018e-07
17700 	 18130 	 6.2958322850e+00 	 1.2620534342e-06
17800 	 18233 	 6.2958322849e+00 	 9.9121526581e-07
17900 	 18337 	 6.2958322849e+00 	 7.3745534351e-07
18000 	 18441 	 6.2958322849e+00 	 3.4938010002e-07
18100 	 18543 	 6.2958322849e+00 	 3.4084205612e-07
18200 	 18648 	 6.2958322849e+00 	 6.3244385628e-07
18300 	 18750 	 6.2958322849e+00 	 3.3121268209e-07
18400 	 18855 	 6.2958322849e+00 	 3.4971830696e-07
18500 	 18962 	 6.2958322849e+00 	 3.2622156959e-07
18600 	 19067 	 6.2958322849e+00 	 3.3969753262e-07
18700 	 19173 	 6.2958322849e+00 	 2.7748290643e-07
18800 	 19277 	 6.2958322848e+00 	 4.7205568043e-07
18900 	 19379 	 6.2958322848e+00 	 2.5917736082e-07
19000 	 19482 	 6.2958322848e+00 	 2.4043986878e-07
19100 	 19587 	 6.2958322848e+00 	 4.7373134873e-07
19200 	 19689 	 6.2958322848e+00 	 2.4773446190e-07
19300 	 19792 	 6.2958322848e+00 	 4.8415580743e-07
19400 	 19896 	 6.2958322848e+00 	 2.5259974367e-07
19500 	 20003 	 6.2958322848e+00 	 5.0424665800e-07
19600 	 20107 	 6.2958322848e+00 	 7.7507645377e-07
19700 	 20212 	 6.2958322848e+00 	 3.2055561905e-07
19800 	 20315 	 6.2958322848e+00 	 2.7409281448e-07
19900 	 20422 	 6.2958322848e+00 	 2.8341267852e-07
20000 	 20530 	 6.2958322848e+00 	 2.3699270971e-07
20100 	 20642 	 6.2958322848e+00 	 1.3235365232e-07
20200 	 20750 	 6.2958322848e+00 	 1.1889819757e-07
20300 	 20858 	 6.2958322848e+00 	 2.5266759555e-07
# ---- 
 1 		 20307 	 20878 		 6.8037852222e+00 	 6.2958322848e+00 	 2.1150789925e-07
# ---- 
100 	 103 	 1.1291817675e+01 	 1.2478364446e-02
200 	 205 	 1.1283834554e+01 	 1.0687548107e-02
300 	 306 	 1.1278822854e+01 	 1.0300892471e-02
400 	 408 	 1.1275768523e+01 	 6.0918344832e-03
500 	 509 	 1.1274204604e+01 	 4.3231992418e-03
600 	 610 	 1.1273188570e+01 	 4.8245758332e-03
700 	 710 	 1.1272579901e+01 	 4.3964133225e-03
800 	 810 	 1.1272156637e+01 	 2.3469900993e-03
900 	 913 	 1.1271863319e+01 	 1.7724980207e-03
1000 	 1016 	 1.1271703629e+01 	 3.1122793747e-03
1100 	 1117 	 1.1271587024e+01 	 2.1522074749e-03
1200 	 1218 	 1.1271485959e+01 	 9.5449219777e-04
1300 	 1320 	 1.1271413939e+01 	 1.1719039569e-03
1400 	 1421 	 1.1271368044e+01 	 9.0419594685e-04
1500 	 1525 	 1.1271337921e+01 	 5.8077062070e-04
1600 	 1628 	 1.1271316784e+01 	 5.4842374139e-04
1700 	 1731 	 1.1271298783e+01 	 1.2941296305e-03
1800 	 1834 	 1.1271285499e+01 	 5.3554820257e-04
1900 	 1936 	 1.1271275587e+01 	 2.1097220295e-04
2000 	 2040 	 1.1271268031e+01 	 2.9100573432e-04
2100 	 2142 	 1.1271262355e+01 	 2.7532879490e-04
2200 	 2245 	 1.1271258163e+01 	 2.5124149520e-04
2300 	 2348 	 1.1271254650e+01 	 2.0940388480e-04
2400 	 2449 	 1.1271251301e+01 	 1.9132222181e-04
2500 	 2553 	 1.1271248621e+01 	 2.3148655599e-04
2600 	 2654 	 1.1271245853e+01 	 1.6106703005e-04
2700 	 2756 	 1.1271243361e+01 	 3.5496501203e-04
2800 	 2857 	 1.1271241618e+01 	 2.2217564468e-04
2900 	 2959 	 1.1271240208e+01 	 1.3950235185e-04
3000 	 3062 	 1.1271238897e+01 	 1.2754320439e-04
3100 	 3164 	 1.1271237790e+01 	 2.0483699428e-04
3200 	 3266 	 1.1271236814e+01 	 1.7754940435e-04
3300 	 3366 	 1.1271235955e+01 	 8.1093931395e-05
3400 	 3468 	 1.1271235265e+01 	 8.4851208692e-05
3500 	 3571 	 1.1271234643e+01 	 7.4085403486e-05
3600 	 3674 	 1.1271234041e+01 	 9.5199063187e-05
3700 	 3777 	 1.1271233400e+01 	 1.2362770565e-04
3800 	 3879 	 1.1271232893e+01 	 1.2056931272e-04
3900 	 3982 	 1.1271232445e+01 	 1.8234836249e-04
4000 	 4084 	 1.1271232054e+01 	 4.7977453856e-05
4100 	 4187 	 1.1271231754e+01 	 9.8241973473e-05
4200 	 4288 	 1.1271231395e+01 	 1.6030199469e-04
4300 	 4393 	 1.1271231036e+01 	 7.2610735610e-05
4400 	 4496 	 1.1271230724e+01 	 7.2002139570e-05
4500 	 4601 	 1.1271230361e+01 	 7.1848151171e-05
4600 	 4704 	 1.1271229995e+01 	 5.9410004322e-05
4700 	 4805 	 1.1271229752e+01 	 5.4642089774e-05
4800 	 4909 	 1.1271229560e+01 	 4.0294946057e-05
4900 	 5010 	 1.1271229398e+01 	 6.2012603604e-05
5000 	 5111 	 1.1271229274e+01 	 3.8700495600e-05
5100 	 5215 	 1.1271229135e+01 	 3.5310779374e-05
5200 	 5319 	 1.1271229005e+01 	 3.7218033597e-05
5300 	 5425 	 1.1271228875e+01 	 5.6899709401e-05
5400 	 5527 	 1.1271228750e+01 	 3.7396118047e-05
5500 	 5630 	 1.1271228657e+01 	 2.9453654837e-05
5600 	 5731 	 1.1271228576e+01 	 2.4728029842e-05
5700 	 5834 	 1.1271228507e+01 	 2.4593466991e-05
5800 	 5937 	 1.1271228449e+01 	 2.0564223425e-05
5900 	 6040 	 1.1271228405e+01 	 4.6899947331e-05
6000 	 6143 	 1.1271228363e+01 	 1.6110961993e-05
6100 	 6245 	 1.1271228327e+01 	 2.2232481172e-05
6200 	 6347 	 1.1271228289e+01 	 1.9368061484e-05
6300 	 6450 	 1.1271228238e+01 	 2.5519394243e-05
6400 	 6553 	 1.1271228185e+01 	 2.5480646989e-05
6500 	 6656 	 1.1271228121e+01 	 4.6453134965e-05
6600 	 6760 	 1.1271228061e+01 	 1.9023106598e-05
6700 	 6863 	 1.1271227989e+01 	 3.9257345841e-05
6800 	 6968 	 1.1271227910e+01 	 4.4581642901e-05
6900 	 7070 	 1.1271227844e+01 	 4.7728618851e-05
7000 	 7172 	 1.1271227782e+01 	 2.2974124318e-05
7100 	 7274 	 1.1271227733e+01 	 2.5129116000e-05
7200 	 7374 	 1.1271227690e+01 	 2.0557028717e-05
7300 	 7477 	 1.1271227652e+01 	 3.7704168470e-05
7400 	 7580 	 1.1271227618e+01 	 1.9139566079e-05
7500 	 7684 	 1.1271227582e+01 	 3.7777821380e-05
7600 	 7789 	 1.1271227557e+01 	 1.4313496580e-05
7700 	 7890 	 1.1271227536e+01 	 1.0703533131e-05
7800 	 7992 	 1.1271227522e+01 	 1.2728645516e-05
7900 	 8095 	 1.1271227503e+01 	 2.3964713820e-05
8000 	 8197 	 1.1271227487e+01 	 1.7536991062e-05
8100 	 8301 	 1.1271227468e+01 	 1.8142649272e-05
8200 	 8404 	 1.1271227446e+01 	 3.6743455390e-05
8300 	 8506 	 1.1271227426e+01 	 1.2913929025e-05
8400 	 8608 	 1.1271227417e+01 	 7.8384926240e-06
8500 	 8712 	 1.1271227406e+01 	 9.5650465865e-06
8600 	 8814 	 1.1271227392e+01 	 1.0780167255e-05
8700 	 8916 	 1.1271227380e+01 	 9.5554350052e-06
8800 	 9019 	 1.1271227372e+01 	 8.5420155771e-06
8900 	 9119 	 1.1271227365e+01 	 8.2495171808e-06
9000 	 9224 	 1.1271227357e+01 	 1.2137362260e-05
9100 	 9327 	 1.1271227349e+01 	 8.9390662994e-06
9200 	 9429 	 1.1271227339e+01 	 8.9985886893e-06
9300 	 9531 	 1.1271227330e+01 	 9.3545238599e-06
9400 	 9632 	 1.1271227323e+01 	 5.8222959165e-06
9500 	 9737 	 1.1271227319e+01 	 5.6587107635e-06
9600 	 9840 	 1.1271227315e+01 	 5.4728867255e-06
9700 	 9942 	 1.1271227313e+01 	 5.5566763679e-06
9800 	 10044 	 1.1271227310e+01 	 4.6130310554e-06
9900 	 10146 	 1.1271227308e+01 	 1.0378221509e-05
10000 	 10247 	 1.1271227305e+01 	 5.5137073487e-06
10100 	 10351 	 1.1271227300e+01 	 1.1617489273e-05
10200 	 10456 	 1.1271227296e+01 	 6.7267768382e-06
10300 	 10560 	 1.1271227293e+01 	 1.3268899958e-05
10400 	 10662 	 1.1271227289e+01 	 6.0485230920e-06
10500 	 10763 	 1.1271227287e+01 	 4.7730837369e-06
10600 	 10863 	 1.1271227285e+01 	 5.6607842024e-06
10700 	 10966 	 1.1271227282e+01 	 4.2035689147e-06
10800 	 11067 	 1.1271227280e+01 	 1.1265136611e-05
10900 	 11171 	 1.1271227277e+01 	 5.0620147077e-06
11000 	 11276 	 1.1271227275e+01 	 6.5420583315e-06
11100 	 11379 	 1.1271227273e+01 	 6.2163540751e-06
11200 	 11481 	 1.1271227272e+01 	 1.1284626922e-05
11300 	 11582 	 1.1271227270e+01 	 3.2244923179e-06
11400 	 11686 	 1.1271227269e+01 	 5.1032765646e-06
11500 	 11786 	 1.1271227267e+01 	 8.3731349866e-06
11600 	 11887 	 1.1271227266e+01 	 4.6194132853e-06
11700 	 11990 	 1.1271227264e+01 	 4.1473600951e-06
11800 	 12093 	 1.1271227263e+01 	 2.7315916770e-06
11900 	 12198 	 1.1271227262e+01 	 4.1119888475e-06
12000 	 12300 	 1.1271227261e+01 	 4.8283626076e-06
12100 	 12404 	 1.1271227260e+01 	 4.2085142208e-06
12200 	 12506 	 1.1271227259e+01 	 2.7115164159e-06
12300 	 12610 	 1.1271227258e+01 	 2.3660505995e-06
12400 	 12712 	 1.1271227257e+01 	 3.3481925671e-06
12500 	 12812 	 1.1271227257e+01 	 2.1205335588e-06
12600 	 12913 	 1.1271227256e+01 	 2.0546256253e-06
12700 	 13016 	 1.1271227255e+01 	 2.2879016938e-06
12800 	 13117 	 1.1271227255e+01 	 2.0039681715e-06
12900 	 13219 	 1.1271227254e+01 	 1.9533798991e-06
13000 	 13323 	 1.1271227254e+01 	 2.1758336629e-06
13100 	 13426 	 1.1271227253e+01 	 1.6443537237e-06
13200 	 13531 	 1.1271227253e+01 	 4.2592339787e-06
13300 	 13633 	 1.1271227253e+01 	 3.3780016283e-06
13400 	 13734 	 1.1271227252e+01 	 2.5777332591e-06
13500 	 13836 	 1.1271227252e+01 	 3.2941734466e-06
13600 	 13939 	 1.1271227252e+01 	 1.2938883041e-06
13700 	 14040 	 1.1271227252e+01 	 2.2732528943e-06
13800 	 14143 	 1.1271227251e+01 	 1.8303193491e-06
13900 	 14245 	 1.1271227251e+01 	 2.8575724598e-06
14000 	 14346 	 1.1271227251e+01 	 1.4950777025e-06
14100 	 14450 	 1.1271227251e+01 	 1.2927134906e-06
14200 	 14553 	 1.1271227251e+01 	 1.2204197300e-06
14300 	 14656 	 1.1271227251e+01 	 1.2817808172e-06
14400 	 14758 	 1.1271227251e+01 	 7.8936159626e-07
14500 	 14862 	 1.1271227250e+01 	 1.2938814745e-06
14600 	 14963 	 1.1271227250e+01 	 9.2278296923e-07
14700 	 15066 	 1.1271227250e+01 	 7.9863120218e-07
14800 	 15168 	 1.1271227250e+01 	 1.0360750451e-06
14900 	 15269 	 1.1271227250e+01 	 6.6846391744e-07
15000 	 15372 	 1.1271227250e+01 	 1.3618435658e-06
15100 	 15473 	 1.1271227250e+01 	 8.6917141741e-07
15200 	 15576 	 1.1271227250e+01 	 1.0802604476e-06
15300 	 15679 	 1.1271227250e+01 	 1.7815846998e-06
15400 	 15781 	 1.1271227250e+01 	 2.5978570490e-06
15500 	 15882 	 1.1271227250e+01 	 9.4151382146e-07
15600 	 15985 	 1.1271227250e+01 	 1.1778548745e-06
15700 	 16089 	 1.1271227250e+01 	 1.0485586593e-06
15800 	 16191 	 1.1271227250e+01 	 1.6414876141e-06
15900 	 16294 	 1.1271227250e+01 	 8.1806474171e-07
16000 	 16395 	 1.1271227249e+01 	 8.2981322400e-07
16100 	 16495 	 1.1271227249e+01 	 1.9443653413e-06
16200 	 16600 	 1.1271227249e+01 	 6.4087883893e-07
16300 	 16700 	 1.1271227249e+01 	 4.6056985541e-07
16400 	 16803 	 1.1271227249e+01 	 5.6525631897e-07
16500 	 16906 	 1.1271227249e+01 	 4.7610186345e-07
16600 	 17006 	 1.1271227249e+01 	 4.2241125836e-07
16700 	 17110 	 1.1271227249e+01 	 5.7096750005e-07
16800 	 17212 	 1.1271227249e+01 	 3.2334108770e-07
16900 	 17320 	 1.1271227249e+01 	 7.6314932576e-07
17000 	 17431 	 1.1271227249e+01 	 2.2020875616e-07
17100 	 17539 	 1.1271227249e+01 	 2.9687572066e-07
17200 	 17649 	 1.1271227249e+01 	 2.4633688862e-07
17300 	 17756 	 1.1271227249e+01 	 4.2720274485e-07
17400 	 17868 	 1.1271227249e+01 	 1.6984674113e-07
17500 	 17973 	 1.1271227249e+01 	 2.3234344236e-07
17600 	 18080 	 1.1271227249e+01 	 3.6816400787e-07
17700 	 18184 	 1.1271227249e+01 	 6.1295647962e-07
17800 	 18291 	 1.1271227249e+01 	 3.8791355421e-07
17900 	 18400 	 1.1271227249e+01 	 2.9126967948e-07
18000 	 18509 	 1.1271227249e+01 	 2.8993986534e-07
18100 	 18617 	 1.1271227249e+01 	 2.3135994971e-07
18200 	 18730 	 1.1271227249e+01 	 4.7867516197e-07
18300 	 18841 	 1.1271227249e+01 	 1.5394495007e-07
18400 	 18952 	 1.1271227249e+01 	 2.0445651845e-07
18500 	 19065 	 1.1271227249e+01 	 1.9070541848e-07
# ---- 
 1 		 18572 	 19163 		 1.1774612483e+01 	 1.1271227249e+01 	 1.2473755053e-07
# ---- 
100 	 101 	 1.7724049131e+01 	 1.3360097691e-02
200 	 204 	 1.7717163181e+01 	 1.1291058978e-02
300 	 305 	 1.7712435267e+01 	 6.7865007474e-03
400 	 406 	 1.7709765335e+01 	 1.6239726244e-02
500 	 508 	 1.7708278212e+01 	 4.5203080858e-03
600 	 610 	 1.7707341302e+01 	 3.4668685834e-03
700 	 711 	 1.7706613972e+01 	 2.4626444092e-03
800 	 813 	 1.7706157778e+01 	 2.2145282273e-03
900 	 917 	 1.7705887837e+01 	 1.8226673303e-03
1000 	 1020 	 1.7705760045e+01 	 1.4008073967e-03
1100 	 1122 	 1.7705645564e+01 	 1.2727067703e-03
1200 	 1225 	 1.7705553396e+01 	 1.2660908928e-03
1300 	 1330 	 1.7705489025e+01 	 8.7410078462e-04
1400 	 1432 	 1.7705445039e+01 	 1.2375929810e-03
1500 	 1534 	 1.7705416919e+01 	 7.6980475079e-04
1600 	 1638 	 1.7705396003e+01 	 5.2551002049e-04
1700 	 1741 	 1.7705381331e+01 	 6.7331502119e-04
1800 	 1844 	 1.7705371502e+01 	 1.3460085398e-03
1900 	 1945 	 1.7705362716e+01 	 2.6703916834e-04
2000 	 2048 	 1.7705356082e+01 	 3.9958849191e-04
2100 	 2151 	 1.7705350705e+01 	 2.0714762787e-04
2200 	 2253 	 1.7705346538e+01 	 2.9396882203e-04
2300 	 2353 	 1.7705343093e+01 	 2.3004754224e-04
2400 	 2454 	 1.7705339838e+01 	 1.7645847983e-04
2500 	 2557 	 1.7705337032e+01 	 1.5988549944e-04
2600 	 2662 	 1.7705334513e+01 	 1.1367638952e-04
2700 	 2765 	 1.7705332207e+01 	 3.8036017239e-04
2800 	 2869 	 1.7705330327e+01 	 1.4455671303e-04
2900 	 2970 	 1.7705328569e+01 	 1.1914946449e-04
3000 	 3073 	 1.7705327608e+01 	 9.9360343059e-05
3100 	 3176 	 1.7705326633e+01 	 3.2908938218e-04
3200 	 3278 	 1.7705325657e+01 	 9.1422633699e-05
3300 	 3379 	 1.7705324779e+01 	 8.9149175436e-05
3400 	 3480 	 1.7705323955e+01 	 9.7654166941e-05
3500 	 3581 	 1.7705323159e+01 	 1.1617145248e-04
3600 	 3682 	 1.7705322550e+01 	 2.0358903501e-04
3700 	 3787 	 1.7705322116e+01 	 7.6764872810e-05
3800 	 3890 	 1.7705321772e+01 	 5.1433199645e-05
3900 	 3993 	 1.7705321362e+01 	 7.1599444707e-05
4000 	 4096 	 1.7705320976e+01 	 5.2317292256e-05
4100 	 4200 	 1.7705320656e+01 	 7.3279833916e-05
4200 	 4302 	 1.7705320341e+01 	 8.5739136996e-05
4300 	 4406 	 1.7705319957e+01 	 5.0658929337e-05
4400 	 4509 	 1.7705319574e+01 	 6.2205018962e-05
4500 	 4613 	 1.7705319329e+01 	 4.4480206433e-05
4600 	 4714 	 1.7705319135e+01 	 4.4552037994e-05
4700 	 4816 	 1.7705318968e+01 	 4.9436656893e-05
4800 	 4917 	 1.7705318826e+01 	 3.8432731064e-05
4900 	 5021 	 1.7705318708e+01 	 3.7507395375e-05
5000 	 5126 	 1.7705318597e+01 	 3.2321955142e-05
5100 	 5230 	 1.7705318467e+01 	 4.6196047700e-05
5200 	 5330 	 1.7705318361e+01 	 4.6242392502e-05
5300 	 5434 	 1.7705318276e+01 	 6.7257785685e-05
5400 	 5536 	 1.7705318211e+01 	 1.9264717351e-05
5500 	 5639 	 1.7705318164e+01 	 2.1552242364e-05
5600 	 5742 	 1.7705318112e+01 	 4.9374366586e-05
5700 	 5844 	 1.7705318057e+01 	 2.1276632288e-05
5800 	 5947 	 1.7705318004e+01 	 4.1133142192e-05
5900 	 6049 	 1.7705317957e+01 	 1.9308899654e-05
6000 	 6153 	 1.7705317917e+01 	 4.2384306493e-05
6100 	 6255 	 1.7705317878e+01 	 3.7037488486e-05
6200 	 6356 	 1.7705317834e+01 	 2.3421688987e-05
6300 	 6457 	 1.7705317785e+01 	 2.8695085248e-05
6400 	 6559 	 1.7705317729e+01 	 4.0847582101e-05
6500 	 6661 	 1.7705317684e+01 	 2.2400199942e-05
6600 	 6764 	 1.7705317653e+01 	 4.7270573446e-05
6700 	 6868 	 1.7705317626e+01 	 2.9800167055e-05
6800 	 6970 	 1.7705317600e+01 	 1.5338614956e-05
6900 	 7071 	 1.7705317576e+01 	 1.7016961721e-05
7000 	 7172 	 1.7705317552e+01 	 2.9155639360e-05
7100 	 7274 	 1.7705317526e+01 	 1.7248909979e-05
7200 	 7377 	 1.7705317489e+01 	 4.0398825150e-05
7300 	 7480 	 1.7705317446e+01 	 3.1888638654e-05
7400 	 7581 	 1.7705317409e+01 	 1.9056117109e-05
7500 	 7682 	 1.7705317378e+01 	 2.3914867797e-05
7600 	 7784 	 1.7705317353e+01 	 1.7432906330e-05
7700 	 7884 	 1.7705317323e+01 	 1.8426277578e-05
7800 	 7985 	 1.7705317294e+01 	 3.0135888968e-05
7900 	 8088 	 1.7705317272e+01 	 2.3254686418e-05
8000 	 8191 	 1.7705317256e+01 	 1.3698547707e-05
8100 	 8296 	 1.7705317245e+01 	 1.8590113440e-05
8200 	 8399 	 1.7705317236e+01 	 7.6989230127e-06
8300 	 8501 	 1.7705317228e+01 	 8.8968890842e-06
8400 	 8602 	 1.7705317221e+01 	 8.3989530314e-06
8500 	 8705 	 1.7705317214e+01 	 6.5195526673e-06
8600 	 8807 	 1.7705317208e+01 	 8.9070210176e-06
8700 	 8910 	 1.7705317202e+01 	 7.0063533200e-06
8800 	 9012 	 1.7705317194e+01 	 9.4430875267e-06
8900 	 9114 	 1.7705317189e+01 	 9.8879736660e-06
9000 	 9216 	 1.7705317185e+01 	 1.2813448775e-05
9100 	 9319 	 1.7705317183e+01 	 6.0339405839e-06
9200 	 9424 	 1.7705317180e+01 	 5.1999124622e-06
9300 	 9529 	 1.7705317179e+01 	 6.3476692069e-06
9400 	 9630 	 1.7705317177e+01 	 5.4637287582e-06
9500 	 9733 	 1.7705317174e+01 	 1.1224703497e-05
9600 	 9837 	 1.7705317172e+01 	 6.2161107175e-06
9700 	 9941 	 1.7705317169e+01 	 1.4710718407e-05
9800 	 10043 	 1.7705317166e+01 	 5.5069781560e-06
9900 	 10144 	 1.7705317163e+01 	 6.0570833385e-06
10000 	 10246 	 1.7705317161e+01 	 4.4926684753e-06
10100 	 10350 	 1.7705317160e+01 	 3.1458603794e-06
10200 	 10452 	 1.7705317159e+01 	 4.1200516703e-06
10300 	 10553 	 1.7705317157e+01 	 3.7165325662e-06
10400 	 10656 	 1.7705317156e+01 	 3.9176580111e-06
10500 	 10758 	 1.7705317155e+01 	 3.8457752010e-06
10600 	 10860 	 1.7705317153e+01 	 3.7122155685e-06
10700 	 10962 	 1.7705317152e+01 	 5.9436980874e-06
10800 	 11066 	 1.7705317151e+01 	 3.7600408079e-06
10900 	 11168 	 1.7705317150e+01 	 2.6915759902e-06
11000 	 11271 	 1.7705317149e+01 	 2.4052202118e-06
11100 	 11373 	 1.7705317149e+01 	 2.1963062397e-06
11200 	 11475 	 1.7705317148e+01 	 4.6881525189e-06
11300 	 11579 	 1.7705317147e+01 	 3.7341323308e-06
11400 	 11682 	 1.7705317147e+01 	 2.2815458679e-06
11500 	 11787 	 1.7705317147e+01 	 2.0666050565e-06
11600 	 11890 	 1.7705317146e+01 	 2.5458104498e-06
11700 	 11992 	 1.7705317146e+01 	 3.0021420281e-06
11800 	 12095 	 1.7705317146e+01 	 4.9371528788e-06
11900 	 12200 	 1.7705317145e+01 	 1.7498067330e-06
12000 	 12303 	 1.7705317145e+01 	 1.9064374328e-06
12100 	 12406 	 1.7705317145e+01 	 1.6872660981e-06
12200 	 12508 	 1.7705317144e+01 	 2.0347947758e-06
12300 	 12611 	 1.7705317144e+01 	 1.1043909001e-06
12400 	 12711 	 1.7705317144e+01 	 1.4175340703e-06
12500 	 12811 	 1.7705317144e+01 	 2.8923707696e-06
12600 	 12916 	 1.7705317143e+01 	 2.5032440492e-06
12700 	 13019 	 1.7705317143e+01 	 1.3028776359e-06
12800 	 13120 	 1.7705317143e+01 	 9.2586420770e-07
12900 	 13222 	 1.7705317143e+01 	 1.0582403011e-06
13000 	 13327 	 1.7705317143e+01 	 7.9375761581e-07
13100 	 13429 	 1.7705317143e+01 	 9.1680303380e-07
13200 	 13531 	 1.7705317143e+01 	 8.0486022478e-07
13300 	 13636 	 1.7705317143e+01 	 1.0296547525e-06
13400 	 13737 	 1.7705317143e+01 	 1.1572710787e-06
13500 	 13839 	 1.7705317143e+01 	 8.7012695567e-07
13600 	 13943 	 1.7705317143e+01 	 8.2218529003e-07
13700 	 14044 	 1.7705317142e+01 	 1.1277220058e-06
13800 	 14147 	 1.7705317142e+01 	 1.2949147383e-06
13900 	 14252 	 1.7705317142e+01 	 6.2552789019e-07
14000 	 14353 	 1.7705317142e+01 	 8.8338343033e-07
14100 	 14456 	 1.7705317142e+01 	 9.3462062048e-07
14200 	 14559 	 1.7705317142e+01 	 2.2196316694e-06
14300 	 14662 	 1.7705317142e+01 	 1.1065950766e-06
14400 	 14765 	 1.7705317142e+01 	 1.6208974751e-06
14500 	 14866 	 1.7705317142e+01 	 7.8108567590e-07
14600 	 14969 	 1.7705317142e+01 	 7.3371809484e-07
14700 	 15074 	 1.7705317142e+01 	 5.6457977966e-07
14800 	 15177 	 1.7705317142e+01 	 3.8059533357e-07
14900 	 15287 	 1.7705317142e+01 	 2.2101837678e-07
15000 	 15396 	 1.7705317142e+01 	 3.2296727456e-07
15100 	 15509 	 1.7705317142e+01 	 3.5397478187e-07
# ---- 
 1 		 15181 	 15626 		 1.8205867686e+01 	 1.7705317142e+01 	 1.6428247583e-07
# ---- 
100 	 102 	 2.5622113458e+01 	 2.0427204955e-02
200 	 204 	 2.5615825217e+01 	 8.4194224234e-03
300 	 306 	 2.5611693958e+01 	 9.9259851454e-03
400 	 407 	 2.5608915870e+01 	 5.7534787658e-03
500 	 507 	 2.5607479411e+01 	 6.4060883175e-03
600 	 609 	 2.5606504248e+01 	 2.6372578508e-03
700 	 709 	 2.5605829467e+01 	 3.4326699966e-03
800 	 811 	 2.5605394616e+01 	 1.9620573756e-03
900 	 916 	 2.5605148020e+01 	 1.6719796539e-03
1000 	 1019 	 2.5605014032e+01 	 1.3403087629e-03
1100 	 1121 	 2.5604918587e+01 	 1.0723214962e-03
1200 	 1223 	 2.5604835616e+01 	 1.0405965086e-03
1300 	 1326 	 2.5604775840e+01 	 7.3608993380e-04
1400 	 1429 	 2.5604729503e+01 	 7.0886591073e-04
1500 	 1531 	 2.5604704910e+01 	 8.3572670345e-04
1600 	 1633 	 2.5604688821e+01 	 6.7502796562e-04
1700 	 1735 	 2.5604678016e+01 	 3.7156337271e-04
1800 	 1838 	 2.5604668433e+01 	 3.8419988393e-04
1900 	 1943 	 2.5604661120e+01 	 2.1884315009e-04
2000 	 2045 	 2.5604655609e+01 	 2.6209746825e-04
2100 	 2147 	 2.5604650317e+01 	 3.2334317852e-04
2200 	 2250 	 2.5604646030e+01 	 1.9633843151e-04
2300 	 2351 	 2.5604642505e+01 	 2.3169376898e-04
2400 	 2454 	 2.5604640064e+01 	 1.7903383774e-04
2500 	 2555 	 2.5604637892e+01 	 2.9687022565e-04
2600 	 2658 	 2.5604636182e+01 	 1.4545894357e-04
2700 	 2761 	 2.5604634800e+01 	 1.1252937529e-04
2800 	 2863 	 2.5604633310e+01 	 1.0925159941e-04
2900 	 2965 	 2.5604632216e+01 	 1.0462944018e-04
3000 	 3068 	 2.5604631295e+01 	 1.6401975258e-04
3100 	 3168 	 2.5604630515e+01 	 9.3665396563e-05
3200 	 3268 	 2.5604629797e+01 	 3.1842508273e-04
3300 	 3372 	 2.5604629027e+01 	 1.0377473151e-04
3400 	 3474 	 2.5604628346e+01 	 8.4369518553e-05
3500 	 3576 	 2.5604627871e+01 	 1.7159518277e-04
3600 	 3677 	 2.5604627405e+01 	 1.3773244739e-04
3700 	 3779 	 2.5604627037e+01 	 9.9111347390e-05
3800 	 3881 	 2.5604626622e+01 	 1.3705813856e-04
3900 	 3983 	 2.5604626220e+01 	 6.7062409218e-05
4000 	 4086 	 2.5604625963e+01 	 5.3343154039e-05
4100 	 4190 	 2.5604625756e+01 	 1.0483519729e-04
4200 	 4291 	 2.5604625563e+01 	 9.8578189156e-05
4300 	 4394 	 2.5604625393e+01 	 6.3554615406e-05
4400 	 4495 	 2.5604625215e+01 	 6.9351976095e-05
4500 	 4598 	 2.5604625027e+01 	 5.8611423770e-05
4600 	 4702 	 2.5604624856e+01 	 3.8156462258e-05
4700 	 4804 	 2.5604624728e+01 	 4.0363218495e-05
4800 	 4905 	 2.5604624624e+01 	 2.9976782611e-05
4900 	 5006 	 2.5604624526e+01 	 3.3797350382e-05
5000 	 5111 	 2.5604624454e+01 	 2.6256319697e-05
5100 	 5214 	 2.5604624393e+01 	 4.4162168106e-05
5200 	 5317 	 2.5604624324e+01 	 2.8593300376e-05
5300 	 5418 	 2.5604624256e+01 	 2.9878497425e-05
5400 	 5520 	 2.5604624175e+01 	 3.6189795278e-05
5500 	 5624 	 2.5604624115e+01 	 2.6893358610e-05
5600 	 5726 	 2.5604624053e+01 	 6.6421059370e-05
5700 	 5831 	 2.5604623991e+01 	 4.4953237853e-05
5800 	 5935 	 2.5604623940e+01 	 2.6935798785e-05
5900 	 6038 	 2.5604623891e+01 	 3.4027451618e-05
6000 	 6141 	 2.5604623834e+01 	 3.0753462211e-05
6100 	 6243 	 2.5604623780e+01 	 3.1877390087e-05
6200 	 6344 	 2.5604623725e+01 	 1.8827523540e-05
6300 	 6447 	 2.5604623685e+01 	 2.8273015717e-05
6400 	 6549 	 2.5604623653e+01 	 1.7614994379e-05
6500 	 6651 	 2.5604623627e+01 	 1.6343845299e-05
6600 	 6754 	 2.5604623601e+01 	 1.7681503688e-05
6700 	 6854 	 2.5604623578e+01 	 1.5614755114e-05
6800 	 6956 	 2.5604623557e+01 	 1.6190579235e-05
6900 	 7059 	 2.5604623540e+01 	 4.3513616665e-05
7000 	 7161 	 2.5604623523e+01 	 3.1865865630e-05
7100 	 7263 	 2.5604623503e+01 	 2.1243543755e-05
7200 	 7366 	 2.5604623490e+01 	 1.2299657123e-05
7300 	 7468 	 2.5604623475e+01 	 1.2379251628e-05
7400 	 7572 	 2.5604623459e+01 	 1.0982674267e-05
7500 	 7673 	 2.5604623445e+01 	 1.3925719867e-05
7600 	 7775 	 2.5604623435e+01 	 1.0445463866e-05
7700 	 7877 	 2.5604623424e+01 	 8.7025985300e-06
7800 	 7979 	 2.5604623417e+01 	 1.1365090377e-05
7900 	 8080 	 2.5604623409e+01 	 1.4887333789e-05
8000 	 8182 	 2.5604623402e+01 	 1.4352223042e-05
8100 	 8284 	 2.5604623396e+01 	 7.4042893234e-06
8200 	 8386 	 2.5604623390e+01 	 8.6273840293e-06
8300 	 8490 	 2.5604623384e+01 	 1.4981993807e-05
8400 	 8592 	 2.5604623380e+01 	 8.8257434184e-06
8500 	 8695 	 2.5604623375e+01 	 6.0816511084e-06
8600 	 8797 	 2.5604623371e+01 	 1.9126857928e-05
8700 	 8901 	 2.5604623368e+01 	 1.2938477246e-05
8800 	 9005 	 2.5604623365e+01 	 5.8143423773e-06
8900 	 9109 	 2.5604623363e+01 	 4.7897065221e-06
9000 	 9211 	 2.5604623361e+01 	 7.0953121127e-06
9100 	 9315 	 2.5604623360e+01 	 3.6054576299e-06
9200 	 9418 	 2.5604623359e+01 	 5.5541811153e-06
9300 	 9521 	 2.5604623357e+01 	 8.4483405388e-06
9400 	 9625 	 2.5604623356e+01 	 2.9219583901e-06
9500 	 9728 	 2.5604623355e+01 	 3.4289048266e-06
9600 	 9830 	 2.5604623354e+01 	 2.7375056999e-06
9700 	 9932 	 2.5604623353e+01 	 6.0723828190e-06
9800 	 10033 	 2.5604623352e+01 	 1.0066742549e-05
9900 	 10136 	 2.5604623351e+01 	 3.6924640084e-06
10000 	 10236 	 2.5604623350e+01 	 4.5672824356e-06
10100 	 10336 	 2.5604623349e+01 	 3.6048095312e-06
10200 	 10438 	 2.5604623348e+01 	 2.8675213920e-06
10300 	 10540 	 2.5604623348e+01 	 2.3678683505e-06
10400 	 10641 	 2.5604623347e+01 	 1.9015993313e-06
10500 	 10741 	 2.5604623347e+01 	 2.1422327592e-06
10600 	 10844 	 2.5604623346e+01 	 2.3326311456e-06
10700 	 10948 	 2.5604623346e+01 	 2.3822433345e-06
10800 	 11049 	 2.5604623346e+01 	 1.4357833111e-06
10900 	 11152 	 2.5604623346e+01 	 1.6392765628e-06
11000 	 11255 	 2.5604623345e+01 	 1.9832157329e-06
11100 	 11358 	 2.5604623345e+01 	 2.7906470423e-06
11200 	 11463 	 2.5604623345e+01 	 2.1329746871e-06
11300 	 11565 	 2.5604623344e+01 	 1.5319209691e-06
11400 	 11667 	 2.5604623344e+01 	 1.4237080890e-06
11500 	 11769 	 2.5604623344e+01 	 1.9306545767e-06
11600 	 11872 	 2.5604623344e+01 	 3.1714538792e-06
11700 	 11975 	 2.5604623343e+01 	 1.4521036697e-06
11800 	 12079 	 2.5604623343e+01 	 1.2037245604e-06
11900 	 12180 	 2.5604623343e+01 	 5.9780191585e-07
12000 	 12285 	 2.5604623343e+01 	 8.5781983749e-07
12100 	 12387 	 2.5604623343e+01 	 1.8308154661e-06
12200 	 12490 	 2.5604623343e+01 	 7.3868750761e-07
12300 	 12594 	 2.5604623343e+01 	 6.0550482499e-07
12400 	 12696 	 2.5604623343e+01 	 6.7750166649e-07
12500 	 12802 	 2.5604623343e+01 	 6.8650111566e-07
12600 	 12906 	 2.5604623343e+01 	 5.4848799436e-07
12700 	 13010 	 2.5604623343e+01 	 6.0540464037e-07
12800 	 13111 	 2.5604623343e+01 	 1.7329728313e-06
12900 	 13213 	 2.5604623343e+01 	 8.0043642974e-07
13000 	 13315 	 2.5604623343e+01 	 5.4112208162e-07
13100 	 13417 	 2.5604623343e+01 	 4.2468924331e-07
13200 	 13521 	 2.5604623343e+01 	 1.0674714273e-06
13300 	 13624 	 2.5604623343e+01 	 1.1268091546e-06
13400 	 13730 	 2.5604623343e+01 	 3.5965591885e-07
13500 	 13841 	 2.5604623343e+01 	 1.9388550411e-07
13600 	 13956 	 2.5604623343e+01 	 3.8187095367e-07
13700 	 14075 	 2.5604623343e+01 	 7.0499423486e-07
13800 	 14190 	 2.5604623343e+01 	 3.4629405727e-07
13900 	 14305 	 2.5604623343e+01 	 1.8704781512e-07
14000 	 14421 	 2.5604623343e+01 	 3.2007299041e-07
14100 	 14533 	 2.5604623343e+01 	 4.0959603516e-07
14200 	 14639 	 2.5604623343e+01 	 3.1224607753e-07
14300 	 14752 	 2.5604623343e+01 	 5.4471253232e-07
14400 	 14860 	 2.5604623343e+01 	 3.8386206780e-07
14500 	 14967 	 2.5604623342e+01 	 6.8931657457e-07
14600 	 15079 	 2.5604623342e+01 	 3.6181879402e-07
14700 	 15186 	 2.5604623342e+01 	 2.0604456356e-07
14800 	 15305 	 2.5604623342e+01 	 5.4980893913e-07
14900 	 15422 	 2.5604623342e+01 	 2.2520689934e-07
15000 	 15527 	 2.5604623342e+01 	 2.4070487257e-07
15100 	 15651 	 2.5604623342e+01 	 2.2737460055e-07
15200 	 15768 	 2.5604623342e+01 	 2.6298270551e-07
# ---- 
 1 		 15217 	 15813 		 2.6103273783e+01 	 2.5604623342e+01 	 9.2334077357e-08
# ---- 
100 	 102 	 3.4990737909e+01 	 2.3222943029e-02
200 	 204 	 3.4984835341e+01 	 1.3969204738e-02
300 	 307 	 3.4980912491e+01 	 5.8593261252e-03
400 	 410 	 3.4978481224e+01 	 5.2356135963e-03
500 	 511 	 3.4977056593e+01 	 4.9844286318e-03
600 	 612 	 3.4976076528e+01 	 4.8545198169e-03
700 	 713 	 3.4975422420e+01 	 2.8049395612e-03
800 	 817 	 3.4974989123e+01 	 2.4554428773e-03
900 	 920 	 3.4974736027e+01 	 1.7175499502e-03
1000 	 1022 	 3.4974567701e+01 	 1.5834603117e-03
1100 	 1127 	 3.4974464877e+01 	 1.9183110135e-03
1200 	 1228 	 3.4974379018e+01 	 8.5998061358e-04
1300 	 1332 	 3.4974312813e+01 	 7.0142899355e-04
1400 	 1434 	 3.4974271163e+01 	 7.5844836412e-04
1500 	 1539 	 3.4974244243e+01 	 1.0086515035e-03
1600 	 1641 	 3.4974224929e+01 	 5.4690758886e-04
1700 	 1741 	 3.4974213601e+01 	 6.6794380932e-04
1800 	 1845 	 3.4974207025e+01 	 2.4320082987e-04
1900 	 1946 	 3.4974202186e+01 	 2.9268068515e-04
2000 	 2050 	 3.4974197008e+01 	 3.8592149958e-04
2100 	 2153 	 3.4974191423e+01 	 2.8828153739e-04
2200 	 2255 	 3.4974187582e+01 	 2.1049088142e-04
2300 	 2356 	 3.4974184904e+01 	 1.9855936231e-04
2400 	 2459 	 3.4974182890e+01 	 1.8268936402e-04
2500 	 2560 	 3.4974180968e+01 	 1.7994279605e-04
2600 	 2662 	 3.4974178978e+01 	 1.3324381971e-04
2700 	 2766 	 3.4974177306e+01 	 1.2484885628e-04
2800 	 2870 	 3.4974176481e+01 	 1.4007421514e-04
2900 	 2971 	 3.4974175768e+01 	 8.7516827839e-05
3000 	 3072 	 3.4974175056e+01 	 8.2994159917e-05
3100 	 3175 	 3.4974174318e+01 	 9.1990838618e-05
3200 	 3277 	 3.4974173494e+01 	 1.3531562452e-04
3300 	 3379 	 3.4974172898e+01 	 6.4813070632e-05
3400 	 3485 	 3.4974172453e+01 	 5.3659714041e-05
3500 	 3588 	 3.4974172089e+01 	 9.9447419146e-05
3600 	 3690 	 3.4974171752e+01 	 1.2488749091e-04
3700 	 3791 	 3.4974171394e+01 	 5.3801542051e-05
3800 	 3893 	 3.4974171104e+01 	 8.3868998969e-05
3900 	 3996 	 3.4974170824e+01 	 4.8506356684e-05
4000 	 4099 	 3.4974170589e+01 	 4.9886722248e-05
4100 	 4202 	 3.4974170395e+01 	 5.1612462236e-05
4200 	 4302 	 3.4974170247e+01 	 1.1397826217e-04
4300 	 4404 	 3.4974170100e+01 	 3.9282659765e-05
4400 	 4506 	 3.4974169984e+01 	 4.2536752534e-05
4500 	 4608 	 3.4974169863e+01 	 3.8805628159e-05
4600 	 4708 	 3.4974169769e+01 	 4.8984045379e-05
4700 	 4812 	 3.4974169692e+01 	 2.9250983334e-05
4800 	 4915 	 3.4974169636e+01 	 2.4264671294e-05
4900 	 5017 	 3.4974169581e+01 	 2.4158391699e-05
5000 	 5118 	 3.4974169537e+01 	 1.9196805852e-05
5100 	 5218 	 3.4974169504e+01 	 1.8899153125e-05
5200 	 5318 	 3.4974169461e+01 	 2.0120791338e-05
5300 	 5421 	 3.4974169422e+01 	 2.3973549006e-05
5400 	 5523 	 3.4974169392e+01 	 2.5314573228e-05
5500 	 5628 	 3.4974169365e+01 	 2.2474073189e-05
5600 	 5731 	 3.4974169331e+01 	 3.3936829503e-05
5700 	 5832 	 3.4974169301e+01 	 1.8858182036e-05
5800 	 5935 	 3.4974169266e+01 	 1.7851515128e-05
5900 	 6039 	 3.4974169229e+01 	 4.9178021700e-05
6000 	 6143 	 3.4974169193e+01 	 3.7037984845e-05
6100 	 6247 	 3.4974169160e+01 	 1.5340865299e-05
6200 	 6350 	 3.4974169134e+01 	 3.1570488995e-05
6300 	 6452 	 3.4974169108e+01 	 2.4598903458e-05
6400 	 6555 	 3.4974169080e+01 	 2.3888727597e-05
6500 	 6657 	 3.4974169055e+01 	 1.7875030370e-05
6600 	 6757 	 3.4974169032e+01 	 1.9649830341e-05
6700 	 6861 	 3.4974169015e+01 	 1.0417598840e-05
6800 	 6963 	 3.4974169004e+01 	 8.0927528497e-06
6900 	 7068 	 3.4974168995e+01 	 1.4519393251e-05
7000 	 7170 	 3.4974168987e+01 	 1.3777367459e-05
7100 	 7272 	 3.4974168980e+01 	 9.9759367885e-06
7200 	 7373 	 3.4974168973e+01 	 9.3568801741e-06
7300 	 7475 	 3.4974168965e+01 	 9.6143394471e-06
7400 	 7575 	 3.4974168958e+01 	 1.2291552291e-05
7500 	 7676 	 3.4974168950e+01 	 7.3463033668e-06
7600 	 7780 	 3.4974168944e+01 	 1.0002807209e-05
7700 	 7882 	 3.4974168940e+01 	 7.3782199352e-06
7800 	 7985 	 3.4974168936e+01 	 5.3664434940e-06
7900 	 8085 	 3.4974168934e+01 	 5.2251105275e-06
8000 	 8189 	 3.4974168932e+01 	 6.0667538881e-06
8100 	 8291 	 3.4974168930e+01 	 4.9375153223e-06
8200 	 8395 	 3.4974168928e+01 	 6.3588647664e-06
8300 	 8498 	 3.4974168926e+01 	 8.0048626058e-06
8400 	 8600 	 3.4974168924e+01 	 4.6486882874e-06
8500 	 8703 	 3.4974168923e+01 	 7.0419197786e-06
8600 	 8806 	 3.4974168922e+01 	 4.7144812822e-06
8700 	 8908 	 3.4974168921e+01 	 3.2839049573e-06
8800 	 9010 	 3.4974168920e+01 	 3.1561843602e-06
8900 	 9111 	 3.4974168918e+01 	 3.1785322855e-06
9000 	 9211 	 3.4974168917e+01 	 8.2634922621e-06
9100 	 9314 	 3.4974168916e+01 	 3.7918795723e-06
9200 	 9417 	 3.4974168915e+01 	 3.1716456137e-06
9300 	 9520 	 3.4974168913e+01 	 4.0686742950e-06
9400 	 9621 	 3.4974168913e+01 	 3.1471433533e-06
9500 	 9724 	 3.4974168912e+01 	 5.8430430669e-06
9600 	 9826 	 3.4974168912e+01 	 5.2704218660e-06
9700 	 9929 	 3.4974168911e+01 	 3.6055980427e-06
9800 	 10035 	 3.4974168911e+01 	 2.2141624797e-06
9900 	 10136 	 3.4974168910e+01 	 1.2020673936e-06
10000 	 10240 	 3.4974168910e+01 	 1.7637565172e-06
10100 	 10342 	 3.4974168910e+01 	 1.6197308325e-06
10200 	 10444 	 3.4974168910e+01 	 2.4695040864e-06
10300 	 10549 	 3.4974168909e+01 	 1.6689353155e-06
10400 	 10651 	 3.4974168909e+01 	 1.6546458875e-06
10500 	 10754 	 3.4974168909e+01 	 1.6457449977e-06
10600 	 10855 	 3.4974168908e+01 	 4.2465363810e-06
10700 	 10957 	 3.4974168908e+01 	 1.3575479846e-06
10800 	 11059 	 3.4974168908e+01 	 1.3200428262e-06
10900 	 11165 	 3.4974168908e+01 	 8.3153835568e-07
11000 	 11266 	 3.4974168908e+01 	 1.0628026929e-06
11100 	 11368 	 3.4974168908e+01 	 1.0183904164e-06
11200 	 11471 	 3.4974168908e+01 	 7.4979851216e-07
11300 	 11575 	 3.4974168908e+01 	 1.2909925642e-06
11400 	 11679 	 3.4974168908e+01 	 9.0211136477e-07
11500 	 11782 	 3.4974168908e+01 	 7.5377114183e-07
11600 	 11885 	 3.4974168908e+01 	 1.8613913822e-06
11700 	 11988 	 3.4974168908e+01 	 5.8756959998e-07
11800 	 12091 	 3.4974168907e+01 	 9.6953194447e-07
11900 	 12194 	 3.4974168907e+01 	 1.6752640985e-06
12000 	 12300 	 3.4974168907e+01 	 1.1128046572e-06
12100 	 12402 	 3.4974168907e+01 	 6.7501844894e-07
12200 	 12506 	 3.4974168907e+01 	 8.5335327990e-07
12300 	 12609 	 3.4974168907e+01 	 7.8968058318e-07
12400 	 12714 	 3.4974168907e+01 	 8.7282466592e-07
12500 	 12819 	 3.4974168907e+01 	 6.4855093878e-07
12600 	 12922 	 3.4974168907e+01 	 6.9007336341e-07
12700 	 13029 	 3.4974168907e+01 	 1.0800469443e-06
12800 	 13135 	 3.4974168907e+01 	 1.1315861549e-06
12900 	 13246 	 3.4974168907e+01 	 5.0553185276e-07
13000 	 13362 	 3.4974168907e+01 	 4.1706926173e-07
13100 	 13478 	 3.4974168907e+01 	 1.3607902909e-07
# ---- 
 1 		 13111 	 13505 		 3.5471503577e+01 	 3.4974168907e+01 	 2.9779619583e-07
# ---- 
100 	 102 	 4.5833928879e+01 	 1.5130753771e-02
200 	 204 	 4.5828424517e+01 	 1.4422266131e-02
300 	 306 	 4.5824655451e+01 	 7.8296447530e-03
400 	 408 	 4.5822278299e+01 	 6.2001722202e-03
500 	 510 	 4.5820886189e+01 	 4.1229981669e-03
600 	 614 	 4.5819861998e+01 	 3.6147871356e-03
700 	 716 	 4.5819114395e+01 	 3.1716287363e-03
800 	 819 	 4.5818685829e+01 	 2.4392390228e-03
900 	 922 	 4.5818441775e+01 	 1.9138030879e-03
1000 	 1023 	 4.5818304521e+01 	 1.7495857526e-03
1100 	 1124 	 4.5818198531e+01 	 1.2071832166e-03
1200 	 1228 	 4.5818118291e+01 	 1.0339562708e-03
1300 	 1331 	 4.5818048979e+01 	 1.7431037725e-03
1400 	 1432 	 4.5818009879e+01 	 6.0863261748e-04
1500 	 1535 	 4.5817986973e+01 	 4.1152608888e-04
1600 	 1635 	 4.5817972736e+01 	 5.8701378320e-04
1700 	 1738 	 4.5817962565e+01 	 5.2577438342e-04
1800 	 1843 	 4.5817955282e+01 	 5.5637521877e-04
1900 	 1945 	 4.5817950135e+01 	 7.7027251950e-04
2000 	 2049 	 4.5817945380e+01 	 2.5405013932e-04
2100 	 2151 	 4.5817941557e+01 	 2.0819034694e-04
2200 	 2252 	 4.5817938277e+01 	 2.0211720699e-04
2300 	 2354 	 4.5817936163e+01 	 2.1280889739e-04
2400 	 2457 	 4.5817934524e+01 	 1.3617737871e-04
2500 	 2558 	 4.5817932990e+01 	 1.5451599172e-04
2600 	 2662 	 4.5817931595e+01 	 1.1886016332e-04
2700 	 2764 	 4.5817930730e+01 	 7.8588871032e-05
2800 	 2867 	 4.5817929888e+01 	 1.0301408838e-04
2900 	 2970 	 4.5817929250e+01 	 6.2694737945e-05
3000 	 3071 	 4.5817928695e+01 	 8.3150274484e-05
3100 	 3172 	 4.5817928209e+01 	 5.7414545371e-05
3200 	 3273 	 4.5817927767e+01 	 1.1647095254e-04
3300 	 3373 	 4.5817927371e+01 	 1.5460843422e-04
3400 	 3475 	 4.5817926985e+01 	 1.3945603598e-04
3500 	 3577 	 4.5817926652e+01 	 5.0545676885e-05
3600 	 3678 	 4.5817926367e+01 	 1.0093810005e-04
3700 	 3780 	 4.5817926153e+01 	 4.7097580008e-05
3800 	 3881 	 4.5817925960e+01 	 1.2848454603e-04
3900 	 3985 	 4.5817925756e+01 	 4.4723372265e-05
4000 	 4090 	 4.5817925571e+01 	 4.8294549709e-05
4100 	 4193 	 4.5817925421e+01 	 4.5452747410e-05
4200 	 4296 	 4.5817925308e+01 	 3.7021101675e-05
4300 	 4396 	 4.5817925234e+01 	 2.8702913786e-05
4400 	 4499 	 4.5817925180e+01 	 3.2859416004e-05
4500 	 4600 	 4.5817925131e+01 	 9.0163465230e-05
4600 	 4702 	 4.5817925082e+01 	 4.3168311366e-05
4700 	 4803 	 4.5817925039e+01 	 1.7548178999e-05
4800 	 4907 	 4.5817924998e+01 	 3.7974053740e-05
4900 	 5008 	 4.5817924963e+01 	 3.5269329141e-05
5000 	 5112 	 4.5817924937e+01 	 2.7153177011e-05
5100 	 5215 	 4.5817924910e+01 	 2.2171406762e-05
5200 	 5317 	 4.5817924884e+01 	 1.4310506826e-05
5300 	 5419 	 4.5817924868e+01 	 1.4327460724e-05
5400 	 5521 	 4.5817924852e+01 	 1.3242280647e-05
5500 	 5622 	 4.5817924830e+01 	 1.4380124410e-05
5600 	 5723 	 4.5817924803e+01 	 1.8552584114e-05
5700 	 5826 	 4.5817924780e+01 	 1.5478044115e-05
5800 	 5927 	 4.5817924760e+01 	 1.1454592490e-05
5900 	 6029 	 4.5817924743e+01 	 2.9157951091e-05
6000 	 6131 	 4.5817924725e+01 	 1.2462971645e-05
6100 	 6233 	 4.5817924709e+01 	 1.9295523026e-05
6200 	 6334 	 4.5817924693e+01 	 1.2735241070e-05
6300 	 6436 	 4.5817924677e+01 	 1.5081060207e-05
6400 	 6538 	 4.5817924665e+01 	 9.4333183400e-06
6500 	 6640 	 4.5817924656e+01 	 1.9260634433e-05
6600 	 6745 	 4.5817924646e+01 	 9.3548774450e-06
6700 	 6847 	 4.5817924639e+01 	 8.3842668765e-06
6800 	 6952 	 4.5817924633e+01 	 5.9535862447e-06
6900 	 7053 	 4.5817924628e+01 	 1.4544891477e-05
7000 	 7156 	 4.5817924622e+01 	 7.3902953795e-06
7100 	 7256 	 4.5817924616e+01 	 9.3767877856e-06
7200 	 7359 	 4.5817924611e+01 	 6.4492087145e-06
7300 	 7462 	 4.5817924607e+01 	 6.0056353934e-06
7400 	 7567 	 4.5817924603e+01 	 8.6085638889e-06
7500 	 7671 	 4.5817924599e+01 	 1.0124867302e-05
7600 	 7773 	 4.5817924596e+01 	 5.1903799054e-06
7700 	 7877 	 4.5817924593e+01 	 4.3435754116e-06
7800 	 7980 	 4.5817924592e+01 	 3.4586314873e-06
7900 	 8083 	 4.5817924590e+01 	 3.4010846757e-06
8000 	 8185 	 4.5817924589e+01 	 3.9882217318e-06
8100 	 8289 	 4.5817924587e+01 	 4.2583475159e-06
8200 	 8393 	 4.5817924586e+01 	 5.3868142015e-06
8300 	 8493 	 4.5817924585e+01 	 2.9191429208e-06
8400 	 8596 	 4.5817924584e+01 	 2.1594996473e-06
8500 	 8698 	 4.5817924583e+01 	 5.0095046641e-06
8600 	 8801 	 4.5817924582e+01 	 6.4305775711e-06
8700 	 8902 	 4.5817924582e+01 	 3.4990031210e-06
8800 	 9008 	 4.5817924581e+01 	 3.8554465399e-06
8900 	 9110 	 4.5817924580e+01 	 3.0160983475e-06
9000 	 9213 	 4.5817924579e+01 	 3.5370616223e-06
9100 	 9317 	 4.5817924579e+01 	 2.5401429160e-06
9200 	 9419 	 4.5817924579e+01 	 1.7656845665e-06
9300 	 9522 	 4.5817924578e+01 	 3.8500353113e-06
9400 	 9625 	 4.5817924578e+01 	 2.0608947555e-06
9500 	 9728 	 4.5817924578e+01 	 2.7307165888e-06
9600 	 9832 	 4.5817924578e+01 	 1.2999154676e-06
9700 	 9936 	 4.5817924577e+01 	 1.4170152713e-06
9800 	 10038 	 4.5817924577e+01 	 1.2107023279e-06
9900 	 10139 	 4.5817924577e+01 	 1.7800933762e-06
10000 	 10241 	 4.5817924577e+01 	 2.0138134511e-06
10100 	 10342 	 4.5817924577e+01 	 1.3358498982e-06
10200 	 10444 	 4.5817924576e+01 	 2.5108477645e-06
10300 	 10547 	 4.5817924576e+01 	 1.2616528040e-06
10400 	 10650 	 4.5817924576e+01 	 1.4782813853e-06
10500 	 10753 	 4.5817924576e+01 	 1.3782406444e-06
10600 	 10856 	 4.5817924576e+01 	 1.2068888655e-06
10700 	 10958 	 4.5817924576e+01 	 8.7083329279e-07
10800 	 11064 	 4.5817924576e+01 	 6.7804190808e-07
10900 	 11168 	 4.5817924576e+01 	 6.7222235608e-07
11000 	 11275 	 4.5817924576e+01 	 7.3457751063e-07
11100 	 11384 	 4.5817924576e+01 	 8.0651809404e-07
11200 	 11494 	 4.5817924576e+01 	 4.0872643620e-07
11300 	 11604 	 4.5817924576e+01 	 5.2978662458e-07
11400 	 11712 	 4.5817924576e+01 	 6.4298622027e-07
11500 	 11821 	 4.5817924576e+01 	 5.9050039266e-07
11600 	 11925 	 4.5817924575e+01 	 4.9706045313e-07
11700 	 12034 	 4.5817924575e+01 	 1.4931282806e-06
11800 	 12137 	 4.5817924575e+01 	 7.9778111378e-07
11900 	 12239 	 4.5817924575e+01 	 8.0644058123e-07
12000 	 12351 	 4.5817924575e+01 	 9.7064428067e-07
12100 	 12458 	 4.5817924575e+01 	 6.2837218870e-07
12200 	 12570 	 4.5817924575e+01 	 2.1926479016e-07
12300 	 12683 	 4.5817924575e+01 	 3.8434065925e-07
12400 	 12796 	 4.5817924575e+01 	 2.7116844217e-07
12500 	 12911 	 4.5817924575e+01 	 2.8112283837e-07
12600 	 13022 	 4.5817924575e+01 	 6.5191109568e-07
# ---- 
 1 		 12652 	 13095 		 4.6314362583e+01 	 4.5817924575e+01 	 2.4858926014e-07
# ---- 
100 	 104 	 5.8154514316e+01 	 8.6251842270e-03
200 	 205 	 5.8149224527e+01 	 7.1563498429e-03
300 	 307 	 5.8145576471e+01 	 6.6406661417e-03
400 	 409 	 5.8143430544e+01 	 1.2726386565e-02
500 	 511 	 5.8142025703e+01 	 3.4215782025e-03
600 	 612 	 5.8140989284e+01 	 3.7814202106e-03
700 	 716 	 5.8140225654e+01 	 4.3197920048e-03
800 	 818 	 5.8139784664e+01 	 2.1073526470e-03
900 	 922 	 5.8139550927e+01 	 1.5166994125e-03
1000 	 1024 	 5.8139403773e+01 	 1.6533103642e-03
1100 	 1125 	 5.8139294953e+01 	 9.4232229857e-04
1200 	 1225 	 5.8139212912e+01 	 9.1735941013e-04
1300 	 1327 	 5.8139153951e+01 	 6.4985732157e-04
1400 	 1427 	 5.8139118618e+01 	 8.6131933845e-04
1500 	 1529 	 5.8139097281e+01 	 6.2134050311e-04
1600 	 1633 	 5.8139083027e+01 	 3.2859700136e-04
1700 	 1736 	 5.8139072778e+01 	 5.8043603125e-04
1800 	 1836 	 5.8139064818e+01 	 3.3388143201e-04
1900 	 1941 	 5.8139058944e+01 	 2.0758883727e-04
2000 	 2044 	 5.8139053786e+01 	 1.8385093695e-04
2100 	 2146 	 5.8139050542e+01 	 1.6819947421e-04
2200 	 2248 	 5.8139047957e+01 	 1.2810386778e-04
2300 	 2349 	 5.8139046267e+01 	 1.3203703200e-04
2400 	 2452 	 5.8139044768e+01 	 1.2634582367e-04
2500 	 2555 	 5.8139043452e+01 	 2.4926117032e-04
2600 	 2656 	 5.8139042431e+01 	 9.6558108288e-05
2700 	 2759 	 5.8139041511e+01 	 8.9163322294e-05
2800 	 2861 	 5.8139040798e+01 	 7.7781170406e-05
2900 	 2963 	 5.8139040366e+01 	 6.4549173830e-05
3000 	 3065 	 5.8139039914e+01 	 6.7933520656e-05
3100 	 3166 	 5.8139039621e+01 	 5.1439839470e-05
3200 	 3269 	 5.8139039350e+01 	 6.9242711469e-05
3300 	 3373 	 5.8139039001e+01 	 2.0228742279e-04
3400 	 3475 	 5.8139038641e+01 	 6.7117280526e-05
3500 	 3578 	 5.8139038398e+01 	 5.3511349386e-05
3600 	 3681 	 5.8139038189e+01 	 6.2965600942e-05
3700 	 3784 	 5.8139037979e+01 	 9.5493794366e-05
3800 	 3886 	 5.8139037763e+01 	 5.1022976283e-05
3900 	 3990 	 5.8139037579e+01 	 4.3382871538e-05
4000 	 4090 	 5.8139037463e+01 	 5.3848382431e-05
4100 	 4192 	 5.8139037380e+01 	 4.5051616505e-05
4200 	 4294 	 5.8139037325e+01 	 2.7173708781e-05
4300 	 4396 	 5.8139037282e+01 	 2.4700670141e-05
4400 	 4499 	 5.8139037231e+01 	 3.3234347993e-05
4500 	 4601 	 5.8139037173e+01 	 2.3142417412e-05
4600 	 4703 	 5.8139037129e+01 	 2.6029339229e-05
4700 	 4804 	 5.8139037103e+01 	 1.7219547445e-05
4800 	 4906 	 5.8139037077e+01 	 2.7623443771e-05
4900 	 5006 	 5.8139037048e+01 	 1.8011426908e-05
5000 	 5109 	 5.8139037024e+01 	 3.7076538037e-05
5100 	 5214 	 5.8139037001e+01 	 2.1472850898e-05
5200 	 5316 	 5.8139036982e+01 	 1.5251244388e-05
5300 	 5418 	 5.8139036961e+01 	 1.7252316381e-05
5400 	 5521 	 5.8139036940e+01 	 1.4093136404e-05
5500 	 5625 	 5.8139036922e+01 	 3.0687369415e-05
5600 	 5727 	 5.8139036907e+01 	 1.4751741625e-05
5700 	 5829 	 5.8139036894e+01 	 1.1416291076e-05
5800 	 5933 	 5.8139036885e+01 	 1.1025303681e-05
5900 	 6036 	 5.8139036875e+01 	 2.3600950633e-05
6000 	 6139 	 5.8139036867e+01 	 2.2441975901e-05
6100 	 6239 	 5.8139036861e+01 	 9.3481933874e-06
6200 	 6340 	 5.8139036854e+01 	 2.5454745903e-05
6300 	 6441 	 5.8139036848e+01 	 1.0568486881e-05
6400 	 6544 	 5.8139036841e+01 	 9.5956877069e-06
6500 	 6648 	 5.8139036834e+01 	 7.8962930305e-06
6600 	 6751 	 5.8139036828e+01 	 7.9902657198e-06
6700 	 6854 	 5.8139036822e+01 	 1.9077393220e-05
6800 	 6956 	 5.8139036816e+01 	 8.2908759972e-06
6900 	 7058 	 5.8139036811e+01 	 7.1271692099e-06
7000 	 7161 	 5.8139036807e+01 	 6.3684844840e-06
7100 	 7263 	 5.8139036804e+01 	 6.9107728263e-06
7200 	 7367 	 5.8139036801e+01 	 3.9767630612e-06
7300 	 7470 	 5.8139036800e+01 	 4.3413181440e-06
7400 	 7573 	 5.8139036799e+01 	 6.6151211293e-06
7500 	 7679 	 5.8139036798e+01 	 3.5952320921e-06
7600 	 7780 	 5.8139036798e+01 	 7.9656380097e-06
7700 	 7885 	 5.8139036797e+01 	 2.3726446956e-06
7800 	 7986 	 5.8139036796e+01 	 4.7458029461e-06
7900 	 8090 	 5.8139036795e+01 	 3.7279599352e-06
8000 	 8192 	 5.8139036795e+01 	 3.5396506107e-06
8100 	 8294 	 5.8139036794e+01 	 3.1295815290e-06
8200 	 8397 	 5.8139036794e+01 	 3.4361210745e-06
8300 	 8503 	 5.8139036793e+01 	 2.1604261859e-06
8400 	 8605 	 5.8139036793e+01 	 4.4429580827e-06
8500 	 8706 	 5.8139036793e+01 	 3.8230468916e-06
8600 	 8808 	 5.8139036792e+01 	 1.3476571085e-06
8700 	 8911 	 5.8139036792e+01 	 2.3505019317e-06
8800 	 9013 	 5.8139036792e+01 	 1.6305473787e-06
8900 	 9116 	 5.8139036792e+01 	 1.6919979861e-06
9000 	 9220 	 5.8139036791e+01 	 1.4928647204e-06
9100 	 9324 	 5.8139036791e+01 	 1.8199138815e-06
9200 	 9424 	 5.8139036791e+01 	 1.2418625494e-06
9300 	 9524 	 5.8139036791e+01 	 9.4747859794e-07
9400 	 9625 	 5.8139036791e+01 	 1.0782556853e-06
9500 	 9726 	 5.8139036791e+01 	 7.1425493694e-07
9600 	 9832 	 5.8139036791e+01 	 7.1169326667e-07
9700 	 9939 	 5.8139036791e+01 	 3.7246771357e-07
9800 	 10044 	 5.8139036791e+01 	 5.0743247859e-07
9900 	 10146 	 5.8139036791e+01 	 1.1486978361e-06
10000 	 10254 	 5.8139036791e+01 	 6.2080180894e-07
10100 	 10362 	 5.8139036791e+01 	 5.9586272279e-07
10200 	 10463 	 5.8139036791e+01 	 7.6593368247e-07
10300 	 10568 	 5.8139036791e+01 	 6.3346729779e-07
10400 	 10672 	 5.8139036791e+01 	 3.9809713744e-07
10500 	 10778 	 5.8139036791e+01 	 4.3828752441e-07
10600 	 10888 	 5.8139036791e+01 	 5.8319467157e-07
10700 	 11008 	 5.8139036791e+01 	 4.2570240610e-07
10800 	 11123 	 5.8139036791e+01 	 4.4830825497e-07
10900 	 11238 	 5.8139036791e+01 	 5.1451106504e-07
11000 	 11352 	 5.8139036791e+01 	 3.1493468968e-07
# ---- 
 1 		 11038 	 11408 		 5.8634919378e+01 	 5.8139036791e+01 	 3.5225799070e-07
# ---- 
100 	 103 	 7.1955076427e+01 	 1.0357917037e-02
200 	 206 	 7.1950192435e+01 	 8.5644011208e-03
300 	 308 	 7.1946513798e+01 	 5.1691845071e-03
400 	 410 	 7.1944411541e+01 	 7.3044159438e-03
500 	 511 	 7.1942996091e+01 	 4.5953716968e-03
600 	 611 	 7.1941912793e+01 	 4.2550215219e-03
700 	 715 	 7.1941136794e+01 	 6.1709761763e-03
800 	 815 	 7.1940687423e+01 	 2.1038851274e-03
900 	 919 	 7.1940446806e+01 	 2.6547057786e-03
1000 	 1022 	 7.1940296586e+01 	 1.3446190341e-03
1100 	 1125 	 7.1940192865e+01 	 1.8436444914e-03
1200 	 1228 	 7.1940113876e+01 	 9.9399691464e-04
1300 	 1332 	 7.1940056579e+01 	 8.2957747256e-04
1400 	 1435 	 7.1940018740e+01 	 4.9368744138e-04
1500 	 1536 	 7.1939995185e+01 	 6.9625741056e-04
1600 	 1638 	 7.1939980940e+01 	 3.3393390140e-04
1700 	 1741 	 7.1939970162e+01 	 2.9754777726e-04
1800 	 1845 	 7.1939963323e+01 	 3.5722861566e-04
1900 	 1947 	 7.1939958126e+01 	 2.3029756379e-04
2000 	 2051 	 7.1939953904e+01 	 2.2772110737e-04
2100 	 2154 	 7.1939950669e+01 	 4.1933870361e-04
2200 	 2257 	 7.1939948619e+01 	 1.3547756707e-04
2300 	 2360 	 7.1939947165e+01 	 1.4652667605e-04
2400 	 2464 	 7.1939945902e+01 	 1.7601486831e-04
2500 	 2569 	 7.1939944916e+01 	 9.9032768547e-05
2600 	 2670 	 7.1939944210e+01 	 8.5902782107e-05
2700 	 2772 	 7.1939943628e+01 	 7.7239645397e-05
2800 	 2874 	 7.1939943095e+01 	 7.2194838715e-05
2900 	 2978 	 7.1939942694e+01 	 6.6716681184e-05
3000 	 3082 	 7.1939942253e+01 	 7.5070001606e-05
3100 	 3183 	 7.1939941858e+01 	 7.5068796232e-05
3200 	 3284 	 7.1939941505e+01 	 6.0465770862e-05
3300 	 3388 	 7.1939941191e+01 	 8.0488973195e-05
3400 	 3489 	 7.1939940964e+01 	 4.1443635758e-05
3500 	 3590 	 7.1939940784e+01 	 5.7044156920e-05
3600 	 3691 	 7.1939940623e+01 	 6.1350060685e-05
3700 	 3793 	 7.1939940460e+01 	 3.7603793500e-05
3800 	 3896 	 7.1939940324e+01 	 6.1881956452e-05
3900 	 3998 	 7.1939940220e+01 	 2.7760938816e-05
4000 	 4100 	 7.1939940147e+01 	 6.1348668813e-05
4100 	 4203 	 7.1939940097e+01 	 2.6551142767e-05
4200 	 4306 	 7.1939940055e+01 	 5.6948565460e-05
4300 	 4408 	 7.1939940014e+01 	 1.7262251814e-05
4400 	 4512 	 7.1939939986e+01 	 1.4338684960e-05
4500 	 4615 	 7.1939939964e+01 	 2.4224917159e-05
4600 	 4717 	 7.1939939944e+01 	 1.9891626519e-05
4700 	 4819 	 7.1939939925e+01 	 2.9744245508e-05
4800 	 4922 	 7.1939939909e+01 	 1.6549834253e-05
4900 	 5022 	 7.1939939894e+01 	 1.0490559679e-05
5000 	 5125 	 7.1939939881e+01 	 8.0180054832e-06
5100 	 5226 	 7.1939939868e+01 	 1.0378329195e-05
5200 	 5327 	 7.1939939858e+01 	 1.2311179884e-05
5300 	 5428 	 7.1939939848e+01 	 3.1708723142e-05
5400 	 5531 	 7.1939939839e+01 	 7.3641811876e-06
5500 	 5631 	 7.1939939831e+01 	 1.5431198523e-05
5600 	 5736 	 7.1939939822e+01 	 7.6248690506e-06
5700 	 5840 	 7.1939939815e+01 	 6.7794730106e-06
5800 	 5942 	 7.1939939809e+01 	 1.4773059147e-05
5900 	 6044 	 7.1939939806e+01 	 5.5879922475e-06
6000 	 6146 	 7.1939939802e+01 	 7.8031138699e-06
6100 	 6249 	 7.1939939797e+01 	 8.2919854844e-06
6200 	 6350 	 7.1939939792e+01 	 1.5161935443e-05
6300 	 6452 	 7.1939939786e+01 	 1.1254417989e-05
6400 	 6558 	 7.1939939779e+01 	 1.1526062535e-05
6500 	 6660 	 7.1939939775e+01 	 1.6357078150e-05
6600 	 6763 	 7.1939939771e+01 	 1.4078104330e-05
6700 	 6864 	 7.1939939768e+01 	 5.3833641846e-06
6800 	 6966 	 7.1939939766e+01 	 4.3944837138e-06
6900 	 7069 	 7.1939939764e+01 	 1.5421319278e-05
7000 	 7171 	 7.1939939762e+01 	 4.3853366122e-06
7100 	 7273 	 7.1939939761e+01 	 3.2044384722e-06
7200 	 7377 	 7.1939939760e+01 	 4.8210011840e-06
7300 	 7480 	 7.1939939758e+01 	 3.4015058981e-06
7400 	 7584 	 7.1939939757e+01 	 3.1542226977e-06
7500 	 7686 	 7.1939939757e+01 	 2.7211649204e-06
7600 	 7790 	 7.1939939756e+01 	 2.3675540741e-06
7700 	 7891 	 7.1939939756e+01 	 1.4925192073e-06
7800 	 7994 	 7.1939939756e+01 	 4.2468340168e-06
7900 	 8095 	 7.1939939755e+01 	 2.4127628280e-06
8000 	 8199 	 7.1939939755e+01 	 2.7294324304e-06
8100 	 8302 	 7.1939939754e+01 	 1.8803925655e-06
8200 	 8403 	 7.1939939754e+01 	 1.7973419598e-06
8300 	 8506 	 7.1939939753e+01 	 2.8855192094e-06
8400 	 8609 	 7.1939939753e+01 	 2.8717588108e-06
8500 	 8710 	 7.1939939753e+01 	 1.9033732314e-06
8600 	 8813 	 7.1939939752e+01 	 2.2881802079e-06
8700 	 8917 	 7.1939939752e+01 	 2.2212367995e-06
8800 	 9019 	 7.1939939752e+01 	 1.3330886296e-06
8900 	 9122 	 7.1939939752e+01 	 1.3453250460e-06
9000 	 9225 	 7.1939939752e+01 	 9.3193699780e-07
9100 	 9332 	 7.1939939752e+01 	 1.1669370570e-06
9200 	 9437 	 7.1939939751e+01 	 1.0096118576e-06
9300 	 9546 	 7.1939939751e+01 	 5.5736522122e-07
9400 	 9660 	 7.1939939751e+01 	 1.1830215744e-06
9500 	 9773 	 7.1939939751e+01 	 5.1094193457e-07
9600 	 9884 	 7.1939939751e+01 	 3.3523298131e-07
9700 	 9996 	 7.1939939751e+01 	 2.6768628686e-07
9800 	 10119 	 7.1939939751e+01 	 5.9397938629e-07
9900 	 10231 	 7.1939939751e+01 	 1.1293456743e-06
10000 	 10345 	 7.1939939751e+01 	 5.6042196383e-07
10100 	 10459 	 7.1939939751e+01 	 7.9558795382e-07
10200 	 10568 	 7.1939939751e+01 	 3.3076457149e-07
10300 	 10684 	 7.1939939751e+01 	 2.2027360770e-07
# ---- 
 1 		 10372 	 10793 		 7.2435579997e+01 	 7.1939939751e+01 	 7.8575460999e-07
# ---- 
100 	 104 	 7.1804257177e+01 	 5.2961816102e-02
200 	 206 	 7.1729731364e+01 	 4.6250282871e-02
300 	 307 	 7.1707655465e+01 	 3.1865167470e-02
400 	 409 	 7.1701391119e+01 	 5.5007470154e-03
500 	 512 	 7.1699636531e+01 	 4.1328139672e-03
600 	 613 	 7.1698803673e+01 	 5.0291944304e-03
700 	 717 	 7.1698352042e+01 	 3.8248194652e-03
800 	 820 	 7.1698087855e+01 	 1.9173163070e-03
900 	 924 	 7.1697946999e+01 	 2.9345811928e-03
1000 	 1026 	 7.1697854198e+01 	 9.2907682370e-04
1100 	 1128 	 7.1697767339e+01 	 1.4774806911e-03
1200 	 1231 	 7.1697693211e+01 	 9.1765541696e-04
1300 	 1333 	 7.1697638812e+01 	 1.3962014575e-03
1400 	 1435 	 7.1697599677e+01 	 8.6986345571e-04
1500 	 1538 	 7.1697569279e+01 	 4.9341454233e-04
1600 	 1641 	 7.1697546980e+01 	 5.1847528866e-04
1700 	 1743 	 7.1697526844e+01 	 5.3856296760e-04
1800 	 1846 	 7.1697504342e+01 	 1.1093312924e-03
1900 	 1950 	 7.1697480889e+01 	 1.6756645917e-03
2000 	 2052 	 7.1697451593e+01 	 5.0298387064e-04
2100 	 2156 	 7.1697419895e+01 	 8.3008636730e-04
2200 	 2259 	 7.1697395437e+01 	 4.8042579862e-04
2300 	 2360 	 7.1697373723e+01 	 8.6676925058e-04
2400 	 2462 	 7.1697356182e+01 	 3.5050678604e-04
2500 	 2563 	 7.1697339302e+01 	 5.0506262629e-04
2600 	 2666 	 7.1697322820e+01 	 5.0020357930e-04
2700 	 2768 	 7.1697305053e+01 	 5.0423398581e-04
2800 	 2871 	 7.1697292945e+01 	 4.2345541868e-04
2900 	 2974 	 7.1697283285e+01 	 4.2655057919e-04
3000 	 3075 	 7.1697273358e+01 	 5.7816934686e-04
3100 	 3176 	 7.1697262827e+01 	 3.1830712294e-04
3200 	 3281 	 7.1697253862e+01 	 3.8056314132e-04
3300 	 3383 	 7.1697243637e+01 	 2.6319837645e-04
3400 	 3485 	 7.1697235023e+01 	 3.6685156830e-04
3500 	 3586 	 7.1697226336e+01 	 3.3517232175e-04
3600 	 3689 	 7.1697218610e+01 	 4.2407708997e-04
3700 	 3792 	 7.1697212136e+01 	 2.3406007519e-04
3800 	 3895 	 7.1697206515e+01 	 1.6810030466e-04
3900 	 3999 	 7.1697200576e+01 	 2.7028247188e-04
4000 	 4102 	 7.1697195611e+01 	 5.7537043926e-04
4100 	 4206 	 7.1697191391e+01 	 3.5138646131e-04
4200 	 4308 	 7.1697187532e+01 	 5.5284352366e-04
4300 	 4412 	 7.1697184198e+01 	 3.0808362409e-04
4400 	 4515 	 7.1697181223e+01 	 1.7740915108e-04
4500 	 4618 	 7.1697178217e+01 	 2.5286312284e-04
4600 	 4723 	 7.1697175566e+01 	 1.6746598295e-04
4700 	 4827 	 7.1697173247e+01 	 1.5322012374e-04
4800 	 4928 	 7.1697171509e+01 	 2.1928223306e-04
4900 	 5032 	 7.1697169776e+01 	 2.5599825204e-04
5000 	 5135 	 7.1697168583e+01 	 1.0699076138e-04
5100 	 5239 	 7.1697167398e+01 	 9.8304633535e-05
5200 	 5340 	 7.1697166273e+01 	 1.3118592903e-04
5300 	 5443 	 7.1697165089e+01 	 1.6455957427e-04
5400 	 5544 	 7.1697163554e+01 	 1.4772268376e-04
5500 	 5647 	 7.1697162261e+01 	 1.3493291798e-04
5600 	 5751 	 7.1697161237e+01 	 1.7011782769e-04
5700 	 5854 	 7.1697160376e+01 	 1.8301172422e-04
5800 	 5956 	 7.1697159633e+01 	 1.1607640527e-04
5900 	 6058 	 7.1697158929e+01 	 9.2641901050e-05
6000 	 6159 	 7.1697158218e+01 	 8.7012126287e-05
6100 	 6262 	 7.1697157432e+01 	 9.0715931446e-05
6200 	 6363 	 7.1697156718e+01 	 7.5647352102e-05
6300 	 6465 	 7.1697156239e+01 	 6.1177798465e-05
6400 	 6567 	 7.1697155875e+01 	 6.0710351278e-05
6500 	 6670 	 7.1697155597e+01 	 4.3373451613e-05
6600 	 6771 	 7.1697155354e+01 	 7.0888600573e-05
6700 	 6872 	 7.1697155146e+01 	 4.5106230754e-05
6800 	 6974 	 7.1697154955e+01 	 7.9647739241e-05
6900 	 7075 	 7.1697154754e+01 	 4.1577440337e-05
7000 	 7180 	 7.1697154615e+01 	 6.5563282261e-05
7100 	 7282 	 7.1697154432e+01 	 5.7080190261e-05
7200 	 7384 	 7.1697154290e+01 	 4.9886927261e-05
7300 	 7488 	 7.1697154154e+01 	 3.3535274970e-05
7400 	 7589 	 7.1697154059e+01 	 3.1810999114e-05
7500 	 7690 	 7.1697153969e+01 	 3.2211362545e-05
7600 	 7795 	 7.1697153884e+01 	 2.9520497722e-05
7700 	 7895 	 7.1697153801e+01 	 6.0773884994e-05
7800 	 7997 	 7.1697153754e+01 	 2.8585932410e-05
7900 	 8100 	 7.1697153724e+01 	 1.1093204854e-05
8000 	 8203 	 7.1697153695e+01 	 2.1597489491e-05
8100 	 8305 	 7.1697153657e+01 	 1.8179719502e-05
8200 	 8408 	 7.1697153603e+01 	 2.5083451300e-05
8300 	 8511 	 7.1697153524e+01 	 2.5008444201e-05
8400 	 8611 	 7.1697153443e+01 	 2.1992768635e-05
8500 	 8713 	 7.1697153378e+01 	 2.6284637897e-05
8600 	 8814 	 7.1697153331e+01 	 3.0149218979e-05
8700 	 8917 	 7.1697153292e+01 	 3.3595825280e-05
8800 	 9019 	 7.1697153259e+01 	 1.4628559620e-05
8900 	 9120 	 7.1697153231e+01 	 1.5196883236e-05
9000 	 9221 	 7.1697153204e+01 	 2.1165210656e-05
9100 	 9323 	 7.1697153172e+01 	 1.7662823766e-05
9200 	 9428 	 7.1697153150e+01 	 1.2713804198e-05
9300 	 9533 	 7.1697153135e+01 	 1.1105655148e-05
9400 	 9634 	 7.1697153124e+01 	 1.0500428126e-05
9500 	 9736 	 7.1697153115e+01 	 1.0789339994e-05
9600 	 9840 	 7.1697153107e+01 	 1.0132290572e-05
9700 	 9941 	 7.1697153102e+01 	 6.5184581983e-06
9800 	 10043 	 7.1697153099e+01 	 1.3494665156e-05
9900 	 10145 	 7.1697153095e+01 	 1.0855439229e-05
10000 	 10246 	 7.1697153092e+01 	 5.0979962342e-06
10100 	 10349 	 7.1697153090e+01 	 3.6090974240e-06
10200 	 10450 	 7.1697153089e+01 	 4.0945826271e-06
10300 	 10552 	 7.1697153087e+01 	 4.3235337996e-06
10400 	 10655 	 7.1697153086e+01 	 3.2694437404e-06
10500 	 10760 	 7.1697153085e+01 	 3.3237899540e-06
10600 	 10862 	 7.1697153084e+01 	 3.6894136156e-06
10700 	 10963 	 7.1697153083e+01 	 3.6133584043e-06
10800 	 11064 	 7.1697153083e+01 	 2.3721399737e-06
10900 	 11164 	 7.1697153082e+01 	 6.4904559253e-06
11000 	 11266 	 7.1697153081e+01 	 2.1464958386e-06
11100 	 11368 	 7.1697153080e+01 	 2.2687242510e-06
11200 	 11470 	 7.1697153080e+01 	 2.3244707470e-06
11300 	 11572 	 7.1697153080e+01 	 2.3188102699e-06
11400 	 11676 	 7.1697153079e+01 	 1.8169843307e-06
11500 	 11778 	 7.1697153079e+01 	 1.5779832984e-06
11600 	 11882 	 7.1697153078e+01 	 1.6455201880e-06
11700 	 11984 	 7.1697153078e+01 	 1.6404904165e-06
11800 	 12087 	 7.1697153078e+01 	 1.5931377783e-06
11900 	 12189 	 7.1697153078e+01 	 2.0822674876e-06
12000 	 12296 	 7.1697153078e+01 	 1.0138242350e-06
12100 	 12400 	 7.1697153078e+01 	 1.3441019711e-06
12200 	 12506 	 7.1697153078e+01 	 2.2177597137e-06
12300 	 12609 	 7.1697153078e+01 	 1.3420861893e-06
12400 	 12712 	 7.1697153077e+01 	 3.0998803032e-06
12500 	 12816 	 7.1697153077e+01 	 1.1111565392e-06
12600 	 12922 	 7.1697153077e+01 	 1.2092901172e-06
12700 	 13025 	 7.1697153077e+01 	 9.4255367253e-07
12800 	 13130 	 7.1697153077e+01 	 1.0526383894e-06
12900 	 13240 	 7.1697153077e+01 	 1.2792906141e-06
13000 	 13348 	 7.1697153077e+01 	 1.1595796032e-06
13100 	 13452 	 7.1697153077e+01 	 9.9235962824e-07
13200 	 13560 	 7.1697153077e+01 	 1.1037911530e-06
13300 	 13664 	 7.1697153077e+01 	 5.9711305206e-07
13400 	 13773 	 7.1697153077e+01 	 8.8772970101e-07
13500 	 13879 	 7.1697153077e+01 	 7.4909323431e-07
13600 	 13995 	 7.1697153077e+01 	 6.4014066095e-07
13700 	 14104 	 7.1697153077e+01 	 3.4331417823e-07
13800 	 14216 	 7.1697153077e+01 	 2.1949602364e-07
13900 	 14334 	 7.1697153077e+01 	 7.0971709978e-07
14000 	 14450 	 7.1697153077e+01 	 2.7129844169e-07
# ---- 
 1 		 14088 	 14572 		 7.7788990158e+01 	 7.1697153077e+01 	 8.4692490048e-07
# ---- 
100 	 109 	 7.1618271170e+01 	 8.9408790213e-02
200 	 211 	 7.1543533005e+01 	 3.3851009504e-02
300 	 312 	 7.1521186946e+01 	 1.6018610590e-02
400 	 413 	 7.1514019418e+01 	 7.8661203991e-03
500 	 515 	 7.1511741616e+01 	 1.0157988200e-02
600 	 618 	 7.1510684435e+01 	 4.5896277295e-03
700 	 720 	 7.1510190191e+01 	 2.9802780314e-03
800 	 823 	 7.1509891402e+01 	 1.4790434432e-03
900 	 927 	 7.1509723087e+01 	 1.3531192398e-03
1000 	 1029 	 7.1509606778e+01 	 1.9329919551e-03
1100 	 1132 	 7.1509499561e+01 	 1.4170745714e-03
1200 	 1234 	 7.1509384178e+01 	 1.2876207151e-03
1300 	 1335 	 7.1509298459e+01 	 7.9128695000e-04
1400 	 1437 	 7.1509240508e+01 	 8.7884141261e-04
1500 	 1538 	 7.1509198329e+01 	 6.0183075071e-04
1600 	 1640 	 7.1509163389e+01 	 6.3434074555e-04
1700 	 1741 	 7.1509132880e+01 	 4.1304595503e-04
1800 	 1845 	 7.1509101211e+01 	 7.2917308932e-04
1900 	 1947 	 7.1509067386e+01 	 6.7374693840e-04
2000 	 2051 	 7.1509024719e+01 	 1.5000695421e-03
2100 	 2154 	 7.1508977304e+01 	 8.5869357722e-04
2200 	 2259 	 7.1508930906e+01 	 6.3995888555e-04
2300 	 2361 	 7.1508896685e+01 	 5.2908510464e-04
2400 	 2462 	 7.1508865080e+01 	 7.4111274964e-04
2500 	 2565 	 7.1508840703e+01 	 3.4840774348e-04
2600 	 2667 	 7.1508820240e+01 	 1.0000493503e-03
2700 	 2770 	 7.1508797379e+01 	 5.1516606802e-04
2800 	 2871 	 7.1508774801e+01 	 5.6121522302e-04
2900 	 2973 	 7.1508754508e+01 	 3.8979245250e-04
3000 	 3075 	 7.1508735732e+01 	 4.8951275106e-04
3100 	 3178 	 7.1508719148e+01 	 1.0983156357e-03
3200 	 3281 	 7.1508700296e+01 	 6.5639108305e-04
3300 	 3381 	 7.1508683565e+01 	 4.2180459834e-04
3400 	 3483 	 7.1508667903e+01 	 4.7561987559e-04
3500 	 3584 	 7.1508651863e+01 	 3.3788733188e-04
3600 	 3687 	 7.1508636430e+01 	 4.8127694583e-04
3700 	 3787 	 7.1508622411e+01 	 4.1550157374e-04
3800 	 3887 	 7.1508608129e+01 	 3.9256798020e-04
3900 	 3991 	 7.1508595881e+01 	 6.1481838658e-04
4000 	 4094 	 7.1508583833e+01 	 1.2749103433e-03
4100 	 4196 	 7.1508574035e+01 	 2.7645609277e-04
4200 	 4297 	 7.1508566746e+01 	 3.3334112804e-04
4300 	 4399 	 7.1508560606e+01 	 4.0534900149e-04
4400 	 4501 	 7.1508554859e+01 	 2.9580323341e-04
4500 	 4603 	 7.1508549884e+01 	 1.8497267556e-04
4600 	 4704 	 7.1508545244e+01 	 4.1710161482e-04
4700 	 4806 	 7.1508539705e+01 	 6.2124549841e-04
4800 	 4908 	 7.1508535196e+01 	 2.7716280770e-04
4900 	 5012 	 7.1508531154e+01 	 6.5439991789e-04
5000 	 5114 	 7.1508527856e+01 	 1.6687333422e-04
5100 	 5215 	 7.1508524866e+01 	 1.7264198412e-04
5200 	 5319 	 7.1508521024e+01 	 1.9268842451e-04
5300 	 5421 	 7.1508517552e+01 	 1.7051030975e-04
5400 	 5524 	 7.1508514851e+01 	 1.6710626569e-04
5500 	 5625 	 7.1508512444e+01 	 1.2266473873e-04
5600 	 5727 	 7.1508510758e+01 	 1.3910513578e-04
5700 	 5830 	 7.1508508995e+01 	 1.3834218889e-04
5800 	 5933 	 7.1508507344e+01 	 3.8992164625e-04
5900 	 6034 	 7.1508505699e+01 	 9.3763907670e-05
6000 	 6135 	 7.1508504222e+01 	 1.4380763765e-04
6100 	 6236 	 7.1508502473e+01 	 1.2593984129e-04
6200 	 6341 	 7.1508500803e+01 	 1.1330078931e-04
6300 	 6444 	 7.1508499545e+01 	 2.2388933059e-04
6400 	 6546 	 7.1508498469e+01 	 1.1906758986e-04
6500 	 6647 	 7.1508497526e+01 	 7.7748092482e-05
6600 	 6750 	 7.1508496962e+01 	 7.7003797975e-05
6700 	 6854 	 7.1508496523e+01 	 5.9787696076e-05
6800 	 6956 	 7.1508496190e+01 	 4.7370078116e-05
6900 	 7058 	 7.1508495808e+01 	 1.1317831907e-04
7000 	 7159 	 7.1508495377e+01 	 7.7272943081e-05
7100 	 7261 	 7.1508494942e+01 	 1.3292647117e-04
7200 	 7365 	 7.1508494536e+01 	 6.2393464943e-05
7300 	 7467 	 7.1508494219e+01 	 5.7039405171e-05
7400 	 7569 	 7.1508493920e+01 	 8.4546013516e-05
7500 	 7671 	 7.1508493643e+01 	 3.8102965705e-05
7600 	 7771 	 7.1508493380e+01 	 5.4741800459e-05
7700 	 7875 	 7.1508493176e+01 	 5.8170774980e-05
7800 	 7977 	 7.1508492972e+01 	 3.9590700489e-05
7900 	 8078 	 7.1508492803e+01 	 9.8885458390e-05
8000 	 8181 	 7.1508492665e+01 	 6.1373826538e-05
8100 	 8284 	 7.1508492521e+01 	 5.7003568978e-05
8200 	 8387 	 7.1508492378e+01 	 9.4625656577e-05
8300 	 8490 	 7.1508492255e+01 	 4.0530447004e-05
8400 	 8593 	 7.1508492124e+01 	 3.2791551129e-05
8500 	 8696 	 7.1508492006e+01 	 3.7297507601e-05
8600 	 8799 	 7.1508491920e+01 	 3.2145890831e-05
8700 	 8903 	 7.1508491858e+01 	 2.7620989956e-05
8800 	 9008 	 7.1508491808e+01 	 2.6963023647e-05
8900 	 9110 	 7.1508491766e+01 	 1.7770403644e-05
9000 	 9212 	 7.1508491717e+01 	 2.9790803188e-05
9100 	 9316 	 7.1508491671e+01 	 1.8172857039e-05
9200 	 9421 	 7.1508491628e+01 	 1.8203684521e-05
9300 	 9523 	 7.1508491598e+01 	 1.8296724135e-05
9400 	 9626 	 7.1508491572e+01 	 6.0548337624e-05
9500 	 9730 	 7.1508491543e+01 	 2.2694004822e-05
9600 	 9832 	 7.1508491513e+01 	 3.4180283657e-05
9700 	 9934 	 7.1508491485e+01 	 2.1201504674e-05
9800 	 10036 	 7.1508491458e+01 	 2.2808272851e-05
9900 	 10137 	 7.1508491433e+01 	 1.9377675271e-05
10000 	 10241 	 7.1508491412e+01 	 1.3258980212e-05
10100 	 10342 	 7.1508491392e+01 	 1.8673410748e-05
10200 	 10445 	 7.1508491373e+01 	 3.1325400703e-05
10300 	 10546 	 7.1508491355e+01 	 1.5582819809e-05
10400 	 10647 	 7.1508491341e+01 	 1.9775614456e-05
10500 	 10750 	 7.1508491328e+01 	 8.6991627977e-06
10600 	 10851 	 7.1508491320e+01 	 8.0819014701e-06
10700 	 10952 	 7.1508491313e+01 	 7.8137822597e-06
10800 	 11054 	 7.1508491307e+01 	 6.6253193153e-06
10900 	 11154 	 7.1508491302e+01 	 7.6364936185e-06
11000 	 11257 	 7.1508491297e+01 	 1.0837112382e-05
11100 	 11360 	 7.1508491293e+01 	 8.3878223572e-06
11200 	 11461 	 7.1508491288e+01 	 8.4493923144e-06
11300 	 11563 	 7.1508491284e+01 	 1.1024736663e-05
11400 	 11667 	 7.1508491280e+01 	 4.4835994288e-06
11500 	 11771 	 7.1508491277e+01 	 9.3764707913e-06
11600 	 11873 	 7.1508491273e+01 	 5.9052371276e-06
11700 	 11975 	 7.1508491270e+01 	 5.7497551050e-06
11800 	 12077 	 7.1508491267e+01 	 5.5306171997e-06
11900 	 12179 	 7.1508491264e+01 	 1.5507648200e-05
12000 	 12281 	 7.1508491262e+01 	 1.1977362983e-05
12100 	 12383 	 7.1508491261e+01 	 4.9366410441e-06
12200 	 12485 	 7.1508491260e+01 	 3.8201006939e-06
12300 	 12587 	 7.1508491259e+01 	 3.4258232836e-06
12400 	 12688 	 7.1508491258e+01 	 5.3132709876e-06
12500 	 12788 	 7.1508491257e+01 	 2.7672618666e-06
12600 	 12891 	 7.1508491255e+01 	 3.9450064224e-06
12700 	 12994 	 7.1508491254e+01 	 3.7285752421e-06
12800 	 13095 	 7.1508491253e+01 	 7.1340110402e-06
12900 	 13196 	 7.1508491252e+01 	 3.3672914273e-06
13000 	 13298 	 7.1508491251e+01 	 8.3981926466e-06
13100 	 13400 	 7.1508491250e+01 	 8.9435578771e-06
13200 	 13502 	 7.1508491249e+01 	 4.2705300988e-06
13300 	 13604 	 7.1508491248e+01 	 3.6381104006e-06
13400 	 13708 	 7.1508491248e+01 	 3.4644537205e-06
13500 	 13811 	 7.1508491247e+01 	 2.6288607082e-06
13600 	 13916 	 7.1508491246e+01 	 3.8432079697e-06
13700 	 14018 	 7.1508491246e+01 	 1.5372133949e-06
13800 	 14119 	 7.1508491245e+01 	 1.3625136922e-06
13900 	 14220 	 7.1508491245e+01 	 1.5994671031e-06
14000 	 14324 	 7.1508491245e+01 	 1.6912194667e-06
14100 	 14426 	 7.1508491245e+01 	 1.8004746903e-06
14200 	 14529 	 7.1508491245e+01 	 1.3590119569e-06
14300 	 14631 	 7.1508491244e+01 	 9.8072081851e-07
14400 	 14738 	 7.1508491244e+01 	 1.2829410738e-06
14500 	 14838 	 7.1508491244e+01 	 6.8973494508e-07
14600 	 14943 	 7.1508491244e+01 	 9.7413400192e-07
14700 	 15048 	 7.1508491244e+01 	 1.6999779729e-06
14800 	 15152 	 7.1508491244e+01 	 2.6867675677e-06
14900 	 15258 	 7.1508491244e+01 	 1.0883282263e-06
15000 	 15366 	 7.1508491244e+01 	 8.4701523010e-07
15100 	 15475 	 7.1508491244e+01 	 5.5992271843e-07
15200 	 15581 	 7.1508491244e+01 	 1.5386677138e-06
15300 	 15685 	 7.1508491244e+01 	 1.1817940392e-06
15400 	 15789 	 7.1508491244e+01 	 1.5085673462e-06
15500 	 15892 	 7.1508491244e+01 	 1.1088260253e-06
15600 	 15999 	 7.1508491244e+01 	 8.5240727468e-07
15700 	 16109 	 7.1508491243e+01 	 8.1116402959e-07
15800 	 16216 	 7.1508491243e+01 	 6.2454362845e-07
15900 	 16331 	 7.1508491243e+01 	 6.3153202078e-07
16000 	 16445 	 7.1508491243e+01 	 2.3511595012e-07
# ---- 
 1 		 16022 	 16480 		 7.7701540190e+01 	 7.1508491243e+01 	 4.9612253342e-07
# ---- 
100 	 104 	 7.1458825124e+01 	 5.3111973951e-02
200 	 208 	 7.1395069880e+01 	 2.4373717615e-02
300 	 309 	 7.1375091601e+01 	 1.1844249711e-02
400 	 412 	 7.1368355146e+01 	 1.9339441707e-02
500 	 515 	 7.1366055321e+01 	 4.5499108777e-03
600 	 617 	 7.1364979330e+01 	 5.2203737301e-03
700 	 719 	 7.1364486670e+01 	 1.8597517755e-03
800 	 821 	 7.1364189891e+01 	 1.3499843773e-03
900 	 924 	 7.1364008362e+01 	 1.3110537110e-03
1000 	 1027 	 7.1363858490e+01 	 2.2793573375e-03
1100 	 1128 	 7.1363715503e+01 	 1.0574743791e-03
1200 	 1229 	 7.1363561722e+01 	 1.4358551775e-03
1300 	 1330 	 7.1363434974e+01 	 1.0111164768e-03
1400 	 1430 	 7.1363359160e+01 	 1.1659678475e-03
1500 	 1532 	 7.1363302177e+01 	 6.6821447643e-04
1600 	 1634 	 7.1363254226e+01 	 1.1697726472e-03
1700 	 1736 	 7.1363210069e+01 	 7.9140910577e-04
1800 	 1839 	 7.1363160409e+01 	 8.0104820979e-04
1900 	 1941 	 7.1363114141e+01 	 7.1802615629e-04
2000 	 2043 	 7.1363070307e+01 	 9.6954947447e-04
2100 	 2146 	 7.1363028486e+01 	 8.1936673803e-04
2200 	 2248 	 7.1362982758e+01 	 8.0333921391e-04
2300 	 2350 	 7.1362944673e+01 	 7.2365079505e-04
2400 	 2452 	 7.1362905734e+01 	 6.4669817018e-04
2500 	 2554 	 7.1362874965e+01 	 5.5368680986e-04
2600 	 2655 	 7.1362844493e+01 	 9.9399601885e-04
2700 	 2758 	 7.1362814969e+01 	 5.6466853319e-04
2800 	 2861 	 7.1362787889e+01 	 5.3829005591e-04
2900 	 2963 	 7.1362760104e+01 	 6.5515723012e-04
3000 	 3067 	 7.1362726186e+01 	 1.3100932287e-03
3100 	 3170 	 7.1362694945e+01 	 8.3195083837e-04
3200 	 3271 	 7.1362664832e+01 	 6.8337806959e-04
3300 	 3372 	 7.1362630896e+01 	 8.7345596942e-04
3400 	 3476 	 7.1362593179e+01 	 5.9849890945e-04
3500 	 3579 	 7.1362554861e+01 	 1.1862812155e-03
3600 	 3680 	 7.1362518208e+01 	 9.3634548655e-04
3700 	 3782 	 7.1362477801e+01 	 5.8654447853e-04
3800 	 3883 	 7.1362444740e+01 	 9.7357290579e-04
3900 	 3986 	 7.1362420107e+01 	 5.5849343398e-04
4000 	 4089 	 7.1362398903e+01 	 8.9500292828e-04
4100 	 4190 	 7.1362383042e+01 	 6.7771610274e-04
4200 	 4294 	 7.1362369448e+01 	 3.4229188022e-04
4300 	 4394 	 7.1362352767e+01 	 6.7843954911e-04
4400 	 4499 	 7.1362337568e+01 	 4.2255815767e-04
4500 	 4604 	 7.1362323136e+01 	 7.0250757111e-04
4600 	 4708 	 7.1362310451e+01 	 2.8360579569e-04
4700 	 4812 	 7.1362298818e+01 	 7.4099214014e-04
4800 	 4913 	 7.1362286280e+01 	 4.0887701952e-04
4900 	 5015 	 7.1362275279e+01 	 3.5925939656e-04
5000 	 5118 	 7.1362266862e+01 	 3.1186871743e-04
5100 	 5223 	 7.1362260227e+01 	 3.6957011040e-04
5200 	 5326 	 7.1362253179e+01 	 2.6662030516e-04
5300 	 5429 	 7.1362246444e+01 	 2.4632864279e-04
5400 	 5532 	 7.1362239837e+01 	 3.3890902135e-04
5500 	 5632 	 7.1362233231e+01 	 6.6008578288e-04
5600 	 5735 	 7.1362226541e+01 	 3.6241729770e-04
5700 	 5837 	 7.1362220152e+01 	 3.0390007911e-04
5800 	 5939 	 7.1362214636e+01 	 2.7642493732e-04
5900 	 6042 	 7.1362210144e+01 	 4.1906810873e-04
6000 	 6145 	 7.1362206865e+01 	 2.9139183824e-04
6100 	 6247 	 7.1362204537e+01 	 2.0743591467e-04
6200 	 6349 	 7.1362202449e+01 	 2.6782905400e-04
6300 	 6452 	 7.1362200598e+01 	 1.0639873269e-04
6400 	 6554 	 7.1362198965e+01 	 2.8293535073e-04
6500 	 6656 	 7.1362197511e+01 	 1.1580294407e-04
6600 	 6761 	 7.1362196417e+01 	 2.0949047982e-04
6700 	 6865 	 7.1362195517e+01 	 1.0786330864e-04
6800 	 6967 	 7.1362194745e+01 	 1.0884465447e-04
6900 	 7071 	 7.1362194101e+01 	 8.3180720838e-05
7000 	 7176 	 7.1362193507e+01 	 7.7857405273e-05
7100 	 7278 	 7.1362192966e+01 	 9.7301668516e-05
7200 	 7379 	 7.1362192479e+01 	 8.2274723323e-05
7300 	 7482 	 7.1362192007e+01 	 6.2983969585e-05
7400 	 7584 	 7.1362191556e+01 	 1.2210201179e-04
7500 	 7685 	 7.1362191173e+01 	 8.2076353575e-05
7600 	 7788 	 7.1362190859e+01 	 5.9365266506e-05
7700 	 7891 	 7.1362190600e+01 	 3.7371018194e-05
7800 	 7993 	 7.1362190353e+01 	 6.8835622209e-05
7900 	 8095 	 7.1362190083e+01 	 6.0449645866e-05
8000 	 8197 	 7.1362189848e+01 	 5.9687138754e-05
8100 	 8300 	 7.1362189620e+01 	 1.0994384371e-04
8200 	 8400 	 7.1362189402e+01 	 4.8387012161e-05
8300 	 8504 	 7.1362189214e+01 	 6.3251897789e-05
8400 	 8607 	 7.1362189001e+01 	 7.5116069699e-05
8500 	 8708 	 7.1362188791e+01 	 4.1531224817e-05
8600 	 8810 	 7.1362188599e+01 	 4.6114346028e-05
8700 	 8912 	 7.1362188432e+01 	 1.2001445567e-04
8800 	 9016 	 7.1362188288e+01 	 7.0949782664e-05
8900 	 9117 	 7.1362188171e+01 	 3.2793005454e-05
9000 	 9221 	 7.1362188081e+01 	 2.2524156349e-05
9100 	 9326 	 7.1362187984e+01 	 2.9316868026e-05
9200 	 9429 	 7.1362187895e+01 	 2.8104854690e-05
9300 	 9533 	 7.1362187804e+01 	 3.3401487824e-05
9400 	 9637 	 7.1362187709e+01 	 7.9570406109e-05
9500 	 9741 	 7.1362187632e+01 	 2.2890334346e-05
9600 	 9844 	 7.1362187573e+01 	 2.8257908107e-05
9700 	 9946 	 7.1362187528e+01 	 2.3081242281e-05
9800 	 10047 	 7.1362187498e+01 	 2.1736325379e-05
9900 	 10151 	 7.1362187470e+01 	 2.3788613490e-05
10000 	 10253 	 7.1362187429e+01 	 2.3612195910e-05
10100 	 10357 	 7.1362187380e+01 	 2.3219216981e-05
10200 	 10459 	 7.1362187344e+01 	 3.2779880957e-05
10300 	 10560 	 7.1362187308e+01 	 3.4030139394e-05
10400 	 10662 	 7.1362187273e+01 	 3.4433791732e-05
10500 	 10764 	 7.1362187243e+01 	 4.0308612706e-05
10600 	 10866 	 7.1362187218e+01 	 3.5901317209e-05
10700 	 10969 	 7.1362187195e+01 	 2.0112682635e-05
10800 	 11070 	 7.1362187172e+01 	 1.3133552416e-05
10900 	 11173 	 7.1362187154e+01 	 1.0657656029e-05
11000 	 11273 	 7.1362187137e+01 	 1.1006319645e-05
11100 	 11377 	 7.1362187122e+01 	 2.2524718576e-05
11200 	 11481 	 7.1362187110e+01 	 1.0151541800e-05
11300 	 11584 	 7.1362187101e+01 	 7.7610723874e-06
11400 	 11685 	 7.1362187094e+01 	 9.4269908609e-06
11500 	 11789 	 7.1362187086e+01 	 1.5351427617e-05
11600 	 11891 	 7.1362187078e+01 	 1.2594075208e-05
11700 	 11991 	 7.1362187071e+01 	 9.1697021196e-06
11800 	 12094 	 7.1362187063e+01 	 1.0162608803e-05
11900 	 12197 	 7.1362187057e+01 	 8.0982764990e-06
12000 	 12298 	 7.1362187048e+01 	 9.8243453810e-06
12100 	 12400 	 7.1362187040e+01 	 1.8828755289e-05
12200 	 12502 	 7.1362187034e+01 	 1.1996825796e-05
12300 	 12604 	 7.1362187030e+01 	 6.0629200519e-06
12400 	 12706 	 7.1362187026e+01 	 5.8380196652e-06
12500 	 12808 	 7.1362187023e+01 	 7.7132830981e-06
12600 	 12911 	 7.1362187019e+01 	 9.3048028994e-06
12700 	 13012 	 7.1362187015e+01 	 7.9672250273e-06
12800 	 13115 	 7.1362187012e+01 	 5.7501713496e-06
12900 	 13218 	 7.1362187009e+01 	 5.9013156251e-06
13000 	 13320 	 7.1362187007e+01 	 1.0046715514e-05
13100 	 13421 	 7.1362187004e+01 	 5.7281444537e-06
13200 	 13523 	 7.1362187001e+01 	 9.9597934041e-06
13300 	 13626 	 7.1362186999e+01 	 5.4424720279e-06
13400 	 13729 	 7.1362186998e+01 	 3.9062833001e-06
13500 	 13832 	 7.1362186997e+01 	 9.0529003741e-06
13600 	 13933 	 7.1362186996e+01 	 3.0573734399e-06
13700 	 14037 	 7.1362186995e+01 	 2.2459729507e-06
13800 	 14137 	 7.1362186995e+01 	 2.6767005059e-06
13900 	 14239 	 7.1362186994e+01 	 4.7887342509e-06
14000 	 14340 	 7.1362186993e+01 	 2.7989262224e-06
14100 	 14444 	 7.1362186993e+01 	 3.4923853759e-06
14200 	 14545 	 7.1362186992e+01 	 2.2653239800e-06
14300 	 14646 	 7.1362186992e+01 	 6.4760672122e-06
14400 	 14748 	 7.1362186991e+01 	 2.7257170643e-06
14500 	 14850 	 7.1362186991e+01 	 1.5958191114e-06
14600 	 14953 	 7.1362186990e+01 	 2.0808067986e-06
14700 	 15055 	 7.1362186990e+01 	 1.8470479233e-06
14800 	 15156 	 7.1362186990e+01 	 1.7543885521e-06
14900 	 15261 	 7.1362186989e+01 	 2.4932167832e-06
15000 	 15364 	 7.1362186989e+01 	 1.2898206717e-06
15100 	 15465 	 7.1362186989e+01 	 1.4262117372e-06
15200 	 15570 	 7.1362186989e+01 	 3.3369231325e-06
15300 	 15672 	 7.1362186989e+01 	 1.6028532292e-06
15400 	 15775 	 7.1362186988e+01 	 1.8514841655e-06
15500 	 15877 	 7.1362186988e+01 	 1.1962021911e-06
15600 	 15981 	 7.1362186988e+01 	 1.5161665072e-06
15700 	 16086 	 7.1362186988e+01 	 1.6427887642e-06
15800 	 16190 	 7.1362186988e+01 	 1.0307079770e-06
15900 	 16291 	 7.1362186988e+01 	 1.4664113638e-06
16000 	 16392 	 7.1362186987e+01 	 1.1891874829e-06
16100 	 16495 	 7.1362186987e+01 	 9.0672567982e-07
16200 	 16596 	 7.1362186987e+01 	 8.7508115295e-07
16300 	 16705 	 7.1362186987e+01 	 6.8184001024e-07
16400 	 16812 	 7.1362186987e+01 	 7.0526463952e-07
16500 	 16919 	 7.1362186987e+01 	 9.5692084029e-07
16600 	 17027 	 7.1362186987e+01 	 1.3994416523e-06
16700 	 17141 	 7.1362186987e+01 	 1.7968247907e-06
16800 	 17253 	 7.1362186987e+01 	 1.8090940064e-06
16900 	 17359 	 7.1362186987e+01 	 9.5329983149e-07
17000 	 17470 	 7.1362186987e+01 	 4.4256552066e-07
17100 	 17582 	 7.1362186987e+01 	 6.6674898560e-07
17200 	 17696 	 7.1362186987e+01 	 4.5992188762e-07
17300 	 17821 	 7.1362186987e+01 	 6.2732964931e-07
17400 	 17936 	 7.1362186987e+01 	 3.8712577230e-07
17500 	 18085 	 7.1362186987e+01 	 2.4216586282e-07
17600 	 18203 	 7.1362186987e+01 	 2.2418745209e-07
17700 	 18323 	 7.1362186987e+01 	 1.9857480859e-07
# ---- 
 1 		 17708 	 18346 		 7.7551935030e+01 	 7.1362186987e+01 	 5.6625950848e-07
# ---- 
100 	 107 	 7.1344237276e+01 	 4.0181038093e-02
200 	 208 	 7.1280533436e+01 	 3.1490824249e-02
300 	 310 	 7.1261516590e+01 	 1.3710644589e-02
400 	 412 	 7.1254709505e+01 	 7.7106478258e-03
500 	 513 	 7.1252251095e+01 	 4.3784801184e-03
600 	 616 	 7.1251073450e+01 	 3.4212222405e-03
700 	 717 	 7.1250531334e+01 	 2.5676070544e-03
800 	 818 	 7.1250201289e+01 	 2.0679241500e-03
900 	 919 	 7.1249973366e+01 	 1.6786496946e-03
1000 	 1020 	 7.1249769250e+01 	 1.7607604173e-03
1100 	 1120 	 7.1249561021e+01 	 1.3958102124e-03
1200 	 1221 	 7.1249332582e+01 	 2.0958053255e-03
1300 	 1322 	 7.1249161763e+01 	 1.6961955513e-03
1400 	 1424 	 7.1249038797e+01 	 1.8737030071e-03
1500 	 1528 	 7.1248941293e+01 	 1.6126503646e-03
1600 	 1630 	 7.1248849528e+01 	 1.3837262472e-03
1700 	 1732 	 7.1248772794e+01 	 2.3016009135e-03
1800 	 1835 	 7.1248702030e+01 	 9.1989416324e-04
1900 	 1939 	 7.1248643975e+01 	 7.1106787870e-04
2000 	 2041 	 7.1248594537e+01 	 7.5103535696e-04
2100 	 2143 	 7.1248544035e+01 	 9.7327261943e-04
2200 	 2243 	 7.1248485802e+01 	 9.0842347323e-04
2300 	 2345 	 7.1248433090e+01 	 1.7701938753e-03
2400 	 2447 	 7.1248380747e+01 	 1.5128652466e-03
2500 	 2549 	 7.1248327767e+01 	 7.9324336569e-04
2600 	 2652 	 7.1248279335e+01 	 6.2885424128e-04
2700 	 2754 	 7.1248241855e+01 	 6.2653953866e-04
2800 	 2857 	 7.1248207298e+01 	 9.4157191785e-04
2900 	 2959 	 7.1248179441e+01 	 4.7394053463e-04
3000 	 3062 	 7.1248152478e+01 	 6.1480967247e-04
3100 	 3166 	 7.1248120692e+01 	 7.4342706713e-04
3200 	 3268 	 7.1248089649e+01 	 6.8262576811e-04
3300 	 3373 	 7.1248054212e+01 	 1.0391054724e-03
3400 	 3477 	 7.1248006916e+01 	 9.2500983527e-04
3500 	 3581 	 7.1247962997e+01 	 6.8324047719e-04
3600 	 3683 	 7.1247927388e+01 	 2.0494694515e-03
3700 	 3786 	 7.1247892164e+01 	 6.1757361239e-04
3800 	 3890 	 7.1247858500e+01 	 6.2423908521e-04
3900 	 3993 	 7.1247825598e+01 	 1.3570876333e-03
4000 	 4095 	 7.1247792767e+01 	 7.2050260614e-04
4100 	 4197 	 7.1247754770e+01 	 1.4295552077e-03
4200 	 4300 	 7.1247725345e+01 	 6.4239917853e-04
4300 	 4402 	 7.1247697323e+01 	 6.3880349787e-04
4400 	 4505 	 7.1247671303e+01 	 4.3146757439e-04
4500 	 4607 	 7.1247650894e+01 	 5.3343108832e-04
4600 	 4708 	 7.1247634639e+01 	 3.7513849592e-04
4700 	 4810 	 7.1247620524e+01 	 3.0251433863e-04
4800 	 4914 	 7.1247605780e+01 	 3.7405535449e-04
4900 	 5019 	 7.1247587692e+01 	 5.1903186391e-04
5000 	 5120 	 7.1247572085e+01 	 1.0551161573e-03
5100 	 5222 	 7.1247560926e+01 	 3.1552623945e-04
5200 	 5323 	 7.1247551397e+01 	 4.1319339301e-04
5300 	 5425 	 7.1247542846e+01 	 8.7005760940e-04
5400 	 5527 	 7.1247535044e+01 	 3.6675115631e-04
5500 	 5632 	 7.1247527943e+01 	 3.1994316212e-04
5600 	 5736 	 7.1247521048e+01 	 3.1867950798e-04
5700 	 5838 	 7.1247514119e+01 	 5.0390521038e-04
5800 	 5940 	 7.1247504173e+01 	 3.5410280221e-04
5900 	 6041 	 7.1247494358e+01 	 1.0086681149e-03
6000 	 6142 	 7.1247485377e+01 	 3.6185219085e-04
6100 	 6245 	 7.1247478303e+01 	 3.5685122024e-04
6200 	 6347 	 7.1247472726e+01 	 2.4992095098e-04
6300 	 6451 	 7.1247468445e+01 	 1.7220022037e-04
6400 	 6555 	 7.1247465139e+01 	 2.0047637675e-04
6500 	 6660 	 7.1247462362e+01 	 5.0518986920e-04
6600 	 6761 	 7.1247459762e+01 	 1.9102128235e-04
6700 	 6863 	 7.1247456795e+01 	 1.7709117321e-04
6800 	 6965 	 7.1247453507e+01 	 2.3166868992e-04
6900 	 7066 	 7.1247450943e+01 	 1.5835373638e-04
7000 	 7169 	 7.1247448552e+01 	 1.8129915012e-04
7100 	 7272 	 7.1247445946e+01 	 1.7640912107e-04
7200 	 7375 	 7.1247443986e+01 	 3.0942154619e-04
7300 	 7477 	 7.1247442577e+01 	 3.0117352587e-04
7400 	 7581 	 7.1247440862e+01 	 1.4277923717e-04
7500 	 7681 	 7.1247439232e+01 	 1.2864913320e-04
7600 	 7784 	 7.1247438117e+01 	 1.1561012624e-04
7700 	 7888 	 7.1247437129e+01 	 2.0832796679e-04
7800 	 7991 	 7.1247436142e+01 	 1.4330178534e-04
7900 	 8094 	 7.1247434796e+01 	 2.5914252414e-04
8000 	 8195 	 7.1247433530e+01 	 1.2571575191e-04
8100 	 8297 	 7.1247432129e+01 	 1.1457778430e-04
8200 	 8400 	 7.1247431097e+01 	 8.3373461277e-05
8300 	 8501 	 7.1247430041e+01 	 1.4124645207e-04
8400 	 8604 	 7.1247429223e+01 	 1.3104229512e-04
8500 	 8706 	 7.1247428398e+01 	 1.2530035537e-04
8600 	 8810 	 7.1247427563e+01 	 1.4010894427e-04
8700 	 8912 	 7.1247426501e+01 	 9.7005002515e-05
8800 	 9013 	 7.1247425388e+01 	 1.4055292282e-04
8900 	 9118 	 7.1247424442e+01 	 9.6504607472e-05
9000 	 9220 	 7.1247423741e+01 	 6.2153133523e-05
9100 	 9323 	 7.1247423154e+01 	 1.1936633416e-04
9200 	 9427 	 7.1247422732e+01 	 1.0151425807e-04
9300 	 9531 	 7.1247422402e+01 	 6.9176350561e-05
9400 	 9636 	 7.1247422137e+01 	 6.9252486788e-05
9500 	 9737 	 7.1247421936e+01 	 1.0177442513e-04
9600 	 9838 	 7.1247421740e+01 	 4.3572947375e-05
9700 	 9941 	 7.1247421574e+01 	 4.3794845066e-05
9800 	 10046 	 7.1247421451e+01 	 3.6155621226e-05
9900 	 10147 	 7.1247421318e+01 	 3.7729486615e-05
10000 	 10251 	 7.1247421175e+01 	 4.5635856499e-05
10100 	 10353 	 7.1247421037e+01 	 4.2931230282e-05
10200 	 10457 	 7.1247420896e+01 	 3.4353139847e-05
10300 	 10561 	 7.1247420767e+01 	 3.5783782098e-05
10400 	 10663 	 7.1247420649e+01 	 3.3893757800e-05
10500 	 10765 	 7.1247420559e+01 	 2.6697212661e-05
10600 	 10869 	 7.1247420483e+01 	 3.2169805747e-05
10700 	 10972 	 7.1247420405e+01 	 3.6079774905e-05
10800 	 11076 	 7.1247420319e+01 	 3.0022259428e-05
10900 	 11180 	 7.1247420241e+01 	 2.9512002331e-05
11000 	 11284 	 7.1247420173e+01 	 3.5161368635e-05
11100 	 11385 	 7.1247420118e+01 	 3.3369820107e-05
11200 	 11486 	 7.1247420055e+01 	 3.3354956720e-05
11300 	 11587 	 7.1247420001e+01 	 2.1515188621e-05
11400 	 11688 	 7.1247419958e+01 	 1.9667140314e-05
11500 	 11792 	 7.1247419921e+01 	 3.4716995993e-05
11600 	 11897 	 7.1247419891e+01 	 1.8835934477e-05
11700 	 11999 	 7.1247419864e+01 	 3.6123434508e-05
11800 	 12101 	 7.1247419838e+01 	 4.2674006094e-05
11900 	 12203 	 7.1247419813e+01 	 1.4956292524e-05
12000 	 12303 	 7.1247419788e+01 	 1.2933511853e-05
12100 	 12404 	 7.1247419762e+01 	 1.7204080003e-05
12200 	 12506 	 7.1247419736e+01 	 1.7651238431e-05
12300 	 12607 	 7.1247419708e+01 	 1.4836914832e-05
12400 	 12710 	 7.1247419683e+01 	 1.4101332108e-05
12500 	 12814 	 7.1247419658e+01 	 1.6030942774e-05
12600 	 12920 	 7.1247419636e+01 	 2.1640056710e-05
12700 	 13023 	 7.1247419615e+01 	 1.3526112867e-05
12800 	 13127 	 7.1247419600e+01 	 1.0077948329e-05
12900 	 13228 	 7.1247419589e+01 	 1.1509673885e-05
13000 	 13329 	 7.1247419581e+01 	 1.1421677641e-05
13100 	 13432 	 7.1247419572e+01 	 8.9357644126e-06
13200 	 13534 	 7.1247419565e+01 	 1.2042164303e-05
13300 	 13636 	 7.1247419558e+01 	 8.3047510317e-06
13400 	 13738 	 7.1247419552e+01 	 6.1281935374e-06
13500 	 13838 	 7.1247419548e+01 	 6.9292308995e-06
13600 	 13941 	 7.1247419542e+01 	 1.0596175729e-05
13700 	 14043 	 7.1247419535e+01 	 9.3799964718e-06
13800 	 14147 	 7.1247419529e+01 	 9.7206357783e-06
13900 	 14251 	 7.1247419524e+01 	 1.2329063744e-05
14000 	 14351 	 7.1247419518e+01 	 8.2407990961e-06
14100 	 14455 	 7.1247419513e+01 	 9.0725353996e-06
14200 	 14556 	 7.1247419508e+01 	 7.2769146884e-06
14300 	 14658 	 7.1247419503e+01 	 8.4530140755e-06
14400 	 14761 	 7.1247419498e+01 	 6.3179863032e-06
14500 	 14865 	 7.1247419495e+01 	 1.1002192369e-05
14600 	 14967 	 7.1247419493e+01 	 5.4227175033e-06
14700 	 15069 	 7.1247419491e+01 	 4.5891764000e-06
14800 	 15173 	 7.1247419489e+01 	 4.3427798918e-06
14900 	 15276 	 7.1247419486e+01 	 6.1823295913e-06
15000 	 15379 	 7.1247419484e+01 	 1.0675788582e-05
15100 	 15485 	 7.1247419481e+01 	 4.3925974605e-06
15200 	 15587 	 7.1247419478e+01 	 4.7397099402e-06
15300 	 15692 	 7.1247419476e+01 	 6.0668949626e-06
15400 	 15796 	 7.1247419474e+01 	 6.1928391769e-06
15500 	 15897 	 7.1247419473e+01 	 3.5009594240e-06
15600 	 15999 	 7.1247419472e+01 	 2.9139891221e-06
15700 	 16102 	 7.1247419472e+01 	 4.6132468623e-06
15800 	 16206 	 7.1247419471e+01 	 2.1995962882e-06
15900 	 16308 	 7.1247419470e+01 	 6.3598808702e-06
16000 	 16411 	 7.1247419470e+01 	 3.3407338020e-06
16100 	 16513 	 7.1247419469e+01 	 2.1236606776e-06
16200 	 16616 	 7.1247419469e+01 	 4.8097837642e-06
16300 	 16720 	 7.1247419469e+01 	 4.1198897935e-06
16400 	 16824 	 7.1247419468e+01 	 3.4351138768e-06
16500 	 16927 	 7.1247419467e+01 	 2.4179240103e-06
16600 	 17027 	 7.1247419466e+01 	 3.4980693015e-06
16700 	 17128 	 7.1247419465e+01 	 2.2232067298e-06
16800 	 17229 	 7.1247419465e+01 	 2.1162352597e-06
16900 	 17332 	 7.1247419464e+01 	 2.3688332897e-06
17000 	 17437 	 7.1247419464e+01 	 2.3003313164e-06
17100 	 17540 	 7.1247419464e+01 	 2.1625528333e-06
17200 	 17642 	 7.1247419463e+01 	 4.5379763508e-06
17300 	 17744 	 7.1247419463e+01 	 2.3009653592e-06
17400 	 17847 	 7.1247419462e+01 	 2.7010109254e-06
17500 	 17949 	 7.1247419462e+01 	 1.4852952214e-06
17600 	 18052 	 7.1247419461e+01 	 2.1650037969e-06
17700 	 18155 	 7.1247419461e+01 	 1.7995381761e-06
17800 	 18257 	 7.1247419461e+01 	 6.2733751695e-07
17900 	 18360 	 7.1247419461e+01 	 1.9616470469e-06
18000 	 18467 	 7.1247419461e+01 	 8.7085168440e-07
18100 	 18573 	 7.1247419461e+01 	 6.6044064010e-07
18200 	 18682 	 7.1247419461e+01 	 5.1803383573e-07
18300 	 18791 	 7.1247419461e+01 	 9.8164567485e-07
18400 	 18903 	 7.1247419461e+01 	 1.0331380658e-06
18500 	 19011 	 7.1247419461e+01 	 4.5543929329e-07
18600 	 19126 	 7.1247419461e+01 	 4.5557893254e-07
18700 	 19247 	 7.1247419461e+01 	 3.0058791206e-07
# ---- 
 1 		 18746 	 19319 		 7.7393347213e+01 	 7.1247419461e+01 	 6.0991999790e-07
# ---- 
100 	 102 	 7.1246916234e+01 	 5.4868098558e-02
200 	 205 	 7.1187945044e+01 	 2.3408502168e-02
300 	 308 	 7.1170142665e+01 	 1.7745245789e-02
400 	 413 	 7.1163687848e+01 	 7.4358788029e-03
500 	 515 	 7.1161256266e+01 	 1.1855289187e-02
600 	 616 	 7.1160079271e+01 	 2.8159329420e-03
700 	 718 	 7.1159563029e+01 	 3.0600263292e-03
800 	 820 	 7.1159215357e+01 	 1.6822911963e-03
900 	 921 	 7.1158977633e+01 	 1.8300054551e-03
1000 	 1026 	 7.1158778667e+01 	 1.2524285961e-03
1100 	 1128 	 7.1158598904e+01 	 1.9062606917e-03
1200 	 1229 	 7.1158389210e+01 	 1.4719768453e-03
1300 	 1334 	 7.1158226463e+01 	 1.5856336994e-03
1400 	 1436 	 7.1158113409e+01 	 9.7526043496e-04
1500 	 1540 	 7.1158026131e+01 	 1.2764072077e-03
1600 	 1641 	 7.1157953171e+01 	 1.3281015102e-03
1700 	 1742 	 7.1157892847e+01 	 9.4988351119e-04
1800 	 1845 	 7.1157838480e+01 	 9.0044365293e-04
1900 	 1949 	 7.1157793439e+01 	 1.0106466814e-03
2000 	 2052 	 7.1157749419e+01 	 1.2430881080e-03
2100 	 2155 	 7.1157705627e+01 	 7.7646269339e-04
2200 	 2259 	 7.1157654581e+01 	 7.7420925828e-04
2300 	 2359 	 7.1157609262e+01 	 1.3379131678e-03
2400 	 2460 	 7.1157550954e+01 	 7.7788229773e-04
2500 	 2561 	 7.1157488839e+01 	 8.9862231566e-04
2600 	 2663 	 7.1157436196e+01 	 2.3423028047e-03
2700 	 2764 	 7.1157386912e+01 	 1.0980686930e-03
2800 	 2865 	 7.1157340817e+01 	 8.6820906597e-04
2900 	 2966 	 7.1157296016e+01 	 7.2470517791e-04
3000 	 3068 	 7.1157250926e+01 	 1.0100587614e-03
3100 	 3172 	 7.1157202097e+01 	 9.2289743585e-04
3200 	 3277 	 7.1157151157e+01 	 7.5907160544e-04
3300 	 3380 	 7.1157097053e+01 	 8.7473283526e-04
3400 	 3481 	 7.1157040977e+01 	 7.1712246758e-04
3500 	 3586 	 7.1156983012e+01 	 1.5261574282e-03
3600 	 3688 	 7.1156924719e+01 	 1.0100069736e-03
3700 	 3792 	 7.1156867245e+01 	 6.9485567260e-04
3800 	 3894 	 7.1156815206e+01 	 1.1118988104e-03
3900 	 3998 	 7.1156759403e+01 	 1.1457819148e-03
4000 	 4101 	 7.1156706705e+01 	 8.6617068499e-04
4100 	 4206 	 7.1156672642e+01 	 5.2874121686e-04
4200 	 4307 	 7.1156647464e+01 	 6.6536383215e-04
4300 	 4409 	 7.1156620350e+01 	 9.5567245683e-04
4400 	 4510 	 7.1156590484e+01 	 5.4149783037e-04
4500 	 4612 	 7.1156558735e+01 	 5.5453084554e-04
4600 	 4717 	 7.1156538863e+01 	 6.7408671726e-04
4700 	 4821 	 7.1156519266e+01 	 8.3109530872e-04
4800 	 4923 	 7.1156501215e+01 	 3.8791160101e-04
4900 	 5025 	 7.1156484928e+01 	 3.1241306646e-04
5000 	 5127 	 7.1156469221e+01 	 1.2850202027e-03
5100 	 5231 	 7.1156453391e+01 	 4.5596846811e-04
5200 	 5332 	 7.1156436607e+01 	 4.8518538887e-04
5300 	 5436 	 7.1156419873e+01 	 4.0982003426e-04
5400 	 5541 	 7.1156407598e+01 	 5.1518219591e-04
5500 	 5643 	 7.1156398742e+01 	 3.3727217365e-04
5600 	 5746 	 7.1156391735e+01 	 2.6649685886e-04
5700 	 5848 	 7.1156385457e+01 	 2.3327173878e-04
5800 	 5950 	 7.1156381285e+01 	 1.9977336046e-04
5900 	 6054 	 7.1156377107e+01 	 2.3162126213e-04
6000 	 6159 	 7.1156373497e+01 	 2.0153910610e-04
6100 	 6262 	 7.1156368309e+01 	 2.1745125723e-04
6200 	 6364 	 7.1156360469e+01 	 2.5162789614e-04
6300 	 6465 	 7.1156353425e+01 	 3.1117508565e-04
6400 	 6567 	 7.1156345762e+01 	 2.8342711331e-04
6500 	 6670 	 7.1156340235e+01 	 1.6570092287e-04
6600 	 6773 	 7.1156335974e+01 	 2.0384042363e-04
6700 	 6875 	 7.1156333385e+01 	 1.5107297505e-04
6800 	 6978 	 7.1156330245e+01 	 2.1514439230e-04
6900 	 7080 	 7.1156325922e+01 	 2.3855555498e-04
7000 	 7184 	 7.1156321905e+01 	 4.1623282170e-04
7100 	 7285 	 7.1156319298e+01 	 1.7822922063e-04
7200 	 7389 	 7.1156317074e+01 	 3.3260186260e-04
7300 	 7490 	 7.1156314610e+01 	 2.7648887093e-04
7400 	 7593 	 7.1156312183e+01 	 3.8670793431e-04
7500 	 7698 	 7.1156309688e+01 	 1.6454602818e-04
7600 	 7798 	 7.1156307036e+01 	 1.8647929620e-04
7700 	 7899 	 7.1156304509e+01 	 2.0903088463e-04
7800 	 7999 	 7.1156302170e+01 	 1.6983278578e-04
7900 	 8102 	 7.1156299974e+01 	 1.6173638442e-04
8000 	 8203 	 7.1156298300e+01 	 1.2931420130e-04
8100 	 8306 	 7.1156297008e+01 	 1.0213445224e-04
8200 	 8406 	 7.1156295615e+01 	 1.5347514681e-04
8300 	 8510 	 7.1156294480e+01 	 2.3430442686e-04
8400 	 8610 	 7.1156293546e+01 	 1.5968392310e-04
8500 	 8714 	 7.1156292613e+01 	 1.4395095791e-04
8600 	 8817 	 7.1156291675e+01 	 2.2515454996e-04
8700 	 8921 	 7.1156290004e+01 	 1.6010287799e-04
8800 	 9023 	 7.1156288334e+01 	 1.7282713496e-04
8900 	 9126 	 7.1156286873e+01 	 1.2503849726e-04
9000 	 9228 	 7.1156285101e+01 	 1.2455922013e-04
9100 	 9331 	 7.1156283703e+01 	 1.6140479123e-04
9200 	 9435 	 7.1156282221e+01 	 2.4777152166e-04
9300 	 9539 	 7.1156281048e+01 	 1.3639065818e-04
9400 	 9642 	 7.1156280047e+01 	 2.0658890654e-04
9500 	 9742 	 7.1156279009e+01 	 9.4935417921e-05
9600 	 9846 	 7.1156278012e+01 	 1.8051680821e-04
9700 	 9949 	 7.1156277330e+01 	 1.2561448445e-04
9800 	 10051 	 7.1156276857e+01 	 6.7909777867e-05
9900 	 10152 	 7.1156276512e+01 	 6.9350609964e-05
10000 	 10254 	 7.1156276278e+01 	 4.9470481419e-05
10100 	 10357 	 7.1156276017e+01 	 1.5170528593e-04
10200 	 10459 	 7.1156275733e+01 	 7.4530491116e-05
10300 	 10564 	 7.1156275406e+01 	 8.2740238333e-05
10400 	 10666 	 7.1156274968e+01 	 7.3141447414e-05
10500 	 10769 	 7.1156274418e+01 	 1.0947929274e-04
10600 	 10871 	 7.1156273900e+01 	 9.8289797524e-05
10700 	 10974 	 7.1156273451e+01 	 1.2152561295e-04
10800 	 11077 	 7.1156272934e+01 	 1.4546731667e-04
10900 	 11178 	 7.1156272555e+01 	 5.7182280128e-05
11000 	 11280 	 7.1156272319e+01 	 4.6695832498e-05
11100 	 11382 	 7.1156272126e+01 	 1.0415639191e-04
11200 	 11484 	 7.1156271926e+01 	 3.7628501510e-05
11300 	 11587 	 7.1156271725e+01 	 4.8213788293e-05
11400 	 11691 	 7.1156271558e+01 	 5.9777074138e-05
11500 	 11793 	 7.1156271409e+01 	 3.4108204596e-05
11600 	 11896 	 7.1156271237e+01 	 4.2705896830e-05
11700 	 11998 	 7.1156271076e+01 	 3.6727753560e-05
11800 	 12100 	 7.1156270931e+01 	 3.9402900900e-05
11900 	 12201 	 7.1156270819e+01 	 3.3698658594e-05
12000 	 12306 	 7.1156270733e+01 	 3.9110846697e-05
12100 	 12407 	 7.1156270662e+01 	 3.8583835483e-05
12200 	 12508 	 7.1156270601e+01 	 2.8811884562e-05
12300 	 12611 	 7.1156270564e+01 	 1.6577401369e-05
12400 	 12712 	 7.1156270537e+01 	 1.6264274016e-05
12500 	 12814 	 7.1156270515e+01 	 3.1242710317e-05
12600 	 12916 	 7.1156270496e+01 	 1.1520403017e-05
12700 	 13021 	 7.1156270469e+01 	 1.4464278079e-05
12800 	 13123 	 7.1156270438e+01 	 2.0360368742e-05
12900 	 13224 	 7.1156270409e+01 	 3.9951910919e-05
13000 	 13329 	 7.1156270394e+01 	 9.5816186659e-06
13100 	 13431 	 7.1156270384e+01 	 1.8355320311e-05
13200 	 13532 	 7.1156270376e+01 	 3.1651663796e-05
13300 	 13635 	 7.1156270367e+01 	 7.7370661570e-06
13400 	 13738 	 7.1156270359e+01 	 1.0898267552e-05
13500 	 13839 	 7.1156270351e+01 	 1.1026802826e-05
13600 	 13941 	 7.1156270339e+01 	 2.3151308361e-05
13700 	 14043 	 7.1156270325e+01 	 1.2459904138e-05
13800 	 14147 	 7.1156270310e+01 	 1.0110892831e-05
13900 	 14249 	 7.1156270297e+01 	 2.5911940739e-05
14000 	 14352 	 7.1156270286e+01 	 1.5872670454e-05
14100 	 14453 	 7.1156270274e+01 	 1.0609695640e-05
14200 	 14554 	 7.1156270264e+01 	 1.2138671941e-05
14300 	 14656 	 7.1156270253e+01 	 2.8687064834e-05
14400 	 14757 	 7.1156270244e+01 	 2.5834170223e-05
14500 	 14859 	 7.1156270236e+01 	 2.4513496491e-05
14600 	 14962 	 7.1156270228e+01 	 8.2533606592e-06
14700 	 15065 	 7.1156270220e+01 	 7.5228609721e-06
14800 	 15169 	 7.1156270213e+01 	 9.2106518872e-06
14900 	 15272 	 7.1156270204e+01 	 1.0274190551e-05
15000 	 15376 	 7.1156270198e+01 	 6.0681533148e-06
15100 	 15478 	 7.1156270192e+01 	 8.3053177978e-06
15200 	 15580 	 7.1156270188e+01 	 7.3217131751e-06
15300 	 15681 	 7.1156270184e+01 	 1.4703097254e-05
15400 	 15784 	 7.1156270181e+01 	 6.9842283406e-06
15500 	 15886 	 7.1156270177e+01 	 5.7884010954e-06
15600 	 15988 	 7.1156270175e+01 	 5.9513777068e-06
15700 	 16090 	 7.1156270172e+01 	 5.4649037451e-06
15800 	 16193 	 7.1156270169e+01 	 6.6466789480e-06
15900 	 16296 	 7.1156270166e+01 	 8.8154707535e-06
16000 	 16398 	 7.1156270163e+01 	 5.8414774932e-06
16100 	 16500 	 7.1156270162e+01 	 5.1448571032e-06
16200 	 16602 	 7.1156270160e+01 	 4.2989039577e-06
16300 	 16703 	 7.1156270158e+01 	 3.8206135321e-06
16400 	 16806 	 7.1156270157e+01 	 3.8407462865e-06
16500 	 16908 	 7.1156270156e+01 	 3.0363302647e-06
16600 	 17011 	 7.1156270155e+01 	 3.2499385792e-06
16700 	 17114 	 7.1156270155e+01 	 2.3154592595e-06
16800 	 17217 	 7.1156270154e+01 	 6.9335846793e-06
16900 	 17319 	 7.1156270152e+01 	 4.5396974575e-06
17000 	 17422 	 7.1156270150e+01 	 8.5281334946e-06
17100 	 17526 	 7.1156270148e+01 	 8.2665873301e-06
17200 	 17629 	 7.1156270145e+01 	 7.4963165001e-06
17300 	 17731 	 7.1156270143e+01 	 5.0740720563e-06
17400 	 17832 	 7.1156270140e+01 	 4.6650409103e-06
17500 	 17934 	 7.1156270139e+01 	 3.7075592415e-06
17600 	 18036 	 7.1156270138e+01 	 3.0007915748e-06
17700 	 18138 	 7.1156270137e+01 	 5.0374828024e-06
17800 	 18240 	 7.1156270136e+01 	 2.1019398078e-06
17900 	 18344 	 7.1156270136e+01 	 2.7457638689e-06
18000 	 18447 	 7.1156270135e+01 	 3.5026399605e-06
18100 	 18550 	 7.1156270135e+01 	 4.1429431820e-06
18200 	 18650 	 7.1156270135e+01 	 2.8715464881e-06
18300 	 18753 	 7.1156270134e+01 	 1.3825993970e-06
18400 	 18854 	 7.1156270134e+01 	 2.1086844428e-06
18500 	 18958 	 7.1156270134e+01 	 2.1110278907e-06
18600 	 19059 	 7.1156270134e+01 	 1.6345944824e-06
18700 	 19162 	 7.1156270133e+01 	 1.1777711528e-06
18800 	 19264 	 7.1156270133e+01 	 1.5435562624e-06
18900 	 19365 	 7.1156270133e+01 	 1.5251325365e-06
19000 	 19469 	 7.1156270133e+01 	 1.2162777470e-06
19100 	 19571 	 7.1156270133e+01 	 1.6799633188e-06
19200 	 19675 	 7.1156270133e+01 	 1.1128118073e-06
19300 	 19782 	 7.1156270133e+01 	 5.2020614621e-07
19400 	 19883 	 7.1156270133e+01 	 1.8926240435e-06
19500 	 19985 	 7.1156270133e+01 	 9.7672951937e-07
19600 	 20090 	 7.1156270132e+01 	 1.2518699536e-06
19700 	 20197 	 7.1156270132e+01 	 7.8222146859e-07
19800 	 20305 	 7.1156270132e+01 	 9.1964980224e-07
19900 	 20408 	 7.1156270132e+01 	 1.8134890222e-06
20000 	 20511 	 7.1156270132e+01 	 8.1096846119e-07
20100 	 20621 	 7.1156270132e+01 	 8.7798752114e-07
20200 	 20733 	 7.1156270132e+01 	 5.3936504133e-07
20300 	 20845 	 7.1156270132e+01 	 1.2763599402e-06
20400 	 20953 	 7.1156270132e+01 	 8.5941717391e-07
20500 	 21060 	 7.1156270132e+01 	 4.4465315362e-07
20600 	 21172 	 7.1156270132e+01 	 5.9944919758e-07
20700 	 21283 	 7.1156270132e+01 	 4.4825822697e-07
20800 	 21394 	 7.1156270132e+01 	 6.8735613221e-07
20900 	 21508 	 7.1156270132e+01 	 2.4989461133e-07
21000 	 21624 	 7.1156270132e+01 	 3.0203423745e-07
# ---- 
 1 		 21060 	 21714 		 7.7297143923e+01 	 7.1156270132e+01 	 5.0157525765e-07
# ---- 
100 	 109 	 7.1172878681e+01 	 5.7327518351e-02
200 	 211 	 7.1114560647e+01 	 2.2772216680e-02
300 	 313 	 7.1097039839e+01 	 1.0401049947e-02
400 	 414 	 7.1090672068e+01 	 6.2721934133e-03
500 	 516 	 7.1088339058e+01 	 4.3164775729e-03
600 	 618 	 7.1087116060e+01 	 3.8283122829e-03
700 	 721 	 7.1086568072e+01 	 2.6317473094e-03
800 	 824 	 7.1086206231e+01 	 3.5942295593e-03
900 	 927 	 7.1085969718e+01 	 1.7770681796e-03
1000 	 1030 	 7.1085782808e+01 	 1.8002540581e-03
1100 	 1132 	 7.1085610002e+01 	 2.2160809213e-03
1200 	 1232 	 7.1085414946e+01 	 1.5337067533e-03
1300 	 1336 	 7.1085247556e+01 	 2.0547663586e-03
1400 	 1438 	 7.1085118153e+01 	 1.3172769423e-03
1500 	 1541 	 7.1085018050e+01 	 1.2037117345e-03
1600 	 1642 	 7.1084933354e+01 	 1.0360241255e-03
1700 	 1746 	 7.1084864664e+01 	 8.1253910755e-04
1800 	 1847 	 7.1084800807e+01 	 1.0088924716e-03
1900 	 1949 	 7.1084730284e+01 	 8.9789037680e-04
2000 	 2052 	 7.1084673923e+01 	 1.4565496189e-03
2100 	 2155 	 7.1084624358e+01 	 7.6191028627e-04
2200 	 2257 	 7.1084563138e+01 	 9.5736768770e-04
2300 	 2361 	 7.1084499099e+01 	 9.1027614237e-04
2400 	 2463 	 7.1084432144e+01 	 1.4230805939e-03
2500 	 2566 	 7.1084357335e+01 	 1.0619598860e-03
2600 	 2668 	 7.1084298855e+01 	 9.1823332730e-04
2700 	 2769 	 7.1084250728e+01 	 9.1272995952e-04
2800 	 2873 	 7.1084196575e+01 	 1.6992134734e-03
2900 	 2974 	 7.1084146383e+01 	 8.3378780392e-04
3000 	 3077 	 7.1084095702e+01 	 1.2407829977e-03
3100 	 3178 	 7.1084046695e+01 	 9.2413734458e-04
3200 	 3282 	 7.1084001860e+01 	 8.8452328398e-04
3300 	 3384 	 7.1083956395e+01 	 9.4070689329e-04
3400 	 3486 	 7.1083906133e+01 	 7.8798576977e-04
3500 	 3588 	 7.1083845251e+01 	 1.0326695828e-03
3600 	 3689 	 7.1083798252e+01 	 1.2042399142e-03
3700 	 3792 	 7.1083746889e+01 	 7.5886177047e-04
3800 	 3895 	 7.1083692068e+01 	 5.9958727954e-04
3900 	 3997 	 7.1083633755e+01 	 1.6010105459e-03
4000 	 4098 	 7.1083579698e+01 	 6.8226875464e-04
4100 	 4201 	 7.1083532501e+01 	 6.3610212257e-04
4200 	 4303 	 7.1083489180e+01 	 5.1514744173e-04
4300 	 4405 	 7.1083446108e+01 	 8.4139414503e-04
4400 	 4506 	 7.1083398959e+01 	 8.3545337804e-04
4500 	 4609 	 7.1083356040e+01 	 6.9769888830e-04
4600 	 4710 	 7.1083322975e+01 	 5.6867758452e-04
4700 	 4813 	 7.1083291446e+01 	 8.2848804395e-04
4800 	 4915 	 7.1083257892e+01 	 5.6397894767e-04
4900 	 5017 	 7.1083231994e+01 	 8.9223748560e-04
5000 	 5120 	 7.1083201677e+01 	 5.6840705025e-04
5100 	 5224 	 7.1083174311e+01 	 4.9493236688e-04
5200 	 5328 	 7.1083151700e+01 	 5.5859747464e-04
5300 	 5431 	 7.1083130180e+01 	 5.7086517659e-04
5400 	 5537 	 7.1083109990e+01 	 4.5636328055e-04
5500 	 5640 	 7.1083090186e+01 	 4.2449858425e-04
5600 	 5744 	 7.1083075269e+01 	 4.0942734685e-04
5700 	 5844 	 7.1083062366e+01 	 4.3716502650e-04
5800 	 5948 	 7.1083053448e+01 	 4.5387758913e-04
5900 	 6050 	 7.1083045943e+01 	 3.5589113046e-04
6000 	 6153 	 7.1083038569e+01 	 3.0118659331e-04
6100 	 6257 	 7.1083029065e+01 	 3.3158000348e-04
6200 	 6359 	 7.1083020054e+01 	 6.6404111046e-04
6300 	 6462 	 7.1083013826e+01 	 3.8944939287e-04
6400 	 6564 	 7.1083007698e+01 	 2.3229840910e-04
6500 	 6667 	 7.1083001881e+01 	 2.2598450878e-04
6600 	 6768 	 7.1082995159e+01 	 5.2448264563e-04
6700 	 6871 	 7.1082988867e+01 	 3.7724292350e-04
6800 	 6973 	 7.1082979777e+01 	 3.1506540242e-04
6900 	 7077 	 7.1082970077e+01 	 4.5794521923e-04
7000 	 7179 	 7.1082960813e+01 	 2.8178817236e-04
7100 	 7281 	 7.1082953804e+01 	 2.1631981075e-04
7200 	 7383 	 7.1082947867e+01 	 2.4289516951e-04
7300 	 7485 	 7.1082942786e+01 	 2.5549197982e-04
7400 	 7590 	 7.1082938203e+01 	 2.0179861525e-04
7500 	 7694 	 7.1082933412e+01 	 2.3708003552e-04
7600 	 7794 	 7.1082929032e+01 	 2.2874696367e-04
7700 	 7897 	 7.1082925121e+01 	 1.9259843830e-04
7800 	 8000 	 7.1082922295e+01 	 2.1920299216e-04
7900 	 8102 	 7.1082919678e+01 	 3.2714710976e-04
8000 	 8204 	 7.1082917454e+01 	 1.3396478235e-04
8100 	 8307 	 7.1082915383e+01 	 1.7527169709e-04
8200 	 8411 	 7.1082912877e+01 	 1.8615483827e-04
8300 	 8515 	 7.1082909961e+01 	 1.4803535536e-04
8400 	 8618 	 7.1082907184e+01 	 2.8655171064e-04
8500 	 8720 	 7.1082904967e+01 	 3.5717709940e-04
8600 	 8822 	 7.1082902693e+01 	 1.1707640686e-04
8700 	 8925 	 7.1082900596e+01 	 3.6402742623e-04
8800 	 9029 	 7.1082898649e+01 	 1.3278142307e-04
8900 	 9134 	 7.1082896871e+01 	 2.8233168345e-04
9000 	 9237 	 7.1082894955e+01 	 1.9920139540e-04
9100 	 9339 	 7.1082893279e+01 	 1.3920846119e-04
9200 	 9441 	 7.1082891956e+01 	 2.4806032198e-04
9300 	 9543 	 7.1082890533e+01 	 3.3594144204e-04
9400 	 9644 	 7.1082888754e+01 	 2.3130933580e-04
9500 	 9746 	 7.1082887062e+01 	 1.2249213039e-04
9600 	 9847 	 7.1082885572e+01 	 9.2613298722e-05
9700 	 9948 	 7.1082884458e+01 	 1.4539267062e-04
9800 	 10050 	 7.1082883682e+01 	 2.4434710143e-04
9900 	 10152 	 7.1082882894e+01 	 2.7103066442e-04
10000 	 10255 	 7.1082882246e+01 	 8.2443048779e-05
10100 	 10359 	 7.1082881681e+01 	 9.2687091391e-05
10200 	 10460 	 7.1082881210e+01 	 7.6641544500e-05
10300 	 10561 	 7.1082880834e+01 	 6.7957964447e-05
10400 	 10664 	 7.1082880394e+01 	 8.7206493080e-05
10500 	 10767 	 7.1082880000e+01 	 6.4491959932e-05
10600 	 10870 	 7.1082879662e+01 	 8.5565198479e-05
10700 	 10974 	 7.1082879319e+01 	 5.0536534912e-05
10800 	 11075 	 7.1082878987e+01 	 8.2954146885e-05
10900 	 11179 	 7.1082878756e+01 	 3.8449348813e-05
11000 	 11281 	 7.1082878573e+01 	 5.4173527612e-05
11100 	 11385 	 7.1082878390e+01 	 4.3315582516e-05
11200 	 11487 	 7.1082878249e+01 	 3.5913623898e-05
11300 	 11589 	 7.1082878156e+01 	 3.5100726447e-05
11400 	 11691 	 7.1082878071e+01 	 6.2926291963e-05
11500 	 11795 	 7.1082877970e+01 	 5.5881164989e-05
11600 	 11899 	 7.1082877818e+01 	 3.8568446686e-05
11700 	 12005 	 7.1082877664e+01 	 4.5600090592e-05
11800 	 12106 	 7.1082877513e+01 	 3.4500473127e-05
11900 	 12210 	 7.1082877372e+01 	 5.2347651085e-05
12000 	 12314 	 7.1082877232e+01 	 3.4121354735e-05
12100 	 12416 	 7.1082877131e+01 	 3.6881559969e-05
12200 	 12517 	 7.1082877032e+01 	 2.4301849151e-05
12300 	 12622 	 7.1082876944e+01 	 2.3509909636e-05
12400 	 12725 	 7.1082876845e+01 	 5.4090881331e-05
12500 	 12825 	 7.1082876716e+01 	 4.1919700892e-05
12600 	 12928 	 7.1082876585e+01 	 3.4698443252e-05
12700 	 13029 	 7.1082876452e+01 	 9.6497681884e-05
12800 	 13131 	 7.1082876346e+01 	 3.5763261522e-05
12900 	 13233 	 7.1082876263e+01 	 7.9764074541e-05
13000 	 13336 	 7.1082876170e+01 	 4.0308949866e-05
13100 	 13440 	 7.1082876091e+01 	 2.4769778493e-05
13200 	 13544 	 7.1082876009e+01 	 3.5199972681e-05
13300 	 13646 	 7.1082875923e+01 	 2.9928159053e-05
13400 	 13750 	 7.1082875845e+01 	 2.1262081177e-05
13500 	 13852 	 7.1082875792e+01 	 1.9009637416e-05
13600 	 13956 	 7.1082875741e+01 	 3.2321393851e-05
13700 	 14059 	 7.1082875702e+01 	 1.6348327801e-05
13800 	 14161 	 7.1082875673e+01 	 1.9649315966e-05
13900 	 14264 	 7.1082875648e+01 	 1.9804366556e-05
14000 	 14366 	 7.1082875627e+01 	 1.8678409246e-05
14100 	 14467 	 7.1082875612e+01 	 1.0531611342e-05
14200 	 14571 	 7.1082875599e+01 	 8.0144574155e-06
14300 	 14674 	 7.1082875586e+01 	 2.4496017842e-05
14400 	 14777 	 7.1082875571e+01 	 1.2688855824e-05
14500 	 14878 	 7.1082875555e+01 	 1.3361804444e-05
14600 	 14980 	 7.1082875541e+01 	 2.2005782349e-05
14700 	 15084 	 7.1082875527e+01 	 1.1269738897e-05
14800 	 15186 	 7.1082875508e+01 	 2.2471829462e-05
14900 	 15287 	 7.1082875491e+01 	 1.6922362157e-05
15000 	 15390 	 7.1082875472e+01 	 1.5791478184e-05
15100 	 15492 	 7.1082875451e+01 	 2.5073762961e-05
15200 	 15598 	 7.1082875435e+01 	 2.0886456175e-05
15300 	 15700 	 7.1082875422e+01 	 2.0059621739e-05
15400 	 15802 	 7.1082875410e+01 	 8.8203992801e-06
15500 	 15906 	 7.1082875399e+01 	 1.3236156893e-05
15600 	 16008 	 7.1082875389e+01 	 9.9158175369e-06
15700 	 16109 	 7.1082875380e+01 	 7.6241817097e-06
15800 	 16211 	 7.1082875371e+01 	 1.0569895582e-05
15900 	 16313 	 7.1082875363e+01 	 1.0013396875e-05
16000 	 16415 	 7.1082875355e+01 	 1.1018078420e-05
16100 	 16518 	 7.1082875348e+01 	 1.7135342507e-05
16200 	 16620 	 7.1082875340e+01 	 1.2014421553e-05
16300 	 16721 	 7.1082875330e+01 	 1.0132251387e-05
16400 	 16822 	 7.1082875322e+01 	 9.6958425533e-06
16500 	 16926 	 7.1082875316e+01 	 9.3264171503e-06
16600 	 17029 	 7.1082875311e+01 	 6.5402958204e-06
16700 	 17129 	 7.1082875307e+01 	 6.8794478848e-06
16800 	 17232 	 7.1082875303e+01 	 5.3197156727e-06
16900 	 17333 	 7.1082875300e+01 	 5.5237215624e-06
17000 	 17435 	 7.1082875295e+01 	 8.0837179499e-06
17100 	 17537 	 7.1082875291e+01 	 8.7006885524e-06
17200 	 17639 	 7.1082875287e+01 	 5.9570532139e-06
17300 	 17740 	 7.1082875285e+01 	 7.4310584510e-06
17400 	 17841 	 7.1082875283e+01 	 1.2930552715e-05
17500 	 17945 	 7.1082875281e+01 	 7.7974703247e-06
17600 	 18046 	 7.1082875278e+01 	 1.1697227482e-05
17700 	 18147 	 7.1082875276e+01 	 4.8791387192e-06
17800 	 18249 	 7.1082875274e+01 	 4.9801777441e-06
17900 	 18351 	 7.1082875272e+01 	 5.5340369748e-06
18000 	 18453 	 7.1082875270e+01 	 4.6579830582e-06
18100 	 18554 	 7.1082875268e+01 	 5.4491041030e-06
18200 	 18655 	 7.1082875266e+01 	 4.4464525268e-06
18300 	 18756 	 7.1082875265e+01 	 3.9100657266e-06
18400 	 18860 	 7.1082875263e+01 	 3.8726925294e-06
18500 	 18961 	 7.1082875262e+01 	 5.3279774191e-06
18600 	 19062 	 7.1082875261e+01 	 5.3550982224e-06
18700 	 19165 	 7.1082875259e+01 	 3.6469562434e-06
18800 	 19266 	 7.1082875258e+01 	 5.3956222856e-06
18900 	 19370 	 7.1082875257e+01 	 5.6439728245e-06
19000 	 19472 	 7.1082875256e+01 	 3.7706357706e-06
19100 	 19574 	 7.1082875254e+01 	 2.8178363848e-06
19200 	 19678 	 7.1082875253e+01 	 2.8597758206e-06
19300 	 19778 	 7.1082875253e+01 	 2.1067560221e-06
19400 	 19882 	 7.1082875252e+01 	 2.6157547443e-06
19500 	 19984 	 7.1082875252e+01 	 2.1974224023e-06
19600 	 20086 	 7.1082875251e+01 	 1.8710413650e-06
19700 	 20188 	 7.1082875251e+01 	 2.0440422228e-06
19800 	 20291 	 7.1082875251e+01 	 1.7875026875e-06
19900 	 20391 	 7.1082875250e+01 	 1.7918780841e-06
20000 	 20495 	 7.1082875250e+01 	 3.2528635293e-06
20100 	 20600 	 7.1082875250e+01 	 2.0368582136e-06
20200 	 20701 	 7.1082875249e+01 	 3.7801580419e-06
20300 	 20805 	 7.1082875249e+01 	 1.8205763851e-06
20400 	 20908 	 7.1082875249e+01 	 1.7213866419e-06
20500 	 21011 	 7.1082875248e+01 	 3.2184987572e-06
20600 	 21113 	 7.1082875248e+01 	 2.3993845282e-06
20700 	 21215 	 7.1082875248e+01 	 2.4092043878e-06
20800 	 21318 	 7.1082875247e+01 	 3.3566307830e-06
20900 	 21419 	 7.1082875247e+01 	 1.4704314898e-06
21000 	 21520 	 7.1082875247e+01 	 2.3854709172e-06
21100 	 21622 	 7.1082875247e+01 	 1.4607036484e-06
21200 	 21723 	 7.1082875246e+01 	 3.0778047099e-06
21300 	 21824 	 7.1082875246e+01 	 1.3654346547e-06
21400 	 21927 	 7.1082875246e+01 	 1.2413496319e-06
21500 	 22028 	 7.1082875246e+01 	 1.1972378500e-06
21600 	 22135 	 7.1082875246e+01 	 1.8554878530e-06
21700 	 22237 	 7.1082875246e+01 	 8.8438283969e-07
21800 	 22348 	 7.1082875246e+01 	 7.4613344609e-07
21900 	 22455 	 7.1082875246e+01 	 8.3154666170e-07
22000 	 22566 	 7.1082875246e+01 	 1.2858489981e-06
22100 	 22678 	 7.1082875246e+01 	 1.2904191367e-06
22200 	 22786 	 7.1082875246e+01 	 5.3141994410e-07
22300 	 22901 	 7.1082875245e+01 	 6.9384655054e-07
22400 	 23015 	 7.1082875245e+01 	 5.3396641419e-07
22500 	 23124 	 7.1082875245e+01 	 5.2286421199e-07
22600 	 23239 	 7.1082875245e+01 	 1.0349276500e-06
22700 	 23348 	 7.1082875245e+01 	 5.8993195713e-07
22800 	 23457 	 7.1082875245e+01 	 5.1787932177e-07
22900 	 23575 	 7.1082875245e+01 	 2.5362056161e-07
23000 	 23697 	 7.1082875245e+01 	 4.2938097525e-07
23100 	 23813 	 7.1082875245e+01 	 7.0710316592e-07
23200 	 23928 	 7.1082875245e+01 	 7.7773025137e-07
23300 	 24043 	 7.1082875245e+01 	 5.9801826238e-07
23400 	 24156 	 7.1082875245e+01 	 1.0024421564e-06
23500 	 24266 	 7.1082875245e+01 	 4.1016086641e-07
23600 	 24376 	 7.1082875245e+01 	 8.6248056317e-07
23700 	 24487 	 7.1082875245e+01 	 1.0813164838e-06
23800 	 24597 	 7.1082875245e+01 	 4.6387014078e-07
23900 	 24702 	 7.1082875245e+01 	 8.4502600281e-07
24000 	 24810 	 7.1082875245e+01 	 6.5320624873e-07
24100 	 24921 	 7.1082875245e+01 	 5.1174702183e-07
24200 	 25034 	 7.1082875245e+01 	 8.1815215095e-07
24300 	 25143 	 7.1082875245e+01 	 5.7356155151e-07
# ---- 
 1 		 24331 	 25205 		 7.7102371455e+01 	 7.1082875245e+01 	 4.5546494628e-07
# ---- 
100 	 104 	 7.1104499781e+01 	 4.6547624343e-02
200 	 205 	 7.1051871389e+01 	 3.0356295050e-02
300 	 308 	 7.1036384818e+01 	 1.4336258834e-02
400 	 409 	 7.1030593708e+01 	 7.4926061154e-03
500 	 511 	 7.1028406249e+01 	 4.1273548334e-03
600 	 614 	 7.1027164879e+01 	 2.8090445153e-03
700 	 719 	 7.1026609805e+01 	 2.5412702672e-03
800 	 820 	 7.1026231101e+01 	 2.1113560690e-03
900 	 925 	 7.1026002070e+01 	 1.5892171652e-03
1000 	 1026 	 7.1025821813e+01 	 1.8239735145e-03
1100 	 1129 	 7.1025638392e+01 	 2.2788925809e-03
1200 	 1231 	 7.1025434765e+01 	 1.2275454711e-03
1300 	 1333 	 7.1025268155e+01 	 1.4802561758e-03
1400 	 1436 	 7.1025109125e+01 	 2.8528438991e-03
1500 	 1538 	 7.1024974393e+01 	 1.5280982340e-03
1600 	 1640 	 7.1024866508e+01 	 1.1714560060e-03
1700 	 1743 	 7.1024788453e+01 	 9.1651745276e-04
1800 	 1845 	 7.1024698910e+01 	 1.1318275866e-03
1900 	 1946 	 7.1024626223e+01 	 9.4533560530e-04
2000 	 2050 	 7.1024557769e+01 	 1.3100681611e-03
2100 	 2152 	 7.1024482661e+01 	 1.2198346585e-03
2200 	 2254 	 7.1024390754e+01 	 1.4518871155e-03
2300 	 2357 	 7.1024315209e+01 	 1.1718319349e-03
2400 	 2460 	 7.1024227620e+01 	 8.3354730028e-04
2500 	 2562 	 7.1024163199e+01 	 7.0005209949e-04
2600 	 2662 	 7.1024079118e+01 	 1.1213880451e-03
2700 	 2765 	 7.1023996196e+01 	 9.6718074494e-04
2800 	 2869 	 7.1023919686e+01 	 8.6940619397e-04
2900 	 2971 	 7.1023865411e+01 	 8.5005312235e-04
3000 	 3073 	 7.1023808226e+01 	 8.0575759052e-04
3100 	 3176 	 7.1023749689e+01 	 6.7336693874e-04
3200 	 3278 	 7.1023694670e+01 	 1.4815711530e-03
3300 	 3380 	 7.1023641470e+01 	 7.3742916868e-04
3400 	 3481 	 7.1023589604e+01 	 7.4483162499e-04
3500 	 3583 	 7.1023519873e+01 	 1.1719077924e-03
3600 	 3686 	 7.1023447618e+01 	 1.0470988937e-03
3700 	 3790 	 7.1023388183e+01 	 1.5117888739e-03
3800 	 3892 	 7.1023330256e+01 	 1.5795553150e-03
3900 	 3997 	 7.1023273280e+01 	 6.7470065196e-04
4000 	 4100 	 7.1023220280e+01 	 8.2881553948e-04
4100 	 4201 	 7.1023176097e+01 	 6.0055838417e-04
4200 	 4303 	 7.1023133883e+01 	 7.8772056473e-04
4300 	 4405 	 7.1023105039e+01 	 4.9989995279e-04
4400 	 4508 	 7.1023078442e+01 	 6.8856213699e-04
4500 	 4612 	 7.1023049268e+01 	 4.2886741760e-04
4600 	 4714 	 7.1023023016e+01 	 4.7176672266e-04
4700 	 4818 	 7.1023001192e+01 	 6.9621070101e-04
4800 	 4921 	 7.1022983724e+01 	 6.8080757642e-04
4900 	 5024 	 7.1022962454e+01 	 5.2414035851e-04
5000 	 5128 	 7.1022940576e+01 	 6.6693074325e-04
5100 	 5231 	 7.1022914531e+01 	 4.9696264277e-04
5200 	 5332 	 7.1022890601e+01 	 6.2320384401e-04
5300 	 5434 	 7.1022868992e+01 	 4.5203696633e-04
5400 	 5537 	 7.1022847537e+01 	 8.2219048668e-04
5500 	 5641 	 7.1022828800e+01 	 3.0790038912e-04
5600 	 5743 	 7.1022813285e+01 	 3.8998956061e-04
5700 	 5846 	 7.1022799676e+01 	 3.2036277930e-04
5800 	 5950 	 7.1022791176e+01 	 2.2408326925e-04
5900 	 6052 	 7.1022785141e+01 	 3.8465930305e-04
6000 	 6155 	 7.1022778810e+01 	 2.6619128900e-04
6100 	 6257 	 7.1022773216e+01 	 2.9869789573e-04
6200 	 6360 	 7.1022768596e+01 	 2.2701741028e-04
6300 	 6463 	 7.1022764481e+01 	 2.2794643302e-04
6400 	 6565 	 7.1022760203e+01 	 2.1828217351e-04
6500 	 6668 	 7.1022754684e+01 	 3.4006559276e-04
6600 	 6769 	 7.1022748483e+01 	 3.7077402648e-04
6700 	 6870 	 7.1022742383e+01 	 5.7452210560e-04
6800 	 6971 	 7.1022735294e+01 	 2.5712191704e-04
6900 	 7071 	 7.1022729204e+01 	 2.5614769844e-04
7000 	 7175 	 7.1022724087e+01 	 4.0387261370e-04
7100 	 7277 	 7.1022719037e+01 	 2.3072533316e-04
7200 	 7380 	 7.1022714142e+01 	 2.4794475268e-04
7300 	 7485 	 7.1022709943e+01 	 2.1194811150e-04
7400 	 7590 	 7.1022706513e+01 	 5.9703217930e-04
7500 	 7692 	 7.1022702456e+01 	 2.9583488642e-04
7600 	 7795 	 7.1022697445e+01 	 2.3738580263e-04
7700 	 7896 	 7.1022692491e+01 	 3.8807089833e-04
7800 	 7998 	 7.1022685990e+01 	 2.2617166606e-04
7900 	 8099 	 7.1022679481e+01 	 2.5051118612e-04
8000 	 8200 	 7.1022672918e+01 	 3.1238825260e-04
8100 	 8302 	 7.1022667637e+01 	 1.9218955528e-04
8200 	 8405 	 7.1022663649e+01 	 1.9770388605e-04
8300 	 8508 	 7.1022659244e+01 	 2.0537549068e-04
8400 	 8612 	 7.1022654771e+01 	 4.0198196597e-04
8500 	 8713 	 7.1022650239e+01 	 2.5481674452e-04
8600 	 8816 	 7.1022646435e+01 	 2.3623479378e-04
8700 	 8918 	 7.1022642895e+01 	 4.2398831489e-04
8800 	 9020 	 7.1022639504e+01 	 1.5424290236e-04
8900 	 9121 	 7.1022636888e+01 	 1.7958299700e-04
9000 	 9223 	 7.1022634450e+01 	 3.9977354506e-04
9100 	 9325 	 7.1022632204e+01 	 1.5749109460e-04
9200 	 9428 	 7.1022629881e+01 	 1.6426899578e-04
9300 	 9529 	 7.1022628433e+01 	 2.1234176317e-04
9400 	 9631 	 7.1022627179e+01 	 2.0076632882e-04
9500 	 9735 	 7.1022625475e+01 	 1.2087894967e-04
9600 	 9836 	 7.1022623457e+01 	 2.9925589451e-04
9700 	 9939 	 7.1022621630e+01 	 1.2487112710e-04
9800 	 10040 	 7.1022620093e+01 	 1.2143325531e-04
9900 	 10143 	 7.1022618142e+01 	 2.5219094063e-04
10000 	 10244 	 7.1022616266e+01 	 1.9559218129e-04
10100 	 10346 	 7.1022614307e+01 	 1.1906101824e-04
10200 	 10448 	 7.1022612618e+01 	 3.1155520351e-04
10300 	 10551 	 7.1022611200e+01 	 2.3797543552e-04
10400 	 10655 	 7.1022610024e+01 	 1.2920246991e-04
10500 	 10757 	 7.1022608785e+01 	 1.3229627699e-04
10600 	 10860 	 7.1022607540e+01 	 1.4137181649e-04
10700 	 10962 	 7.1022606495e+01 	 1.0740505922e-04
10800 	 11067 	 7.1022605540e+01 	 8.8349995587e-05
10900 	 11169 	 7.1022604902e+01 	 1.1580997173e-04
11000 	 11270 	 7.1022604246e+01 	 7.3766702599e-05
11100 	 11372 	 7.1022603675e+01 	 8.3871941647e-05
11200 	 11474 	 7.1022603170e+01 	 6.3144767495e-05
11300 	 11577 	 7.1022602566e+01 	 1.1623474877e-04
11400 	 11680 	 7.1022601743e+01 	 8.9653928246e-05
11500 	 11781 	 7.1022600542e+01 	 9.9342008300e-05
11600 	 11883 	 7.1022599319e+01 	 9.5735495177e-05
11700 	 11986 	 7.1022598564e+01 	 9.7740755322e-05
11800 	 12087 	 7.1022597928e+01 	 6.7399860486e-05
11900 	 12188 	 7.1022597352e+01 	 1.6123300309e-04
12000 	 12288 	 7.1022596866e+01 	 5.8927208965e-05
12100 	 12391 	 7.1022596491e+01 	 1.2824465043e-04
12200 	 12493 	 7.1022596126e+01 	 6.2147745238e-05
12300 	 12597 	 7.1022595816e+01 	 5.7278730819e-05
12400 	 12701 	 7.1022595584e+01 	 4.4320859122e-05
12500 	 12806 	 7.1022595382e+01 	 3.8170153249e-05
12600 	 12911 	 7.1022595140e+01 	 5.1454305800e-05
12700 	 13013 	 7.1022594919e+01 	 5.6489595701e-05
12800 	 13117 	 7.1022594685e+01 	 8.1149361771e-05
12900 	 13218 	 7.1022594463e+01 	 5.0688941458e-05
13000 	 13321 	 7.1022594299e+01 	 8.0100203129e-05
13100 	 13423 	 7.1022594145e+01 	 4.0285782115e-05
13200 	 13524 	 7.1022593972e+01 	 4.5225982520e-05
13300 	 13626 	 7.1022593791e+01 	 5.2364118123e-05
13400 	 13728 	 7.1022593612e+01 	 5.4226764863e-05
13500 	 13830 	 7.1022593463e+01 	 5.3268867474e-05
13600 	 13930 	 7.1022593344e+01 	 3.6677899223e-05
13700 	 14032 	 7.1022593251e+01 	 8.1475336907e-05
13800 	 14133 	 7.1022593142e+01 	 2.5418953708e-05
13900 	 14234 	 7.1022593041e+01 	 2.7265356398e-05
14000 	 14337 	 7.1022592951e+01 	 2.9258938619e-05
14100 	 14441 	 7.1022592847e+01 	 3.4507291426e-05
14200 	 14543 	 7.1022592716e+01 	 5.5157324378e-05
14300 	 14645 	 7.1022592550e+01 	 4.8018066730e-05
14400 	 14747 	 7.1022592386e+01 	 3.0033711389e-05
14500 	 14850 	 7.1022592256e+01 	 3.4665528988e-05
14600 	 14951 	 7.1022592143e+01 	 8.0189407419e-05
14700 	 15053 	 7.1022592057e+01 	 2.8827614588e-05
14800 	 15155 	 7.1022591967e+01 	 7.3724186899e-05
14900 	 15257 	 7.1022591869e+01 	 3.8459575188e-05
15000 	 15360 	 7.1022591770e+01 	 4.6143976465e-05
15100 	 15462 	 7.1022591671e+01 	 3.5927952379e-05
15200 	 15568 	 7.1022591581e+01 	 4.3434298913e-05
15300 	 15670 	 7.1022591508e+01 	 2.6323571080e-05
15400 	 15773 	 7.1022591446e+01 	 3.6251418444e-05
15500 	 15877 	 7.1022591380e+01 	 2.7929832127e-05
15600 	 15980 	 7.1022591313e+01 	 3.2405695153e-05
15700 	 16082 	 7.1022591251e+01 	 2.4055654020e-05
15800 	 16184 	 7.1022591194e+01 	 1.9498862486e-05
15900 	 16287 	 7.1022591139e+01 	 2.5611304746e-05
16000 	 16388 	 7.1022591091e+01 	 2.1865028914e-05
16100 	 16492 	 7.1022591050e+01 	 2.2852153094e-05
16200 	 16593 	 7.1022591024e+01 	 1.8646492598e-05
16300 	 16696 	 7.1022591006e+01 	 1.3101523631e-05
16400 	 16799 	 7.1022590994e+01 	 8.0587734559e-06
16500 	 16904 	 7.1022590986e+01 	 1.0165557605e-05
16600 	 17007 	 7.1022590978e+01 	 9.6166122349e-06
16700 	 17109 	 7.1022590968e+01 	 7.9766124412e-06
16800 	 17215 	 7.1022590957e+01 	 1.2755956326e-05
16900 	 17317 	 7.1022590949e+01 	 7.4392778009e-06
17000 	 17420 	 7.1022590941e+01 	 1.2507229455e-05
17100 	 17524 	 7.1022590929e+01 	 1.2156620545e-05
17200 	 17627 	 7.1022590913e+01 	 1.1958937592e-05
17300 	 17728 	 7.1022590897e+01 	 1.4557163110e-05
17400 	 17831 	 7.1022590881e+01 	 1.0247208443e-05
17500 	 17931 	 7.1022590871e+01 	 1.5153014830e-05
17600 	 18032 	 7.1022590857e+01 	 1.7318380461e-05
17700 	 18136 	 7.1022590843e+01 	 1.2469314442e-05
17800 	 18238 	 7.1022590832e+01 	 2.4228113438e-05
17900 	 18341 	 7.1022590820e+01 	 9.0309419270e-06
18000 	 18444 	 7.1022590809e+01 	 1.1091777364e-05
18100 	 18547 	 7.1022590799e+01 	 1.9139708013e-05
18200 	 18648 	 7.1022590790e+01 	 1.1891883315e-05
18300 	 18752 	 7.1022590782e+01 	 8.9420453543e-06
18400 	 18856 	 7.1022590772e+01 	 2.5708274991e-05
18500 	 18959 	 7.1022590761e+01 	 1.1053366225e-05
18600 	 19062 	 7.1022590749e+01 	 2.2156946859e-05
18700 	 19167 	 7.1022590738e+01 	 1.1283942942e-05
18800 	 19270 	 7.1022590729e+01 	 9.5427165728e-06
18900 	 19371 	 7.1022590721e+01 	 1.0853839942e-05
19000 	 19474 	 7.1022590710e+01 	 3.2016925140e-05
19100 	 19576 	 7.1022590697e+01 	 1.0724033553e-05
19200 	 19679 	 7.1022590684e+01 	 9.5320204811e-06
19300 	 19783 	 7.1022590676e+01 	 8.5148812027e-06
19400 	 19888 	 7.1022590669e+01 	 1.4179540209e-05
19500 	 19990 	 7.1022590665e+01 	 1.1544316544e-05
19600 	 20094 	 7.1022590661e+01 	 5.0745799022e-06
19700 	 20196 	 7.1022590658e+01 	 6.6397989285e-06
19800 	 20298 	 7.1022590654e+01 	 6.0095483604e-06
19900 	 20400 	 7.1022590651e+01 	 5.1961040279e-06
20000 	 20504 	 7.1022590648e+01 	 6.4744122128e-06
20100 	 20606 	 7.1022590644e+01 	 6.3121788364e-06
20200 	 20708 	 7.1022590642e+01 	 3.2172486644e-06
20300 	 20811 	 7.1022590640e+01 	 1.2540220825e-05
20400 	 20914 	 7.1022590638e+01 	 4.5973746714e-06
20500 	 21015 	 7.1022590637e+01 	 3.8667216444e-06
20600 	 21117 	 7.1022590635e+01 	 1.1618166803e-05
20700 	 21221 	 7.1022590634e+01 	 5.0714134438e-06
20800 	 21325 	 7.1022590632e+01 	 5.6217995378e-06
20900 	 21429 	 7.1022590630e+01 	 5.9296427141e-06
21000 	 21531 	 7.1022590628e+01 	 5.7632401509e-06
21100 	 21635 	 7.1022590627e+01 	 1.2195074201e-05
21200 	 21739 	 7.1022590624e+01 	 9.2358681976e-06
21300 	 21842 	 7.1022590622e+01 	 5.0857079289e-06
21400 	 21943 	 7.1022590620e+01 	 1.0722111119e-05
21500 	 22045 	 7.1022590618e+01 	 4.4356848447e-06
21600 	 22148 	 7.1022590616e+01 	 4.3698669302e-06
21700 	 22251 	 7.1022590614e+01 	 4.1554227612e-06
21800 	 22355 	 7.1022590612e+01 	 3.8240734188e-06
21900 	 22456 	 7.1022590611e+01 	 6.6061716531e-06
22000 	 22558 	 7.1022590610e+01 	 4.8616917780e-06
22100 	 22659 	 7.1022590609e+01 	 5.2733187963e-06
22200 	 22763 	 7.1022590608e+01 	 2.8558391876e-06
22300 	 22867 	 7.1022590607e+01 	 3.9027638713e-06
22400 	 22971 	 7.1022590606e+01 	 3.4896312985e-06
22500 	 23073 	 7.1022590606e+01 	 2.5714467263e-06
22600 	 23175 	 7.1022590605e+01 	 2.5872853700e-06
22700 	 23278 	 7.1022590604e+01 	 7.1119470069e-06
22800 	 23381 	 7.1022590604e+01 	 3.0663139311e-06
22900 	 23484 	 7.1022590603e+01 	 2.4139926977e-06
23000 	 23586 	 7.1022590602e+01 	 2.4254538880e-06
23100 	 23690 	 7.1022590602e+01 	 3.5092946217e-06
23200 	 23793 	 7.1022590601e+01 	 2.2040131998e-06
23300 	 23897 	 7.1022590600e+01 	 4.1041601185e-06
23400 	 24001 	 7.1022590600e+01 	 2.2055267978e-06
23500 	 24105 	 7.1022590599e+01 	 2.4883653576e-06
23600 	 24209 	 7.1022590599e+01 	 2.0777697874e-06
23700 	 24312 	 7.1022590599e+01 	 4.8344047049e-06
23800 	 24412 	 7.1022590598e+01 	 2.0926140841e-06
23900 	 24514 	 7.1022590598e+01 	 1.4950744158e-06
24000 	 24616 	 7.1022590598e+01 	 1.8080003637e-06
24100 	 24720 	 7.1022590597e+01 	 1.9560120102e-06
24200 	 24825 	 7.1022590597e+01 	 1.4149450542e-06
24300 	 24927 	 7.1022590597e+01 	 2.9854789311e-06
24400 	 25029 	 7.1022590597e+01 	 1.2791960574e-06
24500 	 25133 	 7.1022590596e+01 	 1.2442741539e-06
24600 	 25236 	 7.1022590596e+01 	 1.9848044343e-06
24700 	 25339 	 7.1022590596e+01 	 1.7605451092e-06
24800 	 25441 	 7.1022590596e+01 	 1.5525021568e-06
24900 	 25544 	 7.1022590595e+01 	 3.8359027537e-06
25000 	 25646 	 7.1022590595e+01 	 1.5934235495e-06
25100 	 25750 	 7.1022590595e+01 	 1.0021083184e-06
25200 	 25852 	 7.1022590595e+01 	 2.2210772880e-06
25300 	 25956 	 7.1022590595e+01 	 1.1159162058e-06
25400 	 26060 	 7.1022590595e+01 	 8.9610993217e-07
25500 	 26164 	 7.1022590595e+01 	 1.1152113859e-06
25600 	 26271 	 7.1022590595e+01 	 8.6910409684e-07
25700 	 26377 	 7.1022590595e+01 	 1.2407665528e-06
25800 	 26481 	 7.1022590594e+01 	 1.2188211394e-06
25900 	 26584 	 7.1022590594e+01 	 3.1590982419e-06
26000 	 26687 	 7.1022590594e+01 	 1.5053237206e-06
26100 	 26792 	 7.1022590594e+01 	 9.7738393012e-07
26200 	 26895 	 7.1022590594e+01 	 2.4136730410e-06
26300 	 26998 	 7.1022590594e+01 	 1.5903161185e-06
26400 	 27100 	 7.1022590593e+01 	 2.8637417515e-06
26500 	 27202 	 7.1022590593e+01 	 8.4252805539e-07
26600 	 27309 	 7.1022590593e+01 	 1.1153564620e-06
26700 	 27416 	 7.1022590593e+01 	 9.7464527082e-07
26800 	 27520 	 7.1022590593e+01 	 2.0705713126e-06
26900 	 27627 	 7.1022590593e+01 	 9.8373041845e-07
27000 	 27732 	 7.1022590593e+01 	 1.1963290373e-06
27100 	 27835 	 7.1022590593e+01 	 1.1443378046e-06
27200 	 27942 	 7.1022590593e+01 	 1.1410446616e-06
27300 	 28045 	 7.1022590593e+01 	 1.4833905105e-06
27400 	 28149 	 7.1022590592e+01 	 1.1563019232e-06
27500 	 28252 	 7.1022590592e+01 	 9.4769866805e-07
27600 	 28356 	 7.1022590592e+01 	 7.0078954219e-07
27700 	 28460 	 7.1022590592e+01 	 1.1886701940e-06
27800 	 28563 	 7.1022590592e+01 	 1.0774563576e-06
27900 	 28671 	 7.1022590592e+01 	 4.9547181343e-07
28000 	 28777 	 7.1022590592e+01 	 3.4277847076e-07
# ---- 
 1 		 28064 	 28870 		 7.7006987122e+01 	 7.1022590592e+01 	 2.4543185734e-07
# ---- 
100 	 104 	 7.1051208254e+01 	 8.3051120588e-02
200 	 206 	 7.1000201038e+01 	 2.0545884924e-02
300 	 308 	 7.0985403744e+01 	 1.1953492937e-02
400 	 410 	 7.0979932525e+01 	 1.2087924170e-02
500 	 514 	 7.0977651158e+01 	 8.0478411004e-03
600 	 615 	 7.0976400037e+01 	 2.9041710936e-03
700 	 716 	 7.0975836640e+01 	 3.0893195944e-03
800 	 816 	 7.0975427280e+01 	 4.4236948308e-03
900 	 916 	 7.0975173641e+01 	 1.8616281672e-03
1000 	 1019 	 7.0974980665e+01 	 5.1392325354e-03
1100 	 1121 	 7.0974751102e+01 	 3.5702033843e-03
1200 	 1223 	 7.0974522388e+01 	 1.6479024834e-03
1300 	 1324 	 7.0974308703e+01 	 1.4786064034e-03
1400 	 1427 	 7.0974124097e+01 	 1.3334444996e-03
1500 	 1529 	 7.0973963133e+01 	 1.1707076367e-03
1600 	 1629 	 7.0973826797e+01 	 1.4096045272e-03
1700 	 1732 	 7.0973715843e+01 	 1.4912813527e-03
1800 	 1835 	 7.0973616006e+01 	 1.6378663697e-03
1900 	 1939 	 7.0973493262e+01 	 1.2317531905e-03
2000 	 2043 	 7.0973401736e+01 	 1.9793050753e-03
2100 	 2145 	 7.0973322380e+01 	 1.7652067958e-03
2200 	 2250 	 7.0973250610e+01 	 1.3379347845e-03
2300 	 2353 	 7.0973181365e+01 	 1.3495704406e-03
2400 	 2454 	 7.0973099062e+01 	 9.7309994570e-04
2500 	 2556 	 7.0973035347e+01 	 8.4125737969e-04
2600 	 2658 	 7.0972966901e+01 	 9.7888017221e-04
2700 	 2759 	 7.0972908458e+01 	 1.0364717885e-03
2800 	 2860 	 7.0972846854e+01 	 1.0611753260e-03
2900 	 2963 	 7.0972792378e+01 	 6.2325588992e-04
3000 	 3065 	 7.0972738103e+01 	 1.0102133802e-03
3100 	 3169 	 7.0972674331e+01 	 9.7485002554e-04
3200 	 3270 	 7.0972616126e+01 	 1.8987545114e-03
3300 	 3372 	 7.0972554761e+01 	 1.4468486732e-03
3400 	 3474 	 7.0972495503e+01 	 6.9297855989e-04
3500 	 3576 	 7.0972426960e+01 	 8.8932992728e-04
3600 	 3677 	 7.0972371013e+01 	 6.7152564325e-04
3700 	 3779 	 7.0972311082e+01 	 8.4553850144e-04
3800 	 3884 	 7.0972259902e+01 	 7.2716385917e-04
3900 	 3986 	 7.0972215008e+01 	 6.3711501499e-04
4000 	 4089 	 7.0972167571e+01 	 1.3295778388e-03
4100 	 4190 	 7.0972121735e+01 	 4.5612943843e-04
4200 	 4291 	 7.0972076114e+01 	 6.3753807777e-04
4300 	 4392 	 7.0972035573e+01 	 6.7112745750e-04
4400 	 4495 	 7.0972004566e+01 	 1.1763440229e-03
4500 	 4597 	 7.0971975084e+01 	 5.3225169997e-04
4600 	 4698 	 7.0971948475e+01 	 4.4591696040e-04
4700 	 4801 	 7.0971924503e+01 	 1.5327137730e-03
4800 	 4904 	 7.0971906424e+01 	 3.7692568489e-04
4900 	 5005 	 7.0971892451e+01 	 4.4093024330e-04
5000 	 5109 	 7.0971872868e+01 	 5.4188284886e-04
5100 	 5212 	 7.0971847488e+01 	 6.0504648723e-04
5200 	 5315 	 7.0971822781e+01 	 5.4642021961e-04
5300 	 5420 	 7.0971804277e+01 	 7.0273995286e-04
5400 	 5521 	 7.0971789231e+01 	 4.1556170535e-04
5500 	 5621 	 7.0971775545e+01 	 3.9663680468e-04
5600 	 5723 	 7.0971762371e+01 	 4.1360353713e-04
5700 	 5823 	 7.0971751576e+01 	 3.2631511396e-04
5800 	 5925 	 7.0971743015e+01 	 5.8328357841e-04
5900 	 6028 	 7.0971734744e+01 	 6.9164648631e-04
6000 	 6130 	 7.0971725916e+01 	 4.2563777333e-04
6100 	 6232 	 7.0971718199e+01 	 2.6536047831e-04
6200 	 6332 	 7.0971711230e+01 	 2.5147593091e-04
6300 	 6434 	 7.0971705630e+01 	 2.4304990515e-04
6400 	 6536 	 7.0971699331e+01 	 4.5743092027e-04
6500 	 6639 	 7.0971692035e+01 	 2.9526825395e-04
6600 	 6741 	 7.0971686307e+01 	 4.3704282885e-04
6700 	 6845 	 7.0971680416e+01 	 2.4513666917e-04
6800 	 6949 	 7.0971674826e+01 	 2.6396036843e-04
6900 	 7053 	 7.0971668916e+01 	 2.4759380707e-04
7000 	 7154 	 7.0971662717e+01 	 4.5283442306e-04
7100 	 7255 	 7.0971656883e+01 	 5.3437376490e-04
7200 	 7355 	 7.0971650431e+01 	 3.6325682501e-04
7300 	 7457 	 7.0971645068e+01 	 2.6451506558e-04
7400 	 7558 	 7.0971638707e+01 	 3.4717135318e-04
7500 	 7660 	 7.0971631948e+01 	 5.4196998188e-04
7600 	 7762 	 7.0971624251e+01 	 2.8286704668e-04
7700 	 7865 	 7.0971616543e+01 	 3.8486415255e-04
7800 	 7968 	 7.0971609502e+01 	 3.5229590188e-04
7900 	 8072 	 7.0971603190e+01 	 2.5227876294e-04
8000 	 8175 	 7.0971597477e+01 	 2.6509353500e-04
8100 	 8275 	 7.0971592314e+01 	 2.2171770164e-04
8200 	 8379 	 7.0971589250e+01 	 1.9741459340e-04
8300 	 8482 	 7.0971586625e+01 	 3.2667710111e-04
8400 	 8585 	 7.0971583137e+01 	 1.7965208959e-04
8500 	 8687 	 7.0971580027e+01 	 1.7196114528e-04
8600 	 8788 	 7.0971577171e+01 	 1.8780662744e-04
8700 	 8890 	 7.0971574970e+01 	 1.4158787099e-04
8800 	 8994 	 7.0971572328e+01 	 2.0505493587e-04
8900 	 9096 	 7.0971569380e+01 	 2.3770439623e-04
9000 	 9199 	 7.0971566722e+01 	 1.8022650121e-04
9100 	 9302 	 7.0971564780e+01 	 1.3024586713e-04
9200 	 9402 	 7.0971563123e+01 	 1.4058032876e-04
9300 	 9504 	 7.0971561064e+01 	 1.9716064887e-04
9400 	 9604 	 7.0971559130e+01 	 1.6396547678e-04
9500 	 9705 	 7.0971557629e+01 	 2.8593172098e-04
9600 	 9809 	 7.0971556383e+01 	 1.2509983458e-04
9700 	 9913 	 7.0971555029e+01 	 1.1493328955e-04
9800 	 10016 	 7.0971554039e+01 	 1.2651391586e-04
9900 	 10117 	 7.0971553293e+01 	 9.0022803429e-05
10000 	 10220 	 7.0971552611e+01 	 2.1339592783e-04
10100 	 10325 	 7.0971552039e+01 	 7.0501758120e-05
10200 	 10426 	 7.0971551444e+01 	 8.0831965551e-05
10300 	 10531 	 7.0971550696e+01 	 8.1935971464e-05
10400 	 10633 	 7.0971549846e+01 	 1.1078109643e-04
10500 	 10737 	 7.0971549072e+01 	 8.4298296409e-05
10600 	 10840 	 7.0971548225e+01 	 9.7295828038e-05
10700 	 10944 	 7.0971547292e+01 	 9.6830801899e-05
10800 	 11048 	 7.0971546343e+01 	 9.6917051564e-05
10900 	 11153 	 7.0971545428e+01 	 1.9851440069e-04
11000 	 11255 	 7.0971544582e+01 	 9.1283033297e-05
11100 	 11357 	 7.0971543879e+01 	 8.1145123780e-05
11200 	 11457 	 7.0971543327e+01 	 9.3514404407e-05
11300 	 11558 	 7.0971542739e+01 	 2.0167292139e-04
11400 	 11660 	 7.0971542159e+01 	 6.7399082810e-05
11500 	 11762 	 7.0971541764e+01 	 7.0074291172e-05
11600 	 11865 	 7.0971541419e+01 	 1.0467409861e-04
11700 	 11968 	 7.0971541026e+01 	 6.6489469081e-05
11800 	 12072 	 7.0971540695e+01 	 7.4300875619e-05
11900 	 12177 	 7.0971540461e+01 	 4.2330816424e-05
12000 	 12278 	 7.0971540239e+01 	 5.6354889744e-05
12100 	 12381 	 7.0971540067e+01 	 7.1481406317e-05
12200 	 12482 	 7.0971539884e+01 	 5.1717951470e-05
12300 	 12585 	 7.0971539717e+01 	 6.7303693254e-05
12400 	 12685 	 7.0971539541e+01 	 4.0161241725e-05
12500 	 12788 	 7.0971539351e+01 	 3.6685789075e-05
12600 	 12889 	 7.0971539172e+01 	 4.2071176476e-05
12700 	 12992 	 7.0971538993e+01 	 6.3677287246e-05
12800 	 13094 	 7.0971538831e+01 	 4.4657260995e-05
12900 	 13196 	 7.0971538704e+01 	 3.8322856677e-05
13000 	 13298 	 7.0971538604e+01 	 3.0675927864e-05
13100 	 13400 	 7.0971538515e+01 	 4.1271449749e-05
13200 	 13502 	 7.0971538436e+01 	 3.5952289708e-05
13300 	 13605 	 7.0971538380e+01 	 2.0185045396e-05
13400 	 13706 	 7.0971538335e+01 	 2.0361049308e-05
13500 	 13806 	 7.0971538272e+01 	 3.9364443470e-05
13600 	 13907 	 7.0971538187e+01 	 5.6931890618e-05
13700 	 14009 	 7.0971538089e+01 	 4.6540827218e-05
13800 	 14111 	 7.0971537984e+01 	 4.2992281222e-05
13900 	 14214 	 7.0971537888e+01 	 3.3101077681e-05
14000 	 14316 	 7.0971537818e+01 	 3.9648193321e-05
14100 	 14418 	 7.0971537770e+01 	 4.4567000547e-05
14200 	 14521 	 7.0971537705e+01 	 2.5472989281e-05
14300 	 14624 	 7.0971537617e+01 	 3.2347177703e-05
14400 	 14727 	 7.0971537528e+01 	 2.7810504457e-05
14500 	 14832 	 7.0971537455e+01 	 4.4344455601e-05
14600 	 14934 	 7.0971537383e+01 	 4.0696878979e-05
14700 	 15036 	 7.0971537297e+01 	 3.1653790420e-05
14800 	 15137 	 7.0971537192e+01 	 4.0024310398e-05
14900 	 15240 	 7.0971537079e+01 	 3.4090534047e-05
15000 	 15344 	 7.0971536999e+01 	 3.9726802350e-05
15100 	 15447 	 7.0971536919e+01 	 2.8116653676e-05
15200 	 15549 	 7.0971536848e+01 	 2.5552181146e-05
15300 	 15651 	 7.0971536788e+01 	 3.7705236636e-05
15400 	 15752 	 7.0971536744e+01 	 6.0832472187e-05
15500 	 15854 	 7.0971536704e+01 	 1.6305120531e-05
15600 	 15956 	 7.0971536679e+01 	 2.6209369632e-05
15700 	 16059 	 7.0971536657e+01 	 2.8911050416e-05
15800 	 16161 	 7.0971536638e+01 	 1.6436807635e-05
15900 	 16263 	 7.0971536623e+01 	 1.5845468042e-05
16000 	 16363 	 7.0971536611e+01 	 7.5429799621e-06
16100 	 16465 	 7.0971536603e+01 	 8.6869300435e-06
16200 	 16568 	 7.0971536595e+01 	 8.8368333033e-06
16300 	 16669 	 7.0971536590e+01 	 7.8349485320e-06
16400 	 16772 	 7.0971536584e+01 	 1.9645170159e-05
16500 	 16873 	 7.0971536575e+01 	 8.8928896189e-06
16600 	 16975 	 7.0971536566e+01 	 8.9271215058e-06
16700 	 17077 	 7.0971536558e+01 	 1.1351466239e-05
16800 	 17179 	 7.0971536549e+01 	 1.0041377958e-05
16900 	 17282 	 7.0971536540e+01 	 1.7491713321e-05
17000 	 17385 	 7.0971536531e+01 	 1.5733431146e-05
17100 	 17488 	 7.0971536525e+01 	 8.4571859280e-06
17200 	 17588 	 7.0971536517e+01 	 1.1191750428e-05
17300 	 17690 	 7.0971536507e+01 	 7.6878294062e-06
17400 	 17793 	 7.0971536495e+01 	 1.3553595846e-05
17500 	 17896 	 7.0971536481e+01 	 1.1933577944e-05
17600 	 17997 	 7.0971536467e+01 	 1.5511632806e-05
17700 	 18101 	 7.0971536457e+01 	 1.0053666227e-05
17800 	 18202 	 7.0971536450e+01 	 9.0807340061e-06
17900 	 18304 	 7.0971536446e+01 	 4.8846045421e-06
18000 	 18406 	 7.0971536443e+01 	 4.2954932692e-06
18100 	 18509 	 7.0971536441e+01 	 8.9335813816e-06
18200 	 18613 	 7.0971536439e+01 	 3.5422577855e-06
18300 	 18719 	 7.0971536437e+01 	 4.2046977143e-06
18400 	 18821 	 7.0971536435e+01 	 6.6631614473e-06
18500 	 18922 	 7.0971536432e+01 	 5.6490939640e-06
18600 	 19024 	 7.0971536431e+01 	 4.5319019814e-06
18700 	 19125 	 7.0971536429e+01 	 4.1795819848e-06
18800 	 19228 	 7.0971536427e+01 	 4.4008965595e-06
18900 	 19331 	 7.0971536425e+01 	 3.2887386425e-06
19000 	 19433 	 7.0971536423e+01 	 4.6335101170e-06
19100 	 19534 	 7.0971536421e+01 	 7.3548219670e-06
19200 	 19636 	 7.0971536420e+01 	 3.7391132242e-06
19300 	 19742 	 7.0971536419e+01 	 3.8221220798e-06
19400 	 19845 	 7.0971536417e+01 	 6.2072526503e-06
19500 	 19947 	 7.0971536416e+01 	 5.2302049693e-06
19600 	 20050 	 7.0971536415e+01 	 2.8965910882e-06
19700 	 20153 	 7.0971536414e+01 	 4.6433312803e-06
19800 	 20256 	 7.0971536413e+01 	 2.6723166414e-06
19900 	 20360 	 7.0971536412e+01 	 4.4993057895e-06
20000 	 20461 	 7.0971536411e+01 	 4.9364079421e-06
20100 	 20564 	 7.0971536410e+01 	 2.6019678489e-06
20200 	 20666 	 7.0971536409e+01 	 3.3564049551e-06
20300 	 20768 	 7.0971536409e+01 	 2.0482173665e-06
20400 	 20871 	 7.0971536408e+01 	 1.9630117877e-06
20500 	 20972 	 7.0971536408e+01 	 2.3541008389e-06
20600 	 21075 	 7.0971536407e+01 	 3.0644004161e-06
20700 	 21176 	 7.0971536407e+01 	 1.9800821636e-06
20800 	 21278 	 7.0971536406e+01 	 4.1082988516e-06
20900 	 21382 	 7.0971536406e+01 	 1.3131422537e-06
21000 	 21486 	 7.0971536406e+01 	 2.4276971591e-06
21100 	 21590 	 7.0971536406e+01 	 2.9841557048e-06
21200 	 21692 	 7.0971536405e+01 	 2.5212971536e-06
21300 	 21795 	 7.0971536405e+01 	 1.9315909514e-06
21400 	 21896 	 7.0971536405e+01 	 2.7855822737e-06
21500 	 22001 	 7.0971536404e+01 	 2.0521455408e-06
21600 	 22103 	 7.0971536404e+01 	 1.7042210013e-06
21700 	 22205 	 7.0971536404e+01 	 4.5694736572e-06
21800 	 22306 	 7.0971536403e+01 	 1.9563016379e-06
21900 	 22408 	 7.0971536403e+01 	 2.4831775011e-06
22000 	 22509 	 7.0971536402e+01 	 2.1143553686e-06
22100 	 22611 	 7.0971536402e+01 	 1.8679268862e-06
22200 	 22713 	 7.0971536402e+01 	 1.9818884418e-06
22300 	 22815 	 7.0971536402e+01 	 1.1127441719e-06
22400 	 22918 	 7.0971536402e+01 	 1.7698221882e-06
22500 	 23023 	 7.0971536401e+01 	 1.1184886557e-06
22600 	 23133 	 7.0971536401e+01 	 1.0807565121e-06
22700 	 23235 	 7.0971536401e+01 	 1.6934604124e-06
22800 	 23343 	 7.0971536401e+01 	 1.1262158112e-06
22900 	 23451 	 7.0971536401e+01 	 8.0029818583e-07
23000 	 23554 	 7.0971536401e+01 	 1.1569573917e-06
23100 	 23657 	 7.0971536401e+01 	 1.2575474140e-06
23200 	 23757 	 7.0971536401e+01 	 1.2659162376e-06
23300 	 23858 	 7.0971536401e+01 	 1.2869679257e-06
23400 	 23960 	 7.0971536401e+01 	 1.1351647024e-06
23500 	 24064 	 7.0971536400e+01 	 1.2548595096e-06
23600 	 24165 	 7.0971536400e+01 	 1.0847450899e-06
23700 	 24269 	 7.0971536400e+01 	 1.1784775728e-06
23800 	 24369 	 7.0971536400e+01 	 1.0937063037e-06
23900 	 24471 	 7.0971536400e+01 	 8.0269441137e-07
24000 	 24581 	 7.0971536400e+01 	 1.0875191135e-06
24100 	 24685 	 7.0971536400e+01 	 8.5514233943e-07
24200 	 24794 	 7.0971536400e+01 	 3.6078717395e-07
24300 	 24905 	 7.0971536400e+01 	 5.2877562815e-07
24400 	 25019 	 7.0971536400e+01 	 5.0115932675e-07
24500 	 25139 	 7.0971536400e+01 	 4.3441285874e-07
24600 	 25263 	 7.0971536400e+01 	 3.0466260907e-07
24700 	 25382 	 7.0971536400e+01 	 3.4271710996e-07
24800 	 25496 	 7.0971536400e+01 	 1.0755536843e-06
24900 	 25621 	 7.0971536400e+01 	 6.2163491652e-07
25000 	 25736 	 7.0971536400e+01 	 2.6007719519e-07
# ---- 
 1 		 25074 	 25845 		 7.6910296377e+01 	 7.0971536400e+01 	 6.8543442971e-07
# ---- 
100 	 102 	 7.1005185394e+01 	 4.6683534274e-02
200 	 205 	 7.0955672044e+01 	 2.3169636273e-02
300 	 306 	 7.0941041283e+01 	 1.2250978444e-02
400 	 408 	 7.0935667508e+01 	 1.3913068300e-02
500 	 513 	 7.0933509559e+01 	 3.8958699195e-03
600 	 613 	 7.0932266835e+01 	 7.8333742090e-03
700 	 716 	 7.0931687477e+01 	 2.2627371026e-03
800 	 817 	 7.0931301899e+01 	 6.1906560508e-03
900 	 921 	 7.0931071637e+01 	 2.1513241314e-03
1000 	 1023 	 7.0930910431e+01 	 1.2134628403e-03
1100 	 1124 	 7.0930750592e+01 	 1.7490818563e-03
1200 	 1226 	 7.0930574095e+01 	 1.4041672319e-03
1300 	 1328 	 7.0930383906e+01 	 3.3974367898e-03
1400 	 1429 	 7.0930212014e+01 	 1.9544808056e-03
1500 	 1531 	 7.0930070537e+01 	 1.1029374419e-03
1600 	 1634 	 7.0929953438e+01 	 1.5300732073e-03
1700 	 1737 	 7.0929872891e+01 	 1.2052350532e-03
1800 	 1840 	 7.0929799116e+01 	 8.0588287720e-04
1900 	 1941 	 7.0929722858e+01 	 9.9380135945e-04
2000 	 2045 	 7.0929645017e+01 	 9.7821942249e-04
2100 	 2149 	 7.0929564822e+01 	 8.2686123310e-04
2200 	 2249 	 7.0929499114e+01 	 1.0207169441e-03
2300 	 2351 	 7.0929440328e+01 	 1.7736888229e-03
2400 	 2451 	 7.0929373930e+01 	 2.5874790319e-03
2500 	 2554 	 7.0929302277e+01 	 7.3359276973e-04
2600 	 2656 	 7.0929235305e+01 	 1.9268590604e-03
2700 	 2761 	 7.0929174911e+01 	 6.9043693300e-04
2800 	 2864 	 7.0929112094e+01 	 8.2160221967e-04
2900 	 2966 	 7.0929056637e+01 	 5.9460907559e-04
3000 	 3067 	 7.0929005117e+01 	 8.2582745877e-04
3100 	 3169 	 7.0928943319e+01 	 1.4806366774e-03
3200 	 3273 	 7.0928872123e+01 	 2.1494208373e-03
3300 	 3375 	 7.0928809114e+01 	 1.9461695452e-03
3400 	 3475 	 7.0928744581e+01 	 1.2913830509e-03
3500 	 3579 	 7.0928677431e+01 	 9.7705335158e-04
3600 	 3681 	 7.0928614119e+01 	 1.0277965741e-03
3700 	 3784 	 7.0928546634e+01 	 8.9740864846e-04
3800 	 3887 	 7.0928486371e+01 	 1.0051302317e-03
3900 	 3991 	 7.0928425533e+01 	 7.2802765219e-04
4000 	 4093 	 7.0928371912e+01 	 8.3344825759e-04
4100 	 4197 	 7.0928325110e+01 	 1.0818452296e-03
4200 	 4302 	 7.0928271946e+01 	 7.2839380647e-04
4300 	 4404 	 7.0928221425e+01 	 7.0825187126e-04
4400 	 4506 	 7.0928181724e+01 	 9.8962431845e-04
4500 	 4607 	 7.0928146384e+01 	 5.3873844941e-04
4600 	 4709 	 7.0928116229e+01 	 5.5758423936e-04
4700 	 4811 	 7.0928090802e+01 	 4.1293664818e-04
4800 	 4914 	 7.0928066028e+01 	 8.4742329937e-04
4900 	 5015 	 7.0928045530e+01 	 8.4228899444e-04
5000 	 5118 	 7.0928018913e+01 	 5.1286179153e-04
5100 	 5221 	 7.0927992761e+01 	 4.9839463300e-04
5200 	 5324 	 7.0927967779e+01 	 6.8279475151e-04
5300 	 5427 	 7.0927948930e+01 	 4.1636567993e-04
5400 	 5530 	 7.0927932930e+01 	 7.9601906084e-04
5500 	 5632 	 7.0927916186e+01 	 1.0331080960e-03
5600 	 5735 	 7.0927902054e+01 	 2.8765907811e-04
5700 	 5837 	 7.0927891802e+01 	 3.3302747034e-04
5800 	 5939 	 7.0927883856e+01 	 2.3940562078e-04
5900 	 6041 	 7.0927876099e+01 	 3.6764017591e-04
6000 	 6144 	 7.0927867746e+01 	 4.5722016852e-04
6100 	 6246 	 7.0927861193e+01 	 3.5461747470e-04
6200 	 6348 	 7.0927853663e+01 	 6.0068727482e-04
6300 	 6451 	 7.0927846949e+01 	 2.8757756848e-04
6400 	 6555 	 7.0927840383e+01 	 1.7599890010e-04
6500 	 6658 	 7.0927834225e+01 	 4.8268265591e-04
6600 	 6764 	 7.0927827788e+01 	 5.1901995827e-04
6700 	 6867 	 7.0927821517e+01 	 2.9195802217e-04
6800 	 6969 	 7.0927814446e+01 	 7.3199204054e-04
6900 	 7071 	 7.0927804467e+01 	 6.6472932161e-04
7000 	 7173 	 7.0927792409e+01 	 4.4441561238e-04
7100 	 7273 	 7.0927784062e+01 	 5.7966203493e-04
7200 	 7376 	 7.0927777426e+01 	 8.0324417058e-04
7300 	 7479 	 7.0927769561e+01 	 2.7598059342e-04
7400 	 7581 	 7.0927761413e+01 	 2.6918675732e-04
7500 	 7683 	 7.0927751450e+01 	 4.0319180062e-04
7600 	 7787 	 7.0927742391e+01 	 4.1302043060e-04
7700 	 7888 	 7.0927732759e+01 	 4.2128622824e-04
7800 	 7991 	 7.0927722511e+01 	 4.5248369202e-04
7900 	 8094 	 7.0927713606e+01 	 3.4032853840e-04
8000 	 8197 	 7.0927706253e+01 	 7.4488030212e-04
8100 	 8299 	 7.0927701502e+01 	 2.9115853233e-04
8200 	 8401 	 7.0927699232e+01 	 2.5475488803e-04
8300 	 8504 	 7.0927696913e+01 	 1.7585427770e-04
8400 	 8605 	 7.0927694680e+01 	 2.5600786725e-04
8500 	 8708 	 7.0927692381e+01 	 1.5613448327e-04
8600 	 8811 	 7.0927689965e+01 	 1.8388991677e-04
8700 	 8913 	 7.0927686792e+01 	 1.6898236046e-04
8800 	 9016 	 7.0927683916e+01 	 1.9531278251e-04
8900 	 9120 	 7.0927682035e+01 	 3.5178977789e-04
9000 	 9223 	 7.0927680233e+01 	 1.0034123612e-04
9100 	 9324 	 7.0927678349e+01 	 1.4534184127e-04
9200 	 9426 	 7.0927676273e+01 	 1.7987483852e-04
9300 	 9528 	 7.0927674275e+01 	 1.1776828228e-04
9400 	 9632 	 7.0927672252e+01 	 1.1555578601e-04
9500 	 9734 	 7.0927670330e+01 	 1.6464405239e-04
9600 	 9836 	 7.0927668847e+01 	 1.8103018425e-04
9700 	 9937 	 7.0927667562e+01 	 1.3154276457e-04
9800 	 10043 	 7.0927666507e+01 	 1.0276132801e-04
9900 	 10146 	 7.0927665791e+01 	 9.4568948421e-05
10000 	 10250 	 7.0927665127e+01 	 7.3330669548e-05
10100 	 10352 	 7.0927664499e+01 	 9.4901133263e-05
10200 	 10454 	 7.0927663958e+01 	 7.4554384233e-05
10300 	 10558 	 7.0927663334e+01 	 9.2600758571e-05
10400 	 10658 	 7.0927662762e+01 	 1.2650281223e-04
10500 	 10759 	 7.0927662251e+01 	 2.3641309471e-04
10600 	 10860 	 7.0927661730e+01 	 7.4357138235e-05
10700 	 10960 	 7.0927661237e+01 	 8.6074613754e-05
10800 	 11064 	 7.0927660637e+01 	 9.5912510345e-05
10900 	 11166 	 7.0927660011e+01 	 1.7793705971e-04
11000 	 11268 	 7.0927659490e+01 	 1.1173339559e-04
11100 	 11369 	 7.0927659102e+01 	 1.1211099121e-04
11200 	 11471 	 7.0927658698e+01 	 4.9438770468e-05
11300 	 11574 	 7.0927658212e+01 	 1.1705469762e-04
11400 	 11676 	 7.0927657527e+01 	 7.5754166116e-05
11500 	 11778 	 7.0927656722e+01 	 8.8002026495e-05
11600 	 11879 	 7.0927655934e+01 	 9.8055562611e-05
11700 	 11982 	 7.0927655309e+01 	 1.0412627110e-04
11800 	 12084 	 7.0927654812e+01 	 7.3862793422e-05
11900 	 12187 	 7.0927654405e+01 	 8.5839654330e-05
12000 	 12288 	 7.0927654056e+01 	 5.5911334710e-05
12100 	 12390 	 7.0927653786e+01 	 3.8529106115e-05
12200 	 12491 	 7.0927653601e+01 	 4.4072097145e-05
12300 	 12595 	 7.0927653468e+01 	 3.3709281781e-05
12400 	 12698 	 7.0927653378e+01 	 4.2347181265e-05
12500 	 12799 	 7.0927653270e+01 	 2.9331719580e-05
12600 	 12902 	 7.0927653093e+01 	 5.3611114808e-05
12700 	 13005 	 7.0927652911e+01 	 4.4134695855e-05
12800 	 13108 	 7.0927652763e+01 	 4.6375843621e-05
12900 	 13212 	 7.0927652610e+01 	 4.3330797033e-05
13000 	 13314 	 7.0927652469e+01 	 3.1607035696e-05
13100 	 13419 	 7.0927652347e+01 	 3.2968664949e-05
13200 	 13520 	 7.0927652220e+01 	 3.0789014406e-05
13300 	 13623 	 7.0927652099e+01 	 9.4353026802e-05
13400 	 13725 	 7.0927651974e+01 	 2.2480587295e-05
13500 	 13827 	 7.0927651845e+01 	 4.0414429350e-05
13600 	 13930 	 7.0927651696e+01 	 5.8733426844e-05
13700 	 14030 	 7.0927651562e+01 	 4.3266709019e-05
13800 	 14133 	 7.0927651402e+01 	 3.7729717929e-05
13900 	 14237 	 7.0927651253e+01 	 3.0427519838e-05
14000 	 14339 	 7.0927651090e+01 	 3.0942222370e-05
14100 	 14440 	 7.0927650982e+01 	 2.3648389155e-05
14200 	 14542 	 7.0927650926e+01 	 6.6831691633e-05
14300 	 14645 	 7.0927650881e+01 	 2.8952344977e-05
14400 	 14746 	 7.0927650807e+01 	 2.9180311040e-05
14500 	 14849 	 7.0927650739e+01 	 3.6017191019e-05
14600 	 14953 	 7.0927650672e+01 	 3.0220607754e-05
14700 	 15054 	 7.0927650597e+01 	 3.7944242203e-05
14800 	 15157 	 7.0927650489e+01 	 4.0913158860e-05
14900 	 15259 	 7.0927650377e+01 	 5.4904056750e-05
15000 	 15362 	 7.0927650296e+01 	 4.3810296025e-05
15100 	 15463 	 7.0927650226e+01 	 2.6400407791e-05
15200 	 15565 	 7.0927650096e+01 	 3.4834396558e-05
15300 	 15669 	 7.0927649941e+01 	 3.8208625179e-05
15400 	 15773 	 7.0927649765e+01 	 6.3087005861e-05
15500 	 15874 	 7.0927649646e+01 	 2.9376067401e-05
15600 	 15977 	 7.0927649541e+01 	 2.8512957658e-05
15700 	 16082 	 7.0927649449e+01 	 3.5459385822e-05
15800 	 16185 	 7.0927649393e+01 	 4.5224614934e-05
15900 	 16287 	 7.0927649334e+01 	 3.1417385925e-05
16000 	 16388 	 7.0927649284e+01 	 2.5498364577e-05
16100 	 16493 	 7.0927649235e+01 	 2.8920322307e-05
16200 	 16595 	 7.0927649195e+01 	 4.1794039204e-05
16300 	 16700 	 7.0927649147e+01 	 4.0421887340e-05
16400 	 16803 	 7.0927649105e+01 	 1.6726326685e-05
16500 	 16905 	 7.0927649079e+01 	 1.2677411272e-05
16600 	 17010 	 7.0927649061e+01 	 2.3991675716e-05
16700 	 17112 	 7.0927649047e+01 	 9.8310983880e-06
16800 	 17213 	 7.0927649032e+01 	 1.3071037002e-05
16900 	 17316 	 7.0927649015e+01 	 1.9105092590e-05
17000 	 17419 	 7.0927649001e+01 	 1.1811793911e-05
17100 	 17523 	 7.0927648990e+01 	 1.8284325664e-05
17200 	 17625 	 7.0927648979e+01 	 1.5912703159e-05
17300 	 17727 	 7.0927648969e+01 	 8.6979763051e-06
17400 	 17830 	 7.0927648959e+01 	 1.1553069964e-05
17500 	 17931 	 7.0927648952e+01 	 7.6393728202e-06
17600 	 18032 	 7.0927648945e+01 	 2.5720935043e-05
17700 	 18135 	 7.0927648937e+01 	 6.3550579489e-06
17800 	 18236 	 7.0927648932e+01 	 1.4382948790e-05
17900 	 18339 	 7.0927648927e+01 	 7.9768959049e-06
18000 	 18442 	 7.0927648921e+01 	 5.6294364867e-06
18100 	 18544 	 7.0927648916e+01 	 9.0352418804e-06
18200 	 18644 	 7.0927648911e+01 	 1.4177076371e-05
18300 	 18747 	 7.0927648906e+01 	 1.7351876331e-05
18400 	 18849 	 7.0927648900e+01 	 9.5231834770e-06
18500 	 18954 	 7.0927648893e+01 	 7.8116101082e-06
18600 	 19057 	 7.0927648887e+01 	 8.3229934368e-06
18700 	 19162 	 7.0927648880e+01 	 1.0581054873e-05
18800 	 19266 	 7.0927648873e+01 	 1.4963596553e-05
18900 	 19368 	 7.0927648865e+01 	 1.0056831665e-05
19000 	 19470 	 7.0927648856e+01 	 1.0669720621e-05
19100 	 19572 	 7.0927648850e+01 	 7.1821857919e-06
19200 	 19673 	 7.0927648846e+01 	 1.2005920001e-05
19300 	 19776 	 7.0927648842e+01 	 9.4342783748e-06
19400 	 19878 	 7.0927648839e+01 	 7.8364402720e-06
19500 	 19978 	 7.0927648837e+01 	 5.4722314604e-06
19600 	 20081 	 7.0927648834e+01 	 5.2211545898e-06
19700 	 20186 	 7.0927648832e+01 	 7.6208811907e-06
19800 	 20288 	 7.0927648829e+01 	 6.2705576496e-06
19900 	 20389 	 7.0927648826e+01 	 6.0592480022e-06
20000 	 20493 	 7.0927648824e+01 	 3.9148662956e-06
20100 	 20594 	 7.0927648822e+01 	 4.1848135128e-06
20200 	 20695 	 7.0927648821e+01 	 7.2039512081e-06
20300 	 20797 	 7.0927648819e+01 	 4.7625757183e-06
20400 	 20900 	 7.0927648818e+01 	 3.1580066509e-06
20500 	 21004 	 7.0927648817e+01 	 4.4243607502e-06
20600 	 21106 	 7.0927648816e+01 	 6.5305530552e-06
20700 	 21208 	 7.0927648814e+01 	 4.9167359023e-06
20800 	 21311 	 7.0927648811e+01 	 5.7844264322e-06
20900 	 21414 	 7.0927648808e+01 	 4.4026981398e-06
21000 	 21515 	 7.0927648806e+01 	 8.3405229145e-06
21100 	 21618 	 7.0927648803e+01 	 5.1033908268e-06
21200 	 21723 	 7.0927648800e+01 	 8.2244584046e-06
21300 	 21826 	 7.0927648797e+01 	 1.4365072755e-05
21400 	 21928 	 7.0927648795e+01 	 4.0476882784e-06
21500 	 22030 	 7.0927648794e+01 	 3.9086135594e-06
21600 	 22133 	 7.0927648793e+01 	 2.8643950056e-06
21700 	 22236 	 7.0927648792e+01 	 2.3983996372e-06
21800 	 22340 	 7.0927648791e+01 	 5.0032851210e-06
21900 	 22444 	 7.0927648791e+01 	 2.9861082460e-06
22000 	 22548 	 7.0927648791e+01 	 2.7183514396e-06
22100 	 22650 	 7.0927648790e+01 	 1.5268836021e-06
22200 	 22752 	 7.0927648790e+01 	 1.6646946213e-06
22300 	 22854 	 7.0927648790e+01 	 1.8790628122e-06
22400 	 22957 	 7.0927648790e+01 	 1.7610134553e-06
22500 	 23059 	 7.0927648789e+01 	 1.8423099245e-06
22600 	 23162 	 7.0927648789e+01 	 1.7962495098e-06
22700 	 23271 	 7.0927648789e+01 	 1.8639988754e-06
22800 	 23373 	 7.0927648789e+01 	 2.6066780881e-06
22900 	 23477 	 7.0927648789e+01 	 1.1457370815e-06
23000 	 23582 	 7.0927648789e+01 	 1.9723784403e-06
23100 	 23684 	 7.0927648788e+01 	 1.2717075332e-06
23200 	 23787 	 7.0927648788e+01 	 1.1150579928e-06
23300 	 23890 	 7.0927648788e+01 	 9.9795542944e-07
23400 	 23995 	 7.0927648788e+01 	 1.1048877987e-06
23500 	 24098 	 7.0927648788e+01 	 1.9972863495e-06
23600 	 24200 	 7.0927648788e+01 	 1.0606070837e-06
23700 	 24302 	 7.0927648788e+01 	 1.1210054687e-06
23800 	 24403 	 7.0927648788e+01 	 1.9218066341e-06
23900 	 24505 	 7.0927648788e+01 	 1.2745462150e-06
24000 	 24607 	 7.0927648787e+01 	 9.9436312970e-07
24100 	 24714 	 7.0927648787e+01 	 8.6853641171e-07
24200 	 24819 	 7.0927648787e+01 	 8.3805584864e-07
24300 	 24928 	 7.0927648787e+01 	 6.2932201826e-07
24400 	 25035 	 7.0927648787e+01 	 1.3438821441e-06
24500 	 25139 	 7.0927648787e+01 	 9.0015560824e-07
24600 	 25247 	 7.0927648787e+01 	 1.2230679545e-06
24700 	 25353 	 7.0927648787e+01 	 7.7241030277e-07
24800 	 25454 	 7.0927648787e+01 	 1.1853547317e-06
24900 	 25558 	 7.0927648787e+01 	 1.3089771294e-06
25000 	 25663 	 7.0927648787e+01 	 1.1941566568e-06
25100 	 25765 	 7.0927648787e+01 	 3.2550498837e-06
25200 	 25868 	 7.0927648786e+01 	 1.4626740832e-06
25300 	 25968 	 7.0927648786e+01 	 1.1996489650e-06
25400 	 26071 	 7.0927648786e+01 	 9.1520275737e-07
25500 	 26174 	 7.0927648786e+01 	 8.6249141841e-07
25600 	 26282 	 7.0927648786e+01 	 6.6802907735e-07
25700 	 26396 	 7.0927648786e+01 	 7.4716925628e-07
25800 	 26506 	 7.0927648786e+01 	 8.0469300392e-07
25900 	 26615 	 7.0927648786e+01 	 5.7655854640e-07
26000 	 26722 	 7.0927648786e+01 	 1.5532498858e-06
26100 	 26833 	 7.0927648786e+01 	 1.2175304232e-06
26200 	 26940 	 7.0927648786e+01 	 4.5931255836e-07
26300 	 27050 	 7.0927648786e+01 	 5.7857711550e-07
26400 	 27157 	 7.0927648786e+01 	 4.6145022575e-07
# ---- 
 1 		 26434 	 27210 		 7.6842944613e+01 	 7.0927648786e+01 	 4.0538445490e-07
# ---- 
100 	 112 	 7.0976936292e+01 	 1.2532783317e-01
200 	 213 	 7.0919382468e+01 	 2.2433745019e-02
300 	 317 	 7.0903760078e+01 	 1.2795950824e-02
400 	 418 	 7.0897920029e+01 	 2.3812042401e-02
500 	 519 	 7.0895636274e+01 	 5.6109661132e-03
600 	 622 	 7.0894315908e+01 	 4.4726156425e-03
700 	 723 	 7.0893624229e+01 	 2.9744366566e-03
800 	 826 	 7.0893262957e+01 	 2.1639425895e-03
900 	 928 	 7.0893011305e+01 	 1.4913358159e-03
1000 	 1030 	 7.0892856215e+01 	 1.9103194364e-03
1100 	 1130 	 7.0892715748e+01 	 1.6041363091e-03
1200 	 1232 	 7.0892540166e+01 	 5.0495235621e-03
1300 	 1334 	 7.0892331871e+01 	 2.2895899112e-03
1400 	 1435 	 7.0892144482e+01 	 2.0226131654e-03
1500 	 1539 	 7.0891974314e+01 	 1.3195619147e-03
1600 	 1641 	 7.0891855638e+01 	 2.1341478669e-03
1700 	 1745 	 7.0891768976e+01 	 1.0456278031e-03
1800 	 1847 	 7.0891687267e+01 	 1.0155219226e-03
1900 	 1949 	 7.0891619649e+01 	 9.3713538555e-04
2000 	 2052 	 7.0891539630e+01 	 2.9980001837e-03
2100 	 2157 	 7.0891455557e+01 	 1.4846582602e-03
2200 	 2259 	 7.0891393533e+01 	 1.2911205315e-03
2300 	 2363 	 7.0891322599e+01 	 1.4250459540e-03
2400 	 2465 	 7.0891244906e+01 	 8.4298044851e-04
2500 	 2566 	 7.0891170815e+01 	 1.1571936187e-03
2600 	 2668 	 7.0891098664e+01 	 1.4238599998e-03
2700 	 2770 	 7.0891029344e+01 	 1.0686610946e-03
2800 	 2871 	 7.0890971166e+01 	 7.4227723864e-04
2900 	 2977 	 7.0890917385e+01 	 1.1340075698e-03
3000 	 3079 	 7.0890866275e+01 	 1.0585364867e-03
3100 	 3182 	 7.0890790345e+01 	 9.4009252647e-04
3200 	 3288 	 7.0890712972e+01 	 1.2288863326e-03
3300 	 3389 	 7.0890643038e+01 	 7.1730050887e-04
3400 	 3490 	 7.0890586649e+01 	 1.3969790242e-03
3500 	 3593 	 7.0890528515e+01 	 1.1004139162e-03
3600 	 3694 	 7.0890465313e+01 	 8.8328935753e-04
3700 	 3794 	 7.0890403066e+01 	 8.2364989583e-04
3800 	 3897 	 7.0890354683e+01 	 8.9416559443e-04
3900 	 4000 	 7.0890320322e+01 	 5.7248419597e-04
4000 	 4102 	 7.0890282396e+01 	 7.4327989714e-04
4100 	 4204 	 7.0890243668e+01 	 6.2895155042e-04
4200 	 4306 	 7.0890212431e+01 	 5.7041923087e-04
4300 	 4406 	 7.0890176618e+01 	 1.3003444889e-03
4400 	 4508 	 7.0890138601e+01 	 9.6464921322e-04
4500 	 4609 	 7.0890098822e+01 	 7.2939353821e-04
4600 	 4712 	 7.0890065468e+01 	 9.3262123405e-04
4700 	 4812 	 7.0890029652e+01 	 6.5497197105e-04
4800 	 4913 	 7.0889997481e+01 	 5.2289633268e-04
4900 	 5015 	 7.0889973050e+01 	 5.7118215372e-04
5000 	 5119 	 7.0889951450e+01 	 5.8467737915e-04
5100 	 5222 	 7.0889925308e+01 	 1.3961340646e-03
5200 	 5326 	 7.0889898459e+01 	 1.0372496952e-03
5300 	 5429 	 7.0889875773e+01 	 3.7279325933e-04
5400 	 5533 	 7.0889857863e+01 	 5.3759802670e-04
5500 	 5635 	 7.0889841608e+01 	 4.4036439124e-04
5600 	 5735 	 7.0889820298e+01 	 3.9353159052e-04
5700 	 5838 	 7.0889803467e+01 	 3.6293659475e-04
5800 	 5938 	 7.0889786110e+01 	 5.6240498657e-04
5900 	 6041 	 7.0889771435e+01 	 3.5270755059e-04
6000 	 6145 	 7.0889757625e+01 	 4.2147278177e-04
6100 	 6246 	 7.0889745759e+01 	 2.8858528924e-04
6200 	 6348 	 7.0889737488e+01 	 5.1702323371e-04
6300 	 6450 	 7.0889730187e+01 	 4.5567437084e-04
6400 	 6553 	 7.0889723932e+01 	 2.0680729794e-04
6500 	 6657 	 7.0889717654e+01 	 3.1289058218e-04
6600 	 6757 	 7.0889712513e+01 	 3.1037548640e-04
6700 	 6858 	 7.0889706656e+01 	 3.4108120913e-04
6800 	 6961 	 7.0889699260e+01 	 2.8235804976e-04
6900 	 7061 	 7.0889690024e+01 	 4.0157871679e-04
7000 	 7165 	 7.0889682252e+01 	 2.7217765530e-04
7100 	 7267 	 7.0889672351e+01 	 2.1776447757e-04
7200 	 7369 	 7.0889660152e+01 	 2.9923263374e-04
7300 	 7471 	 7.0889649525e+01 	 3.9193443929e-04
7400 	 7573 	 7.0889639320e+01 	 3.7207509632e-04
7500 	 7674 	 7.0889631108e+01 	 2.3367293008e-04
7600 	 7777 	 7.0889623390e+01 	 2.6141605699e-04
7700 	 7878 	 7.0889615806e+01 	 3.1511967991e-04
7800 	 7980 	 7.0889608587e+01 	 2.7368931762e-04
7900 	 8083 	 7.0889602175e+01 	 3.1756183898e-04
8000 	 8184 	 7.0889596222e+01 	 1.9100045765e-04
8100 	 8288 	 7.0889590902e+01 	 2.6985782733e-04
8200 	 8392 	 7.0889585331e+01 	 3.9343702472e-04
8300 	 8497 	 7.0889580784e+01 	 3.5080920560e-04
8400 	 8601 	 7.0889576905e+01 	 1.8704074372e-04
8500 	 8703 	 7.0889572715e+01 	 2.4463917739e-04
8600 	 8807 	 7.0889568435e+01 	 2.5222929201e-04
8700 	 8909 	 7.0889564383e+01 	 2.3463400416e-04
8800 	 9010 	 7.0889560317e+01 	 1.8714972075e-04
8900 	 9115 	 7.0889556649e+01 	 2.4777714932e-04
9000 	 9217 	 7.0889553324e+01 	 2.4451035941e-04
9100 	 9319 	 7.0889550471e+01 	 3.9097692289e-04
9200 	 9422 	 7.0889548191e+01 	 1.5580571846e-04
9300 	 9526 	 7.0889546609e+01 	 1.3411340106e-04
9400 	 9631 	 7.0889544796e+01 	 1.6092821727e-04
9500 	 9737 	 7.0889542666e+01 	 1.7960242866e-04
9600 	 9841 	 7.0889540865e+01 	 2.3468247686e-04
9700 	 9942 	 7.0889539128e+01 	 1.3911657360e-04
9800 	 10044 	 7.0889537824e+01 	 1.3905302981e-04
9900 	 10146 	 7.0889536756e+01 	 9.2912076365e-05
10000 	 10249 	 7.0889535608e+01 	 1.0141818533e-04
10100 	 10353 	 7.0889534533e+01 	 1.3042648928e-04
10200 	 10457 	 7.0889533322e+01 	 2.0571243779e-04
10300 	 10557 	 7.0889532370e+01 	 9.8478893042e-05
10400 	 10662 	 7.0889531421e+01 	 1.0994981013e-04
10500 	 10764 	 7.0889530048e+01 	 9.5651235472e-05
10600 	 10866 	 7.0889528573e+01 	 1.3247123029e-04
10700 	 10969 	 7.0889526943e+01 	 1.7974762390e-04
10800 	 11070 	 7.0889525504e+01 	 3.0795255000e-04
10900 	 11175 	 7.0889524575e+01 	 1.0963582264e-04
11000 	 11278 	 7.0889523973e+01 	 1.0699264706e-04
11100 	 11380 	 7.0889523287e+01 	 9.5044348530e-05
11200 	 11482 	 7.0889522518e+01 	 9.4598891957e-05
11300 	 11584 	 7.0889521720e+01 	 1.0207088480e-04
11400 	 11687 	 7.0889520988e+01 	 1.5141905251e-04
11500 	 11792 	 7.0889520414e+01 	 6.8722118660e-05
11600 	 11895 	 7.0889519940e+01 	 7.5304607516e-05
11700 	 11996 	 7.0889519404e+01 	 6.9504498279e-05
11800 	 12100 	 7.0889518960e+01 	 6.2479205176e-05
11900 	 12204 	 7.0889518599e+01 	 7.3206490587e-05
12000 	 12305 	 7.0889518224e+01 	 5.7110245156e-05
12100 	 12408 	 7.0889517862e+01 	 5.8685714991e-05
12200 	 12510 	 7.0889517564e+01 	 5.5053280060e-05
12300 	 12611 	 7.0889517361e+01 	 5.2539111880e-05
12400 	 12715 	 7.0889517108e+01 	 5.1254152840e-05
12500 	 12818 	 7.0889516884e+01 	 4.7274908715e-05
12600 	 12919 	 7.0889516731e+01 	 7.8641694442e-05
12700 	 13020 	 7.0889516590e+01 	 3.6914439023e-05
12800 	 13122 	 7.0889516460e+01 	 3.9566205824e-05
12900 	 13224 	 7.0889516311e+01 	 7.3059093511e-05
13000 	 13326 	 7.0889516181e+01 	 3.6874286098e-05
13100 	 13429 	 7.0889516046e+01 	 5.5581549440e-05
13200 	 13529 	 7.0889515850e+01 	 7.6768418715e-05
13300 	 13632 	 7.0889515667e+01 	 5.4735756895e-05
13400 	 13733 	 7.0889515489e+01 	 4.6691512423e-05
13500 	 13835 	 7.0889515333e+01 	 4.1782778941e-05
13600 	 13937 	 7.0889515168e+01 	 5.3520886083e-05
13700 	 14038 	 7.0889515003e+01 	 7.2602392652e-05
13800 	 14140 	 7.0889514831e+01 	 3.3847240312e-05
13900 	 14243 	 7.0889514701e+01 	 3.6179540272e-05
14000 	 14346 	 7.0889514588e+01 	 5.0777030468e-05
14100 	 14449 	 7.0889514480e+01 	 4.0498681851e-05
14200 	 14552 	 7.0889514387e+01 	 2.6460412156e-05
14300 	 14654 	 7.0889514323e+01 	 2.8139457308e-05
14400 	 14757 	 7.0889514268e+01 	 2.7146374408e-05
14500 	 14862 	 7.0889514213e+01 	 2.4355903570e-05
14600 	 14967 	 7.0889514168e+01 	 1.7133908500e-05
14700 	 15072 	 7.0889514138e+01 	 2.1113572969e-05
14800 	 15174 	 7.0889514108e+01 	 4.9765007717e-05
14900 	 15277 	 7.0889514080e+01 	 1.8715609016e-05
15000 	 15379 	 7.0889514047e+01 	 1.9801753517e-05
15100 	 15482 	 7.0889514005e+01 	 2.5798883766e-05
15200 	 15582 	 7.0889513955e+01 	 2.9853014938e-05
15300 	 15685 	 7.0889513895e+01 	 2.5172199270e-05
15400 	 15788 	 7.0889513850e+01 	 1.7521787192e-05
15500 	 15889 	 7.0889513811e+01 	 3.8425873964e-05
15600 	 15991 	 7.0889513767e+01 	 1.9174498341e-05
15700 	 16094 	 7.0889513738e+01 	 1.4943894598e-05
15800 	 16195 	 7.0889513714e+01 	 1.9928513305e-05
15900 	 16296 	 7.0889513693e+01 	 1.3081179928e-05
16000 	 16397 	 7.0889513675e+01 	 1.2130811227e-05
16100 	 16500 	 7.0889513657e+01 	 1.8323596120e-05
16200 	 16602 	 7.0889513635e+01 	 1.2679362716e-05
16300 	 16706 	 7.0889513610e+01 	 2.9292312963e-05
16400 	 16810 	 7.0889513588e+01 	 1.6795093504e-05
16500 	 16911 	 7.0889513567e+01 	 2.7729445452e-05
16600 	 17013 	 7.0889513539e+01 	 2.1553250190e-05
16700 	 17115 	 7.0889513504e+01 	 1.9331738443e-05
16800 	 17218 	 7.0889513463e+01 	 4.4426806673e-05
16900 	 17321 	 7.0889513416e+01 	 2.4844824687e-05
17000 	 17422 	 7.0889513377e+01 	 6.2585326918e-05
17100 	 17523 	 7.0889513340e+01 	 2.7420228207e-05
17200 	 17626 	 7.0889513314e+01 	 1.2024385689e-05
17300 	 17727 	 7.0889513296e+01 	 1.4152481247e-05
17400 	 17831 	 7.0889513286e+01 	 9.7990754966e-06
17500 	 17932 	 7.0889513278e+01 	 8.0481995198e-06
17600 	 18033 	 7.0889513272e+01 	 9.2855288999e-06
17700 	 18134 	 7.0889513264e+01 	 7.0239442858e-06
17800 	 18241 	 7.0889513256e+01 	 1.6202231591e-05
17900 	 18343 	 7.0889513247e+01 	 1.0751772818e-05
18000 	 18447 	 7.0889513238e+01 	 9.7648206328e-06
18100 	 18549 	 7.0889513231e+01 	 1.2999170180e-05
18200 	 18652 	 7.0889513225e+01 	 8.9667947199e-06
18300 	 18755 	 7.0889513221e+01 	 9.6914452142e-06
18400 	 18857 	 7.0889513218e+01 	 1.2657940463e-05
18500 	 18958 	 7.0889513216e+01 	 4.2442045371e-06
18600 	 19062 	 7.0889513213e+01 	 4.2256144939e-06
18700 	 19165 	 7.0889513211e+01 	 6.3434875833e-06
18800 	 19268 	 7.0889513210e+01 	 3.7741269972e-06
18900 	 19373 	 7.0889513209e+01 	 3.3942856590e-06
19000 	 19476 	 7.0889513207e+01 	 3.3658391529e-06
19100 	 19579 	 7.0889513206e+01 	 2.6363863762e-06
19200 	 19682 	 7.0889513206e+01 	 4.9506653683e-06
19300 	 19786 	 7.0889513205e+01 	 3.0805329300e-06
19400 	 19888 	 7.0889513204e+01 	 3.4388702538e-06
19500 	 19992 	 7.0889513202e+01 	 3.1896132967e-06
19600 	 20095 	 7.0889513201e+01 	 4.2816516902e-06
19700 	 20197 	 7.0889513200e+01 	 8.7813345667e-06
19800 	 20301 	 7.0889513198e+01 	 3.2375985346e-06
19900 	 20403 	 7.0889513197e+01 	 3.8219916459e-06
20000 	 20505 	 7.0889513196e+01 	 3.3520422593e-06
20100 	 20610 	 7.0889513195e+01 	 4.2924337330e-06
20200 	 20714 	 7.0889513194e+01 	 5.2187835865e-06
20300 	 20814 	 7.0889513193e+01 	 6.8975642195e-06
20400 	 20917 	 7.0889513192e+01 	 3.2465544128e-06
20500 	 21020 	 7.0889513190e+01 	 3.4431417647e-06
20600 	 21121 	 7.0889513190e+01 	 6.6372209018e-06
20700 	 21223 	 7.0889513189e+01 	 5.8428944131e-06
20800 	 21326 	 7.0889513188e+01 	 2.5226262316e-06
20900 	 21428 	 7.0889513188e+01 	 2.6701921693e-06
21000 	 21530 	 7.0889513187e+01 	 2.2842946642e-06
21100 	 21631 	 7.0889513187e+01 	 2.5651207090e-06
21200 	 21733 	 7.0889513186e+01 	 4.7270344995e-06
21300 	 21834 	 7.0889513186e+01 	 2.4695240603e-06
21400 	 21936 	 7.0889513185e+01 	 2.6299002134e-06
21500 	 22038 	 7.0889513184e+01 	 3.3456692140e-06
21600 	 22139 	 7.0889513184e+01 	 3.0457483248e-06
21700 	 22242 	 7.0889513183e+01 	 3.9446764260e-06
21800 	 22346 	 7.0889513183e+01 	 6.0931529713e-06
21900 	 22447 	 7.0889513183e+01 	 1.9829011718e-06
22000 	 22549 	 7.0889513182e+01 	 4.1019321945e-06
22100 	 22650 	 7.0889513182e+01 	 4.8393989834e-06
22200 	 22751 	 7.0889513182e+01 	 1.8841278081e-06
22300 	 22853 	 7.0889513181e+01 	 1.5690807404e-06
22400 	 22956 	 7.0889513181e+01 	 1.4996867465e-06
22500 	 23060 	 7.0889513181e+01 	 3.4527474645e-06
22600 	 23162 	 7.0889513181e+01 	 1.4317228566e-06
22700 	 23267 	 7.0889513181e+01 	 1.2278551010e-06
22800 	 23371 	 7.0889513181e+01 	 1.3957688896e-06
22900 	 23477 	 7.0889513181e+01 	 1.3059863438e-06
23000 	 23582 	 7.0889513180e+01 	 1.3298390714e-06
23100 	 23691 	 7.0889513180e+01 	 1.0193453767e-06
23200 	 23801 	 7.0889513180e+01 	 6.2980068355e-07
23300 	 23916 	 7.0889513180e+01 	 7.1986806133e-07
23400 	 24032 	 7.0889513180e+01 	 8.3288669027e-07
23500 	 24138 	 7.0889513180e+01 	 9.9426284597e-07
23600 	 24247 	 7.0889513180e+01 	 1.6732276009e-06
23700 	 24362 	 7.0889513180e+01 	 4.2490699811e-07
# ---- 
 1 		 23739 	 24420 		 7.6743918464e+01 	 7.0889513180e+01 	 4.4528839929e-07
# ---- 
100 	 103 	 7.3974344715e-01 	 2.1300635526e-02
200 	 205 	 7.2095493464e-01 	 2.5718028608e-02
300 	 309 	 7.0971759538e-01 	 2.4894780260e-02
400 	 410 	 7.0307136502e-01 	 9.1155975079e-03
500 	 513 	 6.9810689204e-01 	 6.5792827753e-03
600 	 616 	 6.9446002931e-01 	 1.2877381362e-02
700 	 719 	 6.9055861952e-01 	 6.6340862897e-03
800 	 819 	 6.8830718354e-01 	 4.9703792073e-03
900 	 921 	 6.8676905958e-01 	 4.3734347370e-03
1000 	 1026 	 6.8493695491e-01 	 6.2089624492e-03
1100 	 1128 	 6.8374445652e-01 	 3.7586891982e-03
1200 	 1232 	 6.8309299103e-01 	 3.2562508160e-03
1300 	 1338 	 6.8262507369e-01 	 2.2275477758e-03
1400 	 1441 	 6.8221922635e-01 	 6.3571988041e-03
1500 	 1544 	 6.8193380269e-01 	 1.4059249126e-03
1600 	 1646 	 6.8172896711e-01 	 1.7451122695e-03
1700 	 1749 	 6.8159157669e-01 	 1.1435584294e-03
1800 	 1852 	 6.8147607993e-01 	 1.0801293566e-03
1900 	 1954 	 6.8139152661e-01 	 1.1417341460e-03
2000 	 2055 	 6.8133226079e-01 	 7.4310249069e-04
2100 	 2159 	 6.8128438160e-01 	 8.9949247128e-04
2200 	 2259 	 6.8122962883e-01 	 8.3785605053e-04
2300 	 2362 	 6.8118336967e-01 	 8.1953053713e-04
2400 	 2464 	 6.8114968838e-01 	 6.2339417639e-04
2500 	 2570 	 6.8111872852e-01 	 8.9330742480e-04
2600 	 2672 	 6.8109444828e-01 	 6.2529976688e-04
2700 	 2776 	 6.8107772845e-01 	 4.6969916438e-04
2800 	 2879 	 6.8106548675e-01 	 3.9959821451e-04
2900 	 2981 	 6.8105538597e-01 	 7.1998457754e-04
3000 	 3083 	 6.8104588664e-01 	 3.9013297655e-04
3100 	 3185 	 6.8103605670e-01 	 4.7364572892e-04
3200 	 3289 	 6.8102658032e-01 	 5.2171656836e-04
3300 	 3391 	 6.8101867847e-01 	 4.0279667720e-04
3400 	 3492 	 6.8101129731e-01 	 4.3419161262e-04
3500 	 3593 	 6.8100434232e-01 	 4.0067001588e-04
3600 	 3694 	 6.8099697731e-01 	 2.9519280956e-04
3700 	 3796 	 6.8099098044e-01 	 2.5179096394e-04
3800 	 3899 	 6.8098443420e-01 	 1.9316449156e-04
3900 	 4002 	 6.8097919858e-01 	 2.7802938359e-04
4000 	 4105 	 6.8097439721e-01 	 3.5082830770e-04
4100 	 4210 	 6.8097045803e-01 	 3.1683923374e-04
4200 	 4313 	 6.8096712652e-01 	 2.6706228673e-04
4300 	 4415 	 6.8096420147e-01 	 2.8435859180e-04
4400 	 4518 	 6.8096190862e-01 	 1.0860898017e-04
4500 	 4620 	 6.8096008701e-01 	 1.3503161135e-04
4600 	 4723 	 6.8095861152e-01 	 1.3608383752e-04
4700 	 4826 	 6.8095706342e-01 	 1.8875126820e-04
4800 	 4930 	 6.8095581117e-01 	 1.6727151046e-04
4900 	 5031 	 6.8095477640e-01 	 1.1996787608e-04
5000 	 5135 	 6.8095366778e-01 	 1.6257443874e-04
5100 	 5239 	 6.8095264423e-01 	 1.1757891333e-04
5200 	 5341 	 6.8095156555e-01 	 3.9813125713e-04
5300 	 5443 	 6.8095035583e-01 	 1.0314721090e-04
5400 	 5546 	 6.8094940475e-01 	 1.2629360390e-04
5500 	 5648 	 6.8094836709e-01 	 8.7321177350e-05
5600 	 5753 	 6.8094760691e-01 	 1.3216577331e-04
5700 	 5858 	 6.8094680375e-01 	 9.4663492151e-05
5800 	 5961 	 6.8094617144e-01 	 9.2931997529e-05
5900 	 6064 	 6.8094554549e-01 	 1.2049283750e-04
6000 	 6166 	 6.8094496943e-01 	 1.5622187395e-04
6100 	 6267 	 6.8094447205e-01 	 1.1613535055e-04
6200 	 6369 	 6.8094399289e-01 	 6.1319109437e-05
6300 	 6471 	 6.8094349798e-01 	 7.7528180550e-05
6400 	 6575 	 6.8094311218e-01 	 6.7952307578e-05
6500 	 6676 	 6.8094267441e-01 	 7.3013969564e-05
6600 	 6779 	 6.8094225213e-01 	 8.6014695153e-05
6700 	 6880 	 6.8094187353e-01 	 6.4757146142e-05
6800 	 6984 	 6.8094155041e-01 	 8.4211356348e-05
6900 	 7087 	 6.8094127180e-01 	 7.1556903044e-05
7000 	 7191 	 6.8094100608e-01 	 9.6818750731e-05
7100 	 7293 	 6.8094076409e-01 	 5.0658610292e-05
7200 	 7394 	 6.8094060485e-01 	 5.5015673632e-05
7300 	 7496 	 6.8094044179e-01 	 7.5033620158e-05
7400 	 7596 	 6.8094028347e-01 	 4.1038777538e-05
7500 	 7697 	 6.8094009000e-01 	 9.7443434491e-05
7600 	 7800 	 6.8093988162e-01 	 6.9792139309e-05
7700 	 7901 	 6.8093964817e-01 	 7.1824073606e-05
7800 	 8004 	 6.8093946846e-01 	 3.8758021818e-05
7900 	 8109 	 6.8093931365e-01 	 2.9228328272e-05
8000 	 8214 	 6.8093919145e-01 	 7.7788354228e-05
8100 	 8316 	 6.8093904257e-01 	 4.6513076955e-05
8200 	 8418 	 6.8093888704e-01 	 3.6263986892e-05
8300 	 8520 	 6.8093871395e-01 	 3.6409300133e-05
8400 	 8622 	 6.8093853164e-01 	 5.2017475783e-05
8500 	 8724 	 6.8093832539e-01 	 3.8149606268e-05
8600 	 8829 	 6.8093818801e-01 	 7.8019479315e-05
8700 	 8931 	 6.8093807324e-01 	 3.8918815440e-05
8800 	 9034 	 6.8093795504e-01 	 4.3524011980e-05
8900 	 9138 	 6.8093778754e-01 	 4.5163550448e-05
9000 	 9241 	 6.8093763317e-01 	 4.4268453472e-05
9100 	 9343 	 6.8093750470e-01 	 3.7727875398e-05
9200 	 9447 	 6.8093738689e-01 	 3.8542480568e-05
9300 	 9549 	 6.8093724926e-01 	 5.8293173411e-05
9400 	 9650 	 6.8093709913e-01 	 3.7372160622e-05
9500 	 9755 	 6.8093693148e-01 	 4.8498513866e-05
9600 	 9855 	 6.8093669422e-01 	 8.1611541891e-05
9700 	 9957 	 6.8093648397e-01 	 3.9115039112e-05
9800 	 10062 	 6.8093632301e-01 	 5.5717717221e-05
9900 	 10163 	 6.8093621139e-01 	 6.2119916068e-05
10000 	 10265 	 6.8093611759e-01 	 2.9795150577e-05
10100 	 10366 	 6.8093603789e-01 	 2.1420683931e-05
10200 	 10468 	 6.8093598512e-01 	 1.9227923834e-05
10300 	 10571 	 6.8093593130e-01 	 2.2766737228e-05
10400 	 10674 	 6.8093588627e-01 	 2.5181584287e-05
10500 	 10777 	 6.8093584725e-01 	 3.1048841288e-05
10600 	 10878 	 6.8093580435e-01 	 2.3538920343e-05
10700 	 10983 	 6.8093576468e-01 	 1.8036780249e-05
10800 	 11086 	 6.8093573502e-01 	 1.3736723786e-05
10900 	 11188 	 6.8093571065e-01 	 1.2306285950e-05
11000 	 11290 	 6.8093569129e-01 	 2.9003811576e-05
11100 	 11392 	 6.8093567246e-01 	 1.2966581953e-05
11200 	 11494 	 6.8093565090e-01 	 1.4246222203e-05
11300 	 11597 	 6.8093562932e-01 	 1.3715505763e-05
11400 	 11700 	 6.8093560772e-01 	 1.5509165210e-05
11500 	 11803 	 6.8093558461e-01 	 1.5854054734e-05
11600 	 11905 	 6.8093556606e-01 	 1.3365476174e-05
11700 	 12006 	 6.8093554658e-01 	 1.3134065195e-05
11800 	 12109 	 6.8093553040e-01 	 2.5987536970e-05
11900 	 12210 	 6.8093551718e-01 	 2.4987659781e-05
12000 	 12311 	 6.8093550358e-01 	 1.2050313259e-05
12100 	 12413 	 6.8093548718e-01 	 3.0446559204e-05
12200 	 12514 	 6.8093546667e-01 	 2.7683808843e-05
12300 	 12615 	 6.8093544806e-01 	 1.8263402307e-05
12400 	 12718 	 6.8093543218e-01 	 1.2372951254e-05
12500 	 12820 	 6.8093541337e-01 	 1.2413440139e-05
12600 	 12922 	 6.8093539614e-01 	 1.2362845453e-05
12700 	 13026 	 6.8093538485e-01 	 1.2907733354e-05
12800 	 13129 	 6.8093537418e-01 	 9.8388573094e-06
12900 	 13231 	 6.8093536304e-01 	 1.0398942034e-05
13000 	 13334 	 6.8093535068e-01 	 1.3228047697e-05
13100 	 13438 	 6.8093533614e-01 	 1.1215431332e-05
13200 	 13540 	 6.8093532333e-01 	 1.1725694397e-05
13300 	 13643 	 6.8093530992e-01 	 3.6420896351e-05
13400 	 13743 	 6.8093529847e-01 	 1.0965001373e-05
13500 	 13847 	 6.8093528753e-01 	 1.5954027124e-05
13600 	 13949 	 6.8093527866e-01 	 1.3422053756e-05
13700 	 14052 	 6.8093526830e-01 	 1.1105636925e-05
13800 	 14155 	 6.8093525578e-01 	 1.2427911046e-05
13900 	 14259 	 6.8093524147e-01 	 1.1422688781e-05
14000 	 14361 	 6.8093522803e-01 	 9.8423446378e-06
14100 	 14462 	 6.8093521793e-01 	 1.3470653410e-05
14200 	 14563 	 6.8093520645e-01 	 1.5958306142e-05
14300 	 14665 	 6.8093519271e-01 	 1.5605912530e-05
14400 	 14768 	 6.8093518254e-01 	 7.6803207096e-06
14500 	 14869 	 6.8093517365e-01 	 2.3943491621e-05
14600 	 14971 	 6.8093516534e-01 	 1.5662521339e-05
14700 	 15074 	 6.8093515925e-01 	 6.6598910397e-06
14800 	 15176 	 6.8093515382e-01 	 6.8168248407e-06
14900 	 15277 	 6.8093514953e-01 	 1.0366554160e-05
15000 	 15380 	 6.8093514578e-01 	 1.3529464759e-05
15100 	 15483 	 6.8093514297e-01 	 1.0949933141e-05
15200 	 15586 	 6.8093513995e-01 	 5.0087266038e-06
15300 	 15689 	 6.8093513651e-01 	 7.5647975110e-06
15400 	 15792 	 6.8093513288e-01 	 6.4457965530e-06
15500 	 15894 	 6.8093513014e-01 	 9.3464939877e-06
15600 	 15997 	 6.8093512779e-01 	 4.2988846186e-06
15700 	 16099 	 6.8093512522e-01 	 6.2676283313e-06
15800 	 16201 	 6.8093512251e-01 	 1.3590189138e-05
15900 	 16301 	 6.8093511981e-01 	 1.3924765876e-05
16000 	 16404 	 6.8093511733e-01 	 1.2623488693e-05
16100 	 16509 	 6.8093511487e-01 	 1.5784804141e-05
16200 	 16611 	 6.8093511246e-01 	 1.1901269934e-05
16300 	 16715 	 6.8093511029e-01 	 4.3771071863e-06
16400 	 16819 	 6.8093510869e-01 	 3.5652643349e-06
16500 	 16922 	 6.8093510746e-01 	 3.1853340346e-06
16600 	 17023 	 6.8093510629e-01 	 4.1478934456e-06
16700 	 17126 	 6.8093510518e-01 	 3.5493502034e-06
16800 	 17227 	 6.8093510386e-01 	 5.0116329298e-06
16900 	 17331 	 6.8093510270e-01 	 4.6415608121e-06
17000 	 17435 	 6.8093510096e-01 	 4.5849067416e-06
17100 	 17537 	 6.8093509941e-01 	 3.9960794289e-06
17200 	 17638 	 6.8093509781e-01 	 4.3603025175e-06
17300 	 17741 	 6.8093509627e-01 	 3.3098340509e-06
17400 	 17844 	 6.8093509519e-01 	 3.1673439027e-06
17500 	 17946 	 6.8093509434e-01 	 3.2923073236e-06
17600 	 18048 	 6.8093509354e-01 	 5.0989189570e-06
17700 	 18151 	 6.8093509280e-01 	 2.8158058984e-06
17800 	 18256 	 6.8093509223e-01 	 1.5024515784e-06
17900 	 18359 	 6.8093509195e-01 	 2.5478293814e-06
18000 	 18459 	 6.8093509173e-01 	 1.6731884537e-06
18100 	 18561 	 6.8093509152e-01 	 1.1140638650e-06
18200 	 18663 	 6.8093509132e-01 	 1.9763972827e-06
18300 	 18766 	 6.8093509094e-01 	 4.6141988527e-06
18400 	 18871 	 6.8093509055e-01 	 1.6736604676e-06
18500 	 18974 	 6.8093509013e-01 	 1.8796791370e-06
18600 	 19076 	 6.8093508973e-01 	 1.7272945604e-06
18700 	 19178 	 6.8093508936e-01 	 1.6733480851e-06
18800 	 19281 	 6.8093508905e-01 	 2.0138970716e-06
18900 	 19381 	 6.8093508869e-01 	 4.2159645296e-06
19000 	 19484 	 6.8093508838e-01 	 1.5658739089e-06
19100 	 19587 	 6.8093508809e-01 	 2.1043548164e-06
19200 	 19688 	 6.8093508773e-01 	 2.0880010003e-06
19300 	 19790 	 6.8093508731e-01 	 2.2905351421e-06
19400 	 19892 	 6.8093508682e-01 	 2.5725028153e-06
19500 	 19994 	 6.8093508624e-01 	 4.1502888423e-06
19600 	 20098 	 6.8093508570e-01 	 2.7500477290e-06
19700 	 20201 	 6.8093508520e-01 	 2.0892309781e-06
19800 	 20305 	 6.8093508476e-01 	 6.4525107477e-06
19900 	 20408 	 6.8093508440e-01 	 1.9851484214e-06
20000 	 20513 	 6.8093508410e-01 	 2.4028538397e-06
20100 	 20614 	 6.8093508379e-01 	 3.5280480569e-06
20200 	 20717 	 6.8093508349e-01 	 2.3078090811e-06
20300 	 20821 	 6.8093508316e-01 	 1.6465583446e-06
20400 	 20923 	 6.8093508294e-01 	 1.7365719882e-06
20500 	 21026 	 6.8093508270e-01 	 2.3973031542e-06
20600 	 21126 	 6.8093508245e-01 	 3.3945003786e-06
20700 	 21226 	 6.8093508225e-01 	 1.9949852610e-06
20800 	 21329 	 6.8093508206e-01 	 1.3374780109e-06
20900 	 21431 	 6.8093508187e-01 	 1.3703422521e-06
21000 	 21536 	 6.8093508169e-01 	 1.5728835602e-06
21100 	 21638 	 6.8093508153e-01 	 1.5513687065e-06
21200 	 21740 	 6.8093508135e-01 	 1.3556828956e-06
21300 	 21845 	 6.8093508123e-01 	 9.7766075835e-07
21400 	 21947 	 6.8093508114e-01 	 1.1243544048e-06
21500 	 22050 	 6.8093508106e-01 	 7.8117479648e-07
21600 	 22151 	 6.8093508099e-01 	 8.7754263970e-07
21700 	 22254 	 6.8093508091e-01 	 1.3662210286e-06
21800 	 22358 	 6.8093508082e-01 	 9.6174579222e-07
21900 	 22459 	 6.8093508074e-01 	 9.0734415033e-07
22000 	 22560 	 6.8093508068e-01 	 6.3740360046e-07
22100 	 22662 	 6.8093508064e-01 	 5.1698824293e-07
22200 	 22767 	 6.8093508060e-01 	 6.6943993496e-07
22300 	 22867 	 6.8093508058e-01 	 4.8421997719e-07
22400 	 22970 	 6.8093508056e-01 	 7.6944771856e-07
22500 	 23074 	 6.8093508054e-01 	 4.9120916263e-07
22600 	 23177 	 6.8093508051e-01 	 5.1350208680e-07
22700 	 23279 	 6.8093508049e-01 	 5.8422890667e-07
22800 	 23384 	 6.8093508046e-01 	 4.7635267981e-07
22900 	 23488 	 6.8093508043e-01 	 1.0116121011e-06
23000 	 23592 	 6.8093508040e-01 	 6.3777445029e-07
23100 	 23698 	 6.8093508036e-01 	 1.1261538849e-06
23200 	 23798 	 6.8093508032e-01 	 1.5423931113e-06
23300 	 23900 	 6.8093508027e-01 	 5.6087060014e-07
23400 	 24000 	 6.8093508025e-01 	 4.1649060366e-07
23500 	 24103 	 6.8093508023e-01 	 5.0659522389e-07
23600 	 24204 	 6.8093508021e-01 	 4.7888481291e-07
23700 	 24306 	 6.8093508018e-01 	 1.1882579217e-06
23800 	 24407 	 6.8093508015e-01 	 1.3252208790e-06
23900 	 24510 	 6.8093508012e-01 	 7.3897723145e-07
24000 	 24613 	 6.8093508009e-01 	 5.9967094492e-07
24100 	 24715 	 6.8093508006e-01 	 7.2852998798e-07
24200 	 24817 	 6.8093508003e-01 	 6.7277750695e-07
24300 	 24920 	 6.8093508000e-01 	 7.0239249580e-07
24400 	 25022 	 6.8093507997e-01 	 5.6757392525e-07
24500 	 25125 	 6.8093507995e-01 	 4.5633888291e-07
24600 	 25228 	 6.8093507992e-01 	 4.4709890559e-07
24700 	 25330 	 6.8093507990e-01 	 8.1422668879e-07
24800 	 25431 	 6.8093507989e-01 	 3.7246293577e-07
24900 	 25533 	 6.8093507987e-01 	 4.9380308507e-07
25000 	 25637 	 6.8093507986e-01 	 5.1090667887e-07
25100 	 25739 	 6.8093507984e-01 	 2.8089346622e-07
25200 	 25843 	 6.8093507983e-01 	 9.6256811079e-07
25300 	 25945 	 6.8093507982e-01 	 7.5083428394e-07
25400 	 26048 	 6.8093507981e-01 	 2.8880827257e-07
25500 	 26151 	 6.8093507980e-01 	 2.0446637031e-07
25600 	 26254 	 6.8093507980e-01 	 2.6460102439e-07
25700 	 26356 	 6.8093507979e-01 	 2.2493679323e-07
25800 	 26458 	 6.8093507979e-01 	 2.0172774868e-07
25900 	 26560 	 6.8093507978e-01 	 4.2939234364e-07
26000 	 26664 	 6.8093507977e-01 	 3.0999201836e-07
26100 	 26767 	 6.8093507977e-01 	 1.9246051005e-07
26200 	 26868 	 6.8093507976e-01 	 3.4014039659e-07
26300 	 26969 	 6.8093507976e-01 	 2.9305033466e-07
26400 	 27069 	 6.8093507975e-01 	 3.1447662214e-07
26500 	 27171 	 6.8093507975e-01 	 3.1320019063e-07
26600 	 27272 	 6.8093507974e-01 	 2.3618399698e-07
26700 	 27374 	 6.8093507973e-01 	 2.4371875172e-07
26800 	 27476 	 6.8093507973e-01 	 2.5882276783e-07
26900 	 27576 	 6.8093507972e-01 	 4.0870263979e-07
27000 	 27678 	 6.8093507971e-01 	 4.5132225209e-07
27100 	 27780 	 6.8093507970e-01 	 4.7740506442e-07
27200 	 27883 	 6.8093507969e-01 	 2.3345412764e-07
27300 	 27985 	 6.8093507968e-01 	 2.3532438252e-07
27400 	 28088 	 6.8093507967e-01 	 3.9487036711e-07
27500 	 28191 	 6.8093507966e-01 	 2.8747336738e-07
27600 	 28293 	 6.8093507966e-01 	 2.6571325188e-07
27700 	 28396 	 6.8093507965e-01 	 2.9030274754e-07
27800 	 28499 	 6.8093507965e-01 	 2.3144647510e-07
27900 	 28601 	 6.8093507964e-01 	 1.7402055753e-07
28000 	 28705 	 6.8093507964e-01 	 1.4533142017e-07
28100 	 28807 	 6.8093507964e-01 	 1.3514810153e-07
28200 	 28911 	 6.8093507964e-01 	 1.8762977324e-07
28300 	 29012 	 6.8093507964e-01 	 1.0380215828e-07
28400 	 29113 	 6.8093507964e-01 	 1.0952462332e-07
28500 	 29217 	 6.8093507963e-01 	 1.5772516729e-07
28600 	 29321 	 6.8093507963e-01 	 1.8033046833e-07
28700 	 29423 	 6.8093507963e-01 	 1.3374974644e-07
28800 	 29525 	 6.8093507963e-01 	 9.2255992827e-08
28900 	 29627 	 6.8093507963e-01 	 2.4828780811e-07
29000 	 29729 	 6.8093507963e-01 	 1.2035220957e-07
29100 	 29834 	 6.8093507962e-01 	 3.1188418232e-07
29200 	 29936 	 6.8093507962e-01 	 1.6040760456e-07
29300 	 30039 	 6.8093507962e-01 	 1.5894698422e-07
29400 	 30139 	 6.8093507962e-01 	 1.9808231966e-07
29500 	 30243 	 6.8093507962e-01 	 2.6560544804e-07
29600 	 30346 	 6.8093507962e-01 	 1.5082181337e-07
29700 	 30450 	 6.8093507961e-01 	 8.0543780052e-08
29800 	 30552 	 6.8093507961e-01 	 2.2599982446e-07
29900 	 30655 	 6.8093507961e-01 	 1.0644970774e-07
30000 	 30759 	 6.8093507961e-01 	 1.1618459655e-07
30100 	 30862 	 6.8093507961e-01 	 2.5292403666e-07
30200 	 30963 	 6.8093507961e-01 	 7.8782222295e-08
30300 	 31068 	 6.8093507961e-01 	 1.5677585699e-07
30400 	 31177 	 6.8093507961e-01 	 9.3063386081e-08
30500 	 31286 	 6.8093507961e-01 	 6.3723271708e-08
30600 	 31396 	 6.8093507961e-01 	 5.0420087210e-08
30700 	 31503 	 6.8093507961e-01 	 7.4657167652e-08
30800 	 31606 	 6.8093507961e-01 	 7.1247307880e-08
30900 	 31709 	 6.8093507961e-01 	 7.8389040853e-08
31000 	 31817 	 6.8093507961e-01 	 7.2346037835e-08
31100 	 31922 	 6.8093507960e-01 	 1.2184692409e-07
31200 	 32025 	 6.8093507960e-01 	 1.6820075700e-07
31300 	 32128 	 6.8093507960e-01 	 1.0301080628e-07
31400 	 32230 	 6.8093507960e-01 	 9.8266882568e-08
31500 	 32334 	 6.8093507960e-01 	 1.1934463987e-07
31600 	 32436 	 6.8093507960e-01 	 8.9172739674e-08
31700 	 32543 	 6.8093507960e-01 	 7.0024352859e-08
31800 	 32653 	 6.8093507960e-01 	 6.1915256936e-08
31900 	 32760 	 6.8093507960e-01 	 1.8457378899e-07
32000 	 32874 	 6.8093507960e-01 	 4.2082753561e-08
32100 	 32983 	 6.8093507960e-01 	 3.0529060365e-08
32200 	 33095 	 6.8093507960e-01 	 3.6580236510e-08
32300 	 33215 	 6.8093507960e-01 	 4.7161654178e-08
32400 	 33337 	 6.8093507960e-01 	 2.4507533268e-08
32500 	 33452 	 6.8093507960e-01 	 1.1172441754e-07
32600 	 33565 	 6.8093507960e-01 	 4.8841189142e-08
32700 	 33675 	 6.8093507960e-01 	 1.8294015777e-08
32800 	 33789 	 6.8093507960e-01 	 2.3650818540e-08
32900 	 33899 	 6.8093507960e-01 	 6.5196406578e-08
# ---- 
 1 		 32903 	 33917 		 1.2261756589e+00 	 6.8093507960e-01 	 3.3065872418e-08
# ---- 
100 	 105 	 2.8090372497e+00 	 1.4759850013e-02
200 	 207 	 2.7979941670e+00 	 1.2315303536e-02
300 	 308 	 2.7938807754e+00 	 7.2178424077e-03
400 	 409 	 2.7915107890e+00 	 5.3114855603e-03
500 	 513 	 2.7900018802e+00 	 5.1709267938e-03
600 	 614 	 2.7890880020e+00 	 3.8352784667e-03
700 	 715 	 2.7886437346e+00 	 2.0537275226e-03
800 	 817 	 2.7883847299e+00 	 5.3747185428e-03
900 	 921 	 2.7881339503e+00 	 1.6979299305e-03
1000 	 1022 	 2.7879594675e+00 	 1.8925561583e-03
1100 	 1124 	 2.7878546778e+00 	 1.2031865939e-03
1200 	 1227 	 2.7877688581e+00 	 1.1013826588e-03
1300 	 1328 	 2.7877078551e+00 	 1.7552551310e-03
1400 	 1432 	 2.7876643502e+00 	 5.4316802563e-04
1500 	 1536 	 2.7876293402e+00 	 1.4907902006e-03
1600 	 1639 	 2.7875953164e+00 	 4.5838130452e-04
1700 	 1742 	 2.7875686840e+00 	 5.2293162639e-04
1800 	 1846 	 2.7875429652e+00 	 4.7190350885e-04
1900 	 1949 	 2.7875241616e+00 	 5.2712347245e-04
2000 	 2052 	 2.7875103160e+00 	 3.6318743758e-04
2100 	 2152 	 2.7874990215e+00 	 4.2887894402e-04
2200 	 2255 	 2.7874880094e+00 	 3.5699325980e-04
2300 	 2356 	 2.7874784141e+00 	 3.6015475728e-04
2400 	 2457 	 2.7874706906e+00 	 8.7017185789e-04
2500 	 2561 	 2.7874638807e+00 	 2.9385118596e-04
2600 	 2664 	 2.7874575443e+00 	 2.8239155640e-04
2700 	 2767 	 2.7874529360e+00 	 2.9721280395e-04
2800 	 2870 	 2.7874477496e+00 	 2.6627553484e-04
2900 	 2974 	 2.7874421064e+00 	 2.7709717222e-04
3000 	 3078 	 2.7874373839e+00 	 3.5362195292e-04
3100 	 3181 	 2.7874339498e+00 	 2.6590112256e-04
3200 	 3282 	 2.7874309706e+00 	 2.4778424485e-04
3300 	 3385 	 2.7874287156e+00 	 4.7351819075e-04
3400 	 3487 	 2.7874265704e+00 	 1.3891053392e-04
3500 	 3590 	 2.7874246207e+00 	 3.2678924286e-04
3600 	 3690 	 2.7874227828e+00 	 1.2177405946e-04
3700 	 3790 	 2.7874212171e+00 	 1.2437629933e-04
3800 	 3893 	 2.7874200643e+00 	 9.3686632822e-05
3900 	 3994 	 2.7874188897e+00 	 1.7916382246e-04
4000 	 4096 	 2.7874176587e+00 	 1.0559897812e-04
4100 	 4196 	 2.7874166008e+00 	 1.0474685831e-04
4200 	 4298 	 2.7874157024e+00 	 1.2952900794e-04
4300 	 4400 	 2.7874149029e+00 	 1.1650340876e-04
4400 	 4501 	 2.7874141236e+00 	 1.1967202676e-04
4500 	 4604 	 2.7874134500e+00 	 9.3410696214e-05
4600 	 4707 	 2.7874128459e+00 	 9.3788169182e-05
4700 	 4811 	 2.7874123653e+00 	 6.6039268943e-05
4800 	 4914 	 2.7874118880e+00 	 6.6163034459e-05
4900 	 5017 	 2.7874114059e+00 	 7.1161500472e-05
5000 	 5121 	 2.7874110763e+00 	 1.1625278928e-04
5100 	 5222 	 2.7874108522e+00 	 4.6931996284e-05
5200 	 5324 	 2.7874106655e+00 	 4.5925792120e-05
5300 	 5426 	 2.7874104904e+00 	 4.8723789838e-05
5400 	 5527 	 2.7874103526e+00 	 5.4743027996e-05
5500 	 5629 	 2.7874102276e+00 	 3.7526390404e-05
5600 	 5732 	 2.7874100959e+00 	 3.7341550186e-05
5700 	 5834 	 2.7874099615e+00 	 6.6141124473e-05
5800 	 5938 	 2.7874098435e+00 	 7.2240729469e-05
5900 	 6038 	 2.7874097562e+00 	 2.7607504249e-05
6000 	 6139 	 2.7874096827e+00 	 2.7333833369e-05
6100 	 6242 	 2.7874095993e+00 	 3.8180324124e-05
6200 	 6345 	 2.7874095213e+00 	 2.0576007613e-05
6300 	 6447 	 2.7874094592e+00 	 5.0748648523e-05
6400 	 6548 	 2.7874093965e+00 	 5.1171877708e-05
6500 	 6649 	 2.7874093442e+00 	 2.6995483321e-05
6600 	 6751 	 2.7874092953e+00 	 2.0539584889e-05
6700 	 6853 	 2.7874092554e+00 	 3.9971623660e-05
6800 	 6954 	 2.7874092252e+00 	 3.1818276721e-05
6900 	 7058 	 2.7874091963e+00 	 1.5639434898e-05
7000 	 7161 	 2.7874091723e+00 	 4.9991153289e-05
7100 	 7264 	 2.7874091474e+00 	 2.1003257175e-05
7200 	 7366 	 2.7874091273e+00 	 1.4932597619e-05
7300 	 7468 	 2.7874091129e+00 	 1.3678155402e-05
7400 	 7574 	 2.7874091032e+00 	 8.8652869325e-06
7500 	 7678 	 2.7874090938e+00 	 1.3227580614e-05
7600 	 7781 	 2.7874090816e+00 	 1.0027473153e-05
7700 	 7884 	 2.7874090698e+00 	 1.2448740736e-05
7800 	 7987 	 2.7874090551e+00 	 1.3862328154e-05
7900 	 8088 	 2.7874090421e+00 	 1.1744389417e-05
8000 	 8193 	 2.7874090307e+00 	 1.0929000661e-05
8100 	 8299 	 2.7874090192e+00 	 1.3656761552e-05
8200 	 8400 	 2.7874090097e+00 	 1.7750909464e-05
8300 	 8501 	 2.7874090001e+00 	 1.1864977464e-05
8400 	 8603 	 2.7874089899e+00 	 1.7513312228e-05
8500 	 8704 	 2.7874089823e+00 	 6.0197836215e-06
8600 	 8805 	 2.7874089779e+00 	 4.7386536207e-06
8700 	 8908 	 2.7874089748e+00 	 5.3231457239e-06
8800 	 9010 	 2.7874089717e+00 	 5.6658812111e-06
8900 	 9111 	 2.7874089690e+00 	 6.4021677450e-06
9000 	 9214 	 2.7874089656e+00 	 1.1404304394e-05
9100 	 9316 	 2.7874089617e+00 	 1.0951690687e-05
9200 	 9418 	 2.7874089581e+00 	 7.3838459568e-06
9300 	 9519 	 2.7874089549e+00 	 5.6155603029e-06
9400 	 9619 	 2.7874089515e+00 	 1.7841720699e-05
9500 	 9723 	 2.7874089480e+00 	 9.0651468772e-06
9600 	 9824 	 2.7874089446e+00 	 5.9208400639e-06
9700 	 9924 	 2.7874089415e+00 	 4.1952555444e-06
9800 	 10026 	 2.7874089389e+00 	 7.6397774385e-06
9900 	 10128 	 2.7874089367e+00 	 4.1508030336e-06
10000 	 10229 	 2.7874089345e+00 	 4.5003723626e-06
10100 	 10331 	 2.7874089333e+00 	 5.1805044112e-06
10200 	 10435 	 2.7874089322e+00 	 2.7033004821e-06
10300 	 10537 	 2.7874089313e+00 	 3.3155262209e-06
10400 	 10638 	 2.7874089305e+00 	 3.2099710637e-06
10500 	 10738 	 2.7874089298e+00 	 2.8087321009e-06
10600 	 10840 	 2.7874089291e+00 	 3.2443233689e-06
10700 	 10944 	 2.7874089284e+00 	 7.1995505865e-06
10800 	 11045 	 2.7874089278e+00 	 2.9412359009e-06
10900 	 11148 	 2.7874089272e+00 	 7.4668965070e-06
11000 	 11249 	 2.7874089263e+00 	 4.0748499319e-06
11100 	 11350 	 2.7874089255e+00 	 3.9010486978e-06
11200 	 11453 	 2.7874089248e+00 	 1.9971938965e-06
11300 	 11554 	 2.7874089243e+00 	 1.7384489304e-06
11400 	 11657 	 2.7874089237e+00 	 2.0979961598e-06
11500 	 11759 	 2.7874089231e+00 	 1.9851539038e-06
11600 	 11860 	 2.7874089225e+00 	 2.3210624182e-06
11700 	 11965 	 2.7874089219e+00 	 2.3619446856e-06
11800 	 12065 	 2.7874089214e+00 	 4.5050563365e-06
11900 	 12166 	 2.7874089209e+00 	 7.0366973251e-06
12000 	 12269 	 2.7874089204e+00 	 2.3337330766e-06
12100 	 12372 	 2.7874089200e+00 	 1.5879146578e-06
12200 	 12474 	 2.7874089198e+00 	 1.6432891172e-06
12300 	 12574 	 2.7874089196e+00 	 1.6933711311e-06
12400 	 12678 	 2.7874089194e+00 	 2.1927016388e-06
12500 	 12782 	 2.7874089192e+00 	 1.4829305161e-06
12600 	 12884 	 2.7874089191e+00 	 1.4459069623e-06
12700 	 12984 	 2.7874089190e+00 	 1.0843124657e-06
12800 	 13086 	 2.7874089189e+00 	 1.2267586429e-06
12900 	 13190 	 2.7874089188e+00 	 1.3591514023e-06
13000 	 13293 	 2.7874089187e+00 	 1.1665516413e-06
13100 	 13396 	 2.7874089186e+00 	 2.5889034916e-06
13200 	 13496 	 2.7874089186e+00 	 8.2870621287e-07
13300 	 13599 	 2.7874089185e+00 	 9.8237870633e-07
13400 	 13704 	 2.7874089184e+00 	 2.5536224189e-06
13500 	 13809 	 2.7874089184e+00 	 7.8668533377e-07
13600 	 13912 	 2.7874089183e+00 	 8.0717257118e-07
13700 	 14014 	 2.7874089183e+00 	 7.9359331939e-07
13800 	 14115 	 2.7874089182e+00 	 5.6799706468e-07
13900 	 14217 	 2.7874089182e+00 	 6.0352438394e-07
14000 	 14320 	 2.7874089181e+00 	 1.0696137345e-06
14100 	 14420 	 2.7874089181e+00 	 5.3306499624e-07
14200 	 14521 	 2.7874089181e+00 	 6.6984926596e-07
14300 	 14623 	 2.7874089181e+00 	 3.3789493547e-07
14400 	 14726 	 2.7874089181e+00 	 4.3643692860e-07
14500 	 14827 	 2.7874089181e+00 	 3.6228516013e-07
14600 	 14929 	 2.7874089181e+00 	 5.8471043476e-07
14700 	 15032 	 2.7874089180e+00 	 8.3489368070e-07
14800 	 15133 	 2.7874089180e+00 	 5.2669381975e-07
14900 	 15234 	 2.7874089180e+00 	 4.2638601246e-07
15000 	 15337 	 2.7874089180e+00 	 4.0264342278e-07
15100 	 15439 	 2.7874089180e+00 	 3.4205601555e-07
15200 	 15540 	 2.7874089180e+00 	 3.4298238410e-07
15300 	 15642 	 2.7874089180e+00 	 3.8120381397e-07
15400 	 15744 	 2.7874089179e+00 	 3.8093368967e-07
15500 	 15847 	 2.7874089179e+00 	 5.7116593928e-07
15600 	 15947 	 2.7874089179e+00 	 2.3067121737e-07
15700 	 16050 	 2.7874089179e+00 	 2.3502976653e-07
15800 	 16153 	 2.7874089179e+00 	 1.8850023917e-07
15900 	 16255 	 2.7874089179e+00 	 2.0120365518e-07
16000 	 16360 	 2.7874089179e+00 	 1.7378007330e-07
16100 	 16463 	 2.7874089179e+00 	 3.1321374932e-07
16200 	 16568 	 2.7874089179e+00 	 1.4662431624e-07
16300 	 16675 	 2.7874089179e+00 	 1.7899812415e-07
16400 	 16786 	 2.7874089179e+00 	 9.1499925618e-08
16500 	 16896 	 2.7874089179e+00 	 1.9135412360e-07
16600 	 16998 	 2.7874089179e+00 	 1.2853520338e-07
16700 	 17102 	 2.7874089179e+00 	 1.8712506940e-07
16800 	 17208 	 2.7874089179e+00 	 1.4844283370e-07
16900 	 17312 	 2.7874089179e+00 	 2.4412544922e-07
17000 	 17417 	 2.7874089179e+00 	 1.6699761174e-07
17100 	 17527 	 2.7874089179e+00 	 1.9864134507e-07
17200 	 17637 	 2.7874089179e+00 	 4.0125392134e-08
17300 	 17751 	 2.7874089179e+00 	 5.8748775160e-08
17400 	 17870 	 2.7874089179e+00 	 8.3493035578e-08
17500 	 17978 	 2.7874089179e+00 	 4.6621723151e-08
17600 	 18089 	 2.7874089179e+00 	 1.1302012808e-07
17700 	 18202 	 2.7874089179e+00 	 1.2909966978e-07
# ---- 
 1 		 17791 	 18330 		 3.2933146373e+00 	 2.7874089179e+00 	 5.6233246550e-08
# ---- 
100 	 104 	 6.3657357856e+00 	 2.3200484483e-02
200 	 205 	 6.3582786684e+00 	 7.0842872734e-03
300 	 307 	 6.3557476746e+00 	 7.3533382716e-03
400 	 408 	 6.3540734729e+00 	 3.9385487699e-03
500 	 511 	 6.3530940545e+00 	 6.5071615238e-03
600 	 612 	 6.3525182130e+00 	 2.0387502438e-03
700 	 714 	 6.3522432337e+00 	 2.9498728813e-03
800 	 819 	 6.3520273005e+00 	 2.3226926706e-03
900 	 920 	 6.3518721324e+00 	 1.2855540479e-03
1000 	 1024 	 6.3517771058e+00 	 1.0155631603e-03
1100 	 1125 	 6.3517010429e+00 	 1.4671054301e-03
1200 	 1227 	 6.3516508652e+00 	 1.1233161507e-03
1300 	 1328 	 6.3516191259e+00 	 4.2039984477e-04
1400 	 1429 	 6.3515949277e+00 	 8.7837212922e-04
1500 	 1530 	 6.3515724489e+00 	 5.2372560621e-04
1600 	 1631 	 6.3515536958e+00 	 8.0142591682e-04
1700 	 1732 	 6.3515366188e+00 	 4.8314279618e-04
1800 	 1835 	 6.3515246570e+00 	 3.4249639615e-04
1900 	 1935 	 6.3515144660e+00 	 7.6379113262e-04
2000 	 2038 	 6.3515053702e+00 	 2.8701578170e-04
2100 	 2141 	 6.3514984588e+00 	 3.2117455265e-04
2200 	 2244 	 6.3514919887e+00 	 4.4748073089e-04
2300 	 2348 	 6.3514871398e+00 	 2.9867588916e-04
2400 	 2451 	 6.3514822398e+00 	 2.9474270039e-04
2500 	 2553 	 6.3514771750e+00 	 3.3067309713e-04
2600 	 2655 	 6.3514737747e+00 	 1.7948550868e-04
2700 	 2757 	 6.3514708957e+00 	 2.1243849470e-04
2800 	 2858 	 6.3514675218e+00 	 1.9519202884e-04
2900 	 2959 	 6.3514638764e+00 	 1.9358970523e-04
3000 	 3061 	 6.3514608601e+00 	 1.9805824050e-04
3100 	 3164 	 6.3514584113e+00 	 1.7622716429e-04
3200 	 3265 	 6.3514567398e+00 	 1.1579916336e-04
3300 	 3367 	 6.3514554627e+00 	 1.1479566210e-04
3400 	 3470 	 6.3514543208e+00 	 1.0216686493e-04
3500 	 3571 	 6.3514533012e+00 	 9.9027538024e-05
3600 	 3673 	 6.3514523686e+00 	 1.0526275271e-04
3700 	 3775 	 6.3514516279e+00 	 1.6468426456e-04
3800 	 3876 	 6.3514508742e+00 	 8.6694417763e-05
3900 	 3979 	 6.3514503796e+00 	 1.0539654177e-04
4000 	 4080 	 6.3514499781e+00 	 5.6176271100e-05
4100 	 4183 	 6.3514495093e+00 	 8.6479974988e-05
4200 	 4285 	 6.3514490653e+00 	 7.4446901614e-05
4300 	 4386 	 6.3514485803e+00 	 7.2627135859e-05
4400 	 4486 	 6.3514481887e+00 	 6.2144023018e-05
4500 	 4588 	 6.3514478869e+00 	 7.7587647772e-05
4600 	 4693 	 6.3514476756e+00 	 4.9130846410e-05
4700 	 4794 	 6.3514475024e+00 	 5.1288221419e-05
4800 	 4895 	 6.3514473309e+00 	 4.0745528637e-05
4900 	 4996 	 6.3514471634e+00 	 9.7212414267e-05
5000 	 5099 	 6.3514470430e+00 	 3.2465569328e-05
5100 	 5201 	 6.3514469708e+00 	 2.5214206531e-05
5200 	 5302 	 6.3514469048e+00 	 4.1612561545e-05
5300 	 5404 	 6.3514468466e+00 	 2.6528307319e-05
5400 	 5506 	 6.3514467827e+00 	 2.7297119524e-05
5500 	 5607 	 6.3514467203e+00 	 7.7175233106e-05
5600 	 5710 	 6.3514466585e+00 	 2.7319235333e-05
5700 	 5816 	 6.3514466074e+00 	 2.9997852212e-05
5800 	 5918 	 6.3514465686e+00 	 1.6620727482e-05
5900 	 6019 	 6.3514465439e+00 	 1.5045170904e-05
6000 	 6122 	 6.3514465207e+00 	 2.2540068108e-05
6100 	 6222 	 6.3514465017e+00 	 9.2265585281e-06
6200 	 6326 	 6.3514464832e+00 	 1.5906478581e-05
6300 	 6430 	 6.3514464666e+00 	 1.3545302089e-05
6400 	 6533 	 6.3514464488e+00 	 2.3418666847e-05
6500 	 6636 	 6.3514464340e+00 	 1.3106328323e-05
6600 	 6737 	 6.3514464188e+00 	 1.3219510118e-05
6700 	 6841 	 6.3514464025e+00 	 1.2691278196e-05
6800 	 6945 	 6.3514463885e+00 	 1.2717942270e-05
6900 	 7047 	 6.3514463767e+00 	 2.0053419179e-05
7000 	 7149 	 6.3514463675e+00 	 8.2485001095e-06
7100 	 7254 	 6.3514463604e+00 	 1.2110176920e-05
7200 	 7356 	 6.3514463535e+00 	 1.0272542920e-05
7300 	 7458 	 6.3514463454e+00 	 1.1348426725e-05
7400 	 7559 	 6.3514463381e+00 	 8.1189114417e-06
7500 	 7661 	 6.3514463328e+00 	 1.0961130031e-05
7600 	 7763 	 6.3514463290e+00 	 1.0597522323e-05
7700 	 7866 	 6.3514463266e+00 	 7.4234625138e-06
7800 	 7969 	 6.3514463246e+00 	 5.1826073009e-06
7900 	 8071 	 6.3514463231e+00 	 2.6184944779e-06
8000 	 8172 	 6.3514463221e+00 	 4.2302826064e-06
8100 	 8274 	 6.3514463206e+00 	 4.5752879086e-06
8200 	 8375 	 6.3514463182e+00 	 4.5511934056e-06
8300 	 8475 	 6.3514463159e+00 	 5.5398046814e-06
8400 	 8578 	 6.3514463140e+00 	 4.4408979149e-06
8500 	 8679 	 6.3514463119e+00 	 5.5568193503e-06
8600 	 8782 	 6.3514463102e+00 	 5.2259437964e-06
8700 	 8886 	 6.3514463088e+00 	 3.5442195284e-06
8800 	 8988 	 6.3514463076e+00 	 4.7710832950e-06
8900 	 9091 	 6.3514463067e+00 	 2.9531069597e-06
9000 	 9194 	 6.3514463058e+00 	 4.7544331536e-06
9100 	 9294 	 6.3514463048e+00 	 5.8035869411e-06
9200 	 9400 	 6.3514463040e+00 	 2.4788291639e-06
9300 	 9502 	 6.3514463035e+00 	 3.3111157833e-06
9400 	 9603 	 6.3514463032e+00 	 3.7618453524e-06
9500 	 9707 	 6.3514463027e+00 	 3.6965061915e-06
9600 	 9809 	 6.3514463023e+00 	 1.7847292043e-06
9700 	 9911 	 6.3514463018e+00 	 3.1755582254e-06
9800 	 10015 	 6.3514463011e+00 	 2.3342319049e-06
9900 	 10118 	 6.3514463006e+00 	 1.4448294777e-06
10000 	 10222 	 6.3514463004e+00 	 2.0308655804e-06
10100 	 10324 	 6.3514463001e+00 	 1.9052837100e-06
10200 	 10427 	 6.3514462998e+00 	 1.6416677230e-06
10300 	 10529 	 6.3514462996e+00 	 1.6065445735e-06
10400 	 10631 	 6.3514462994e+00 	 1.5148236558e-06
10500 	 10734 	 6.3514462993e+00 	 2.3204805603e-06
10600 	 10838 	 6.3514462991e+00 	 1.5173716352e-06
10700 	 10942 	 6.3514462989e+00 	 1.2103861182e-06
10800 	 11045 	 6.3514462988e+00 	 1.4535905090e-06
10900 	 11150 	 6.3514462987e+00 	 1.9103730545e-06
11000 	 11252 	 6.3514462985e+00 	 1.9925882956e-06
11100 	 11353 	 6.3514462984e+00 	 8.7827239706e-07
11200 	 11454 	 6.3514462983e+00 	 8.4231496471e-07
11300 	 11557 	 6.3514462983e+00 	 8.8849658842e-07
11400 	 11659 	 6.3514462982e+00 	 9.2005007111e-07
11500 	 11762 	 6.3514462982e+00 	 5.7098366786e-07
11600 	 11865 	 6.3514462981e+00 	 6.6830843592e-07
11700 	 11967 	 6.3514462981e+00 	 4.6182341351e-07
11800 	 12070 	 6.3514462981e+00 	 5.4094906893e-07
11900 	 12172 	 6.3514462981e+00 	 2.1010019472e-06
12000 	 12276 	 6.3514462980e+00 	 6.2819183241e-07
12100 	 12378 	 6.3514462980e+00 	 8.0548458398e-07
12200 	 12479 	 6.3514462979e+00 	 8.3985300801e-07
12300 	 12582 	 6.3514462979e+00 	 5.6965160223e-07
12400 	 12684 	 6.3514462979e+00 	 8.2050848460e-07
12500 	 12785 	 6.3514462978e+00 	 1.6084171186e-06
12600 	 12887 	 6.3514462978e+00 	 1.2034090231e-06
12700 	 12990 	 6.3514462977e+00 	 3.1917550675e-07
12800 	 13095 	 6.3514462977e+00 	 5.0877727108e-07
12900 	 13198 	 6.3514462977e+00 	 3.6733701233e-07
13000 	 13301 	 6.3514462977e+00 	 3.7145811493e-07
13100 	 13405 	 6.3514462977e+00 	 3.7252471775e-07
13200 	 13506 	 6.3514462977e+00 	 8.4779341197e-07
13300 	 13608 	 6.3514462977e+00 	 4.3931355510e-07
13400 	 13710 	 6.3514462976e+00 	 3.7929130515e-07
13500 	 13814 	 6.3514462976e+00 	 2.5821351440e-07
13600 	 13917 	 6.3514462976e+00 	 2.8806560501e-07
13700 	 14018 	 6.3514462976e+00 	 2.9404813774e-07
13800 	 14122 	 6.3514462976e+00 	 6.7700858205e-07
13900 	 14223 	 6.3514462976e+00 	 3.4537859404e-07
14000 	 14325 	 6.3514462976e+00 	 2.6261402227e-07
14100 	 14428 	 6.3514462976e+00 	 5.9448488087e-07
14200 	 14531 	 6.3514462976e+00 	 5.3199552007e-07
14300 	 14636 	 6.3514462976e+00 	 2.2228755284e-07
# ---- 
 1 		 14354 	 14706 		 6.8476824862e+00 	 6.3514462976e+00 	 3.4119323379e-07
# ---- 
100 	 103 	 1.1398302939e+01 	 1.3358829260e-02
200 	 207 	 1.1392960083e+01 	 1.0188365979e-02
300 	 310 	 1.1390957356e+01 	 5.2254398732e-03
400 	 413 	 1.1389633675e+01 	 3.3210479231e-03
500 	 515 	 1.1388910243e+01 	 3.1444808405e-03
600 	 615 	 1.1388447740e+01 	 2.2686756499e-03
700 	 715 	 1.1388143613e+01 	 1.7133789523e-03
800 	 817 	 1.1387973263e+01 	 1.5558210217e-03
900 	 920 	 1.1387870461e+01 	 1.3341228245e-03
1000 	 1021 	 1.1387790285e+01 	 1.0326695514e-03
1100 	 1125 	 1.1387735401e+01 	 1.7606772383e-03
1200 	 1228 	 1.1387700270e+01 	 7.0128012809e-04
1300 	 1330 	 1.1387680269e+01 	 5.2117795856e-04
1400 	 1432 	 1.1387662178e+01 	 8.3900814248e-04
1500 	 1534 	 1.1387644026e+01 	 1.0149598801e-03
1600 	 1637 	 1.1387631124e+01 	 3.4023736809e-04
1700 	 1738 	 1.1387622061e+01 	 3.4342265916e-04
1800 	 1840 	 1.1387613324e+01 	 6.0304831049e-04
1900 	 1940 	 1.1387606527e+01 	 2.1413412597e-04
2000 	 2045 	 1.1387599766e+01 	 3.0522790647e-04
2100 	 2147 	 1.1387593088e+01 	 4.9607553338e-04
2200 	 2250 	 1.1387588045e+01 	 2.5308151698e-04
2300 	 2353 	 1.1387584256e+01 	 4.4682551432e-04
2400 	 2456 	 1.1387580880e+01 	 2.9593090303e-04
2500 	 2560 	 1.1387577998e+01 	 2.0783718216e-04
2600 	 2663 	 1.1387575161e+01 	 2.7945846952e-04
2700 	 2766 	 1.1387572715e+01 	 1.5814353912e-04
2800 	 2869 	 1.1387570885e+01 	 1.7846112059e-04
2900 	 2972 	 1.1387569231e+01 	 1.0765209415e-04
3000 	 3073 	 1.1387568075e+01 	 1.6620557542e-04
3100 	 3176 	 1.1387567141e+01 	 9.3286698562e-05
3200 	 3277 	 1.1387566083e+01 	 1.1347072866e-04
3300 	 3379 	 1.1387565293e+01 	 9.2196409365e-05
3400 	 3481 	 1.1387564656e+01 	 8.5552560107e-05
3500 	 3582 	 1.1387564079e+01 	 7.6916116553e-05
3600 	 3685 	 1.1387563578e+01 	 9.8520284095e-05
3700 	 3788 	 1.1387563018e+01 	 1.0201192764e-04
3800 	 3889 	 1.1387562561e+01 	 1.2868010203e-04
3900 	 3994 	 1.1387562158e+01 	 4.9192827012e-05
4000 	 4095 	 1.1387561800e+01 	 4.9432790951e-05
4100 	 4200 	 1.1387561484e+01 	 1.0733080361e-04
4200 	 4304 	 1.1387561259e+01 	 5.5805793425e-05
4300 	 4405 	 1.1387561097e+01 	 3.2581492561e-05
4400 	 4508 	 1.1387560982e+01 	 3.6089214220e-05
4500 	 4611 	 1.1387560865e+01 	 3.0584067934e-05
4600 	 4714 	 1.1387560760e+01 	 7.1103146710e-05
4700 	 4817 	 1.1387560672e+01 	 2.2978676238e-05
4800 	 4918 	 1.1387560611e+01 	 5.0195187077e-05
4900 	 5023 	 1.1387560556e+01 	 1.9416286095e-05
5000 	 5125 	 1.1387560507e+01 	 3.5285397994e-05
5100 	 5227 	 1.1387560460e+01 	 2.5107850472e-05
5200 	 5330 	 1.1387560405e+01 	 3.0098428115e-05
5300 	 5433 	 1.1387560358e+01 	 2.7218024054e-05
5400 	 5535 	 1.1387560313e+01 	 5.1944622372e-05
5500 	 5637 	 1.1387560273e+01 	 2.6411211000e-05
5600 	 5739 	 1.1387560241e+01 	 1.2281321382e-05
5700 	 5843 	 1.1387560213e+01 	 1.4898266153e-05
5800 	 5946 	 1.1387560191e+01 	 1.8168016637e-05
5900 	 6048 	 1.1387560164e+01 	 1.6861874296e-05
6000 	 6152 	 1.1387560143e+01 	 3.4743905549e-05
6100 	 6255 	 1.1387560128e+01 	 1.1908541996e-05
6200 	 6357 	 1.1387560115e+01 	 1.2961993448e-05
6300 	 6459 	 1.1387560104e+01 	 1.2546293275e-05
6400 	 6562 	 1.1387560096e+01 	 1.0497169488e-05
6500 	 6665 	 1.1387560089e+01 	 1.6234566494e-05
6600 	 6768 	 1.1387560082e+01 	 9.0195426179e-06
6700 	 6870 	 1.1387560077e+01 	 8.3698315551e-06
6800 	 6971 	 1.1387560072e+01 	 1.1056521899e-05
6900 	 7072 	 1.1387560068e+01 	 9.9174569957e-06
7000 	 7173 	 1.1387560064e+01 	 5.1886901298e-06
7100 	 7276 	 1.1387560061e+01 	 6.4987020504e-06
7200 	 7377 	 1.1387560059e+01 	 5.1744653219e-06
7300 	 7479 	 1.1387560057e+01 	 6.8854413793e-06
7400 	 7581 	 1.1387560055e+01 	 6.7939186938e-06
7500 	 7684 	 1.1387560053e+01 	 3.2533085604e-06
7600 	 7786 	 1.1387560051e+01 	 4.1123300675e-06
7700 	 7891 	 1.1387560050e+01 	 6.2583324794e-06
7800 	 7995 	 1.1387560048e+01 	 4.6665307372e-06
7900 	 8095 	 1.1387560047e+01 	 3.9280308433e-06
8000 	 8199 	 1.1387560046e+01 	 3.8898010518e-06
8100 	 8301 	 1.1387560045e+01 	 3.3249783345e-06
8200 	 8404 	 1.1387560044e+01 	 3.8187248109e-06
8300 	 8506 	 1.1387560043e+01 	 5.5120428381e-06
8400 	 8609 	 1.1387560042e+01 	 3.0252219353e-06
8500 	 8710 	 1.1387560041e+01 	 2.7340809924e-06
8600 	 8812 	 1.1387560040e+01 	 2.7987309644e-06
8700 	 8915 	 1.1387560039e+01 	 3.5846889551e-06
8800 	 9016 	 1.1387560039e+01 	 2.3904666327e-06
8900 	 9118 	 1.1387560038e+01 	 6.1504831134e-06
9000 	 9218 	 1.1387560038e+01 	 2.9638479575e-06
9100 	 9322 	 1.1387560037e+01 	 3.0345668983e-06
9200 	 9426 	 1.1387560037e+01 	 2.3672493798e-06
9300 	 9530 	 1.1387560037e+01 	 1.7102767262e-06
9400 	 9630 	 1.1387560036e+01 	 1.7033419224e-06
9500 	 9733 	 1.1387560036e+01 	 1.7273862446e-06
9600 	 9836 	 1.1387560036e+01 	 8.8473015222e-07
9700 	 9938 	 1.1387560036e+01 	 1.8445869769e-06
9800 	 10040 	 1.1387560036e+01 	 2.4613093066e-06
9900 	 10143 	 1.1387560036e+01 	 1.6016479596e-06
10000 	 10244 	 1.1387560035e+01 	 1.3369054639e-06
10100 	 10347 	 1.1387560035e+01 	 1.0325549860e-06
10200 	 10450 	 1.1387560035e+01 	 1.1386327669e-06
10300 	 10550 	 1.1387560035e+01 	 1.3357407557e-06
10400 	 10654 	 1.1387560035e+01 	 1.1424596990e-06
10500 	 10757 	 1.1387560035e+01 	 1.1392287529e-06
10600 	 10859 	 1.1387560035e+01 	 8.3513817999e-07
10700 	 10960 	 1.1387560034e+01 	 7.9792557682e-07
10800 	 11063 	 1.1387560034e+01 	 7.7563903425e-07
10900 	 11166 	 1.1387560034e+01 	 6.5621433008e-07
11000 	 11269 	 1.1387560034e+01 	 1.0369649064e-06
11100 	 11371 	 1.1387560034e+01 	 1.0524554201e-06
11200 	 11474 	 1.1387560034e+01 	 5.7426838035e-07
11300 	 11576 	 1.1387560034e+01 	 4.4950706122e-07
11400 	 11678 	 1.1387560034e+01 	 5.3442285977e-07
11500 	 11781 	 1.1387560034e+01 	 1.2935053685e-06
11600 	 11884 	 1.1387560034e+01 	 5.3586671099e-07
11700 	 11986 	 1.1387560034e+01 	 5.1756752529e-07
11800 	 12087 	 1.1387560034e+01 	 2.8226933443e-07
11900 	 12190 	 1.1387560034e+01 	 3.5463967271e-07
12000 	 12297 	 1.1387560034e+01 	 3.7529996237e-07
12100 	 12407 	 1.1387560034e+01 	 3.0900353843e-07
12200 	 12516 	 1.1387560034e+01 	 4.5627909349e-07
# ---- 
 1 		 12266 	 12603 		 1.1878875636e+01 	 1.1387560034e+01 	 2.5422637691e-07
# ---- 
100 	 103 	 1.7913705161e+01 	 1.0602685782e-02
200 	 204 	 1.7909354969e+01 	 6.3350384394e-03
300 	 307 	 1.7907724708e+01 	 8.1327578070e-03
400 	 408 	 1.7906634490e+01 	 4.3360365270e-03
500 	 509 	 1.7905978094e+01 	 3.3363676926e-03
600 	 611 	 1.7905573495e+01 	 2.5959664843e-03
700 	 714 	 1.7905308964e+01 	 2.0280200098e-03
800 	 814 	 1.7905170205e+01 	 1.1973604798e-03
900 	 916 	 1.7905080676e+01 	 1.3122252437e-03
1000 	 1019 	 1.7905011759e+01 	 1.0679602309e-03
1100 	 1122 	 1.7904966969e+01 	 5.5880728265e-04
1200 	 1224 	 1.7904941649e+01 	 5.6824770590e-04
1300 	 1327 	 1.7904924221e+01 	 4.1425060873e-04
1400 	 1428 	 1.7904907751e+01 	 7.5000655452e-04
1500 	 1531 	 1.7904895483e+01 	 5.1417528777e-04
1600 	 1632 	 1.7904886681e+01 	 2.6125935960e-04
1700 	 1735 	 1.7904879646e+01 	 2.9884289641e-04
1800 	 1838 	 1.7904872994e+01 	 2.8859147800e-04
1900 	 1940 	 1.7904866552e+01 	 3.3432135725e-04
2000 	 2041 	 1.7904859942e+01 	 2.4959579319e-04
2100 	 2145 	 1.7904855050e+01 	 2.5366207945e-04
2200 	 2248 	 1.7904851286e+01 	 4.0905064261e-04
2300 	 2348 	 1.7904848297e+01 	 1.5287541943e-04
2400 	 2448 	 1.7904846014e+01 	 1.6619427322e-04
2500 	 2551 	 1.7904844097e+01 	 1.7493611822e-04
2600 	 2656 	 1.7904842341e+01 	 1.4870256039e-04
2700 	 2758 	 1.7904841040e+01 	 1.3249364704e-04
2800 	 2861 	 1.7904839884e+01 	 1.8678075705e-04
2900 	 2964 	 1.7904838943e+01 	 1.1884447840e-04
3000 	 3065 	 1.7904838075e+01 	 1.3309986403e-04
3100 	 3167 	 1.7904837427e+01 	 1.5638439924e-04
3200 	 3268 	 1.7904836778e+01 	 9.4324029316e-05
3300 	 3370 	 1.7904836301e+01 	 8.0635251826e-05
3400 	 3476 	 1.7904835904e+01 	 1.5006866350e-04
3500 	 3577 	 1.7904835551e+01 	 6.1634761760e-05
3600 	 3681 	 1.7904835223e+01 	 9.6784997333e-05
3700 	 3783 	 1.7904834922e+01 	 5.5503580129e-05
3800 	 3885 	 1.7904834662e+01 	 7.6817161990e-05
3900 	 3987 	 1.7904834431e+01 	 4.0896904489e-05
4000 	 4089 	 1.7904834267e+01 	 3.7077733230e-05
4100 	 4191 	 1.7904834154e+01 	 6.2578473105e-05
4200 	 4294 	 1.7904834038e+01 	 5.3131909204e-05
4300 	 4395 	 1.7904833938e+01 	 4.5986199532e-05
4400 	 4499 	 1.7904833846e+01 	 6.9021752667e-05
4500 	 4600 	 1.7904833765e+01 	 3.7805499567e-05
4600 	 4701 	 1.7904833678e+01 	 2.9289495241e-05
4700 	 4803 	 1.7904833598e+01 	 2.5740012538e-05
4800 	 4905 	 1.7904833541e+01 	 3.4450348855e-05
4900 	 5008 	 1.7904833497e+01 	 4.1341933052e-05
5000 	 5109 	 1.7904833453e+01 	 1.9345878202e-05
5100 	 5215 	 1.7904833421e+01 	 1.9952479179e-05
5200 	 5317 	 1.7904833398e+01 	 1.6689224319e-05
5300 	 5419 	 1.7904833378e+01 	 1.3662662402e-05
5400 	 5522 	 1.7904833357e+01 	 1.6237609652e-05
5500 	 5626 	 1.7904833340e+01 	 1.2597844574e-05
5600 	 5727 	 1.7904833329e+01 	 1.2270019866e-05
5700 	 5830 	 1.7904833318e+01 	 1.3256230236e-05
5800 	 5932 	 1.7904833305e+01 	 1.1591136109e-05
5900 	 6035 	 1.7904833294e+01 	 2.1414547209e-05
6000 	 6136 	 1.7904833281e+01 	 1.3060868703e-05
6100 	 6239 	 1.7904833271e+01 	 1.3709287176e-05
6200 	 6343 	 1.7904833264e+01 	 2.6268060443e-05
6300 	 6444 	 1.7904833259e+01 	 7.0816977180e-06
6400 	 6546 	 1.7904833254e+01 	 6.4558036272e-06
6500 	 6649 	 1.7904833250e+01 	 1.1940876506e-05
6600 	 6751 	 1.7904833247e+01 	 7.5792533000e-06
6700 	 6852 	 1.7904833245e+01 	 7.3278697746e-06
6800 	 6953 	 1.7904833243e+01 	 6.2503763796e-06
6900 	 7054 	 1.7904833241e+01 	 4.1940445209e-06
7000 	 7155 	 1.7904833240e+01 	 3.9352075479e-06
7100 	 7257 	 1.7904833238e+01 	 5.9879511517e-06
7200 	 7358 	 1.7904833236e+01 	 4.2390256156e-06
7300 	 7460 	 1.7904833234e+01 	 4.0835038374e-06
7400 	 7561 	 1.7904833232e+01 	 4.2906980009e-06
7500 	 7663 	 1.7904833231e+01 	 4.3378844855e-06
7600 	 7764 	 1.7904833229e+01 	 3.5675460036e-06
7700 	 7866 	 1.7904833228e+01 	 6.9784061462e-06
7800 	 7966 	 1.7904833228e+01 	 2.7613513744e-06
7900 	 8071 	 1.7904833227e+01 	 5.8732539884e-06
8000 	 8173 	 1.7904833226e+01 	 4.3126136169e-06
8100 	 8275 	 1.7904833226e+01 	 3.2358571926e-06
8200 	 8376 	 1.7904833226e+01 	 2.3757187904e-06
8300 	 8476 	 1.7904833225e+01 	 1.5220647425e-06
8400 	 8579 	 1.7904833225e+01 	 1.5434493218e-06
8500 	 8682 	 1.7904833224e+01 	 1.5826367707e-06
8600 	 8785 	 1.7904833224e+01 	 2.4085171676e-06
8700 	 8888 	 1.7904833224e+01 	 1.2748963574e-06
8800 	 8990 	 1.7904833224e+01 	 1.4656871664e-06
8900 	 9093 	 1.7904833224e+01 	 1.2274553069e-06
9000 	 9195 	 1.7904833224e+01 	 8.9817843379e-07
9100 	 9299 	 1.7904833223e+01 	 1.4105078596e-06
9200 	 9402 	 1.7904833223e+01 	 1.7049769009e-06
9300 	 9505 	 1.7904833223e+01 	 8.2469533061e-07
9400 	 9607 	 1.7904833223e+01 	 6.9604068082e-07
9500 	 9712 	 1.7904833223e+01 	 7.7797015715e-07
9600 	 9814 	 1.7904833223e+01 	 1.1593284806e-06
9700 	 9916 	 1.7904833223e+01 	 1.9972753810e-06
9800 	 10017 	 1.7904833223e+01 	 7.0148958992e-07
9900 	 10121 	 1.7904833223e+01 	 9.6695443925e-07
10000 	 10224 	 1.7904833223e+01 	 6.1550993851e-07
10100 	 10325 	 1.7904833223e+01 	 9.3574836923e-07
10200 	 10427 	 1.7904833223e+01 	 8.4356256705e-07
10300 	 10528 	 1.7904833223e+01 	 1.1100830849e-06
10400 	 10632 	 1.7904833223e+01 	 5.0550851583e-07
10500 	 10737 	 1.7904833223e+01 	 7.0421591676e-07
10600 	 10838 	 1.7904833223e+01 	 4.8911039189e-07
10700 	 10940 	 1.7904833223e+01 	 1.2506501520e-06
10800 	 11047 	 1.7904833223e+01 	 2.3574155091e-07
10900 	 11152 	 1.7904833223e+01 	 3.4960065899e-07
11000 	 11262 	 1.7904833223e+01 	 2.9911698821e-07
11100 	 11368 	 1.7904833223e+01 	 4.4385564204e-07
11200 	 11475 	 1.7904833223e+01 	 3.1518976062e-07
11300 	 11583 	 1.7904833223e+01 	 3.7854339411e-07
11400 	 11697 	 1.7904833223e+01 	 4.3767640926e-07
11500 	 11804 	 1.7904833223e+01 	 2.0475236249e-07
11600 	 11918 	 1.7904833223e+01 	 3.0347149860e-07
11700 	 12028 	 1.7904833222e+01 	 2.1558933918e-07
# ---- 
 1 		 11711 	 12050 		 1.8393197636e+01 	 1.7904833222e+01 	 2.0385566770e-07
# ---- 
100 	 105 	 2.5917429580e+01 	 1.5690870790e-02
200 	 207 	 2.5913774510e+01 	 6.4329884168e-03
300 	 308 	 2.5912268196e+01 	 4.3685804175e-03
400 	 412 	 2.5911302527e+01 	 3.2638689423e-03
500 	 513 	 2.5910704167e+01 	 2.4869706886e-03
600 	 614 	 2.5910326393e+01 	 2.6547128112e-03
700 	 715 	 2.5910091997e+01 	 1.7237990529e-03
800 	 818 	 2.5909973198e+01 	 1.0813629350e-03
900 	 920 	 2.5909887598e+01 	 9.8476368636e-04
1000 	 1021 	 2.5909828664e+01 	 2.2304600798e-03
1100 	 1125 	 2.5909792233e+01 	 5.6533655000e-04
1200 	 1227 	 2.5909767766e+01 	 1.1172387032e-03
1300 	 1328 	 2.5909751173e+01 	 3.7899809104e-04
1400 	 1431 	 2.5909739217e+01 	 4.1212876519e-04
1500 	 1534 	 2.5909730772e+01 	 3.4834016663e-04
1600 	 1636 	 2.5909722341e+01 	 3.8415401545e-04
1700 	 1740 	 2.5909715750e+01 	 3.8906020624e-04
1800 	 1845 	 2.5909710190e+01 	 2.6135199544e-04
1900 	 1948 	 2.5909704277e+01 	 3.6821764937e-04
2000 	 2053 	 2.5909698812e+01 	 3.1321831155e-04
2100 	 2155 	 2.5909694968e+01 	 2.5739829161e-04
2200 	 2259 	 2.5909692190e+01 	 2.6887200845e-04
2300 	 2361 	 2.5909690061e+01 	 1.2935509275e-04
2400 	 2463 	 2.5909687863e+01 	 2.1904316591e-04
2500 	 2565 	 2.5909686212e+01 	 1.1104282382e-04
2600 	 2667 	 2.5909685358e+01 	 1.3812472108e-04
2700 	 2767 	 2.5909684514e+01 	 1.4077425055e-04
2800 	 2869 	 2.5909683513e+01 	 1.0997663361e-04
2900 	 2971 	 2.5909682532e+01 	 8.4388323532e-05
3000 	 3073 	 2.5909681748e+01 	 2.6635464798e-04
3100 	 3176 	 2.5909681162e+01 	 7.5063246941e-05
3200 	 3278 	 2.5909680649e+01 	 6.9837408288e-05
3300 	 3380 	 2.5909680256e+01 	 5.8259626646e-05
3400 	 3482 	 2.5909679885e+01 	 1.2688680523e-04
3500 	 3585 	 2.5909679549e+01 	 6.5443793035e-05
3600 	 3686 	 2.5909679239e+01 	 5.5640096927e-05
3700 	 3788 	 2.5909679014e+01 	 4.3978397093e-05
3800 	 3890 	 2.5909678827e+01 	 5.8819190238e-05
3900 	 3991 	 2.5909678670e+01 	 4.0430638736e-05
4000 	 4093 	 2.5909678556e+01 	 4.0891037015e-05
4100 	 4197 	 2.5909678464e+01 	 3.3462177766e-05
4200 	 4300 	 2.5909678385e+01 	 5.1456165962e-05
4300 	 4402 	 2.5909678322e+01 	 2.0274488443e-05
4400 	 4505 	 2.5909678267e+01 	 3.9707215148e-05
4500 	 4608 	 2.5909678211e+01 	 3.2216675533e-05
4600 	 4710 	 2.5909678150e+01 	 2.8506592077e-05
4700 	 4812 	 2.5909678101e+01 	 4.0555016107e-05
4800 	 4913 	 2.5909678063e+01 	 2.9213099212e-05
4900 	 5014 	 2.5909678032e+01 	 2.8383002322e-05
5000 	 5117 	 2.5909678006e+01 	 1.7445847001e-05
5100 	 5219 	 2.5909677982e+01 	 2.3366908631e-05
5200 	 5319 	 2.5909677960e+01 	 1.4516637968e-05
5300 	 5421 	 2.5909677945e+01 	 1.5169285303e-05
5400 	 5525 	 2.5909677934e+01 	 1.1875932607e-05
5500 	 5626 	 2.5909677923e+01 	 7.9133114552e-06
5600 	 5730 	 2.5909677914e+01 	 1.1203856815e-05
5700 	 5832 	 2.5909677906e+01 	 9.3974821023e-06
5800 	 5936 	 2.5909677899e+01 	 8.9742701901e-06
5900 	 6041 	 2.5909677893e+01 	 1.0904746813e-05
6000 	 6143 	 2.5909677887e+01 	 1.3504877556e-05
6100 	 6246 	 2.5909677883e+01 	 7.0130368520e-06
6200 	 6349 	 2.5909677880e+01 	 1.5647121329e-05
6300 	 6453 	 2.5909677877e+01 	 9.7684265791e-06
6400 	 6555 	 2.5909677874e+01 	 6.1728532370e-06
6500 	 6659 	 2.5909677871e+01 	 8.8990451374e-06
6600 	 6761 	 2.5909677868e+01 	 7.8098547724e-06
6700 	 6863 	 2.5909677866e+01 	 4.9958104074e-06
6800 	 6963 	 2.5909677864e+01 	 6.7829515995e-06
6900 	 7067 	 2.5909677862e+01 	 3.5798475811e-06
7000 	 7167 	 2.5909677860e+01 	 1.1145922424e-05
7100 	 7269 	 2.5909677859e+01 	 3.7228849390e-06
7200 	 7371 	 2.5909677858e+01 	 2.8196342844e-06
7300 	 7474 	 2.5909677857e+01 	 6.1627115601e-06
7400 	 7574 	 2.5909677857e+01 	 2.4323642254e-06
7500 	 7676 	 2.5909677856e+01 	 4.0550867855e-06
7600 	 7780 	 2.5909677855e+01 	 2.7549947244e-06
7700 	 7882 	 2.5909677855e+01 	 2.1198892315e-06
7800 	 7986 	 2.5909677855e+01 	 3.1275563169e-06
7900 	 8088 	 2.5909677854e+01 	 2.3811575320e-06
8000 	 8190 	 2.5909677854e+01 	 3.6878780435e-06
8100 	 8292 	 2.5909677854e+01 	 2.5856636631e-06
8200 	 8392 	 2.5909677853e+01 	 2.2333942735e-06
8300 	 8495 	 2.5909677853e+01 	 2.5700907764e-06
8400 	 8598 	 2.5909677853e+01 	 1.1890323525e-06
8500 	 8700 	 2.5909677853e+01 	 1.1528483674e-06
8600 	 8801 	 2.5909677853e+01 	 1.0965435088e-06
8700 	 8903 	 2.5909677852e+01 	 1.3366742619e-06
8800 	 9005 	 2.5909677852e+01 	 8.6842304871e-07
8900 	 9109 	 2.5909677852e+01 	 1.1592494325e-06
9000 	 9212 	 2.5909677852e+01 	 9.1870639735e-07
9100 	 9313 	 2.5909677852e+01 	 9.6535637636e-07
9200 	 9416 	 2.5909677852e+01 	 1.1232392797e-06
9300 	 9519 	 2.5909677852e+01 	 1.0182834942e-06
9400 	 9622 	 2.5909677852e+01 	 7.3901882578e-07
9500 	 9725 	 2.5909677852e+01 	 1.5548248645e-06
9600 	 9827 	 2.5909677852e+01 	 1.0610241557e-06
9700 	 9931 	 2.5909677852e+01 	 1.4130553009e-06
9800 	 10035 	 2.5909677852e+01 	 5.5897327148e-07
9900 	 10144 	 2.5909677852e+01 	 6.0813787306e-07
10000 	 10252 	 2.5909677852e+01 	 5.9408402652e-07
10100 	 10360 	 2.5909677852e+01 	 3.8555783076e-07
10200 	 10468 	 2.5909677852e+01 	 6.4402460151e-07
10300 	 10572 	 2.5909677852e+01 	 5.5389592593e-07
10400 	 10682 	 2.5909677852e+01 	 2.6100043139e-07
10500 	 10794 	 2.5909677852e+01 	 4.7178447571e-07
10600 	 10902 	 2.5909677852e+01 	 2.9244566257e-07
10700 	 11014 	 2.5909677852e+01 	 2.0652890882e-07
# ---- 
 1 		 10754 	 11095 		 2.6396138004e+01 	 2.5909677852e+01 	 3.2386639286e-07
# ---- 
100 	 105 	 3.5413794429e+01 	 1.3841678072e-02
200 	 206 	 3.5410618861e+01 	 1.5418507762e-02
300 	 307 	 3.5409291265e+01 	 4.2478200916e-03
400 	 409 	 3.5408428220e+01 	 2.9178561612e-03
500 	 510 	 3.5407851873e+01 	 3.8105403047e-03
600 	 613 	 3.5407493840e+01 	 2.0538792710e-03
700 	 715 	 3.5407293538e+01 	 1.3475927489e-03
800 	 816 	 3.5407190919e+01 	 1.2384801227e-03
900 	 920 	 3.5407109471e+01 	 2.1277300528e-03
1000 	 1022 	 3.5407055896e+01 	 6.4452553357e-04
1100 	 1124 	 3.5407025598e+01 	 6.7171713746e-04
1200 	 1224 	 3.5407007208e+01 	 5.7335385885e-04
1300 	 1327 	 3.5406992164e+01 	 1.1899423610e-03
1400 	 1427 	 3.5406981531e+01 	 3.1761890664e-04
1500 	 1530 	 3.5406974409e+01 	 4.6740302259e-04
1600 	 1633 	 3.5406968624e+01 	 3.6925100748e-04
1700 	 1734 	 3.5406962895e+01 	 2.2510656010e-04
1800 	 1835 	 3.5406956916e+01 	 3.3604423536e-04
1900 	 1938 	 3.5406951914e+01 	 2.4918077740e-04
2000 	 2040 	 3.5406948297e+01 	 2.1081602596e-04
2100 	 2142 	 3.5406945006e+01 	 1.8700164374e-04
2200 	 2245 	 3.5406942480e+01 	 1.8192787635e-04
2300 	 2349 	 3.5406940683e+01 	 1.9034432041e-04
2400 	 2450 	 3.5406939350e+01 	 2.2110024307e-04
2500 	 2551 	 3.5406938368e+01 	 2.6408753844e-04
2600 	 2654 	 3.5406937495e+01 	 1.0361382424e-04
2700 	 2757 	 3.5406936608e+01 	 1.3593266891e-04
2800 	 2858 	 3.5406935840e+01 	 8.9363716353e-05
2900 	 2960 	 3.5406935192e+01 	 1.0553631112e-04
3000 	 3062 	 3.5406934695e+01 	 8.1857901557e-05
3100 	 3163 	 3.5406934276e+01 	 7.5696227388e-05
3200 	 3265 	 3.5406933964e+01 	 5.0641333021e-05
3300 	 3370 	 3.5406933664e+01 	 5.5606589623e-05
3400 	 3472 	 3.5406933420e+01 	 4.1364341554e-05
3500 	 3574 	 3.5406933225e+01 	 3.8773678663e-05
3600 	 3676 	 3.5406933042e+01 	 4.9772974811e-05
3700 	 3776 	 3.5406932889e+01 	 4.1294545841e-05
3800 	 3880 	 3.5406932765e+01 	 1.0485139505e-04
3900 	 3983 	 3.5406932661e+01 	 3.4392099332e-05
4000 	 4084 	 3.5406932583e+01 	 2.4272729330e-05
4100 	 4186 	 3.5406932526e+01 	 2.5957824426e-05
4200 	 4288 	 3.5406932471e+01 	 2.6919512597e-05
4300 	 4390 	 3.5406932419e+01 	 4.0692893286e-05
4400 	 4494 	 3.5406932375e+01 	 3.2750241797e-05
4500 	 4598 	 3.5406932343e+01 	 2.0305090196e-05
4600 	 4701 	 3.5406932310e+01 	 2.6777606357e-05
4700 	 4803 	 3.5406932279e+01 	 1.7074300683e-05
4800 	 4907 	 3.5406932259e+01 	 2.4719261370e-05
4900 	 5011 	 3.5406932242e+01 	 3.4842109107e-05
5000 	 5116 	 3.5406932227e+01 	 1.9643451971e-05
5100 	 5218 	 3.5406932213e+01 	 1.2427555128e-05
5200 	 5319 	 3.5406932200e+01 	 1.1502157194e-05
5300 	 5421 	 3.5406932192e+01 	 6.6712214905e-06
5400 	 5523 	 3.5406932184e+01 	 9.6426112287e-06
5500 	 5625 	 3.5406932176e+01 	 8.7177534153e-06
5600 	 5726 	 3.5406932170e+01 	 1.8214733177e-05
5700 	 5829 	 3.5406932164e+01 	 8.1557561142e-06
5800 	 5930 	 3.5406932159e+01 	 2.2774630470e-05
5900 	 6031 	 3.5406932154e+01 	 7.7122913868e-06
6000 	 6134 	 3.5406932150e+01 	 6.4121214882e-06
6100 	 6235 	 3.5406932147e+01 	 4.9529305652e-06
6200 	 6338 	 3.5406932144e+01 	 6.8566126898e-06
6300 	 6443 	 3.5406932141e+01 	 1.3955103507e-05
6400 	 6547 	 3.5406932139e+01 	 5.0514629631e-06
6500 	 6650 	 3.5406932137e+01 	 9.2731011224e-06
6600 	 6754 	 3.5406932136e+01 	 4.0275286595e-06
6700 	 6854 	 3.5406932134e+01 	 3.5796483184e-06
6800 	 6955 	 3.5406932133e+01 	 6.0933925254e-06
6900 	 7058 	 3.5406932132e+01 	 7.3254668469e-06
7000 	 7160 	 3.5406932131e+01 	 3.3134478795e-06
7100 	 7261 	 3.5406932131e+01 	 4.3829506053e-06
7200 	 7363 	 3.5406932130e+01 	 3.7303181030e-06
7300 	 7467 	 3.5406932130e+01 	 2.3683481579e-06
7400 	 7572 	 3.5406932129e+01 	 3.1512450480e-06
7500 	 7675 	 3.5406932129e+01 	 1.2464615628e-06
7600 	 7780 	 3.5406932129e+01 	 1.6899436607e-06
7700 	 7882 	 3.5406932128e+01 	 1.3800335639e-06
7800 	 7986 	 3.5406932128e+01 	 1.1524120731e-06
7900 	 8089 	 3.5406932128e+01 	 1.4682803504e-06
8000 	 8193 	 3.5406932128e+01 	 1.4765081521e-06
8100 	 8296 	 3.5406932128e+01 	 1.4742183333e-06
8200 	 8397 	 3.5406932128e+01 	 1.4564145826e-06
8300 	 8500 	 3.5406932127e+01 	 1.1209052802e-06
8400 	 8606 	 3.5406932127e+01 	 8.8431162256e-07
8500 	 8708 	 3.5406932127e+01 	 1.3210131362e-06
8600 	 8811 	 3.5406932127e+01 	 7.0625973123e-07
8700 	 8915 	 3.5406932127e+01 	 6.0078248533e-07
8800 	 9020 	 3.5406932127e+01 	 9.2746713739e-07
8900 	 9122 	 3.5406932127e+01 	 1.0745530612e-06
9000 	 9224 	 3.5406932127e+01 	 1.5687253410e-06
9100 	 9331 	 3.5406932127e+01 	 1.4397757591e-06
9200 	 9439 	 3.5406932127e+01 	 1.5572024926e-06
9300 	 9544 	 3.5406932127e+01 	 9.6587520837e-07
9400 	 9657 	 3.5406932127e+01 	 5.0159208672e-07
9500 	 9763 	 3.5406932127e+01 	 4.3396446965e-07
9600 	 9873 	 3.5406932127e+01 	 1.9872824436e-07
9700 	 9979 	 3.5406932127e+01 	 2.7321609952e-07
9800 	 10095 	 3.5406932127e+01 	 2.2290088526e-07
9900 	 10215 	 3.5406932127e+01 	 2.6804478332e-07
# ---- 
 1 		 9970 	 10321 		 3.5892123297e+01 	 3.5406932127e+01 	 2.2853369419e-07
# ---- 
100 	 103 	 4.6406650817e+01 	 1.1940701328e-02
200 	 204 	 4.6403779962e+01 	 5.8323373309e-03
300 	 307 	 4.6402603447e+01 	 3.3688722731e-03
400 	 411 	 4.6401805375e+01 	 3.8524801889e-03
500 	 514 	 4.6401251133e+01 	 4.8945173302e-03
600 	 616 	 4.6400907891e+01 	 3.1222761198e-03
700 	 719 	 4.6400731141e+01 	 1.3596702064e-03
800 	 822 	 4.6400637532e+01 	 1.2329193002e-03
900 	 923 	 4.6400559012e+01 	 1.3692640343e-03
1000 	 1026 	 4.6400518287e+01 	 1.1949720916e-03
1100 	 1128 	 4.6400490876e+01 	 6.0198353556e-04
1200 	 1229 	 4.6400472014e+01 	 5.3495621317e-04
1300 	 1332 	 4.6400457361e+01 	 3.9950539638e-04
1400 	 1435 	 4.6400447969e+01 	 5.8518216774e-04
1500 	 1540 	 4.6400441425e+01 	 4.9210892520e-04
1600 	 1641 	 4.6400435057e+01 	 2.3310068400e-04
1700 	 1743 	 4.6400429699e+01 	 4.5470934706e-04
1800 	 1844 	 4.6400425677e+01 	 1.9254865410e-04
1900 	 1945 	 4.6400421629e+01 	 2.3238181507e-04
2000 	 2046 	 4.6400417766e+01 	 2.2615760095e-04
2100 	 2147 	 4.6400414729e+01 	 1.3999418510e-04
2200 	 2250 	 4.6400412443e+01 	 1.9887805308e-04
2300 	 2354 	 4.6400410938e+01 	 1.0427687560e-04
2400 	 2458 	 4.6400409705e+01 	 1.7372283235e-04
2500 	 2561 	 4.6400408910e+01 	 2.1175492017e-04
2600 	 2662 	 4.6400408225e+01 	 1.0321185377e-04
2700 	 2767 	 4.6400407658e+01 	 2.1278546752e-04
2800 	 2869 	 4.6400407155e+01 	 5.9067854405e-05
2900 	 2972 	 4.6400406668e+01 	 8.1653608159e-05
3000 	 3074 	 4.6400406254e+01 	 1.2575067082e-04
3100 	 3177 	 4.6400405921e+01 	 6.8959190908e-05
3200 	 3280 	 4.6400405637e+01 	 5.6165896782e-05
3300 	 3384 	 4.6400405439e+01 	 4.8085554277e-05
3400 	 3486 	 4.6400405217e+01 	 6.7215761442e-05
3500 	 3589 	 4.6400405019e+01 	 6.1060382547e-05
3600 	 3690 	 4.6400404853e+01 	 3.2721726760e-05
3700 	 3790 	 4.6400404731e+01 	 3.9587894704e-05
3800 	 3892 	 4.6400404648e+01 	 2.3550877302e-05
3900 	 3996 	 4.6400404577e+01 	 2.0117230268e-05
4000 	 4101 	 4.6400404518e+01 	 4.1839852708e-05
4100 	 4203 	 4.6400404475e+01 	 2.5255376237e-05
4200 	 4307 	 4.6400404430e+01 	 2.3842915187e-05
4300 	 4410 	 4.6400404391e+01 	 2.8848318047e-05
4400 	 4511 	 4.6400404353e+01 	 2.4833078948e-05
4500 	 4613 	 4.6400404324e+01 	 1.2334802626e-05
4600 	 4714 	 4.6400404301e+01 	 2.2523779042e-05
4700 	 4816 	 4.6400404280e+01 	 1.2991861115e-05
4800 	 4917 	 4.6400404268e+01 	 1.9901769245e-05
4900 	 5018 	 4.6400404257e+01 	 1.1334727838e-05
5000 	 5119 	 4.6400404247e+01 	 2.3244575150e-05
5100 	 5222 	 4.6400404235e+01 	 1.3745647873e-05
5200 	 5324 	 4.6400404227e+01 	 6.3674062849e-06
5300 	 5424 	 4.6400404222e+01 	 6.5690039416e-06
5400 	 5526 	 4.6400404217e+01 	 8.0736088305e-06
5500 	 5630 	 4.6400404212e+01 	 7.4539044354e-06
5600 	 5731 	 4.6400404208e+01 	 6.6942164928e-06
5700 	 5834 	 4.6400404205e+01 	 6.3817196832e-06
5800 	 5936 	 4.6400404202e+01 	 6.0963335207e-06
5900 	 6038 	 4.6400404200e+01 	 4.3421359582e-06
6000 	 6139 	 4.6400404198e+01 	 3.6871863192e-06
6100 	 6243 	 4.6400404197e+01 	 1.1321443624e-05
6200 	 6344 	 4.6400404195e+01 	 4.6488347538e-06
6300 	 6445 	 4.6400404194e+01 	 4.5520206780e-06
6400 	 6546 	 4.6400404192e+01 	 4.0703016491e-06
6500 	 6648 	 4.6400404190e+01 	 1.0919929447e-05
6600 	 6753 	 4.6400404189e+01 	 4.3522799230e-06
6700 	 6856 	 4.6400404188e+01 	 6.2571951553e-06
6800 	 6960 	 4.6400404188e+01 	 3.4222826817e-06
6900 	 7062 	 4.6400404187e+01 	 1.8633672014e-06
7000 	 7167 	 4.6400404187e+01 	 1.7217810869e-06
7100 	 7269 	 4.6400404187e+01 	 1.9464392635e-06
7200 	 7372 	 4.6400404187e+01 	 1.8230253627e-06
7300 	 7475 	 4.6400404186e+01 	 1.6036700008e-06
7400 	 7578 	 4.6400404186e+01 	 1.4113842284e-06
7500 	 7680 	 4.6400404186e+01 	 1.4117276586e-06
7600 	 7782 	 4.6400404186e+01 	 1.1059171627e-06
7700 	 7884 	 4.6400404186e+01 	 2.5431971959e-06
7800 	 7985 	 4.6400404186e+01 	 3.2534083972e-06
7900 	 8086 	 4.6400404185e+01 	 9.4542252022e-07
8000 	 8188 	 4.6400404185e+01 	 1.3458030066e-06
8100 	 8290 	 4.6400404185e+01 	 6.9514005402e-07
8200 	 8393 	 4.6400404185e+01 	 9.6584635368e-07
8300 	 8500 	 4.6400404185e+01 	 8.3864363936e-07
8400 	 8604 	 4.6400404185e+01 	 3.9316676338e-07
8500 	 8710 	 4.6400404185e+01 	 7.2080271315e-07
8600 	 8818 	 4.6400404185e+01 	 4.6014535217e-07
8700 	 8934 	 4.6400404185e+01 	 6.7366461007e-07
8800 	 9047 	 4.6400404185e+01 	 3.3254869946e-07
8900 	 9163 	 4.6400404185e+01 	 4.5531641275e-07
9000 	 9275 	 4.6400404185e+01 	 4.9784186315e-07
9100 	 9398 	 4.6400404185e+01 	 3.0607102915e-07
9200 	 9517 	 4.6400404185e+01 	 2.9759182313e-07
# ---- 
 1 		 9223 	 9554 		 4.6884745996e+01 	 4.6400404185e+01 	 2.2841693295e-07
# ---- 
100 	 104 	 5.8899051259e+01 	 1.4009483179e-02
200 	 206 	 5.8896398881e+01 	 9.6909495318e-03
300 	 309 	 5.8895309340e+01 	 3.8258250539e-03
400 	 411 	 5.8894523957e+01 	 5.3258473708e-03
500 	 512 	 5.8893964341e+01 	 3.3323988816e-03
600 	 614 	 5.8893645039e+01 	 2.7061193460e-03
700 	 716 	 5.8893484573e+01 	 1.2261921876e-03
800 	 820 	 5.8893391064e+01 	 1.6744035990e-03
900 	 923 	 5.8893319054e+01 	 8.8744890095e-04
1000 	 1028 	 5.8893273506e+01 	 5.2347596902e-04
1100 	 1131 	 5.8893249718e+01 	 5.6284630166e-04
1200 	 1233 	 5.8893233574e+01 	 4.6129177974e-04
1300 	 1335 	 5.8893222683e+01 	 3.6793960653e-04
1400 	 1438 	 5.8893215661e+01 	 2.5802725320e-04
1500 	 1542 	 5.8893209845e+01 	 2.1970911985e-04
1600 	 1645 	 5.8893204533e+01 	 2.8582767095e-04
1700 	 1746 	 5.8893199314e+01 	 6.1999748252e-04
1800 	 1849 	 5.8893194612e+01 	 3.7274862266e-04
1900 	 1952 	 5.8893191071e+01 	 3.1151145540e-04
2000 	 2053 	 5.8893188470e+01 	 1.7999494914e-04
2100 	 2156 	 5.8893186570e+01 	 2.3476063071e-04
2200 	 2257 	 5.8893185107e+01 	 1.3700032763e-04
2300 	 2359 	 5.8893184031e+01 	 9.0686255624e-05
2400 	 2462 	 5.8893183295e+01 	 1.8304907322e-04
2500 	 2564 	 5.8893182573e+01 	 1.4856930104e-04
2600 	 2666 	 5.8893181908e+01 	 9.5048662237e-05
2700 	 2768 	 5.8893181399e+01 	 5.6930084263e-05
2800 	 2870 	 5.8893180968e+01 	 8.6513334232e-05
2900 	 2972 	 5.8893180602e+01 	 1.2261802564e-04
3000 	 3075 	 5.8893180275e+01 	 4.7605360204e-05
3100 	 3178 	 5.8893180013e+01 	 5.1311061861e-05
3200 	 3282 	 5.8893179773e+01 	 4.3729370103e-05
3300 	 3383 	 5.8893179609e+01 	 4.7740000312e-05
3400 	 3486 	 5.8893179440e+01 	 8.9359232193e-05
3500 	 3588 	 5.8893179317e+01 	 3.5289483683e-05
3600 	 3690 	 5.8893179217e+01 	 5.0721682874e-05
3700 	 3793 	 5.8893179149e+01 	 2.7789474100e-05
3800 	 3895 	 5.8893179100e+01 	 1.7470991163e-05
3900 	 4000 	 5.8893179064e+01 	 2.2603511764e-05
4000 	 4102 	 5.8893179034e+01 	 1.3755582706e-05
4100 	 4204 	 5.8893179009e+01 	 2.4049490447e-05
4200 	 4307 	 5.8893178985e+01 	 2.0028263690e-05
4300 	 4411 	 5.8893178964e+01 	 1.1198634679e-05
4400 	 4513 	 5.8893178946e+01 	 3.4530530620e-05
4500 	 4617 	 5.8893178928e+01 	 3.5369530496e-05
4600 	 4719 	 5.8893178912e+01 	 1.5426127414e-05
4700 	 4821 	 5.8893178899e+01 	 1.1752827820e-05
4800 	 4923 	 5.8893178887e+01 	 1.3968527151e-05
4900 	 5024 	 5.8893178876e+01 	 1.0332407100e-05
5000 	 5127 	 5.8893178865e+01 	 7.9307120765e-06
5100 	 5231 	 5.8893178858e+01 	 1.1304570653e-05
5200 	 5333 	 5.8893178852e+01 	 1.0424915930e-05
5300 	 5436 	 5.8893178847e+01 	 5.4092895521e-06
5400 	 5540 	 5.8893178845e+01 	 5.7424112800e-06
5500 	 5644 	 5.8893178842e+01 	 6.5003581480e-06
5600 	 5745 	 5.8893178839e+01 	 6.8836736442e-06
5700 	 5850 	 5.8893178836e+01 	 6.4120118006e-06
5800 	 5952 	 5.8893178834e+01 	 5.6362598511e-06
5900 	 6055 	 5.8893178833e+01 	 6.3767223879e-06
6000 	 6158 	 5.8893178831e+01 	 7.7503110096e-06
6100 	 6260 	 5.8893178830e+01 	 5.4228496057e-06
6200 	 6361 	 5.8893178829e+01 	 3.3638392088e-06
6300 	 6464 	 5.8893178828e+01 	 2.7268787568e-06
6400 	 6569 	 5.8893178827e+01 	 3.6397161852e-06
6500 	 6672 	 5.8893178826e+01 	 2.3155102812e-06
6600 	 6774 	 5.8893178826e+01 	 2.3137664513e-06
6700 	 6878 	 5.8893178825e+01 	 4.4768753349e-06
6800 	 6980 	 5.8893178825e+01 	 1.7287126830e-06
6900 	 7084 	 5.8893178824e+01 	 1.4370037339e-06
7000 	 7187 	 5.8893178824e+01 	 1.0198568100e-06
7100 	 7290 	 5.8893178824e+01 	 9.4209453307e-07
7200 	 7393 	 5.8893178824e+01 	 9.3193807311e-07
7300 	 7495 	 5.8893178824e+01 	 1.2947678418e-06
7400 	 7597 	 5.8893178824e+01 	 8.9422347075e-07
7500 	 7699 	 5.8893178824e+01 	 1.3234985414e-06
7600 	 7801 	 5.8893178824e+01 	 9.1154593236e-07
7700 	 7904 	 5.8893178824e+01 	 1.2922660918e-06
7800 	 8006 	 5.8893178823e+01 	 1.6703149582e-06
7900 	 8109 	 5.8893178823e+01 	 9.9027485639e-07
8000 	 8212 	 5.8893178823e+01 	 5.7480289670e-07
8100 	 8322 	 5.8893178823e+01 	 4.7209314853e-07
8200 	 8430 	 5.8893178823e+01 	 5.0137953253e-07
8300 	 8538 	 5.8893178823e+01 	 7.2135659819e-07
8400 	 8648 	 5.8893178823e+01 	 6.9912027368e-07
8500 	 8765 	 5.8893178823e+01 	 4.1431701196e-07
8600 	 8890 	 5.8893178823e+01 	 3.5619988519e-07
8700 	 9005 	 5.8893178823e+01 	 5.7004756660e-07
8800 	 9114 	 5.8893178823e+01 	 4.7338724839e-07
8900 	 9228 	 5.8893178823e+01 	 6.0198528830e-07
9000 	 9352 	 5.8893178823e+01 	 9.6402917612e-08
# ---- 
 1 		 9033 	 9414 		 5.9376966077e+01 	 5.8893178823e+01 	 2.6321057943e-07
# ---- 
100 	 102 	 7.2893264830e+01 	 7.1290055341e-03
200 	 203 	 7.2890832614e+01 	 6.0352951008e-03
300 	 306 	 7.2889818127e+01 	 3.8311592508e-03
400 	 407 	 7.2889094342e+01 	 3.3382683957e-03
500 	 511 	 7.2888548937e+01 	 2.2429956487e-03
600 	 613 	 7.2888252576e+01 	 1.6971271496e-03
700 	 716 	 7.2888094666e+01 	 1.6295212576e-03
800 	 817 	 7.2888001737e+01 	 1.2815020808e-03
900 	 919 	 7.2887933174e+01 	 2.7871011973e-03
1000 	 1023 	 7.2887891614e+01 	 6.0147838336e-04
1100 	 1125 	 7.2887869472e+01 	 6.8079571001e-04
1200 	 1231 	 7.2887854930e+01 	 5.3298394403e-04
1300 	 1334 	 7.2887845774e+01 	 3.6137806211e-04
1400 	 1436 	 7.2887839522e+01 	 3.8119690155e-04
1500 	 1539 	 7.2887833927e+01 	 1.9909108482e-04
1600 	 1641 	 7.2887828437e+01 	 2.2728667137e-04
1700 	 1743 	 7.2887823396e+01 	 2.3931950066e-04
1800 	 1846 	 7.2887819466e+01 	 2.6760603063e-04
1900 	 1948 	 7.2887816387e+01 	 2.0404090920e-04
2000 	 2050 	 7.2887814008e+01 	 1.4592876859e-04
2100 	 2151 	 7.2887812441e+01 	 1.1034538081e-04
2200 	 2251 	 7.2887811303e+01 	 3.1519008387e-04
2300 	 2354 	 7.2887810397e+01 	 1.7855114837e-04
2400 	 2458 	 7.2887809706e+01 	 1.2350693088e-04
2500 	 2560 	 7.2887808919e+01 	 1.1036420890e-04
2600 	 2663 	 7.2887808405e+01 	 1.0321245924e-04
2700 	 2765 	 7.2887807948e+01 	 6.5078882629e-05
2800 	 2870 	 7.2887807583e+01 	 5.5551356568e-05
2900 	 2971 	 7.2887807277e+01 	 1.1498766976e-04
3000 	 3073 	 7.2887807020e+01 	 1.0845662259e-04
3100 	 3176 	 7.2887806795e+01 	 4.2566886605e-05
3200 	 3279 	 7.2887806642e+01 	 5.0390017837e-05
3300 	 3380 	 7.2887806513e+01 	 3.9778693642e-05
3400 	 3483 	 7.2887806374e+01 	 4.2486965773e-05
3500 	 3585 	 7.2887806274e+01 	 3.8763082346e-05
3600 	 3688 	 7.2887806202e+01 	 2.3667462972e-05
3700 	 3791 	 7.2887806154e+01 	 2.4395882478e-05
3800 	 3896 	 7.2887806117e+01 	 2.5239641350e-05
3900 	 4000 	 7.2887806078e+01 	 2.3501296727e-05
4000 	 4101 	 7.2887806045e+01 	 3.2964862395e-05
4100 	 4204 	 7.2887806020e+01 	 1.6245424192e-05
4200 	 4309 	 7.2887805994e+01 	 1.3867196142e-05
4300 	 4414 	 7.2887805975e+01 	 1.9219587127e-05
4400 	 4515 	 7.2887805958e+01 	 1.4757509960e-05
4500 	 4617 	 7.2887805947e+01 	 1.7656059265e-05
4600 	 4719 	 7.2887805935e+01 	 6.8956124672e-06
4700 	 4822 	 7.2887805927e+01 	 1.4169281134e-05
4800 	 4925 	 7.2887805920e+01 	 9.9968607404e-06
4900 	 5025 	 7.2887805912e+01 	 9.7016050384e-06
5000 	 5127 	 7.2887805906e+01 	 8.4409078553e-06
5100 	 5229 	 7.2887805902e+01 	 5.7153079262e-06
5200 	 5332 	 7.2887805898e+01 	 7.5800871904e-06
5300 	 5432 	 7.2887805895e+01 	 9.2518269538e-06
5400 	 5535 	 7.2887805893e+01 	 6.4950652590e-06
5500 	 5636 	 7.2887805891e+01 	 5.9074586567e-06
5600 	 5737 	 7.2887805890e+01 	 4.1959920561e-06
5700 	 5839 	 7.2887805888e+01 	 5.9575849920e-06
5800 	 5940 	 7.2887805887e+01 	 3.2585361318e-06
5900 	 6044 	 7.2887805886e+01 	 3.5844086701e-06
6000 	 6144 	 7.2887805884e+01 	 3.9834606291e-06
6100 	 6245 	 7.2887805883e+01 	 2.9570803664e-06
6200 	 6348 	 7.2887805883e+01 	 2.1007701804e-06
6300 	 6449 	 7.2887805882e+01 	 2.0654315833e-06
6400 	 6553 	 7.2887805882e+01 	 1.9892045869e-06
6500 	 6656 	 7.2887805882e+01 	 2.3344641629e-06
6600 	 6757 	 7.2887805882e+01 	 1.3347123958e-06
6700 	 6861 	 7.2887805882e+01 	 1.3193591457e-06
6800 	 6968 	 7.2887805881e+01 	 8.1205283054e-07
6900 	 7072 	 7.2887805881e+01 	 9.2455435925e-07
7000 	 7177 	 7.2887805881e+01 	 1.0638675093e-06
7100 	 7279 	 7.2887805881e+01 	 7.7102136397e-07
7200 	 7385 	 7.2887805881e+01 	 7.7141238386e-07
7300 	 7490 	 7.2887805881e+01 	 1.1411802640e-06
7400 	 7594 	 7.2887805881e+01 	 1.2509168553e-06
7500 	 7698 	 7.2887805881e+01 	 2.7961830405e-06
7600 	 7802 	 7.2887805881e+01 	 8.6819129662e-07
7700 	 7910 	 7.2887805881e+01 	 8.7353614003e-07
# ---- 
 1 		 7751 	 8001 		 7.3371256740e+01 	 7.2887805881e+01 	 6.2215077639e-07
# ---- 
# ---- 
 1 		 14 	 37 		 7.9471389780e+01 	 7.4007611134e+01 	 6.6317214912e-01
# ---- 
100 	 107 	 7.2780870033e+01 	 1.0003395326e-01
200 	 210 	 7.2364170999e+01 	 5.6982992041e-02
300 	 312 	 7.2259424327e+01 	 3.0931248771e-02
400 	 414 	 7.2223884207e+01 	 3.7760400749e-02
500 	 515 	 7.2212196350e+01 	 1.0892372122e-02
600 	 617 	 7.2208222301e+01 	 7.2761531197e-03
700 	 722 	 7.2206281132e+01 	 3.8153710259e-03
800 	 823 	 7.2205012173e+01 	 3.3294615009e-03
900 	 928 	 7.2204136249e+01 	 3.5394410179e-03
1000 	 1031 	 7.2203550395e+01 	 2.7864131287e-03
1100 	 1132 	 7.2203112861e+01 	 2.5266889893e-03
1200 	 1234 	 7.2202777715e+01 	 1.6061286148e-03
1300 	 1336 	 7.2202539157e+01 	 4.7930011558e-03
1400 	 1440 	 7.2202343117e+01 	 1.7130750404e-03
1500 	 1545 	 7.2202143017e+01 	 2.7986827914e-03
1600 	 1650 	 7.2201967332e+01 	 2.3420249722e-03
1700 	 1754 	 7.2201842108e+01 	 3.3036726925e-03
1800 	 1855 	 7.2201721719e+01 	 1.0455956286e-03
1900 	 1955 	 7.2201580944e+01 	 1.3869411194e-03
2000 	 2055 	 7.2201451389e+01 	 1.2496968006e-03
2100 	 2157 	 7.2201379354e+01 	 7.9494269777e-04
2200 	 2259 	 7.2201318665e+01 	 1.4049819923e-03
2300 	 2360 	 7.2201274300e+01 	 1.0709349840e-03
2400 	 2463 	 7.2201237214e+01 	 5.3958695568e-04
2500 	 2566 	 7.2201207005e+01 	 7.8752119947e-04
2600 	 2669 	 7.2201181363e+01 	 5.4553561719e-04
2700 	 2770 	 7.2201160582e+01 	 5.8786027118e-04
2800 	 2871 	 7.2201143841e+01 	 5.0326835676e-04
2900 	 2973 	 7.2201130401e+01 	 7.3985302212e-04
3000 	 3074 	 7.2201117720e+01 	 3.1062282180e-04
3100 	 3179 	 7.2201106321e+01 	 3.4441346832e-04
3200 	 3279 	 7.2201095221e+01 	 3.8647872598e-04
3300 	 3379 	 7.2201084390e+01 	 4.1128129812e-04
3400 	 3480 	 7.2201074413e+01 	 3.1858627228e-04
3500 	 3583 	 7.2201063457e+01 	 3.6024904915e-04
3600 	 3687 	 7.2201053357e+01 	 3.2162869508e-04
3700 	 3789 	 7.2201044850e+01 	 3.3507739328e-04
3800 	 3892 	 7.2201036878e+01 	 3.6085775621e-04
3900 	 3995 	 7.2201030759e+01 	 2.3543250592e-04
4000 	 4098 	 7.2201025684e+01 	 2.3207044525e-04
4100 	 4201 	 7.2201021411e+01 	 2.4670733175e-04
4200 	 4303 	 7.2201018681e+01 	 1.7580307152e-04
4300 	 4406 	 7.2201016556e+01 	 1.6379770895e-04
4400 	 4508 	 7.2201014713e+01 	 1.4786979961e-04
4500 	 4608 	 7.2201013068e+01 	 1.9591020617e-04
4600 	 4712 	 7.2201011783e+01 	 2.7869104496e-04
4700 	 4813 	 7.2201010751e+01 	 2.4713818663e-04
4800 	 4914 	 7.2201009817e+01 	 1.1353594164e-04
4900 	 5016 	 7.2201009128e+01 	 7.7045262882e-05
5000 	 5120 	 7.2201008250e+01 	 1.5342980085e-04
5100 	 5222 	 7.2201007439e+01 	 7.9598006513e-05
5200 	 5325 	 7.2201006651e+01 	 9.9963998569e-05
5300 	 5428 	 7.2201006012e+01 	 8.3295041618e-05
5400 	 5529 	 7.2201005376e+01 	 8.6357821620e-05
5500 	 5631 	 7.2201004823e+01 	 7.8513103815e-05
5600 	 5733 	 7.2201004366e+01 	 6.4994137321e-05
5700 	 5835 	 7.2201003977e+01 	 9.6518256348e-05
5800 	 5936 	 7.2201003642e+01 	 6.5680094072e-05
5900 	 6039 	 7.2201003348e+01 	 8.8416074220e-05
6000 	 6142 	 7.2201003083e+01 	 5.8548638533e-05
6100 	 6243 	 7.2201002803e+01 	 5.6613639832e-05
6200 	 6344 	 7.2201002575e+01 	 8.7121603105e-05
6300 	 6445 	 7.2201002428e+01 	 9.9653900545e-05
6400 	 6547 	 7.2201002316e+01 	 3.4493251310e-05
6500 	 6651 	 7.2201002203e+01 	 3.1978221751e-05
6600 	 6755 	 7.2201002101e+01 	 2.9267355183e-05
6700 	 6857 	 7.2201002039e+01 	 3.0238655585e-05
6800 	 6958 	 7.2201001974e+01 	 1.9798446139e-05
6900 	 7061 	 7.2201001915e+01 	 3.2183438813e-05
7000 	 7164 	 7.2201001868e+01 	 2.9680032974e-05
7100 	 7264 	 7.2201001836e+01 	 3.4474382654e-05
7200 	 7369 	 7.2201001811e+01 	 2.1111819401e-05
7300 	 7472 	 7.2201001786e+01 	 2.1430936272e-05
7400 	 7575 	 7.2201001767e+01 	 2.0699034695e-05
7500 	 7677 	 7.2201001750e+01 	 1.6813795067e-05
7600 	 7779 	 7.2201001737e+01 	 1.0951107808e-05
7700 	 7882 	 7.2201001724e+01 	 1.3640762451e-05
7800 	 7984 	 7.2201001710e+01 	 3.1002311104e-05
7900 	 8085 	 7.2201001697e+01 	 1.3779079528e-05
8000 	 8186 	 7.2201001689e+01 	 7.8072500803e-06
8100 	 8289 	 7.2201001681e+01 	 9.4270453691e-06
8200 	 8393 	 7.2201001673e+01 	 9.6850416294e-06
8300 	 8495 	 7.2201001665e+01 	 1.2072046790e-05
8400 	 8598 	 7.2201001657e+01 	 8.7701467412e-06
8500 	 8701 	 7.2201001651e+01 	 1.1788945697e-05
8600 	 8804 	 7.2201001647e+01 	 6.2706512826e-06
8700 	 8907 	 7.2201001642e+01 	 7.5336054193e-06
8800 	 9011 	 7.2201001638e+01 	 6.3810466189e-06
8900 	 9111 	 7.2201001634e+01 	 6.9756658434e-06
9000 	 9212 	 7.2201001631e+01 	 5.0469871938e-06
9100 	 9314 	 7.2201001628e+01 	 1.3594442844e-05
9200 	 9418 	 7.2201001624e+01 	 4.6159714937e-06
9300 	 9519 	 7.2201001621e+01 	 5.0252259056e-06
9400 	 9623 	 7.2201001619e+01 	 6.0924495174e-06
9500 	 9728 	 7.2201001618e+01 	 3.9046736705e-06
9600 	 9830 	 7.2201001617e+01 	 2.5337457728e-06
9700 	 9933 	 7.2201001616e+01 	 9.5040442935e-06
9800 	 10035 	 7.2201001615e+01 	 2.4922147533e-06
9900 	 10137 	 7.2201001615e+01 	 1.8651333759e-06
10000 	 10239 	 7.2201001615e+01 	 2.1496188994e-06
10100 	 10341 	 7.2201001614e+01 	 1.6005582051e-06
10200 	 10443 	 7.2201001614e+01 	 1.6356741012e-06
10300 	 10544 	 7.2201001614e+01 	 1.9259870654e-06
10400 	 10647 	 7.2201001613e+01 	 1.4332512796e-06
10500 	 10749 	 7.2201001613e+01 	 1.8031437140e-06
10600 	 10852 	 7.2201001613e+01 	 2.5921210642e-06
10700 	 10955 	 7.2201001613e+01 	 4.3792564804e-06
10800 	 11058 	 7.2201001613e+01 	 2.6903057803e-06
10900 	 11162 	 7.2201001612e+01 	 1.6569325672e-06
11000 	 11267 	 7.2201001612e+01 	 1.2989298399e-06
11100 	 11370 	 7.2201001612e+01 	 8.9540978835e-07
11200 	 11476 	 7.2201001612e+01 	 1.1189001586e-06
11300 	 11580 	 7.2201001612e+01 	 1.5598759157e-06
11400 	 11685 	 7.2201001612e+01 	 6.6948998138e-07
11500 	 11794 	 7.2201001612e+01 	 9.0540123831e-07
11600 	 11903 	 7.2201001612e+01 	 4.8433691667e-07
# ---- 
 1 		 11645 	 11961 		 8.2252285919e+01 	 7.2201001612e+01 	 5.6687791157e-07
# ---- 
100 	 102 	 7.2055902760e+01 	 6.2350246343e-02
200 	 203 	 7.1979043225e+01 	 3.8094758516e-02
300 	 306 	 7.1961365018e+01 	 1.8359355562e-02
400 	 407 	 7.1954275240e+01 	 7.8531134347e-03
500 	 510 	 7.1951834631e+01 	 5.5174148405e-03
600 	 615 	 7.1950808643e+01 	 3.3576471689e-03
700 	 716 	 7.1950196428e+01 	 1.9019584548e-03
800 	 817 	 7.1949885145e+01 	 3.6332601975e-03
900 	 921 	 7.1949664458e+01 	 1.4898023573e-03
1000 	 1023 	 7.1949514766e+01 	 1.6301852086e-03
1100 	 1127 	 7.1949408042e+01 	 2.0655492773e-03
1200 	 1229 	 7.1949322453e+01 	 8.8941865326e-04
1300 	 1330 	 7.1949250050e+01 	 7.1217092082e-04
1400 	 1433 	 7.1949195987e+01 	 9.3429966298e-04
1500 	 1535 	 7.1949147181e+01 	 5.4855133850e-04
1600 	 1638 	 7.1949096699e+01 	 1.4102027341e-03
1700 	 1742 	 7.1949057234e+01 	 8.1919407799e-04
1800 	 1843 	 7.1949018831e+01 	 7.5899923049e-04
1900 	 1944 	 7.1948985812e+01 	 7.2633230214e-04
2000 	 2047 	 7.1948949841e+01 	 1.1528278389e-03
2100 	 2150 	 7.1948922146e+01 	 5.0383797139e-04
2200 	 2252 	 7.1948902853e+01 	 3.7166586469e-04
2300 	 2354 	 7.1948887413e+01 	 7.2894274276e-04
2400 	 2456 	 7.1948874395e+01 	 7.0092356213e-04
2500 	 2561 	 7.1948864166e+01 	 2.5327548980e-04
2600 	 2666 	 7.1948857102e+01 	 3.1453050436e-04
2700 	 2767 	 7.1948849907e+01 	 3.1813480230e-04
2800 	 2870 	 7.1948843411e+01 	 4.1904141039e-04
2900 	 2971 	 7.1948835783e+01 	 2.8330301962e-04
3000 	 3073 	 7.1948825276e+01 	 3.7920962343e-04
3100 	 3176 	 7.1948816816e+01 	 2.6336832861e-04
3200 	 3281 	 7.1948810039e+01 	 2.4082415672e-04
3300 	 3384 	 7.1948804290e+01 	 3.0529480839e-04
3400 	 3485 	 7.1948798425e+01 	 2.4466685871e-04
3500 	 3588 	 7.1948792224e+01 	 2.3503527837e-04
3600 	 3692 	 7.1948787145e+01 	 1.8425411036e-04
3700 	 3795 	 7.1948782944e+01 	 3.8804265626e-04
3800 	 3899 	 7.1948779784e+01 	 4.5456698341e-04
3900 	 4005 	 7.1948775477e+01 	 4.5558814633e-04
4000 	 4107 	 7.1948771591e+01 	 2.1512640686e-04
4100 	 4211 	 7.1948768523e+01 	 2.4755023019e-04
4200 	 4312 	 7.1948766067e+01 	 1.6404043489e-04
4300 	 4415 	 7.1948764326e+01 	 1.0778728338e-04
4400 	 4520 	 7.1948762727e+01 	 1.2722931851e-04
4500 	 4622 	 7.1948761484e+01 	 1.3929982910e-04
4600 	 4724 	 7.1948760779e+01 	 1.3801294803e-04
4700 	 4827 	 7.1948760257e+01 	 8.7742042855e-05
4800 	 4930 	 7.1948759713e+01 	 7.9886110173e-05
4900 	 5033 	 7.1948759175e+01 	 8.7991611920e-05
5000 	 5134 	 7.1948758615e+01 	 6.4002687276e-05
5100 	 5236 	 7.1948758189e+01 	 6.6182908590e-05
5200 	 5338 	 7.1948757846e+01 	 6.7785119832e-05
5300 	 5442 	 7.1948757528e+01 	 8.0036952616e-05
5400 	 5545 	 7.1948757288e+01 	 5.0797138445e-05
5500 	 5646 	 7.1948757033e+01 	 5.2823955863e-05
5600 	 5748 	 7.1948756791e+01 	 6.6000107289e-05
5700 	 5850 	 7.1948756512e+01 	 5.2176005923e-05
5800 	 5953 	 7.1948756240e+01 	 5.1422584994e-05
5900 	 6055 	 7.1948756001e+01 	 1.3737311968e-04
6000 	 6157 	 7.1948755751e+01 	 1.8468063099e-04
6100 	 6260 	 7.1948755479e+01 	 5.9233994988e-05
6200 	 6365 	 7.1948755286e+01 	 5.2786885893e-05
6300 	 6467 	 7.1948755133e+01 	 6.4329030097e-05
6400 	 6569 	 7.1948754997e+01 	 3.5162262714e-05
6500 	 6669 	 7.1948754913e+01 	 3.0848012743e-05
6600 	 6776 	 7.1948754842e+01 	 2.7044301221e-05
6700 	 6879 	 7.1948754795e+01 	 2.4394289696e-05
6800 	 6980 	 7.1948754754e+01 	 2.3704944036e-05
6900 	 7082 	 7.1948754719e+01 	 2.3528806237e-05
7000 	 7184 	 7.1948754697e+01 	 1.5550588011e-05
7100 	 7287 	 7.1948754674e+01 	 1.5382015064e-05
7200 	 7388 	 7.1948754659e+01 	 1.3401746918e-05
7300 	 7491 	 7.1948754649e+01 	 9.6067326426e-06
7400 	 7594 	 7.1948754642e+01 	 1.5457311055e-05
7500 	 7695 	 7.1948754635e+01 	 2.0221933394e-05
7600 	 7798 	 7.1948754629e+01 	 8.0426668699e-06
7700 	 7901 	 7.1948754624e+01 	 7.3479541784e-06
7800 	 8004 	 7.1948754619e+01 	 1.1505585934e-05
7900 	 8108 	 7.1948754615e+01 	 8.6442664207e-06
8000 	 8213 	 7.1948754611e+01 	 6.9146840459e-06
8100 	 8317 	 7.1948754607e+01 	 8.8399160708e-06
8200 	 8418 	 7.1948754603e+01 	 2.0660128904e-05
8300 	 8519 	 7.1948754599e+01 	 9.4683505834e-06
8400 	 8622 	 7.1948754595e+01 	 4.8653867657e-06
8500 	 8723 	 7.1948754591e+01 	 4.7991781614e-06
8600 	 8827 	 7.1948754589e+01 	 4.3233595083e-06
8700 	 8929 	 7.1948754587e+01 	 9.5725334438e-06
8800 	 9032 	 7.1948754584e+01 	 5.1694329482e-06
8900 	 9135 	 7.1948754582e+01 	 4.9143171879e-06
9000 	 9236 	 7.1948754580e+01 	 5.4781221975e-06
9100 	 9338 	 7.1948754579e+01 	 4.3736853259e-06
9200 	 9441 	 7.1948754578e+01 	 2.6894528634e-06
9300 	 9545 	 7.1948754577e+01 	 5.3255977005e-06
9400 	 9649 	 7.1948754576e+01 	 3.2965482953e-06
9500 	 9751 	 7.1948754575e+01 	 3.3571333547e-06
9600 	 9855 	 7.1948754575e+01 	 2.4852676525e-06
9700 	 9957 	 7.1948754574e+01 	 3.6329266878e-06
9800 	 10061 	 7.1948754574e+01 	 2.1594533699e-06
9900 	 10163 	 7.1948754574e+01 	 1.5718165599e-06
10000 	 10265 	 7.1948754573e+01 	 1.8722434730e-06
10100 	 10367 	 7.1948754573e+01 	 2.2683776743e-06
10200 	 10468 	 7.1948754573e+01 	 1.8458888987e-06
10300 	 10571 	 7.1948754572e+01 	 1.8738621163e-06
10400 	 10674 	 7.1948754572e+01 	 1.0777295222e-06
10500 	 10779 	 7.1948754572e+01 	 1.0783769726e-06
10600 	 10881 	 7.1948754572e+01 	 1.8675278224e-06
10700 	 10986 	 7.1948754572e+01 	 2.1628757544e-06
10800 	 11086 	 7.1948754572e+01 	 1.3956159195e-06
10900 	 11191 	 7.1948754572e+01 	 4.9764760725e-07
11000 	 11297 	 7.1948754572e+01 	 5.1729010193e-07
11100 	 11409 	 7.1948754572e+01 	 1.1358294636e-06
11200 	 11514 	 7.1948754572e+01 	 5.1142120210e-07
11300 	 11619 	 7.1948754572e+01 	 3.5963701592e-07
11400 	 11731 	 7.1948754572e+01 	 6.8810003810e-07
11500 	 11846 	 7.1948754572e+01 	 1.1215123667e-06
11600 	 11953 	 7.1948754571e+01 	 6.1886423940e-07
11700 	 12064 	 7.1948754571e+01 	 8.8898239741e-07
11800 	 12172 	 7.1948754571e+01 	 9.7094973595e-07
11900 	 12288 	 7.1948754571e+01 	 7.3977415095e-07
12000 	 12398 	 7.1948754571e+01 	 3.2507023878e-07
# ---- 
 1 		 12082 	 12516 		 7.8783634897e+01 	 7.1948754571e+01 	 5.6346689035e-07
# ---- 
100 	 104 	 7.1846457689e+01 	 9.3577912909e-02
200 	 205 	 7.1773351891e+01 	 3.0264678024e-02
300 	 306 	 7.1755284448e+01 	 1.1352431530e-02
400 	 406 	 7.1747989293e+01 	 7.8138326074e-03
500 	 506 	 7.1745098512e+01 	 4.1025773801e-03
600 	 608 	 7.1743984490e+01 	 7.9563747858e-03
700 	 710 	 7.1743378102e+01 	 3.6689124777e-03
800 	 810 	 7.1743030617e+01 	 1.7204158845e-03
900 	 912 	 7.1742776248e+01 	 2.1168300118e-03
1000 	 1013 	 7.1742619884e+01 	 1.3433410841e-03
1100 	 1116 	 7.1742506061e+01 	 1.5188998828e-03
1200 	 1218 	 7.1742414298e+01 	 7.5936007398e-04
1300 	 1321 	 7.1742336462e+01 	 1.0846482928e-03
1400 	 1423 	 7.1742272260e+01 	 1.0507355160e-03
1500 	 1525 	 7.1742218959e+01 	 6.6752580794e-04
1600 	 1626 	 7.1742174330e+01 	 8.6114331174e-04
1700 	 1728 	 7.1742136053e+01 	 8.3960292908e-04
1800 	 1829 	 7.1742103559e+01 	 8.0054390004e-04
1900 	 1931 	 7.1742072342e+01 	 5.8591943277e-04
2000 	 2034 	 7.1742037550e+01 	 8.0067159362e-04
2100 	 2137 	 7.1742006255e+01 	 4.5744502812e-04
2200 	 2239 	 7.1741983280e+01 	 4.5838527032e-04
2300 	 2343 	 7.1741961935e+01 	 4.5366592386e-04
2400 	 2443 	 7.1741942763e+01 	 5.6405571185e-04
2500 	 2544 	 7.1741928599e+01 	 3.8092237931e-04
2600 	 2646 	 7.1741919341e+01 	 6.5061094023e-04
2700 	 2749 	 7.1741910334e+01 	 3.7841989341e-04
2800 	 2851 	 7.1741902131e+01 	 4.4746279068e-04
2900 	 2954 	 7.1741891634e+01 	 4.0540266115e-04
3000 	 3059 	 7.1741878289e+01 	 4.1664342236e-04
3100 	 3160 	 7.1741864754e+01 	 5.3108663269e-04
3200 	 3264 	 7.1741853118e+01 	 2.8671020482e-04
3300 	 3365 	 7.1741843444e+01 	 6.1717704592e-04
3400 	 3467 	 7.1741835824e+01 	 3.3850892432e-04
3500 	 3570 	 7.1741828662e+01 	 3.5659613197e-04
3600 	 3672 	 7.1741823418e+01 	 2.2885270666e-04
3700 	 3775 	 7.1741818894e+01 	 2.8429796945e-04
3800 	 3876 	 7.1741813276e+01 	 2.7227037099e-04
3900 	 3979 	 7.1741807897e+01 	 4.2523786578e-04
4000 	 4082 	 7.1741802758e+01 	 2.5109694727e-04
4100 	 4184 	 7.1741798463e+01 	 3.4237819445e-04
4200 	 4286 	 7.1741794785e+01 	 3.8320304976e-04
4300 	 4387 	 7.1741791466e+01 	 1.9080006740e-04
4400 	 4489 	 7.1741788769e+01 	 2.8783918245e-04
4500 	 4591 	 7.1741786470e+01 	 1.6826184548e-04
4600 	 4695 	 7.1741784335e+01 	 2.3904773049e-04
4700 	 4798 	 7.1741782152e+01 	 1.2565950210e-04
4800 	 4900 	 7.1741780579e+01 	 1.3095594821e-04
4900 	 5002 	 7.1741779323e+01 	 1.5450284634e-04
5000 	 5104 	 7.1741778339e+01 	 1.0640868804e-04
5100 	 5206 	 7.1741777303e+01 	 1.3669499751e-04
5200 	 5311 	 7.1741776106e+01 	 1.9540041938e-04
5300 	 5412 	 7.1741774772e+01 	 2.1065814342e-04
5400 	 5515 	 7.1741773636e+01 	 1.2850356222e-04
5500 	 5618 	 7.1741772710e+01 	 1.0548291834e-04
5600 	 5718 	 7.1741771859e+01 	 8.1732400242e-05
5700 	 5821 	 7.1741771115e+01 	 2.5999989045e-04
5800 	 5925 	 7.1741770224e+01 	 1.8663611293e-04
5900 	 6026 	 7.1741769396e+01 	 8.9056568753e-05
6000 	 6131 	 7.1741768676e+01 	 1.0497883170e-04
6100 	 6235 	 7.1741767919e+01 	 6.4427026922e-05
6200 	 6338 	 7.1741767403e+01 	 2.2766636268e-04
6300 	 6439 	 7.1741767001e+01 	 1.9677743127e-04
6400 	 6540 	 7.1741766693e+01 	 6.8671040957e-05
6500 	 6646 	 7.1741766478e+01 	 5.0698828608e-05
6600 	 6749 	 7.1741766308e+01 	 3.9038323036e-05
6700 	 6852 	 7.1741766168e+01 	 3.1833272575e-05
6800 	 6955 	 7.1741766072e+01 	 4.2643566620e-05
6900 	 7059 	 7.1741765981e+01 	 4.2150032225e-05
7000 	 7161 	 7.1741765903e+01 	 3.8952419173e-05
7100 	 7264 	 7.1741765843e+01 	 2.9851814263e-05
7200 	 7368 	 7.1741765795e+01 	 1.5700501496e-05
7300 	 7471 	 7.1741765757e+01 	 1.4973687305e-05
7400 	 7572 	 7.1741765721e+01 	 2.2170730176e-05
7500 	 7675 	 7.1741765689e+01 	 2.6739845600e-05
7600 	 7778 	 7.1741765660e+01 	 3.5411672490e-05
7700 	 7881 	 7.1741765626e+01 	 2.1523939856e-05
7800 	 7982 	 7.1741765592e+01 	 2.0446555035e-05
7900 	 8086 	 7.1741765556e+01 	 2.4290973842e-05
8000 	 8188 	 7.1741765526e+01 	 2.0918587291e-05
8100 	 8291 	 7.1741765503e+01 	 1.5445098606e-05
8200 	 8394 	 7.1741765485e+01 	 1.5746241260e-05
8300 	 8497 	 7.1741765472e+01 	 1.4256603808e-05
8400 	 8600 	 7.1741765460e+01 	 7.6249052097e-06
8500 	 8703 	 7.1741765449e+01 	 1.3699190889e-05
8600 	 8806 	 7.1741765436e+01 	 2.1447513943e-05
8700 	 8908 	 7.1741765425e+01 	 1.4582887826e-05
8800 	 9010 	 7.1741765417e+01 	 7.8143289698e-06
8900 	 9112 	 7.1741765407e+01 	 9.1429951286e-06
9000 	 9216 	 7.1741765397e+01 	 1.2017854435e-05
9100 	 9319 	 7.1741765387e+01 	 1.6976001355e-05
9200 	 9420 	 7.1741765378e+01 	 8.8426143434e-06
9300 	 9521 	 7.1741765370e+01 	 8.7432179868e-06
9400 	 9623 	 7.1741765363e+01 	 9.9538151250e-06
9500 	 9723 	 7.1741765357e+01 	 9.2960680857e-06
9600 	 9826 	 7.1741765352e+01 	 7.1483429969e-06
9700 	 9928 	 7.1741765349e+01 	 1.1263742179e-05
9800 	 10029 	 7.1741765346e+01 	 8.9501913776e-06
9900 	 10130 	 7.1741765344e+01 	 4.9426806783e-06
10000 	 10233 	 7.1741765341e+01 	 4.7360684322e-06
10100 	 10336 	 7.1741765339e+01 	 4.1018237480e-06
10200 	 10437 	 7.1741765338e+01 	 3.4751198588e-06
10300 	 10540 	 7.1741765337e+01 	 2.6703696298e-06
10400 	 10640 	 7.1741765336e+01 	 4.7041153632e-06
10500 	 10741 	 7.1741765335e+01 	 4.3792983823e-06
10600 	 10843 	 7.1741765335e+01 	 2.8480765389e-06
10700 	 10945 	 7.1741765334e+01 	 2.5594086966e-06
10800 	 11048 	 7.1741765333e+01 	 2.0109416327e-06
10900 	 11151 	 7.1741765333e+01 	 1.9408271993e-06
11000 	 11252 	 7.1741765332e+01 	 1.9976942979e-06
11100 	 11355 	 7.1741765332e+01 	 1.9173839448e-06
11200 	 11457 	 7.1741765332e+01 	 2.2922811959e-06
11300 	 11561 	 7.1741765331e+01 	 2.2523459488e-06
11400 	 11662 	 7.1741765331e+01 	 2.1302087910e-06
11500 	 11765 	 7.1741765330e+01 	 3.7294686006e-06
11600 	 11866 	 7.1741765330e+01 	 1.2991974367e-06
11700 	 11968 	 7.1741765330e+01 	 3.5096137172e-06
11800 	 12069 	 7.1741765330e+01 	 1.2454737428e-06
11900 	 12170 	 7.1741765330e+01 	 1.5911292493e-06
12000 	 12271 	 7.1741765330e+01 	 2.0615064571e-06
12100 	 12376 	 7.1741765329e+01 	 2.1229323210e-06
12200 	 12480 	 7.1741765329e+01 	 9.7095187003e-07
12300 	 12584 	 7.1741765329e+01 	 7.0091772156e-07
12400 	 12687 	 7.1741765329e+01 	 9.5346400422e-07
12500 	 12795 	 7.1741765329e+01 	 7.8114675812e-07
12600 	 12906 	 7.1741765329e+01 	 5.6191302999e-07
12700 	 13018 	 7.1741765329e+01 	 3.6373818453e-07
12800 	 13127 	 7.1741765329e+01 	 8.1502633250e-07
12900 	 13241 	 7.1741765329e+01 	 9.6157853803e-07
13000 	 13353 	 7.1741765329e+01 	 1.2057771799e-06
13100 	 13475 	 7.1741765329e+01 	 9.8571594557e-07
13200 	 13600 	 7.1741765329e+01 	 4.2039410683e-07
13300 	 13709 	 7.1741765329e+01 	 2.5594310931e-07
13400 	 13826 	 7.1741765329e+01 	 1.7615120885e-07
# ---- 
 1 		 13415 	 13853 		 7.8613508862e+01 	 7.1741765329e+01 	 5.1512245238e-07
# ---- 
100 	 110 	 7.1687603793e+01 	 7.1549585168e-02
200 	 211 	 7.1604771240e+01 	 2.3192508540e-02
300 	 312 	 7.1585400889e+01 	 1.1809198020e-02
400 	 414 	 7.1577907742e+01 	 1.8902372854e-02
500 	 516 	 7.1574505394e+01 	 1.4329257324e-02
600 	 618 	 7.1573077342e+01 	 4.9897343601e-03
700 	 721 	 7.1572323273e+01 	 3.1207697618e-03
800 	 824 	 7.1571903048e+01 	 2.4795439548e-03
900 	 925 	 7.1571629093e+01 	 2.4720263245e-03
1000 	 1028 	 7.1571442559e+01 	 9.8363035034e-04
1100 	 1129 	 7.1571312579e+01 	 2.8658780634e-03
1200 	 1231 	 7.1571207243e+01 	 9.6087843537e-04
1300 	 1333 	 7.1571124802e+01 	 1.0277225986e-03
1400 	 1436 	 7.1571054674e+01 	 1.5067632321e-03
1500 	 1540 	 7.1570991351e+01 	 1.6202368029e-03
1600 	 1643 	 7.1570947609e+01 	 8.3050729015e-04
1700 	 1748 	 7.1570905486e+01 	 5.3751830240e-04
1800 	 1850 	 7.1570873023e+01 	 6.8953832597e-04
1900 	 1953 	 7.1570841709e+01 	 5.3373500808e-04
2000 	 2054 	 7.1570806940e+01 	 8.0084770534e-04
2100 	 2159 	 7.1570766425e+01 	 1.2066864909e-03
2200 	 2262 	 7.1570736075e+01 	 5.0966168201e-04
2300 	 2363 	 7.1570710257e+01 	 5.8779986218e-04
2400 	 2465 	 7.1570683277e+01 	 5.0698039133e-04
2500 	 2569 	 7.1570661751e+01 	 7.4482879889e-04
2600 	 2670 	 7.1570646471e+01 	 5.2536364638e-04
2700 	 2772 	 7.1570635218e+01 	 3.8430055694e-04
2800 	 2876 	 7.1570624778e+01 	 1.0546525330e-03
2900 	 2980 	 7.1570613411e+01 	 4.6112878453e-04
3000 	 3082 	 7.1570598301e+01 	 3.5963457763e-04
3100 	 3186 	 7.1570584491e+01 	 3.5774240105e-04
3200 	 3287 	 7.1570572566e+01 	 3.7061153140e-04
3300 	 3393 	 7.1570562011e+01 	 3.1891136534e-04
3400 	 3494 	 7.1570551851e+01 	 2.5864853499e-04
3500 	 3597 	 7.1570541629e+01 	 2.6690936354e-04
3600 	 3699 	 7.1570530777e+01 	 2.7724237679e-04
3700 	 3801 	 7.1570521535e+01 	 2.7818170061e-04
3800 	 3904 	 7.1570514950e+01 	 2.7640335678e-04
3900 	 4008 	 7.1570509363e+01 	 2.4655983139e-04
4000 	 4111 	 7.1570503062e+01 	 5.1211271342e-04
4100 	 4214 	 7.1570495721e+01 	 3.8174610813e-04
4200 	 4317 	 7.1570489395e+01 	 2.6098346787e-04
4300 	 4419 	 7.1570483666e+01 	 3.6258105953e-04
4400 	 4521 	 7.1570479463e+01 	 4.9991559572e-04
4500 	 4622 	 7.1570474682e+01 	 3.2222839682e-04
4600 	 4725 	 7.1570470954e+01 	 1.7464964482e-04
4700 	 4825 	 7.1570468373e+01 	 1.7588047719e-04
4800 	 4927 	 7.1570466060e+01 	 2.0607500416e-04
4900 	 5029 	 7.1570464034e+01 	 1.2915199491e-04
5000 	 5132 	 7.1570462373e+01 	 1.8462580975e-04
5100 	 5234 	 7.1570461026e+01 	 1.3753515184e-04
5200 	 5336 	 7.1570459715e+01 	 1.3722470731e-04
5300 	 5438 	 7.1570458582e+01 	 1.3706897311e-04
5400 	 5541 	 7.1570457562e+01 	 1.0509951676e-04
5500 	 5641 	 7.1570456438e+01 	 1.1984413009e-04
5600 	 5741 	 7.1570455300e+01 	 1.0881256315e-04
5700 	 5842 	 7.1570454031e+01 	 1.0604056729e-04
5800 	 5943 	 7.1570452451e+01 	 1.5492298331e-04
5900 	 6045 	 7.1570450970e+01 	 1.6670439290e-04
6000 	 6146 	 7.1570449885e+01 	 1.3442247055e-04
6100 	 6250 	 7.1570448923e+01 	 7.3048976702e-05
6200 	 6351 	 7.1570448127e+01 	 1.2295599352e-04
6300 	 6452 	 7.1570447531e+01 	 8.8345314228e-05
6400 	 6556 	 7.1570447096e+01 	 2.0225733326e-04
6500 	 6659 	 7.1570446752e+01 	 4.9250980214e-05
6600 	 6760 	 7.1570446471e+01 	 8.6554405693e-05
6700 	 6861 	 7.1570446165e+01 	 6.0662426162e-05
6800 	 6963 	 7.1570445961e+01 	 5.4313032259e-05
6900 	 7066 	 7.1570445800e+01 	 4.1937713598e-05
7000 	 7166 	 7.1570445632e+01 	 6.1412822815e-05
7100 	 7267 	 7.1570445478e+01 	 3.2999952427e-05
7200 	 7371 	 7.1570445263e+01 	 5.3064262059e-05
7300 	 7475 	 7.1570444999e+01 	 7.0334897434e-05
7400 	 7577 	 7.1570444722e+01 	 5.6249316822e-05
7500 	 7679 	 7.1570444477e+01 	 1.2905743796e-04
7600 	 7783 	 7.1570444335e+01 	 8.3533073566e-05
7700 	 7885 	 7.1570444228e+01 	 5.0690557491e-05
7800 	 7988 	 7.1570444113e+01 	 6.9918604590e-05
7900 	 8091 	 7.1570443972e+01 	 3.0823563037e-05
8000 	 8194 	 7.1570443840e+01 	 6.3043077081e-05
8100 	 8298 	 7.1570443682e+01 	 4.6048340985e-05
8200 	 8400 	 7.1570443555e+01 	 3.9950159519e-05
8300 	 8502 	 7.1570443461e+01 	 3.2342696081e-05
8400 	 8605 	 7.1570443401e+01 	 4.3658080902e-05
8500 	 8708 	 7.1570443357e+01 	 4.0738167768e-05
8600 	 8813 	 7.1570443320e+01 	 2.0410163769e-05
8700 	 8915 	 7.1570443291e+01 	 1.7094981961e-05
8800 	 9016 	 7.1570443253e+01 	 2.1999881734e-05
8900 	 9120 	 7.1570443217e+01 	 1.4148344864e-05
9000 	 9223 	 7.1570443191e+01 	 1.9050697697e-05
9100 	 9326 	 7.1570443165e+01 	 2.9494405184e-05
9200 	 9428 	 7.1570443141e+01 	 1.6190981200e-05
9300 	 9530 	 7.1570443122e+01 	 1.3274769376e-05
9400 	 9632 	 7.1570443107e+01 	 1.0499012925e-05
9500 	 9734 	 7.1570443095e+01 	 3.1258576468e-05
9600 	 9837 	 7.1570443081e+01 	 1.9041813781e-05
9700 	 9940 	 7.1570443070e+01 	 1.3096991257e-05
9800 	 10043 	 7.1570443059e+01 	 1.8812929097e-05
9900 	 10146 	 7.1570443050e+01 	 9.6676299411e-06
10000 	 10248 	 7.1570443042e+01 	 9.6460279038e-06
10100 	 10349 	 7.1570443034e+01 	 1.1238283500e-05
10200 	 10451 	 7.1570443027e+01 	 1.0178061053e-05
10300 	 10552 	 7.1570443020e+01 	 7.2034143929e-06
10400 	 10655 	 7.1570443015e+01 	 7.9513934275e-06
10500 	 10759 	 7.1570443011e+01 	 5.9248912744e-06
10600 	 10861 	 7.1570443008e+01 	 6.8737552453e-06
10700 	 10965 	 7.1570443006e+01 	 3.8832043707e-06
10800 	 11066 	 7.1570443004e+01 	 4.7670515112e-06
10900 	 11167 	 7.1570443002e+01 	 4.5217987555e-06
11000 	 11267 	 7.1570443000e+01 	 1.4047589105e-05
11100 	 11369 	 7.1570442999e+01 	 4.5049499560e-06
11200 	 11472 	 7.1570442997e+01 	 3.7442253871e-06
11300 	 11574 	 7.1570442996e+01 	 4.1290843896e-06
11400 	 11678 	 7.1570442995e+01 	 4.5348153984e-06
11500 	 11781 	 7.1570442994e+01 	 5.9486502936e-06
11600 	 11884 	 7.1570442992e+01 	 3.5842372577e-06
11700 	 11985 	 7.1570442992e+01 	 6.9231377880e-06
11800 	 12091 	 7.1570442991e+01 	 3.3367518417e-06
11900 	 12191 	 7.1570442990e+01 	 2.6449424210e-06
12000 	 12295 	 7.1570442990e+01 	 3.7893454782e-06
12100 	 12398 	 7.1570442989e+01 	 4.1738290542e-06
12200 	 12501 	 7.1570442989e+01 	 1.6268958977e-06
12300 	 12604 	 7.1570442989e+01 	 2.2429908061e-06
12400 	 12708 	 7.1570442988e+01 	 2.3313259037e-06
12500 	 12809 	 7.1570442988e+01 	 1.4600652053e-06
12600 	 12910 	 7.1570442988e+01 	 1.7368275988e-06
12700 	 13015 	 7.1570442988e+01 	 2.6547053704e-06
12800 	 13117 	 7.1570442987e+01 	 1.8682391996e-06
12900 	 13221 	 7.1570442987e+01 	 1.4844194008e-06
13000 	 13323 	 7.1570442987e+01 	 3.1844866450e-06
13100 	 13429 	 7.1570442987e+01 	 1.2614542196e-06
13200 	 13532 	 7.1570442987e+01 	 2.8565938682e-06
13300 	 13637 	 7.1570442986e+01 	 1.6087236215e-06
13400 	 13738 	 7.1570442986e+01 	 1.0690380371e-06
13500 	 13839 	 7.1570442986e+01 	 2.6111840455e-06
13600 	 13943 	 7.1570442986e+01 	 6.6804225857e-07
13700 	 14045 	 7.1570442986e+01 	 1.0743273116e-06
13800 	 14148 	 7.1570442986e+01 	 7.1402289858e-07
13900 	 14256 	 7.1570442986e+01 	 1.0447888430e-06
14000 	 14363 	 7.1570442986e+01 	 6.8651904935e-07
14100 	 14479 	 7.1570442986e+01 	 1.2345876711e-06
14200 	 14593 	 7.1570442986e+01 	 6.0861659767e-07
14300 	 14707 	 7.1570442986e+01 	 7.6278844153e-07
14400 	 14826 	 7.1570442986e+01 	 4.8257768307e-07
14500 	 14934 	 7.1570442986e+01 	 5.9284564113e-07
14600 	 15048 	 7.1570442986e+01 	 5.4365829806e-07
14700 	 15175 	 7.1570442986e+01 	 1.5045597844e-07
# ---- 
 1 		 14769 	 15283 		 7.8417164442e+01 	 7.1570442986e+01 	 3.8844177656e-07
# ---- 
100 	 109 	 7.1529894054e+01 	 4.2702602796e-02
200 	 210 	 7.1458555250e+01 	 2.1546006525e-02
300 	 311 	 7.1441923646e+01 	 9.0578964393e-03
400 	 414 	 7.1434971256e+01 	 8.1963917341e-03
500 	 515 	 7.1431745967e+01 	 4.9827592917e-03
600 	 620 	 7.1430307505e+01 	 4.3873113838e-03
700 	 724 	 7.1429536085e+01 	 2.8349569688e-03
800 	 827 	 7.1429091174e+01 	 2.2509527657e-03
900 	 930 	 7.1428825874e+01 	 2.6751295800e-03
1000 	 1032 	 7.1428653634e+01 	 1.1169187687e-03
1100 	 1134 	 7.1428527487e+01 	 1.8204909130e-03
1200 	 1237 	 7.1428431856e+01 	 1.0865379301e-03
1300 	 1340 	 7.1428355617e+01 	 1.1355128143e-03
1400 	 1441 	 7.1428277473e+01 	 8.7778247969e-04
1500 	 1542 	 7.1428208103e+01 	 1.0183589510e-03
1600 	 1644 	 7.1428150621e+01 	 7.7687342889e-04
1700 	 1748 	 7.1428105252e+01 	 6.9859216560e-04
1800 	 1851 	 7.1428065604e+01 	 5.2440331851e-04
1900 	 1952 	 7.1428036955e+01 	 6.2996063677e-04
2000 	 2054 	 7.1428004710e+01 	 5.9127404204e-04
2100 	 2158 	 7.1427963433e+01 	 6.9050683497e-04
2200 	 2261 	 7.1427926980e+01 	 6.4381576770e-04
2300 	 2362 	 7.1427892655e+01 	 8.0148235968e-04
2400 	 2463 	 7.1427858017e+01 	 6.0528402690e-04
2500 	 2565 	 7.1427829821e+01 	 5.7698658419e-04
2600 	 2665 	 7.1427807855e+01 	 7.8740777000e-04
2700 	 2767 	 7.1427790770e+01 	 4.2952368456e-04
2800 	 2869 	 7.1427775262e+01 	 4.2271547126e-04
2900 	 2971 	 7.1427760896e+01 	 3.5830632822e-04
3000 	 3073 	 7.1427743950e+01 	 5.7399599677e-04
3100 	 3176 	 7.1427725358e+01 	 5.4057820564e-04
3200 	 3280 	 7.1427709669e+01 	 4.4459706398e-04
3300 	 3383 	 7.1427694938e+01 	 5.4113641618e-04
3400 	 3485 	 7.1427681359e+01 	 3.7572829220e-04
3500 	 3587 	 7.1427669502e+01 	 1.0271648094e-03
3600 	 3690 	 7.1427657893e+01 	 2.7621183606e-04
3700 	 3793 	 7.1427645345e+01 	 3.0508689132e-04
3800 	 3894 	 7.1427631872e+01 	 4.3644564512e-04
3900 	 3998 	 7.1427617983e+01 	 2.7789225678e-04
4000 	 4100 	 7.1427607804e+01 	 3.9139228168e-04
4100 	 4201 	 7.1427598032e+01 	 7.0001314686e-04
4200 	 4302 	 7.1427587385e+01 	 3.4515251528e-04
4300 	 4403 	 7.1427579436e+01 	 7.6637912110e-04
4400 	 4508 	 7.1427574701e+01 	 2.5758316419e-04
4500 	 4609 	 7.1427570559e+01 	 2.4192219668e-04
4600 	 4710 	 7.1427566568e+01 	 2.0900222018e-04
4700 	 4811 	 7.1427563068e+01 	 2.7048986909e-04
4800 	 4916 	 7.1427559042e+01 	 2.1495308522e-04
4900 	 5018 	 7.1427555054e+01 	 1.9061745850e-04
5000 	 5124 	 7.1427551570e+01 	 1.8898020201e-04
5100 	 5227 	 7.1427547588e+01 	 3.2976399381e-04
5200 	 5330 	 7.1427543071e+01 	 1.7349808049e-04
5300 	 5432 	 7.1427539884e+01 	 1.7197478245e-04
5400 	 5535 	 7.1427537883e+01 	 1.0725624999e-04
5500 	 5638 	 7.1427535899e+01 	 2.2105189941e-04
5600 	 5743 	 7.1427533121e+01 	 1.9146023335e-04
5700 	 5846 	 7.1427530007e+01 	 1.9678738614e-04
5800 	 5951 	 7.1427526706e+01 	 1.9901063369e-04
5900 	 6053 	 7.1427523665e+01 	 1.6498331472e-04
6000 	 6159 	 7.1427521452e+01 	 1.3774173680e-04
6100 	 6262 	 7.1427519524e+01 	 1.7667440198e-04
6200 	 6362 	 7.1427517741e+01 	 1.1427819262e-04
6300 	 6465 	 7.1427516336e+01 	 1.1000937970e-04
6400 	 6567 	 7.1427514884e+01 	 1.3671388324e-04
6500 	 6667 	 7.1427513937e+01 	 1.1636164192e-04
6600 	 6768 	 7.1427513006e+01 	 1.1360472638e-04
6700 	 6874 	 7.1427512321e+01 	 7.2028173009e-05
6800 	 6978 	 7.1427511731e+01 	 1.4156763952e-04
6900 	 7080 	 7.1427511242e+01 	 1.0679381038e-04
7000 	 7184 	 7.1427510771e+01 	 7.1421713708e-05
7100 	 7286 	 7.1427510424e+01 	 6.3525847077e-05
7200 	 7388 	 7.1427510179e+01 	 5.4534179015e-05
7300 	 7491 	 7.1427509850e+01 	 1.6428236917e-04
7400 	 7596 	 7.1427509382e+01 	 7.3124377990e-05
7500 	 7700 	 7.1427508806e+01 	 7.3493986178e-05
7600 	 7803 	 7.1427508282e+01 	 8.8947634996e-05
7700 	 7903 	 7.1427507723e+01 	 2.2720803782e-04
7800 	 8006 	 7.1427507205e+01 	 7.1465742373e-05
7900 	 8106 	 7.1427506865e+01 	 1.4686155866e-04
8000 	 8210 	 7.1427506573e+01 	 5.3252222744e-05
8100 	 8313 	 7.1427506275e+01 	 9.3652088086e-05
8200 	 8416 	 7.1427506052e+01 	 4.9443982390e-05
8300 	 8520 	 7.1427505902e+01 	 4.9154781626e-05
8400 	 8622 	 7.1427505765e+01 	 5.1551914590e-05
8500 	 8725 	 7.1427505607e+01 	 3.0379776884e-05
8600 	 8826 	 7.1427505510e+01 	 4.1983490672e-05
8700 	 8929 	 7.1427505451e+01 	 2.7860311529e-05
8800 	 9031 	 7.1427505395e+01 	 2.0325148421e-05
8900 	 9135 	 7.1427505337e+01 	 2.3052692047e-05
9000 	 9237 	 7.1427505269e+01 	 2.6653243860e-05
9100 	 9340 	 7.1427505190e+01 	 2.8380863729e-05
9200 	 9440 	 7.1427505109e+01 	 5.3469899197e-05
9300 	 9542 	 7.1427505030e+01 	 3.1264819480e-05
9400 	 9648 	 7.1427504971e+01 	 6.5649878233e-05
9500 	 9751 	 7.1427504921e+01 	 2.2159967513e-05
9600 	 9853 	 7.1427504874e+01 	 1.5266686884e-05
9700 	 9958 	 7.1427504832e+01 	 3.1127346670e-05
9800 	 10061 	 7.1427504803e+01 	 3.5060221032e-05
9900 	 10162 	 7.1427504776e+01 	 1.4260066346e-05
10000 	 10265 	 7.1427504754e+01 	 1.9761080605e-05
10100 	 10368 	 7.1427504737e+01 	 1.2961531366e-05
10200 	 10468 	 7.1427504725e+01 	 9.0213701293e-06
10300 	 10572 	 7.1427504716e+01 	 1.8854868974e-05
10400 	 10674 	 7.1427504707e+01 	 1.2517328821e-05
10500 	 10776 	 7.1427504699e+01 	 9.6223936161e-06
10600 	 10878 	 7.1427504693e+01 	 7.8149121356e-06
10700 	 10982 	 7.1427504687e+01 	 6.2789269732e-06
10800 	 11085 	 7.1427504681e+01 	 9.0072124207e-06
10900 	 11185 	 7.1427504676e+01 	 6.2959603847e-06
11000 	 11288 	 7.1427504671e+01 	 1.1783255943e-05
11100 	 11389 	 7.1427504667e+01 	 1.3306973647e-05
11200 	 11493 	 7.1427504662e+01 	 7.0596006719e-06
11300 	 11595 	 7.1427504658e+01 	 8.2925962287e-06
11400 	 11697 	 7.1427504653e+01 	 6.0054029114e-06
11500 	 11798 	 7.1427504650e+01 	 4.6575631660e-06
11600 	 11900 	 7.1427504646e+01 	 5.4001587528e-06
11700 	 12002 	 7.1427504643e+01 	 1.1815336952e-05
11800 	 12107 	 7.1427504641e+01 	 5.3208842117e-06
11900 	 12210 	 7.1427504639e+01 	 8.1085131454e-06
12000 	 12311 	 7.1427504636e+01 	 6.9232215441e-06
12100 	 12412 	 7.1427504634e+01 	 4.9620642642e-06
12200 	 12514 	 7.1427504631e+01 	 4.4317582025e-06
12300 	 12616 	 7.1427504629e+01 	 6.0828782924e-06
12400 	 12718 	 7.1427504627e+01 	 6.4195095787e-06
12500 	 12821 	 7.1427504625e+01 	 4.3076131040e-06
12600 	 12926 	 7.1427504624e+01 	 2.2910557378e-06
12700 	 13027 	 7.1427504623e+01 	 3.9113850822e-06
12800 	 13130 	 7.1427504623e+01 	 3.5781681714e-06
12900 	 13233 	 7.1427504622e+01 	 2.5163908143e-06
13000 	 13336 	 7.1427504621e+01 	 2.2009241343e-06
13100 	 13439 	 7.1427504621e+01 	 1.5601410874e-06
13200 	 13541 	 7.1427504621e+01 	 2.0145463729e-06
13300 	 13643 	 7.1427504620e+01 	 2.8938699415e-06
13400 	 13746 	 7.1427504620e+01 	 1.7192008396e-06
13500 	 13848 	 7.1427504620e+01 	 1.3679627563e-06
13600 	 13952 	 7.1427504620e+01 	 1.4030949511e-06
13700 	 14054 	 7.1427504620e+01 	 1.8493484980e-06
13800 	 14157 	 7.1427504619e+01 	 8.9240823177e-07
13900 	 14259 	 7.1427504619e+01 	 1.1030000459e-06
14000 	 14364 	 7.1427504619e+01 	 1.0241670111e-06
14100 	 14471 	 7.1427504619e+01 	 8.7898356940e-07
14200 	 14580 	 7.1427504619e+01 	 1.2429271621e-06
14300 	 14690 	 7.1427504619e+01 	 5.8901357937e-07
14400 	 14802 	 7.1427504619e+01 	 1.0234060263e-06
14500 	 14908 	 7.1427504619e+01 	 4.5322083425e-07
14600 	 15016 	 7.1427504619e+01 	 7.2592049888e-07
14700 	 15125 	 7.1427504619e+01 	 4.7392831758e-07
14800 	 15234 	 7.1427504619e+01 	 5.8689788823e-07
14900 	 15348 	 7.1427504619e+01 	 1.3296737156e-06
15000 	 15460 	 7.1427504619e+01 	 1.5958818064e-06
15100 	 15563 	 7.1427504619e+01 	 9.0612727270e-07
15200 	 15667 	 7.1427504619e+01 	 7.9315256350e-07
15300 	 15774 	 7.1427504619e+01 	 7.0726713700e-07
15400 	 15880 	 7.1427504619e+01 	 1.2718795455e-06
15500 	 15991 	 7.1427504619e+01 	 3.0278079814e-07
# ---- 
 1 		 15548 	 16080 		 7.8215813708e+01 	 7.1427504619e+01 	 2.8472837399e-07
# ---- 
100 	 102 	 7.1397063889e+01 	 8.5577739772e-02
200 	 203 	 7.1336685310e+01 	 2.7617853034e-02
300 	 306 	 7.1321405505e+01 	 1.0280147841e-02
400 	 409 	 7.1315034650e+01 	 1.5326602805e-02
500 	 512 	 7.1311978424e+01 	 6.4974217069e-03
600 	 613 	 7.1310500896e+01 	 3.1120516285e-03
700 	 714 	 7.1309655795e+01 	 2.5633194710e-03
800 	 817 	 7.1309179063e+01 	 2.0517457930e-03
900 	 919 	 7.1308887741e+01 	 3.4123471715e-03
1000 	 1021 	 7.1308711584e+01 	 2.0280373514e-03
1100 	 1122 	 7.1308579786e+01 	 1.3014384464e-03
1200 	 1223 	 7.1308475411e+01 	 1.4098158475e-03
1300 	 1325 	 7.1308397313e+01 	 1.3870374435e-03
1400 	 1427 	 7.1308311992e+01 	 1.1374180819e-03
1500 	 1528 	 7.1308229741e+01 	 1.1715930108e-03
1600 	 1629 	 7.1308169347e+01 	 7.9832576332e-04
1700 	 1732 	 7.1308118304e+01 	 9.0843648357e-04
1800 	 1832 	 7.1308077893e+01 	 1.6492709908e-03
1900 	 1935 	 7.1308045384e+01 	 6.7274798118e-04
2000 	 2037 	 7.1308013065e+01 	 6.2235100631e-04
2100 	 2140 	 7.1307976613e+01 	 8.4018636516e-04
2200 	 2243 	 7.1307937376e+01 	 5.7170246835e-04
2300 	 2346 	 7.1307895091e+01 	 8.0460311922e-04
2400 	 2448 	 7.1307852489e+01 	 7.1004787540e-04
2500 	 2549 	 7.1307815164e+01 	 7.0296156605e-04
2600 	 2652 	 7.1307783218e+01 	 1.3277731653e-03
2700 	 2753 	 7.1307754619e+01 	 5.8021279402e-04
2800 	 2855 	 7.1307731175e+01 	 5.4833525987e-04
2900 	 2958 	 7.1307710607e+01 	 1.0222655100e-03
3000 	 3063 	 7.1307689642e+01 	 5.1372361888e-04
3100 	 3164 	 7.1307669588e+01 	 4.6308181823e-04
3200 	 3269 	 7.1307652248e+01 	 3.8534407802e-04
3300 	 3371 	 7.1307632686e+01 	 5.3799667263e-04
3400 	 3475 	 7.1307613839e+01 	 8.5023384769e-04
3500 	 3577 	 7.1307594950e+01 	 3.7183539985e-04
3600 	 3683 	 7.1307579782e+01 	 3.3499145728e-04
3700 	 3785 	 7.1307567615e+01 	 7.1651857392e-04
3800 	 3886 	 7.1307554802e+01 	 4.0054530619e-04
3900 	 3988 	 7.1307542245e+01 	 4.2383412939e-04
4000 	 4089 	 7.1307531663e+01 	 4.2355917092e-04
4100 	 4190 	 7.1307521122e+01 	 6.4487613217e-04
4200 	 4296 	 7.1307509322e+01 	 5.2629579655e-04
4300 	 4398 	 7.1307497786e+01 	 2.9737449808e-04
4400 	 4500 	 7.1307490966e+01 	 2.8001340980e-04
4500 	 4603 	 7.1307486197e+01 	 1.9049997030e-04
4600 	 4705 	 7.1307481370e+01 	 2.5788980409e-04
4700 	 4807 	 7.1307476559e+01 	 1.9345624736e-04
4800 	 4911 	 7.1307472216e+01 	 3.0036139608e-04
4900 	 5014 	 7.1307466828e+01 	 2.7448155764e-04
5000 	 5118 	 7.1307462158e+01 	 1.9518859336e-04
5100 	 5221 	 7.1307457044e+01 	 2.5727650977e-04
5200 	 5323 	 7.1307450910e+01 	 2.2303620010e-04
5300 	 5426 	 7.1307445575e+01 	 2.6767104243e-04
5400 	 5529 	 7.1307441556e+01 	 2.3017977024e-04
5500 	 5634 	 7.1307437714e+01 	 1.9991834801e-04
5600 	 5739 	 7.1307433961e+01 	 2.4177008106e-04
5700 	 5840 	 7.1307429190e+01 	 3.9921975730e-04
5800 	 5941 	 7.1307422697e+01 	 7.2305126741e-04
5900 	 6044 	 7.1307416946e+01 	 5.4205767350e-04
6000 	 6147 	 7.1307411291e+01 	 1.7943463792e-04
6100 	 6251 	 7.1307406899e+01 	 2.3162615735e-04
6200 	 6351 	 7.1307403473e+01 	 2.1166597767e-04
6300 	 6455 	 7.1307400525e+01 	 1.6571532018e-04
6400 	 6559 	 7.1307398345e+01 	 1.0778921059e-04
6500 	 6661 	 7.1307396464e+01 	 1.4552286985e-04
6600 	 6765 	 7.1307394623e+01 	 1.2622300245e-04
6700 	 6866 	 7.1307393430e+01 	 1.0874807230e-04
6800 	 6971 	 7.1307392319e+01 	 1.1107884877e-04
6900 	 7073 	 7.1307391343e+01 	 8.7045075101e-05
7000 	 7177 	 7.1307390427e+01 	 9.3515700632e-05
7100 	 7279 	 7.1307389624e+01 	 1.1561901039e-04
7200 	 7381 	 7.1307388918e+01 	 9.3689661576e-05
7300 	 7484 	 7.1307388284e+01 	 7.9145123133e-05
7400 	 7588 	 7.1307387767e+01 	 7.2326142633e-05
7500 	 7690 	 7.1307387241e+01 	 5.9403239437e-05
7600 	 7792 	 7.1307386806e+01 	 1.4413186591e-04
7700 	 7895 	 7.1307386347e+01 	 1.3825359737e-04
7800 	 7996 	 7.1307385876e+01 	 6.6597269564e-05
7900 	 8099 	 7.1307385483e+01 	 1.3836383192e-04
8000 	 8201 	 7.1307385145e+01 	 5.2252272528e-05
8100 	 8305 	 7.1307384862e+01 	 5.1255402043e-05
8200 	 8410 	 7.1307384605e+01 	 1.1492186433e-04
8300 	 8512 	 7.1307384363e+01 	 5.5264451626e-05
8400 	 8616 	 7.1307384124e+01 	 5.3286785703e-05
8500 	 8719 	 7.1307383866e+01 	 4.0168711150e-05
8600 	 8822 	 7.1307383636e+01 	 3.4111658613e-05
8700 	 8925 	 7.1307383422e+01 	 5.6576410393e-05
8800 	 9028 	 7.1307383237e+01 	 7.4900634985e-05
8900 	 9131 	 7.1307383091e+01 	 4.1284308712e-05
9000 	 9232 	 7.1307382965e+01 	 3.4104437557e-05
9100 	 9332 	 7.1307382864e+01 	 4.9357263187e-05
9200 	 9434 	 7.1307382787e+01 	 6.2236299705e-05
9300 	 9536 	 7.1307382706e+01 	 9.2517400795e-05
9400 	 9638 	 7.1307382598e+01 	 4.5769066040e-05
9500 	 9740 	 7.1307382498e+01 	 7.0810703209e-05
9600 	 9844 	 7.1307382419e+01 	 2.9267757989e-05
9700 	 9944 	 7.1307382349e+01 	 2.0019429059e-05
9800 	 10046 	 7.1307382291e+01 	 5.4807770714e-05
9900 	 10146 	 7.1307382242e+01 	 2.2620096692e-05
10000 	 10247 	 7.1307382211e+01 	 1.9671120251e-05
10100 	 10349 	 7.1307382177e+01 	 2.9247903984e-05
10200 	 10452 	 7.1307382149e+01 	 1.6899060253e-05
10300 	 10555 	 7.1307382128e+01 	 1.3474408632e-05
10400 	 10658 	 7.1307382108e+01 	 2.2664940845e-05
10500 	 10761 	 7.1307382090e+01 	 1.1068809445e-05
10600 	 10865 	 7.1307382078e+01 	 1.0132830149e-05
10700 	 10968 	 7.1307382066e+01 	 1.6848139643e-05
10800 	 11070 	 7.1307382051e+01 	 1.4082525427e-05
10900 	 11171 	 7.1307382037e+01 	 1.5526027023e-05
11000 	 11275 	 7.1307382025e+01 	 9.5263840957e-06
11100 	 11379 	 7.1307382015e+01 	 1.1016294769e-05
11200 	 11480 	 7.1307382004e+01 	 1.0723253393e-05
11300 	 11583 	 7.1307381987e+01 	 1.6204393094e-05
11400 	 11685 	 7.1307381970e+01 	 1.5048945720e-05
11500 	 11789 	 7.1307381951e+01 	 2.1493222640e-05
11600 	 11890 	 7.1307381932e+01 	 9.8997857779e-06
11700 	 11992 	 7.1307381918e+01 	 1.5500669438e-05
11800 	 12093 	 7.1307381910e+01 	 1.0640767939e-05
11900 	 12194 	 7.1307381902e+01 	 7.8467945909e-06
12000 	 12296 	 7.1307381896e+01 	 1.2331123086e-05
12100 	 12398 	 7.1307381891e+01 	 5.5568421398e-06
12200 	 12498 	 7.1307381887e+01 	 7.7795287423e-06
12300 	 12602 	 7.1307381884e+01 	 4.7788896536e-06
12400 	 12705 	 7.1307381880e+01 	 1.4056079706e-05
12500 	 12808 	 7.1307381877e+01 	 5.1206968943e-06
12600 	 12912 	 7.1307381875e+01 	 4.4601934964e-06
12700 	 13013 	 7.1307381872e+01 	 5.4814704443e-06
12800 	 13115 	 7.1307381869e+01 	 1.7973857099e-05
12900 	 13219 	 7.1307381866e+01 	 8.7893104099e-06
13000 	 13320 	 7.1307381863e+01 	 5.5033134972e-06
13100 	 13423 	 7.1307381860e+01 	 4.8090668708e-06
13200 	 13525 	 7.1307381858e+01 	 7.7233792364e-06
13300 	 13627 	 7.1307381856e+01 	 8.7256515777e-06
13400 	 13729 	 7.1307381854e+01 	 5.9234836229e-06
13500 	 13832 	 7.1307381851e+01 	 5.0440369002e-06
13600 	 13934 	 7.1307381849e+01 	 4.1781278176e-06
13700 	 14038 	 7.1307381847e+01 	 8.6245529327e-06
13800 	 14139 	 7.1307381846e+01 	 4.3174598171e-06
13900 	 14241 	 7.1307381844e+01 	 4.4287489671e-06
14000 	 14343 	 7.1307381843e+01 	 4.0985872988e-06
14100 	 14446 	 7.1307381843e+01 	 2.0776348824e-06
14200 	 14549 	 7.1307381842e+01 	 2.0276130751e-06
14300 	 14649 	 7.1307381842e+01 	 1.8781938106e-06
14400 	 14753 	 7.1307381841e+01 	 4.0600424771e-06
14500 	 14854 	 7.1307381841e+01 	 1.9526735516e-06
14600 	 14955 	 7.1307381841e+01 	 1.8012492982e-06
14700 	 15056 	 7.1307381840e+01 	 4.0852627155e-06
14800 	 15160 	 7.1307381840e+01 	 1.6214096036e-06
14900 	 15263 	 7.1307381840e+01 	 2.0070490275e-06
15000 	 15364 	 7.1307381840e+01 	 1.5308795640e-06
15100 	 15468 	 7.1307381839e+01 	 2.1803807722e-06
15200 	 15569 	 7.1307381839e+01 	 3.0925509476e-06
15300 	 15672 	 7.1307381838e+01 	 1.8422238059e-06
15400 	 15776 	 7.1307381838e+01 	 2.3405402498e-06
15500 	 15878 	 7.1307381838e+01 	 1.2373527692e-06
15600 	 15980 	 7.1307381837e+01 	 1.6173345201e-06
15700 	 16085 	 7.1307381837e+01 	 9.0347259534e-07
15800 	 16186 	 7.1307381837e+01 	 1.2979704767e-06
15900 	 16288 	 7.1307381837e+01 	 9.0418220603e-07
16000 	 16391 	 7.1307381837e+01 	 7.8256758046e-07
16100 	 16493 	 7.1307381837e+01 	 7.6767980344e-07
16200 	 16597 	 7.1307381837e+01 	 6.2120192769e-07
16300 	 16704 	 7.1307381837e+01 	 6.5639606288e-07
16400 	 16809 	 7.1307381837e+01 	 1.0137511753e-06
16500 	 16914 	 7.1307381837e+01 	 7.5671933006e-07
16600 	 17023 	 7.1307381837e+01 	 1.1885147952e-06
16700 	 17133 	 7.1307381837e+01 	 1.2317512092e-06
16800 	 17242 	 7.1307381837e+01 	 3.3384315263e-07
16900 	 17357 	 7.1307381837e+01 	 6.7164159250e-07
17000 	 17473 	 7.1307381837e+01 	 6.0892180610e-07
17100 	 17603 	 7.1307381837e+01 	 3.5301370353e-07
# ---- 
 1 		 17117 	 17635 		 7.8241441584e+01 	 7.1307381837e+01 	 1.5587089323e-07
# ---- 
100 	 113 	 7.1303490422e+01 	 7.0825176404e-02
200 	 215 	 7.1236347639e+01 	 4.3547712887e-02
300 	 319 	 7.1220004098e+01 	 1.3061732707e-02
400 	 423 	 7.1213679615e+01 	 9.1958668473e-03
500 	 525 	 7.1210558391e+01 	 9.8189893304e-03
600 	 628 	 7.1208930923e+01 	 4.4849088670e-03
700 	 729 	 7.1207946954e+01 	 5.9137514130e-03
800 	 829 	 7.1207382071e+01 	 3.6650100455e-03
900 	 931 	 7.1207046925e+01 	 2.5862894645e-03
1000 	 1035 	 7.1206835441e+01 	 1.6924927682e-03
1100 	 1136 	 7.1206685354e+01 	 2.0391103939e-03
1200 	 1238 	 7.1206565438e+01 	 1.9304130027e-03
1300 	 1342 	 7.1206474040e+01 	 9.8994706819e-04
1400 	 1444 	 7.1206384889e+01 	 9.5865643417e-04
1500 	 1547 	 7.1206290532e+01 	 1.2222471821e-03
1600 	 1650 	 7.1206214666e+01 	 9.2289563503e-04
1700 	 1755 	 7.1206158398e+01 	 8.4303952169e-04
1800 	 1857 	 7.1206107622e+01 	 1.1937348564e-03
1900 	 1958 	 7.1206062774e+01 	 7.2712494913e-04
2000 	 2059 	 7.1206024518e+01 	 5.7856962709e-04
2100 	 2163 	 7.1205982813e+01 	 1.3011252308e-03
2200 	 2265 	 7.1205937223e+01 	 1.4846424602e-03
2300 	 2365 	 7.1205885097e+01 	 9.4531007002e-04
2400 	 2468 	 7.1205818451e+01 	 8.8300707966e-04
2500 	 2571 	 7.1205768266e+01 	 8.8113105466e-04
2600 	 2675 	 7.1205726250e+01 	 1.3418693525e-03
2700 	 2778 	 7.1205687557e+01 	 7.1849216761e-04
2800 	 2880 	 7.1205657640e+01 	 6.8289660243e-04
2900 	 2981 	 7.1205634613e+01 	 5.5897030220e-04
3000 	 3084 	 7.1205611393e+01 	 1.2110705778e-03
3100 	 3187 	 7.1205593845e+01 	 9.1135541200e-04
3200 	 3289 	 7.1205576426e+01 	 6.2435552927e-04
3300 	 3389 	 7.1205562380e+01 	 4.0198079707e-04
3400 	 3491 	 7.1205545444e+01 	 6.7887878455e-04
3500 	 3594 	 7.1205528409e+01 	 5.5003449877e-04
3600 	 3697 	 7.1205512238e+01 	 3.8293391713e-04
3700 	 3799 	 7.1205501519e+01 	 3.1322463392e-04
3800 	 3903 	 7.1205492824e+01 	 2.9622470431e-04
3900 	 4005 	 7.1205482270e+01 	 3.1909769650e-04
4000 	 4107 	 7.1205468703e+01 	 4.4277757911e-04
4100 	 4212 	 7.1205454185e+01 	 4.3724617458e-04
4200 	 4313 	 7.1205440676e+01 	 3.5533628905e-04
4300 	 4415 	 7.1205428204e+01 	 4.5340010954e-04
4400 	 4517 	 7.1205416038e+01 	 4.0213945776e-04
4500 	 4620 	 7.1205404005e+01 	 6.3081153349e-04
4600 	 4723 	 7.1205394155e+01 	 2.9491422608e-04
4700 	 4825 	 7.1205386641e+01 	 3.9636377094e-04
4800 	 4926 	 7.1205378767e+01 	 2.2056581564e-04
4900 	 5026 	 7.1205371538e+01 	 4.8389876599e-04
5000 	 5130 	 7.1205364914e+01 	 2.8375026774e-04
5100 	 5232 	 7.1205358501e+01 	 7.8807426201e-04
5200 	 5335 	 7.1205352075e+01 	 3.4234414240e-04
5300 	 5439 	 7.1205345356e+01 	 2.8892174892e-04
5400 	 5540 	 7.1205339012e+01 	 2.0268470374e-04
5500 	 5642 	 7.1205334798e+01 	 2.0107923420e-04
5600 	 5746 	 7.1205331231e+01 	 1.9007444016e-04
5700 	 5850 	 7.1205328399e+01 	 1.6507297436e-04
5800 	 5953 	 7.1205326604e+01 	 2.9735796575e-04
5900 	 6055 	 7.1205324234e+01 	 1.6740017793e-04
6000 	 6156 	 7.1205321567e+01 	 1.7365642508e-04
6100 	 6259 	 7.1205318619e+01 	 2.7044370880e-04
6200 	 6362 	 7.1205315741e+01 	 2.7433838234e-04
6300 	 6463 	 7.1205313139e+01 	 3.1326517697e-04
6400 	 6566 	 7.1205310669e+01 	 1.6542444561e-04
6500 	 6668 	 7.1205308643e+01 	 1.5871674019e-04
6600 	 6771 	 7.1205306449e+01 	 2.8913036218e-04
6700 	 6874 	 7.1205303851e+01 	 2.4184549174e-04
6800 	 6976 	 7.1205301643e+01 	 1.6381849670e-04
6900 	 7078 	 7.1205299395e+01 	 1.5521837372e-04
7000 	 7180 	 7.1205297192e+01 	 1.4216298286e-04
7100 	 7282 	 7.1205295690e+01 	 1.5304549819e-04
7200 	 7385 	 7.1205294462e+01 	 2.7683956071e-04
7300 	 7489 	 7.1205293126e+01 	 9.5399643674e-05
7400 	 7591 	 7.1205291857e+01 	 8.5788547852e-05
7500 	 7695 	 7.1205290907e+01 	 1.5581483910e-04
7600 	 7796 	 7.1205289932e+01 	 1.1204882919e-04
7700 	 7899 	 7.1205288900e+01 	 2.6840286005e-04
7800 	 8002 	 7.1205288065e+01 	 2.1751497247e-04
7900 	 8104 	 7.1205287227e+01 	 7.8101026997e-05
8000 	 8208 	 7.1205286344e+01 	 9.6492949116e-05
8100 	 8309 	 7.1205285719e+01 	 9.8586725961e-05
8200 	 8411 	 7.1205285220e+01 	 1.1563229379e-04
8300 	 8512 	 7.1205284826e+01 	 5.2257494952e-05
8400 	 8615 	 7.1205284463e+01 	 1.6245405028e-04
8500 	 8717 	 7.1205284136e+01 	 1.3051182729e-04
8600 	 8821 	 7.1205283853e+01 	 1.2041528640e-04
8700 	 8922 	 7.1205283563e+01 	 5.9922795416e-05
8800 	 9023 	 7.1205283243e+01 	 4.8222946537e-05
8900 	 9124 	 7.1205282878e+01 	 5.8797830982e-05
9000 	 9226 	 7.1205282571e+01 	 5.8960281362e-05
9100 	 9326 	 7.1205282312e+01 	 6.9444198130e-05
9200 	 9429 	 7.1205281979e+01 	 5.1414387690e-05
9300 	 9532 	 7.1205281662e+01 	 5.0129913790e-05
9400 	 9635 	 7.1205281438e+01 	 4.6750434971e-05
9500 	 9738 	 7.1205281254e+01 	 5.0158574690e-05
9600 	 9838 	 7.1205281086e+01 	 4.3040110550e-05
9700 	 9939 	 7.1205280916e+01 	 3.9234377375e-05
9800 	 10041 	 7.1205280809e+01 	 3.5146530690e-05
9900 	 10144 	 7.1205280714e+01 	 3.1201900717e-05
10000 	 10247 	 7.1205280627e+01 	 4.9362026252e-05
10100 	 10351 	 7.1205280540e+01 	 3.3636720653e-05
10200 	 10453 	 7.1205280450e+01 	 4.8219750628e-05
10300 	 10555 	 7.1205280314e+01 	 7.9455570643e-05
10400 	 10658 	 7.1205280195e+01 	 6.8617524784e-05
10500 	 10761 	 7.1205280111e+01 	 4.7226833449e-05
10600 	 10864 	 7.1205280044e+01 	 2.2507575576e-05
10700 	 10967 	 7.1205279984e+01 	 3.3832036675e-05
10800 	 11069 	 7.1205279926e+01 	 3.2130110608e-05
10900 	 11171 	 7.1205279867e+01 	 4.9350389608e-05
11000 	 11272 	 7.1205279801e+01 	 2.7206173435e-05
11100 	 11375 	 7.1205279752e+01 	 1.7480162362e-05
11200 	 11477 	 7.1205279716e+01 	 2.1267840686e-05
11300 	 11580 	 7.1205279679e+01 	 2.6142708307e-05
11400 	 11681 	 7.1205279635e+01 	 1.5466427465e-05
11500 	 11782 	 7.1205279597e+01 	 3.1379178105e-05
11600 	 11886 	 7.1205279561e+01 	 2.5109110754e-05
11700 	 11991 	 7.1205279523e+01 	 3.1725255296e-05
11800 	 12095 	 7.1205279490e+01 	 3.1269254874e-05
11900 	 12197 	 7.1205279463e+01 	 1.8280441263e-05
12000 	 12299 	 7.1205279439e+01 	 1.6700838465e-05
12100 	 12400 	 7.1205279415e+01 	 1.6185587425e-05
12200 	 12502 	 7.1205279387e+01 	 1.7530525367e-05
12300 	 12606 	 7.1205279368e+01 	 1.3298931189e-05
12400 	 12709 	 7.1205279347e+01 	 1.3596123478e-05
12500 	 12813 	 7.1205279321e+01 	 1.5230347594e-05
12600 	 12916 	 7.1205279299e+01 	 1.4584105416e-05
12700 	 13019 	 7.1205279283e+01 	 1.3770458294e-05
12800 	 13121 	 7.1205279270e+01 	 1.1529696671e-05
12900 	 13222 	 7.1205279257e+01 	 1.2317702195e-05
13000 	 13325 	 7.1205279244e+01 	 1.0508432315e-05
13100 	 13427 	 7.1205279233e+01 	 8.9066501832e-06
13200 	 13530 	 7.1205279221e+01 	 1.5931300072e-05
13300 	 13630 	 7.1205279211e+01 	 8.8816418608e-06
13400 	 13732 	 7.1205279203e+01 	 1.1886597604e-05
13500 	 13834 	 7.1205279198e+01 	 9.2963745710e-06
13600 	 13939 	 7.1205279192e+01 	 7.2345790208e-06
13700 	 14042 	 7.1205279185e+01 	 1.1318683287e-05
13800 	 14144 	 7.1205279178e+01 	 6.7799051799e-06
13900 	 14245 	 7.1205279173e+01 	 1.2549566455e-05
14000 	 14347 	 7.1205279168e+01 	 6.6741642500e-06
14100 	 14449 	 7.1205279162e+01 	 1.2359397124e-05
14200 	 14551 	 7.1205279155e+01 	 7.2670965805e-06
14300 	 14653 	 7.1205279151e+01 	 6.9056051538e-06
14400 	 14756 	 7.1205279147e+01 	 7.5193436169e-06
14500 	 14857 	 7.1205279145e+01 	 3.9712717729e-06
14600 	 14958 	 7.1205279144e+01 	 2.9100805540e-06
14700 	 15060 	 7.1205279142e+01 	 3.9986892418e-06
14800 	 15163 	 7.1205279141e+01 	 2.7905300849e-06
14900 	 15266 	 7.1205279140e+01 	 3.6117650752e-06
15000 	 15369 	 7.1205279138e+01 	 5.9943299687e-06
15100 	 15472 	 7.1205279137e+01 	 4.1161364571e-06
15200 	 15575 	 7.1205279136e+01 	 3.8541456601e-06
15300 	 15677 	 7.1205279134e+01 	 5.5044888973e-06
15400 	 15781 	 7.1205279131e+01 	 6.3007589723e-06
15500 	 15883 	 7.1205279129e+01 	 5.4174284188e-06
15600 	 15986 	 7.1205279127e+01 	 4.1822195977e-06
15700 	 16090 	 7.1205279126e+01 	 6.8349666398e-06
15800 	 16192 	 7.1205279125e+01 	 5.1545521457e-06
15900 	 16295 	 7.1205279124e+01 	 2.6964508451e-06
16000 	 16396 	 7.1205279123e+01 	 2.8775245420e-06
16100 	 16497 	 7.1205279122e+01 	 4.7244937566e-06
16200 	 16601 	 7.1205279121e+01 	 2.1966993339e-06
16300 	 16706 	 7.1205279121e+01 	 2.7316315445e-06
16400 	 16808 	 7.1205279120e+01 	 9.8491445809e-06
16500 	 16911 	 7.1205279119e+01 	 2.4460215564e-06
16600 	 17015 	 7.1205279119e+01 	 3.4669425560e-06
16700 	 17117 	 7.1205279118e+01 	 2.6856346108e-06
16800 	 17220 	 7.1205279118e+01 	 1.5118616865e-06
16900 	 17322 	 7.1205279118e+01 	 1.2835431329e-06
17000 	 17424 	 7.1205279118e+01 	 1.0421877208e-06
17100 	 17532 	 7.1205279118e+01 	 1.0970950237e-06
17200 	 17637 	 7.1205279118e+01 	 1.0626308337e-06
17300 	 17744 	 7.1205279118e+01 	 1.0882405581e-06
17400 	 17848 	 7.1205279118e+01 	 1.1298370539e-06
17500 	 17957 	 7.1205279118e+01 	 9.2951871075e-07
17600 	 18062 	 7.1205279117e+01 	 9.0008936837e-07
17700 	 18173 	 7.1205279117e+01 	 5.8094900916e-07
17800 	 18283 	 7.1205279117e+01 	 1.2975039550e-06
17900 	 18392 	 7.1205279117e+01 	 6.6101654324e-07
18000 	 18502 	 7.1205279117e+01 	 5.2477775878e-07
18100 	 18624 	 7.1205279117e+01 	 7.3461640391e-07
18200 	 18732 	 7.1205279117e+01 	 7.5205538481e-07
18300 	 18839 	 7.1205279117e+01 	 7.0134938102e-07
18400 	 18947 	 7.1205279117e+01 	 1.1342307454e-06
18500 	 19051 	 7.1205279117e+01 	 6.4743732849e-07
18600 	 19167 	 7.1205279117e+01 	 1.0843409303e-06
18700 	 19280 	 7.1205279117e+01 	 6.1961338156e-07
18800 	 19393 	 7.1205279117e+01 	 3.5897100956e-07
18900 	 19509 	 7.1205279117e+01 	 5.8261260035e-07
19000 	 19614 	 7.1205279117e+01 	 6.2868275730e-07
19100 	 19722 	 7.1205279117e+01 	 8.6684141644e-07
19200 	 19831 	 7.1205279117e+01 	 7.4595693919e-07
19300 	 19939 	 7.1205279117e+01 	 5.6879631447e-07
19400 	 20060 	 7.1205279117e+01 	 4.8055492862e-07
# ---- 
 1 		 19420 	 20098 		 7.8168644585e+01 	 7.1205279117e+01 	 4.2067393797e-07
# ---- 
100 	 103 	 7.1201359217e+01 	 5.3051001240e-02
200 	 205 	 7.1145542726e+01 	 1.6918613972e-02
300 	 307 	 7.1130848812e+01 	 1.2494267765e-02
400 	 412 	 7.1125247592e+01 	 1.2880373174e-02
500 	 514 	 7.1122283433e+01 	 6.7389663670e-03
600 	 616 	 7.1120711213e+01 	 4.7765726272e-03
700 	 718 	 7.1119743994e+01 	 2.8909533536e-03
800 	 819 	 7.1119163564e+01 	 2.2034450125e-03
900 	 920 	 7.1118782977e+01 	 2.5318166635e-03
1000 	 1023 	 7.1118556874e+01 	 1.4672552826e-03
1100 	 1127 	 7.1118399748e+01 	 1.0521385189e-03
1200 	 1230 	 7.1118273822e+01 	 1.4002601471e-03
1300 	 1331 	 7.1118156515e+01 	 1.1020290759e-03
1400 	 1434 	 7.1118042441e+01 	 1.2255015786e-03
1500 	 1536 	 7.1117936638e+01 	 9.7733916537e-04
1600 	 1637 	 7.1117850573e+01 	 1.0391913440e-03
1700 	 1741 	 7.1117771879e+01 	 1.0240304266e-03
1800 	 1845 	 7.1117713907e+01 	 1.0070273834e-03
1900 	 1948 	 7.1117647090e+01 	 1.6451771971e-03
2000 	 2052 	 7.1117593056e+01 	 8.6877698697e-04
2100 	 2157 	 7.1117538903e+01 	 9.2454832798e-04
2200 	 2260 	 7.1117489041e+01 	 6.9194682316e-04
2300 	 2362 	 7.1117435780e+01 	 9.3593604791e-04
2400 	 2462 	 7.1117380755e+01 	 8.9793447933e-04
2500 	 2564 	 7.1117337418e+01 	 2.0462221601e-03
2600 	 2667 	 7.1117291937e+01 	 6.2245761093e-04
2700 	 2768 	 7.1117256967e+01 	 6.2825722983e-04
2800 	 2870 	 7.1117234735e+01 	 4.6012456112e-04
2900 	 2973 	 7.1117214026e+01 	 8.3130634651e-04
3000 	 3075 	 7.1117195486e+01 	 6.2041810880e-04
3100 	 3178 	 7.1117178621e+01 	 4.1001668553e-04
3200 	 3281 	 7.1117163980e+01 	 4.3179757479e-04
3300 	 3385 	 7.1117147385e+01 	 8.8651343227e-04
3400 	 3486 	 7.1117129191e+01 	 1.4423315271e-03
3500 	 3589 	 7.1117113276e+01 	 4.8652860496e-04
3600 	 3692 	 7.1117098728e+01 	 7.7512407458e-04
3700 	 3793 	 7.1117084425e+01 	 3.7449225745e-04
3800 	 3895 	 7.1117070453e+01 	 8.8584171901e-04
3900 	 3998 	 7.1117057185e+01 	 3.7458383766e-04
4000 	 4099 	 7.1117045953e+01 	 4.3094696118e-04
4100 	 4202 	 7.1117035235e+01 	 2.7752630491e-04
4200 	 4304 	 7.1117023930e+01 	 6.0170989444e-04
4300 	 4407 	 7.1117015142e+01 	 2.3495882702e-04
4400 	 4510 	 7.1117006746e+01 	 3.2178358481e-04
4500 	 4611 	 7.1116998406e+01 	 3.0699552907e-04
4600 	 4712 	 7.1116990634e+01 	 3.2037106327e-04
4700 	 4813 	 7.1116982934e+01 	 3.3968327586e-04
4800 	 4915 	 7.1116975903e+01 	 5.4797365530e-04
4900 	 5018 	 7.1116969428e+01 	 2.0774515843e-04
5000 	 5122 	 7.1116962929e+01 	 2.6959850627e-04
5100 	 5222 	 7.1116955480e+01 	 2.8478107628e-04
5200 	 5324 	 7.1116947922e+01 	 6.6994697772e-04
5300 	 5425 	 7.1116939133e+01 	 2.7566277523e-04
5400 	 5527 	 7.1116931113e+01 	 2.9638748935e-04
5500 	 5631 	 7.1116922624e+01 	 3.0637225375e-04
5600 	 5734 	 7.1116916495e+01 	 2.3375321596e-04
5700 	 5836 	 7.1116910079e+01 	 3.8529320845e-04
5800 	 5942 	 7.1116904081e+01 	 2.6530866675e-04
5900 	 6043 	 7.1116898796e+01 	 2.4143512005e-04
6000 	 6145 	 7.1116891968e+01 	 8.2238370317e-04
6100 	 6246 	 7.1116885171e+01 	 1.9691595650e-04
6200 	 6350 	 7.1116880234e+01 	 2.0670767785e-04
6300 	 6451 	 7.1116876165e+01 	 2.2218774859e-04
6400 	 6554 	 7.1116872641e+01 	 1.8789649412e-04
6500 	 6655 	 7.1116869357e+01 	 1.4259758272e-04
6600 	 6759 	 7.1116866190e+01 	 4.4493549864e-04
6700 	 6863 	 7.1116863405e+01 	 3.0090799386e-04
6800 	 6965 	 7.1116860956e+01 	 3.0744535475e-04
6900 	 7066 	 7.1116859051e+01 	 1.5993706164e-04
7000 	 7170 	 7.1116856970e+01 	 1.8693323239e-04
7100 	 7273 	 7.1116855058e+01 	 1.1363410673e-04
7200 	 7377 	 7.1116853246e+01 	 1.3353527599e-04
7300 	 7480 	 7.1116851887e+01 	 2.4555856520e-04
7400 	 7584 	 7.1116850823e+01 	 1.0542004859e-04
7500 	 7686 	 7.1116849809e+01 	 2.1332986331e-04
7600 	 7787 	 7.1116848757e+01 	 7.0607445290e-05
7700 	 7890 	 7.1116847704e+01 	 9.8269576787e-05
7800 	 7992 	 7.1116846961e+01 	 1.2244805637e-04
7900 	 8095 	 7.1116846331e+01 	 7.3821571531e-05
8000 	 8195 	 7.1116845815e+01 	 7.8205615949e-05
8100 	 8297 	 7.1116845476e+01 	 5.6566258514e-05
8200 	 8400 	 7.1116845193e+01 	 4.2649272660e-05
8300 	 8504 	 7.1116844987e+01 	 4.6479004959e-05
8400 	 8605 	 7.1116844819e+01 	 5.3472892271e-05
8500 	 8707 	 7.1116844689e+01 	 2.4799480226e-05
8600 	 8810 	 7.1116844581e+01 	 3.0651468582e-05
8700 	 8912 	 7.1116844493e+01 	 3.2378948145e-05
8800 	 9015 	 7.1116844396e+01 	 2.9727632427e-05
8900 	 9117 	 7.1116844315e+01 	 2.9461447742e-05
9000 	 9221 	 7.1116844243e+01 	 1.9455001858e-05
9100 	 9325 	 7.1116844183e+01 	 2.8571840421e-05
9200 	 9427 	 7.1116844132e+01 	 2.6479343691e-05
9300 	 9530 	 7.1116844092e+01 	 4.2299013374e-05
9400 	 9632 	 7.1116844053e+01 	 2.6734331927e-05
9500 	 9734 	 7.1116844008e+01 	 3.0058237046e-05
9600 	 9837 	 7.1116843965e+01 	 2.0269939170e-05
9700 	 9939 	 7.1116843915e+01 	 2.3668268609e-05
9800 	 10041 	 7.1116843866e+01 	 2.0807435260e-05
9900 	 10144 	 7.1116843817e+01 	 2.1801459853e-05
10000 	 10245 	 7.1116843783e+01 	 2.1117965932e-05
10100 	 10348 	 7.1116843748e+01 	 2.9991533287e-05
10200 	 10448 	 7.1116843712e+01 	 2.3148857434e-05
10300 	 10550 	 7.1116843681e+01 	 1.9332029530e-05
10400 	 10651 	 7.1116843656e+01 	 2.4046228672e-05
10500 	 10753 	 7.1116843631e+01 	 1.5019939278e-05
10600 	 10856 	 7.1116843604e+01 	 1.7557799352e-05
10700 	 10958 	 7.1116843583e+01 	 1.5207508832e-05
10800 	 11059 	 7.1116843565e+01 	 1.2404095239e-05
10900 	 11162 	 7.1116843553e+01 	 1.2432515964e-05
11000 	 11263 	 7.1116843542e+01 	 1.0664530154e-05
11100 	 11365 	 7.1116843532e+01 	 1.2801860472e-05
11200 	 11466 	 7.1116843527e+01 	 1.6050377836e-05
11300 	 11569 	 7.1116843522e+01 	 9.5762925856e-06
11400 	 11672 	 7.1116843514e+01 	 9.3111513977e-06
11500 	 11774 	 7.1116843505e+01 	 1.2231528899e-05
11600 	 11878 	 7.1116843494e+01 	 1.4103044301e-05
11700 	 11979 	 7.1116843482e+01 	 1.0894938313e-05
11800 	 12081 	 7.1116843469e+01 	 2.1339149309e-05
11900 	 12183 	 7.1116843455e+01 	 1.2909139230e-05
12000 	 12286 	 7.1116843441e+01 	 1.1698539378e-05
12100 	 12390 	 7.1116843429e+01 	 1.1181610344e-05
12200 	 12491 	 7.1116843421e+01 	 9.9743875467e-06
12300 	 12591 	 7.1116843414e+01 	 7.0452332492e-06
12400 	 12692 	 7.1116843408e+01 	 7.5653837014e-06
12500 	 12795 	 7.1116843404e+01 	 6.4114169165e-06
12600 	 12896 	 7.1116843399e+01 	 1.0144815369e-05
12700 	 13002 	 7.1116843396e+01 	 7.3855684245e-06
12800 	 13105 	 7.1116843393e+01 	 6.3749479349e-06
12900 	 13208 	 7.1116843390e+01 	 5.4777815045e-06
13000 	 13308 	 7.1116843387e+01 	 9.6590120959e-06
13100 	 13410 	 7.1116843385e+01 	 5.4869949458e-06
13200 	 13514 	 7.1116843383e+01 	 5.2010266192e-06
13300 	 13617 	 7.1116843381e+01 	 9.7115355705e-06
13400 	 13720 	 7.1116843379e+01 	 6.7960488875e-06
13500 	 13822 	 7.1116843378e+01 	 4.6963658875e-06
13600 	 13925 	 7.1116843376e+01 	 5.9021308548e-06
13700 	 14025 	 7.1116843374e+01 	 4.1692692496e-06
13800 	 14127 	 7.1116843373e+01 	 3.0121777240e-06
13900 	 14232 	 7.1116843372e+01 	 2.7591106344e-06
14000 	 14332 	 7.1116843371e+01 	 3.8670894226e-06
14100 	 14435 	 7.1116843370e+01 	 3.3377694902e-06
14200 	 14537 	 7.1116843369e+01 	 3.3234065378e-06
14300 	 14638 	 7.1116843367e+01 	 3.3345342443e-06
14400 	 14740 	 7.1116843366e+01 	 3.5440954786e-06
14500 	 14842 	 7.1116843366e+01 	 2.7864141401e-06
14600 	 14944 	 7.1116843365e+01 	 7.3952669072e-06
14700 	 15048 	 7.1116843364e+01 	 3.4820130242e-06
14800 	 15150 	 7.1116843364e+01 	 2.4356315460e-06
14900 	 15252 	 7.1116843363e+01 	 3.2021170172e-06
15000 	 15354 	 7.1116843363e+01 	 2.4927687160e-06
15100 	 15456 	 7.1116843362e+01 	 2.6423312619e-06
15200 	 15558 	 7.1116843362e+01 	 1.9295661368e-06
15300 	 15660 	 7.1116843361e+01 	 1.5815009599e-06
15400 	 15764 	 7.1116843361e+01 	 2.0040454191e-06
15500 	 15867 	 7.1116843361e+01 	 2.4228998096e-06
15600 	 15968 	 7.1116843360e+01 	 2.8717826858e-06
15700 	 16071 	 7.1116843360e+01 	 2.1125500303e-06
15800 	 16173 	 7.1116843360e+01 	 2.3017705228e-06
15900 	 16275 	 7.1116843359e+01 	 3.0129427810e-06
16000 	 16377 	 7.1116843359e+01 	 1.5545254988e-06
16100 	 16478 	 7.1116843359e+01 	 1.1934669651e-06
16200 	 16581 	 7.1116843359e+01 	 1.4619279700e-06
16300 	 16684 	 7.1116843358e+01 	 1.8939569081e-06
16400 	 16787 	 7.1116843358e+01 	 8.8465670033e-07
16500 	 16890 	 7.1116843358e+01 	 2.6597930809e-06
16600 	 16994 	 7.1116843358e+01 	 1.2244687975e-06
16700 	 17097 	 7.1116843358e+01 	 3.0975149477e-06
16800 	 17200 	 7.1116843358e+01 	 1.0981229171e-06
16900 	 17307 	 7.1116843358e+01 	 1.2999096248e-06
17000 	 17412 	 7.1116843358e+01 	 2.1465806048e-06
17100 	 17521 	 7.1116843358e+01 	 1.1733459132e-06
17200 	 17624 	 7.1116843358e+01 	 1.4880818960e-06
17300 	 17726 	 7.1116843357e+01 	 1.4843312273e-06
17400 	 17829 	 7.1116843357e+01 	 2.3813330851e-06
17500 	 17933 	 7.1116843357e+01 	 1.1591520758e-06
17600 	 18036 	 7.1116843357e+01 	 1.4239199383e-06
17700 	 18142 	 7.1116843357e+01 	 8.9262493982e-07
17800 	 18249 	 7.1116843357e+01 	 5.0721938176e-07
17900 	 18356 	 7.1116843357e+01 	 6.1597550615e-07
18000 	 18467 	 7.1116843357e+01 	 6.0760331929e-07
18100 	 18576 	 7.1116843357e+01 	 4.3456406292e-07
18200 	 18690 	 7.1116843357e+01 	 4.5413139084e-07
18300 	 18820 	 7.1116843357e+01 	 3.3401949520e-07
18400 	 18938 	 7.1116843357e+01 	 1.8866287370e-07
# ---- 
 1 		 18498 	 19083 		 7.8174949161e+01 	 7.1116843357e+01 	 1.6133595518e-07
# ---- 
100 	 103 	 7.1122966423e+01 	 9.0964595903e-02
200 	 204 	 7.1067136658e+01 	 2.0279746435e-02
300 	 304 	 7.1052846845e+01 	 1.5147292651e-02
400 	 407 	 7.1047388861e+01 	 1.0778983718e-02
500 	 508 	 7.1044496283e+01 	 6.5233293056e-03
600 	 609 	 7.1042915486e+01 	 5.1298663637e-03
700 	 712 	 7.1041984004e+01 	 3.4989200861e-03
800 	 814 	 7.1041447599e+01 	 2.2798213047e-03
900 	 916 	 7.1041093875e+01 	 1.5305968904e-03
1000 	 1019 	 7.1040858944e+01 	 2.7882203145e-03
1100 	 1121 	 7.1040710489e+01 	 1.6080855691e-03
1200 	 1222 	 7.1040596209e+01 	 1.2605943765e-03
1300 	 1327 	 7.1040492248e+01 	 1.9925356946e-03
1400 	 1428 	 7.1040405166e+01 	 1.3044658195e-03
1500 	 1529 	 7.1040315792e+01 	 9.6881444453e-04
1600 	 1630 	 7.1040245643e+01 	 8.1960079256e-04
1700 	 1731 	 7.1040183500e+01 	 7.8283926939e-04
1800 	 1833 	 7.1040130961e+01 	 2.0305562779e-03
1900 	 1934 	 7.1040069989e+01 	 1.2439386673e-03
2000 	 2036 	 7.1040020906e+01 	 7.7459716252e-04
2100 	 2138 	 7.1039978642e+01 	 8.1018148086e-04
2200 	 2239 	 7.1039941483e+01 	 1.1987734124e-03
2300 	 2342 	 7.1039900318e+01 	 1.7236331850e-03
2400 	 2445 	 7.1039846143e+01 	 8.5516228676e-04
2500 	 2550 	 7.1039804538e+01 	 1.5714025033e-03
2600 	 2655 	 7.1039764090e+01 	 7.3805517824e-04
2700 	 2757 	 7.1039726876e+01 	 6.9352891586e-04
2800 	 2859 	 7.1039698976e+01 	 5.3567897617e-04
2900 	 2962 	 7.1039676707e+01 	 9.4512770030e-04
3000 	 3067 	 7.1039654793e+01 	 3.9047296102e-04
3100 	 3172 	 7.1039636061e+01 	 4.4718364083e-04
3200 	 3273 	 7.1039617931e+01 	 4.7126412882e-04
3300 	 3375 	 7.1039600232e+01 	 6.1734371005e-04
3400 	 3479 	 7.1039584119e+01 	 7.3221847664e-04
3500 	 3580 	 7.1039568542e+01 	 4.3763707031e-04
3600 	 3682 	 7.1039551196e+01 	 4.4719647459e-04
3700 	 3785 	 7.1039535162e+01 	 4.1134484905e-04
3800 	 3888 	 7.1039519535e+01 	 3.4650484651e-04
3900 	 3991 	 7.1039507272e+01 	 4.2196465377e-04
4000 	 4094 	 7.1039493692e+01 	 5.1648842175e-04
4100 	 4197 	 7.1039477979e+01 	 6.7197635207e-04
4200 	 4298 	 7.1039464157e+01 	 4.0962656962e-04
4300 	 4401 	 7.1039451230e+01 	 4.0441946898e-04
4400 	 4503 	 7.1039439976e+01 	 3.7875198991e-04
4500 	 4605 	 7.1039426293e+01 	 4.2379086585e-04
4600 	 4710 	 7.1039416227e+01 	 3.7337201993e-04
4700 	 4812 	 7.1039406686e+01 	 3.6425990158e-04
4800 	 4914 	 7.1039397055e+01 	 6.7338318742e-04
4900 	 5017 	 7.1039384727e+01 	 4.0266050733e-04
5000 	 5119 	 7.1039371278e+01 	 7.0448540697e-04
5100 	 5220 	 7.1039360633e+01 	 2.6877525706e-04
5200 	 5323 	 7.1039351074e+01 	 3.1841034334e-04
5300 	 5427 	 7.1039342988e+01 	 4.8563751675e-04
5400 	 5529 	 7.1039336907e+01 	 2.1938086777e-04
5500 	 5631 	 7.1039330530e+01 	 2.8845837742e-04
5600 	 5734 	 7.1039325373e+01 	 4.3747444639e-04
5700 	 5834 	 7.1039320952e+01 	 2.1720242671e-04
5800 	 5935 	 7.1039318070e+01 	 3.2494269764e-04
5900 	 6037 	 7.1039315071e+01 	 1.8586083568e-04
6000 	 6140 	 7.1039311987e+01 	 4.2938832880e-04
6100 	 6241 	 7.1039309153e+01 	 3.8578292401e-04
6200 	 6344 	 7.1039306254e+01 	 4.9444967104e-04
6300 	 6445 	 7.1039302498e+01 	 1.8299307211e-04
6400 	 6547 	 7.1039298945e+01 	 2.1449239710e-04
6500 	 6649 	 7.1039295120e+01 	 2.6846801903e-04
6600 	 6751 	 7.1039290371e+01 	 1.7038924394e-04
6700 	 6855 	 7.1039286294e+01 	 1.7419251794e-04
6800 	 6955 	 7.1039282590e+01 	 2.2928003174e-04
6900 	 7060 	 7.1039278896e+01 	 2.6508779490e-04
7000 	 7164 	 7.1039275589e+01 	 1.8704571484e-04
7100 	 7265 	 7.1039272058e+01 	 2.6058913620e-04
7200 	 7369 	 7.1039269093e+01 	 1.5718896411e-04
7300 	 7473 	 7.1039266832e+01 	 1.3709732454e-04
7400 	 7576 	 7.1039265280e+01 	 1.0446016955e-04
7500 	 7679 	 7.1039264248e+01 	 1.1930320481e-04
7600 	 7782 	 7.1039263342e+01 	 6.9688507293e-05
7700 	 7884 	 7.1039262447e+01 	 1.0135273002e-04
7800 	 7986 	 7.1039261731e+01 	 9.3329935793e-05
7900 	 8090 	 7.1039261132e+01 	 1.0210634719e-04
8000 	 8192 	 7.1039260590e+01 	 6.4497609876e-05
8100 	 8295 	 7.1039260084e+01 	 5.2325347054e-05
8200 	 8397 	 7.1039259622e+01 	 5.9722254941e-05
8300 	 8499 	 7.1039259272e+01 	 4.7610738141e-05
8400 	 8599 	 7.1039258966e+01 	 7.6871728338e-05
8500 	 8701 	 7.1039258681e+01 	 4.4019501472e-05
8600 	 8807 	 7.1039258390e+01 	 7.7512662341e-05
8700 	 8910 	 7.1039258101e+01 	 5.9509111358e-05
8800 	 9013 	 7.1039257814e+01 	 6.2329943714e-05
8900 	 9116 	 7.1039257552e+01 	 4.2281123020e-05
9000 	 9223 	 7.1039257326e+01 	 6.8696752220e-05
9100 	 9325 	 7.1039257109e+01 	 5.7559733380e-05
9200 	 9426 	 7.1039256901e+01 	 4.8546068726e-05
9300 	 9530 	 7.1039256675e+01 	 9.7081681367e-05
9400 	 9630 	 7.1039256420e+01 	 6.0831739628e-05
9500 	 9733 	 7.1039256188e+01 	 5.9079319141e-05
9600 	 9834 	 7.1039256010e+01 	 4.7672405221e-05
9700 	 9938 	 7.1039255827e+01 	 8.8648586948e-05
9800 	 10039 	 7.1039255695e+01 	 4.2657606591e-05
9900 	 10142 	 7.1039255564e+01 	 4.0110731383e-05
10000 	 10244 	 7.1039255390e+01 	 4.5312674595e-05
10100 	 10345 	 7.1039255229e+01 	 4.3948061211e-05
10200 	 10448 	 7.1039255037e+01 	 5.1648295825e-05
10300 	 10551 	 7.1039254881e+01 	 3.4529858394e-05
10400 	 10653 	 7.1039254776e+01 	 3.5263288538e-05
10500 	 10753 	 7.1039254695e+01 	 3.1025651815e-05
10600 	 10855 	 7.1039254641e+01 	 2.4278353133e-05
10700 	 10955 	 7.1039254587e+01 	 2.1129921647e-05
10800 	 11059 	 7.1039254534e+01 	 2.2364090403e-05
10900 	 11162 	 7.1039254475e+01 	 2.5581035741e-05
11000 	 11262 	 7.1039254408e+01 	 2.9274836100e-05
11100 	 11363 	 7.1039254327e+01 	 3.6600573944e-05
11200 	 11465 	 7.1039254260e+01 	 6.7510742026e-05
11300 	 11568 	 7.1039254212e+01 	 2.5820752755e-05
11400 	 11669 	 7.1039254172e+01 	 2.7697119516e-05
11500 	 11771 	 7.1039254140e+01 	 1.8070067536e-05
11600 	 11876 	 7.1039254110e+01 	 3.0797489778e-05
11700 	 11979 	 7.1039254081e+01 	 1.6234850095e-05
11800 	 12081 	 7.1039254045e+01 	 1.9750901997e-05
11900 	 12184 	 7.1039254005e+01 	 2.1942056795e-05
12000 	 12285 	 7.1039253960e+01 	 2.9485390717e-05
12100 	 12386 	 7.1039253917e+01 	 1.6387925527e-05
12200 	 12487 	 7.1039253881e+01 	 3.2680351189e-05
12300 	 12590 	 7.1039253850e+01 	 2.4257932615e-05
12400 	 12693 	 7.1039253822e+01 	 3.1555984021e-05
12500 	 12797 	 7.1039253800e+01 	 2.4101360095e-05
12600 	 12900 	 7.1039253779e+01 	 1.5342505467e-05
12700 	 13005 	 7.1039253764e+01 	 3.5190455030e-05
12800 	 13107 	 7.1039253751e+01 	 1.5525499829e-05
12900 	 13212 	 7.1039253739e+01 	 1.0629662267e-05
13000 	 13316 	 7.1039253728e+01 	 3.0946606230e-05
13100 	 13420 	 7.1039253717e+01 	 1.3041050968e-05
13200 	 13522 	 7.1039253706e+01 	 9.6391756944e-06
13300 	 13624 	 7.1039253695e+01 	 8.1431487650e-06
13400 	 13726 	 7.1039253684e+01 	 1.1615329578e-05
13500 	 13828 	 7.1039253670e+01 	 1.3867204770e-05
13600 	 13930 	 7.1039253659e+01 	 1.0375601247e-05
13700 	 14033 	 7.1039253651e+01 	 9.2911611342e-06
13800 	 14135 	 7.1039253645e+01 	 2.0706336877e-05
13900 	 14236 	 7.1039253640e+01 	 7.6558865582e-06
14000 	 14339 	 7.1039253636e+01 	 6.1149766809e-06
14100 	 14441 	 7.1039253633e+01 	 1.2858895626e-05
14200 	 14543 	 7.1039253631e+01 	 5.1302225485e-06
14300 	 14645 	 7.1039253629e+01 	 5.1407491053e-06
14400 	 14745 	 7.1039253626e+01 	 5.2360404447e-06
14500 	 14848 	 7.1039253623e+01 	 5.4980364443e-06
14600 	 14950 	 7.1039253621e+01 	 3.2854899014e-06
14700 	 15052 	 7.1039253619e+01 	 5.7133969409e-06
14800 	 15153 	 7.1039253617e+01 	 4.8101888714e-06
14900 	 15257 	 7.1039253614e+01 	 1.0723381275e-05
15000 	 15360 	 7.1039253612e+01 	 6.8736767477e-06
15100 	 15464 	 7.1039253611e+01 	 3.7560909617e-06
15200 	 15567 	 7.1039253609e+01 	 6.5506928602e-06
15300 	 15669 	 7.1039253607e+01 	 3.9409253311e-06
15400 	 15772 	 7.1039253606e+01 	 5.7143437252e-06
15500 	 15876 	 7.1039253604e+01 	 4.0812956826e-06
15600 	 15978 	 7.1039253602e+01 	 5.3344981343e-06
15700 	 16082 	 7.1039253600e+01 	 4.7543188446e-06
15800 	 16185 	 7.1039253598e+01 	 4.7090486426e-06
15900 	 16287 	 7.1039253597e+01 	 4.4472007457e-06
16000 	 16389 	 7.1039253596e+01 	 3.4793725038e-06
16100 	 16492 	 7.1039253595e+01 	 4.1354656729e-06
16200 	 16592 	 7.1039253594e+01 	 3.1889953680e-06
16300 	 16693 	 7.1039253593e+01 	 2.6116343929e-06
16400 	 16796 	 7.1039253593e+01 	 2.3237153136e-06
16500 	 16899 	 7.1039253592e+01 	 2.5688870074e-06
16600 	 17001 	 7.1039253592e+01 	 2.9419363000e-06
16700 	 17103 	 7.1039253591e+01 	 2.3095972167e-06
16800 	 17206 	 7.1039253590e+01 	 2.1338823932e-06
16900 	 17308 	 7.1039253590e+01 	 2.3092780543e-06
17000 	 17410 	 7.1039253590e+01 	 2.5781820820e-06
17100 	 17512 	 7.1039253589e+01 	 3.6254340713e-06
17200 	 17612 	 7.1039253589e+01 	 3.0233907835e-06
17300 	 17717 	 7.1039253589e+01 	 2.3741182074e-06
17400 	 17819 	 7.1039253589e+01 	 1.8633320653e-06
17500 	 17919 	 7.1039253589e+01 	 1.2220305319e-06
17600 	 18021 	 7.1039253588e+01 	 1.1344144049e-06
17700 	 18123 	 7.1039253588e+01 	 2.5801610714e-06
17800 	 18229 	 7.1039253588e+01 	 7.2717258126e-07
17900 	 18338 	 7.1039253588e+01 	 9.5113462059e-07
18000 	 18445 	 7.1039253588e+01 	 9.4956319628e-07
18100 	 18553 	 7.1039253588e+01 	 1.0366644360e-06
18200 	 18668 	 7.1039253588e+01 	 6.6120752483e-07
18300 	 18778 	 7.1039253588e+01 	 8.1439735733e-07
18400 	 18886 	 7.1039253588e+01 	 7.7876337100e-07
18500 	 18990 	 7.1039253588e+01 	 7.3089813981e-07
18600 	 19101 	 7.1039253588e+01 	 5.2997345090e-07
18700 	 19211 	 7.1039253588e+01 	 6.3542614180e-07
# ---- 
 1 		 18729 	 19264 		 7.8088406662e+01 	 7.1039253588e+01 	 9.4072696967e-07
# ---- 
100 	 103 	 7.3974355707e-01 	 2.1300305243e-02
200 	 205 	 7.2066946646e-01 	 2.0074115610e-02
300 	 307 	 7.0956669144e-01 	 1.4261235902e-02
400 	 409 	 7.0293033721e-01 	 2.4511169218e-02
500 	 511 	 6.9794269563e-01 	 7.7947850608e-03
600 	 613 	 6.9418009956e-01 	 8.7484909756e-03
700 	 717 	 6.9048504703e-01 	 5.6405812419e-03
800 	 820 	 6.8830812992e-01 	 5.8309610215e-03
900 	 921 	 6.8686711325e-01 	 6.8370577626e-03
1000 	 1025 	 6.8513863226e-01 	 4.3156691609e-03
1100 	 1129 	 6.8384159912e-01 	 2.9845067256e-03
1200 	 1233 	 6.8314728199e-01 	 2.5661394064e-03
1300 	 1335 	 6.8266528266e-01 	 2.3623417204e-03
1400 	 1437 	 6.8222947111e-01 	 2.9703008537e-03
1500 	 1540 	 6.8195880867e-01 	 1.8542205503e-03
1600 	 1644 	 6.8174974330e-01 	 2.4574031030e-03
1700 	 1746 	 6.8161087708e-01 	 1.2564876338e-03
1800 	 1848 	 6.8149047380e-01 	 1.0002152829e-03
1900 	 1949 	 6.8140788737e-01 	 1.8001198789e-03
2000 	 2051 	 6.8134200652e-01 	 7.9301753099e-04
2100 	 2152 	 6.8129622285e-01 	 8.3657716284e-04
2200 	 2254 	 6.8123758354e-01 	 1.3115616643e-03
2300 	 2355 	 6.8118451984e-01 	 6.6736236195e-04
2400 	 2460 	 6.8114633590e-01 	 7.7776744442e-04
2500 	 2562 	 6.8111752016e-01 	 6.9150740776e-04
2600 	 2665 	 6.8109657026e-01 	 5.2893637886e-04
2700 	 2770 	 6.8107902624e-01 	 4.0999540555e-04
2800 	 2871 	 6.8106636613e-01 	 3.4044240010e-04
2900 	 2974 	 6.8105495679e-01 	 3.6604345337e-04
3000 	 3076 	 6.8104481294e-01 	 5.0404606316e-04
3100 	 3179 	 6.8103649221e-01 	 3.2858700266e-04
3200 	 3282 	 6.8102879312e-01 	 3.6935341309e-04
3300 	 3385 	 6.8102200070e-01 	 3.1080631858e-04
3400 	 3488 	 6.8101464504e-01 	 2.6412393368e-04
3500 	 3589 	 6.8100894933e-01 	 3.9167239520e-04
3600 	 3690 	 6.8100309764e-01 	 2.6106475279e-04
3700 	 3790 	 6.8099706134e-01 	 6.7885231071e-04
3800 	 3893 	 6.8099082750e-01 	 2.7432600195e-04
3900 	 3995 	 6.8098481635e-01 	 5.2481323004e-04
4000 	 4097 	 6.8097967086e-01 	 3.1511145631e-04
4100 	 4198 	 6.8097424848e-01 	 2.7543990427e-04
4200 	 4299 	 6.8096922386e-01 	 2.2789754140e-04
4300 	 4402 	 6.8096593349e-01 	 1.6930029753e-04
4400 	 4504 	 6.8096355457e-01 	 1.5516707929e-04
4500 	 4606 	 6.8096154401e-01 	 1.8284952976e-04
4600 	 4710 	 6.8095952115e-01 	 1.4232485249e-04
4700 	 4813 	 6.8095745077e-01 	 1.4118223030e-04
4800 	 4916 	 6.8095592016e-01 	 1.5589134670e-04
4900 	 5019 	 6.8095451454e-01 	 1.4561355232e-04
5000 	 5120 	 6.8095335946e-01 	 1.5226183053e-04
5100 	 5221 	 6.8095225773e-01 	 1.1601323929e-04
5200 	 5324 	 6.8095129472e-01 	 1.0622016572e-04
5300 	 5427 	 6.8095038069e-01 	 9.5600371371e-05
5400 	 5529 	 6.8094947838e-01 	 1.0376623172e-04
5500 	 5630 	 6.8094861517e-01 	 1.8448183273e-04
5600 	 5732 	 6.8094776843e-01 	 8.4136463008e-05
5700 	 5834 	 6.8094702816e-01 	 1.0271754467e-04
5800 	 5937 	 6.8094635140e-01 	 7.2832640291e-05
5900 	 6042 	 6.8094580801e-01 	 6.9741771237e-05
6000 	 6144 	 6.8094522728e-01 	 8.6308338344e-05
6100 	 6249 	 6.8094454655e-01 	 1.1975913999e-04
6200 	 6353 	 6.8094403701e-01 	 7.4398168976e-05
6300 	 6454 	 6.8094355390e-01 	 7.0185625901e-05
6400 	 6555 	 6.8094313728e-01 	 8.4236984022e-05
6500 	 6658 	 6.8094269194e-01 	 8.2024790261e-05
6600 	 6762 	 6.8094222507e-01 	 7.3930395240e-05
6700 	 6864 	 6.8094180280e-01 	 9.1103136974e-05
6800 	 6967 	 6.8094150311e-01 	 5.3389285202e-05
6900 	 7068 	 6.8094122871e-01 	 5.6009713666e-05
7000 	 7171 	 6.8094096320e-01 	 8.3038851981e-05
7100 	 7273 	 6.8094073809e-01 	 7.1262650493e-05
7200 	 7376 	 6.8094055166e-01 	 6.1199202144e-05
7300 	 7479 	 6.8094034530e-01 	 4.7742087733e-05
7400 	 7582 	 6.8094013797e-01 	 5.4251917305e-05
7500 	 7684 	 6.8093995600e-01 	 3.9082522954e-05
7600 	 7785 	 6.8093981190e-01 	 3.0788374683e-05
7700 	 7887 	 6.8093961830e-01 	 4.9618605979e-05
7800 	 7990 	 6.8093940242e-01 	 8.2077663378e-05
7900 	 8092 	 6.8093922170e-01 	 8.3394909484e-05
8000 	 8193 	 6.8093902637e-01 	 4.8159881461e-05
8100 	 8295 	 6.8093881418e-01 	 3.9683162032e-05
8200 	 8397 	 6.8093861159e-01 	 4.6884594191e-05
8300 	 8499 	 6.8093845711e-01 	 4.9878246438e-05
8400 	 8599 	 6.8093831693e-01 	 3.2081596513e-05
8500 	 8702 	 6.8093819912e-01 	 3.3339772326e-05
8600 	 8804 	 6.8093808926e-01 	 4.1604258320e-05
8700 	 8907 	 6.8093799413e-01 	 4.9998749443e-05
8800 	 9010 	 6.8093789325e-01 	 4.7884464345e-05
8900 	 9112 	 6.8093777903e-01 	 9.4871700519e-05
9000 	 9216 	 6.8093764795e-01 	 4.0969641590e-05
9100 	 9318 	 6.8093748708e-01 	 3.6736636484e-05
9200 	 9422 	 6.8093732470e-01 	 3.9095373203e-05
9300 	 9525 	 6.8093717833e-01 	 7.7283638851e-05
9400 	 9627 	 6.8093705953e-01 	 3.4944273257e-05
9500 	 9728 	 6.8093695821e-01 	 3.5215097416e-05
9600 	 9830 	 6.8093686424e-01 	 9.0192607527e-05
9700 	 9935 	 6.8093673836e-01 	 4.5927665113e-05
9800 	 10038 	 6.8093659001e-01 	 4.5051433183e-05
9900 	 10141 	 6.8093646856e-01 	 3.8063506925e-05
10000 	 10244 	 6.8093635592e-01 	 4.1514433756e-05
10100 	 10348 	 6.8093624174e-01 	 3.1639023528e-05
10200 	 10451 	 6.8093613515e-01 	 4.2405408859e-05
10300 	 10552 	 6.8093604119e-01 	 9.2462734006e-05
10400 	 10654 	 6.8093597491e-01 	 4.8185268262e-05
10500 	 10756 	 6.8093592235e-01 	 4.2154267043e-05
10600 	 10859 	 6.8093587804e-01 	 2.1592329998e-05
10700 	 10963 	 6.8093584396e-01 	 1.7566042670e-05
10800 	 11064 	 6.8093581557e-01 	 1.9085657791e-05
10900 	 11167 	 6.8093578440e-01 	 1.8906414146e-05
11000 	 11269 	 6.8093574933e-01 	 1.9573231916e-05
11100 	 11371 	 6.8093571364e-01 	 1.6691254082e-05
11200 	 11474 	 6.8093568411e-01 	 1.7767119079e-05
11300 	 11576 	 6.8093565536e-01 	 1.5077466502e-05
11400 	 11679 	 6.8093562817e-01 	 2.4677722718e-05
11500 	 11781 	 6.8093560378e-01 	 1.3613067769e-05
11600 	 11884 	 6.8093558119e-01 	 1.3072769404e-05
11700 	 11985 	 6.8093555208e-01 	 3.9291960038e-05
11800 	 12089 	 6.8093552074e-01 	 1.6454127231e-05
11900 	 12192 	 6.8093549427e-01 	 2.3683618611e-05
12000 	 12294 	 6.8093547009e-01 	 1.7222945300e-05
12100 	 12396 	 6.8093545238e-01 	 1.3699147547e-05
12200 	 12497 	 6.8093543758e-01 	 3.0590571668e-05
12300 	 12599 	 6.8093542082e-01 	 1.4880737988e-05
12400 	 12700 	 6.8093540215e-01 	 1.5941828104e-05
12500 	 12804 	 6.8093538160e-01 	 3.0325257874e-05
12600 	 12908 	 6.8093536682e-01 	 1.1356797406e-05
12700 	 13010 	 6.8093535198e-01 	 1.3372115441e-05
12800 	 13115 	 6.8093533801e-01 	 1.7296563434e-05
12900 	 13217 	 6.8093532559e-01 	 1.3225239736e-05
13000 	 13319 	 6.8093531752e-01 	 2.0856192017e-05
13100 	 13422 	 6.8093531030e-01 	 5.3671195771e-06
13200 	 13525 	 6.8093530197e-01 	 1.0197392829e-05
13300 	 13628 	 6.8093529262e-01 	 1.2760481399e-05
13400 	 13732 	 6.8093528411e-01 	 1.1190386960e-05
13500 	 13835 	 6.8093527781e-01 	 2.1940676886e-05
13600 	 13937 	 6.8093527216e-01 	 7.2898213215e-06
13700 	 14039 	 6.8093526544e-01 	 1.1338110718e-05
13800 	 14140 	 6.8093525966e-01 	 1.1791617207e-05
100 	 103 	 7.3974379807e-01 	 2.1299605801e-02
200 	 204 	 7.2059362202e-01 	 1.2145181801e-02
300 	 306 	 7.0967877397e-01 	 3.9137434659e-02
400 	 409 	 7.0293439819e-01 	 7.7069259124e-03
500 	 510 	 6.9793071118e-01 	 1.0462726510e-02
600 	 612 	 6.9432203380e-01 	 1.6224669660e-02
700 	 715 	 6.9052061205e-01 	 7.3469385296e-03
800 	 816 	 6.8827849140e-01 	 5.3099192911e-03
900 	 917 	 6.8664118027e-01 	 6.5280429659e-03
1000 	 1018 	 6.8490198147e-01 	 4.5964700800e-03
1100 	 1122 	 6.8377673254e-01 	 2.6541635614e-03
1200 	 1225 	 6.8312313691e-01 	 3.1126043674e-03
1300 	 1327 	 6.8262062210e-01 	 4.5281028294e-03
1400 	 1427 	 6.8217664157e-01 	 2.6293019175e-03
1500 	 1530 	 6.8190067338e-01 	 1.3440847579e-03
1600 	 1631 	 6.8170673113e-01 	 2.1389922006e-03
1700 	 1731 	 6.8156297681e-01 	 1.2461798816e-03
1800 	 1832 	 6.8145493166e-01 	 8.6757106514e-04
1900 	 1933 	 6.8137453048e-01 	 1.4136112837e-03
2000 	 2036 	 6.8131452408e-01 	 7.0922839158e-04
2100 	 2138 	 6.8126623147e-01 	 7.9515695121e-04
2200 	 2239 	 6.8120944938e-01 	 7.8608730002e-04
2300 	 2342 	 6.8116687516e-01 	 9.8767040335e-04
2400 	 2443 	 6.8113587191e-01 	 6.7477280305e-04
2500 	 2545 	 6.8110937336e-01 	 5.3678993578e-04
2600 	 2647 	 6.8108931626e-01 	 3.9017879595e-04
2700 	 2748 	 6.8107173128e-01 	 1.2791603602e-03
2800 	 2851 	 6.8106022366e-01 	 3.7168691190e-04
2900 	 2954 	 6.8105029562e-01 	 6.8520696260e-04
3000 	 3055 	 6.8104081583e-01 	 4.7790890207e-04
3100 	 3156 	 6.8103256971e-01 	 3.4012930767e-04
3200 	 3258 	 6.8102413021e-01 	 2.8624491713e-04
3300 	 3361 	 6.8101643074e-01 	 3.9486802353e-04
3400 	 3462 	 6.8100956005e-01 	 4.4343600368e-04
3500 	 3564 	 6.8100367065e-01 	 2.4844735292e-04
3600 	 3666 	 6.8099837581e-01 	 3.0302578426e-04
3700 	 3770 	 6.8099231030e-01 	 2.9511064771e-04
3800 	 3873 	 6.8098671515e-01 	 2.6006267497e-04
3900 	 3975 	 6.8098126902e-01 	 3.0056881005e-04
4000 	 4079 	 6.8097752096e-01 	 2.2741554237e-04
4100 	 4180 	 6.8097408774e-01 	 2.2047371047e-04
4200 	 4283 	 6.8097018129e-01 	 2.2654018586e-04
4300 	 4384 	 6.8096731701e-01 	 1.6563847308e-04
4400 	 4488 	 6.8096500407e-01 	 1.6790083694e-04
4500 	 4588 	 6.8096306063e-01 	 1.4288529392e-04
4600 	 4690 	 6.8096133962e-01 	 1.6622823174e-04
4700 	 4793 	 6.8095952112e-01 	 2.7625249972e-04
4800 	 4897 	 6.8095801819e-01 	 1.1038316630e-04
4900 	 4999 	 6.8095677790e-01 	 2.8472359494e-04
5000 	 5100 	 6.8095548262e-01 	 1.4418390377e-04
5100 	 5200 	 6.8095407545e-01 	 1.2433932124e-04
5200 	 5302 	 6.8095290503e-01 	 2.9878460777e-04
5300 	 5405 	 6.8095193433e-01 	 1.6563998099e-04
5400 	 5507 	 6.8095094724e-01 	 1.8935261112e-04
5500 	 5608 	 6.8094988394e-01 	 1.1793765485e-04
5600 	 5710 	 6.8094876906e-01 	 3.2967704167e-04
5700 	 5813 	 6.8094749551e-01 	 1.4849094909e-04
5800 	 5916 	 6.8094623312e-01 	 1.0358218916e-04
5900 	 6020 	 6.8094532858e-01 	 1.0712037472e-04
6000 	 6123 	 6.8094466470e-01 	 2.4190364257e-04
6100 	 6224 	 6.8094414359e-01 	 2.0076698288e-04
6200 	 6325 	 6.8094373581e-01 	 6.2274547385e-05
6300 	 6425 	 6.8094344325e-01 	 5.6873996353e-05
6400 	 6527 	 6.8094311243e-01 	 6.5644997250e-05
6500 	 6628 	 6.8094274647e-01 	 7.1676724497e-05
6600 	 6732 	 6.8094249843e-01 	 7.4387991180e-05
6700 	 6835 	 6.8094228589e-01 	 6.5692430699e-05
6800 	 6937 	 6.8094206409e-01 	 7.2063589626e-05
6900 	 7039 	 6.8094173894e-01 	 8.2820523160e-05
7000 	 7142 	 6.8094144507e-01 	 5.6740571655e-05
7100 	 7246 	 6.8094118958e-01 	 6.5297910032e-05
7200 	 7347 	 6.8094089792e-01 	 4.1452590000e-05
7300 	 7450 	 6.8094064607e-01 	 6.6245460554e-05
7400 	 7552 	 6.8094043871e-01 	 4.6447779020e-05
7500 	 7656 	 6.8094019433e-01 	 6.2195767935e-05
7600 	 7762 	 6.8093992765e-01 	 4.3061030456e-05
7700 	 7863 	 6.8093969704e-01 	 5.2658717709e-05
7800 	 7966 	 6.8093950452e-01 	 4.3558944600e-05
7900 	 8069 	 6.8093933555e-01 	 7.9389959289e-05
8000 	 8172 	 6.8093916974e-01 	 5.6785336814e-05
8100 	 8273 	 6.8093904446e-01 	 4.3426568078e-05
8200 	 8373 	 6.8093893590e-01 	 2.8119089624e-05
8300 	 8475 	 6.8093883205e-01 	 2.6140718057e-05
8400 	 8576 	 6.8093870406e-01 	 3.9791039125e-05
8500 	 8680 	 6.8093856978e-01 	 4.1328513566e-05
8600 	 8782 	 6.8093844707e-01 	 4.1650126947e-05
8700 	 8884 	 6.8093832467e-01 	 6.2834908249e-05
8800 	 8986 	 6.8093817322e-01 	 4.0275058889e-05
8900 	 9088 	 6.8093805794e-01 	 3.6085422555e-05
9000 	 9190 	 6.8093794843e-01 	 4.7605557045e-05
9100 	 9290 	 6.8093786641e-01 	 3.6514388488e-05
9200 	 9394 	 6.8093778044e-01 	 2.3507580975e-05
9300 	 9499 	 6.8093770996e-01 	 1.9145616947e-05
9400 	 9599 	 6.8093763507e-01 	 3.8332557113e-05
9500 	 9703 	 6.8093752110e-01 	 5.8186094015e-05
9600 	 9804 	 6.8093740670e-01 	 4.1318325277e-05
9700 	 9907 	 6.8093728710e-01 	 5.1381409378e-05
9800 	 10010 	 6.8093718262e-01 	 6.4453859334e-05
9900 	 10113 	 6.8093709123e-01 	 3.7224810006e-05
10000 	 10216 	 6.8093699935e-01 	 3.3262580423e-05
10100 	 10319 	 6.8093693448e-01 	 2.5418491717e-05
10200 	 10420 	 6.8093687170e-01 	 2.5751287636e-05
10300 	 10522 	 6.8093679144e-01 	 3.1180112872e-05
10400 	 10622 	 6.8093669043e-01 	 3.3881852880e-05
10500 	 10726 	 6.8093657323e-01 	 2.8252963576e-05
10600 	 10829 	 6.8093641685e-01 	 3.9278451425e-05
10700 	 10932 	 6.8093629081e-01 	 3.7089437547e-05
10800 	 11033 	 6.8093614607e-01 	 3.2693767639e-05
10900 	 11133 	 6.8093602732e-01 	 4.0037010597e-05
11000 	 11237 	 6.8093593864e-01 	 4.6506981770e-05
11100 	 11339 	 6.8093584691e-01 	 3.9113897392e-05
11200 	 11444 	 6.8093577413e-01 	 3.0666329633e-05
11300 	 11545 	 6.8093572300e-01 	 2.1060438491e-05
11400 	 11648 	 6.8093569082e-01 	 1.7889964350e-05
11500 	 11751 	 6.8093567145e-01 	 3.3626217816e-05
11600 	 11851 	 6.8093565457e-01 	 1.2044598773e-05
11700 	 11952 	 6.8093564007e-01 	 1.0951831700e-05
11800 	 12054 	 6.8093562225e-01 	 1.4110841372e-05
11900 	 12155 	 6.8093560381e-01 	 2.1110964019e-05
12000 	 12257 	 6.8093559144e-01 	 1.2497972939e-05
12100 	 12359 	 6.8093558048e-01 	 1.8355223318e-05
12200 	 12460 	 6.8093556881e-01 	 1.7828286914e-05
12300 	 12563 	 6.8093555657e-01 	 1.4044722396e-05
12400 	 12665 	 6.8093554160e-01 	 9.4347146445e-06
12500 	 12770 	 6.8093552105e-01 	 1.4173665858e-05
12600 	 12873 	 6.8093550360e-01 	 1.1873474405e-05
12700 	 12975 	 6.8093548737e-01 	 1.2801196386e-05
12800 	 13077 	 6.8093547648e-01 	 8.9150683789e-06
12900 	 13179 	 6.8093546784e-01 	 1.1529581014e-05
13000 	 13282 	 6.8093545395e-01 	 2.8476584073e-05
13100 	 13383 	 6.8093543130e-01 	 1.8181548508e-05
13200 	 13486 	 6.8093540911e-01 	 2.8583209654e-05
13300 	 13587 	 6.8093538716e-01 	 1.8359058941e-05
13400 	 13691 	 6.8093536297e-01 	 1.7506345971e-05
13500 	 13792 	 6.8093534083e-01 	 2.4799940153e-05
13600 	 13892 	 6.8093531987e-01 	 1.7303449015e-05
13700 	 13993 	 6.8093530346e-01 	 1.3628207398e-05
13800 	 14095 	 6.8093529042e-01 	 9.1276584809e-06
13900 	 14196 	 6.8093528013e-01 	 9.0854686203e-06
14000 	 14298 	 6.8093526791e-01 	 1.2613722907e-05
14100 	 14401 	 6.8093525084e-01 	 1.2712751572e-05
14200 	 14504 	 6.8093523584e-01 	 1.2594429123e-05
14300 	 14605 	 6.8093522232e-01 	 1.8737659181e-05
14400 	 14706 	 6.8093521173e-01 	 9.1122494261e-06
14500 	 14807 	 6.8093520219e-01 	 1.3947336933e-05
14600 	 14910 	 6.8093518930e-01 	 2.1073182403e-05
14700 	 15013 	 6.8093517647e-01 	 1.1483295373e-05
14800 	 15114 	 6.8093516788e-01 	 8.2253076497e-06
14900 	 15217 	 6.8093516261e-01 	 9.5099730129e-06
15000 	 15318 	 6.8093515728e-01 	 7.5300597912e-06
15100 	 15421 	 6.8093515246e-01 	 6.9015536714e-06
15200 	 15524 	 6.8093514939e-01 	 4.7906659556e-06
15300 	 15626 	 6.8093514675e-01 	 1.1120403711e-05
15400 	 15730 	 6.8093514420e-01 	 1.0576386138e-05
15500 	 15831 	 6.8093514181e-01 	 5.1328234883e-06
15600 	 15933 	 6.8093513950e-01 	 1.1116729395e-05
15700 	 16038 	 6.8093513746e-01 	 3.4694898861e-06
15800 	 16139 	 6.8093513580e-01 	 3.6860061815e-06
15900 	 16239 	 6.8093513454e-01 	 4.3240172428e-06
16000 	 16342 	 6.8093513309e-01 	 7.6836056091e-06
16100 	 16444 	 6.8093513129e-01 	 9.2175475013e-06
16200 	 16544 	 6.8093512989e-01 	 5.1679619444e-06
16300 	 16645 	 6.8093512805e-01 	 4.0916406629e-06
16400 	 16748 	 6.8093512602e-01 	 5.6804532930e-06
16500 	 16852 	 6.8093512367e-01 	 8.7221829220e-06
16600 	 16956 	 6.8093512111e-01 	 1.3897050708e-05
16700 	 17057 	 6.8093511825e-01 	 5.7697981538e-06
16800 	 17161 	 6.8093511528e-01 	 5.6774532722e-06
16900 	 17266 	 6.8093511237e-01 	 6.6590591003e-06
17000 	 17366 	 6.8093510945e-01 	 5.8701021062e-06
17100 	 17469 	 6.8093510630e-01 	 5.1985499787e-06
17200 	 17573 	 6.8093510394e-01 	 5.5698558883e-06
17300 	 17677 	 6.8093510186e-01 	 4.0481374233e-06
17400 	 17779 	 6.8093510042e-01 	 7.4599494966e-06
17500 	 17880 	 6.8093509922e-01 	 3.2992498169e-06
17600 	 17983 	 6.8093509820e-01 	 5.6635487188e-06
17700 	 18085 	 6.8093509726e-01 	 2.8295393198e-06
17800 	 18188 	 6.8093509635e-01 	 2.7016390151e-06
17900 	 18291 	 6.8093509545e-01 	 2.6219568189e-06
18000 	 18394 	 6.8093509448e-01 	 5.2880866221e-06
18100 	 18494 	 6.8093509341e-01 	 9.3806848993e-06
18200 	 18596 	 6.8093509229e-01 	 3.0840514677e-06
18300 	 18698 	 6.8093509155e-01 	 2.4811837690e-06
18400 	 18800 	 6.8093509098e-01 	 2.6269628281e-06
18500 	 18900 	 6.8093509035e-01 	 3.1078603952e-06
18600 	 19002 	 6.8093508978e-01 	 2.3378847493e-06
18700 	 19105 	 6.8093508924e-01 	 1.8892148889e-06
18800 	 19207 	 6.8093508876e-01 	 1.6849815285e-06
18900 	 19311 	 6.8093508832e-01 	 1.8583683171e-06
19000 	 19414 	 6.8093508781e-01 	 2.3582621519e-06
19100 	 19516 	 6.8093508732e-01 	 4.5906310743e-06
19200 	 19620 	 6.8093508687e-01 	 1.8809034012e-06
19300 	 19724 	 6.8093508652e-01 	 2.7771317453e-06
19400 	 19825 	 6.8093508614e-01 	 2.0807996971e-06
19500 	 19928 	 6.8093508581e-01 	 1.3904366886e-06
19600 	 20030 	 6.8093508559e-01 	 1.6685334369e-06
19700 	 20133 	 6.8093508537e-01 	 1.7937462743e-06
19800 	 20235 	 6.8093508516e-01 	 1.8353450474e-06
19900 	 20337 	 6.8093508497e-01 	 1.7150855855e-06
20000 	 20441 	 6.8093508483e-01 	 1.5045370918e-06
20100 	 20542 	 6.8093508468e-01 	 2.0395143403e-06
20200 	 20645 	 6.8093508454e-01 	 1.1647165057e-06
20300 	 20747 	 6.8093508436e-01 	 1.3065606156e-06
20400 	 20851 	 6.8093508416e-01 	 1.2744796383e-06
20500 	 20953 	 6.8093508398e-01 	 1.4278541970e-06
20600 	 21054 	 6.8093508380e-01 	 1.1664059194e-06
20700 	 21158 	 6.8093508359e-01 	 1.8397092897e-06
20800 	 21263 	 6.8093508341e-01 	 1.2353182437e-06
20900 	 21365 	 6.8093508325e-01 	 3.2290435156e-06
21000 	 21466 	 6.8093508305e-01 	 1.6064525837e-06
21100 	 21568 	 6.8093508285e-01 	 1.4214140209e-06
21200 	 21668 	 6.8093508253e-01 	 3.0712895648e-06
21300 	 21771 	 6.8093508210e-01 	 2.2499196245e-06
21400 	 21872 	 6.8093508168e-01 	 1.8223890452e-06
21500 	 21974 	 6.8093508140e-01 	 4.4038585861e-06
21600 	 22077 	 6.8093508120e-01 	 1.3622606561e-06
21700 	 22180 	 6.8093508105e-01 	 1.1196815590e-06
21800 	 22281 	 6.8093508094e-01 	 1.3068305563e-06
21900 	 22385 	 6.8093508082e-01 	 1.0420276596e-06
22000 	 22489 	 6.8093508071e-01 	 8.9906133184e-07
22100 	 22591 	 6.8093508063e-01 	 2.9975339469e-06
22200 	 22694 	 6.8093508057e-01 	 7.6453452608e-07
22300 	 22797 	 6.8093508053e-01 	 6.4591564692e-07
22400 	 22900 	 6.8093508049e-01 	 6.7102162548e-07
22500 	 23002 	 6.8093508045e-01 	 1.6405204715e-06
22600 	 23106 	 6.8093508043e-01 	 9.7458169716e-07
22700 	 23207 	 6.8093508040e-01 	 5.1829865138e-07
22800 	 23309 	 6.8093508037e-01 	 5.0087703409e-07
22900 	 23413 	 6.8093508034e-01 	 1.3187418641e-06
23000 	 23516 	 6.8093508031e-01 	 5.1758397472e-07
23100 	 23617 	 6.8093508028e-01 	 4.6618712407e-07
23200 	 23720 	 6.8093508026e-01 	 6.3926523151e-07
23300 	 23824 	 6.8093508024e-01 	 4.5756927654e-07
23400 	 23927 	 6.8093508022e-01 	 3.3006673131e-07
23500 	 24029 	 6.8093508020e-01 	 6.0222687464e-07
23600 	 24131 	 6.8093508017e-01 	 3.9953794251e-07
23700 	 24232 	 6.8093508015e-01 	 6.8143178136e-07
23800 	 24334 	 6.8093508013e-01 	 7.7054880522e-07
23900 	 24435 	 6.8093508010e-01 	 4.9237808325e-07
24000 	 24540 	 6.8093508007e-01 	 7.7110349988e-07
24100 	 24641 	 6.8093508004e-01 	 6.0182000158e-07
24200 	 24741 	 6.8093508001e-01 	 5.1327818973e-07
24300 	 24843 	 6.8093507999e-01 	 5.6410783346e-07
24400 	 24946 	 6.8093507997e-01 	 5.4197615066e-07
24500 	 25050 	 6.8093507995e-01 	 7.4230051016e-07
24600 	 25150 	 6.8093507992e-01 	 3.6217043763e-07
24700 	 25253 	 6.8093507990e-01 	 5.3441327059e-07
24800 	 25356 	 6.8093507988e-01 	 3.5562726371e-07
24900 	 25457 	 6.8093507986e-01 	 3.9478186017e-07
25000 	 25559 	 6.8093507985e-01 	 3.4648926704e-07
25100 	 25662 	 6.8093507984e-01 	 5.1305347135e-07
25200 	 25765 	 6.8093507983e-01 	 2.9092688990e-07
25300 	 25868 	 6.8093507982e-01 	 2.9423258532e-07
25400 	 25970 	 6.8093507982e-01 	 3.2531799852e-07
25500 	 26072 	 6.8093507981e-01 	 3.5025143176e-07
25600 	 26175 	 6.8093507979e-01 	 2.6234894508e-07
25700 	 26278 	 6.8093507978e-01 	 3.2904918724e-07
25800 	 26381 	 6.8093507977e-01 	 2.7646471660e-07
25900 	 26484 	 6.8093507976e-01 	 2.7885280367e-07
26000 	 26586 	 6.8093507975e-01 	 3.2124588060e-07
26100 	 26687 	 6.8093507974e-01 	 4.0978925842e-07
26200 	 26793 	 6.8093507973e-01 	 5.4592299191e-07
26300 	 26893 	 6.8093507972e-01 	 2.2775583226e-07
26400 	 26995 	 6.8093507972e-01 	 2.6705555796e-07
26500 	 27099 	 6.8093507971e-01 	 3.3761343066e-07
26600 	 27201 	 6.8093507971e-01 	 2.2558939341e-07
26700 	 27304 	 6.8093507970e-01 	 1.4806829027e-07
26800 	 27407 	 6.8093507970e-01 	 2.0214534907e-07
26900 	 27508 	 6.8093507969e-01 	 1.9211915764e-07
27000 	 27610 	 6.8093507969e-01 	 1.8439265272e-07
27100 	 27711 	 6.8093507969e-01 	 3.1196666215e-07
27200 	 27815 	 6.8093507968e-01 	 2.1496154262e-07
27300 	 27919 	 6.8093507968e-01 	 2.6523472954e-07
27400 	 28021 	 6.8093507968e-01 	 1.7851221867e-07
27500 	 28126 	 6.8093507967e-01 	 2.5018562592e-07
27600 	 28229 	 6.8093507967e-01 	 4.2318133057e-07
27700 	 28333 	 6.8093507966e-01 	 2.4693674940e-07
27800 	 28437 	 6.8093507966e-01 	 2.4181579465e-07
27900 	 28539 	 6.8093507965e-01 	 6.5925328233e-07
28000 	 28642 	 6.8093507964e-01 	 3.4095476617e-07
28100 	 28743 	 6.8093507964e-01 	 3.7723587893e-07
28200 	 28846 	 6.8093507964e-01 	 2.6018061188e-07
28300 	 28946 	 6.8093507963e-01 	 2.1906420225e-07
28400 	 29048 	 6.8093507963e-01 	 2.5915926230e-07
28500 	 29149 	 6.8093507963e-01 	 2.8500018152e-07
28600 	 29250 	 6.8093507963e-01 	 1.6775330115e-07
28700 	 29351 	 6.8093507962e-01 	 1.5053718148e-07
28800 	 29453 	 6.8093507962e-01 	 1.4652004917e-07
28900 	 29555 	 6.8093507962e-01 	 1.3079889530e-07
29000 	 29656 	 6.8093507962e-01 	 1.0208486444e-07
29100 	 29758 	 6.8093507962e-01 	 8.1540228310e-08
29200 	 29862 	 6.8093507962e-01 	 2.8982876848e-07
29300 	 29965 	 6.8093507962e-01 	 1.0653895583e-07
29400 	 30068 	 6.8093507962e-01 	 2.1945519679e-07
29500 	 30170 	 6.8093507962e-01 	 9.7263095999e-08
29600 	 30272 	 6.8093507962e-01 	 8.7011558860e-08
29700 	 30376 	 6.8093507961e-01 	 1.0889230603e-07
29800 	 30479 	 6.8093507961e-01 	 1.4901887801e-07
29900 	 30582 	 6.8093507961e-01 	 1.6439808671e-07
30000 	 30686 	 6.8093507961e-01 	 2.2837799235e-07
30100 	 30791 	 6.8093507961e-01 	 6.5567124700e-08
30200 	 30895 	 6.8093507961e-01 	 1.5329384526e-07
30300 	 31002 	 6.8093507961e-01 	 1.5433551922e-07
30400 	 31108 	 6.8093507961e-01 	 2.0251562622e-07
30500 	 31215 	 6.8093507961e-01 	 9.6216409181e-08
30600 	 31315 	 6.8093507961e-01 	 8.1428121514e-08
30700 	 31419 	 6.8093507961e-01 	 1.4185985156e-07
30800 	 31521 	 6.8093507961e-01 	 8.9929472726e-08
30900 	 31622 	 6.8093507961e-01 	 8.9715504731e-08
31000 	 31723 	 6.8093507960e-01 	 1.1240191925e-07
31100 	 31827 	 6.8093507960e-01 	 9.3108549258e-08
31200 	 31930 	 6.8093507960e-01 	 2.4155278640e-07
31300 	 32031 	 6.8093507960e-01 	 7.6156348335e-08
31400 	 32136 	 6.8093507960e-01 	 9.4114053106e-08
31500 	 32242 	 6.8093507960e-01 	 1.3337108522e-07
31600 	 32347 	 6.8093507960e-01 	 6.0804039667e-08
31700 	 32456 	 6.8093507960e-01 	 6.3285031563e-08
31800 	 32566 	 6.8093507960e-01 	 8.4046365236e-08
# ---- 
 1 		 31895 	 32688 		 1.2261756589e+00 	 6.8093507960e-01 	 3.5139984026e-08
# ---- 
100 	 104 	 2.8090470295e+00 	 1.5231601125e-02
200 	 207 	 2.7980358637e+00 	 8.9615104457e-03
300 	 311 	 2.7938724329e+00 	 9.1205578615e-03
400 	 412 	 2.7915089649e+00 	 7.2678844490e-03
500 	 513 	 2.7900157520e+00 	 4.2031616849e-03
600 	 617 	 2.7892001342e+00 	 3.9198757425e-03
700 	 719 	 2.7887234436e+00 	 4.3393848054e-03
800 	 819 	 2.7884326643e+00 	 5.5128046939e-03
900 	 921 	 2.7881594311e+00 	 1.2163067044e-03
1000 	 1023 	 2.7879995247e+00 	 1.7353535567e-03
1100 	 1124 	 2.7878700858e+00 	 1.0391512332e-03
1200 	 1226 	 2.7877691358e+00 	 1.2118025858e-03
1300 	 1329 	 2.7877096412e+00 	 7.8102717976e-04
1400 	 1430 	 2.7876714911e+00 	 6.0668255810e-04
1500 	 1534 	 2.7876360492e+00 	 8.9717369305e-04
1600 	 1636 	 2.7876002745e+00 	 8.4777202692e-04
1700 	 1739 	 2.7875712761e+00 	 7.7256126578e-04
1800 	 1841 	 2.7875464012e+00 	 6.7524931456e-04
1900 	 1944 	 2.7875285838e+00 	 5.2542903191e-04
2000 	 2046 	 2.7875131032e+00 	 4.3110781106e-04
2100 	 2149 	 2.7874983206e+00 	 1.1044739745e-03
2200 	 2253 	 2.7874897439e+00 	 2.3583941130e-04
2300 	 2355 	 2.7874815911e+00 	 3.1467398599e-04
2400 	 2458 	 2.7874746554e+00 	 2.5293308368e-04
2500 	 2561 	 2.7874679359e+00 	 3.0906900832e-04
2600 	 2664 	 2.7874621795e+00 	 5.8608930942e-04
2700 	 2765 	 2.7874552870e+00 	 2.8905709292e-04
2800 	 2866 	 2.7874479413e+00 	 2.3688312112e-04
2900 	 2969 	 2.7874421754e+00 	 2.0507713710e-04
3000 	 3069 	 2.7874378803e+00 	 3.3306560293e-04
3100 	 3170 	 2.7874341759e+00 	 2.2069982126e-04
3200 	 3272 	 2.7874304243e+00 	 2.2706796724e-04
3300 	 3375 	 2.7874273026e+00 	 4.5075439602e-04
3400 	 3477 	 2.7874248463e+00 	 1.5842620384e-04
3500 	 3580 	 2.7874229748e+00 	 2.4730268024e-04
3600 	 3685 	 2.7874210980e+00 	 3.2510517347e-04
3700 	 3788 	 2.7874193665e+00 	 4.8744318090e-04
3800 	 3890 	 2.7874182078e+00 	 1.1633520097e-04
3900 	 3994 	 2.7874171765e+00 	 2.3035237261e-04
4000 	 4096 	 2.7874161714e+00 	 1.0534342583e-04
4100 	 4200 	 2.7874154765e+00 	 1.0425507959e-04
4200 	 4301 	 2.7874148177e+00 	 1.0245587787e-04
4300 	 4404 	 2.7874142898e+00 	 7.4261570825e-05
4400 	 4507 	 2.7874138109e+00 	 8.1929985712e-05
4500 	 4607 	 2.7874133848e+00 	 7.3096474376e-05
4600 	 4711 	 2.7874129110e+00 	 7.2222384302e-05
4700 	 4816 	 2.7874124122e+00 	 7.9415893575e-05
4800 	 4917 	 2.7874119290e+00 	 8.5221612867e-05
4900 	 5020 	 2.7874115079e+00 	 1.9368893304e-04
5000 	 5124 	 2.7874112087e+00 	 1.1249123113e-04
5100 	 5225 	 2.7874109301e+00 	 4.9766779409e-05
5200 	 5329 	 2.7874106546e+00 	 5.9325857370e-05
5300 	 5432 	 2.7874104360e+00 	 7.1151455742e-05
5400 	 5534 	 2.7874102896e+00 	 3.9199763451e-05
5500 	 5637 	 2.7874101602e+00 	 3.1936674572e-05
5600 	 5739 	 2.7874100647e+00 	 3.7932112818e-05
5700 	 5841 	 2.7874099730e+00 	 3.9199978383e-05
5800 	 5943 	 2.7874098623e+00 	 5.8009663756e-05
5900 	 6044 	 2.7874097404e+00 	 3.5926304938e-05
6000 	 6147 	 2.7874096546e+00 	 2.3670184003e-05
6100 	 6248 	 2.7874095929e+00 	 4.9940462877e-05
6200 	 6351 	 2.7874095350e+00 	 4.2506496447e-05
6300 	 6454 	 2.7874094869e+00 	 2.9446520092e-05
6400 	 6556 	 2.7874094443e+00 	 4.2764713333e-05
6500 	 6657 	 2.7874094029e+00 	 4.9327888070e-05
6600 	 6758 	 2.7874093661e+00 	 3.5213431211e-05
6700 	 6859 	 2.7874093241e+00 	 2.0821257214e-05
6800 	 6961 	 2.7874092797e+00 	 2.9230119548e-05
6900 	 7065 	 2.7874092349e+00 	 2.9882779396e-05
7000 	 7167 	 2.7874092005e+00 	 1.9600700127e-05
7100 	 7271 	 2.7874091667e+00 	 1.9542394292e-05
7200 	 7371 	 2.7874091374e+00 	 1.9288067988e-05
7300 	 7473 	 2.7874091164e+00 	 1.7035123208e-05
7400 	 7574 	 2.7874090978e+00 	 1.4007718418e-05
7500 	 7676 	 2.7874090852e+00 	 1.2245346203e-05
7600 	 7779 	 2.7874090737e+00 	 9.4087050264e-06
7700 	 7881 	 2.7874090606e+00 	 3.8504103788e-05
7800 	 7982 	 2.7874090451e+00 	 1.6909411374e-05
7900 	 8087 	 2.7874090321e+00 	 1.3924699309e-05
8000 	 8190 	 2.7874090209e+00 	 1.1077503192e-05
8100 	 8294 	 2.7874090101e+00 	 1.5537352012e-05
8200 	 8396 	 2.7874090009e+00 	 1.2378537736e-05
8300 	 8499 	 2.7874089917e+00 	 9.3792154398e-06
8400 	 8602 	 2.7874089821e+00 	 1.6870740488e-05
8500 	 8703 	 2.7874089739e+00 	 7.5574208470e-06
8600 	 8803 	 2.7874089670e+00 	 8.5939460625e-06
8700 	 8903 	 2.7874089615e+00 	 6.8399319864e-06
8800 	 9006 	 2.7874089579e+00 	 7.1506551741e-06
8900 	 9110 	 2.7874089551e+00 	 4.5855378663e-06
9000 	 9213 	 2.7874089533e+00 	 3.5312904978e-06
9100 	 9314 	 2.7874089517e+00 	 3.5845418388e-06
9200 	 9417 	 2.7874089504e+00 	 5.4804825911e-06
9300 	 9518 	 2.7874089486e+00 	 7.6901038461e-06
9400 	 9619 	 2.7874089472e+00 	 4.1965678814e-06
9500 	 9724 	 2.7874089456e+00 	 6.9000018656e-06
9600 	 9827 	 2.7874089435e+00 	 1.1968684173e-05
9700 	 9930 	 2.7874089411e+00 	 5.4103369754e-06
9800 	 10032 	 2.7874089389e+00 	 3.8497689003e-06
9900 	 10135 	 2.7874089369e+00 	 5.7754714006e-06
10000 	 10239 	 2.7874089350e+00 	 6.1428310960e-06
10100 	 10342 	 2.7874089334e+00 	 4.4022833101e-06
10200 	 10446 	 2.7874089318e+00 	 4.5040298427e-06
10300 	 10548 	 2.7874089304e+00 	 3.2268699458e-06
10400 	 10652 	 2.7874089293e+00 	 1.0196950159e-05
10500 	 10753 	 2.7874089281e+00 	 3.4040831476e-06
10600 	 10856 	 2.7874089271e+00 	 8.4452466394e-06
10700 	 10960 	 2.7874089263e+00 	 5.0204823518e-06
10800 	 11065 	 2.7874089256e+00 	 4.3728694055e-06
10900 	 11168 	 2.7874089251e+00 	 2.1128923631e-06
11000 	 11270 	 2.7874089245e+00 	 2.5988541022e-06
11100 	 11371 	 2.7874089239e+00 	 1.8747912831e-06
11200 	 11472 	 2.7874089233e+00 	 2.3914809265e-06
11300 	 11575 	 2.7874089226e+00 	 3.1144177952e-06
11400 	 11677 	 2.7874089220e+00 	 6.4469878852e-06
11500 	 11781 	 2.7874089215e+00 	 2.3081440304e-06
11600 	 11882 	 2.7874089210e+00 	 1.9398257962e-06
11700 	 11984 	 2.7874089207e+00 	 3.4052382691e-06
11800 	 12090 	 2.7874089204e+00 	 1.4653675462e-06
11900 	 12194 	 2.7874089202e+00 	 1.1927656173e-06
12000 	 12296 	 2.7874089200e+00 	 1.5523302006e-06
12100 	 12399 	 2.7874089199e+00 	 1.4434563832e-06
12200 	 12500 	 2.7874089197e+00 	 1.4523465601e-06
12300 	 12603 	 2.7874089195e+00 	 1.1184003308e-06
12400 	 12708 	 2.7874089194e+00 	 1.2886734099e-06
12500 	 12810 	 2.7874089193e+00 	 2.0553944656e-06
12600 	 12913 	 2.7874089192e+00 	 1.6693987506e-06
12700 	 13014 	 2.7874089191e+00 	 9.7783605793e-07
12800 	 13117 	 2.7874089190e+00 	 9.0182400029e-07
12900 	 13219 	 2.7874089189e+00 	 7.4503770531e-07
13000 	 13321 	 2.7874089189e+00 	 8.4290329414e-07
13100 	 13423 	 2.7874089188e+00 	 6.2228918151e-07
13200 	 13524 	 2.7874089188e+00 	 2.0945849706e-06
13300 	 13626 	 2.7874089187e+00 	 1.4726254796e-06
13400 	 13727 	 2.7874089186e+00 	 2.5430228032e-06
13500 	 13830 	 2.7874089186e+00 	 8.6036265107e-07
13600 	 13930 	 2.7874089185e+00 	 7.9597049182e-07
13700 	 14031 	 2.7874089184e+00 	 9.4656696947e-07
13800 	 14134 	 2.7874089183e+00 	 7.1382471279e-07
13900 	 14237 	 2.7874089183e+00 	 8.8388491514e-07
14000 	 14339 	 2.7874089182e+00 	 7.5717052717e-07
14100 	 14440 	 2.7874089182e+00 	 1.3712218074e-06
14200 	 14541 	 2.7874089181e+00 	 5.2863128484e-07
14300 	 14645 	 2.7874089181e+00 	 5.9292424517e-07
14400 	 14747 	 2.7874089181e+00 	 8.4870518857e-07
14500 	 14853 	 2.7874089181e+00 	 8.5677991908e-07
14600 	 14956 	 2.7874089181e+00 	 5.2728473488e-07
14700 	 15057 	 2.7874089180e+00 	 6.8813784176e-07
14800 	 15159 	 2.7874089180e+00 	 3.6085749163e-07
14900 	 15262 	 2.7874089180e+00 	 2.6773351295e-07
15000 	 15363 	 2.7874089180e+00 	 3.4437262812e-07
15100 	 15466 	 2.7874089180e+00 	 7.8548318902e-07
15200 	 15567 	 2.7874089180e+00 	 3.6183196952e-07
15300 	 15669 	 2.7874089180e+00 	 2.6025470876e-07
15400 	 15772 	 2.7874089180e+00 	 3.8668668960e-07
15500 	 15874 	 2.7874089180e+00 	 4.5627071343e-07
15600 	 15975 	 2.7874089180e+00 	 3.4126499805e-07
15700 	 16079 	 2.7874089180e+00 	 2.9003924187e-07
15800 	 16181 	 2.7874089180e+00 	 3.0505838677e-07
15900 	 16285 	 2.7874089179e+00 	 4.2399240715e-07
16000 	 16387 	 2.7874089179e+00 	 2.5050880667e-07
16100 	 16492 	 2.7874089179e+00 	 2.3661572404e-07
16200 	 16594 	 2.7874089179e+00 	 4.5064662282e-07
16300 	 16695 	 2.7874089179e+00 	 2.5379805217e-07
16400 	 16799 	 2.7874089179e+00 	 1.9460197753e-07
16500 	 16902 	 2.7874089179e+00 	 1.6972730826e-07
16600 	 17005 	 2.7874089179e+00 	 1.9689280955e-07
16700 	 17107 	 2.7874089179e+00 	 2.3475239188e-07
16800 	 17213 	 2.7874089179e+00 	 1.1329935741e-07
16900 	 17321 	 2.7874089179e+00 	 1.4367976575e-07
17000 	 17430 	 2.7874089179e+00 	 3.4339981386e-07
17100 	 17537 	 2.7874089179e+00 	 1.9275911801e-07
17200 	 17647 	 2.7874089179e+00 	 1.0129813350e-07
17300 	 17758 	 2.7874089179e+00 	 7.9712096214e-08
17400 	 17873 	 2.7874089179e+00 	 1.8312452775e-07
17500 	 17976 	 2.7874089179e+00 	 1.1876200149e-07
17600 	 18084 	 2.7874089179e+00 	 2.2712538427e-07
17700 	 18192 	 2.7874089179e+00 	 1.4971654480e-07
17800 	 18296 	 2.7874089179e+00 	 8.8292974272e-08
17900 	 18400 	 2.7874089179e+00 	 1.4541437806e-07
18000 	 18509 	 2.7874089179e+00 	 1.1886823288e-07
18100 	 18622 	 2.7874089179e+00 	 6.1747629164e-08
18200 	 18729 	 2.7874089179e+00 	 8.7931366414e-08
# ---- 
 1 		 18295 	 18852 		 3.2933146338e+00 	 2.7874089179e+00 	 1.6784072850e-07
# ---- 
100 	 104 	 6.3657362473e+00 	 2.3435622942e-02
200 	 204 	 6.3582782986e+00 	 6.1881834576e-03
300 	 308 	 6.3557499643e+00 	 5.3477735131e-03
400 	 410 	 6.3540472612e+00 	 6.6112567474e-03
500 	 512 	 6.3530925233e+00 	 3.5637997794e-03
600 	 612 	 6.3525170421e+00 	 2.6034021534e-03
700 	 713 	 6.3522378006e+00 	 1.5525754808e-03
800 	 814 	 6.3520233083e+00 	 1.3273529088e-03
900 	 915 	 6.3518674201e+00 	 1.6299967273e-03
1000 	 1016 	 6.3517682440e+00 	 1.1197006690e-03
1100 	 1117 	 6.3516924466e+00 	 8.8961227050e-04
1200 	 1219 	 6.3516464773e+00 	 8.7139445606e-04
1300 	 1320 	 6.3516185265e+00 	 4.6731907849e-04
1400 	 1422 	 6.3515954729e+00 	 5.5002586846e-04
1500 	 1527 	 6.3515725762e+00 	 4.4723276165e-04
1600 	 1629 	 6.3515515417e+00 	 4.9744771929e-04
1700 	 1729 	 6.3515337603e+00 	 5.1584808919e-04
1800 	 1833 	 6.3515219527e+00 	 3.5883766260e-04
1900 	 1935 	 6.3515132955e+00 	 4.5382565134e-04
2000 	 2038 	 6.3515054637e+00 	 3.4401615141e-04
2100 	 2139 	 6.3514974973e+00 	 3.3763062605e-04
2200 	 2240 	 6.3514898391e+00 	 7.3657259147e-04
2300 	 2344 	 6.3514836962e+00 	 4.1783996129e-04
2400 	 2447 	 6.3514781848e+00 	 5.2221859805e-04
2500 	 2549 	 6.3514730520e+00 	 2.4653555165e-04
2600 	 2651 	 6.3514693229e+00 	 1.7659840726e-04
2700 	 2753 	 6.3514662468e+00 	 1.6000577325e-04
2800 	 2854 	 6.3514632828e+00 	 1.5432731999e-04
2900 	 2957 	 6.3514606823e+00 	 1.3000425026e-04
3000 	 3058 	 6.3514586306e+00 	 1.6641433083e-04
3100 	 3158 	 6.3514569689e+00 	 1.1851978031e-04
3200 	 3259 	 6.3514555812e+00 	 1.3674133690e-04
3300 	 3362 	 6.3514543487e+00 	 1.6055287235e-04
3400 	 3466 	 6.3514532652e+00 	 1.1227677496e-04
3500 	 3568 	 6.3514523809e+00 	 1.4681173651e-04
3600 	 3670 	 6.3514516266e+00 	 7.5075704889e-05
3700 	 3773 	 6.3514509544e+00 	 7.7375184958e-05
3800 	 3875 	 6.3514504326e+00 	 1.7362096314e-04
3900 	 3979 	 6.3514499831e+00 	 7.4515716028e-05
4000 	 4081 	 6.3514495744e+00 	 1.9677076892e-04
4100 	 4185 	 6.3514491663e+00 	 7.0417333621e-05
4200 	 4287 	 6.3514488058e+00 	 8.8499117647e-05
4300 	 4389 	 6.3514484735e+00 	 1.1353358793e-04
4400 	 4493 	 6.3514481449e+00 	 6.4856247012e-05
4500 	 4595 	 6.3514478475e+00 	 1.0339346381e-04
4600 	 4697 	 6.3514476163e+00 	 3.6577102945e-05
4700 	 4799 	 6.3514474384e+00 	 1.0111103835e-04
4800 	 4901 	 6.3514472863e+00 	 4.2457320913e-05
4900 	 5004 	 6.3514471300e+00 	 4.0350492050e-05
5000 	 5105 	 6.3514470184e+00 	 4.5651812583e-05
5100 	 5206 	 6.3514469268e+00 	 3.5285623481e-05
5200 	 5308 	 6.3514468552e+00 	 4.0663656102e-05
5300 	 5412 	 6.3514467882e+00 	 2.5329544715e-05
5400 	 5515 	 6.3514467269e+00 	 3.2644832488e-05
5500 	 5618 	 6.3514466621e+00 	 4.5967038555e-05
5600 	 5719 	 6.3514466035e+00 	 4.1097798642e-05
5700 	 5822 	 6.3514465710e+00 	 2.2853849732e-05
5800 	 5922 	 6.3514465410e+00 	 1.8722774475e-05
5900 	 6024 	 6.3514465105e+00 	 3.5839496943e-05
6000 	 6126 	 6.3514464873e+00 	 1.7804477423e-05
6100 	 6227 	 6.3514464707e+00 	 1.2439417412e-05
6200 	 6329 	 6.3514464589e+00 	 1.3590066462e-05
6300 	 6432 	 6.3514464488e+00 	 1.0271433247e-05
6400 	 6537 	 6.3514464375e+00 	 2.0122071543e-05
6500 	 6640 	 6.3514464243e+00 	 2.3601999689e-05
6600 	 6744 	 6.3514464102e+00 	 1.3316113819e-05
6700 	 6846 	 6.3514463978e+00 	 1.2885645569e-05
6800 	 6949 	 6.3514463862e+00 	 1.2673044061e-05
6900 	 7052 	 6.3514463746e+00 	 1.7949777355e-05
7000 	 7155 	 6.3514463625e+00 	 1.7697039667e-05
7100 	 7256 	 6.3514463528e+00 	 8.2490633924e-06
7200 	 7358 	 6.3514463438e+00 	 9.4799241402e-06
7300 	 7460 	 6.3514463360e+00 	 8.5058980041e-06
7400 	 7566 	 6.3514463314e+00 	 1.0990698501e-05
7500 	 7669 	 6.3514463282e+00 	 5.4730766282e-06
7600 	 7771 	 6.3514463257e+00 	 6.2300692351e-06
7700 	 7875 	 6.3514463232e+00 	 7.2772564374e-06
7800 	 7976 	 6.3514463205e+00 	 5.4827778405e-06
7900 	 8077 	 6.3514463180e+00 	 6.0375257530e-06
8000 	 8181 	 6.3514463161e+00 	 4.1330323971e-06
8100 	 8283 	 6.3514463143e+00 	 4.0016273791e-06
8200 	 8385 	 6.3514463129e+00 	 5.2431218774e-06
8300 	 8487 	 6.3514463116e+00 	 3.6963975260e-06
8400 	 8588 	 6.3514463103e+00 	 4.1382349764e-06
8500 	 8689 	 6.3514463091e+00 	 3.3881733475e-06
8600 	 8791 	 6.3514463079e+00 	 3.1047150853e-06
8700 	 8895 	 6.3514463070e+00 	 2.9893204757e-06
8800 	 8996 	 6.3514463062e+00 	 2.2335523741e-06
8900 	 9099 	 6.3514463055e+00 	 3.5745105439e-06
9000 	 9201 	 6.3514463047e+00 	 2.5788100716e-06
9100 	 9303 	 6.3514463042e+00 	 2.8809988069e-06
9200 	 9405 	 6.3514463037e+00 	 2.7133398674e-06
9300 	 9508 	 6.3514463031e+00 	 2.2947272198e-06
9400 	 9611 	 6.3514463026e+00 	 2.4909008272e-06
9500 	 9713 	 6.3514463021e+00 	 5.8726149886e-06
9600 	 9816 	 6.3514463016e+00 	 2.8789338641e-06
9700 	 9918 	 6.3514463011e+00 	 2.0694110207e-06
9800 	 10020 	 6.3514463007e+00 	 2.2850366268e-06
9900 	 10123 	 6.3514463004e+00 	 2.0235945349e-06
10000 	 10223 	 6.3514463001e+00 	 1.8334684915e-06
10100 	 10328 	 6.3514462998e+00 	 1.6258591547e-06
10200 	 10431 	 6.3514462995e+00 	 1.3914072709e-06
10300 	 10533 	 6.3514462993e+00 	 1.1699458923e-06
10400 	 10637 	 6.3514462992e+00 	 1.0027724077e-06
10500 	 10740 	 6.3514462991e+00 	 1.0136743321e-06
10600 	 10842 	 6.3514462990e+00 	 9.6227488245e-07
10700 	 10945 	 6.3514462989e+00 	 2.8641363211e-06
10800 	 11050 	 6.3514462988e+00 	 9.7559889339e-07
10900 	 11153 	 6.3514462987e+00 	 9.8184019514e-07
11000 	 11253 	 6.3514462986e+00 	 1.0289286522e-06
11100 	 11355 	 6.3514462985e+00 	 1.7761367929e-06
11200 	 11458 	 6.3514462984e+00 	 1.0723037407e-06
11300 	 11558 	 6.3514462983e+00 	 9.2822380267e-07
11400 	 11662 	 6.3514462982e+00 	 8.6277353463e-07
11500 	 11763 	 6.3514462981e+00 	 1.8993657006e-06
11600 	 11866 	 6.3514462980e+00 	 1.5274314920e-06
11700 	 11968 	 6.3514462980e+00 	 1.4301382634e-06
11800 	 12071 	 6.3514462979e+00 	 1.1728693578e-06
11900 	 12172 	 6.3514462979e+00 	 4.7118328881e-07
12000 	 12273 	 6.3514462978e+00 	 5.5075425524e-07
12100 	 12375 	 6.3514462978e+00 	 5.3296182644e-07
12200 	 12476 	 6.3514462978e+00 	 4.5988829140e-07
12300 	 12576 	 6.3514462977e+00 	 4.7807199437e-07
12400 	 12678 	 6.3514462977e+00 	 1.0227359850e-06
12500 	 12781 	 6.3514462977e+00 	 3.1838007723e-07
12600 	 12881 	 6.3514462977e+00 	 3.8768267832e-07
12700 	 12986 	 6.3514462977e+00 	 9.6106526281e-07
12800 	 13088 	 6.3514462977e+00 	 5.8627917068e-07
12900 	 13195 	 6.3514462977e+00 	 2.5002579558e-07
13000 	 13299 	 6.3514462977e+00 	 4.3383758167e-07
13100 	 13402 	 6.3514462977e+00 	 2.9765446719e-07
13200 	 13505 	 6.3514462976e+00 	 5.0017458544e-07
13300 	 13609 	 6.3514462976e+00 	 3.0347239547e-07
13400 	 13713 	 6.3514462976e+00 	 4.3650135667e-07
13500 	 13814 	 6.3514462976e+00 	 3.7555297733e-07
13600 	 13915 	 6.3514462976e+00 	 3.4478069489e-07
13700 	 14020 	 6.3514462976e+00 	 1.8766687194e-07
13800 	 14125 	 6.3514462976e+00 	 5.7193231864e-07
13900 	 14229 	 6.3514462976e+00 	 2.3732729793e-07
14000 	 14333 	 6.3514462976e+00 	 2.3554482129e-07
14100 	 14438 	 6.3514462976e+00 	 2.3035577959e-07
14200 	 14543 	 6.3514462976e+00 	 1.4328435797e-07
14300 	 14647 	 6.3514462976e+00 	 1.8799058950e-07
14400 	 14751 	 6.3514462976e+00 	 1.7373438618e-07
14500 	 14855 	 6.3514462976e+00 	 2.2147858155e-07
14600 	 14960 	 6.3514462976e+00 	 1.5295426689e-07
14700 	 15071 	 6.3514462976e+00 	 2.0230362957e-07
14800 	 15187 	 6.3514462976e+00 	 1.6062253911e-07
14900 	 15300 	 6.3514462976e+00 	 1.4759443019e-07
15000 	 15418 	 6.3514462976e+00 	 5.2839676969e-08
15100 	 15535 	 6.3514462976e+00 	 1.2670138153e-07
# ---- 
 1 		 15184 	 15642 		 6.8476824756e+00 	 6.3514462976e+00 	 7.0064924320e-08
# ---- 
100 	 102 	 1.1398344166e+01 	 2.6689369473e-02
200 	 204 	 1.1392946202e+01 	 5.7651559530e-03
300 	 305 	 1.1390951871e+01 	 4.6769725229e-03
400 	 406 	 1.1389645959e+01 	 5.8668503300e-03
500 	 507 	 1.1388917827e+01 	 2.7198233076e-03
600 	 608 	 1.1388441927e+01 	 1.8357609883e-03
700 	 709 	 1.1388166299e+01 	 3.3185191078e-03
800 	 812 	 1.1387978938e+01 	 9.9449454974e-04
900 	 914 	 1.1387884476e+01 	 1.2851083238e-03
1000 	 1017 	 1.1387796132e+01 	 1.9984785292e-03
1100 	 1118 	 1.1387734360e+01 	 8.0029147695e-04
1200 	 1221 	 1.1387704604e+01 	 5.0979370248e-04
1300 	 1322 	 1.1387683243e+01 	 5.3734895469e-04
1400 	 1422 	 1.1387662988e+01 	 5.1308558680e-04
1500 	 1525 	 1.1387646766e+01 	 1.1365695954e-03
1600 	 1629 	 1.1387633189e+01 	 3.7033177136e-04
1700 	 1735 	 1.1387622609e+01 	 2.8115069466e-04
1800 	 1839 	 1.1387614283e+01 	 4.7191753464e-04
1900 	 1941 	 1.1387608592e+01 	 2.5958543270e-04
2000 	 2044 	 1.1387601066e+01 	 6.8200541500e-04
2100 	 2147 	 1.1387593493e+01 	 2.7630621277e-04
2200 	 2249 	 1.1387588146e+01 	 2.3959076470e-04
2300 	 2352 	 1.1387585123e+01 	 5.2471408476e-04
2400 	 2455 	 1.1387582387e+01 	 1.4365333861e-04
2500 	 2557 	 1.1387580625e+01 	 2.2911565611e-04
2600 	 2658 	 1.1387577965e+01 	 3.8819284351e-04
2700 	 2762 	 1.1387575195e+01 	 1.7821229462e-04
2800 	 2862 	 1.1387572668e+01 	 2.0406806505e-04
2900 	 2965 	 1.1387570785e+01 	 1.3381934068e-04
3000 	 3066 	 1.1387569005e+01 	 1.3919217351e-04
3100 	 3168 	 1.1387567493e+01 	 2.9970389538e-04
3200 	 3269 	 1.1387566300e+01 	 1.2056203145e-04
3300 	 3369 	 1.1387565428e+01 	 1.1391408844e-04
3400 	 3471 	 1.1387564440e+01 	 8.6669727269e-05
3500 	 3572 	 1.1387563732e+01 	 1.1966395837e-04
3600 	 3673 	 1.1387563177e+01 	 7.0784577768e-05
3700 	 3775 	 1.1387562656e+01 	 5.7940872148e-05
3800 	 3878 	 1.1387562265e+01 	 7.0082990865e-05
3900 	 3982 	 1.1387561968e+01 	 5.7562933413e-05
4000 	 4084 	 1.1387561718e+01 	 5.4688449476e-05
4100 	 4188 	 1.1387561486e+01 	 4.2969998385e-05
4200 	 4291 	 1.1387561321e+01 	 4.1213079514e-05
4300 	 4393 	 1.1387561170e+01 	 6.1688461938e-05
4400 	 4494 	 1.1387561021e+01 	 3.8946005662e-05
4500 	 4597 	 1.1387560901e+01 	 8.8243976626e-05
4600 	 4699 	 1.1387560778e+01 	 4.4352208790e-05
4700 	 4801 	 1.1387560651e+01 	 4.3802930345e-05
4800 	 4902 	 1.1387560554e+01 	 3.0756621907e-05
4900 	 5005 	 1.1387560474e+01 	 8.1192546255e-05
5000 	 5109 	 1.1387560410e+01 	 8.0935541177e-05
5100 	 5209 	 1.1387560356e+01 	 2.8632561878e-05
5200 	 5310 	 1.1387560314e+01 	 2.9640362343e-05
5300 	 5411 	 1.1387560286e+01 	 1.5303922100e-05
5400 	 5513 	 1.1387560261e+01 	 4.8055650745e-05
5500 	 5615 	 1.1387560233e+01 	 2.4593591939e-05
5600 	 5717 	 1.1387560212e+01 	 1.2666454989e-05
5700 	 5818 	 1.1387560195e+01 	 2.6553183835e-05
5800 	 5920 	 1.1387560178e+01 	 1.3272705883e-05
5900 	 6024 	 1.1387560165e+01 	 1.2474491050e-05
6000 	 6127 	 1.1387560153e+01 	 1.1250298651e-05
6100 	 6230 	 1.1387560142e+01 	 1.2300950117e-05
6200 	 6332 	 1.1387560130e+01 	 1.9646429734e-05
6300 	 6435 	 1.1387560115e+01 	 1.3061104833e-05
6400 	 6540 	 1.1387560101e+01 	 1.7084696070e-05
6500 	 6642 	 1.1387560093e+01 	 9.3569111686e-06
6600 	 6744 	 1.1387560086e+01 	 6.3327805945e-06
6700 	 6849 	 1.1387560080e+01 	 8.8044800519e-06
6800 	 6952 	 1.1387560075e+01 	 7.3188547732e-06
6900 	 7055 	 1.1387560071e+01 	 1.0164333519e-05
7000 	 7158 	 1.1387560068e+01 	 8.9795125503e-06
7100 	 7261 	 1.1387560065e+01 	 6.8449051296e-06
7200 	 7363 	 1.1387560063e+01 	 7.2162688147e-06
7300 	 7466 	 1.1387560061e+01 	 5.0535863493e-06
7400 	 7567 	 1.1387560058e+01 	 4.9018638259e-06
7500 	 7668 	 1.1387560056e+01 	 7.3473981368e-06
7600 	 7771 	 1.1387560054e+01 	 3.6786557042e-06
7700 	 7873 	 1.1387560052e+01 	 4.7558519061e-06
7800 	 7974 	 1.1387560049e+01 	 4.2451028829e-06
7900 	 8075 	 1.1387560047e+01 	 5.4128050839e-06
8000 	 8179 	 1.1387560046e+01 	 5.5029271869e-06
8100 	 8283 	 1.1387560044e+01 	 8.4178197165e-06
8200 	 8385 	 1.1387560043e+01 	 6.7982902355e-06
8300 	 8487 	 1.1387560042e+01 	 6.2682777733e-06
8400 	 8588 	 1.1387560041e+01 	 2.8129164240e-06
8500 	 8691 	 1.1387560041e+01 	 2.7913948753e-06
8600 	 8792 	 1.1387560040e+01 	 3.7688312933e-06
8700 	 8895 	 1.1387560039e+01 	 2.9473388826e-06
8800 	 8997 	 1.1387560039e+01 	 3.3955091740e-06
8900 	 9099 	 1.1387560038e+01 	 3.6595378762e-06
9000 	 9201 	 1.1387560037e+01 	 1.7928065996e-06
9100 	 9302 	 1.1387560037e+01 	 2.4230649792e-06
9200 	 9405 	 1.1387560037e+01 	 2.0391815151e-06
9300 	 9507 	 1.1387560036e+01 	 1.4754354937e-06
9400 	 9610 	 1.1387560036e+01 	 1.2839829644e-06
9500 	 9712 	 1.1387560036e+01 	 1.5828983910e-06
9600 	 9815 	 1.1387560036e+01 	 1.4295960823e-06
9700 	 9916 	 1.1387560036e+01 	 1.1158163842e-06
9800 	 10016 	 1.1387560035e+01 	 1.6362182278e-06
9900 	 10120 	 1.1387560035e+01 	 1.1277417468e-06
10000 	 10222 	 1.1387560035e+01 	 1.5725708492e-06
10100 	 10326 	 1.1387560035e+01 	 1.5742827809e-06
10200 	 10428 	 1.1387560035e+01 	 1.1998267093e-06
10300 	 10531 	 1.1387560035e+01 	 1.4321392470e-06
10400 	 10634 	 1.1387560035e+01 	 7.5006956898e-07
10500 	 10735 	 1.1387560035e+01 	 7.5129087255e-07
10600 	 10836 	 1.1387560035e+01 	 1.2392080635e-06
10700 	 10938 	 1.1387560034e+01 	 8.3189798151e-07
10800 	 11040 	 1.1387560034e+01 	 7.9730766925e-07
10900 	 11142 	 1.1387560034e+01 	 6.1521056136e-07
11000 	 11243 	 1.1387560034e+01 	 5.9526781695e-07
11100 	 11344 	 1.1387560034e+01 	 1.8021196169e-06
11200 	 11447 	 1.1387560034e+01 	 5.5188541104e-07
11300 	 11550 	 1.1387560034e+01 	 5.8166899088e-07
11400 	 11652 	 1.1387560034e+01 	 6.1242073295e-07
11500 	 11755 	 1.1387560034e+01 	 6.4724241057e-07
11600 	 11859 	 1.1387560034e+01 	 9.6075432050e-07
11700 	 11962 	 1.1387560034e+01 	 4.2430051306e-07
11800 	 12065 	 1.1387560034e+01 	 4.0960751614e-07
11900 	 12171 	 1.1387560034e+01 	 3.0026597012e-07
12000 	 12276 	 1.1387560034e+01 	 3.0167505682e-07
12100 	 12381 	 1.1387560034e+01 	 8.5781952832e-07
12200 	 12485 	 1.1387560034e+01 	 2.7095637091e-07
12300 	 12591 	 1.1387560034e+01 	 6.1097232865e-07
12400 	 12695 	 1.1387560034e+01 	 2.7536145362e-07
12500 	 12799 	 1.1387560034e+01 	 2.5804055935e-07
12600 	 12902 	 1.1387560034e+01 	 3.2847433573e-07
12700 	 13010 	 1.1387560034e+01 	 2.2693602996e-07
12800 	 13120 	 1.1387560034e+01 	 1.5612044465e-07
# ---- 
 1 		 12890 	 13245 		 1.1878875579e+01 	 1.1387560034e+01 	 1.6983924900e-07
# ---- 
100 	 103 	 1.7913651121e+01 	 1.4497227416e-02
200 	 204 	 1.7909362068e+01 	 6.6697279606e-03
300 	 304 	 1.7907738842e+01 	 5.3174117596e-03
400 	 407 	 1.7906602201e+01 	 3.6054978035e-03
500 	 509 	 1.7905950716e+01 	 3.2706755779e-03
600 	 612 	 1.7905550288e+01 	 1.9381201678e-03
700 	 714 	 1.7905309545e+01 	 2.5012499208e-03
800 	 814 	 1.7905163663e+01 	 1.1168993288e-03
900 	 917 	 1.7905080211e+01 	 9.9452226415e-04
1000 	 1019 	 1.7905009562e+01 	 9.6752166743e-04
1100 	 1122 	 1.7904968180e+01 	 8.7440669292e-04
1200 	 1226 	 1.7904942249e+01 	 5.1400498144e-04
1300 	 1330 	 1.7904924262e+01 	 4.1631203863e-04
1400 	 1430 	 1.7904908526e+01 	 4.7993426040e-04
1500 	 1533 	 1.7904895977e+01 	 7.3064658662e-04
1600 	 1636 	 1.7904887269e+01 	 2.6321974660e-04
1700 	 1737 	 1.7904880170e+01 	 3.3662567043e-04
1800 	 1837 	 1.7904873537e+01 	 4.4864778594e-04
1900 	 1940 	 1.7904866964e+01 	 2.8858349049e-04
2000 	 2040 	 1.7904860088e+01 	 2.2098437581e-04
2100 	 2143 	 1.7904855481e+01 	 2.4708642774e-04
2200 	 2245 	 1.7904851495e+01 	 3.5340472763e-04
2300 	 2348 	 1.7904848406e+01 	 1.5664069971e-04
2400 	 2451 	 1.7904846110e+01 	 2.6913342574e-04
2500 	 2553 	 1.7904844055e+01 	 1.6271283461e-04
2600 	 2656 	 1.7904842461e+01 	 1.5839978934e-04
2700 	 2759 	 1.7904841143e+01 	 2.2244116499e-04
2800 	 2860 	 1.7904840153e+01 	 1.0682164272e-04
2900 	 2963 	 1.7904839307e+01 	 8.2015049157e-05
3000 	 3066 	 1.7904838448e+01 	 2.2352062040e-04
3100 	 3169 	 1.7904837624e+01 	 9.4331052359e-05
3200 	 3273 	 1.7904837018e+01 	 6.3978907873e-05
3300 	 3377 	 1.7904836475e+01 	 7.6964927062e-05
3400 	 3480 	 1.7904836055e+01 	 8.6291031234e-05
3500 	 3582 	 1.7904835666e+01 	 1.0574531658e-04
3600 	 3684 	 1.7904835322e+01 	 6.3609934479e-05
3700 	 3785 	 1.7904834970e+01 	 6.3237511704e-05
3800 	 3890 	 1.7904834654e+01 	 6.6935589373e-05
3900 	 3994 	 1.7904834396e+01 	 5.6897478939e-05
4000 	 4096 	 1.7904834214e+01 	 1.0874835682e-04
4100 	 4199 	 1.7904834064e+01 	 5.0683097215e-05
4200 	 4300 	 1.7904833920e+01 	 6.0644483612e-05
4300 	 4401 	 1.7904833816e+01 	 3.1989183944e-05
4400 	 4506 	 1.7904833741e+01 	 3.4281507697e-05
4500 	 4609 	 1.7904833671e+01 	 1.9066558141e-05
4600 	 4711 	 1.7904833613e+01 	 3.7389971256e-05
4700 	 4814 	 1.7904833562e+01 	 2.3243053714e-05
4800 	 4916 	 1.7904833522e+01 	 1.7261983403e-05
4900 	 5018 	 1.7904833487e+01 	 4.2954961630e-05
5000 	 5121 	 1.7904833454e+01 	 2.8308039931e-05
5100 	 5223 	 1.7904833425e+01 	 1.8662737748e-05
5200 	 5327 	 1.7904833400e+01 	 1.2340234032e-05
5300 	 5428 	 1.7904833379e+01 	 1.9076523818e-05
5400 	 5530 	 1.7904833358e+01 	 1.4881077715e-05
5500 	 5633 	 1.7904833341e+01 	 1.2432193426e-05
5600 	 5733 	 1.7904833328e+01 	 8.3846364437e-06
5700 	 5836 	 1.7904833317e+01 	 1.0826779142e-05
5800 	 5938 	 1.7904833308e+01 	 2.1257720941e-05
5900 	 6045 	 1.7904833299e+01 	 7.8404945809e-06
6000 	 6148 	 1.7904833291e+01 	 1.6220617469e-05
6100 	 6252 	 1.7904833281e+01 	 1.5700664320e-05
6200 	 6356 	 1.7904833270e+01 	 8.8144890753e-06
6300 	 6457 	 1.7904833263e+01 	 7.6101328620e-06
6400 	 6560 	 1.7904833259e+01 	 1.9407634276e-05
6500 	 6661 	 1.7904833254e+01 	 8.3205697632e-06
6600 	 6762 	 1.7904833251e+01 	 7.2389154093e-06
6700 	 6864 	 1.7904833249e+01 	 4.7981905883e-06
6800 	 6966 	 1.7904833246e+01 	 7.1632983239e-06
6900 	 7069 	 1.7904833244e+01 	 5.3540312476e-06
7000 	 7173 	 1.7904833242e+01 	 4.4617125272e-06
7100 	 7276 	 1.7904833240e+01 	 4.5323705478e-06
7200 	 7377 	 1.7904833238e+01 	 4.3753309495e-06
7300 	 7480 	 1.7904833236e+01 	 6.1024034296e-06
7400 	 7583 	 1.7904833234e+01 	 5.7768545905e-06
7500 	 7687 	 1.7904833231e+01 	 6.8908132695e-06
7600 	 7788 	 1.7904833229e+01 	 5.7919415879e-06
7700 	 7891 	 1.7904833228e+01 	 2.7248288493e-06
7800 	 7993 	 1.7904833227e+01 	 3.0528024894e-06
7900 	 8094 	 1.7904833226e+01 	 1.7299096112e-06
8000 	 8196 	 1.7904833226e+01 	 1.9382933195e-06
8100 	 8298 	 1.7904833225e+01 	 3.1523740896e-06
8200 	 8402 	 1.7904833225e+01 	 2.6203614836e-06
8300 	 8503 	 1.7904833225e+01 	 2.1031223621e-06
8400 	 8604 	 1.7904833224e+01 	 1.9914196384e-06
8500 	 8708 	 1.7904833224e+01 	 1.6272031025e-06
8600 	 8810 	 1.7904833224e+01 	 1.8994563406e-06
8700 	 8911 	 1.7904833224e+01 	 1.4732975507e-06
8800 	 9014 	 1.7904833224e+01 	 1.2919207066e-06
8900 	 9115 	 1.7904833224e+01 	 1.5230476866e-06
9000 	 9218 	 1.7904833224e+01 	 9.4535499109e-07
9100 	 9321 	 1.7904833223e+01 	 1.1906538885e-06
9200 	 9422 	 1.7904833223e+01 	 1.4032707080e-06
9300 	 9522 	 1.7904833223e+01 	 9.0723357409e-07
9400 	 9625 	 1.7904833223e+01 	 1.9397841410e-06
9500 	 9727 	 1.7904833223e+01 	 1.4737939914e-06
9600 	 9830 	 1.7904833223e+01 	 8.7066461329e-07
9700 	 9932 	 1.7904833223e+01 	 7.9095243941e-07
9800 	 10034 	 1.7904833223e+01 	 6.6435646195e-07
9900 	 10138 	 1.7904833223e+01 	 8.6984201562e-07
10000 	 10240 	 1.7904833223e+01 	 1.0226307280e-06
10100 	 10342 	 1.7904833223e+01 	 6.4942222258e-07
10200 	 10446 	 1.7904833223e+01 	 6.1973966484e-07
10300 	 10551 	 1.7904833223e+01 	 4.1398416906e-07
10400 	 10653 	 1.7904833223e+01 	 5.3730947183e-07
10500 	 10758 	 1.7904833223e+01 	 3.9523620246e-07
10600 	 10863 	 1.7904833223e+01 	 4.4875959998e-07
10700 	 10970 	 1.7904833223e+01 	 5.3041080375e-07
10800 	 11074 	 1.7904833223e+01 	 4.9916700666e-07
10900 	 11182 	 1.7904833223e+01 	 4.0448028081e-07
11000 	 11294 	 1.7904833223e+01 	 3.3098999851e-07
11100 	 11404 	 1.7904833223e+01 	 5.2766398765e-07
11200 	 11509 	 1.7904833223e+01 	 3.7213042796e-07
11300 	 11620 	 1.7904833223e+01 	 2.6354358307e-07
11400 	 11730 	 1.7904833223e+01 	 5.1823618607e-07
11500 	 11840 	 1.7904833223e+01 	 3.3496404086e-07
11600 	 11950 	 1.7904833223e+01 	 1.9115729932e-07
11700 	 12068 	 1.7904833223e+01 	 3.0064536682e-07
11800 	 12185 	 1.7904833223e+01 	 4.7140514927e-07
11900 	 12298 	 1.7904833223e+01 	 2.7257153485e-07
12000 	 12416 	 1.7904833223e+01 	 1.7257625253e-07
12100 	 12536 	 1.7904833223e+01 	 2.7843624517e-07
# ---- 
 1 		 12183 	 12652 		 1.8393197617e+01 	 1.7904833223e+01 	 2.1987734182e-07
# ---- 
100 	 106 	 2.5917456435e+01 	 9.4329679717e-03
200 	 209 	 2.5913791186e+01 	 6.4156685257e-03
300 	 312 	 2.5912305328e+01 	 4.7382741688e-03
400 	 414 	 2.5911326374e+01 	 3.4468535043e-03
500 	 516 	 2.5910701651e+01 	 3.1022340047e-03
600 	 617 	 2.5910313943e+01 	 2.1172271491e-03
700 	 718 	 2.5910103167e+01 	 1.6461955655e-03
800 	 819 	 2.5909977731e+01 	 1.6488013336e-03
900 	 922 	 2.5909893555e+01 	 1.0565604099e-03
1000 	 1026 	 2.5909826713e+01 	 1.1202158387e-03
1100 	 1129 	 2.5909789640e+01 	 6.6267752707e-04
1200 	 1232 	 2.5909768317e+01 	 5.2779809851e-04
1300 	 1337 	 2.5909752136e+01 	 5.9809169903e-04
1400 	 1440 	 2.5909738595e+01 	 9.8680947918e-04
1500 	 1544 	 2.5909728995e+01 	 3.4484931355e-04
1600 	 1646 	 2.5909721648e+01 	 2.7988550750e-04
1700 	 1748 	 2.5909715715e+01 	 3.6411312908e-04
1800 	 1852 	 2.5909709621e+01 	 2.6181836568e-04
1900 	 1955 	 2.5909703325e+01 	 3.7554643789e-04
2000 	 2057 	 2.5909698203e+01 	 2.9092345582e-04
2100 	 2160 	 2.5909694272e+01 	 1.8643557312e-04
2200 	 2262 	 2.5909691196e+01 	 2.0079716379e-04
2300 	 2363 	 2.5909689189e+01 	 1.5888661429e-04
2400 	 2466 	 2.5909687167e+01 	 1.3265465292e-04
2500 	 2567 	 2.5909685650e+01 	 1.5598764934e-04
2600 	 2671 	 2.5909684514e+01 	 8.3999775004e-05
2700 	 2774 	 2.5909683508e+01 	 1.0397241897e-04
2800 	 2875 	 2.5909682617e+01 	 3.5078534961e-04
2900 	 2978 	 2.5909681942e+01 	 9.8434628327e-05
3000 	 3080 	 2.5909681278e+01 	 7.4304457655e-05
3100 	 3182 	 2.5909680784e+01 	 8.0341063452e-05
3200 	 3285 	 2.5909680375e+01 	 5.9448828312e-05
3300 	 3387 	 2.5909679984e+01 	 1.1609892305e-04
3400 	 3487 	 2.5909679626e+01 	 1.5557408569e-04
3500 	 3592 	 2.5909679324e+01 	 6.1075690392e-05
3600 	 3695 	 2.5909679077e+01 	 6.2620362962e-05
3700 	 3797 	 2.5909678853e+01 	 5.2467782449e-05
3800 	 3897 	 2.5909678681e+01 	 5.2666304879e-05
3900 	 4001 	 2.5909678556e+01 	 3.8377700448e-05
4000 	 4104 	 2.5909678452e+01 	 3.6318821566e-05
4100 	 4207 	 2.5909678367e+01 	 3.5342341276e-05
4200 	 4309 	 2.5909678293e+01 	 2.4541525645e-05
4300 	 4412 	 2.5909678236e+01 	 2.6412115529e-05
4400 	 4516 	 2.5909678183e+01 	 2.6681516819e-05
4500 	 4620 	 2.5909678141e+01 	 7.3573853817e-05
4600 	 4723 	 2.5909678103e+01 	 2.8930428662e-05
4700 	 4826 	 2.5909678072e+01 	 2.5214435869e-05
4800 	 4927 	 2.5909678038e+01 	 1.9687958233e-05
4900 	 5029 	 2.5909678012e+01 	 1.4925467198e-05
5000 	 5130 	 2.5909677990e+01 	 1.6720676416e-05
5100 	 5233 	 2.5909677971e+01 	 1.7503161346e-05
5200 	 5335 	 2.5909677955e+01 	 1.3929219033e-05
5300 	 5438 	 2.5909677940e+01 	 1.2056229169e-05
5400 	 5539 	 2.5909677932e+01 	 9.9999979993e-06
5500 	 5642 	 2.5909677923e+01 	 9.0255541318e-06
5600 	 5744 	 2.5909677916e+01 	 9.0127905278e-06
5700 	 5845 	 2.5909677908e+01 	 1.0290317619e-05
5800 	 5947 	 2.5909677900e+01 	 2.6526682969e-05
5900 	 6050 	 2.5909677894e+01 	 1.1643183154e-05
6000 	 6151 	 2.5909677888e+01 	 6.8793031214e-06
6100 	 6253 	 2.5909677885e+01 	 1.0936463453e-05
6200 	 6356 	 2.5909677882e+01 	 5.5672219638e-06
6300 	 6458 	 2.5909677879e+01 	 6.5065632786e-06
6400 	 6561 	 2.5909677876e+01 	 4.9973268225e-06
6500 	 6664 	 2.5909677873e+01 	 8.0110126988e-06
6600 	 6768 	 2.5909677870e+01 	 6.9177337340e-06
6700 	 6872 	 2.5909677867e+01 	 8.4704204746e-06
6800 	 6974 	 2.5909677865e+01 	 4.3679645110e-06
6900 	 7075 	 2.5909677863e+01 	 4.1995734505e-06
7000 	 7176 	 2.5909677861e+01 	 5.3224029111e-06
7100 	 7277 	 2.5909677859e+01 	 3.4991236665e-06
7200 	 7380 	 2.5909677858e+01 	 6.0107391740e-06
7300 	 7482 	 2.5909677857e+01 	 3.9557627030e-06
7400 	 7586 	 2.5909677856e+01 	 3.1170935961e-06
7500 	 7688 	 2.5909677855e+01 	 2.0298334474e-06
7600 	 7788 	 2.5909677855e+01 	 6.0682053955e-06
7700 	 7892 	 2.5909677855e+01 	 1.6749981181e-06
7800 	 7993 	 2.5909677854e+01 	 3.4264733335e-06
7900 	 8095 	 2.5909677854e+01 	 1.6739308191e-06
8000 	 8197 	 2.5909677854e+01 	 1.6011320490e-06
8100 	 8302 	 2.5909677853e+01 	 2.4842540360e-06
8200 	 8406 	 2.5909677853e+01 	 1.9891764093e-06
8300 	 8509 	 2.5909677853e+01 	 1.3696398973e-06
8400 	 8611 	 2.5909677853e+01 	 1.7758555973e-06
8500 	 8715 	 2.5909677853e+01 	 9.9076077265e-07
8600 	 8818 	 2.5909677853e+01 	 1.7212103942e-06
8700 	 8920 	 2.5909677853e+01 	 9.1752335728e-07
8800 	 9021 	 2.5909677852e+01 	 1.0564984223e-06
8900 	 9123 	 2.5909677852e+01 	 1.4205542031e-06
9000 	 9224 	 2.5909677852e+01 	 7.8684758946e-07
9100 	 9325 	 2.5909677852e+01 	 1.6741076876e-06
9200 	 9430 	 2.5909677852e+01 	 9.6084475696e-07
9300 	 9530 	 2.5909677852e+01 	 7.9565555739e-07
9400 	 9632 	 2.5909677852e+01 	 7.4892937132e-07
9500 	 9734 	 2.5909677852e+01 	 5.9953877967e-07
9600 	 9834 	 2.5909677852e+01 	 5.3199505655e-07
9700 	 9937 	 2.5909677852e+01 	 7.6006960235e-07
9800 	 10042 	 2.5909677852e+01 	 4.1746724519e-07
9900 	 10146 	 2.5909677852e+01 	 3.7347168050e-07
10000 	 10252 	 2.5909677852e+01 	 1.2443374519e-06
10100 	 10356 	 2.5909677852e+01 	 4.6549044842e-07
10200 	 10465 	 2.5909677852e+01 	 4.0712433047e-07
10300 	 10571 	 2.5909677852e+01 	 4.7079630946e-07
10400 	 10676 	 2.5909677852e+01 	 1.9249539244e-07
10500 	 10789 	 2.5909677852e+01 	 3.6677472417e-07
10600 	 10902 	 2.5909677852e+01 	 2.0875797317e-07
10700 	 11020 	 2.5909677852e+01 	 2.3869815608e-07
10800 	 11133 	 2.5909677852e+01 	 1.1869455850e-07
10900 	 11248 	 2.5909677852e+01 	 6.4177093799e-08
11000 	 11378 	 2.5909677852e+01 	 5.7757810861e-07
11100 	 11493 	 2.5909677852e+01 	 1.9224294026e-07
11200 	 11609 	 2.5909677852e+01 	 3.4900503497e-07
11300 	 11722 	 2.5909677852e+01 	 2.7129103011e-07
11400 	 11838 	 2.5909677852e+01 	 2.0689901812e-07
11500 	 11954 	 2.5909677852e+01 	 2.6377221789e-07
11600 	 12074 	 2.5909677852e+01 	 2.2068480663e-07
11700 	 12189 	 2.5909677852e+01 	 5.0679998520e-07
11800 	 12305 	 2.5909677852e+01 	 9.9613091877e-08
# ---- 
 1 		 11827 	 12361 		 2.6396137968e+01 	 2.5909677852e+01 	 2.9044450707e-07
# ---- 
100 	 105 	 3.5413806778e+01 	 2.6355905037e-02
200 	 207 	 3.5410638095e+01 	 4.8872478811e-03
300 	 307 	 3.5409326034e+01 	 4.4934238756e-03
400 	 410 	 3.5408444748e+01 	 3.3080163577e-03
500 	 514 	 3.5407860661e+01 	 1.9535473287e-03
600 	 618 	 3.5407493890e+01 	 1.9717064515e-03
700 	 719 	 3.5407293017e+01 	 2.8816375980e-03
800 	 820 	 3.5407194888e+01 	 1.6096521013e-03
900 	 921 	 3.5407119047e+01 	 1.1217579680e-03
1000 	 1023 	 3.5407065616e+01 	 9.4744740769e-04
1100 	 1126 	 3.5407033666e+01 	 5.9204660634e-04
1200 	 1230 	 3.5407013740e+01 	 3.9448804572e-04
1300 	 1332 	 3.5406996123e+01 	 5.1760419708e-04
1400 	 1436 	 3.5406982966e+01 	 3.4278544384e-04
1500 	 1539 	 3.5406975303e+01 	 5.7665540236e-04
1600 	 1643 	 3.5406969004e+01 	 2.8740677735e-04
1700 	 1747 	 3.5406963755e+01 	 3.7440064035e-04
1800 	 1849 	 3.5406959099e+01 	 2.3123902104e-04
1900 	 1951 	 3.5406954018e+01 	 4.1361379663e-04
2000 	 2051 	 3.5406949556e+01 	 4.7190165545e-04
2100 	 2152 	 3.5406946580e+01 	 1.9826494887e-04
2200 	 2254 	 3.5406944160e+01 	 2.1852965761e-04
2300 	 2356 	 3.5406941875e+01 	 1.5150384264e-04
2400 	 2457 	 3.5406940158e+01 	 1.3326360153e-04
2500 	 2560 	 3.5406938970e+01 	 1.1253686215e-04
2600 	 2663 	 3.5406938070e+01 	 8.2887438731e-05
2700 	 2764 	 3.5406937098e+01 	 1.1228790764e-04
2800 	 2866 	 3.5406936160e+01 	 9.4732091286e-05
2900 	 2968 	 3.5406935407e+01 	 9.9595136298e-05
3000 	 3071 	 3.5406934801e+01 	 8.5800828216e-05
3100 	 3174 	 3.5406934337e+01 	 2.1219202310e-04
3200 	 3277 	 3.5406934039e+01 	 3.7096324474e-05
3300 	 3378 	 3.5406933799e+01 	 6.9415845716e-05
3400 	 3479 	 3.5406933566e+01 	 4.0350239663e-05
3500 	 3580 	 3.5406933311e+01 	 5.6156555569e-05
3600 	 3681 	 3.5406933100e+01 	 5.3273762879e-05
3700 	 3783 	 3.5406932925e+01 	 3.6438915354e-05
3800 	 3885 	 3.5406932771e+01 	 4.0684362841e-05
3900 	 3989 	 3.5406932663e+01 	 2.5860970572e-05
4000 	 4092 	 3.5406932585e+01 	 8.4122453992e-05
4100 	 4195 	 3.5406932511e+01 	 2.5532432986e-05
4200 	 4295 	 3.5406932456e+01 	 2.2857569577e-05
4300 	 4398 	 3.5406932404e+01 	 4.9309533845e-05
4400 	 4501 	 3.5406932358e+01 	 3.8018723980e-05
4500 	 4604 	 3.5406932325e+01 	 2.2418518688e-05
4600 	 4709 	 3.5406932297e+01 	 1.2917023645e-05
4700 	 4809 	 3.5406932278e+01 	 2.3957918192e-05
4800 	 4910 	 3.5406932257e+01 	 1.4498713886e-05
4900 	 5014 	 3.5406932239e+01 	 1.0986628892e-05
5000 	 5116 	 3.5406932225e+01 	 1.1120318844e-05
5100 	 5220 	 3.5406932214e+01 	 1.0909710950e-05
5200 	 5323 	 3.5406932202e+01 	 1.0395598544e-05
5300 	 5427 	 3.5406932191e+01 	 2.1241422351e-05
5400 	 5530 	 3.5406932182e+01 	 1.0303344332e-05
5500 	 5632 	 3.5406932175e+01 	 2.9444931419e-05
5600 	 5735 	 3.5406932168e+01 	 9.6522415593e-06
5700 	 5836 	 3.5406932162e+01 	 6.1665554913e-06
5800 	 5939 	 3.5406932158e+01 	 5.4099595900e-06
5900 	 6043 	 3.5406932154e+01 	 6.2680920382e-06
6000 	 6146 	 3.5406932151e+01 	 5.3867371546e-06
6100 	 6247 	 3.5406932147e+01 	 1.0080793140e-05
6200 	 6348 	 3.5406932144e+01 	 8.8384265233e-06
6300 	 6450 	 3.5406932142e+01 	 3.7380281163e-06
6400 	 6555 	 3.5406932140e+01 	 5.8177413412e-06
6500 	 6658 	 3.5406932139e+01 	 4.6034596682e-06
6600 	 6761 	 3.5406932137e+01 	 4.3712723102e-06
6700 	 6862 	 3.5406932135e+01 	 3.5218370440e-06
6800 	 6964 	 3.5406932133e+01 	 6.7216262102e-06
6900 	 7066 	 3.5406932132e+01 	 8.4467104725e-06
7000 	 7171 	 3.5406932131e+01 	 2.8427977699e-06
7100 	 7275 	 3.5406932131e+01 	 2.6947851512e-06
7200 	 7380 	 3.5406932130e+01 	 2.2540186527e-06
7300 	 7480 	 3.5406932130e+01 	 1.8278903496e-06
7400 	 7583 	 3.5406932129e+01 	 1.8779062232e-06
7500 	 7685 	 3.5406932129e+01 	 2.9656065739e-06
7600 	 7788 	 3.5406932129e+01 	 1.9561162925e-06
7700 	 7889 	 3.5406932128e+01 	 3.5501420891e-06
7800 	 7992 	 3.5406932128e+01 	 2.9723775969e-06
7900 	 8093 	 3.5406932128e+01 	 1.1187525299e-06
8000 	 8194 	 3.5406932128e+01 	 2.5438983154e-06
8100 	 8296 	 3.5406932128e+01 	 1.0913952637e-06
8200 	 8396 	 3.5406932128e+01 	 2.7563195034e-06
8300 	 8497 	 3.5406932128e+01 	 1.1721941143e-06
8400 	 8598 	 3.5406932127e+01 	 1.2417138985e-06
8500 	 8700 	 3.5406932127e+01 	 1.2612710954e-06
8600 	 8804 	 3.5406932127e+01 	 8.6557124974e-07
8700 	 8906 	 3.5406932127e+01 	 1.2244183863e-06
8800 	 9008 	 3.5406932127e+01 	 1.0563243097e-06
8900 	 9110 	 3.5406932127e+01 	 8.1897749822e-07
9000 	 9217 	 3.5406932127e+01 	 7.8724226788e-07
9100 	 9325 	 3.5406932127e+01 	 1.0709223512e-06
9200 	 9432 	 3.5406932127e+01 	 4.8329165985e-07
9300 	 9536 	 3.5406932127e+01 	 5.6248385966e-07
9400 	 9640 	 3.5406932127e+01 	 5.8408430381e-07
9500 	 9744 	 3.5406932127e+01 	 5.2631142576e-07
9600 	 9853 	 3.5406932127e+01 	 3.0019677379e-07
9700 	 9960 	 3.5406932127e+01 	 6.5996812644e-07
9800 	 10075 	 3.5406932127e+01 	 9.3134106776e-07
9900 	 10187 	 3.5406932127e+01 	 3.2878292951e-07
10000 	 10300 	 3.5406932127e+01 	 4.9854451358e-07
10100 	 10407 	 3.5406932127e+01 	 2.8870263528e-07
# ---- 
 1 		 10159 	 10494 		 3.5892123295e+01 	 3.5406932127e+01 	 5.5627065222e-07
# ---- 
100 	 103 	 4.6406699988e+01 	 9.5470150874e-03
200 	 205 	 4.6403811038e+01 	 9.2827885006e-03
300 	 307 	 4.6402610352e+01 	 1.1956672256e-02
400 	 409 	 4.6401809697e+01 	 3.6145579410e-03
500 	 510 	 4.6401236115e+01 	 2.7466306036e-03
600 	 615 	 4.6400903987e+01 	 1.5998199628e-03
700 	 718 	 4.6400727880e+01 	 2.0954551631e-03
800 	 821 	 4.6400638345e+01 	 1.0294324228e-03
900 	 922 	 4.6400565305e+01 	 8.1759972783e-04
1000 	 1025 	 4.6400515366e+01 	 9.8558862747e-04
1100 	 1127 	 4.6400488239e+01 	 3.3781941988e-04
1200 	 1230 	 4.6400470076e+01 	 4.1512867987e-04
1300 	 1334 	 4.6400456473e+01 	 4.6626262136e-04
1400 	 1437 	 4.6400446548e+01 	 3.1521545246e-04
1500 	 1538 	 4.6400440133e+01 	 5.9353264023e-04
1600 	 1639 	 4.6400434818e+01 	 5.6745914530e-04
1700 	 1741 	 4.6400429772e+01 	 2.0420292738e-04
1800 	 1842 	 4.6400424878e+01 	 2.2629430605e-04
1900 	 1945 	 4.6400420395e+01 	 1.4537541689e-04
2000 	 2048 	 4.6400416543e+01 	 2.1939884317e-04
2100 	 2150 	 4.6400413849e+01 	 3.1612312844e-04
2200 	 2250 	 4.6400412030e+01 	 1.1375459304e-04
2300 	 2354 	 4.6400410593e+01 	 1.1169444528e-04
2400 	 2457 	 4.6400409675e+01 	 2.2048811537e-04
2500 	 2559 	 4.6400408886e+01 	 1.5304372011e-04
2600 	 2663 	 4.6400408147e+01 	 1.0337899596e-04
2700 	 2766 	 4.6400407397e+01 	 2.6624186242e-04
2800 	 2869 	 4.6400406827e+01 	 6.1687934062e-05
2900 	 2970 	 4.6400406386e+01 	 7.4922426484e-05
3000 	 3071 	 4.6400406080e+01 	 5.6620404001e-05
3100 	 3172 	 4.6400405787e+01 	 4.2820077480e-05
3200 	 3273 	 4.6400405536e+01 	 5.8396878578e-05
3300 	 3378 	 4.6400405331e+01 	 7.1910084954e-05
3400 	 3480 	 4.6400405159e+01 	 6.8896125913e-05
3500 	 3583 	 4.6400404990e+01 	 4.3632872332e-05
3600 	 3685 	 4.6400404838e+01 	 6.1052112272e-05
3700 	 3789 	 4.6400404721e+01 	 3.1400954234e-05
3800 	 3891 	 4.6400404628e+01 	 5.5079771595e-05
3900 	 3993 	 4.6400404556e+01 	 2.9767741372e-05
4000 	 4096 	 4.6400404499e+01 	 2.5258330241e-05
4100 	 4199 	 4.6400404458e+01 	 3.4156246032e-05
4200 	 4302 	 4.6400404424e+01 	 3.3178646422e-05
4300 	 4405 	 4.6400404388e+01 	 1.7737150160e-05
4400 	 4508 	 4.6400404356e+01 	 1.7008040634e-05
4500 	 4611 	 4.6400404334e+01 	 2.2704646369e-05
4600 	 4714 	 4.6400404310e+01 	 2.8129608447e-05
4700 	 4818 	 4.6400404290e+01 	 1.3823753600e-05
4800 	 4919 	 4.6400404276e+01 	 1.2455354593e-05
4900 	 5019 	 4.6400404264e+01 	 1.3522198400e-05
5000 	 5122 	 4.6400404254e+01 	 1.3656936017e-05
5100 	 5223 	 4.6400404244e+01 	 1.1383431130e-05
5200 	 5326 	 4.6400404233e+01 	 8.2785939509e-06
5300 	 5426 	 4.6400404226e+01 	 9.1319877661e-06
5400 	 5530 	 4.6400404220e+01 	 6.2557647025e-06
5500 	 5630 	 4.6400404215e+01 	 1.1326207904e-05
5600 	 5731 	 4.6400404211e+01 	 7.1588054602e-06
5700 	 5833 	 4.6400404208e+01 	 5.0867825918e-06
5800 	 5936 	 4.6400404205e+01 	 7.3840046239e-06
5900 	 6041 	 4.6400404202e+01 	 5.5501553001e-06
6000 	 6144 	 4.6400404199e+01 	 5.7034085213e-06
6100 	 6247 	 4.6400404197e+01 	 4.4079973358e-06
6200 	 6350 	 4.6400404196e+01 	 7.6377039864e-06
6300 	 6450 	 4.6400404194e+01 	 6.4162756008e-06
6400 	 6552 	 4.6400404192e+01 	 5.2562906746e-06
6500 	 6654 	 4.6400404190e+01 	 8.4391893916e-06
6600 	 6756 	 4.6400404189e+01 	 2.5373644595e-06
6700 	 6859 	 4.6400404189e+01 	 2.6059482064e-06
6800 	 6961 	 4.6400404188e+01 	 1.6707258561e-06
6900 	 7063 	 4.6400404188e+01 	 2.2951751462e-06
7000 	 7165 	 4.6400404187e+01 	 2.2572092743e-06
7100 	 7267 	 4.6400404187e+01 	 2.1659238356e-06
7200 	 7370 	 4.6400404187e+01 	 1.4614236173e-06
7300 	 7471 	 4.6400404186e+01 	 3.0939749250e-06
7400 	 7571 	 4.6400404186e+01 	 1.6267814497e-06
7500 	 7674 	 4.6400404186e+01 	 1.9298081355e-06
7600 	 7776 	 4.6400404186e+01 	 1.1576194836e-06
7700 	 7878 	 4.6400404186e+01 	 1.4624198237e-06
7800 	 7982 	 4.6400404186e+01 	 1.4233503987e-06
7900 	 8086 	 4.6400404186e+01 	 1.0855634776e-06
8000 	 8189 	 4.6400404186e+01 	 7.6889773585e-07
8100 	 8290 	 4.6400404185e+01 	 8.4545154947e-07
8200 	 8395 	 4.6400404185e+01 	 1.4204959173e-06
8300 	 8497 	 4.6400404185e+01 	 9.7180255998e-07
8400 	 8600 	 4.6400404185e+01 	 8.0871054385e-07
8500 	 8702 	 4.6400404185e+01 	 5.8578367254e-07
8600 	 8806 	 4.6400404185e+01 	 5.5189829957e-07
8700 	 8909 	 4.6400404185e+01 	 7.6022504997e-07
8800 	 9016 	 4.6400404185e+01 	 3.3937480115e-07
8900 	 9126 	 4.6400404185e+01 	 3.7396257176e-07
9000 	 9238 	 4.6400404185e+01 	 2.8388693558e-07
# ---- 
 1 		 9065 	 9333 		 4.6884745925e+01 	 4.6400404185e+01 	 3.0053363107e-07
# ---- 
100 	 104 	 5.8899051079e+01 	 9.7379262621e-03
200 	 208 	 5.8896403240e+01 	 5.3522034516e-03
300 	 311 	 5.8895272660e+01 	 3.6356134168e-03
400 	 414 	 5.8894528609e+01 	 8.5321378729e-03
500 	 515 	 5.8893982007e+01 	 2.5419937310e-03
600 	 616 	 5.8893652399e+01 	 1.9693345162e-03
700 	 718 	 5.8893484775e+01 	 1.3368357637e-03
800 	 820 	 5.8893393310e+01 	 8.9188199387e-04
900 	 921 	 5.8893319910e+01 	 1.3148435594e-03
1000 	 1022 	 5.8893275290e+01 	 8.2165288806e-04
1100 	 1125 	 5.8893251009e+01 	 3.6468631755e-04
1200 	 1227 	 5.8893234552e+01 	 3.9192104860e-04
1300 	 1328 	 5.8893223225e+01 	 3.9749181761e-04
1400 	 1431 	 5.8893215888e+01 	 3.0907779813e-04
1500 	 1533 	 5.8893210319e+01 	 2.7074112407e-04
1600 	 1636 	 5.8893204905e+01 	 2.7163658724e-04
1700 	 1739 	 5.8893199582e+01 	 3.7846724125e-04
1800 	 1841 	 5.8893194672e+01 	 2.4665195072e-04
1900 	 1943 	 5.8893191302e+01 	 2.7213955139e-04
2000 	 2045 	 5.8893188506e+01 	 1.4742958187e-04
2100 	 2147 	 5.8893186610e+01 	 1.2576510472e-04
2200 	 2250 	 5.8893185113e+01 	 1.0538966346e-04
2300 	 2352 	 5.8893184056e+01 	 9.1099599511e-05
2400 	 2455 	 5.8893183250e+01 	 8.9771235573e-05
2500 	 2559 	 5.8893182520e+01 	 8.8665196598e-05
2600 	 2663 	 5.8893181867e+01 	 1.0421273343e-04
2700 	 2765 	 5.8893181352e+01 	 7.8610006806e-05
2800 	 2868 	 5.8893180959e+01 	 8.3410949479e-05
2900 	 2973 	 5.8893180580e+01 	 7.1151987811e-05
3000 	 3078 	 5.8893180227e+01 	 4.9293172388e-05
3100 	 3180 	 5.8893179977e+01 	 4.8454779369e-05
3200 	 3281 	 5.8893179783e+01 	 4.3378355026e-05
3300 	 3381 	 5.8893179622e+01 	 3.5465657714e-05
3400 	 3485 	 5.8893179475e+01 	 3.4999263298e-05
3500 	 3588 	 5.8893179355e+01 	 3.4745080147e-05
3600 	 3691 	 5.8893179264e+01 	 3.3835068145e-05
3700 	 3795 	 5.8893179183e+01 	 2.9225009279e-05
3800 	 3896 	 5.8893179122e+01 	 6.8904622595e-05
3900 	 4000 	 5.8893179077e+01 	 1.6361383896e-05
4000 	 4101 	 5.8893179044e+01 	 1.5770447210e-05
4100 	 4202 	 5.8893179013e+01 	 5.1922164071e-05
4200 	 4302 	 5.8893178988e+01 	 1.5986569432e-05
4300 	 4404 	 5.8893178959e+01 	 4.5658281052e-05
4400 	 4507 	 5.8893178936e+01 	 1.7776804331e-05
4500 	 4610 	 5.8893178916e+01 	 2.0682959443e-05
4600 	 4714 	 5.8893178900e+01 	 1.3718405055e-05
4700 	 4817 	 5.8893178888e+01 	 1.2049645367e-05
4800 	 4919 	 5.8893178876e+01 	 9.7412791699e-06
4900 	 5021 	 5.8893178869e+01 	 1.0455661280e-05
5000 	 5125 	 5.8893178863e+01 	 1.1197430789e-05
5100 	 5226 	 5.8893178857e+01 	 6.3587086240e-06
5200 	 5327 	 5.8893178852e+01 	 8.8205238905e-06
5300 	 5430 	 5.8893178848e+01 	 5.8973809788e-06
5400 	 5533 	 5.8893178845e+01 	 5.3964040336e-06
5500 	 5637 	 5.8893178842e+01 	 7.3702198404e-06
5600 	 5740 	 5.8893178840e+01 	 1.2900362936e-05
5700 	 5843 	 5.8893178838e+01 	 4.3975173691e-06
5800 	 5945 	 5.8893178836e+01 	 6.2353323625e-06
5900 	 6047 	 5.8893178833e+01 	 5.1892261004e-06
6000 	 6150 	 5.8893178831e+01 	 5.8323098303e-06
6100 	 6253 	 5.8893178829e+01 	 7.8388614212e-06
6200 	 6355 	 5.8893178828e+01 	 3.5075338040e-06
6300 	 6457 	 5.8893178827e+01 	 3.1710473194e-06
6400 	 6558 	 5.8893178826e+01 	 3.1822284254e-06
6500 	 6662 	 5.8893178826e+01 	 3.9552845215e-06
6600 	 6767 	 5.8893178825e+01 	 2.4649024073e-06
6700 	 6869 	 5.8893178825e+01 	 5.8228447323e-06
6800 	 6972 	 5.8893178825e+01 	 2.2354642736e-06
6900 	 7073 	 5.8893178824e+01 	 1.6088465118e-06
7000 	 7177 	 5.8893178824e+01 	 1.7695680717e-06
7100 	 7279 	 5.8893178824e+01 	 1.6342787355e-06
7200 	 7382 	 5.8893178824e+01 	 1.6894623443e-06
7300 	 7486 	 5.8893178824e+01 	 1.3517329014e-06
7400 	 7587 	 5.8893178824e+01 	 1.3427756194e-06
7500 	 7688 	 5.8893178824e+01 	 1.4301677333e-06
7600 	 7790 	 5.8893178824e+01 	 2.5335384962e-06
7700 	 7894 	 5.8893178823e+01 	 1.3895652116e-06
7800 	 7998 	 5.8893178823e+01 	 1.4757923003e-06
7900 	 8101 	 5.8893178823e+01 	 2.4116532512e-06
8000 	 8205 	 5.8893178823e+01 	 8.5013751373e-07
8100 	 8312 	 5.8893178823e+01 	 6.4966493311e-07
8200 	 8423 	 5.8893178823e+01 	 3.1828391333e-07
8300 	 8528 	 5.8893178823e+01 	 3.7666904113e-07
8400 	 8642 	 5.8893178823e+01 	 3.9764566382e-07
8500 	 8759 	 5.8893178823e+01 	 5.3821549224e-07
# ---- 
 1 		 8598 	 8902 		 5.9376966062e+01 	 5.8893178823e+01 	 3.4968360223e-07
# ---- 
100 	 102 	 7.2893215878e+01 	 1.0543320573e-02
200 	 203 	 7.2890847702e+01 	 3.7668421954e-03
300 	 305 	 7.2889813456e+01 	 4.0879676334e-03
400 	 407 	 7.2889081376e+01 	 3.6846294392e-03
500 	 510 	 7.2888567391e+01 	 2.3815268172e-03
600 	 610 	 7.2888268156e+01 	 1.9457616757e-03
700 	 710 	 7.2888105697e+01 	 1.4558228002e-03
800 	 811 	 7.2888005566e+01 	 9.8766655936e-04
900 	 915 	 7.2887936681e+01 	 8.3127736102e-04
1000 	 1016 	 7.2887896726e+01 	 7.3541795552e-04
1100 	 1118 	 7.2887870645e+01 	 6.9821742367e-04
1200 	 1220 	 7.2887854461e+01 	 4.6761401921e-04
1300 	 1322 	 7.2887844997e+01 	 3.0864819331e-04
1400 	 1423 	 7.2887839310e+01 	 6.2077050918e-04
1500 	 1524 	 7.2887833616e+01 	 2.2154024944e-04
1600 	 1626 	 7.2887828347e+01 	 2.8482728552e-04
1700 	 1728 	 7.2887823282e+01 	 2.6290564744e-04
1800 	 1830 	 7.2887819349e+01 	 4.9297934264e-04
1900 	 1931 	 7.2887816288e+01 	 2.0518245272e-04
2000 	 2033 	 7.2887814015e+01 	 1.7422997754e-04
2100 	 2136 	 7.2887812344e+01 	 1.3408127119e-04
2200 	 2240 	 7.2887811177e+01 	 8.9259752025e-05
2300 	 2342 	 7.2887810272e+01 	 8.7470638856e-05
2400 	 2444 	 7.2887809556e+01 	 9.0439136344e-05
2500 	 2545 	 7.2887808894e+01 	 1.6842973042e-04
2600 	 2650 	 7.2887808363e+01 	 7.0336414749e-05
2700 	 2753 	 7.2887807905e+01 	 1.2459764369e-04
2800 	 2855 	 7.2887807546e+01 	 4.6253717285e-05
2900 	 2958 	 7.2887807227e+01 	 7.4565896289e-05
3000 	 3059 	 7.2887807016e+01 	 4.7714303311e-05
3100 	 3162 	 7.2887806833e+01 	 8.2019419558e-05
3200 	 3266 	 7.2887806640e+01 	 4.6384066681e-05
3300 	 3371 	 7.2887806486e+01 	 5.7670251665e-05
3400 	 3475 	 7.2887806387e+01 	 9.9866242763e-05
3500 	 3578 	 7.2887806296e+01 	 3.0524068871e-05
3600 	 3683 	 7.2887806221e+01 	 4.7542534664e-05
3700 	 3786 	 7.2887806171e+01 	 3.7897807780e-05
3800 	 3889 	 7.2887806129e+01 	 1.9544767635e-05
3900 	 3992 	 7.2887806090e+01 	 2.5445381335e-05
4000 	 4093 	 7.2887806053e+01 	 2.3846600112e-05
4100 	 4197 	 7.2887806026e+01 	 1.3934649839e-05
4200 	 4299 	 7.2887806003e+01 	 2.7421550258e-05
4300 	 4400 	 7.2887805980e+01 	 1.3633437544e-05
4400 	 4500 	 7.2887805959e+01 	 1.5022600162e-05
4500 	 4601 	 7.2887805943e+01 	 1.2897374378e-05
4600 	 4704 	 7.2887805932e+01 	 8.1291215759e-06
4700 	 4806 	 7.2887805923e+01 	 2.6429704991e-05
4800 	 4908 	 7.2887805916e+01 	 1.1912872407e-05
4900 	 5012 	 7.2887805910e+01 	 7.2334912569e-06
5000 	 5113 	 7.2887805904e+01 	 1.4056510083e-05
5100 	 5214 	 7.2887805900e+01 	 9.5562352980e-06
5200 	 5314 	 7.2887805897e+01 	 7.6279844448e-06
5300 	 5418 	 7.2887805895e+01 	 4.9568269186e-06
5400 	 5521 	 7.2887805893e+01 	 4.2031311622e-06
5500 	 5623 	 7.2887805891e+01 	 6.4307992120e-06
5600 	 5726 	 7.2887805890e+01 	 4.8778890341e-06
5700 	 5828 	 7.2887805888e+01 	 3.7316307413e-06
5800 	 5932 	 7.2887805887e+01 	 3.1739276052e-06
5900 	 6035 	 7.2887805886e+01 	 6.8053109891e-06
6000 	 6138 	 7.2887805885e+01 	 3.7949112319e-06
6100 	 6241 	 7.2887805884e+01 	 2.1753304703e-06
6200 	 6341 	 7.2887805883e+01 	 1.6141862535e-06
6300 	 6444 	 7.2887805883e+01 	 2.0515930585e-06
6400 	 6544 	 7.2887805882e+01 	 3.9171043388e-06
6500 	 6647 	 7.2887805882e+01 	 2.0836763658e-06
6600 	 6752 	 7.2887805882e+01 	 2.0119632747e-06
6700 	 6856 	 7.2887805882e+01 	 2.9699591193e-06
6800 	 6960 	 7.2887805881e+01 	 1.8602356140e-06
6900 	 7062 	 7.2887805881e+01 	 1.2905631312e-06
7000 	 7166 	 7.2887805881e+01 	 1.2221611901e-06
7100 	 7268 	 7.2887805881e+01 	 1.0052158576e-06
7200 	 7370 	 7.2887805881e+01 	 1.5288155910e-06
7300 	 7478 	 7.2887805881e+01 	 8.6813834675e-07
7400 	 7587 	 7.2887805881e+01 	 8.5013547257e-07
7500 	 7697 	 7.2887805881e+01 	 1.0930121603e-06
7600 	 7801 	 7.2887805881e+01 	 1.3979418473e-06
7700 	 7916 	 7.2887805881e+01 	 4.5839747714e-07
7800 	 8027 	 7.2887805881e+01 	 5.8232328791e-07
7900 	 8137 	 7.2887805881e+01 	 4.0552094666e-07
8000 	 8259 	 7.2887805881e+01 	 2.4903460876e-07
8100 	 8374 	 7.2887805881e+01 	 4.8675331240e-07
# ---- 
 1 		 8182 	 8481 		 7.3371256761e+01 	 7.2887805881e+01 	 4.1707076405e-07
# ---- 
# ---- 
 1 		 14 	 37 		 7.9471389506e+01 	 7.4011286161e+01 	 6.6390824204e-01
# ---- 
100 	 105 	 7.2720509566e+01 	 1.2582643477e-01
200 	 207 	 7.2349578911e+01 	 5.2111218618e-02
300 	 309 	 7.2253756348e+01 	 2.7726688652e-02
400 	 411 	 7.2221885130e+01 	 1.6426366287e-02
500 	 514 	 7.2211620624e+01 	 1.0288169910e-02
600 	 618 	 7.2208029092e+01 	 5.8680043042e-03
700 	 721 	 7.2206074916e+01 	 5.2368032709e-03
800 	 824 	 7.2204843226e+01 	 6.1868857479e-03
900 	 926 	 7.2204029352e+01 	 2.8008691711e-03
1000 	 1028 	 7.2203530459e+01 	 1.9772757353e-03
1100 	 1133 	 7.2203110086e+01 	 2.1653368424e-03
1200 	 1238 	 7.2202730540e+01 	 2.2791103449e-03
1300 	 1340 	 7.2202473774e+01 	 1.2875879534e-03
1400 	 1444 	 7.2202289423e+01 	 3.2536972245e-03
1500 	 1547 	 7.2202111876e+01 	 1.3726962546e-03
1600 	 1648 	 7.2201949882e+01 	 1.1883107242e-03
1700 	 1750 	 7.2201804675e+01 	 2.8128787319e-03
1800 	 1854 	 7.2201672326e+01 	 1.7102230601e-03
1900 	 1958 	 7.2201547393e+01 	 1.2050964474e-03
2000 	 2061 	 7.2201436070e+01 	 2.8738736829e-03
2100 	 2162 	 7.2201361009e+01 	 1.0945998659e-03
2200 	 2265 	 7.2201298858e+01 	 8.9193235492e-04
2300 	 2370 	 7.2201258574e+01 	 5.3927961832e-04
2400 	 2473 	 7.2201228597e+01 	 5.2048232277e-04
2500 	 2578 	 7.2201204632e+01 	 5.9178665833e-04
2600 	 2681 	 7.2201177082e+01 	 5.2979172472e-04
2700 	 2782 	 7.2201158534e+01 	 4.5671943866e-04
2800 	 2885 	 7.2201141911e+01 	 4.4995919031e-04
2900 	 2988 	 7.2201128439e+01 	 3.3373265124e-04
3000 	 3093 	 7.2201115944e+01 	 4.5007365866e-04
3100 	 3194 	 7.2201105310e+01 	 3.0822680975e-04
3200 	 3295 	 7.2201094489e+01 	 3.4773821986e-04
3300 	 3400 	 7.2201084664e+01 	 3.2071959975e-04
3400 	 3504 	 7.2201073777e+01 	 3.9730171047e-04
3500 	 3605 	 7.2201061705e+01 	 3.1297388761e-04
3600 	 3706 	 7.2201050908e+01 	 4.3833893781e-04
3700 	 3811 	 7.2201040947e+01 	 3.5532266097e-04
3800 	 3915 	 7.2201032986e+01 	 4.4439072988e-04
3900 	 4017 	 7.2201027530e+01 	 3.4690416339e-04
4000 	 4120 	 7.2201022055e+01 	 2.7636807303e-04
4100 	 4221 	 7.2201018045e+01 	 4.0757030055e-04
4200 	 4322 	 7.2201015142e+01 	 3.0708500282e-04
4300 	 4426 	 7.2201013240e+01 	 2.7495960447e-04
4400 	 4528 	 7.2201011443e+01 	 1.3495592666e-04
4500 	 4631 	 7.2201010191e+01 	 1.6931700712e-04
4600 	 4732 	 7.2201009164e+01 	 1.3639607091e-04
4700 	 4833 	 7.2201008343e+01 	 1.4668550645e-04
4800 	 4934 	 7.2201007847e+01 	 6.5840267193e-05
4900 	 5035 	 7.2201007331e+01 	 9.7414305012e-05
5000 	 5137 	 7.2201006730e+01 	 1.0170375869e-04
5100 	 5239 	 7.2201006259e+01 	 7.2378523727e-05
5200 	 5342 	 7.2201005894e+01 	 6.2443248411e-05
5300 	 5446 	 7.2201005481e+01 	 5.5447421906e-05
5400 	 5548 	 7.2201004988e+01 	 9.7250348898e-05
5500 	 5651 	 7.2201004540e+01 	 7.1366188793e-05
5600 	 5752 	 7.2201004151e+01 	 6.1020575079e-05
5700 	 5853 	 7.2201003855e+01 	 8.4085730401e-05
5800 	 5955 	 7.2201003534e+01 	 4.8619365479e-05
5900 	 6057 	 7.2201003246e+01 	 5.9561335514e-05
6000 	 6158 	 7.2201003003e+01 	 5.7415789278e-05
6100 	 6260 	 7.2201002771e+01 	 4.7798675286e-05
6200 	 6361 	 7.2201002544e+01 	 3.9014194874e-05
6300 	 6464 	 7.2201002374e+01 	 4.5994781359e-05
6400 	 6568 	 7.2201002250e+01 	 3.7286592744e-05
6500 	 6670 	 7.2201002149e+01 	 3.5822472222e-05
6600 	 6772 	 7.2201002053e+01 	 2.7628742999e-05
6700 	 6875 	 7.2201001994e+01 	 2.4235705576e-05
6800 	 6977 	 7.2201001952e+01 	 2.2313799097e-05
6900 	 7080 	 7.2201001918e+01 	 1.9831583905e-05
7000 	 7182 	 7.2201001885e+01 	 1.8599563851e-05
7100 	 7285 	 7.2201001848e+01 	 2.6808896576e-05
7200 	 7389 	 7.2201001805e+01 	 2.3872634667e-05
7300 	 7493 	 7.2201001773e+01 	 1.4243463964e-05
7400 	 7595 	 7.2201001750e+01 	 2.7030713386e-05
7500 	 7698 	 7.2201001729e+01 	 1.7393710595e-05
7600 	 7801 	 7.2201001709e+01 	 1.1900496312e-05
7700 	 7904 	 7.2201001695e+01 	 1.1449904557e-05
7800 	 8005 	 7.2201001682e+01 	 7.4286659947e-06
7900 	 8107 	 7.2201001673e+01 	 1.0440932729e-05
8000 	 8210 	 7.2201001666e+01 	 8.4502020462e-06
8100 	 8311 	 7.2201001659e+01 	 1.0552132977e-05
8200 	 8415 	 7.2201001654e+01 	 7.6876925741e-06
8300 	 8516 	 7.2201001648e+01 	 1.1184187267e-05
8400 	 8619 	 7.2201001643e+01 	 1.3319768402e-05
8500 	 8720 	 7.2201001639e+01 	 6.9328357810e-06
8600 	 8820 	 7.2201001635e+01 	 5.4718761221e-06
8700 	 8925 	 7.2201001632e+01 	 5.5818918944e-06
8800 	 9028 	 7.2201001630e+01 	 5.5231654778e-06
8900 	 9129 	 7.2201001627e+01 	 4.5021501698e-06
9000 	 9234 	 7.2201001625e+01 	 3.6980465917e-06
9100 	 9339 	 7.2201001624e+01 	 4.1636066200e-06
9200 	 9439 	 7.2201001622e+01 	 6.6522933286e-06
9300 	 9543 	 7.2201001620e+01 	 5.2967035033e-06
9400 	 9645 	 7.2201001619e+01 	 9.0047453541e-06
9500 	 9748 	 7.2201001617e+01 	 4.1853432319e-06
9600 	 9852 	 7.2201001616e+01 	 2.6458856832e-06
9700 	 9956 	 7.2201001615e+01 	 4.8084131532e-06
9800 	 10060 	 7.2201001615e+01 	 2.7123245431e-06
9900 	 10162 	 7.2201001614e+01 	 2.3248419884e-06
10000 	 10265 	 7.2201001614e+01 	 2.1002205139e-06
10100 	 10371 	 7.2201001614e+01 	 2.0242389342e-06
10200 	 10474 	 7.2201001613e+01 	 2.0805464683e-06
10300 	 10575 	 7.2201001613e+01 	 1.9363853432e-06
10400 	 10678 	 7.2201001613e+01 	 1.3964426849e-06
10500 	 10781 	 7.2201001613e+01 	 3.7510823675e-06
10600 	 10884 	 7.2201001613e+01 	 1.6626065459e-06
10700 	 10986 	 7.2201001612e+01 	 1.1090504866e-06
10800 	 11089 	 7.2201001612e+01 	 2.1650796053e-06
10900 	 11191 	 7.2201001612e+01 	 1.3216829095e-06
11000 	 11294 	 7.2201001612e+01 	 1.3311410649e-06
11100 	 11395 	 7.2201001612e+01 	 5.8284643071e-07
11200 	 11502 	 7.2201001612e+01 	 1.2409344863e-06
11300 	 11613 	 7.2201001612e+01 	 8.6866309092e-07
11400 	 11727 	 7.2201001612e+01 	 3.7554336739e-07
11500 	 11837 	 7.2201001612e+01 	 4.0364199751e-07
11600 	 11950 	 7.2201001612e+01 	 5.5982868115e-07
11700 	 12070 	 7.2201001612e+01 	 4.1268875415e-07
# ---- 
 1 		 11774 	 12176 		 8.2257183786e+01 	 7.2201001612e+01 	 3.7668784019e-07
# ---- 
100 	 103 	 7.2057528771e+01 	 4.9746107164e-02
200 	 206 	 7.1979649632e+01 	 3.9346425977e-02
300 	 306 	 7.1961193403e+01 	 1.0726980873e-02
400 	 408 	 7.1954338227e+01 	 1.2194524910e-02
500 	 510 	 7.1951672354e+01 	 4.9424816580e-03
600 	 613 	 7.1950726793e+01 	 3.0471838869e-03
700 	 716 	 7.1950199126e+01 	 2.6506732926e-03
800 	 817 	 7.1949865074e+01 	 2.4347086573e-03
900 	 919 	 7.1949640426e+01 	 1.7814341073e-03
1000 	 1019 	 7.1949510246e+01 	 1.3683610275e-03
1100 	 1120 	 7.1949407581e+01 	 1.2101993966e-03
1200 	 1222 	 7.1949316245e+01 	 1.1440828130e-03
1300 	 1326 	 7.1949252492e+01 	 1.0487579051e-03
1400 	 1428 	 7.1949199537e+01 	 1.0169497760e-03
1500 	 1532 	 7.1949148272e+01 	 9.4828282912e-04
1600 	 1632 	 7.1949099602e+01 	 9.4235884208e-04
1700 	 1735 	 7.1949058517e+01 	 9.2026534395e-04
1800 	 1837 	 7.1949023041e+01 	 5.5500445038e-04
1900 	 1941 	 7.1948990651e+01 	 7.9787454031e-04
2000 	 2043 	 7.1948956672e+01 	 9.8239142070e-04
2100 	 2147 	 7.1948930938e+01 	 4.8556435553e-04
2200 	 2250 	 7.1948909739e+01 	 5.1334364458e-04
2300 	 2351 	 7.1948894673e+01 	 5.0566547009e-04
2400 	 2453 	 7.1948882117e+01 	 4.4331290799e-04
2500 	 2555 	 7.1948869524e+01 	 3.4252854437e-04
2600 	 2659 	 7.1948858454e+01 	 2.9255045434e-04
2700 	 2761 	 7.1948849405e+01 	 6.7586419106e-04
2800 	 2864 	 7.1948841463e+01 	 2.5171233023e-04
2900 	 2967 	 7.1948833722e+01 	 8.3996378591e-04
3000 	 3068 	 7.1948824513e+01 	 5.7303372441e-04
3100 	 3169 	 7.1948815514e+01 	 4.0632646812e-04
3200 	 3270 	 7.1948807739e+01 	 5.7937096774e-04
3300 	 3372 	 7.1948801472e+01 	 2.9930133537e-04
3400 	 3474 	 7.1948796104e+01 	 2.9452307865e-04
3500 	 3577 	 7.1948791139e+01 	 2.2676848894e-04
3600 	 3679 	 7.1948787094e+01 	 2.7615747591e-04
3700 	 3781 	 7.1948783703e+01 	 1.8025748658e-04
3800 	 3884 	 7.1948780540e+01 	 1.8962350013e-04
3900 	 3985 	 7.1948776536e+01 	 1.6572717410e-04
4000 	 4087 	 7.1948772723e+01 	 5.6416519120e-04
4100 	 4191 	 7.1948769666e+01 	 5.7133285646e-04
4200 	 4294 	 7.1948767279e+01 	 2.6177900609e-04
4300 	 4394 	 7.1948765184e+01 	 1.5164328355e-04
4400 	 4498 	 7.1948763632e+01 	 1.3143809641e-04
4500 	 4600 	 7.1948762472e+01 	 1.0960744395e-04
4600 	 4701 	 7.1948761812e+01 	 1.0574232060e-04
4700 	 4803 	 7.1948761268e+01 	 1.1780370574e-04
4800 	 4903 	 7.1948760715e+01 	 9.2788180730e-05
4900 	 5005 	 7.1948759888e+01 	 1.5267895675e-04
5000 	 5107 	 7.1948759206e+01 	 7.0314331218e-05
5100 	 5211 	 7.1948758845e+01 	 5.3363493463e-05
5200 	 5312 	 7.1948758531e+01 	 5.4104453458e-05
5300 	 5414 	 7.1948758237e+01 	 1.5741387808e-04
5400 	 5516 	 7.1948757976e+01 	 1.6208613662e-04
5500 	 5619 	 7.1948757699e+01 	 8.3932073607e-05
5600 	 5722 	 7.1948757352e+01 	 1.4297632292e-04
5700 	 5823 	 7.1948757051e+01 	 5.3347900553e-05
5800 	 5925 	 7.1948756724e+01 	 5.6309585431e-05
5900 	 6025 	 7.1948756416e+01 	 1.4782516561e-04
6000 	 6127 	 7.1948756075e+01 	 5.9837813408e-05
6100 	 6232 	 7.1948755806e+01 	 7.3395412644e-05
6200 	 6334 	 7.1948755558e+01 	 4.1022202936e-05
6300 	 6438 	 7.1948755346e+01 	 4.4554292974e-05
6400 	 6541 	 7.1948755206e+01 	 2.8958766242e-05
6500 	 6644 	 7.1948755120e+01 	 3.0373789508e-05
6600 	 6746 	 7.1948755062e+01 	 3.8827851659e-05
6700 	 6849 	 7.1948755015e+01 	 2.3915197688e-05
6800 	 6950 	 7.1948754963e+01 	 2.6404530530e-05
6900 	 7053 	 7.1948754910e+01 	 1.9576337626e-05
7000 	 7157 	 7.1948754861e+01 	 4.3124259103e-05
7100 	 7259 	 7.1948754815e+01 	 2.4844925446e-05
7200 	 7361 	 7.1948754776e+01 	 1.9846833839e-05
7300 	 7465 	 7.1948754746e+01 	 1.5432727455e-05
7400 	 7567 	 7.1948754722e+01 	 1.5380523855e-05
7500 	 7668 	 7.1948754702e+01 	 1.5049568323e-05
7600 	 7771 	 7.1948754687e+01 	 1.7539860975e-05
7700 	 7874 	 7.1948754673e+01 	 1.2224772208e-05
7800 	 7977 	 7.1948754659e+01 	 1.0734937666e-05
7900 	 8081 	 7.1948754649e+01 	 1.1664352497e-05
8000 	 8182 	 7.1948754640e+01 	 8.4505511605e-06
8100 	 8285 	 7.1948754633e+01 	 2.5257180335e-05
8200 	 8388 	 7.1948754628e+01 	 6.0003488279e-06
8300 	 8491 	 7.1948754624e+01 	 8.9307809427e-06
8400 	 8594 	 7.1948754619e+01 	 8.5903357851e-06
8500 	 8696 	 7.1948754611e+01 	 1.5900223761e-05
8600 	 8797 	 7.1948754604e+01 	 9.5435361440e-06
8700 	 8899 	 7.1948754599e+01 	 1.0384987461e-05
8800 	 9004 	 7.1948754593e+01 	 6.0889763807e-06
8900 	 9107 	 7.1948754588e+01 	 1.2055604733e-05
9000 	 9209 	 7.1948754584e+01 	 7.1671397269e-06
9100 	 9314 	 7.1948754582e+01 	 4.4411761566e-06
9200 	 9416 	 7.1948754581e+01 	 5.4362552117e-06
9300 	 9518 	 7.1948754580e+01 	 3.1441918490e-06
9400 	 9619 	 7.1948754579e+01 	 4.1609136665e-06
9500 	 9720 	 7.1948754578e+01 	 6.0002008095e-06
9600 	 9823 	 7.1948754577e+01 	 2.9833443938e-06
9700 	 9926 	 7.1948754577e+01 	 4.0915449780e-06
9800 	 10029 	 7.1948754576e+01 	 3.2982432098e-06
9900 	 10130 	 7.1948754576e+01 	 2.0178464586e-06
10000 	 10231 	 7.1948754576e+01 	 8.0551193377e-06
10100 	 10336 	 7.1948754575e+01 	 3.8765877250e-06
10200 	 10441 	 7.1948754575e+01 	 3.5770055081e-06
10300 	 10544 	 7.1948754574e+01 	 2.5915870733e-06
10400 	 10645 	 7.1948754573e+01 	 2.3880168392e-06
10500 	 10747 	 7.1948754573e+01 	 4.8637995499e-06
10600 	 10849 	 7.1948754573e+01 	 2.8212847860e-06
10700 	 10952 	 7.1948754572e+01 	 1.4843253651e-06
10800 	 11055 	 7.1948754572e+01 	 1.5880632089e-06
10900 	 11155 	 7.1948754572e+01 	 1.3775273933e-06
11000 	 11256 	 7.1948754572e+01 	 1.6541372792e-06
11100 	 11359 	 7.1948754572e+01 	 9.0167244932e-07
11200 	 11465 	 7.1948754572e+01 	 6.9529832829e-07
11300 	 11577 	 7.1948754572e+01 	 7.7893731122e-07
11400 	 11688 	 7.1948754571e+01 	 6.7953215111e-07
11500 	 11801 	 7.1948754571e+01 	 5.1003844132e-07
11600 	 11917 	 7.1948754571e+01 	 7.5247173817e-07
11700 	 12033 	 7.1948754571e+01 	 4.0721076693e-07
11800 	 12148 	 7.1948754571e+01 	 3.6299186888e-07
11900 	 12264 	 7.1948754571e+01 	 3.3304628665e-07
# ---- 
 1 		 11902 	 12282 		 7.8783635828e+01 	 7.1948754571e+01 	 3.6166522991e-07
# ---- 
100 	 102 	 7.1843957033e+01 	 4.8086175916e-02
200 	 203 	 7.1772968805e+01 	 5.1061725066e-02
300 	 303 	 7.1755336535e+01 	 1.2171582303e-02
400 	 406 	 7.1748042984e+01 	 8.8091429389e-03
500 	 510 	 7.1745181264e+01 	 4.6550087867e-03
600 	 612 	 7.1744019463e+01 	 5.9046796256e-03
700 	 715 	 7.1743410816e+01 	 2.6643769671e-03
800 	 817 	 7.1743042308e+01 	 3.7152592524e-03
900 	 922 	 7.1742789261e+01 	 1.6515754031e-03
1000 	 1025 	 7.1742631586e+01 	 1.2612643696e-03
1100 	 1126 	 7.1742517226e+01 	 1.2482780997e-03
1200 	 1228 	 7.1742427007e+01 	 3.2638923052e-03
1300 	 1330 	 7.1742346229e+01 	 1.1032099098e-03
1400 	 1433 	 7.1742283212e+01 	 1.4139208894e-03
1500 	 1534 	 7.1742230515e+01 	 7.2648667250e-04
1600 	 1636 	 7.1742182766e+01 	 1.1944295797e-03
1700 	 1739 	 7.1742143052e+01 	 8.3634207536e-04
1800 	 1843 	 7.1742111494e+01 	 5.5964528230e-04
1900 	 1944 	 7.1742083191e+01 	 5.3444562454e-04
2000 	 2046 	 7.1742047570e+01 	 1.0362930576e-03
2100 	 2147 	 7.1742018279e+01 	 6.5876998069e-04
2200 	 2250 	 7.1741993946e+01 	 7.1855263453e-04
2300 	 2352 	 7.1741970618e+01 	 4.5386252456e-04
2400 	 2454 	 7.1741949758e+01 	 6.8605138555e-04
2500 	 2556 	 7.1741932257e+01 	 4.0825909445e-04
2600 	 2660 	 7.1741920291e+01 	 3.9030716329e-04
2700 	 2763 	 7.1741908506e+01 	 3.7210929548e-04
2800 	 2866 	 7.1741898006e+01 	 2.8531052281e-04
2900 	 2968 	 7.1741886371e+01 	 3.8256118104e-04
3000 	 3070 	 7.1741874929e+01 	 6.7451410990e-04
3100 	 3174 	 7.1741865091e+01 	 5.4556085089e-04
3200 	 3278 	 7.1741855917e+01 	 2.5411527839e-04
3300 	 3381 	 7.1741847520e+01 	 3.2142965850e-04
3400 	 3483 	 7.1741838750e+01 	 3.5331161149e-04
3500 	 3584 	 7.1741829689e+01 	 3.8330621152e-04
3600 	 3688 	 7.1741821473e+01 	 8.3342410528e-04
3700 	 3791 	 7.1741815009e+01 	 2.3437219992e-04
3800 	 3893 	 7.1741809531e+01 	 2.2056417207e-04
3900 	 3995 	 7.1741804818e+01 	 6.3648069383e-04
4000 	 4098 	 7.1741799974e+01 	 2.6261667396e-04
4100 	 4200 	 7.1741794911e+01 	 3.5296489276e-04
4200 	 4303 	 7.1741790444e+01 	 3.8313374491e-04
4300 	 4405 	 7.1741786819e+01 	 1.4428866734e-04
4400 	 4508 	 7.1741783892e+01 	 1.8307379775e-04
4500 	 4611 	 7.1741781303e+01 	 2.1264638010e-04
4600 	 4716 	 7.1741779186e+01 	 3.0634808698e-04
4700 	 4817 	 7.1741777785e+01 	 1.1636822900e-04
4800 	 4917 	 7.1741776687e+01 	 1.0707847495e-04
4900 	 5020 	 7.1741775471e+01 	 1.4690859735e-04
5000 	 5120 	 7.1741774431e+01 	 1.8252973288e-04
5100 	 5221 	 7.1741773601e+01 	 1.4094820646e-04
5200 	 5323 	 7.1741772840e+01 	 9.9689631418e-05
5300 	 5425 	 7.1741772191e+01 	 1.5774283703e-04
5400 	 5527 	 7.1741771570e+01 	 9.2906807853e-05
5500 	 5627 	 7.1741770944e+01 	 1.6079620505e-04
5600 	 5731 	 7.1741770373e+01 	 1.5122493598e-04
5700 	 5833 	 7.1741769828e+01 	 7.7569747618e-05
5800 	 5934 	 7.1741769261e+01 	 1.4500971511e-04
5900 	 6036 	 7.1741768804e+01 	 2.2318169994e-04
6000 	 6137 	 7.1741768416e+01 	 6.7030545289e-05
6100 	 6240 	 7.1741768047e+01 	 6.2060006879e-05
6200 	 6342 	 7.1741767751e+01 	 5.9791508009e-05
6300 	 6446 	 7.1741767418e+01 	 1.0317091485e-04
6400 	 6550 	 7.1741767167e+01 	 1.0116583507e-04
6500 	 6652 	 7.1741766914e+01 	 6.3327770324e-05
6600 	 6755 	 7.1741766673e+01 	 5.0833078853e-05
6700 	 6860 	 7.1741766469e+01 	 4.7119990095e-05
6800 	 6961 	 7.1741766280e+01 	 5.0327714204e-05
6900 	 7064 	 7.1741766150e+01 	 3.6183772631e-05
7000 	 7167 	 7.1741766055e+01 	 2.8928987083e-05
7100 	 7271 	 7.1741765985e+01 	 4.0063511091e-05
7200 	 7375 	 7.1741765893e+01 	 3.3186450432e-05
7300 	 7478 	 7.1741765805e+01 	 2.5305327000e-05
7400 	 7580 	 7.1741765733e+01 	 2.3136301458e-05
7500 	 7680 	 7.1741765682e+01 	 3.0161973296e-05
7600 	 7781 	 7.1741765646e+01 	 2.1508283838e-05
7700 	 7881 	 7.1741765614e+01 	 4.1612584965e-05
7800 	 7983 	 7.1741765577e+01 	 2.4588081683e-05
7900 	 8087 	 7.1741765536e+01 	 1.4791763707e-05
8000 	 8191 	 7.1741765508e+01 	 2.2531349825e-05
8100 	 8294 	 7.1741765486e+01 	 1.6419996348e-05
8200 	 8395 	 7.1741765467e+01 	 1.7126153196e-05
8300 	 8498 	 7.1741765455e+01 	 9.8583698355e-06
8400 	 8599 	 7.1741765445e+01 	 9.1279260312e-06
8500 	 8699 	 7.1741765437e+01 	 1.2724242421e-05
8600 	 8800 	 7.1741765429e+01 	 8.4276337857e-06
8700 	 8901 	 7.1741765422e+01 	 3.0618059665e-05
8800 	 9003 	 7.1741765414e+01 	 1.5173965716e-05
8900 	 9104 	 7.1741765404e+01 	 9.8720420139e-06
9000 	 9207 	 7.1741765393e+01 	 2.0030854088e-05
9100 	 9310 	 7.1741765384e+01 	 1.1245754859e-05
9200 	 9413 	 7.1741765374e+01 	 1.0219862870e-05
9300 	 9517 	 7.1741765369e+01 	 8.2978386405e-06
9400 	 9620 	 7.1741765363e+01 	 8.4894068930e-06
9500 	 9722 	 7.1741765357e+01 	 6.4838655802e-06
9600 	 9826 	 7.1741765353e+01 	 5.2377273633e-06
9700 	 9928 	 7.1741765350e+01 	 5.4068796258e-06
9800 	 10030 	 7.1741765348e+01 	 5.4367990209e-06
9900 	 10133 	 7.1741765346e+01 	 4.7009061100e-06
10000 	 10235 	 7.1741765344e+01 	 5.1136283262e-06
10100 	 10336 	 7.1741765343e+01 	 3.8174254701e-06
10200 	 10440 	 7.1741765341e+01 	 3.4966689824e-06
10300 	 10542 	 7.1741765340e+01 	 4.6873545329e-06
10400 	 10647 	 7.1741765338e+01 	 6.4251376533e-06
10500 	 10749 	 7.1741765336e+01 	 6.8152445642e-06
10600 	 10854 	 7.1741765335e+01 	 4.2847990565e-06
10700 	 10957 	 7.1741765334e+01 	 4.8657655942e-06
10800 	 11059 	 7.1741765333e+01 	 4.1821418382e-06
10900 	 11162 	 7.1741765333e+01 	 2.4556895962e-06
11000 	 11264 	 7.1741765332e+01 	 3.2488311573e-06
11100 	 11368 	 7.1741765332e+01 	 2.1589751445e-06
11200 	 11470 	 7.1741765332e+01 	 2.4417147151e-06
11300 	 11572 	 7.1741765331e+01 	 1.3409324059e-06
11400 	 11676 	 7.1741765331e+01 	 1.8421412629e-06
11500 	 11780 	 7.1741765331e+01 	 1.2971901896e-06
11600 	 11883 	 7.1741765331e+01 	 2.1252791106e-06
11700 	 11988 	 7.1741765331e+01 	 2.0740232579e-06
11800 	 12089 	 7.1741765330e+01 	 2.5666990952e-06
11900 	 12192 	 7.1741765330e+01 	 1.3811231851e-06
12000 	 12296 	 7.1741765330e+01 	 2.5663953657e-06
12100 	 12399 	 7.1741765330e+01 	 1.0977548741e-06
12200 	 12502 	 7.1741765330e+01 	 1.0246247549e-06
12300 	 12606 	 7.1741765330e+01 	 1.2110382504e-06
12400 	 12715 	 7.1741765330e+01 	 1.9157743403e-06
12500 	 12818 	 7.1741765330e+01 	 1.0128508994e-06
12600 	 12920 	 7.1741765329e+01 	 1.2112088531e-06
12700 	 13028 	 7.1741765329e+01 	 9.3678612334e-07
12800 	 13136 	 7.1741765329e+01 	 1.0869167058e-06
12900 	 13240 	 7.1741765329e+01 	 1.3508478064e-06
13000 	 13346 	 7.1741765329e+01 	 1.3622251142e-06
13100 	 13453 	 7.1741765329e+01 	 7.9912165778e-07
13200 	 13564 	 7.1741765329e+01 	 3.5977207383e-07
13300 	 13679 	 7.1741765329e+01 	 1.0575269962e-06
# ---- 
 1 		 13383 	 13783 		 7.8613508771e+01 	 7.1741765329e+01 	 4.2275912204e-07
# ---- 
100 	 110 	 7.1688160207e+01 	 6.3698608098e-02
200 	 211 	 7.1604506574e+01 	 2.3565581438e-02
300 	 313 	 7.1585674435e+01 	 2.2205099985e-02
400 	 415 	 7.1577976327e+01 	 1.6172687868e-02
500 	 515 	 7.1574510739e+01 	 5.6274026274e-03
600 	 618 	 7.1573066898e+01 	 4.9256634965e-03
700 	 719 	 7.1572317702e+01 	 2.4095974723e-03
800 	 823 	 7.1571901456e+01 	 2.3928834150e-03
900 	 923 	 7.1571612633e+01 	 1.7878428917e-03
1000 	 1027 	 7.1571438040e+01 	 2.0864000652e-03
1100 	 1128 	 7.1571311135e+01 	 1.2691587805e-03
1200 	 1230 	 7.1571209850e+01 	 1.0516885269e-03
1300 	 1333 	 7.1571123295e+01 	 9.5842779486e-04
1400 	 1435 	 7.1571053660e+01 	 7.4595462301e-04
1500 	 1539 	 7.1571001815e+01 	 8.0815772946e-04
1600 	 1641 	 7.1570956608e+01 	 1.6720575529e-03
1700 	 1744 	 7.1570914274e+01 	 7.2592504756e-04
1800 	 1846 	 7.1570879177e+01 	 1.6118182365e-03
1900 	 1949 	 7.1570845926e+01 	 8.5010937505e-04
2000 	 2052 	 7.1570811454e+01 	 8.3000982055e-04
2100 	 2153 	 7.1570774842e+01 	 8.9135374747e-04
2200 	 2254 	 7.1570745608e+01 	 1.0009426843e-03
2300 	 2357 	 7.1570720966e+01 	 5.4275361236e-04
2400 	 2460 	 7.1570697887e+01 	 5.6757888354e-04
2500 	 2562 	 7.1570677427e+01 	 5.1546614309e-04
2600 	 2662 	 7.1570658677e+01 	 8.1093701896e-04
2700 	 2762 	 7.1570645245e+01 	 3.6715342674e-04
2800 	 2866 	 7.1570632336e+01 	 8.0962190230e-04
2900 	 2967 	 7.1570621806e+01 	 3.4705190901e-04
3000 	 3070 	 7.1570609418e+01 	 5.4370740389e-04
3100 	 3172 	 7.1570595873e+01 	 3.8596979060e-04
3200 	 3275 	 7.1570581056e+01 	 2.9828773440e-04
3300 	 3377 	 7.1570569992e+01 	 9.7530252069e-04
3400 	 3481 	 7.1570556526e+01 	 3.9202127249e-04
3500 	 3583 	 7.1570545911e+01 	 4.3154882352e-04
3600 	 3686 	 7.1570536360e+01 	 2.7782618491e-04
3700 	 3790 	 7.1570527412e+01 	 4.6564771270e-04
3800 	 3892 	 7.1570518918e+01 	 3.4389512820e-04
3900 	 3995 	 7.1570511162e+01 	 2.7374916444e-04
4000 	 4098 	 7.1570503879e+01 	 2.7771713958e-04
4100 	 4201 	 7.1570497420e+01 	 3.3623784953e-04
4200 	 4305 	 7.1570490374e+01 	 2.1805565305e-04
4300 	 4406 	 7.1570484542e+01 	 3.2261026279e-04
4400 	 4507 	 7.1570481054e+01 	 2.0736785555e-04
4500 	 4609 	 7.1570477241e+01 	 2.6355518972e-04
4600 	 4710 	 7.1570473612e+01 	 2.0068482085e-04
4700 	 4813 	 7.1570470206e+01 	 1.7388105390e-04
4800 	 4916 	 7.1570466913e+01 	 2.2138573238e-04
4900 	 5020 	 7.1570464341e+01 	 1.4804006476e-04
5000 	 5124 	 7.1570462560e+01 	 1.1805228025e-04
5100 	 5228 	 7.1570461343e+01 	 1.6444494212e-04
5200 	 5329 	 7.1570460186e+01 	 1.1964667989e-04
5300 	 5431 	 7.1570458675e+01 	 1.4188546717e-04
5400 	 5533 	 7.1570457288e+01 	 1.1282036577e-04
5500 	 5634 	 7.1570455920e+01 	 1.9314590188e-04
5600 	 5737 	 7.1570454477e+01 	 4.0752625214e-04
5700 	 5841 	 7.1570452824e+01 	 1.1593566941e-04
5800 	 5943 	 7.1570451453e+01 	 1.2573802981e-04
5900 	 6046 	 7.1570450540e+01 	 9.8548594038e-05
6000 	 6149 	 7.1570449878e+01 	 1.5632650396e-04
6100 	 6252 	 7.1570449260e+01 	 9.4396848048e-05
6200 	 6354 	 7.1570448685e+01 	 7.3669421572e-05
6300 	 6456 	 7.1570448170e+01 	 7.0219045510e-05
6400 	 6560 	 7.1570447694e+01 	 1.0886693955e-04
6500 	 6662 	 7.1570447167e+01 	 7.4820400198e-05
6600 	 6763 	 7.1570446702e+01 	 5.7014329239e-05
6700 	 6868 	 7.1570446253e+01 	 1.2150870095e-04
6800 	 6973 	 7.1570445947e+01 	 6.8857664875e-05
6900 	 7074 	 7.1570445751e+01 	 7.0125744123e-05
7000 	 7176 	 7.1570445580e+01 	 5.0562043185e-05
7100 	 7279 	 7.1570445358e+01 	 6.5098403922e-05
7200 	 7381 	 7.1570445094e+01 	 1.1909370439e-04
7300 	 7482 	 7.1570444818e+01 	 5.1154978320e-05
7400 	 7584 	 7.1570444560e+01 	 5.7560580424e-05
7500 	 7685 	 7.1570444346e+01 	 7.3020452073e-05
7600 	 7787 	 7.1570444153e+01 	 8.4341778262e-05
7700 	 7889 	 7.1570443973e+01 	 4.6490731006e-05
7800 	 7990 	 7.1570443831e+01 	 3.5881635838e-05
7900 	 8092 	 7.1570443721e+01 	 3.0519375394e-05
8000 	 8195 	 7.1570443626e+01 	 3.7463696536e-05
8100 	 8298 	 7.1570443543e+01 	 3.8879172770e-05
8200 	 8401 	 7.1570443475e+01 	 3.2127613921e-05
8300 	 8505 	 7.1570443433e+01 	 2.1808457452e-05
8400 	 8606 	 7.1570443392e+01 	 2.2935532600e-05
8500 	 8706 	 7.1570443354e+01 	 2.0611452431e-05
8600 	 8809 	 7.1570443326e+01 	 1.8563526035e-05
8700 	 8912 	 7.1570443293e+01 	 2.7455477492e-05
8800 	 9014 	 7.1570443259e+01 	 2.3873361245e-05
8900 	 9117 	 7.1570443223e+01 	 1.6577227035e-05
9000 	 9220 	 7.1570443188e+01 	 5.2409262581e-05
9100 	 9323 	 7.1570443160e+01 	 1.3925778775e-05
9200 	 9426 	 7.1570443138e+01 	 2.9575205092e-05
9300 	 9529 	 7.1570443119e+01 	 1.6211644226e-05
9400 	 9634 	 7.1570443102e+01 	 2.2351191992e-05
9500 	 9737 	 7.1570443089e+01 	 1.2884302907e-05
9600 	 9838 	 7.1570443081e+01 	 7.1942386636e-06
9700 	 9941 	 7.1570443075e+01 	 9.6729605066e-06
9800 	 10043 	 7.1570443069e+01 	 9.6608976394e-06
9900 	 10145 	 7.1570443064e+01 	 6.0158644279e-06
10000 	 10247 	 7.1570443058e+01 	 1.2176260565e-05
10100 	 10350 	 7.1570443051e+01 	 1.8152719832e-05
10200 	 10452 	 7.1570443044e+01 	 9.0826899808e-06
10300 	 10555 	 7.1570443039e+01 	 1.3170195036e-05
10400 	 10657 	 7.1570443034e+01 	 6.9409267009e-06
10500 	 10759 	 7.1570443029e+01 	 6.7681210048e-06
10600 	 10862 	 7.1570443025e+01 	 7.4842178218e-06
10700 	 10965 	 7.1570443020e+01 	 6.6394540930e-06
10800 	 11070 	 7.1570443015e+01 	 8.8828964869e-06
10900 	 11173 	 7.1570443011e+01 	 9.4176054400e-06
11000 	 11273 	 7.1570443007e+01 	 8.1529993179e-06
11100 	 11377 	 7.1570443004e+01 	 5.1035400981e-06
11200 	 11481 	 7.1570443002e+01 	 6.9762602019e-06
11300 	 11583 	 7.1570442999e+01 	 5.6752041926e-06
11400 	 11684 	 7.1570442997e+01 	 9.6978764598e-06
11500 	 11784 	 7.1570442996e+01 	 4.5327308447e-06
11600 	 11887 	 7.1570442994e+01 	 3.9604290235e-06
11700 	 11991 	 7.1570442993e+01 	 3.2549594910e-06
11800 	 12093 	 7.1570442993e+01 	 4.6677927526e-06
11900 	 12196 	 7.1570442992e+01 	 2.4298868448e-06
12000 	 12298 	 7.1570442992e+01 	 2.1904554408e-06
12100 	 12401 	 7.1570442991e+01 	 3.1654246918e-06
12200 	 12506 	 7.1570442990e+01 	 4.4196733795e-06
12300 	 12608 	 7.1570442990e+01 	 3.9959746956e-06
12400 	 12710 	 7.1570442989e+01 	 3.8112829767e-06
12500 	 12814 	 7.1570442988e+01 	 1.8663427694e-06
12600 	 12916 	 7.1570442988e+01 	 5.3402852358e-06
12700 	 13020 	 7.1570442988e+01 	 2.1025689845e-06
12800 	 13123 	 7.1570442987e+01 	 4.2819629100e-06
12900 	 13225 	 7.1570442987e+01 	 3.3602096676e-06
13000 	 13328 	 7.1570442987e+01 	 1.0763240626e-06
13100 	 13431 	 7.1570442987e+01 	 2.2614626091e-06
13200 	 13532 	 7.1570442987e+01 	 1.6285825986e-06
13300 	 13635 	 7.1570442987e+01 	 2.0681583704e-06
13400 	 13740 	 7.1570442986e+01 	 1.2244691977e-06
13500 	 13841 	 7.1570442986e+01 	 8.6418238643e-07
13600 	 13945 	 7.1570442986e+01 	 9.9278699462e-07
13700 	 14050 	 7.1570442986e+01 	 1.0290246927e-06
13800 	 14156 	 7.1570442986e+01 	 2.0759981942e-06
13900 	 14262 	 7.1570442986e+01 	 7.5223065403e-07
14000 	 14365 	 7.1570442986e+01 	 6.9737665588e-07
14100 	 14476 	 7.1570442986e+01 	 6.4926340432e-07
14200 	 14583 	 7.1570442986e+01 	 6.6933125173e-07
14300 	 14691 	 7.1570442986e+01 	 5.8679722812e-07
14400 	 14799 	 7.1570442986e+01 	 1.7199997424e-06
14500 	 14909 	 7.1570442986e+01 	 1.0286014850e-06
14600 	 15012 	 7.1570442986e+01 	 1.6497159689e-06
14700 	 15120 	 7.1570442986e+01 	 6.2036728732e-07
14800 	 15227 	 7.1570442986e+01 	 1.1159449279e-06
14900 	 15338 	 7.1570442986e+01 	 5.4686229006e-07
15000 	 15452 	 7.1570442985e+01 	 6.3014376533e-07
# ---- 
 1 		 15057 	 15531 		 7.8417161516e+01 	 7.1570442985e+01 	 4.3545930965e-07
# ---- 
100 	 107 	 7.1531133353e+01 	 6.7955401154e-02
200 	 208 	 7.1458389821e+01 	 2.4001910977e-02
300 	 311 	 7.1441711716e+01 	 1.7911945082e-02
400 	 413 	 7.1435154140e+01 	 1.2959489248e-02
500 	 516 	 7.1431839257e+01 	 5.2840896782e-03
600 	 618 	 7.1430306532e+01 	 6.5534188620e-03
700 	 720 	 7.1429552054e+01 	 2.3797070742e-03
800 	 823 	 7.1429096896e+01 	 3.6860216312e-03
900 	 926 	 7.1428828260e+01 	 1.8049179361e-03
1000 	 1029 	 7.1428658205e+01 	 3.6599209023e-03
1100 	 1130 	 7.1428536342e+01 	 3.3910390825e-03
1200 	 1232 	 7.1428439017e+01 	 1.1561985553e-03
1300 	 1335 	 7.1428358917e+01 	 9.5705166491e-04
1400 	 1436 	 7.1428280512e+01 	 1.1021414811e-03
1500 	 1540 	 7.1428206108e+01 	 2.9301435234e-03
1600 	 1643 	 7.1428152536e+01 	 8.5288600860e-04
1700 	 1746 	 7.1428105552e+01 	 1.7715432900e-03
1800 	 1847 	 7.1428069743e+01 	 1.4928423496e-03
1900 	 1951 	 7.1428038358e+01 	 9.7242317426e-04
2000 	 2055 	 7.1428010119e+01 	 7.0042228235e-04
2100 	 2159 	 7.1427972633e+01 	 6.3405302119e-04
2200 	 2261 	 7.1427938747e+01 	 6.9866756437e-04
2300 	 2362 	 7.1427899600e+01 	 2.0834591329e-03
2400 	 2465 	 7.1427863696e+01 	 7.3631947175e-04
2500 	 2567 	 7.1427831715e+01 	 7.0177578791e-04
2600 	 2669 	 7.1427803089e+01 	 5.2918133910e-04
2700 	 2772 	 7.1427784601e+01 	 4.0182781471e-04
2800 	 2873 	 7.1427766548e+01 	 6.5411305514e-04
2900 	 2975 	 7.1427754190e+01 	 5.3334553323e-04
3000 	 3078 	 7.1427739397e+01 	 6.6541751127e-04
3100 	 3180 	 7.1427724148e+01 	 3.2165044268e-04
3200 	 3282 	 7.1427709802e+01 	 4.3562997843e-04
3300 	 3386 	 7.1427694574e+01 	 3.9450360682e-04
3400 	 3488 	 7.1427679928e+01 	 4.9974789242e-04
3500 	 3594 	 7.1427667361e+01 	 4.2462855591e-04
3600 	 3696 	 7.1427655924e+01 	 4.2417253415e-04
3700 	 3797 	 7.1427645416e+01 	 8.4658316395e-04
3800 	 3901 	 7.1427635644e+01 	 3.9341530615e-04
3900 	 4001 	 7.1427627295e+01 	 2.6557573457e-04
4000 	 4104 	 7.1427618319e+01 	 3.2841722178e-04
4100 	 4207 	 7.1427607929e+01 	 3.7757908875e-04
4200 	 4310 	 7.1427596490e+01 	 5.2390488316e-04
4300 	 4412 	 7.1427585053e+01 	 3.3420097474e-04
4400 	 4515 	 7.1427576431e+01 	 3.1856643943e-04
4500 	 4616 	 7.1427568170e+01 	 5.8496837819e-04
4600 	 4718 	 7.1427561626e+01 	 2.6408144391e-04
4700 	 4822 	 7.1427556595e+01 	 2.3047552238e-04
4800 	 4922 	 7.1427550850e+01 	 2.6075082035e-04
4900 	 5026 	 7.1427545783e+01 	 2.4438465231e-04
5000 	 5127 	 7.1427541234e+01 	 4.3243153854e-04
5100 	 5232 	 7.1427538193e+01 	 3.1503496074e-04
5200 	 5335 	 7.1427535633e+01 	 1.8033813741e-04
5300 	 5435 	 7.1427532926e+01 	 1.5960933911e-04
5400 	 5536 	 7.1427530709e+01 	 1.5603204967e-04
5500 	 5637 	 7.1427528946e+01 	 1.6103728062e-04
5600 	 5737 	 7.1427527120e+01 	 3.4047039489e-04
5700 	 5840 	 7.1427525560e+01 	 4.1304931963e-04
5800 	 5941 	 7.1427523828e+01 	 2.4108850590e-04
5900 	 6043 	 7.1427521360e+01 	 1.5607949336e-04
6000 	 6146 	 7.1427519037e+01 	 2.0563539829e-04
6100 	 6250 	 7.1427517185e+01 	 1.0716416091e-04
6200 	 6352 	 7.1427515571e+01 	 1.3075464268e-04
6300 	 6454 	 7.1427514269e+01 	 1.3095170433e-04
6400 	 6556 	 7.1427513184e+01 	 1.3848108898e-04
6500 	 6660 	 7.1427512360e+01 	 1.0713442010e-04
6600 	 6764 	 7.1427511551e+01 	 9.4068026455e-05
6700 	 6866 	 7.1427510750e+01 	 1.4174289122e-04
6800 	 6970 	 7.1427509968e+01 	 1.0431667262e-04
6900 	 7072 	 7.1427509309e+01 	 1.0341435710e-04
7000 	 7175 	 7.1427508769e+01 	 6.9613763434e-05
7100 	 7278 	 7.1427508355e+01 	 2.3068009741e-04
7200 	 7383 	 7.1427507959e+01 	 5.9783506006e-05
7300 	 7487 	 7.1427507598e+01 	 7.9777140575e-05
7400 	 7591 	 7.1427507318e+01 	 4.5293028030e-05
7500 	 7694 	 7.1427507021e+01 	 1.9867698260e-04
7600 	 7795 	 7.1427506752e+01 	 5.4602227805e-05
7700 	 7897 	 7.1427506540e+01 	 6.5123177407e-05
7800 	 7999 	 7.1427506353e+01 	 4.1286184441e-05
7900 	 8103 	 7.1427506170e+01 	 3.4731917278e-05
8000 	 8205 	 7.1427506014e+01 	 4.7428559598e-05
8100 	 8307 	 7.1427505875e+01 	 8.4377484219e-05
8200 	 8410 	 7.1427505755e+01 	 6.1638635944e-05
8300 	 8513 	 7.1427505632e+01 	 8.7512102365e-05
8400 	 8615 	 7.1427505507e+01 	 2.9769935535e-05
8500 	 8717 	 7.1427505414e+01 	 2.9965284527e-05
8600 	 8820 	 7.1427505350e+01 	 2.2985964350e-05
8700 	 8921 	 7.1427505303e+01 	 2.0996462004e-05
8800 	 9023 	 7.1427505265e+01 	 1.6160047424e-05
8900 	 9126 	 7.1427505238e+01 	 1.4233097170e-05
9000 	 9228 	 7.1427505210e+01 	 3.0429077373e-05
9100 	 9330 	 7.1427505167e+01 	 3.3650136501e-05
9200 	 9435 	 7.1427505120e+01 	 2.0234692750e-05
9300 	 9538 	 7.1427505069e+01 	 2.5811041241e-05
9400 	 9639 	 7.1427505021e+01 	 3.3964243508e-05
9500 	 9742 	 7.1427504984e+01 	 1.6162510189e-05
9600 	 9843 	 7.1427504952e+01 	 4.4051788438e-05
9700 	 9947 	 7.1427504932e+01 	 1.0783919321e-05
9800 	 10047 	 7.1427504914e+01 	 1.3488204832e-05
9900 	 10149 	 7.1427504899e+01 	 1.4206893652e-05
10000 	 10251 	 7.1427504881e+01 	 1.5074479658e-05
10100 	 10354 	 7.1427504861e+01 	 1.3157320726e-05
10200 	 10457 	 7.1427504841e+01 	 1.2373138753e-05
10300 	 10562 	 7.1427504823e+01 	 2.7623003861e-05
10400 	 10665 	 7.1427504809e+01 	 2.2599164863e-05
10500 	 10765 	 7.1427504794e+01 	 1.7701125533e-05
10600 	 10867 	 7.1427504780e+01 	 1.2712070016e-05
10700 	 10968 	 7.1427504762e+01 	 1.9101348660e-05
10800 	 11070 	 7.1427504743e+01 	 1.7199664422e-05
10900 	 11172 	 7.1427504725e+01 	 2.1328054585e-05
11000 	 11273 	 7.1427504705e+01 	 1.6733641265e-05
11100 	 11375 	 7.1427504686e+01 	 1.1560993095e-05
11200 	 11476 	 7.1427504675e+01 	 9.2941858777e-06
11300 	 11577 	 7.1427504668e+01 	 9.1876369471e-06
11400 	 11682 	 7.1427504662e+01 	 8.3420334250e-06
11500 	 11784 	 7.1427504655e+01 	 6.4170514189e-06
11600 	 11885 	 7.1427504650e+01 	 7.2287524243e-06
11700 	 11988 	 7.1427504646e+01 	 5.3936132528e-06
11800 	 12091 	 7.1427504643e+01 	 8.8668827826e-06
11900 	 12195 	 7.1427504641e+01 	 3.2956319555e-06
12000 	 12299 	 7.1427504639e+01 	 7.1900083852e-06
12100 	 12402 	 7.1427504637e+01 	 4.7919886439e-06
12200 	 12505 	 7.1427504635e+01 	 4.7899221428e-06
12300 	 12608 	 7.1427504634e+01 	 3.4392263045e-06
12400 	 12708 	 7.1427504632e+01 	 4.9828140291e-06
12500 	 12812 	 7.1427504630e+01 	 4.7563353613e-06
12600 	 12914 	 7.1427504629e+01 	 2.7578027557e-06
12700 	 13017 	 7.1427504629e+01 	 2.5595005928e-06
12800 	 13121 	 7.1427504628e+01 	 4.4813803075e-06
12900 	 13223 	 7.1427504627e+01 	 3.5317339816e-06
13000 	 13328 	 7.1427504626e+01 	 4.0690617330e-06
13100 	 13432 	 7.1427504625e+01 	 3.2362489847e-06
13200 	 13533 	 7.1427504624e+01 	 6.9082298594e-06
13300 	 13634 	 7.1427504624e+01 	 4.7033343447e-06
13400 	 13739 	 7.1427504623e+01 	 2.7921103080e-06
13500 	 13840 	 7.1427504622e+01 	 2.8904642307e-06
13600 	 13943 	 7.1427504622e+01 	 2.8410867225e-06
13700 	 14046 	 7.1427504621e+01 	 2.4427481800e-06
13800 	 14149 	 7.1427504621e+01 	 1.8043337244e-06
13900 	 14253 	 7.1427504621e+01 	 2.4938035083e-06
14000 	 14353 	 7.1427504620e+01 	 3.7736939990e-06
14100 	 14455 	 7.1427504620e+01 	 1.2111798138e-06
14200 	 14555 	 7.1427504620e+01 	 9.9871864569e-07
14300 	 14657 	 7.1427504620e+01 	 1.2145413797e-06
14400 	 14761 	 7.1427504620e+01 	 1.3545762899e-06
14500 	 14867 	 7.1427504620e+01 	 1.5254670619e-06
14600 	 14969 	 7.1427504620e+01 	 1.0389415473e-06
14700 	 15071 	 7.1427504619e+01 	 9.3951633288e-07
14800 	 15173 	 7.1427504619e+01 	 1.3332072258e-06
14900 	 15277 	 7.1427504619e+01 	 1.4236562670e-06
15000 	 15379 	 7.1427504619e+01 	 1.7142150046e-06
15100 	 15484 	 7.1427504619e+01 	 9.8521715978e-07
15200 	 15587 	 7.1427504619e+01 	 8.2527731894e-07
15300 	 15696 	 7.1427504619e+01 	 9.3733481856e-07
15400 	 15800 	 7.1427504619e+01 	 1.0868003473e-06
15500 	 15904 	 7.1427504619e+01 	 1.6502731842e-06
15600 	 16009 	 7.1427504619e+01 	 9.8322048374e-07
15700 	 16115 	 7.1427504619e+01 	 1.5993925875e-06
15800 	 16235 	 7.1427504619e+01 	 6.0263267163e-07
15900 	 16345 	 7.1427504619e+01 	 8.3062913396e-07
16000 	 16453 	 7.1427504619e+01 	 5.9847534974e-07
16100 	 16571 	 7.1427504619e+01 	 3.6736983199e-07
16200 	 16686 	 7.1427504619e+01 	 7.4775673168e-07
16300 	 16803 	 7.1427504619e+01 	 4.5726397663e-07
# ---- 
 1 		 16317 	 16833 		 7.8215815769e+01 	 7.1427504619e+01 	 8.4697617984e-07
# ---- 
100 	 103 	 7.1397763626e+01 	 1.5261841467e-01
200 	 207 	 7.1336791503e+01 	 2.1985271148e-02
300 	 309 	 7.1321198453e+01 	 1.8245848691e-02
400 	 412 	 7.1314930151e+01 	 1.7261864819e-02
500 	 516 	 7.1311903935e+01 	 4.5446343534e-03
600 	 622 	 7.1310460931e+01 	 5.4669013627e-03
700 	 724 	 7.1309627229e+01 	 2.7849626332e-03
800 	 826 	 7.1309157802e+01 	 3.8439457251e-03
900 	 930 	 7.1308884696e+01 	 2.9829665927e-03
1000 	 1032 	 7.1308708097e+01 	 1.8961341073e-03
1100 	 1135 	 7.1308574574e+01 	 1.1185918497e-03
1200 	 1237 	 7.1308475918e+01 	 3.8919321988e-03
1300 	 1340 	 7.1308398234e+01 	 2.1567092114e-03
1400 	 1442 	 7.1308316971e+01 	 9.9132078740e-04
1500 	 1546 	 7.1308239414e+01 	 1.3260077726e-03
1600 	 1647 	 7.1308170153e+01 	 1.1464735706e-03
1700 	 1749 	 7.1308116251e+01 	 1.3629632112e-03
1800 	 1851 	 7.1308073474e+01 	 9.9852056629e-04
1900 	 1952 	 7.1308042069e+01 	 7.0228552989e-04
2000 	 2054 	 7.1308009861e+01 	 7.5250980750e-04
2100 	 2156 	 7.1307976694e+01 	 8.8430334693e-04
2200 	 2259 	 7.1307938311e+01 	 9.8551967654e-04
2300 	 2362 	 7.1307899057e+01 	 9.1317467089e-04
2400 	 2463 	 7.1307861374e+01 	 6.6845713160e-04
2500 	 2567 	 7.1307821410e+01 	 1.7908409798e-03
2600 	 2670 	 7.1307783490e+01 	 1.8945608657e-03
2700 	 2774 	 7.1307751580e+01 	 7.6796138420e-04
2800 	 2878 	 7.1307724247e+01 	 1.3891389364e-03
2900 	 2980 	 7.1307704088e+01 	 4.6612376320e-04
3000 	 3082 	 7.1307687310e+01 	 4.6055350849e-04
3100 	 3186 	 7.1307667537e+01 	 5.1328617913e-04
3200 	 3287 	 7.1307650535e+01 	 6.8558245224e-04
3300 	 3392 	 7.1307632376e+01 	 4.7886046905e-04
3400 	 3495 	 7.1307615172e+01 	 4.7030652942e-04
3500 	 3598 	 7.1307598651e+01 	 5.0825926491e-04
3600 	 3702 	 7.1307582507e+01 	 7.8974983851e-04
3700 	 3805 	 7.1307568502e+01 	 4.3448384717e-04
3800 	 3906 	 7.1307557143e+01 	 2.9734268106e-04
3900 	 4009 	 7.1307548195e+01 	 4.7059803159e-04
4000 	 4110 	 7.1307536015e+01 	 4.7026228099e-04
4100 	 4211 	 7.1307524326e+01 	 8.9330361767e-04
4200 	 4314 	 7.1307512428e+01 	 3.4067518780e-04
4300 	 4417 	 7.1307502765e+01 	 4.4879960414e-04
4400 	 4521 	 7.1307494267e+01 	 2.7073270663e-04
4500 	 4622 	 7.1307485712e+01 	 3.3841959585e-04
4600 	 4724 	 7.1307478355e+01 	 4.6324118193e-04
4700 	 4828 	 7.1307471825e+01 	 2.8450067618e-04
4800 	 4932 	 7.1307465166e+01 	 4.5010262216e-04
4900 	 5033 	 7.1307458416e+01 	 3.0034060338e-04
5000 	 5135 	 7.1307452887e+01 	 2.4465127996e-04
5100 	 5237 	 7.1307447022e+01 	 2.7447416091e-04
5200 	 5338 	 7.1307441253e+01 	 2.7028395815e-04
5300 	 5442 	 7.1307435015e+01 	 7.8041781945e-04
5400 	 5547 	 7.1307430942e+01 	 5.6840477010e-04
5500 	 5648 	 7.1307427283e+01 	 2.2266406422e-04
5600 	 5750 	 7.1307424127e+01 	 3.0756188468e-04
5700 	 5853 	 7.1307420865e+01 	 1.8837247290e-04
5800 	 5956 	 7.1307415728e+01 	 2.8842421163e-04
5900 	 6060 	 7.1307411414e+01 	 2.4508171861e-04
6000 	 6162 	 7.1307407685e+01 	 2.4425974194e-04
6100 	 6266 	 7.1307404284e+01 	 2.5459816002e-04
6200 	 6367 	 7.1307401544e+01 	 2.5127742051e-04
6300 	 6468 	 7.1307399427e+01 	 1.3797364028e-04
6400 	 6572 	 7.1307397720e+01 	 2.3255648618e-04
6500 	 6674 	 7.1307396099e+01 	 1.3447302213e-04
6600 	 6777 	 7.1307394562e+01 	 1.2185930555e-04
6700 	 6877 	 7.1307393290e+01 	 1.4866104915e-04
6800 	 6981 	 7.1307392278e+01 	 1.4525597648e-04
6900 	 7083 	 7.1307391457e+01 	 1.1053751930e-04
7000 	 7186 	 7.1307390641e+01 	 9.4417104765e-05
7100 	 7288 	 7.1307389841e+01 	 1.2590769738e-04
7200 	 7392 	 7.1307389296e+01 	 9.5487905930e-05
7300 	 7493 	 7.1307388826e+01 	 5.1673236921e-05
7400 	 7598 	 7.1307388402e+01 	 7.7394755638e-05
7500 	 7703 	 7.1307387945e+01 	 8.2445935395e-05
7600 	 7805 	 7.1307387481e+01 	 8.0068054365e-05
7700 	 7908 	 7.1307386983e+01 	 7.5386978804e-05
7800 	 8013 	 7.1307386438e+01 	 7.5518448238e-05
7900 	 8114 	 7.1307385942e+01 	 7.8138052226e-05
8000 	 8216 	 7.1307385497e+01 	 7.2351693071e-05
8100 	 8316 	 7.1307384998e+01 	 6.7566113560e-05
8200 	 8419 	 7.1307384571e+01 	 6.4758528107e-05
8300 	 8522 	 7.1307384251e+01 	 7.6108480797e-05
8400 	 8622 	 7.1307383950e+01 	 7.6565921024e-05
8500 	 8724 	 7.1307383677e+01 	 7.4417998645e-05
8600 	 8825 	 7.1307383457e+01 	 4.7422955401e-05
8700 	 8926 	 7.1307383294e+01 	 5.3815499243e-05
8800 	 9028 	 7.1307383180e+01 	 6.6588211019e-05
8900 	 9131 	 7.1307383083e+01 	 3.7232893382e-05
9000 	 9232 	 7.1307382992e+01 	 8.5282881375e-05
9100 	 9335 	 7.1307382906e+01 	 2.6135327925e-05
9200 	 9437 	 7.1307382817e+01 	 3.4142368738e-05
9300 	 9541 	 7.1307382730e+01 	 2.9003195950e-05
9400 	 9641 	 7.1307382644e+01 	 3.5782947187e-05
9500 	 9744 	 7.1307382562e+01 	 4.6567567046e-05
9600 	 9846 	 7.1307382499e+01 	 5.5517241266e-05
9700 	 9948 	 7.1307382456e+01 	 1.9557923032e-05
9800 	 10049 	 7.1307382418e+01 	 3.0562963563e-05
9900 	 10151 	 7.1307382377e+01 	 1.6969772435e-05
10000 	 10254 	 7.1307382330e+01 	 2.4509450472e-05
10100 	 10356 	 7.1307382288e+01 	 2.2482407696e-05
10200 	 10458 	 7.1307382245e+01 	 1.8096409949e-05
10300 	 10560 	 7.1307382206e+01 	 6.6876622820e-05
10400 	 10663 	 7.1307382172e+01 	 2.3265926440e-05
10500 	 10765 	 7.1307382136e+01 	 2.1140811688e-05
10600 	 10869 	 7.1307382102e+01 	 1.4834203285e-05
10700 	 10972 	 7.1307382078e+01 	 1.9307275833e-05
10800 	 11074 	 7.1307382052e+01 	 1.7347222236e-05
10900 	 11175 	 7.1307382031e+01 	 1.5953073639e-05
11000 	 11276 	 7.1307382014e+01 	 2.3855796681e-05
11100 	 11378 	 7.1307381994e+01 	 1.7733966918e-05
11200 	 11481 	 7.1307381976e+01 	 2.9842574520e-05
11300 	 11582 	 7.1307381959e+01 	 1.4871932916e-05
11400 	 11685 	 7.1307381942e+01 	 1.3499843221e-05
11500 	 11789 	 7.1307381930e+01 	 1.4372779217e-05
11600 	 11892 	 7.1307381919e+01 	 1.6551501797e-05
11700 	 11996 	 7.1307381909e+01 	 1.1550627283e-05
11800 	 12099 	 7.1307381901e+01 	 1.5363798240e-05
11900 	 12203 	 7.1307381895e+01 	 7.1993010332e-06
12000 	 12305 	 7.1307381889e+01 	 1.0668333728e-05
12100 	 12407 	 7.1307381884e+01 	 6.0509610585e-06
12200 	 12511 	 7.1307381880e+01 	 8.6491313970e-06
12300 	 12613 	 7.1307381876e+01 	 1.1836165691e-05
12400 	 12713 	 7.1307381873e+01 	 5.9450336024e-06
12500 	 12814 	 7.1307381870e+01 	 6.1230815163e-06
12600 	 12915 	 7.1307381867e+01 	 5.4838429368e-06
12700 	 13017 	 7.1307381865e+01 	 4.3766624148e-06
12800 	 13118 	 7.1307381863e+01 	 6.1776413565e-06
12900 	 13220 	 7.1307381860e+01 	 4.1819875110e-06
13000 	 13320 	 7.1307381858e+01 	 1.1010733744e-05
13100 	 13423 	 7.1307381856e+01 	 4.4059082761e-06
13200 	 13525 	 7.1307381853e+01 	 6.9113114535e-06
13300 	 13628 	 7.1307381851e+01 	 4.4353666396e-06
13400 	 13729 	 7.1307381849e+01 	 3.4817311942e-06
13500 	 13833 	 7.1307381847e+01 	 4.5287208270e-06
13600 	 13935 	 7.1307381845e+01 	 5.8007997023e-06
13700 	 14039 	 7.1307381844e+01 	 3.1053798271e-06
13800 	 14139 	 7.1307381843e+01 	 3.0400128360e-06
13900 	 14242 	 7.1307381842e+01 	 3.4700007775e-06
14000 	 14345 	 7.1307381842e+01 	 3.8543342299e-06
14100 	 14447 	 7.1307381841e+01 	 2.0549315572e-06
14200 	 14549 	 7.1307381841e+01 	 2.2527364855e-06
14300 	 14650 	 7.1307381840e+01 	 2.4749436303e-06
14400 	 14752 	 7.1307381840e+01 	 1.7183777227e-06
14500 	 14855 	 7.1307381840e+01 	 3.9999124008e-06
14600 	 14960 	 7.1307381840e+01 	 1.5489716211e-06
14700 	 15063 	 7.1307381839e+01 	 2.0289396417e-06
14800 	 15165 	 7.1307381839e+01 	 1.5389754811e-06
14900 	 15267 	 7.1307381839e+01 	 1.3556971681e-06
15000 	 15369 	 7.1307381839e+01 	 1.5836210438e-06
15100 	 15470 	 7.1307381838e+01 	 1.8815542770e-06
15200 	 15574 	 7.1307381838e+01 	 1.7286707117e-06
15300 	 15679 	 7.1307381838e+01 	 1.3531772728e-06
15400 	 15781 	 7.1307381838e+01 	 9.2981132115e-07
15500 	 15886 	 7.1307381838e+01 	 1.5685670307e-06
15600 	 15989 	 7.1307381838e+01 	 1.4819529079e-06
15700 	 16092 	 7.1307381837e+01 	 7.6359454000e-07
15800 	 16197 	 7.1307381837e+01 	 7.1743709014e-07
15900 	 16305 	 7.1307381837e+01 	 1.3069384856e-06
16000 	 16410 	 7.1307381837e+01 	 9.4746671114e-07
16100 	 16515 	 7.1307381837e+01 	 1.0326986826e-06
16200 	 16619 	 7.1307381837e+01 	 1.1836302504e-06
16300 	 16721 	 7.1307381837e+01 	 9.1161111609e-07
16400 	 16824 	 7.1307381837e+01 	 2.0398148126e-06
16500 	 16926 	 7.1307381837e+01 	 1.8079004303e-06
16600 	 17029 	 7.1307381837e+01 	 8.7690938881e-07
16700 	 17135 	 7.1307381837e+01 	 2.0702955418e-06
16800 	 17240 	 7.1307381837e+01 	 4.9583001550e-07
16900 	 17347 	 7.1307381837e+01 	 5.9377800948e-07
17000 	 17455 	 7.1307381837e+01 	 7.0792604182e-07
17100 	 17561 	 7.1307381837e+01 	 9.3838175696e-07
17200 	 17680 	 7.1307381836e+01 	 3.5772611038e-07
# ---- 
 1 		 17206 	 17704 		 7.8241440220e+01 	 7.1307381836e+01 	 7.9153998471e-07
# ---- 
100 	 110 	 7.1301615484e+01 	 4.2410912232e-02
200 	 210 	 7.1236685952e+01 	 1.8295570530e-02
300 	 312 	 7.1220066417e+01 	 1.0010852529e-02
400 	 413 	 7.1213630248e+01 	 8.5057803823e-03
500 	 514 	 7.1210526948e+01 	 4.6022478183e-03
600 	 615 	 7.1208893546e+01 	 3.7229033369e-03
700 	 718 	 7.1207974609e+01 	 2.5619734897e-03
800 	 822 	 7.1207406342e+01 	 3.4820349142e-03
900 	 925 	 7.1207054423e+01 	 1.8555142368e-03
1000 	 1027 	 7.1206837092e+01 	 1.4631184822e-03
1100 	 1128 	 7.1206704580e+01 	 1.1021464939e-03
1200 	 1230 	 7.1206588185e+01 	 9.3897763325e-04
1300 	 1332 	 7.1206483863e+01 	 1.1552115831e-03
1400 	 1434 	 7.1206383009e+01 	 1.3429580072e-03
1500 	 1534 	 7.1206286768e+01 	 1.2614980235e-03
1600 	 1638 	 7.1206217971e+01 	 1.4087150998e-03
1700 	 1740 	 7.1206159246e+01 	 1.2958804481e-03
1800 	 1844 	 7.1206106510e+01 	 8.1006880898e-04
1900 	 1946 	 7.1206068473e+01 	 7.0579086548e-04
2000 	 2046 	 7.1206024153e+01 	 1.3423294149e-03
2100 	 2146 	 7.1205971994e+01 	 1.1238735131e-03
2200 	 2252 	 7.1205929956e+01 	 7.0639421884e-04
2300 	 2354 	 7.1205882673e+01 	 9.1269556358e-04
2400 	 2456 	 7.1205833100e+01 	 1.2294698827e-03
2500 	 2558 	 7.1205784978e+01 	 1.0437513537e-03
2600 	 2661 	 7.1205725356e+01 	 9.2608696196e-04
2700 	 2764 	 7.1205683928e+01 	 1.5517792195e-03
2800 	 2868 	 7.1205656627e+01 	 8.2180498712e-04
2900 	 2972 	 7.1205633629e+01 	 9.6420359726e-04
3000 	 3073 	 7.1205613067e+01 	 4.1627553271e-04
3100 	 3174 	 7.1205593419e+01 	 6.6073537629e-04
3200 	 3279 	 7.1205576524e+01 	 4.4024491204e-04
3300 	 3380 	 7.1205558739e+01 	 1.0406161738e-03
3400 	 3483 	 7.1205543820e+01 	 4.1267038415e-04
3500 	 3585 	 7.1205528493e+01 	 8.9776140592e-04
3600 	 3687 	 7.1205512620e+01 	 4.4112491579e-04
3700 	 3791 	 7.1205498604e+01 	 6.8643252671e-04
3800 	 3893 	 7.1205486043e+01 	 4.4151524657e-04
3900 	 3996 	 7.1205472825e+01 	 4.7404870409e-04
4000 	 4098 	 7.1205460739e+01 	 4.2502989820e-04
4100 	 4201 	 7.1205449226e+01 	 4.3087340284e-04
4200 	 4304 	 7.1205440177e+01 	 2.9234090363e-04
4300 	 4406 	 7.1205431147e+01 	 3.6181191707e-04
4400 	 4509 	 7.1205419044e+01 	 3.8887795190e-04
4500 	 4610 	 7.1205404959e+01 	 5.9602419156e-04
4600 	 4713 	 7.1205393825e+01 	 3.2351842398e-04
4700 	 4815 	 7.1205383565e+01 	 3.6139490412e-04
4800 	 4919 	 7.1205375922e+01 	 2.0745390553e-04
4900 	 5022 	 7.1205368483e+01 	 2.8338074254e-04
5000 	 5124 	 7.1205362023e+01 	 4.8676833570e-04
5100 	 5228 	 7.1205355034e+01 	 5.5669512818e-04
5200 	 5331 	 7.1205348056e+01 	 7.7591264576e-04
5300 	 5434 	 7.1205341845e+01 	 2.2808216562e-04
5400 	 5537 	 7.1205337054e+01 	 2.6679554566e-04
5500 	 5640 	 7.1205332158e+01 	 2.9107689173e-04
5600 	 5743 	 7.1205327980e+01 	 1.8007352460e-04
5700 	 5845 	 7.1205323790e+01 	 5.9165891563e-04
5800 	 5946 	 7.1205319725e+01 	 1.5636108596e-04
5900 	 6049 	 7.1205315983e+01 	 2.8126623032e-04
6000 	 6152 	 7.1205312612e+01 	 5.0070309103e-04
6100 	 6252 	 7.1205309407e+01 	 3.5068734395e-04
6200 	 6357 	 7.1205305777e+01 	 2.2591234288e-04
6300 	 6457 	 7.1205302985e+01 	 1.4934176976e-04
6400 	 6560 	 7.1205300777e+01 	 1.7704259885e-04
6500 	 6663 	 7.1205298132e+01 	 2.0814275793e-04
6600 	 6766 	 7.1205295798e+01 	 2.7853620409e-04
6700 	 6870 	 7.1205294007e+01 	 1.5883200418e-04
6800 	 6973 	 7.1205291806e+01 	 1.3308090544e-04
6900 	 7076 	 7.1205289510e+01 	 1.8685084898e-04
7000 	 7177 	 7.1205287454e+01 	 1.6986270991e-04
7100 	 7278 	 7.1205286216e+01 	 1.0899716649e-04
7200 	 7383 	 7.1205285294e+01 	 1.6700520061e-04
7300 	 7483 	 7.1205284595e+01 	 2.3328477770e-04
7400 	 7586 	 7.1205283987e+01 	 6.9016530112e-05
7500 	 7693 	 7.1205283558e+01 	 4.8136302574e-05
7600 	 7795 	 7.1205283210e+01 	 8.2324445046e-05
7700 	 7897 	 7.1205282922e+01 	 6.3199275424e-05
7800 	 7999 	 7.1205282651e+01 	 4.7793627629e-05
7900 	 8103 	 7.1205282365e+01 	 1.4377735706e-04
8000 	 8206 	 7.1205282057e+01 	 6.3505956447e-05
8100 	 8309 	 7.1205281816e+01 	 1.1982583226e-04
8200 	 8412 	 7.1205281659e+01 	 5.7542611923e-05
8300 	 8516 	 7.1205281554e+01 	 3.2786563508e-05
8400 	 8619 	 7.1205281437e+01 	 3.9563391140e-05
8500 	 8720 	 7.1205281320e+01 	 1.0598578565e-04
8600 	 8821 	 7.1205281214e+01 	 5.7793800158e-05
8700 	 8924 	 7.1205281073e+01 	 3.4768177853e-05
8800 	 9027 	 7.1205280917e+01 	 4.7891032605e-05
8900 	 9128 	 7.1205280781e+01 	 3.9876389312e-05
9000 	 9232 	 7.1205280646e+01 	 4.0661001920e-05
9100 	 9335 	 7.1205280519e+01 	 3.6187078406e-05
9200 	 9439 	 7.1205280412e+01 	 4.5104764700e-05
9300 	 9540 	 7.1205280299e+01 	 3.3835612629e-05
9400 	 9642 	 7.1205280200e+01 	 2.8447751687e-05
9500 	 9745 	 7.1205280114e+01 	 2.5273694494e-05
9600 	 9846 	 7.1205280032e+01 	 4.0325628519e-05
9700 	 9950 	 7.1205279937e+01 	 2.7641341118e-05
9800 	 10056 	 7.1205279855e+01 	 4.2813115447e-05
9900 	 10157 	 7.1205279790e+01 	 3.3352512920e-05
10000 	 10261 	 7.1205279733e+01 	 3.5812604613e-05
10100 	 10364 	 7.1205279674e+01 	 4.3721168039e-05
10200 	 10464 	 7.1205279611e+01 	 5.7002318816e-05
10300 	 10566 	 7.1205279557e+01 	 4.0799167088e-05
10400 	 10669 	 7.1205279515e+01 	 1.6600380300e-05
10500 	 10769 	 7.1205279477e+01 	 2.5243746695e-05
10600 	 10873 	 7.1205279436e+01 	 2.2667997121e-05
10700 	 10975 	 7.1205279407e+01 	 1.4780791983e-05
10800 	 11078 	 7.1205279384e+01 	 1.7931255389e-05
10900 	 11181 	 7.1205279361e+01 	 1.6180161447e-05
11000 	 11286 	 7.1205279340e+01 	 2.0038118233e-05
11100 	 11389 	 7.1205279324e+01 	 1.1994696092e-05
11200 	 11492 	 7.1205279310e+01 	 3.5654451986e-05
11300 	 11596 	 7.1205279295e+01 	 1.0007187746e-05
11400 	 11697 	 7.1205279282e+01 	 1.5343021026e-05
11500 	 11801 	 7.1205279269e+01 	 1.1919219570e-05
11600 	 11903 	 7.1205279257e+01 	 2.1024717386e-05
11700 	 12008 	 7.1205279246e+01 	 1.1775004308e-05
11800 	 12111 	 7.1205279234e+01 	 8.7747229663e-06
11900 	 12212 	 7.1205279225e+01 	 1.0889308393e-05
12000 	 12315 	 7.1205279217e+01 	 9.0879043921e-06
12100 	 12416 	 7.1205279208e+01 	 1.6934907579e-05
12200 	 12517 	 7.1205279202e+01 	 7.4105230096e-06
12300 	 12620 	 7.1205279197e+01 	 1.0281865796e-05
12400 	 12723 	 7.1205279190e+01 	 9.1685487344e-06
12500 	 12825 	 7.1205279185e+01 	 6.8213421582e-06
12600 	 12925 	 7.1205279181e+01 	 7.4511253153e-06
12700 	 13029 	 7.1205279177e+01 	 1.2591235111e-05
12800 	 13129 	 7.1205279173e+01 	 7.0123415208e-06
12900 	 13232 	 7.1205279168e+01 	 9.8225676871e-06
13000 	 13334 	 7.1205279162e+01 	 1.9591272371e-05
13100 	 13439 	 7.1205279156e+01 	 7.0528536726e-06
13200 	 13542 	 7.1205279150e+01 	 1.0534896669e-05
13300 	 13643 	 7.1205279146e+01 	 7.3953285968e-06
13400 	 13745 	 7.1205279142e+01 	 4.8252308085e-06
13500 	 13847 	 7.1205279139e+01 	 6.6723648900e-06
13600 	 13949 	 7.1205279137e+01 	 4.5869421472e-06
13700 	 14053 	 7.1205279135e+01 	 4.2949382485e-06
13800 	 14153 	 7.1205279134e+01 	 3.0197368415e-06
13900 	 14256 	 7.1205279132e+01 	 3.4225782984e-06
14000 	 14360 	 7.1205279131e+01 	 3.6175595877e-06
14100 	 14461 	 7.1205279130e+01 	 4.1169625838e-06
14200 	 14563 	 7.1205279130e+01 	 2.2556970403e-06
14300 	 14668 	 7.1205279129e+01 	 4.8204723513e-06
14400 	 14770 	 7.1205279128e+01 	 4.1119164077e-06
14500 	 14873 	 7.1205279128e+01 	 3.8822957681e-06
14600 	 14976 	 7.1205279127e+01 	 3.3350900027e-06
14700 	 15079 	 7.1205279126e+01 	 4.8812595517e-06
14800 	 15180 	 7.1205279125e+01 	 3.4517509206e-06
14900 	 15283 	 7.1205279124e+01 	 5.7894271040e-06
15000 	 15387 	 7.1205279124e+01 	 4.1922071599e-06
15100 	 15488 	 7.1205279123e+01 	 2.2189653859e-06
15200 	 15589 	 7.1205279123e+01 	 2.1983971555e-06
15300 	 15689 	 7.1205279122e+01 	 1.5609646902e-06
15400 	 15790 	 7.1205279122e+01 	 1.8326146788e-06
15500 	 15891 	 7.1205279122e+01 	 1.6436065313e-06
15600 	 15995 	 7.1205279121e+01 	 2.2884812538e-06
15700 	 16099 	 7.1205279121e+01 	 2.4004917549e-06
15800 	 16199 	 7.1205279120e+01 	 1.6751505452e-06
15900 	 16303 	 7.1205279120e+01 	 1.8493480864e-06
16000 	 16408 	 7.1205279120e+01 	 2.6227107648e-06
16100 	 16509 	 7.1205279119e+01 	 1.5985801952e-06
16200 	 16610 	 7.1205279119e+01 	 2.1347087952e-06
16300 	 16715 	 7.1205279119e+01 	 1.2433044513e-06
16400 	 16819 	 7.1205279119e+01 	 1.4623857237e-06
16500 	 16921 	 7.1205279119e+01 	 1.8462823091e-06
16600 	 17024 	 7.1205279118e+01 	 1.6604575390e-06
16700 	 17127 	 7.1205279118e+01 	 2.9960025354e-06
16800 	 17228 	 7.1205279118e+01 	 1.5368172142e-06
16900 	 17332 	 7.1205279118e+01 	 1.3532755234e-06
17000 	 17435 	 7.1205279117e+01 	 1.1776145234e-06
17100 	 17540 	 7.1205279117e+01 	 1.0417694206e-06
17200 	 17644 	 7.1205279117e+01 	 9.5007682696e-07
17300 	 17750 	 7.1205279117e+01 	 1.3679972776e-06
17400 	 17855 	 7.1205279117e+01 	 1.3340328570e-06
17500 	 17968 	 7.1205279117e+01 	 1.0436204562e-06
17600 	 18082 	 7.1205279117e+01 	 6.0915524193e-07
17700 	 18191 	 7.1205279117e+01 	 5.1046126480e-07
17800 	 18301 	 7.1205279117e+01 	 3.2213881175e-07
# ---- 
 1 		 17892 	 18420 		 7.8168649514e+01 	 7.1205279117e+01 	 3.5898626470e-07
# ---- 
100 	 104 	 7.1201898772e+01 	 3.9177448886e-02
200 	 207 	 7.1145674865e+01 	 5.0968472185e-02
300 	 310 	 7.1130974635e+01 	 2.1823584043e-02
400 	 412 	 7.1125154035e+01 	 8.4168557704e-03
500 	 515 	 7.1122231425e+01 	 5.6875681206e-03
600 	 619 	 7.1120653976e+01 	 3.5689376823e-03
700 	 722 	 7.1119715379e+01 	 9.5639820241e-03
800 	 824 	 7.1119123900e+01 	 3.3787665254e-03
900 	 925 	 7.1118781305e+01 	 1.6652172365e-03
1000 	 1026 	 7.1118548050e+01 	 1.3829343565e-03
1100 	 1131 	 7.1118387162e+01 	 1.3338343517e-03
1200 	 1233 	 7.1118269729e+01 	 2.2400995742e-03
1300 	 1334 	 7.1118153812e+01 	 1.4948285786e-03
1400 	 1436 	 7.1118056383e+01 	 1.0322514128e-03
1500 	 1537 	 7.1117949845e+01 	 1.3231243663e-03
1600 	 1640 	 7.1117852517e+01 	 1.5819906407e-03
1700 	 1742 	 7.1117771141e+01 	 9.8811721099e-04
1800 	 1844 	 7.1117710630e+01 	 1.0577395475e-03
1900 	 1947 	 7.1117661073e+01 	 2.8871339399e-03
2000 	 2049 	 7.1117604281e+01 	 9.1344926037e-04
2100 	 2151 	 7.1117549502e+01 	 6.5684013718e-04
2200 	 2253 	 7.1117497737e+01 	 6.6541674197e-04
2300 	 2356 	 7.1117446112e+01 	 8.1404655974e-04
2400 	 2460 	 7.1117389959e+01 	 8.3407640835e-04
2500 	 2566 	 7.1117341530e+01 	 6.2888158620e-04
2600 	 2667 	 7.1117297262e+01 	 8.2786559174e-04
2700 	 2769 	 7.1117255599e+01 	 7.6670358243e-04
2800 	 2873 	 7.1117231201e+01 	 4.9502685142e-04
2900 	 2974 	 7.1117210733e+01 	 4.4567910194e-04
3000 	 3076 	 7.1117191688e+01 	 7.8594039688e-04
3100 	 3177 	 7.1117172779e+01 	 5.2963351127e-04
3200 	 3279 	 7.1117155549e+01 	 8.1552763565e-04
3300 	 3383 	 7.1117140526e+01 	 5.2783226700e-04
3400 	 3487 	 7.1117124567e+01 	 4.2850217291e-04
3500 	 3590 	 7.1117108575e+01 	 5.0188288434e-04
3600 	 3694 	 7.1117091456e+01 	 1.3908548797e-03
3700 	 3798 	 7.1117078817e+01 	 3.1163376669e-04
3800 	 3899 	 7.1117067933e+01 	 3.8058778890e-04
3900 	 4004 	 7.1117056022e+01 	 5.0777090656e-04
4000 	 4106 	 7.1117042237e+01 	 9.7923406267e-04
4100 	 4208 	 7.1117030611e+01 	 8.5280610244e-04
4200 	 4310 	 7.1117018969e+01 	 4.2204169211e-04
4300 	 4414 	 7.1117009159e+01 	 3.1484499889e-04
4400 	 4516 	 7.1116998719e+01 	 3.6247715510e-04
4500 	 4618 	 7.1116987954e+01 	 3.7678872643e-04
4600 	 4719 	 7.1116977656e+01 	 3.2797640846e-04
4700 	 4822 	 7.1116969303e+01 	 3.3042176435e-04
4800 	 4924 	 7.1116962489e+01 	 3.4578419966e-04
4900 	 5028 	 7.1116955434e+01 	 4.4792306599e-04
5000 	 5131 	 7.1116948494e+01 	 5.3862489168e-04
5100 	 5234 	 7.1116942066e+01 	 2.7884231393e-04
5200 	 5336 	 7.1116935897e+01 	 2.7353465246e-04
5300 	 5436 	 7.1116928369e+01 	 2.9906907758e-04
5400 	 5538 	 7.1116921420e+01 	 2.6407477533e-04
5500 	 5642 	 7.1116914791e+01 	 2.9882288837e-04
5600 	 5745 	 7.1116909196e+01 	 1.8075818916e-04
5700 	 5845 	 7.1116905069e+01 	 1.8909864809e-04
5800 	 5948 	 7.1116900205e+01 	 3.0507006039e-04
5900 	 6051 	 7.1116896310e+01 	 1.9400807074e-04
6000 	 6155 	 7.1116892735e+01 	 1.7272302804e-04
6100 	 6257 	 7.1116889463e+01 	 1.8929127477e-04
6200 	 6358 	 7.1116886102e+01 	 3.3205995957e-04
6300 	 6462 	 7.1116882360e+01 	 2.2788540614e-04
6400 	 6565 	 7.1116878517e+01 	 2.1195209148e-04
6500 	 6667 	 7.1116874668e+01 	 2.0997108474e-04
6600 	 6769 	 7.1116872318e+01 	 3.1556639954e-04
6700 	 6874 	 7.1116870144e+01 	 1.4813181160e-04
6800 	 6977 	 7.1116867994e+01 	 1.8512932856e-04
6900 	 7079 	 7.1116865856e+01 	 1.7517458329e-04
7000 	 7180 	 7.1116863582e+01 	 1.3531546083e-04
7100 	 7281 	 7.1116861204e+01 	 1.6323602914e-04
7200 	 7383 	 7.1116859585e+01 	 1.9242995521e-04
7300 	 7484 	 7.1116858411e+01 	 1.1895838908e-04
7400 	 7588 	 7.1116857163e+01 	 1.1581565367e-04
7500 	 7692 	 7.1116855631e+01 	 2.1287673714e-04
7600 	 7794 	 7.1116854182e+01 	 1.2298348898e-04
7700 	 7896 	 7.1116852903e+01 	 2.4767534150e-04
7800 	 7998 	 7.1116851674e+01 	 1.0703311457e-04
7900 	 8101 	 7.1116850732e+01 	 8.7410863713e-05
8000 	 8204 	 7.1116849979e+01 	 2.3048504160e-04
8100 	 8308 	 7.1116849448e+01 	 9.5693194030e-05
8200 	 8409 	 7.1116849034e+01 	 6.6616539214e-05
8300 	 8510 	 7.1116848701e+01 	 5.8298614020e-05
8400 	 8613 	 7.1116848438e+01 	 5.3050414906e-05
8500 	 8715 	 7.1116848155e+01 	 6.8787181950e-05
8600 	 8818 	 7.1116847863e+01 	 1.2998233545e-04
8700 	 8920 	 7.1116847574e+01 	 4.7865769420e-05
8800 	 9024 	 7.1116847291e+01 	 4.8926677363e-05
8900 	 9127 	 7.1116846959e+01 	 9.2030280001e-05
9000 	 9229 	 7.1116846690e+01 	 5.7536843785e-05
9100 	 9331 	 7.1116846481e+01 	 4.1955136097e-05
9200 	 9434 	 7.1116846291e+01 	 3.8323929921e-05
9300 	 9537 	 7.1116846089e+01 	 4.0741703517e-05
9400 	 9638 	 7.1116845863e+01 	 7.6186309277e-05
9500 	 9739 	 7.1116845603e+01 	 4.4865854153e-05
9600 	 9842 	 7.1116845319e+01 	 1.0441944431e-04
9700 	 9944 	 7.1116845050e+01 	 4.2468144588e-05
9800 	 10046 	 7.1116844848e+01 	 4.3813783170e-05
9900 	 10147 	 7.1116844669e+01 	 7.7358887839e-05
10000 	 10249 	 7.1116844513e+01 	 3.9972075842e-05
10100 	 10351 	 7.1116844372e+01 	 5.1296288743e-05
10200 	 10452 	 7.1116844248e+01 	 7.7609554857e-05
10300 	 10556 	 7.1116844140e+01 	 3.6513270289e-05
10400 	 10656 	 7.1116844031e+01 	 4.0831259318e-05
10500 	 10758 	 7.1116843927e+01 	 4.7243416886e-05
10600 	 10861 	 7.1116843861e+01 	 2.7786216347e-05
10700 	 10962 	 7.1116843820e+01 	 4.3261449718e-05
10800 	 11066 	 7.1116843785e+01 	 2.0721501505e-05
10900 	 11168 	 7.1116843751e+01 	 1.7106948218e-05
11000 	 11272 	 7.1116843720e+01 	 4.5695841837e-05
11100 	 11374 	 7.1116843693e+01 	 2.2954555059e-05
11200 	 11477 	 7.1116843670e+01 	 1.5295918388e-05
11300 	 11577 	 7.1116843647e+01 	 1.6633838862e-05
11400 	 11681 	 7.1116843626e+01 	 2.0037021492e-05
11500 	 11784 	 7.1116843605e+01 	 1.9532104656e-05
11600 	 11887 	 7.1116843582e+01 	 1.6752488318e-05
11700 	 11989 	 7.1116843563e+01 	 1.2841666749e-05
11800 	 12090 	 7.1116843546e+01 	 1.4646764334e-05
11900 	 12192 	 7.1116843532e+01 	 1.6688802423e-05
12000 	 12296 	 7.1116843519e+01 	 1.2191838682e-05
12100 	 12398 	 7.1116843507e+01 	 1.3230699651e-05
12200 	 12502 	 7.1116843495e+01 	 1.0801855063e-05
12300 	 12606 	 7.1116843484e+01 	 2.8784183117e-05
12400 	 12708 	 7.1116843476e+01 	 1.8823735902e-05
12500 	 12810 	 7.1116843468e+01 	 2.5380805395e-05
12600 	 12912 	 7.1116843459e+01 	 1.5491018399e-05
12700 	 13014 	 7.1116843451e+01 	 1.1014940587e-05
12800 	 13115 	 7.1116843443e+01 	 9.4573952208e-06
12900 	 13215 	 7.1116843437e+01 	 7.2251816502e-06
13000 	 13317 	 7.1116843432e+01 	 7.7613318746e-06
13100 	 13419 	 7.1116843426e+01 	 1.1830516209e-05
13200 	 13522 	 7.1116843420e+01 	 1.2074696081e-05
13300 	 13624 	 7.1116843415e+01 	 6.9271449853e-06
13400 	 13728 	 7.1116843411e+01 	 9.6572040955e-06
13500 	 13833 	 7.1116843407e+01 	 7.6718245856e-06
13600 	 13936 	 7.1116843402e+01 	 5.0195353177e-06
13700 	 14038 	 7.1116843398e+01 	 1.4907566040e-05
13800 	 14139 	 7.1116843392e+01 	 6.6675811219e-06
13900 	 14240 	 7.1116843386e+01 	 8.5777947903e-06
14000 	 14345 	 7.1116843381e+01 	 1.6503098667e-05
14100 	 14448 	 7.1116843377e+01 	 9.5012246999e-06
14200 	 14550 	 7.1116843374e+01 	 5.8263588887e-06
14300 	 14653 	 7.1116843372e+01 	 5.5121070122e-06
14400 	 14755 	 7.1116843370e+01 	 3.4596677079e-06
14500 	 14857 	 7.1116843368e+01 	 4.7969465071e-06
14600 	 14959 	 7.1116843367e+01 	 3.3880168182e-06
14700 	 15062 	 7.1116843367e+01 	 3.2002370217e-06
14800 	 15166 	 7.1116843366e+01 	 2.3996111518e-06
14900 	 15268 	 7.1116843366e+01 	 2.9795819362e-06
15000 	 15370 	 7.1116843365e+01 	 5.8176914393e-06
15100 	 15475 	 7.1116843365e+01 	 3.0259346077e-06
15200 	 15577 	 7.1116843364e+01 	 3.1784433805e-06
15300 	 15681 	 7.1116843364e+01 	 1.8058522290e-06
15400 	 15784 	 7.1116843363e+01 	 2.4485509547e-06
15500 	 15889 	 7.1116843363e+01 	 3.0142214984e-06
15600 	 15990 	 7.1116843362e+01 	 1.9093381631e-06
15700 	 16093 	 7.1116843362e+01 	 1.6278497185e-06
15800 	 16198 	 7.1116843361e+01 	 2.5614574680e-06
15900 	 16301 	 7.1116843361e+01 	 1.9354426636e-06
16000 	 16402 	 7.1116843361e+01 	 3.3547521872e-06
16100 	 16506 	 7.1116843361e+01 	 1.5328264645e-06
16200 	 16609 	 7.1116843360e+01 	 1.3600839553e-06
16300 	 16710 	 7.1116843360e+01 	 1.9179811739e-06
16400 	 16813 	 7.1116843360e+01 	 1.7881258532e-06
16500 	 16915 	 7.1116843359e+01 	 3.5035929486e-06
16600 	 17017 	 7.1116843359e+01 	 2.1957942037e-06
16700 	 17121 	 7.1116843359e+01 	 2.1305626730e-06
16800 	 17224 	 7.1116843358e+01 	 2.0380881121e-06
16900 	 17324 	 7.1116843358e+01 	 1.3772240470e-06
17000 	 17427 	 7.1116843358e+01 	 1.4375461616e-06
17100 	 17528 	 7.1116843358e+01 	 1.3242375174e-06
17200 	 17634 	 7.1116843358e+01 	 1.0031022327e-06
17300 	 17738 	 7.1116843358e+01 	 9.6388847667e-07
17400 	 17844 	 7.1116843357e+01 	 1.4958891139e-06
17500 	 17947 	 7.1116843357e+01 	 7.5291183446e-07
17600 	 18060 	 7.1116843357e+01 	 8.8479275284e-07
17700 	 18163 	 7.1116843357e+01 	 1.0874863059e-06
17800 	 18266 	 7.1116843357e+01 	 8.8490106664e-07
17900 	 18376 	 7.1116843357e+01 	 8.5126549042e-07
18000 	 18486 	 7.1116843357e+01 	 5.5417894599e-07
18100 	 18593 	 7.1116843357e+01 	 4.5556051076e-07
18200 	 18703 	 7.1116843357e+01 	 4.4395403463e-07
18300 	 18819 	 7.1116843357e+01 	 5.2792716614e-07
18400 	 18934 	 7.1116843357e+01 	 2.8917934711e-07
18500 	 19049 	 7.1116843357e+01 	 5.1171665246e-07
# ---- 
 1 		 18591 	 19171 		 7.8174947714e+01 	 7.1116843357e+01 	 7.2158596573e-07
# ---- 
100 	 102 	 7.1121214806e+01 	 1.1050725487e-01
200 	 206 	 7.1066959057e+01 	 3.7904073150e-02
300 	 308 	 7.1052664652e+01 	 1.1625414083e-02
400 	 412 	 7.1047158983e+01 	 1.2217540763e-02
500 	 516 	 7.1044410068e+01 	 6.4293802127e-03
600 	 619 	 7.1042886608e+01 	 7.3120369247e-03
700 	 720 	 7.1041953879e+01 	 3.8413432711e-03
800 	 825 	 7.1041417096e+01 	 2.5025134542e-03
900 	 929 	 7.1041085654e+01 	 1.9796874315e-03
1000 	 1034 	 7.1040852186e+01 	 1.4921407293e-03
1100 	 1136 	 7.1040702617e+01 	 1.5091732157e-03
1200 	 1239 	 7.1040591928e+01 	 1.6803005064e-03
1300 	 1342 	 7.1040486960e+01 	 1.2230172877e-03
1400 	 1442 	 7.1040395380e+01 	 2.1565259748e-03
1500 	 1545 	 7.1040305911e+01 	 8.9755206784e-04
1600 	 1647 	 7.1040234059e+01 	 9.1765223713e-04
1700 	 1750 	 7.1040172315e+01 	 8.5606721375e-04
1800 	 1854 	 7.1040118415e+01 	 1.0478055304e-03
1900 	 1957 	 7.1040063143e+01 	 9.3925588526e-04
2000 	 2058 	 7.1040015048e+01 	 6.9988808293e-04
2100 	 2163 	 7.1039976017e+01 	 8.1666515356e-04
2200 	 2266 	 7.1039935970e+01 	 8.4230768263e-04
2300 	 2368 	 7.1039887765e+01 	 9.6560120855e-04
2400 	 2473 	 7.1039835778e+01 	 6.7932711250e-04
2500 	 2575 	 7.1039792059e+01 	 9.4603965335e-04
2600 	 2679 	 7.1039752490e+01 	 7.2216861258e-04
2700 	 2780 	 7.1039716719e+01 	 7.3427116009e-04
2800 	 2880 	 7.1039688188e+01 	 1.0962510165e-03
2900 	 2983 	 7.1039662149e+01 	 7.2372378389e-04
3000 	 3084 	 7.1039640074e+01 	 6.9739200446e-04
3100 	 3187 	 7.1039623374e+01 	 4.8875477828e-04
3200 	 3289 	 7.1039606615e+01 	 3.8675599569e-04
3300 	 3391 	 7.1039587796e+01 	 8.7742333642e-04
3400 	 3492 	 7.1039570424e+01 	 5.0136717424e-04
3500 	 3594 	 7.1039554753e+01 	 3.7503725333e-04
3600 	 3695 	 7.1039539863e+01 	 3.4182682381e-04
3700 	 3797 	 7.1039524829e+01 	 2.9403291618e-04
3800 	 3897 	 7.1039512607e+01 	 4.2955483146e-04
3900 	 4001 	 7.1039500963e+01 	 4.2106882917e-04
4000 	 4104 	 7.1039488583e+01 	 6.2137094832e-04
4100 	 4209 	 7.1039475706e+01 	 3.7129604214e-04
4200 	 4311 	 7.1039465037e+01 	 3.0641286730e-04
4300 	 4415 	 7.1039453647e+01 	 6.9718606532e-04
4400 	 4517 	 7.1039442219e+01 	 3.4588281380e-04
4500 	 4618 	 7.1039431625e+01 	 4.5284819035e-04
4600 	 4720 	 7.1039421428e+01 	 2.6319409242e-04
4700 	 4822 	 7.1039411283e+01 	 5.5954389739e-04
4800 	 4924 	 7.1039400259e+01 	 4.3933966188e-04
4900 	 5027 	 7.1039388941e+01 	 3.5615143856e-04
5000 	 5128 	 7.1039374846e+01 	 4.0585042680e-04
5100 	 5229 	 7.1039362732e+01 	 3.8249465648e-04
5200 	 5333 	 7.1039351307e+01 	 3.6821081764e-04
5300 	 5434 	 7.1039342962e+01 	 6.0135434195e-04
5400 	 5536 	 7.1039336701e+01 	 3.8384526639e-04
5500 	 5638 	 7.1039331296e+01 	 3.6788955425e-04
5600 	 5741 	 7.1039327131e+01 	 2.2621391216e-04
5700 	 5843 	 7.1039323096e+01 	 2.8167825593e-04
5800 	 5945 	 7.1039317944e+01 	 2.5611792688e-04
5900 	 6048 	 7.1039312565e+01 	 2.4787859235e-04
6000 	 6150 	 7.1039308043e+01 	 1.8021305553e-04
6100 	 6252 	 7.1039303900e+01 	 3.7503879011e-04
6200 	 6354 	 7.1039299877e+01 	 2.1734652738e-04
6300 	 6456 	 7.1039295350e+01 	 6.4261691740e-04
6400 	 6559 	 7.1039290907e+01 	 2.5027542999e-04
6500 	 6660 	 7.1039286887e+01 	 1.9128094002e-04
6600 	 6763 	 7.1039283532e+01 	 3.9165278365e-04
6700 	 6866 	 7.1039281188e+01 	 1.6867849928e-04
6800 	 6968 	 7.1039278969e+01 	 2.9807612271e-04
6900 	 7070 	 7.1039277340e+01 	 1.9135455657e-04
7000 	 7172 	 7.1039275851e+01 	 1.1347816210e-04
7100 	 7276 	 7.1039274400e+01 	 2.4419980402e-04
7200 	 7379 	 7.1039273115e+01 	 1.2361635179e-04
7300 	 7482 	 7.1039271942e+01 	 1.1303450502e-04
7400 	 7583 	 7.1039270584e+01 	 2.8202849362e-04
7500 	 7687 	 7.1039269381e+01 	 1.8955223122e-04
7600 	 7790 	 7.1039268404e+01 	 1.7477084995e-04
7700 	 7893 	 7.1039267522e+01 	 8.9446266368e-05
7800 	 7995 	 7.1039266559e+01 	 1.0991517058e-04
7900 	 8098 	 7.1039265478e+01 	 8.1192322341e-05
8000 	 8202 	 7.1039264754e+01 	 1.2252477240e-04
8100 	 8306 	 7.1039264054e+01 	 9.6361708556e-05
8200 	 8408 	 7.1039263320e+01 	 1.4763127767e-04
8300 	 8511 	 7.1039262729e+01 	 8.0670376157e-05
8400 	 8614 	 7.1039262182e+01 	 1.1273461157e-04
8500 	 8715 	 7.1039261727e+01 	 1.7008045846e-04
8600 	 8817 	 7.1039261373e+01 	 1.0189218171e-04
8700 	 8917 	 7.1039261089e+01 	 5.4067015662e-05
8800 	 9020 	 7.1039260807e+01 	 6.3408055222e-05
8900 	 9122 	 7.1039260389e+01 	 6.8524573110e-05
9000 	 9226 	 7.1039259939e+01 	 7.1370902811e-05
9100 	 9331 	 7.1039259481e+01 	 7.0447439403e-05
9200 	 9435 	 7.1039258884e+01 	 9.2125620012e-05
9300 	 9537 	 7.1039258278e+01 	 8.3263362170e-05
9400 	 9640 	 7.1039257785e+01 	 6.2449812521e-05
9500 	 9743 	 7.1039257306e+01 	 1.0379781639e-04
9600 	 9846 	 7.1039256955e+01 	 8.6584694280e-05
9700 	 9947 	 7.1039256694e+01 	 5.6654267020e-05
9800 	 10049 	 7.1039256410e+01 	 9.0810060900e-05
9900 	 10153 	 7.1039256156e+01 	 5.2950748990e-05
10000 	 10253 	 7.1039255924e+01 	 5.4868467365e-05
10100 	 10355 	 7.1039255694e+01 	 5.4552100047e-05
10200 	 10457 	 7.1039255531e+01 	 4.2421275968e-05
10300 	 10561 	 7.1039255379e+01 	 4.1393004310e-05
10400 	 10666 	 7.1039255248e+01 	 4.2125585327e-05
10500 	 10769 	 7.1039255117e+01 	 9.1547239890e-05
10600 	 10872 	 7.1039254997e+01 	 3.2565915295e-05
10700 	 10974 	 7.1039254908e+01 	 3.0834919555e-05
10800 	 11078 	 7.1039254841e+01 	 2.5893089736e-05
10900 	 11181 	 7.1039254781e+01 	 2.9541689837e-05
11000 	 11283 	 7.1039254701e+01 	 4.0359668158e-05
11100 	 11386 	 7.1039254624e+01 	 1.9833585943e-05
11200 	 11488 	 7.1039254583e+01 	 1.5437382311e-05
11300 	 11589 	 7.1039254543e+01 	 5.0672987363e-05
11400 	 11692 	 7.1039254495e+01 	 2.1832290090e-05
11500 	 11794 	 7.1039254429e+01 	 5.7154480879e-05
11600 	 11898 	 7.1039254360e+01 	 2.8766378483e-05
11700 	 12002 	 7.1039254296e+01 	 1.8988733900e-05
11800 	 12104 	 7.1039254233e+01 	 2.7472244598e-05
11900 	 12204 	 7.1039254160e+01 	 2.9981008595e-05
12000 	 12307 	 7.1039254100e+01 	 3.4639250626e-05
12100 	 12411 	 7.1039254056e+01 	 2.3990497665e-05
12200 	 12513 	 7.1039253998e+01 	 5.6871566827e-05
12300 	 12616 	 7.1039253944e+01 	 1.7741692740e-05
12400 	 12720 	 7.1039253900e+01 	 2.1455378020e-05
12500 	 12823 	 7.1039253864e+01 	 2.0058953576e-05
12600 	 12925 	 7.1039253831e+01 	 2.0133338087e-05
12700 	 13028 	 7.1039253809e+01 	 1.4599899579e-05
12800 	 13130 	 7.1039253789e+01 	 1.4324277313e-05
12900 	 13234 	 7.1039253774e+01 	 1.0600457608e-05
13000 	 13336 	 7.1039253762e+01 	 2.3834009194e-05
13100 	 13438 	 7.1039253751e+01 	 1.3567141296e-05
13200 	 13540 	 7.1039253741e+01 	 8.1500991353e-06
13300 	 13641 	 7.1039253733e+01 	 9.2381422872e-06
13400 	 13745 	 7.1039253725e+01 	 1.0558586898e-05
13500 	 13848 	 7.1039253718e+01 	 8.8182359108e-06
13600 	 13950 	 7.1039253712e+01 	 9.1249293110e-06
13700 	 14053 	 7.1039253705e+01 	 1.3462928736e-05
13800 	 14155 	 7.1039253697e+01 	 8.3731789609e-06
13900 	 14257 	 7.1039253688e+01 	 2.5735524714e-05
14000 	 14357 	 7.1039253678e+01 	 1.0076704454e-05
14100 	 14459 	 7.1039253669e+01 	 1.1104724656e-05
14200 	 14562 	 7.1039253661e+01 	 2.1095147775e-05
14300 	 14664 	 7.1039253651e+01 	 1.0312697192e-05
14400 	 14766 	 7.1039253642e+01 	 8.6988070054e-06
14500 	 14869 	 7.1039253635e+01 	 8.1286151430e-06
14600 	 14972 	 7.1039253630e+01 	 9.1982422611e-06
14700 	 15075 	 7.1039253626e+01 	 6.7013052341e-06
14800 	 15179 	 7.1039253623e+01 	 9.4322946254e-06
14900 	 15282 	 7.1039253620e+01 	 5.4109797333e-06
15000 	 15385 	 7.1039253618e+01 	 3.8195233719e-06
15100 	 15488 	 7.1039253616e+01 	 4.4674690480e-06
15200 	 15591 	 7.1039253614e+01 	 4.2385272560e-06
15300 	 15696 	 7.1039253612e+01 	 5.6616046342e-06
15400 	 15798 	 7.1039253610e+01 	 5.2162644414e-06
15500 	 15901 	 7.1039253607e+01 	 5.3089124462e-06
15600 	 16003 	 7.1039253606e+01 	 4.4544458445e-06
15700 	 16107 	 7.1039253605e+01 	 2.9867185656e-06
15800 	 16210 	 7.1039253604e+01 	 2.7193287832e-06
15900 	 16312 	 7.1039253603e+01 	 3.5156793226e-06
16000 	 16416 	 7.1039253602e+01 	 4.9779571759e-06
16100 	 16520 	 7.1039253601e+01 	 5.7651740037e-06
16200 	 16622 	 7.1039253600e+01 	 3.1047337591e-06
16300 	 16726 	 7.1039253600e+01 	 2.9129295398e-06
16400 	 16829 	 7.1039253599e+01 	 3.4637280983e-06
16500 	 16931 	 7.1039253598e+01 	 2.6205790669e-06
16600 	 17033 	 7.1039253597e+01 	 7.5410266376e-06
16700 	 17136 	 7.1039253597e+01 	 2.6075455707e-06
16800 	 17240 	 7.1039253596e+01 	 2.6748696223e-06
16900 	 17341 	 7.1039253596e+01 	 2.6128080868e-06
17000 	 17442 	 7.1039253595e+01 	 2.4862544607e-06
17100 	 17544 	 7.1039253594e+01 	 3.6538077599e-06
17200 	 17649 	 7.1039253594e+01 	 2.7411173716e-06
17300 	 17751 	 7.1039253593e+01 	 3.1053918204e-06
17400 	 17857 	 7.1039253593e+01 	 2.5007432026e-06
17500 	 17960 	 7.1039253592e+01 	 2.5402746940e-06
17600 	 18066 	 7.1039253592e+01 	 3.3737224267e-06
17700 	 18168 	 7.1039253591e+01 	 3.2191609327e-06
17800 	 18270 	 7.1039253591e+01 	 2.2279414396e-06
17900 	 18372 	 7.1039253590e+01 	 1.8496540056e-06
18000 	 18475 	 7.1039253590e+01 	 2.0823838663e-06
18100 	 18579 	 7.1039253590e+01 	 2.8210034512e-06
18200 	 18682 	 7.1039253590e+01 	 1.4361477188e-06
18300 	 18786 	 7.1039253589e+01 	 1.1521549720e-06
18400 	 18888 	 7.1039253589e+01 	 8.2219816861e-07
18500 	 18991 	 7.1039253589e+01 	 2.5476430527e-06
18600 	 19096 	 7.1039253589e+01 	 9.8631011201e-07
18700 	 19199 	 7.1039253589e+01 	 1.2170187985e-06
18800 	 19302 	 7.1039253589e+01 	 2.8409479510e-06
18900 	 19403 	 7.1039253589e+01 	 1.5557503416e-06
19000 	 19507 	 7.1039253589e+01 	 1.1867930535e-06
19100 	 19613 	 7.1039253589e+01 	 1.1740232703e-06
19200 	 19715 	 7.1039253588e+01 	 1.2543383620e-06
19300 	 19817 	 7.1039253588e+01 	 8.2908414861e-07
19400 	 19922 	 7.1039253588e+01 	 9.0961811282e-07
19500 	 20025 	 7.1039253588e+01 	 1.2701938663e-06
19600 	 20129 	 7.1039253588e+01 	 6.8683424495e-07
19700 	 20235 	 7.1039253588e+01 	 7.5963335303e-07
19800 	 20340 	 7.1039253588e+01 	 9.0915183446e-07
19900 	 20449 	 7.1039253588e+01 	 7.5637653205e-07
20000 	 20557 	 7.1039253588e+01 	 7.3143130186e-07
20100 	 20663 	 7.1039253588e+01 	 6.0090870642e-07
20200 	 20768 	 7.1039253588e+01 	 8.8177684562e-07
20300 	 20874 	 7.1039253588e+01 	 6.7364850226e-07
20400 	 20983 	 7.1039253588e+01 	 5.5543771997e-07
20500 	 21102 	 7.1039253588e+01 	 9.0672041158e-07
20600 	 21211 	 7.1039253588e+01 	 6.7407749580e-07
20700 	 21324 	 7.1039253588e+01 	 6.0748620586e-07
20800 	 21432 	 7.1039253588e+01 	 6.4108158435e-07
20900 	 21543 	 7.1039253588e+01 	 6.8005850205e-07
21000 	 21654 	 7.1039253588e+01 	 4.9235244595e-07
21100 	 21771 	 7.1039253588e+01 	 6.4502869524e-07
21200 	 21882 	 7.1039253588e+01 	 4.4313738684e-07
21300 	 22003 	 7.1039253588e+01 	 8.7622502019e-07
# ---- 
 1 		 21392 	 22146 		 7.8088403138e+01 	 7.1039253588e+01 	 2.3754210322e-07
# ---- 
100 	 105 	 7.4030576175e-01 	 3.9653791947e-02
200 	 206 	 7.2095565992e-01 	 2.7271808806e-02
300 	 308 	 7.0968118269e-01 	 1.1954340439e-02
400 	 409 	 7.0292309435e-01 	 8.6108178703e-03
500 	 512 	 6.9797825439e-01 	 7.9243906331e-03
600 	 615 	 6.9429968969e-01 	 9.0814704059e-03
700 	 717 	 6.9048247587e-01 	 6.8105455215e-03
800 	 819 	 6.8833305368e-01 	 1.2995017467e-02
900 	 922 	 6.8666815963e-01 	 3.9713911532e-03
1000 	 1022 	 6.8503504452e-01 	 1.3551467488e-02
1100 	 1125 	 6.8382958403e-01 	 4.1435049739e-03
1200 	 1226 	 6.8313465185e-01 	 2.7778387049e-03
1300 	 1328 	 6.8264670486e-01 	 2.2543300836e-03
1400 	 1431 	 6.8225713157e-01 	 2.3293031052e-03
1500 	 1531 	 6.8194623116e-01 	 2.9261442916e-03
1600 	 1634 	 6.8174099895e-01 	 1.8751352530e-03
1700 	 1737 	 6.8161297120e-01 	 1.2023504306e-03
1800 	 1839 	 6.8150066245e-01 	 1.4113675591e-03
1900 	 1941 	 6.8141773205e-01 	 7.8610311247e-04
2000 	 2043 	 6.8136007801e-01 	 6.4288672978e-04
2100 	 2144 	 6.8131336164e-01 	 1.0120684152e-03
2200 	 2246 	 6.8126003143e-01 	 1.3765791787e-03
2300 	 2350 	 6.8121504743e-01 	 5.5986819914e-04
2400 	 2454 	 6.8118370170e-01 	 6.1871193397e-04
2500 	 2556 	 6.8115804106e-01 	 3.9062279295e-04
2600 	 2659 	 6.8113778234e-01 	 7.3549566453e-04
2700 	 2763 	 6.8112168899e-01 	 4.1626052698e-04
2800 	 2868 	 6.8110707807e-01 	 3.3915756259e-04
2900 	 2968 	 6.8109464285e-01 	 5.8911059046e-04
3000 	 3071 	 6.8108660425e-01 	 3.5685133598e-04
3100 	 3175 	 6.8107741208e-01 	 2.8211056700e-04
3200 	 3279 	 6.8106701118e-01 	 3.9655336345e-04
3300 	 3383 	 6.8105627134e-01 	 3.5848363006e-04
3400 	 3488 	 6.8104640983e-01 	 2.7978111357e-04
3500 	 3590 	 6.8103838864e-01 	 3.6909833821e-04
3600 	 3693 	 6.8102974851e-01 	 4.0447871599e-04
3700 	 3795 	 6.8102296094e-01 	 3.0390593025e-04
3800 	 3896 	 6.8101783229e-01 	 2.4110008814e-04
3900 	 3998 	 6.8101295172e-01 	 2.3320048059e-04
4000 	 4101 	 6.8100910457e-01 	 3.4788324383e-04
4100 	 4204 	 6.8100567921e-01 	 4.5021487994e-04
4200 	 4309 	 6.8100206587e-01 	 1.8016163580e-04
4300 	 4412 	 6.8099864702e-01 	 3.1568263553e-04
4400 	 4514 	 6.8099502678e-01 	 2.3437807383e-04
4500 	 4616 	 6.8099254514e-01 	 1.6513748205e-04
4600 	 4721 	 6.8099019192e-01 	 2.0437048470e-04
4700 	 4823 	 6.8098790213e-01 	 1.7082126825e-04
4800 	 4924 	 6.8098598014e-01 	 1.4806039158e-04
4900 	 5027 	 6.8098445970e-01 	 3.7773502058e-04
5000 	 5130 	 6.8098297321e-01 	 1.9404016540e-04
5100 	 5233 	 6.8098160272e-01 	 1.1953102608e-04
5200 	 5337 	 6.8098059637e-01 	 1.0806733748e-04
5300 	 5440 	 6.8097975230e-01 	 1.3217473762e-04
5400 	 5540 	 6.8097891836e-01 	 9.2518460289e-05
5500 	 5641 	 6.8097820075e-01 	 1.0336303468e-04
5600 	 5744 	 6.8097744188e-01 	 8.6663712121e-05
5700 	 5845 	 6.8097688085e-01 	 1.4086228851e-04
5800 	 5948 	 6.8097624903e-01 	 1.0878166335e-04
5900 	 6051 	 6.8097563803e-01 	 9.4954422943e-05
6000 	 6154 	 6.8097504574e-01 	 8.0752182339e-05
6100 	 6256 	 6.8097439245e-01 	 9.4903402321e-05
6200 	 6358 	 6.8097375035e-01 	 9.0188735363e-05
6300 	 6460 	 6.8097325018e-01 	 9.0070249059e-05
6400 	 6562 	 6.8097275348e-01 	 9.6196647807e-05
6500 	 6666 	 6.8097236838e-01 	 5.1123870768e-05
6600 	 6768 	 6.8097192404e-01 	 1.2825221845e-04
6700 	 6870 	 6.8097154907e-01 	 7.0142602196e-05
6800 	 6974 	 6.8097121083e-01 	 5.8819591719e-05
6900 	 7075 	 6.8097086236e-01 	 6.4430279467e-05
7000 	 7177 	 6.8097060097e-01 	 5.2435252813e-05
7100 	 7280 	 6.8097036636e-01 	 5.7239718384e-05
7200 	 7383 	 6.8097013917e-01 	 5.5795581851e-05
7300 	 7486 	 6.8096992550e-01 	 5.0081646665e-05
7400 	 7589 	 6.8096971124e-01 	 5.3068080677e-05
7500 	 7690 	 6.8096946548e-01 	 6.9125601577e-05
7600 	 7793 	 6.8096923158e-01 	 4.1028766064e-05
7700 	 7895 	 6.8096900800e-01 	 5.0052835780e-05
7800 	 7998 	 6.8096879986e-01 	 7.6950378152e-05
7900 	 8103 	 6.8096864433e-01 	 3.9522833720e-05
8000 	 8205 	 6.8096851407e-01 	 5.9255311376e-05
8100 	 8305 	 6.8096841180e-01 	 4.2780665788e-05
8200 	 8406 	 6.8096832191e-01 	 4.0876813589e-05
8300 	 8508 	 6.8096822677e-01 	 2.8214272851e-05
8400 	 8609 	 6.8096813503e-01 	 3.4294494473e-05
8500 	 8710 	 6.8096802608e-01 	 3.8797554699e-05
8600 	 8813 	 6.8096789661e-01 	 4.0716485876e-05
8700 	 8916 	 6.8096771621e-01 	 4.4124090784e-05
8800 	 9017 	 6.8096749212e-01 	 6.8549467690e-05
8900 	 9118 	 6.8096733103e-01 	 6.8991782179e-05
9000 	 9221 	 6.8096718615e-01 	 6.7980950823e-05
9100 	 9324 	 6.8096705103e-01 	 5.4079226406e-05
9200 	 9427 	 6.8096693671e-01 	 5.4395418688e-05
9300 	 9528 	 6.8096682574e-01 	 3.3465327326e-05
9400 	 9631 	 6.8096669722e-01 	 6.6937815421e-05
9500 	 9732 	 6.8096656254e-01 	 8.0692489098e-05
9600 	 9834 	 6.8096643723e-01 	 3.2997222719e-05
9700 	 9937 	 6.8096630249e-01 	 4.7455870515e-05
9800 	 10037 	 6.8096615954e-01 	 7.2768722721e-05
9900 	 10139 	 6.8096600947e-01 	 6.5071450962e-05
10000 	 10240 	 6.8096588395e-01 	 4.1413618974e-05
10100 	 10342 	 6.8096572848e-01 	 4.6879180508e-05
10200 	 10445 	 6.8096553599e-01 	 5.5197281195e-05
10300 	 10548 	 6.8096534805e-01 	 5.5298721864e-05
10400 	 10650 	 6.8096524132e-01 	 8.7222973708e-05
10500 	 10753 	 6.8096517028e-01 	 4.4526915972e-05
10600 	 10855 	 6.8096512249e-01 	 2.0541853344e-05
10700 	 10958 	 6.8096508454e-01 	 4.2183574410e-05
10800 	 11060 	 6.8096504903e-01 	 3.0713698297e-05
10900 	 11160 	 6.8096501629e-01 	 3.8581664690e-05
11000 	 11260 	 6.8096498691e-01 	 4.0616800166e-05
11100 	 11361 	 6.8096496207e-01 	 2.5096156450e-05
11200 	 11462 	 6.8096494541e-01 	 1.3423285386e-05
11300 	 11565 	 6.8096493256e-01 	 1.2082877914e-05
11400 	 11667 	 6.8096491410e-01 	 1.7023717395e-05
11500 	 11769 	 6.8096489592e-01 	 1.5293207255e-05
11600 	 11874 	 6.8096487653e-01 	 1.8281976687e-05
11700 	 11976 	 6.8096485348e-01 	 4.2455012899e-05
11800 	 12079 	 6.8096482728e-01 	 1.5071852531e-05
11900 	 12184 	 6.8096480316e-01 	 1.7751576346e-05
12000 	 12287 	 6.8096477885e-01 	 4.3684340182e-05
12100 	 12391 	 6.8096475734e-01 	 1.0564027801e-05
12200 	 12492 	 6.8096473759e-01 	 2.1433726209e-05
12300 	 12594 	 6.8096472275e-01 	 1.1993629455e-05
12400 	 12696 	 6.8096471086e-01 	 1.4361795593e-05
12500 	 12798 	 6.8096469617e-01 	 1.5141080786e-05
12600 	 12900 	 6.8096467320e-01 	 1.4438598342e-05
12700 	 13003 	 6.8096464439e-01 	 2.6570635211e-05
12800 	 13104 	 6.8096461983e-01 	 1.9778761746e-05
12900 	 13206 	 6.8096459715e-01 	 3.3376064982e-05
13000 	 13310 	 6.8096457141e-01 	 1.4823984975e-05
13100 	 13411 	 6.8096453831e-01 	 1.9921436113e-05
13200 	 13514 	 6.8096450475e-01 	 1.6716700974e-05
13300 	 13617 	 6.8096447571e-01 	 4.1527499276e-05
13400 	 13720 	 6.8096445274e-01 	 3.5328119220e-05
13500 	 13823 	 6.8096443535e-01 	 2.1249530443e-05
13600 	 13927 	 6.8096441990e-01 	 1.7405188407e-05
13700 	 14030 	 6.8096440134e-01 	 1.1947014601e-05
13800 	 14131 	 6.8096439174e-01 	 8.9330112072e-06
13900 	 14232 	 6.8096438390e-01 	 7.9191369064e-06
14000 	 14334 	 6.8096437616e-01 	 7.5916692830e-06
14100 	 14437 	 6.8096436786e-01 	 1.4845960931e-05
14200 	 14539 	 6.8096436167e-01 	 1.5537181340e-05
14300 	 14641 	 6.8096435563e-01 	 1.3227126992e-05
14400 	 14744 	 6.8096434998e-01 	 7.2739414848e-06
14500 	 14846 	 6.8096434491e-01 	 9.3740254472e-06
14600 	 14949 	 6.8096433864e-01 	 1.1494197207e-05
14700 	 15054 	 6.8096433454e-01 	 6.1314075374e-06
14800 	 15158 	 6.8096433034e-01 	 8.1007790951e-06
14900 	 15260 	 6.8096432545e-01 	 7.4217970388e-06
15000 	 15362 	 6.8096432128e-01 	 5.5992646027e-06
15100 	 15462 	 6.8096431743e-01 	 5.8613690617e-06
15200 	 15565 	 6.8096431385e-01 	 2.4351269637e-05
15300 	 15666 	 6.8096430908e-01 	 8.9675033131e-06
15400 	 15769 	 6.8096430355e-01 	 7.3729099024e-06
15500 	 15873 	 6.8096429783e-01 	 7.3819362721e-06
15600 	 15975 	 6.8096429307e-01 	 8.3457180552e-06
15700 	 16080 	 6.8096428953e-01 	 6.9242596666e-06
15800 	 16184 	 6.8096428572e-01 	 4.9303581131e-06
15900 	 16286 	 6.8096428120e-01 	 6.7077711390e-06
16000 	 16388 	 6.8096427749e-01 	 9.8018280075e-06
16100 	 16488 	 6.8096427413e-01 	 3.9523063807e-06
16200 	 16591 	 6.8096427124e-01 	 6.8672469825e-06
16300 	 16692 	 6.8096426834e-01 	 9.2086614736e-06
16400 	 16795 	 6.8096426503e-01 	 5.6693469100e-06
16500 	 16898 	 6.8096426108e-01 	 7.4763500697e-06
16600 	 17001 	 6.8096425625e-01 	 8.8762447355e-06
16700 	 17104 	 6.8096424997e-01 	 1.0384011564e-05
16800 	 17207 	 6.8096424468e-01 	 9.6154599190e-06
16900 	 17309 	 6.8096424125e-01 	 5.9359764303e-06
17000 	 17414 	 6.8096423775e-01 	 5.7035222339e-06
17100 	 17514 	 6.8096423418e-01 	 5.4409286372e-06
17200 	 17617 	 6.8096423086e-01 	 1.2540371207e-05
17300 	 17719 	 6.8096422684e-01 	 8.2631294472e-06
17400 	 17820 	 6.8096422212e-01 	 1.1356543769e-05
17500 	 17923 	 6.8096421851e-01 	 1.3618942996e-05
17600 	 18026 	 6.8096421528e-01 	 4.6024686932e-06
17700 	 18127 	 6.8096421251e-01 	 6.1276416872e-06
17800 	 18228 	 6.8096421021e-01 	 7.1629985350e-06
17900 	 18333 	 6.8096420840e-01 	 3.3724740032e-06
18000 	 18436 	 6.8096420669e-01 	 7.5357394503e-06
18100 	 18538 	 6.8096420500e-01 	 6.3622062881e-06
18200 	 18641 	 6.8096420407e-01 	 2.7782837170e-06
18300 	 18743 	 6.8096420322e-01 	 3.4193690990e-06
18400 	 18845 	 6.8096420245e-01 	 2.7156571331e-06
18500 	 18947 	 6.8096420186e-01 	 2.5843433510e-06
18600 	 19049 	 6.8096420137e-01 	 2.0666421097e-06
18700 	 19150 	 6.8096420088e-01 	 2.4274131387e-06
18800 	 19252 	 6.8096420038e-01 	 3.0297884096e-06
18900 	 19354 	 6.8096419991e-01 	 3.6135985530e-06
19000 	 19455 	 6.8096419948e-01 	 2.6967458851e-06
19100 	 19557 	 6.8096419895e-01 	 1.9993724506e-06
19200 	 19662 	 6.8096419852e-01 	 3.1971890949e-06
19300 	 19766 	 6.8096419808e-01 	 3.4013820527e-06
19400 	 19869 	 6.8096419761e-01 	 2.9313932049e-06
19500 	 19971 	 6.8096419712e-01 	 2.6562380037e-06
19600 	 20072 	 6.8096419668e-01 	 2.8370148716e-06
19700 	 20173 	 6.8096419629e-01 	 1.9890206177e-06
19800 	 20276 	 6.8096419590e-01 	 1.9404287436e-06
19900 	 20379 	 6.8096419549e-01 	 1.6254613096e-06
20000 	 20481 	 6.8096419514e-01 	 1.8647860767e-06
20100 	 20584 	 6.8096419483e-01 	 1.5431354114e-06
20200 	 20687 	 6.8096419458e-01 	 1.5543150252e-06
20300 	 20789 	 6.8096419437e-01 	 1.2744102915e-06
20400 	 20891 	 6.8096419422e-01 	 1.2226508288e-06
20500 	 20995 	 6.8096419410e-01 	 1.1846127049e-06
20600 	 21097 	 6.8096419400e-01 	 7.8879967645e-07
20700 	 21201 	 6.8096419387e-01 	 1.5952674489e-06
20800 	 21303 	 6.8096419370e-01 	 2.0170722986e-06
20900 	 21407 	 6.8096419351e-01 	 1.3864181670e-06
21000 	 21508 	 6.8096419332e-01 	 1.3458282518e-06
21100 	 21611 	 6.8096419312e-01 	 1.0307882024e-06
21200 	 21712 	 6.8096419295e-01 	 1.7231331869e-06
21300 	 21816 	 6.8096419282e-01 	 8.3575648474e-07
21400 	 21920 	 6.8096419268e-01 	 1.4468913822e-06
21500 	 22024 	 6.8096419253e-01 	 1.3575527320e-06
21600 	 22127 	 6.8096419239e-01 	 2.0830719409e-06
21700 	 22232 	 6.8096419225e-01 	 1.3550352692e-06
21800 	 22336 	 6.8096419214e-01 	 8.6182729177e-07
21900 	 22439 	 6.8096419205e-01 	 1.1326628815e-06
22000 	 22543 	 6.8096419196e-01 	 8.4863154957e-07
22100 	 22646 	 6.8096419189e-01 	 8.2886328929e-07
22200 	 22749 	 6.8096419181e-01 	 1.5008279728e-06
22300 	 22850 	 6.8096419174e-01 	 9.8104709249e-07
22400 	 22953 	 6.8096419168e-01 	 7.9272815000e-07
22500 	 23056 	 6.8096419162e-01 	 6.8235347765e-07
22600 	 23158 	 6.8096419155e-01 	 1.0044175286e-06
22700 	 23263 	 6.8096419146e-01 	 7.5671542661e-07
22800 	 23364 	 6.8096419140e-01 	 7.5873542682e-07
22900 	 23468 	 6.8096419135e-01 	 6.3056205050e-07
23000 	 23570 	 6.8096419132e-01 	 5.5449061908e-07
23100 	 23674 	 6.8096419130e-01 	 1.1714863550e-06
23200 	 23776 	 6.8096419127e-01 	 5.4369463365e-07
23300 	 23876 	 6.8096419123e-01 	 6.6085215617e-07
23400 	 23979 	 6.8096419120e-01 	 1.0185878627e-06
23500 	 24083 	 6.8096419117e-01 	 9.9935207906e-07
23600 	 24188 	 6.8096419113e-01 	 8.4467038860e-07
23700 	 24290 	 6.8096419108e-01 	 8.7140623240e-07
23800 	 24395 	 6.8096419103e-01 	 5.1624590332e-07
23900 	 24498 	 6.8096419099e-01 	 5.5671599210e-07
24000 	 24600 	 6.8096419096e-01 	 5.5676972244e-07
24100 	 24702 	 6.8096419092e-01 	 9.0960199442e-07
24200 	 24804 	 6.8096419088e-01 	 6.8926746410e-07
24300 	 24905 	 6.8096419084e-01 	 5.8906166881e-07
24400 	 25007 	 6.8096419081e-01 	 6.6497302735e-07
24500 	 25109 	 6.8096419078e-01 	 6.8129481062e-07
24600 	 25213 	 6.8096419075e-01 	 5.0865046304e-07
24700 	 25315 	 6.8096419073e-01 	 8.4397060002e-07
24800 	 25419 	 6.8096419070e-01 	 7.0974476777e-07
24900 	 25523 	 6.8096419068e-01 	 4.7628486716e-07
25000 	 25624 	 6.8096419066e-01 	 4.7291884772e-07
25100 	 25728 	 6.8096419064e-01 	 1.0210386628e-06
25200 	 25831 	 6.8096419061e-01 	 5.6179340704e-07
25300 	 25932 	 6.8096419058e-01 	 5.2197967381e-07
25400 	 26036 	 6.8096419056e-01 	 4.3860571907e-07
25500 	 26138 	 6.8096419054e-01 	 5.7426613038e-07
25600 	 26239 	 6.8096419051e-01 	 5.9586892819e-07
25700 	 26345 	 6.8096419049e-01 	 6.5541075787e-07
25800 	 26445 	 6.8096419047e-01 	 3.7028017536e-07
25900 	 26547 	 6.8096419046e-01 	 3.4356621366e-07
26000 	 26649 	 6.8096419045e-01 	 3.0223658083e-07
26100 	 26754 	 6.8096419044e-01 	 5.7503035627e-07
26200 	 26856 	 6.8096419043e-01 	 3.1001912750e-07
26300 	 26960 	 6.8096419042e-01 	 5.7285605031e-07
26400 	 27063 	 6.8096419041e-01 	 2.5181295383e-07
26500 	 27164 	 6.8096419040e-01 	 3.5571749336e-07
26600 	 27265 	 6.8096419039e-01 	 3.2377142630e-07
26700 	 27367 	 6.8096419038e-01 	 4.2430409673e-07
26800 	 27468 	 6.8096419036e-01 	 3.6155298996e-07
26900 	 27572 	 6.8096419034e-01 	 7.3350675450e-07
27000 	 27673 	 6.8096419032e-01 	 4.9963047366e-07
27100 	 27777 	 6.8096419031e-01 	 4.0513853269e-07
27200 	 27879 	 6.8096419029e-01 	 3.3658184571e-07
27300 	 27982 	 6.8096419028e-01 	 6.6582304305e-07
27400 	 28086 	 6.8096419027e-01 	 4.6375888356e-07
27500 	 28187 	 6.8096419026e-01 	 3.1702899238e-07
27600 	 28291 	 6.8096419025e-01 	 2.9910354011e-07
27700 	 28396 	 6.8096419024e-01 	 3.4638820765e-07
27800 	 28500 	 6.8096419023e-01 	 3.7421367602e-07
27900 	 28606 	 6.8096419022e-01 	 7.7242848081e-07
28000 	 28708 	 6.8096419021e-01 	 2.0450528593e-07
28100 	 28810 	 6.8096419021e-01 	 3.2540482452e-07
28200 	 28913 	 6.8096419020e-01 	 2.1499852099e-07
28300 	 29016 	 6.8096419020e-01 	 1.9311650737e-07
28400 	 29120 	 6.8096419020e-01 	 3.0391294563e-07
28500 	 29222 	 6.8096419020e-01 	 1.8904281044e-07
28600 	 29323 	 6.8096419019e-01 	 1.1917108649e-07
28700 	 29425 	 6.8096419019e-01 	 4.7930207875e-07
28800 	 29527 	 6.8096419019e-01 	 2.3939898133e-07
28900 	 29629 	 6.8096419018e-01 	 2.4411329213e-07
29000 	 29732 	 6.8096419018e-01 	 1.7825713424e-07
29100 	 29835 	 6.8096419017e-01 	 2.8972578361e-07
29200 	 29938 	 6.8096419017e-01 	 1.6646642645e-07
29300 	 30041 	 6.8096419016e-01 	 1.9825523909e-07
29400 	 30144 	 6.8096419016e-01 	 1.7409892220e-07
29500 	 30246 	 6.8096419016e-01 	 3.1460291821e-07
29600 	 30348 	 6.8096419016e-01 	 3.4789202080e-07
29700 	 30452 	 6.8096419015e-01 	 3.5218911645e-07
29800 	 30557 	 6.8096419015e-01 	 1.9874977492e-07
29900 	 30660 	 6.8096419015e-01 	 1.1403309459e-07
30000 	 30761 	 6.8096419015e-01 	 1.3432580003e-07
30100 	 30863 	 6.8096419015e-01 	 1.4202006494e-07
30200 	 30965 	 6.8096419014e-01 	 1.2261937734e-07
30300 	 31068 	 6.8096419014e-01 	 1.3583665289e-07
30400 	 31169 	 6.8096419014e-01 	 1.2161544903e-07
30500 	 31271 	 6.8096419014e-01 	 1.6511097735e-07
30600 	 31376 	 6.8096419014e-01 	 1.3375412136e-07
30700 	 31481 	 6.8096419014e-01 	 1.7909707066e-07
30800 	 31583 	 6.8096419014e-01 	 1.2808005177e-07
30900 	 31685 	 6.8096419013e-01 	 1.2602585539e-07
31000 	 31789 	 6.8096419013e-01 	 2.0090142233e-07
31100 	 31890 	 6.8096419013e-01 	 1.1915496134e-07
31200 	 31992 	 6.8096419013e-01 	 1.3159423238e-07
31300 	 32092 	 6.8096419013e-01 	 1.3085778187e-07
31400 	 32195 	 6.8096419013e-01 	 8.6954879385e-08
31500 	 32298 	 6.8096419013e-01 	 1.4411313620e-07
31600 	 32400 	 6.8096419012e-01 	 6.5544349223e-08
31700 	 32502 	 6.8096419012e-01 	 7.8378093754e-08
31800 	 32607 	 6.8096419012e-01 	 1.4765604504e-07
31900 	 32713 	 6.8096419012e-01 	 5.8390769884e-08
32000 	 32818 	 6.8096419012e-01 	 6.5170447622e-08
32100 	 32931 	 6.8096419012e-01 	 4.8650408358e-08
32200 	 33046 	 6.8096419012e-01 	 5.1154692987e-08
32300 	 33159 	 6.8096419012e-01 	 7.9240240165e-08
32400 	 33265 	 6.8096419012e-01 	 8.7792114156e-08
32500 	 33373 	 6.8096419012e-01 	 1.5327482439e-07
32600 	 33477 	 6.8096419012e-01 	 7.8465994710e-08
32700 	 33583 	 6.8096419012e-01 	 7.2474331072e-08
32800 	 33697 	 6.8096419012e-01 	 5.4990194996e-08
32900 	 33806 	 6.8096419012e-01 	 4.9379422768e-08
33000 	 33919 	 6.8096419012e-01 	 4.0639884971e-08
33100 	 34059 	 6.8096419012e-01 	 3.6782481152e-08
33200 	 34168 	 6.8096419012e-01 	 1.0630157738e-07
33300 	 34274 	 6.8096419012e-01 	 6.0833458228e-08
33400 	 34378 	 6.8096419012e-01 	 8.7236825319e-08
33500 	 34482 	 6.8096419012e-01 	 6.3641848399e-08
33600 	 34587 	 6.8096419012e-01 	 1.0133242660e-07
33700 	 34692 	 6.8096419012e-01 	 6.4196437368e-08
33800 	 34800 	 6.8096419012e-01 	 7.5279317264e-08
33900 	 34909 	 6.8096419012e-01 	 5.9763302597e-08
34000 	 35018 	 6.8096419012e-01 	 4.5850879605e-08
34100 	 35132 	 6.8096419012e-01 	 5.2700896214e-08
34200 	 35242 	 6.8096419012e-01 	 4.9311087650e-08
34300 	 35353 	 6.8096419012e-01 	 4.4814402731e-08
34400 	 35467 	 6.8096419012e-01 	 4.9211414168e-08
# ---- 
 1 		 34448 	 35554 		 1.2571356526e+00 	 6.8096419012e-01 	 2.3242881520e-08
# ---- 
100 	 103 	 2.8096366992e+00 	 1.6190050832e-02
200 	 204 	 2.7981915185e+00 	 1.5320551359e-02
300 	 307 	 2.7939855170e+00 	 1.2151039618e-02
400 	 409 	 2.7916100038e+00 	 6.3208593762e-03
500 	 512 	 2.7901179793e+00 	 5.5021824415e-03
600 	 614 	 2.7892084904e+00 	 2.4233678776e-03
700 	 716 	 2.7887649656e+00 	 3.2413380110e-03
800 	 818 	 2.7885109285e+00 	 2.7916186174e-03
900 	 920 	 2.7882609192e+00 	 1.9962430135e-03
1000 	 1021 	 2.7880856724e+00 	 1.0232450719e-03
1100 	 1125 	 2.7879754675e+00 	 1.2516776696e-03
1200 	 1228 	 2.7878930529e+00 	 1.1427566732e-03
1300 	 1330 	 2.7878332026e+00 	 1.0078360845e-03
1400 	 1433 	 2.7877912741e+00 	 8.0371974882e-04
1500 	 1534 	 2.7877575358e+00 	 7.6564111773e-04
1600 	 1636 	 2.7877238593e+00 	 1.0386570652e-03
1700 	 1736 	 2.7876945774e+00 	 7.5966526080e-04
1800 	 1838 	 2.7876680390e+00 	 5.0537470294e-04
1900 	 1940 	 2.7876477970e+00 	 4.3529062572e-04
2000 	 2042 	 2.7876341544e+00 	 1.1624201653e-03
2100 	 2144 	 2.7876237613e+00 	 1.0269737783e-03
2200 	 2245 	 2.7876139988e+00 	 3.5623915616e-04
2300 	 2345 	 2.7876054968e+00 	 2.5538585429e-04
2400 	 2446 	 2.7875984952e+00 	 3.1146077214e-04
2500 	 2549 	 2.7875914725e+00 	 3.0128141175e-04
2600 	 2650 	 2.7875844631e+00 	 4.6641257049e-04
2700 	 2754 	 2.7875785932e+00 	 2.5604203305e-04
2800 	 2854 	 2.7875725680e+00 	 2.4452483115e-04
2900 	 2957 	 2.7875669504e+00 	 3.3952798673e-04
3000 	 3060 	 2.7875621074e+00 	 4.2854717519e-04
3100 	 3163 	 2.7875583602e+00 	 1.8084526750e-04
3200 	 3268 	 2.7875554021e+00 	 1.9788248132e-04
3300 	 3371 	 2.7875526654e+00 	 2.1107995737e-04
3400 	 3471 	 2.7875502951e+00 	 2.1553371753e-04
3500 	 3575 	 2.7875483910e+00 	 1.9557234759e-04
3600 	 3678 	 2.7875469810e+00 	 1.1550611978e-04
3700 	 3779 	 2.7875454590e+00 	 1.0044559079e-04
3800 	 3883 	 2.7875442112e+00 	 1.6870700962e-04
3900 	 3987 	 2.7875427995e+00 	 1.4933224425e-04
4000 	 4090 	 2.7875416255e+00 	 1.2409256725e-04
4100 	 4194 	 2.7875405708e+00 	 1.3243181874e-04
4200 	 4295 	 2.7875397595e+00 	 9.7716934563e-05
4300 	 4396 	 2.7875390826e+00 	 7.9168337052e-05
4400 	 4497 	 2.7875384883e+00 	 6.6840083523e-05
4500 	 4599 	 2.7875380033e+00 	 1.1124053345e-04
4600 	 4701 	 2.7875375007e+00 	 1.0885176178e-04
4700 	 4802 	 2.7875369883e+00 	 1.1836211895e-04
4800 	 4906 	 2.7875365186e+00 	 7.0595731791e-05
4900 	 5009 	 2.7875360752e+00 	 7.3683298723e-05
5000 	 5110 	 2.7875356745e+00 	 5.0179808240e-05
5100 	 5212 	 2.7875354085e+00 	 4.2285753235e-05
5200 	 5314 	 2.7875352008e+00 	 5.0463800414e-05
5300 	 5416 	 2.7875350287e+00 	 5.2236912606e-05
5400 	 5518 	 2.7875348485e+00 	 4.2047341725e-05
5500 	 5620 	 2.7875347169e+00 	 5.3837469375e-05
5600 	 5722 	 2.7875345820e+00 	 6.1958735594e-05
5700 	 5824 	 2.7875344659e+00 	 8.0744761413e-05
5800 	 5925 	 2.7875343525e+00 	 3.1556692642e-05
5900 	 6028 	 2.7875342409e+00 	 3.7178168421e-05
6000 	 6130 	 2.7875341432e+00 	 2.9687920747e-05
6100 	 6230 	 2.7875340586e+00 	 3.0993488295e-05
6200 	 6332 	 2.7875339746e+00 	 3.3232865216e-05
6300 	 6435 	 2.7875339032e+00 	 4.3824795996e-05
6400 	 6539 	 2.7875338581e+00 	 3.8580350420e-05
6500 	 6641 	 2.7875338196e+00 	 3.5380756266e-05
6600 	 6744 	 2.7875337854e+00 	 1.9777722830e-05
6700 	 6846 	 2.7875337470e+00 	 2.5192101837e-05
6800 	 6949 	 2.7875337030e+00 	 2.3027105687e-05
6900 	 7054 	 2.7875336690e+00 	 1.7934837111e-05
7000 	 7154 	 2.7875336368e+00 	 1.5140540312e-05
7100 	 7257 	 2.7875336083e+00 	 1.6867003730e-05
7200 	 7360 	 2.7875335856e+00 	 1.3107887875e-05
7300 	 7464 	 2.7875335672e+00 	 1.2583406816e-05
7400 	 7567 	 2.7875335488e+00 	 1.3994940601e-05
7500 	 7671 	 2.7875335317e+00 	 1.1572922934e-05
7600 	 7771 	 2.7875335180e+00 	 1.3417698991e-05
7700 	 7875 	 2.7875335054e+00 	 3.3493074610e-05
7800 	 7981 	 2.7875334928e+00 	 9.5807229061e-06
7900 	 8083 	 2.7875334837e+00 	 1.3832396251e-05
8000 	 8187 	 2.7875334760e+00 	 1.2334216561e-05
8100 	 8289 	 2.7875334687e+00 	 2.0623342920e-05
8200 	 8391 	 2.7875334561e+00 	 1.6474745872e-05
8300 	 8493 	 2.7875334418e+00 	 1.3948649263e-05
8400 	 8596 	 2.7875334260e+00 	 1.0819571156e-05
8500 	 8700 	 2.7875334121e+00 	 1.0226125824e-05
8600 	 8803 	 2.7875334003e+00 	 1.1157380613e-05
8700 	 8904 	 2.7875333889e+00 	 1.1288452911e-05
8800 	 9008 	 2.7875333787e+00 	 1.2244001723e-05
8900 	 9109 	 2.7875333705e+00 	 7.9300374777e-06
9000 	 9211 	 2.7875333662e+00 	 1.1253080375e-05
9100 	 9313 	 2.7875333628e+00 	 6.3771420343e-06
9200 	 9418 	 2.7875333600e+00 	 7.8176162289e-06
9300 	 9520 	 2.7875333572e+00 	 7.1354927252e-06
9400 	 9621 	 2.7875333547e+00 	 5.8115037007e-06
9500 	 9724 	 2.7875333525e+00 	 4.1199436353e-06
9600 	 9825 	 2.7875333508e+00 	 4.3008829599e-06
9700 	 9927 	 2.7875333491e+00 	 3.4877457037e-06
9800 	 10030 	 2.7875333474e+00 	 6.3363746863e-06
9900 	 10134 	 2.7875333454e+00 	 5.8070129765e-06
10000 	 10237 	 2.7875333432e+00 	 5.7314853592e-06
10100 	 10341 	 2.7875333414e+00 	 4.3601398856e-06
10200 	 10445 	 2.7875333400e+00 	 3.1821552433e-06
10300 	 10548 	 2.7875333384e+00 	 5.9647123487e-06
10400 	 10651 	 2.7875333367e+00 	 5.9298801433e-06
10500 	 10753 	 2.7875333348e+00 	 4.0556514247e-06
10600 	 10855 	 2.7875333332e+00 	 3.8520315551e-06
10700 	 10956 	 2.7875333313e+00 	 7.1548973600e-06
10800 	 11060 	 2.7875333295e+00 	 8.7586985528e-06
10900 	 11161 	 2.7875333277e+00 	 4.2861125794e-06
11000 	 11263 	 2.7875333261e+00 	 2.9996661288e-06
11100 	 11366 	 2.7875333249e+00 	 2.6748522438e-06
11200 	 11466 	 2.7875333239e+00 	 2.9826603616e-06
11300 	 11568 	 2.7875333230e+00 	 2.8590286473e-06
11400 	 11670 	 2.7875333224e+00 	 2.0958740695e-06
11500 	 11773 	 2.7875333218e+00 	 3.4560253570e-06
11600 	 11876 	 2.7875333214e+00 	 1.6044214233e-06
11700 	 11980 	 2.7875333212e+00 	 1.6671758943e-06
11800 	 12083 	 2.7875333210e+00 	 3.5474913012e-06
11900 	 12186 	 2.7875333208e+00 	 1.3012098031e-06
12000 	 12289 	 2.7875333206e+00 	 4.1683337103e-06
12100 	 12389 	 2.7875333204e+00 	 1.6922936718e-06
12200 	 12490 	 2.7875333203e+00 	 1.3661038556e-06
12300 	 12593 	 2.7875333201e+00 	 1.4308659604e-06
12400 	 12693 	 2.7875333199e+00 	 1.5017667346e-06
12500 	 12794 	 2.7875333197e+00 	 2.8816036286e-06
12600 	 12897 	 2.7875333195e+00 	 1.1415781870e-06
12700 	 12999 	 2.7875333194e+00 	 1.0729799260e-06
12800 	 13102 	 2.7875333193e+00 	 1.6819976850e-06
12900 	 13205 	 2.7875333192e+00 	 2.4664566367e-06
13000 	 13307 	 2.7875333191e+00 	 1.5758279837e-06
13100 	 13409 	 2.7875333190e+00 	 1.1639457212e-06
13200 	 13512 	 2.7875333189e+00 	 9.0566108601e-07
13300 	 13615 	 2.7875333189e+00 	 9.0006108429e-07
13400 	 13716 	 2.7875333188e+00 	 8.7812205632e-07
13500 	 13819 	 2.7875333187e+00 	 1.5419036851e-06
13600 	 13920 	 2.7875333187e+00 	 9.6815149808e-07
13700 	 14023 	 2.7875333186e+00 	 6.5793984050e-07
13800 	 14126 	 2.7875333185e+00 	 9.8149885108e-07
13900 	 14227 	 2.7875333185e+00 	 8.0009018905e-07
14000 	 14331 	 2.7875333184e+00 	 7.9489818957e-07
14100 	 14433 	 2.7875333184e+00 	 1.2334915131e-06
14200 	 14535 	 2.7875333184e+00 	 6.4139636598e-07
14300 	 14637 	 2.7875333183e+00 	 6.5503881177e-07
14400 	 14739 	 2.7875333183e+00 	 1.0027393815e-06
14500 	 14841 	 2.7875333183e+00 	 5.3180636156e-07
14600 	 14943 	 2.7875333183e+00 	 3.2978368365e-07
14700 	 15047 	 2.7875333182e+00 	 3.6011487264e-07
14800 	 15149 	 2.7875333182e+00 	 2.8181554246e-07
14900 	 15250 	 2.7875333182e+00 	 2.1277914000e-07
15000 	 15351 	 2.7875333182e+00 	 2.9948087661e-07
15100 	 15452 	 2.7875333182e+00 	 2.6116011466e-07
15200 	 15557 	 2.7875333182e+00 	 4.2987285692e-07
15300 	 15658 	 2.7875333182e+00 	 3.3398514247e-07
15400 	 15759 	 2.7875333182e+00 	 3.3709328350e-07
15500 	 15862 	 2.7875333182e+00 	 7.7084677523e-07
15600 	 15963 	 2.7875333182e+00 	 3.5281226902e-07
15700 	 16067 	 2.7875333182e+00 	 3.4607350823e-07
15800 	 16170 	 2.7875333182e+00 	 3.0831747407e-07
15900 	 16274 	 2.7875333181e+00 	 4.6160167678e-07
16000 	 16375 	 2.7875333181e+00 	 4.4171066989e-07
16100 	 16478 	 2.7875333181e+00 	 2.4516901101e-07
16200 	 16583 	 2.7875333181e+00 	 3.6328529258e-07
16300 	 16685 	 2.7875333181e+00 	 3.4901586616e-07
16400 	 16790 	 2.7875333181e+00 	 3.1155781209e-07
16500 	 16893 	 2.7875333181e+00 	 2.5341502706e-07
16600 	 16995 	 2.7875333181e+00 	 2.4385070381e-07
16700 	 17099 	 2.7875333181e+00 	 4.5971758585e-07
16800 	 17200 	 2.7875333181e+00 	 1.8580666664e-07
16900 	 17304 	 2.7875333181e+00 	 1.6740493332e-07
17000 	 17409 	 2.7875333181e+00 	 1.1149989648e-07
17100 	 17516 	 2.7875333181e+00 	 1.3148407978e-07
17200 	 17625 	 2.7875333181e+00 	 2.3771771492e-07
17300 	 17730 	 2.7875333181e+00 	 9.1858964778e-08
17400 	 17834 	 2.7875333181e+00 	 1.3619901599e-07
17500 	 17943 	 2.7875333181e+00 	 1.2276738240e-07
17600 	 18051 	 2.7875333181e+00 	 9.4056845298e-08
17700 	 18165 	 2.7875333181e+00 	 1.1032966869e-07
17800 	 18272 	 2.7875333181e+00 	 6.3996497566e-08
# ---- 
 1 		 17814 	 18305 		 3.3242951800e+00 	 2.7875333181e+00 	 1.0249369264e-07
# ---- 
100 	 102 	 6.3660837110e+00 	 2.2246956260e-02
200 	 203 	 6.3587028377e+00 	 1.1557782768e-02
300 	 307 	 6.3560051573e+00 	 9.1604450529e-03
400 	 411 	 6.3543628567e+00 	 4.4774710226e-03
500 	 512 	 6.3533759148e+00 	 4.1676625521e-03
600 	 616 	 6.3527756125e+00 	 2.4014218664e-03
700 	 718 	 6.3525075369e+00 	 3.3381090537e-03
800 	 821 	 6.3523020390e+00 	 1.6211470828e-03
900 	 925 	 6.3521625325e+00 	 2.1316993630e-03
1000 	 1027 	 6.3520663897e+00 	 1.2567145363e-03
1100 	 1130 	 6.3519929329e+00 	 7.9538475273e-04
1200 	 1232 	 6.3519504664e+00 	 6.1111238819e-04
1300 	 1336 	 6.3519190252e+00 	 6.4907009893e-04
1400 	 1438 	 6.3518932117e+00 	 5.4281793209e-04
1500 	 1540 	 6.3518722106e+00 	 5.1063875242e-04
1600 	 1641 	 6.3518515970e+00 	 4.9878274950e-04
1700 	 1743 	 6.3518334708e+00 	 4.9559703547e-04
1800 	 1845 	 6.3518212771e+00 	 5.7440897989e-04
1900 	 1946 	 6.3518118745e+00 	 2.8442010859e-04
2000 	 2048 	 6.3518035181e+00 	 3.0577008131e-04
2100 	 2151 	 6.3517957612e+00 	 3.3215105510e-04
2200 	 2252 	 6.3517883360e+00 	 2.8403664038e-04
2300 	 2354 	 6.3517823420e+00 	 4.3201913321e-04
2400 	 2455 	 6.3517767480e+00 	 3.6207895062e-04
2500 	 2557 	 6.3517716164e+00 	 2.3107505911e-04
2600 	 2659 	 6.3517675315e+00 	 2.1192380803e-04
2700 	 2760 	 6.3517641465e+00 	 1.8593104773e-04
2800 	 2861 	 6.3517606874e+00 	 1.7491221977e-04
2900 	 2963 	 6.3517581059e+00 	 1.6407776143e-04
3000 	 3066 	 6.3517563837e+00 	 2.2395295921e-04
3100 	 3168 	 6.3517547824e+00 	 1.6025194621e-04
3200 	 3271 	 6.3517533134e+00 	 1.1122325046e-04
3300 	 3371 	 6.3517518995e+00 	 1.3132524760e-04
3400 	 3473 	 6.3517507668e+00 	 1.2769524851e-04
3500 	 3575 	 6.3517499076e+00 	 1.0021457029e-04
3600 	 3677 	 6.3517492364e+00 	 1.3596166217e-04
3700 	 3781 	 6.3517486395e+00 	 1.0531478581e-04
3800 	 3883 	 6.3517480269e+00 	 8.8825098492e-05
3900 	 3984 	 6.3517474750e+00 	 1.7303101235e-04
4000 	 4084 	 6.3517469355e+00 	 8.5157009214e-05
4100 	 4185 	 6.3517464503e+00 	 1.5791029334e-04
4200 	 4286 	 6.3517460244e+00 	 7.7851787696e-05
4300 	 4387 	 6.3517455852e+00 	 8.0290136255e-05
4400 	 4490 	 6.3517452080e+00 	 1.8529449071e-04
4500 	 4592 	 6.3517449144e+00 	 5.6749343483e-05
4600 	 4696 	 6.3517446963e+00 	 8.7029212342e-05
4700 	 4797 	 6.3517444653e+00 	 3.8919909955e-05
4800 	 4901 	 6.3517442905e+00 	 4.5622913108e-05
4900 	 5006 	 6.3517441419e+00 	 4.4494511544e-05
5000 	 5109 	 6.3517440219e+00 	 4.5976822913e-05
5100 	 5210 	 6.3517439417e+00 	 3.0596387417e-05
5200 	 5312 	 6.3517438746e+00 	 2.0184468213e-05
5300 	 5415 	 6.3517438163e+00 	 5.4694869171e-05
5400 	 5517 	 6.3517437653e+00 	 2.5730652558e-05
5500 	 5620 	 6.3517437130e+00 	 2.7430449703e-05
5600 	 5722 	 6.3517436607e+00 	 2.2707727268e-05
5700 	 5827 	 6.3517436178e+00 	 2.4972575593e-05
5800 	 5931 	 6.3517435842e+00 	 2.2298483785e-05
5900 	 6034 	 6.3517435486e+00 	 3.6168173664e-05
6000 	 6136 	 6.3517435215e+00 	 3.3785673642e-05
6100 	 6237 	 6.3517434965e+00 	 1.3077778683e-05
6200 	 6341 	 6.3517434744e+00 	 1.8670348591e-05
6300 	 6443 	 6.3517434572e+00 	 2.1281041870e-05
6400 	 6546 	 6.3517434436e+00 	 1.8646306715e-05
6500 	 6649 	 6.3517434301e+00 	 1.4766818083e-05
6600 	 6751 	 6.3517434166e+00 	 1.7945807757e-05
6700 	 6855 	 6.3517434023e+00 	 1.1982335526e-05
6800 	 6957 	 6.3517433908e+00 	 2.4019387249e-05
6900 	 7061 	 6.3517433820e+00 	 7.7745675121e-06
7000 	 7163 	 6.3517433742e+00 	 9.4750473527e-06
7100 	 7264 	 6.3517433677e+00 	 1.2570352668e-05
7200 	 7365 	 6.3517433614e+00 	 1.0018978100e-05
7300 	 7467 	 6.3517433546e+00 	 7.8797198655e-06
7400 	 7570 	 6.3517433464e+00 	 8.8279057475e-06
7500 	 7672 	 6.3517433404e+00 	 8.0392783281e-06
7600 	 7775 	 6.3517433363e+00 	 6.0284447667e-06
7700 	 7879 	 6.3517433333e+00 	 7.1524822242e-06
7800 	 7981 	 6.3517433313e+00 	 7.5837541907e-06
7900 	 8083 	 6.3517433293e+00 	 5.8323427017e-06
8000 	 8183 	 6.3517433272e+00 	 5.2220175025e-06
8100 	 8288 	 6.3517433254e+00 	 3.9900130832e-06
8200 	 8390 	 6.3517433243e+00 	 4.3227943570e-06
8300 	 8493 	 6.3517433233e+00 	 2.4859837025e-06
8400 	 8595 	 6.3517433226e+00 	 3.3874105000e-06
8500 	 8698 	 6.3517433218e+00 	 5.9433100814e-06
8600 	 8800 	 6.3517433209e+00 	 3.5815241925e-06
8700 	 8902 	 6.3517433199e+00 	 2.6054236955e-06
8800 	 9005 	 6.3517433190e+00 	 5.3325878494e-06
8900 	 9108 	 6.3517433180e+00 	 2.6906279135e-06
9000 	 9210 	 6.3517433171e+00 	 2.9057656195e-06
9100 	 9315 	 6.3517433161e+00 	 3.6242140029e-06
9200 	 9417 	 6.3517433150e+00 	 8.5586729647e-06
9300 	 9519 	 6.3517433138e+00 	 2.6922478995e-06
9400 	 9620 	 6.3517433132e+00 	 2.2378205126e-06
9500 	 9722 	 6.3517433127e+00 	 5.2304772335e-06
9600 	 9826 	 6.3517433123e+00 	 2.1292298968e-06
9700 	 9927 	 6.3517433120e+00 	 1.6627691433e-06
9800 	 10027 	 6.3517433118e+00 	 1.5594111336e-06
9900 	 10130 	 6.3517433116e+00 	 2.0232090398e-06
10000 	 10232 	 6.3517433113e+00 	 1.5127443690e-06
10100 	 10333 	 6.3517433112e+00 	 1.6369382093e-06
10200 	 10436 	 6.3517433110e+00 	 2.8582529361e-06
10300 	 10538 	 6.3517433108e+00 	 1.5639678935e-06
10400 	 10640 	 6.3517433105e+00 	 4.3634257865e-06
10500 	 10741 	 6.3517433102e+00 	 3.6757466065e-06
10600 	 10845 	 6.3517433100e+00 	 1.4696796045e-06
10700 	 10946 	 6.3517433098e+00 	 1.6406079517e-06
10800 	 11046 	 6.3517433096e+00 	 2.3105569166e-06
10900 	 11149 	 6.3517433095e+00 	 1.1427771435e-06
11000 	 11251 	 6.3517433094e+00 	 1.1217777201e-06
11100 	 11356 	 6.3517433093e+00 	 9.8459843054e-07
11200 	 11460 	 6.3517433092e+00 	 1.6101137578e-06
11300 	 11563 	 6.3517433092e+00 	 1.3202019979e-06
11400 	 11665 	 6.3517433091e+00 	 8.8876130297e-07
11500 	 11767 	 6.3517433091e+00 	 1.1168884464e-06
11600 	 11868 	 6.3517433090e+00 	 1.0011567994e-06
11700 	 11972 	 6.3517433090e+00 	 6.3214838203e-07
11800 	 12074 	 6.3517433089e+00 	 6.6319057037e-07
11900 	 12180 	 6.3517433089e+00 	 7.9873782700e-07
12000 	 12281 	 6.3517433089e+00 	 5.2171550736e-07
12100 	 12382 	 6.3517433088e+00 	 6.4115031261e-07
12200 	 12485 	 6.3517433088e+00 	 4.1321399664e-07
12300 	 12588 	 6.3517433088e+00 	 5.5315261902e-07
12400 	 12692 	 6.3517433088e+00 	 7.1455287339e-07
12500 	 12796 	 6.3517433088e+00 	 6.0245914070e-07
12600 	 12898 	 6.3517433087e+00 	 6.7892423646e-07
12700 	 13002 	 6.3517433087e+00 	 5.0362407359e-07
12800 	 13106 	 6.3517433087e+00 	 3.7833131746e-07
12900 	 13210 	 6.3517433087e+00 	 5.9184349315e-07
13000 	 13313 	 6.3517433087e+00 	 3.9137409086e-07
13100 	 13416 	 6.3517433086e+00 	 3.3959858072e-07
13200 	 13521 	 6.3517433086e+00 	 4.7846288753e-07
13300 	 13622 	 6.3517433086e+00 	 5.1608366533e-07
13400 	 13724 	 6.3517433086e+00 	 5.2275815044e-07
13500 	 13828 	 6.3517433086e+00 	 3.0732343059e-07
13600 	 13930 	 6.3517433086e+00 	 2.4456595408e-07
13700 	 14033 	 6.3517433086e+00 	 2.7711167907e-07
13800 	 14137 	 6.3517433086e+00 	 2.4762457152e-07
13900 	 14246 	 6.3517433086e+00 	 2.4260372891e-07
14000 	 14349 	 6.3517433086e+00 	 4.8610666742e-07
14100 	 14453 	 6.3517433086e+00 	 2.6353602948e-07
14200 	 14559 	 6.3517433086e+00 	 4.1357463070e-07
14300 	 14660 	 6.3517433086e+00 	 2.5039017389e-07
14400 	 14762 	 6.3517433085e+00 	 1.5808535392e-07
14500 	 14872 	 6.3517433085e+00 	 2.4567809100e-07
14600 	 14989 	 6.3517433085e+00 	 2.3815838039e-07
14700 	 15100 	 6.3517433085e+00 	 2.6654385197e-07
14800 	 15211 	 6.3517433085e+00 	 2.1243593322e-07
14900 	 15316 	 6.3517433085e+00 	 1.4834585984e-07
15000 	 15425 	 6.3517433085e+00 	 1.9078302229e-07
15100 	 15534 	 6.3517433085e+00 	 2.9955794214e-07
15200 	 15646 	 6.3517433085e+00 	 1.8985559346e-07
15300 	 15760 	 6.3517433085e+00 	 1.8312485130e-07
15400 	 15873 	 6.3517433085e+00 	 2.5716480715e-07
15500 	 15985 	 6.3517433085e+00 	 1.1873560182e-07
15600 	 16103 	 6.3517433085e+00 	 1.3198311927e-07
15700 	 16214 	 6.3517433085e+00 	 8.3949856444e-08
# ---- 
 1 		 15771 	 16324 		 6.8787301363e+00 	 6.3517433085e+00 	 1.9486126776e-07
# ---- 
100 	 105 	 1.1399203590e+01 	 1.2848364956e-02
200 	 208 	 1.1393589709e+01 	 9.8037809634e-03
300 	 308 	 1.1391551720e+01 	 4.4624400347e-03
400 	 410 	 1.1390178901e+01 	 4.1919022516e-03
500 	 511 	 1.1389433094e+01 	 3.4350837187e-03
600 	 612 	 1.1388973213e+01 	 1.6788278521e-03
700 	 713 	 1.1388718644e+01 	 1.7710197023e-03
800 	 814 	 1.1388534593e+01 	 1.4923467936e-03
900 	 917 	 1.1388433570e+01 	 1.7364249258e-03
1000 	 1019 	 1.1388348593e+01 	 1.3568597121e-03
1100 	 1122 	 1.1388291638e+01 	 1.1768211815e-03
1200 	 1222 	 1.1388262680e+01 	 1.2794580109e-03
1300 	 1324 	 1.1388241776e+01 	 8.2553758702e-04
1400 	 1427 	 1.1388223119e+01 	 1.0926632462e-03
1500 	 1529 	 1.1388203994e+01 	 4.1435362950e-04
1600 	 1633 	 1.1388189760e+01 	 4.2472773896e-04
1700 	 1735 	 1.1388180488e+01 	 3.0188252154e-04
1800 	 1838 	 1.1388172663e+01 	 3.1814862345e-04
1900 	 1940 	 1.1388165328e+01 	 2.7843297920e-04
2000 	 2044 	 1.1388157735e+01 	 6.8713499234e-04
2100 	 2146 	 1.1388150627e+01 	 2.9043283813e-04
2200 	 2249 	 1.1388145609e+01 	 5.2585970918e-04
2300 	 2354 	 1.1388140651e+01 	 3.0935558647e-04
2400 	 2455 	 1.1388136530e+01 	 6.9379047073e-04
2500 	 2556 	 1.1388133419e+01 	 1.7090579011e-04
2600 	 2657 	 1.1388130958e+01 	 2.3250107174e-04
2700 	 2759 	 1.1388128840e+01 	 1.8013089438e-04
2800 	 2861 	 1.1388127125e+01 	 2.8985363839e-04
2900 	 2962 	 1.1388125727e+01 	 1.3239385994e-04
3000 	 3063 	 1.1388124321e+01 	 1.2242748207e-04
3100 	 3164 	 1.1388123166e+01 	 8.9756607422e-05
3200 	 3267 	 1.1388122242e+01 	 1.5971483730e-04
3300 	 3367 	 1.1388121456e+01 	 1.0440782624e-04
3400 	 3469 	 1.1388120804e+01 	 1.1723201098e-04
3500 	 3569 	 1.1388120300e+01 	 8.5878604550e-05
3600 	 3672 	 1.1388119932e+01 	 5.7412930173e-05
3700 	 3774 	 1.1388119576e+01 	 8.4123614786e-05
3800 	 3876 	 1.1388119228e+01 	 6.7126544816e-05
3900 	 3978 	 1.1388118839e+01 	 1.0863361649e-04
4000 	 4083 	 1.1388118480e+01 	 5.9624939551e-05
4100 	 4186 	 1.1388118165e+01 	 6.5064044801e-05
4200 	 4289 	 1.1388117920e+01 	 5.8767334781e-05
4300 	 4394 	 1.1388117721e+01 	 5.6584516098e-05
4400 	 4495 	 1.1388117540e+01 	 5.3740782217e-05
4500 	 4597 	 1.1388117378e+01 	 4.0778864196e-05
4600 	 4702 	 1.1388117248e+01 	 5.7521600198e-05
4700 	 4803 	 1.1388117127e+01 	 2.7419227924e-05
4800 	 4905 	 1.1388117049e+01 	 4.1126028977e-05
4900 	 5006 	 1.1388116987e+01 	 2.0085840172e-05
5000 	 5108 	 1.1388116936e+01 	 3.1973056424e-05
5100 	 5209 	 1.1388116894e+01 	 2.9994370993e-05
5200 	 5311 	 1.1388116851e+01 	 3.5770836966e-05
5300 	 5412 	 1.1388116807e+01 	 2.5974994745e-05
5400 	 5513 	 1.1388116765e+01 	 2.6114297884e-05
5500 	 5615 	 1.1388116730e+01 	 1.2535355068e-05
5600 	 5717 	 1.1388116704e+01 	 4.9029786270e-05
5700 	 5821 	 1.1388116679e+01 	 1.5866416666e-05
5800 	 5921 	 1.1388116659e+01 	 1.2677743662e-05
5900 	 6024 	 1.1388116642e+01 	 3.5499192614e-05
6000 	 6127 	 1.1388116629e+01 	 1.6564467857e-05
6100 	 6229 	 1.1388116614e+01 	 2.8477541886e-05
6200 	 6330 	 1.1388116597e+01 	 1.2674273374e-05
6300 	 6434 	 1.1388116586e+01 	 8.8963198718e-06
6400 	 6537 	 1.1388116576e+01 	 8.4611917520e-06
6500 	 6640 	 1.1388116567e+01 	 1.4868828571e-05
6600 	 6743 	 1.1388116558e+01 	 8.1496099289e-06
6700 	 6845 	 1.1388116547e+01 	 1.1482194652e-05
6800 	 6947 	 1.1388116537e+01 	 1.0501766395e-05
6900 	 7051 	 1.1388116529e+01 	 2.2582362203e-05
7000 	 7154 	 1.1388116522e+01 	 8.2812199057e-06
7100 	 7256 	 1.1388116517e+01 	 1.5137028555e-05
7200 	 7358 	 1.1388116514e+01 	 5.5921729218e-06
7300 	 7463 	 1.1388116511e+01 	 3.6557715330e-06
7400 	 7566 	 1.1388116510e+01 	 4.1602974053e-06
7500 	 7668 	 1.1388116508e+01 	 4.0128935569e-06
7600 	 7772 	 1.1388116507e+01 	 3.8235713667e-06
7700 	 7876 	 1.1388116506e+01 	 3.7232580516e-06
7800 	 7979 	 1.1388116505e+01 	 9.2856169831e-06
7900 	 8083 	 1.1388116504e+01 	 3.1607707253e-06
8000 	 8186 	 1.1388116503e+01 	 4.7666981633e-06
8100 	 8289 	 1.1388116501e+01 	 7.8362140503e-06
8200 	 8389 	 1.1388116500e+01 	 3.1626948092e-06
8300 	 8490 	 1.1388116498e+01 	 3.1660814492e-06
8400 	 8593 	 1.1388116497e+01 	 5.7683919626e-06
8500 	 8695 	 1.1388116496e+01 	 3.4826139376e-06
8600 	 8799 	 1.1388116495e+01 	 6.8787385873e-06
8700 	 8901 	 1.1388116494e+01 	 3.4813966497e-06
8800 	 9002 	 1.1388116494e+01 	 6.4113173332e-06
8900 	 9106 	 1.1388116493e+01 	 2.9287127965e-06
9000 	 9210 	 1.1388116493e+01 	 2.6046056107e-06
9100 	 9313 	 1.1388116492e+01 	 2.5511357728e-06
9200 	 9417 	 1.1388116492e+01 	 2.0190855517e-06
9300 	 9519 	 1.1388116491e+01 	 1.7144090776e-06
9400 	 9621 	 1.1388116491e+01 	 1.7546121409e-06
9500 	 9722 	 1.1388116491e+01 	 1.2527448323e-06
9600 	 9827 	 1.1388116491e+01 	 2.0373195053e-06
9700 	 9932 	 1.1388116491e+01 	 8.4143544032e-07
9800 	 10034 	 1.1388116491e+01 	 1.8215015921e-06
9900 	 10137 	 1.1388116491e+01 	 1.0341735257e-06
10000 	 10240 	 1.1388116491e+01 	 1.0239331606e-06
10100 	 10343 	 1.1388116490e+01 	 8.6924615506e-07
10200 	 10446 	 1.1388116490e+01 	 8.4539969913e-07
10300 	 10549 	 1.1388116490e+01 	 8.9298414218e-07
10400 	 10650 	 1.1388116490e+01 	 7.6886609769e-07
10500 	 10753 	 1.1388116490e+01 	 7.6702906251e-07
10600 	 10856 	 1.1388116490e+01 	 6.9299717624e-07
10700 	 10958 	 1.1388116490e+01 	 5.5404554039e-07
10800 	 11061 	 1.1388116490e+01 	 9.3755033757e-07
10900 	 11164 	 1.1388116490e+01 	 5.2447712647e-07
11000 	 11266 	 1.1388116490e+01 	 5.3712394751e-07
11100 	 11367 	 1.1388116490e+01 	 5.6803681383e-07
11200 	 11469 	 1.1388116490e+01 	 6.2649225406e-07
11300 	 11575 	 1.1388116490e+01 	 1.2224695065e-06
11400 	 11675 	 1.1388116490e+01 	 4.7623274525e-07
11500 	 11778 	 1.1388116490e+01 	 5.4683053959e-07
11600 	 11879 	 1.1388116490e+01 	 9.2275751383e-07
11700 	 11983 	 1.1388116490e+01 	 7.2381781525e-07
11800 	 12087 	 1.1388116490e+01 	 8.3301841653e-07
11900 	 12191 	 1.1388116490e+01 	 5.4818116327e-07
12000 	 12293 	 1.1388116490e+01 	 5.0894653388e-07
12100 	 12395 	 1.1388116490e+01 	 3.9176911540e-07
12200 	 12499 	 1.1388116490e+01 	 3.0597755783e-07
12300 	 12605 	 1.1388116490e+01 	 4.1751887202e-07
12400 	 12711 	 1.1388116490e+01 	 2.9203573843e-07
12500 	 12817 	 1.1388116490e+01 	 3.2102342727e-07
12600 	 12930 	 1.1388116490e+01 	 1.6824403282e-07
12700 	 13044 	 1.1388116490e+01 	 3.0007084194e-07
12800 	 13160 	 1.1388116490e+01 	 1.0171701968e-07
12900 	 13274 	 1.1388116490e+01 	 9.9657146351e-08
13000 	 13395 	 1.1388116490e+01 	 2.6708518257e-07
# ---- 
 1 		 13081 	 13503 		 1.1910073656e+01 	 1.1388116490e+01 	 2.2174381511e-07
# ---- 
100 	 105 	 1.7914777169e+01 	 1.0910957670e-02
200 	 207 	 1.7910306856e+01 	 5.3657245096e-03
300 	 309 	 1.7908614597e+01 	 5.5943129550e-03
400 	 409 	 1.7907515098e+01 	 4.8173579318e-03
500 	 511 	 1.7906872412e+01 	 2.3406906794e-03
600 	 612 	 1.7906474498e+01 	 2.2275724660e-03
700 	 714 	 1.7906223391e+01 	 2.3276248777e-03
800 	 819 	 1.7906082404e+01 	 2.1655270851e-03
900 	 920 	 1.7905991551e+01 	 9.0748646601e-04
1000 	 1021 	 1.7905923101e+01 	 9.0332296361e-04
1100 	 1125 	 1.7905880558e+01 	 8.0469090112e-04
1200 	 1227 	 1.7905855468e+01 	 4.8663793988e-04
1300 	 1329 	 1.7905837438e+01 	 5.7589621500e-04
1400 	 1430 	 1.7905820644e+01 	 4.9013865183e-04
1500 	 1534 	 1.7905807820e+01 	 4.4327546647e-04
1600 	 1635 	 1.7905799519e+01 	 8.8558344459e-04
1700 	 1737 	 1.7905792451e+01 	 3.4108394942e-04
1800 	 1840 	 1.7905785684e+01 	 3.3975539880e-04
1900 	 1943 	 1.7905778823e+01 	 3.5827388492e-04
2000 	 2044 	 1.7905772870e+01 	 3.0240985542e-04
2100 	 2147 	 1.7905768235e+01 	 1.5782991091e-04
2200 	 2248 	 1.7905764036e+01 	 2.9872032853e-04
2300 	 2348 	 1.7905760740e+01 	 4.2154556091e-04
2400 	 2451 	 1.7905758555e+01 	 1.8047287072e-04
2500 	 2554 	 1.7905756662e+01 	 1.5695296369e-04
2600 	 2658 	 1.7905754687e+01 	 1.2684128108e-04
2700 	 2760 	 1.7905753294e+01 	 1.4443062679e-04
2800 	 2863 	 1.7905751941e+01 	 1.0077906919e-04
2900 	 2967 	 1.7905750815e+01 	 1.5263451144e-04
3000 	 3070 	 1.7905749732e+01 	 1.1454674639e-04
3100 	 3172 	 1.7905748926e+01 	 1.0594423501e-04
3200 	 3276 	 1.7905748254e+01 	 9.5747523161e-05
100 	 105 	 7.4030576188e-01 	 3.9653830309e-02
200 	 206 	 7.2080153083e-01 	 2.6502825613e-02
300 	 309 	 7.0950907290e-01 	 2.9496730761e-02
400 	 410 	 7.0285745110e-01 	 8.1400369776e-03
500 	 513 	 6.9796089107e-01 	 6.8588983533e-03
600 	 615 	 6.9448161306e-01 	 8.4326211149e-03
700 	 715 	 6.9049146186e-01 	 8.9567406994e-03
800 	 818 	 6.8832726978e-01 	 8.3815084284e-03
900 	 920 	 6.8675124794e-01 	 6.7333915497e-03
1000 	 1021 	 6.8502302941e-01 	 5.9469390186e-03
1100 	 1124 	 6.8382558564e-01 	 3.0852240732e-03
1200 	 1226 	 6.8316504681e-01 	 4.3617124242e-03
1300 	 1328 	 6.8268574806e-01 	 3.7915740703e-03
1400 	 1431 	 6.8224730653e-01 	 2.2256299034e-03
1500 	 1534 	 6.8195333562e-01 	 1.5122103438e-03
1600 	 1637 	 6.8175622965e-01 	 4.3035891842e-03
1700 	 1739 	 6.8161628780e-01 	 1.3131782600e-03
1800 	 1842 	 6.8150891610e-01 	 1.1896333533e-03
1900 	 1946 	 6.8143261001e-01 	 1.2271229162e-03
2000 	 2051 	 6.8136407700e-01 	 2.2406046221e-03
2100 	 2153 	 6.8130997414e-01 	 9.7388375535e-04
2200 	 2256 	 6.8125691348e-01 	 1.4768053149e-03
2300 	 2358 	 6.8121177369e-01 	 8.6280433906e-04
2400 	 2461 	 6.8117858431e-01 	 6.3239345578e-04
2500 	 2565 	 6.8114759809e-01 	 5.1987255471e-04
2600 	 2667 	 6.8112319860e-01 	 5.5969958208e-04
2700 	 2769 	 6.8110576139e-01 	 4.4287076316e-04
2800 	 2870 	 6.8109482975e-01 	 2.5140788391e-04
2900 	 2972 	 6.8108541032e-01 	 7.0971079980e-04
3000 	 3075 	 6.8107548437e-01 	 3.6965939070e-04
3100 	 3177 	 6.8106711522e-01 	 4.9585972593e-04
3200 	 3279 	 6.8105901696e-01 	 3.3179893901e-04
3300 	 3383 	 6.8105121470e-01 	 4.2323453653e-04
3400 	 3484 	 6.8104358957e-01 	 3.0038866942e-04
3500 	 3587 	 6.8103610914e-01 	 3.6206286258e-04
3600 	 3689 	 6.8102948599e-01 	 2.7408848457e-04
3700 	 3791 	 6.8102308431e-01 	 2.9892690283e-04
3800 	 3894 	 6.8101678579e-01 	 6.9747891476e-04
3900 	 3997 	 6.8101058658e-01 	 2.4316960179e-04
4000 	 4100 	 6.8100652802e-01 	 1.9818619731e-04
4100 	 4203 	 6.8100360754e-01 	 2.2832829047e-04
4200 	 4305 	 6.8100040991e-01 	 1.9126080677e-04
4300 	 4406 	 6.8099777274e-01 	 2.7070967148e-04
4400 	 4508 	 6.8099602561e-01 	 1.3954279552e-04
4500 	 4610 	 6.8099411190e-01 	 1.9225990547e-04
4600 	 4714 	 6.8099252114e-01 	 1.1447244140e-04
4700 	 4818 	 6.8099061136e-01 	 1.3008855880e-04
4800 	 4923 	 6.8098853540e-01 	 1.6290018133e-04
4900 	 5024 	 6.8098668437e-01 	 1.2878544726e-04
5000 	 5126 	 6.8098474999e-01 	 1.5342593554e-04
5100 	 5227 	 6.8098308388e-01 	 1.2978431620e-04
5200 	 5328 	 6.8098179851e-01 	 1.3783397312e-04
5300 	 5431 	 6.8098069447e-01 	 8.5692056440e-05
5400 	 5533 	 6.8097983473e-01 	 1.2510226176e-04
5500 	 5635 	 6.8097905113e-01 	 1.0607262755e-04
5600 	 5736 	 6.8097813328e-01 	 1.1612362403e-04
5700 	 5838 	 6.8097736924e-01 	 7.0330486373e-05
5800 	 5941 	 6.8097660833e-01 	 1.6139507219e-04
5900 	 6044 	 6.8097597385e-01 	 1.2148056859e-04
6000 	 6145 	 6.8097547051e-01 	 6.3059856547e-05
6100 	 6246 	 6.8097500786e-01 	 8.6390737886e-05
6200 	 6347 	 6.8097445172e-01 	 1.3284122423e-04
6300 	 6448 	 6.8097391139e-01 	 1.8648880084e-04
6400 	 6549 	 6.8097337217e-01 	 8.8234136731e-05
6500 	 6651 	 6.8097294663e-01 	 6.1957053259e-05
6600 	 6751 	 6.8097251062e-01 	 9.9532153348e-05
6700 	 6852 	 6.8097214988e-01 	 1.5857071956e-04
6800 	 6954 	 6.8097183456e-01 	 5.9661249197e-05
6900 	 7056 	 6.8097157111e-01 	 1.0735162669e-04
7000 	 7159 	 6.8097128761e-01 	 5.4281296163e-05
7100 	 7260 	 6.8097101061e-01 	 5.7101239059e-05
7200 	 7362 	 6.8097082638e-01 	 5.2390705081e-05
7300 	 7463 	 6.8097065977e-01 	 1.1291002018e-04
7400 	 7567 	 6.8097045545e-01 	 4.6419930111e-05
7500 	 7669 	 6.8097030825e-01 	 3.9408222009e-05
7600 	 7773 	 6.8097016357e-01 	 4.1724478740e-05
7700 	 7875 	 6.8096997420e-01 	 5.0373593748e-05
7800 	 7979 	 6.8096976171e-01 	 6.3175956224e-05
7900 	 8083 	 6.8096951807e-01 	 4.3410901326e-05
8000 	 8186 	 6.8096922445e-01 	 4.9659547246e-05
8100 	 8286 	 6.8096888922e-01 	 4.4497739437e-05
8200 	 8388 	 6.8096857907e-01 	 5.0053753357e-05
8300 	 8490 	 6.8096829683e-01 	 6.1735198816e-05
8400 	 8595 	 6.8096807200e-01 	 5.7701547252e-05
8500 	 8698 	 6.8096777310e-01 	 8.1710223377e-05
8600 	 8799 	 6.8096756546e-01 	 1.2674096369e-04
8700 	 8903 	 6.8096738028e-01 	 5.4200286543e-05
8800 	 9005 	 6.8096723923e-01 	 3.9510262210e-05
8900 	 9107 	 6.8096710451e-01 	 3.4543159415e-05
9000 	 9210 	 6.8096696026e-01 	 5.3415436072e-05
9100 	 9314 	 6.8096681175e-01 	 5.3266359531e-05
9200 	 9416 	 6.8096670410e-01 	 3.5934637615e-05
9300 	 9519 	 6.8096660578e-01 	 3.4177024347e-05
9400 	 9621 	 6.8096650071e-01 	 5.0448570133e-05
9500 	 9723 	 6.8096638358e-01 	 8.5540568932e-05
9600 	 9825 	 6.8096628519e-01 	 3.5338116438e-05
9700 	 9930 	 6.8096618254e-01 	 3.0815039306e-05
9800 	 10035 	 6.8096608347e-01 	 3.5002062882e-05
9900 	 10138 	 6.8096598328e-01 	 3.4656793243e-05
10000 	 10240 	 6.8096590277e-01 	 3.4868503362e-05
10100 	 10343 	 6.8096582531e-01 	 3.2647504478e-05
10200 	 10445 	 6.8096576123e-01 	 3.5852799702e-05
10300 	 10547 	 6.8096570284e-01 	 3.5056635828e-05
10400 	 10650 	 6.8096561887e-01 	 2.3621487421e-05
10500 	 10751 	 6.8096552844e-01 	 4.2550337349e-05
10600 	 10855 	 6.8096541839e-01 	 4.2147268234e-05
10700 	 10959 	 6.8096532269e-01 	 6.7220965213e-05
10800 	 11061 	 6.8096524041e-01 	 2.9478408420e-05
10900 	 11164 	 6.8096516222e-01 	 3.2404200308e-05
11000 	 11264 	 6.8096509855e-01 	 2.4982232357e-05
11100 	 11366 	 6.8096502796e-01 	 2.1450178883e-05
11200 	 11467 	 6.8096496904e-01 	 3.0482565990e-05
11300 	 11568 	 6.8096491723e-01 	 2.3086206905e-05
11400 	 11671 	 6.8096486580e-01 	 2.4728412444e-05
11500 	 11775 	 6.8096481975e-01 	 5.7395431357e-05
11600 	 11877 	 6.8096478333e-01 	 1.8176406585e-05
11700 	 11978 	 6.8096475293e-01 	 2.0894008790e-05
11800 	 12083 	 6.8096472007e-01 	 2.9035621522e-05
11900 	 12185 	 6.8096469238e-01 	 1.7018634154e-05
12000 	 12287 	 6.8096467226e-01 	 1.5552167648e-05
12100 	 12388 	 6.8096465293e-01 	 2.7010231866e-05
12200 	 12488 	 6.8096463267e-01 	 1.7470408061e-05
12300 	 12589 	 6.8096461030e-01 	 4.2014871098e-05
12400 	 12691 	 6.8096459192e-01 	 1.1964667668e-05
12500 	 12793 	 6.8096457407e-01 	 2.0362604362e-05
12600 	 12896 	 6.8096455725e-01 	 2.4522695442e-05
12700 	 13002 	 6.8096454258e-01 	 1.8800291752e-05
12800 	 13104 	 6.8096452998e-01 	 1.1838130494e-05
12900 	 13206 	 6.8096451723e-01 	 1.3763479561e-05
13000 	 13308 	 6.8096450336e-01 	 1.5146911854e-05
13100 	 13411 	 6.8096448833e-01 	 1.7250828075e-05
13200 	 13513 	 6.8096447613e-01 	 1.3124170069e-05
13300 	 13616 	 6.8096446390e-01 	 1.7221738352e-05
13400 	 13717 	 6.8096445026e-01 	 2.7163669360e-05
13500 	 13819 	 6.8096443698e-01 	 1.2284905248e-05
13600 	 13922 	 6.8096442638e-01 	 7.6420808908e-06
13700 	 14022 	 6.8096441745e-01 	 1.9961176513e-05
13800 	 14124 	 6.8096440935e-01 	 1.4892879376e-05
13900 	 14228 	 6.8096440281e-01 	 1.0750503679e-05
14000 	 14331 	 6.8096439605e-01 	 1.6424313465e-05
14100 	 14434 	 6.8096438921e-01 	 5.7828225039e-06
14200 	 14538 	 6.8096438222e-01 	 8.0285580972e-06
14300 	 14640 	 6.8096437471e-01 	 9.3559226307e-06
14400 	 14742 	 6.8096436691e-01 	 8.9432508163e-06
14500 	 14846 	 6.8096436063e-01 	 8.3183117491e-06
14600 	 14947 	 6.8096435414e-01 	 1.1137938506e-05
14700 	 15050 	 6.8096434745e-01 	 1.1957631585e-05
14800 	 15152 	 6.8096434175e-01 	 6.7145315509e-06
14900 	 15254 	 6.8096433518e-01 	 8.2240244640e-06
15000 	 15355 	 6.8096432819e-01 	 1.0006273277e-05
15100 	 15456 	 6.8096432184e-01 	 8.0659936757e-06
15200 	 15558 	 6.8096431567e-01 	 1.2770693479e-05
15300 	 15661 	 6.8096430888e-01 	 8.6354427937e-06
15400 	 15763 	 6.8096430248e-01 	 1.8859464288e-05
15500 	 15869 	 6.8096429476e-01 	 8.8208891227e-06
15600 	 15972 	 6.8096428712e-01 	 1.6253850971e-05
15700 	 16074 	 6.8096427924e-01 	 7.5981923597e-06
15800 	 16176 	 6.8096427413e-01 	 8.9462258186e-06
15900 	 16279 	 6.8096427092e-01 	 1.0051731645e-05
16000 	 16382 	 6.8096426847e-01 	 9.8125222170e-06
16100 	 16484 	 6.8096426603e-01 	 9.1330493011e-06
16200 	 16589 	 6.8096426292e-01 	 7.2259698195e-06
16300 	 16689 	 6.8096425973e-01 	 5.9253643130e-06
16400 	 16790 	 6.8096425706e-01 	 4.7294485272e-06
16500 	 16892 	 6.8096425511e-01 	 4.9876064456e-06
16600 	 16996 	 6.8096425280e-01 	 1.4258301242e-05
16700 	 17098 	 6.8096425035e-01 	 7.3759228723e-06
16800 	 17202 	 6.8096424782e-01 	 5.1089304753e-06
16900 	 17302 	 6.8096424509e-01 	 4.3613022851e-06
17000 	 17403 	 6.8096424247e-01 	 1.0658117906e-05
17100 	 17505 	 6.8096423928e-01 	 6.4734729967e-06
17200 	 17608 	 6.8096423606e-01 	 4.4399757406e-06
17300 	 17711 	 6.8096423302e-01 	 5.6678925656e-06
17400 	 17814 	 6.8096423037e-01 	 4.0402653168e-06
17500 	 17914 	 6.8096422781e-01 	 1.1980365108e-05
17600 	 18018 	 6.8096422587e-01 	 3.3151454887e-06
17700 	 18122 	 6.8096422401e-01 	 6.7550190008e-06
17800 	 18225 	 6.8096422231e-01 	 4.5578160647e-06
17900 	 18328 	 6.8096422029e-01 	 4.5420363370e-06
18000 	 18431 	 6.8096421850e-01 	 3.6003117889e-06
18100 	 18531 	 6.8096421695e-01 	 4.3836015559e-06
18200 	 18634 	 6.8096421559e-01 	 3.7643372180e-06
18300 	 18735 	 6.8096421450e-01 	 5.0865872646e-06
18400 	 18839 	 6.8096421358e-01 	 2.9478855514e-06
18500 	 18941 	 6.8096421275e-01 	 2.8845331944e-06
18600 	 19042 	 6.8096421188e-01 	 5.2655725841e-06
18700 	 19144 	 6.8096421086e-01 	 3.7631222590e-06
18800 	 19247 	 6.8096420974e-01 	 4.4354365693e-06
18900 	 19347 	 6.8096420856e-01 	 4.1412076354e-06
19000 	 19450 	 6.8096420756e-01 	 2.3295958791e-06
19100 	 19553 	 6.8096420640e-01 	 3.2397195998e-06
19200 	 19654 	 6.8096420524e-01 	 2.8503652264e-06
19300 	 19756 	 6.8096420403e-01 	 3.8898338427e-06
19400 	 19859 	 6.8096420287e-01 	 4.4193690672e-06
19500 	 19960 	 6.8096420183e-01 	 3.0871583563e-06
19600 	 20065 	 6.8096420081e-01 	 4.0252960412e-06
19700 	 20168 	 6.8096419995e-01 	 2.7809012541e-06
19800 	 20271 	 6.8096419908e-01 	 2.5092890355e-06
19900 	 20372 	 6.8096419840e-01 	 2.3914399319e-06
20000 	 20474 	 6.8096419793e-01 	 4.6844727462e-06
20100 	 20578 	 6.8096419761e-01 	 2.6679171564e-06
20200 	 20681 	 6.8096419724e-01 	 1.8849174487e-06
20300 	 20783 	 6.8096419693e-01 	 2.4770866481e-06
20400 	 20885 	 6.8096419671e-01 	 3.0130143758e-06
20500 	 20988 	 6.8096419645e-01 	 2.9162929425e-06
20600 	 21089 	 6.8096419619e-01 	 1.4894751897e-06
20700 	 21192 	 6.8096419590e-01 	 1.8993136685e-06
20800 	 21295 	 6.8096419563e-01 	 2.4911549747e-06
20900 	 21398 	 6.8096419535e-01 	 1.6941286359e-06
21000 	 21500 	 6.8096419511e-01 	 1.5790382332e-06
21100 	 21603 	 6.8096419487e-01 	 1.5919210109e-06
21200 	 21707 	 6.8096419464e-01 	 2.0595785319e-06
21300 	 21810 	 6.8096419436e-01 	 1.6423732267e-06
21400 	 21912 	 6.8096419402e-01 	 1.8117975101e-06
21500 	 22015 	 6.8096419373e-01 	 1.6453890202e-06
21600 	 22121 	 6.8096419347e-01 	 1.7689442852e-06
21700 	 22222 	 6.8096419326e-01 	 1.9619093911e-06
21800 	 22325 	 6.8096419312e-01 	 1.3182766984e-06
21900 	 22427 	 6.8096419298e-01 	 1.1105553751e-06
22000 	 22530 	 6.8096419282e-01 	 1.3110330379e-06
22100 	 22631 	 6.8096419266e-01 	 1.1844596815e-06
22200 	 22734 	 6.8096419249e-01 	 1.0341092926e-06
22300 	 22838 	 6.8096419231e-01 	 1.0786354298e-06
22400 	 22940 	 6.8096419221e-01 	 1.5356488326e-06
22500 	 23043 	 6.8096419211e-01 	 9.7709133022e-07
22600 	 23144 	 6.8096419202e-01 	 2.0554817345e-06
22700 	 23248 	 6.8096419193e-01 	 1.6813316606e-06
22800 	 23350 	 6.8096419183e-01 	 1.4770516744e-06
22900 	 23450 	 6.8096419174e-01 	 1.0208997084e-06
23000 	 23552 	 6.8096419167e-01 	 1.0855638412e-06
23100 	 23658 	 6.8096419161e-01 	 7.8755562725e-07
23200 	 23758 	 6.8096419155e-01 	 7.4486489901e-07
23300 	 23860 	 6.8096419152e-01 	 5.9929395232e-07
23400 	 23963 	 6.8096419149e-01 	 4.6387682468e-07
23500 	 24066 	 6.8096419146e-01 	 9.0497429688e-07
23600 	 24168 	 6.8096419143e-01 	 1.0310794464e-06
23700 	 24269 	 6.8096419140e-01 	 6.9599782783e-07
23800 	 24371 	 6.8096419137e-01 	 8.9725732704e-07
23900 	 24475 	 6.8096419133e-01 	 8.0092502037e-07
24000 	 24578 	 6.8096419129e-01 	 6.3042251647e-07
24100 	 24682 	 6.8096419125e-01 	 7.6179599023e-07
24200 	 24783 	 6.8096419120e-01 	 1.5081712444e-06
24300 	 24884 	 6.8096419113e-01 	 9.4557309340e-07
24400 	 24989 	 6.8096419108e-01 	 7.5458363945e-07
24500 	 25092 	 6.8096419103e-01 	 7.2841088234e-07
24600 	 25193 	 6.8096419099e-01 	 9.6615883254e-07
24700 	 25296 	 6.8096419096e-01 	 6.9534987813e-07
24800 	 25398 	 6.8096419092e-01 	 1.0324769028e-06
24900 	 25500 	 6.8096419088e-01 	 1.3014680959e-06
25000 	 25602 	 6.8096419084e-01 	 9.5991998700e-07
25100 	 25704 	 6.8096419080e-01 	 9.6441961784e-07
25200 	 25807 	 6.8096419077e-01 	 5.9599324230e-07
25300 	 25908 	 6.8096419074e-01 	 6.5500090055e-07
25400 	 26010 	 6.8096419071e-01 	 7.7184610682e-07
25500 	 26116 	 6.8096419067e-01 	 8.0563051006e-07
25600 	 26219 	 6.8096419063e-01 	 1.9948619262e-06
25700 	 26321 	 6.8096419059e-01 	 8.4202312192e-07
25800 	 26424 	 6.8096419055e-01 	 5.6631143189e-07
25900 	 26527 	 6.8096419053e-01 	 3.9761974111e-07
26000 	 26629 	 6.8096419052e-01 	 3.7327529635e-07
26100 	 26731 	 6.8096419051e-01 	 2.7652907645e-07
26200 	 26832 	 6.8096419050e-01 	 5.4333514002e-07
26300 	 26933 	 6.8096419049e-01 	 3.0447489998e-07
26400 	 27035 	 6.8096419048e-01 	 2.4486472048e-07
26500 	 27138 	 6.8096419048e-01 	 2.8836360085e-07
26600 	 27242 	 6.8096419046e-01 	 5.3416665119e-07
26700 	 27345 	 6.8096419045e-01 	 2.7760411328e-07
26800 	 27447 	 6.8096419044e-01 	 2.8326147930e-07
26900 	 27549 	 6.8096419043e-01 	 8.3397462477e-07
27000 	 27650 	 6.8096419041e-01 	 5.3326003021e-07
27100 	 27750 	 6.8096419039e-01 	 5.9872259754e-07
27200 	 27852 	 6.8096419037e-01 	 3.3381090900e-07
27300 	 27957 	 6.8096419035e-01 	 1.4173431334e-06
27400 	 28060 	 6.8096419034e-01 	 5.1084685734e-07
27500 	 28162 	 6.8096419031e-01 	 4.3008333683e-07
27600 	 28263 	 6.8096419030e-01 	 5.3532664856e-07
27700 	 28365 	 6.8096419029e-01 	 3.5385264239e-07
27800 	 28467 	 6.8096419027e-01 	 8.1434499291e-07
27900 	 28569 	 6.8096419026e-01 	 4.1704951780e-07
28000 	 28671 	 6.8096419025e-01 	 3.2154662003e-07
28100 	 28775 	 6.8096419024e-01 	 4.1546979791e-07
28200 	 28877 	 6.8096419023e-01 	 2.4565562274e-07
28300 	 28979 	 6.8096419022e-01 	 3.2329342551e-07
28400 	 29080 	 6.8096419022e-01 	 1.9457270605e-07
28500 	 29182 	 6.8096419021e-01 	 3.6387286530e-07
28600 	 29284 	 6.8096419021e-01 	 1.9308420779e-07
28700 	 29388 	 6.8096419020e-01 	 5.8122847910e-07
28800 	 29490 	 6.8096419020e-01 	 1.5791500216e-07
28900 	 29592 	 6.8096419020e-01 	 1.5290432340e-07
29000 	 29696 	 6.8096419019e-01 	 2.4838115842e-07
29100 	 29798 	 6.8096419019e-01 	 1.5978362672e-07
29200 	 29903 	 6.8096419019e-01 	 1.3421000523e-07
29300 	 30004 	 6.8096419019e-01 	 1.9330177072e-07
29400 	 30106 	 6.8096419019e-01 	 2.5275901403e-07
29500 	 30208 	 6.8096419018e-01 	 1.8087029034e-07
29600 	 30310 	 6.8096419018e-01 	 1.2276671638e-07
29700 	 30412 	 6.8096419018e-01 	 1.4799489894e-07
29800 	 30513 	 6.8096419018e-01 	 1.5736944630e-07
29900 	 30617 	 6.8096419017e-01 	 1.6312346639e-07
30000 	 30719 	 6.8096419017e-01 	 1.4731685342e-07
30100 	 30820 	 6.8096419017e-01 	 2.6263175892e-07
30200 	 30923 	 6.8096419016e-01 	 5.3776253115e-07
30300 	 31027 	 6.8096419016e-01 	 2.6056663039e-07
30400 	 31130 	 6.8096419016e-01 	 1.8479000387e-07
30500 	 31233 	 6.8096419016e-01 	 2.1796524860e-07
30600 	 31337 	 6.8096419015e-01 	 1.7718965102e-07
30700 	 31438 	 6.8096419015e-01 	 1.7367681456e-07
30800 	 31542 	 6.8096419015e-01 	 2.1062376909e-07
30900 	 31644 	 6.8096419014e-01 	 1.2918124723e-07
31000 	 31748 	 6.8096419014e-01 	 1.1389678861e-07
31100 	 31848 	 6.8096419014e-01 	 1.4445698755e-07
31200 	 31951 	 6.8096419014e-01 	 2.7377328954e-07
31300 	 32057 	 6.8096419014e-01 	 1.0837030191e-07
31400 	 32160 	 6.8096419014e-01 	 1.6134012458e-07
31500 	 32264 	 6.8096419014e-01 	 1.0090369027e-07
31600 	 32366 	 6.8096419014e-01 	 1.3572636910e-07
31700 	 32467 	 6.8096419013e-01 	 1.5130354692e-07
31800 	 32571 	 6.8096419013e-01 	 1.4742594673e-07
31900 	 32672 	 6.8096419013e-01 	 1.2820914379e-07
32000 	 32776 	 6.8096419013e-01 	 1.3877822284e-07
32100 	 32878 	 6.8096419013e-01 	 2.1181435777e-07
32200 	 32981 	 6.8096419012e-01 	 1.9070024466e-07
32300 	 33083 	 6.8096419012e-01 	 1.5155261096e-07
32400 	 33189 	 6.8096419012e-01 	 1.2392250530e-07
32500 	 33291 	 6.8096419012e-01 	 7.8259237143e-08
32600 	 33397 	 6.8096419012e-01 	 8.3048447878e-08
32700 	 33510 	 6.8096419012e-01 	 4.6958683002e-08
32800 	 33623 	 6.8096419012e-01 	 6.4670027905e-08
32900 	 33735 	 6.8096419012e-01 	 5.6155720774e-08
33000 	 33845 	 6.8096419012e-01 	 4.5973906322e-08
33100 	 33954 	 6.8096419012e-01 	 7.4754850885e-08
33200 	 34062 	 6.8096419012e-01 	 9.7079860252e-08
33300 	 34169 	 6.8096419012e-01 	 6.5623461953e-08
33400 	 34280 	 6.8096419012e-01 	 6.5123472128e-08
33500 	 34390 	 6.8096419012e-01 	 5.6969708046e-08
33600 	 34500 	 6.8096419012e-01 	 1.0247391469e-07
33700 	 34604 	 6.8096419012e-01 	 1.1944531206e-07
33800 	 34707 	 6.8096419012e-01 	 4.9254122397e-08
33900 	 34817 	 6.8096419012e-01 	 8.7876651922e-08
34000 	 34924 	 6.8096419012e-01 	 7.2439268855e-08
34100 	 35031 	 6.8096419011e-01 	 3.1756149071e-08
34200 	 35144 	 6.8096419011e-01 	 1.0264624373e-07
34300 	 35254 	 6.8096419011e-01 	 5.5948777371e-08
34400 	 35364 	 6.8096419011e-01 	 5.5488159579e-08
34500 	 35478 	 6.8096419011e-01 	 4.7073058625e-08
# ---- 
 1 		 34547 	 35564 		 1.2571356526e+00 	 6.8096419011e-01 	 3.9539381264e-08
# ---- 
100 	 103 	 2.8096367340e+00 	 1.6201134552e-02
200 	 205 	 2.7982933936e+00 	 2.2357922862e-02
300 	 306 	 2.7940315529e+00 	 6.1768629379e-03
400 	 406 	 2.7916687104e+00 	 1.6588697553e-02
500 	 508 	 2.7901571027e+00 	 3.2133497232e-03
600 	 611 	 2.7892136496e+00 	 5.9399588631e-03
700 	 713 	 2.7887747963e+00 	 3.9496316950e-03
800 	 815 	 2.7885152096e+00 	 2.4990083455e-03
900 	 916 	 2.7882746505e+00 	 1.7321147739e-03
1000 	 1019 	 2.7880961893e+00 	 2.2196617827e-03
1100 	 1119 	 2.7879814644e+00 	 8.7130375766e-04
1200 	 1221 	 2.7879004006e+00 	 1.0083296502e-03
1300 	 1326 	 2.7878356731e+00 	 8.5963046879e-04
1400 	 1428 	 2.7877925787e+00 	 6.6940218693e-04
1500 	 1530 	 2.7877579722e+00 	 6.0504449068e-04
1600 	 1633 	 2.7877265194e+00 	 6.1436508845e-04
1700 	 1734 	 2.7876984192e+00 	 4.7450598019e-04
1800 	 1837 	 2.7876708666e+00 	 5.0098202890e-04
1900 	 1939 	 2.7876499492e+00 	 3.7503403061e-04
2000 	 2041 	 2.7876345397e+00 	 4.1465159124e-04
2100 	 2147 	 2.7876226977e+00 	 2.8821266841e-04
2200 	 2249 	 2.7876132693e+00 	 2.9468794884e-04
2300 	 2354 	 2.7876047605e+00 	 3.7238234929e-04
2400 	 2457 	 2.7875970191e+00 	 2.4773336541e-04
2500 	 2560 	 2.7875904700e+00 	 3.2418003687e-04
2600 	 2661 	 2.7875834546e+00 	 4.6670789107e-04
2700 	 2764 	 2.7875770014e+00 	 2.6615295879e-04
2800 	 2867 	 2.7875712355e+00 	 2.4694348890e-04
2900 	 2971 	 2.7875662377e+00 	 2.6505040640e-04
3000 	 3073 	 2.7875619252e+00 	 2.5764784034e-04
3100 	 3176 	 2.7875575949e+00 	 3.3591742144e-04
3200 	 3277 	 2.7875543900e+00 	 1.7969611492e-04
3300 	 3378 	 2.7875516689e+00 	 1.6223731035e-04
3400 	 3481 	 2.7875492894e+00 	 1.7252212775e-04
3500 	 3584 	 2.7875472982e+00 	 1.6293683187e-04
3600 	 3685 	 2.7875456771e+00 	 2.6583972262e-04
3700 	 3788 	 2.7875441738e+00 	 1.1666486182e-04
3800 	 3891 	 2.7875429379e+00 	 1.2073525867e-04
3900 	 3991 	 2.7875418893e+00 	 1.5077137053e-04
4000 	 4092 	 2.7875408347e+00 	 1.0553554030e-04
4100 	 4192 	 2.7875399817e+00 	 1.0033974291e-04
4200 	 4293 	 2.7875393290e+00 	 1.0289748707e-04
4300 	 4397 	 2.7875387651e+00 	 8.8056528406e-05
4400 	 4499 	 2.7875382351e+00 	 7.2723517039e-05
4500 	 4600 	 2.7875378140e+00 	 5.9011472662e-05
4600 	 4704 	 2.7875373880e+00 	 6.6153456269e-05
4700 	 4805 	 2.7875369598e+00 	 9.0209230075e-05
4800 	 4907 	 2.7875366176e+00 	 6.8870320680e-05
4900 	 5009 	 2.7875362998e+00 	 1.6919245687e-04
5000 	 5111 	 2.7875359404e+00 	 1.1581230237e-04
5100 	 5214 	 2.7875356432e+00 	 6.5743570631e-05
5200 	 5316 	 2.7875353889e+00 	 7.1191920645e-05
5300 	 5421 	 2.7875351312e+00 	 1.3175606497e-04
5400 	 5526 	 2.7875349213e+00 	 4.4448266421e-05
5500 	 5628 	 2.7875347635e+00 	 4.4944737189e-05
5600 	 5730 	 2.7875346404e+00 	 6.1970372862e-05
5700 	 5831 	 2.7875345328e+00 	 2.9179455985e-05
5800 	 5935 	 2.7875344165e+00 	 7.2526212572e-05
5900 	 6038 	 2.7875343025e+00 	 4.5181158141e-05
6000 	 6141 	 2.7875342047e+00 	 3.0690754648e-05
6100 	 6246 	 2.7875341233e+00 	 2.8550772794e-05
6200 	 6350 	 2.7875340565e+00 	 2.5810388347e-05
6300 	 6453 	 2.7875339937e+00 	 3.8501873464e-05
6400 	 6555 	 2.7875339400e+00 	 2.1439533853e-05
6500 	 6659 	 2.7875339012e+00 	 4.4854394447e-05
6600 	 6762 	 2.7875338622e+00 	 2.4255744041e-05
6700 	 6865 	 2.7875338238e+00 	 2.3936041793e-05
6800 	 6970 	 2.7875337745e+00 	 4.4437098528e-05
6900 	 7070 	 2.7875337280e+00 	 4.2973704700e-05
7000 	 7174 	 2.7875336847e+00 	 1.3973702248e-05
7100 	 7277 	 2.7875336557e+00 	 1.7110743305e-05
7200 	 7382 	 2.7875336297e+00 	 1.8741430762e-05
7300 	 7484 	 2.7875336087e+00 	 1.9504610911e-05
7400 	 7588 	 2.7875335903e+00 	 1.2995279772e-05
7500 	 7691 	 2.7875335719e+00 	 1.8376207863e-05
7600 	 7797 	 2.7875335464e+00 	 4.0452628875e-05
7700 	 7901 	 2.7875335207e+00 	 2.7466396379e-05
7800 	 8003 	 2.7875334957e+00 	 1.8392212530e-05
7900 	 8105 	 2.7875334751e+00 	 1.2276842971e-05
8000 	 8206 	 2.7875334562e+00 	 1.6601690535e-05
8100 	 8309 	 2.7875334406e+00 	 1.4897317268e-05
8200 	 8414 	 2.7875334238e+00 	 1.4065778820e-05
8300 	 8517 	 2.7875334100e+00 	 1.1704090334e-05
8400 	 8619 	 2.7875333991e+00 	 1.1251686710e-05
8500 	 8720 	 2.7875333907e+00 	 1.1924775036e-05
8600 	 8822 	 2.7875333841e+00 	 9.0575512196e-06
8700 	 8925 	 2.7875333791e+00 	 1.8146022491e-05
8800 	 9029 	 2.7875333747e+00 	 1.0260275332e-05
8900 	 9131 	 2.7875333703e+00 	 6.0338788142e-06
9000 	 9233 	 2.7875333663e+00 	 6.4154401031e-06
9100 	 9337 	 2.7875333628e+00 	 1.1133882146e-05
9200 	 9439 	 2.7875333605e+00 	 6.4110389307e-06
9300 	 9541 	 2.7875333581e+00 	 8.5669171400e-06
9400 	 9644 	 2.7875333559e+00 	 6.1366730474e-06
9500 	 9749 	 2.7875333537e+00 	 5.0861446999e-06
9600 	 9853 	 2.7875333515e+00 	 3.8330607461e-06
9700 	 9955 	 2.7875333493e+00 	 7.6144075673e-06
9800 	 10058 	 2.7875333468e+00 	 1.0391764015e-05
9900 	 10162 	 2.7875333445e+00 	 4.7721279776e-06
10000 	 10265 	 2.7875333426e+00 	 5.4331256099e-06
10100 	 10371 	 2.7875333409e+00 	 3.5346062298e-06
10200 	 10474 	 2.7875333394e+00 	 3.5788827881e-06
10300 	 10577 	 2.7875333385e+00 	 2.8518265645e-06
10400 	 10679 	 2.7875333376e+00 	 3.6491223903e-06
10500 	 10784 	 2.7875333369e+00 	 2.8132645919e-06
10600 	 10885 	 2.7875333364e+00 	 3.9298610870e-06
10700 	 10987 	 2.7875333358e+00 	 4.3158718326e-06
10800 	 11089 	 2.7875333350e+00 	 2.6542997952e-06
10900 	 11193 	 2.7875333341e+00 	 4.8180209025e-06
11000 	 11295 	 2.7875333329e+00 	 7.2391089158e-06
11100 	 11396 	 2.7875333317e+00 	 4.1250131654e-06
11200 	 11498 	 2.7875333305e+00 	 3.6106131008e-06
11300 	 11599 	 2.7875333287e+00 	 1.3211168335e-05
11400 	 11700 	 2.7875333274e+00 	 3.1585307618e-06
11500 	 11804 	 2.7875333266e+00 	 2.3289331866e-06
11600 	 11907 	 2.7875333259e+00 	 2.7852711495e-06
11700 	 12011 	 2.7875333248e+00 	 3.7550115963e-06
11800 	 12113 	 2.7875333237e+00 	 3.8698095835e-06
11900 	 12213 	 2.7875333228e+00 	 2.9422926057e-06
12000 	 12313 	 2.7875333222e+00 	 2.0141041921e-06
12100 	 12414 	 2.7875333218e+00 	 1.9206714319e-06
12200 	 12515 	 2.7875333213e+00 	 2.1595879702e-06
12300 	 12617 	 2.7875333208e+00 	 1.6667143436e-06
12400 	 12719 	 2.7875333205e+00 	 2.0005751730e-06
12500 	 12821 	 2.7875333203e+00 	 2.0782530423e-06
12600 	 12926 	 2.7875333200e+00 	 1.8465413445e-06
12700 	 13031 	 2.7875333198e+00 	 1.2390570245e-06
12800 	 13132 	 2.7875333197e+00 	 1.5376395484e-06
12900 	 13235 	 2.7875333196e+00 	 1.1604879574e-06
13000 	 13339 	 2.7875333195e+00 	 2.2398008847e-06
13100 	 13441 	 2.7875333194e+00 	 1.0167284246e-06
13200 	 13543 	 2.7875333193e+00 	 8.8307671953e-07
13300 	 13644 	 2.7875333192e+00 	 9.5910281511e-07
13400 	 13746 	 2.7875333191e+00 	 9.0216524992e-07
13500 	 13848 	 2.7875333190e+00 	 8.1586310326e-07
13600 	 13951 	 2.7875333190e+00 	 6.7572715541e-07
13700 	 14053 	 2.7875333189e+00 	 8.6675628897e-07
13800 	 14155 	 2.7875333188e+00 	 1.7826964857e-06
13900 	 14257 	 2.7875333188e+00 	 7.5635169014e-07
14000 	 14360 	 2.7875333187e+00 	 1.4532582835e-06
14100 	 14462 	 2.7875333187e+00 	 6.4699765392e-07
14200 	 14566 	 2.7875333186e+00 	 6.6021672659e-07
14300 	 14667 	 2.7875333186e+00 	 5.2075437971e-07
14400 	 14769 	 2.7875333185e+00 	 5.6464090031e-07
14500 	 14874 	 2.7875333185e+00 	 7.4628350641e-07
14600 	 14977 	 2.7875333185e+00 	 6.3932812733e-07
14700 	 15081 	 2.7875333184e+00 	 6.8247445450e-07
14800 	 15182 	 2.7875333184e+00 	 5.4336284772e-07
14900 	 15286 	 2.7875333183e+00 	 6.0717693727e-07
15000 	 15390 	 2.7875333183e+00 	 4.7667136518e-07
15100 	 15493 	 2.7875333183e+00 	 5.2275978341e-07
15200 	 15597 	 2.7875333183e+00 	 4.7816476162e-07
15300 	 15701 	 2.7875333182e+00 	 4.1422360360e-07
15400 	 15803 	 2.7875333182e+00 	 3.8213068620e-07
15500 	 15905 	 2.7875333182e+00 	 3.0425649597e-07
15600 	 16008 	 2.7875333182e+00 	 3.1318698018e-07
15700 	 16109 	 2.7875333182e+00 	 5.5512054185e-07
15800 	 16212 	 2.7875333182e+00 	 3.1288725064e-07
15900 	 16316 	 2.7875333182e+00 	 2.1997449809e-07
16000 	 16417 	 2.7875333182e+00 	 2.6453548009e-07
16100 	 16523 	 2.7875333182e+00 	 2.2276022527e-07
16200 	 16624 	 2.7875333182e+00 	 2.5761217769e-07
16300 	 16725 	 2.7875333182e+00 	 8.3580577072e-07
16400 	 16826 	 2.7875333182e+00 	 4.4641829787e-07
16500 	 16928 	 2.7875333181e+00 	 5.0638036336e-07
16600 	 17031 	 2.7875333181e+00 	 2.3440878930e-07
16700 	 17134 	 2.7875333181e+00 	 3.2896923376e-07
16800 	 17237 	 2.7875333181e+00 	 5.2512244311e-07
16900 	 17341 	 2.7875333181e+00 	 5.3968820982e-07
17000 	 17443 	 2.7875333181e+00 	 3.3693711085e-07
17100 	 17545 	 2.7875333181e+00 	 2.8074715245e-07
17200 	 17649 	 2.7875333181e+00 	 2.0808439033e-07
17300 	 17756 	 2.7875333181e+00 	 5.5943467395e-07
17400 	 17857 	 2.7875333181e+00 	 1.9077642190e-07
17500 	 17963 	 2.7875333181e+00 	 1.1823642968e-07
17600 	 18064 	 2.7875333181e+00 	 1.2511100169e-07
17700 	 18167 	 2.7875333181e+00 	 7.9345736934e-08
17800 	 18280 	 2.7875333181e+00 	 1.2628398142e-07
# ---- 
 1 		 17891 	 18401 		 3.3242951855e+00 	 2.7875333181e+00 	 1.0605593425e-07
# ---- 
100 	 102 	 6.3658889716e+00 	 1.5885825935e-02
200 	 203 	 6.3585569255e+00 	 8.5803663653e-03
300 	 304 	 6.3559927717e+00 	 8.5137365832e-03
400 	 405 	 6.3542953114e+00 	 4.8978874719e-03
500 	 507 	 6.3533503749e+00 	 8.0081031792e-03
600 	 609 	 6.3527921960e+00 	 2.4405220103e-03
700 	 713 	 6.3525327746e+00 	 1.6000666114e-03
800 	 815 	 6.3523202969e+00 	 1.3924682462e-03
900 	 915 	 6.3521671652e+00 	 1.3738143186e-03
1000 	 1016 	 6.3520662899e+00 	 1.1598699872e-03
1100 	 1119 	 6.3519901716e+00 	 6.7208710864e-04
1200 	 1222 	 6.3519460842e+00 	 1.2729008165e-03
1300 	 1324 	 6.3519181826e+00 	 5.4814368124e-04
1400 	 1426 	 6.3518941222e+00 	 4.3811292502e-04
1500 	 1528 	 6.3518701686e+00 	 1.4000831459e-03
1600 	 1628 	 6.3518492244e+00 	 4.9984483347e-04
1700 	 1730 	 6.3518338787e+00 	 6.3787970815e-04
1800 	 1832 	 6.3518230630e+00 	 3.3692281944e-04
1900 	 1937 	 6.3518143302e+00 	 2.6341254023e-04
2000 	 2040 	 6.3518050844e+00 	 5.2708302491e-04
2100 	 2143 	 6.3517960246e+00 	 2.6388924126e-04
2200 	 2245 	 6.3517880956e+00 	 2.8002088523e-04
2300 	 2348 	 6.3517819419e+00 	 4.3724312064e-04
2400 	 2450 	 6.3517762997e+00 	 2.0644676801e-04
2500 	 2552 	 6.3517711130e+00 	 1.7837605118e-04
2600 	 2654 	 6.3517675335e+00 	 2.3684209135e-04
2700 	 2757 	 6.3517641103e+00 	 2.9948798608e-04
2800 	 2859 	 6.3517611562e+00 	 1.6018280499e-04
2900 	 2960 	 6.3517584413e+00 	 1.6815792952e-04
3000 	 3062 	 6.3517563247e+00 	 1.8997930323e-04
3100 	 3165 	 6.3517544041e+00 	 1.3874495330e-04
3200 	 3268 	 6.3517528313e+00 	 1.5917759009e-04
3300 	 3370 	 6.3517516295e+00 	 9.5492041189e-05
3400 	 3472 	 6.3517505417e+00 	 1.2281552419e-04
3500 	 3574 	 6.3517496181e+00 	 2.7012866889e-04
3600 	 3677 	 6.3517487490e+00 	 1.0224971201e-04
3700 	 3779 	 6.3517480781e+00 	 8.5595391283e-05
3800 	 3883 	 6.3517475333e+00 	 8.3539441067e-05
3900 	 3986 	 6.3517470444e+00 	 7.4302403211e-05
4000 	 4088 	 6.3517466419e+00 	 8.7466847956e-05
4100 	 4189 	 6.3517462342e+00 	 6.9282774903e-05
4200 	 4291 	 6.3517458785e+00 	 7.0540101336e-05
4300 	 4393 	 6.3517454875e+00 	 5.7643532214e-05
4400 	 4496 	 6.3517451167e+00 	 5.9669748170e-05
4500 	 4597 	 6.3517448821e+00 	 6.3555222235e-05
4600 	 4698 	 6.3517446821e+00 	 9.5507800533e-05
4700 	 4800 	 6.3517445211e+00 	 4.1217130415e-05
4800 	 4903 	 6.3517443839e+00 	 3.7621951300e-05
4900 	 5006 	 6.3517442435e+00 	 2.9999166029e-05
5000 	 5109 	 6.3517441224e+00 	 6.7494606713e-05
5100 	 5210 	 6.3517440133e+00 	 6.2157901883e-05
5200 	 5313 	 6.3517439312e+00 	 3.7497398296e-05
5300 	 5414 	 6.3517438638e+00 	 4.1360976376e-05
5400 	 5517 	 6.3517438035e+00 	 2.3501149965e-05
5500 	 5618 	 6.3517437524e+00 	 2.3598214524e-05
5600 	 5719 	 6.3517437048e+00 	 2.1595809205e-05
5700 	 5820 	 6.3517436574e+00 	 3.2261771548e-05
5800 	 5922 	 6.3517436218e+00 	 2.5454180166e-05
5900 	 6024 	 6.3517435899e+00 	 1.7758417593e-05
6000 	 6127 	 6.3517435646e+00 	 1.6123949767e-05
6100 	 6230 	 6.3517435375e+00 	 2.9815945529e-05
6200 	 6332 	 6.3517435118e+00 	 1.6504977617e-05
6300 	 6436 	 6.3517434902e+00 	 2.2795542138e-05
6400 	 6538 	 6.3517434721e+00 	 2.1673426477e-05
6500 	 6641 	 6.3517434505e+00 	 1.7097019830e-05
6600 	 6744 	 6.3517434322e+00 	 2.9831455582e-05
6700 	 6845 	 6.3517434160e+00 	 1.4742137974e-05
6800 	 6949 	 6.3517434053e+00 	 1.2842879799e-05
6900 	 7050 	 6.3517433967e+00 	 1.2500070629e-05
7000 	 7154 	 6.3517433869e+00 	 8.8297831436e-06
7100 	 7256 	 6.3517433750e+00 	 2.4862488465e-05
7200 	 7357 	 6.3517433630e+00 	 9.5241532602e-06
7300 	 7458 	 6.3517433531e+00 	 9.5286252763e-06
7400 	 7561 	 6.3517433456e+00 	 1.1178359471e-05
7500 	 7662 	 6.3517433388e+00 	 8.8585766987e-06
7600 	 7767 	 6.3517433325e+00 	 1.6091360526e-05
7700 	 7868 	 6.3517433286e+00 	 5.3267402206e-06
7800 	 7972 	 6.3517433258e+00 	 4.4858922626e-06
7900 	 8073 	 6.3517433241e+00 	 7.5082993012e-06
8000 	 8176 	 6.3517433227e+00 	 4.2841758782e-06
8100 	 8278 	 6.3517433215e+00 	 4.6657184565e-06
8200 	 8379 	 6.3517433207e+00 	 1.9868446264e-06
8300 	 8481 	 6.3517433200e+00 	 2.9363448613e-06
8400 	 8582 	 6.3517433194e+00 	 5.1892588673e-06
8500 	 8685 	 6.3517433189e+00 	 4.0923344554e-06
8600 	 8787 	 6.3517433184e+00 	 2.9317861884e-06
8700 	 8890 	 6.3517433177e+00 	 3.0045617614e-06
8800 	 8991 	 6.3517433170e+00 	 4.3515135415e-06
8900 	 9094 	 6.3517433164e+00 	 2.4730710922e-06
9000 	 9196 	 6.3517433157e+00 	 3.1684846991e-06
9100 	 9299 	 6.3517433150e+00 	 3.2240038207e-06
9200 	 9401 	 6.3517433143e+00 	 1.9226102332e-06
9300 	 9502 	 6.3517433138e+00 	 4.9897438613e-06
9400 	 9604 	 6.3517433133e+00 	 5.5862200766e-06
9500 	 9708 	 6.3517433128e+00 	 2.7815581084e-06
9600 	 9812 	 6.3517433123e+00 	 3.2162554906e-06
9700 	 9915 	 6.3517433119e+00 	 2.5033577059e-06
9800 	 10019 	 6.3517433115e+00 	 1.9640849922e-06
9900 	 10120 	 6.3517433112e+00 	 2.1515036348e-06
10000 	 10223 	 6.3517433109e+00 	 1.7328366358e-06
10100 	 10325 	 6.3517433107e+00 	 1.8731255748e-06
10200 	 10428 	 6.3517433104e+00 	 1.9768304007e-06
10300 	 10533 	 6.3517433103e+00 	 2.3355733143e-06
10400 	 10635 	 6.3517433102e+00 	 1.2859771320e-06
10500 	 10736 	 6.3517433101e+00 	 8.4350781383e-07
10600 	 10836 	 6.3517433100e+00 	 2.3232035497e-06
10700 	 10937 	 6.3517433098e+00 	 1.2248542355e-06
10800 	 11039 	 6.3517433097e+00 	 3.7051583332e-06
10900 	 11141 	 6.3517433096e+00 	 1.9150173196e-06
11000 	 11243 	 6.3517433095e+00 	 1.1153706056e-06
11100 	 11347 	 6.3517433094e+00 	 1.8497694395e-06
11200 	 11450 	 6.3517433093e+00 	 8.4109820829e-07
11300 	 11552 	 6.3517433092e+00 	 9.5454617847e-07
11400 	 11655 	 6.3517433092e+00 	 9.8719715159e-07
11500 	 11759 	 6.3517433091e+00 	 1.0906966534e-06
11600 	 11859 	 6.3517433090e+00 	 1.5899380765e-06
11700 	 11964 	 6.3517433090e+00 	 1.3021409034e-06
11800 	 12066 	 6.3517433090e+00 	 5.7143415311e-07
11900 	 12168 	 6.3517433090e+00 	 2.6978837102e-07
12000 	 12270 	 6.3517433089e+00 	 3.7776422849e-07
12100 	 12372 	 6.3517433089e+00 	 6.4075499071e-07
12200 	 12477 	 6.3517433089e+00 	 4.1353084077e-07
12300 	 12581 	 6.3517433089e+00 	 6.2491526398e-07
12400 	 12685 	 6.3517433089e+00 	 7.2603108039e-07
12500 	 12786 	 6.3517433089e+00 	 5.1972315902e-07
12600 	 12889 	 6.3517433088e+00 	 1.6599476008e-06
12700 	 12994 	 6.3517433088e+00 	 6.9144304725e-07
12800 	 13098 	 6.3517433088e+00 	 6.9427387622e-07
12900 	 13200 	 6.3517433088e+00 	 3.3434456835e-07
13000 	 13303 	 6.3517433087e+00 	 8.5353318832e-07
13100 	 13404 	 6.3517433087e+00 	 2.2626969588e-07
13200 	 13505 	 6.3517433087e+00 	 3.3775767808e-07
13300 	 13607 	 6.3517433087e+00 	 5.7292918185e-07
13400 	 13708 	 6.3517433087e+00 	 1.0283200421e-06
13500 	 13813 	 6.3517433087e+00 	 6.1062367829e-07
13600 	 13916 	 6.3517433086e+00 	 6.2683133157e-07
13700 	 14019 	 6.3517433086e+00 	 6.4747159136e-07
13800 	 14121 	 6.3517433086e+00 	 3.1322467671e-07
13900 	 14225 	 6.3517433086e+00 	 2.7543345927e-07
14000 	 14329 	 6.3517433086e+00 	 3.2363214117e-07
14100 	 14431 	 6.3517433086e+00 	 3.4500015185e-07
14200 	 14534 	 6.3517433086e+00 	 2.7477856862e-07
14300 	 14637 	 6.3517433086e+00 	 2.3915770352e-07
14400 	 14744 	 6.3517433085e+00 	 2.4760286831e-07
14500 	 14847 	 6.3517433085e+00 	 2.4396851843e-07
14600 	 14952 	 6.3517433085e+00 	 2.0380889639e-07
14700 	 15062 	 6.3517433085e+00 	 5.0958692903e-07
14800 	 15176 	 6.3517433085e+00 	 2.6800442334e-07
14900 	 15287 	 6.3517433085e+00 	 1.8874947897e-07
15000 	 15400 	 6.3517433085e+00 	 5.9117700602e-07
15100 	 15508 	 6.3517433085e+00 	 1.4082498343e-07
15200 	 15620 	 6.3517433085e+00 	 1.3962784132e-07
15300 	 15733 	 6.3517433085e+00 	 1.6366405633e-07
# ---- 
 1 		 15366 	 15821 		 6.8787301909e+00 	 6.3517433085e+00 	 9.3959159921e-08
# ---- 
100 	 105 	 1.1399202857e+01 	 1.2893850972e-02
200 	 207 	 1.1393623366e+01 	 5.4825895482e-03
300 	 311 	 1.1391565801e+01 	 5.0797938422e-03
400 	 413 	 1.1390202457e+01 	 6.7421049689e-03
500 	 517 	 1.1389449875e+01 	 2.4887296462e-03
600 	 617 	 1.1388968057e+01 	 2.1075299184e-03
700 	 720 	 1.1388711269e+01 	 1.6222194995e-03
800 	 821 	 1.1388533870e+01 	 1.6569677380e-03
900 	 923 	 1.1388430375e+01 	 1.3972195975e-03
1000 	 1024 	 1.1388348184e+01 	 8.2724420998e-04
1100 	 1125 	 1.1388292342e+01 	 8.6106344523e-04
1200 	 1227 	 1.1388261177e+01 	 6.0006278008e-04
1300 	 1330 	 1.1388239607e+01 	 7.1167005891e-04
1400 	 1432 	 1.1388221669e+01 	 4.8046583035e-04
1500 	 1536 	 1.1388204214e+01 	 3.8708445149e-04
1600 	 1638 	 1.1388189486e+01 	 4.2502452312e-04
1700 	 1740 	 1.1388179105e+01 	 3.7186100110e-04
1800 	 1842 	 1.1388170729e+01 	 3.6781723753e-04
1900 	 1945 	 1.1388163505e+01 	 4.4305371925e-04
2000 	 2048 	 1.1388156726e+01 	 4.3947025213e-04
2100 	 2150 	 1.1388150044e+01 	 2.0711977385e-04
2200 	 2254 	 1.1388144535e+01 	 2.3206342436e-04
2300 	 2357 	 1.1388140467e+01 	 2.8259701422e-04
2400 	 2460 	 1.1388136669e+01 	 3.1368711798e-04
2500 	 2565 	 1.1388133986e+01 	 1.5820432886e-04
2600 	 2667 	 1.1388131629e+01 	 2.6670464562e-04
2700 	 2768 	 1.1388129153e+01 	 2.3367474367e-04
2800 	 2871 	 1.1388127511e+01 	 1.2278529368e-04
2900 	 2972 	 1.1388126296e+01 	 1.7394749899e-04
3000 	 3072 	 1.1388125050e+01 	 1.3594352343e-04
3100 	 3175 	 1.1388123848e+01 	 1.1100822887e-04
3200 	 3277 	 1.1388122813e+01 	 1.2288184403e-04
3300 	 3378 	 1.1388121960e+01 	 1.3162138952e-04
3400 	 3482 	 1.1388121356e+01 	 6.3601474366e-05
3500 	 3585 	 1.1388120819e+01 	 1.1119083848e-04
3600 	 3688 	 1.1388120302e+01 	 7.3162075302e-05
3700 	 3791 	 1.1388119891e+01 	 6.9705610941e-05
3800 	 3892 	 1.1388119391e+01 	 8.9441177013e-05
3900 	 3996 	 1.1388118826e+01 	 1.7401172347e-04
4000 	 4098 	 1.1388118402e+01 	 1.3571054799e-04
4100 	 4202 	 1.1388118051e+01 	 6.7786438733e-05
4200 	 4303 	 1.1388117765e+01 	 8.1354817511e-05
4300 	 4404 	 1.1388117560e+01 	 7.5810730300e-05
4400 	 4506 	 1.1388117405e+01 	 4.8323082528e-05
4500 	 4609 	 1.1388117259e+01 	 3.7294394785e-05
4600 	 4711 	 1.1388117170e+01 	 4.7274909484e-05
4700 	 4815 	 1.1388117106e+01 	 2.7980548572e-05
4800 	 4921 	 1.1388117037e+01 	 3.2891346208e-05
4900 	 5022 	 1.1388116970e+01 	 2.4943891279e-05
5000 	 5125 	 1.1388116907e+01 	 2.3970911828e-05
5100 	 5228 	 1.1388116864e+01 	 2.7705450705e-05
5200 	 5332 	 1.1388116832e+01 	 1.2915349887e-05
5300 	 5434 	 1.1388116801e+01 	 5.3466899845e-05
5400 	 5534 	 1.1388116764e+01 	 2.3605986351e-05
5500 	 5634 	 1.1388116732e+01 	 1.2694987913e-05
5600 	 5734 	 1.1388116707e+01 	 1.4705294701e-05
5700 	 5838 	 1.1388116685e+01 	 1.7062644658e-05
5800 	 5940 	 1.1388116660e+01 	 1.7167209417e-05
5900 	 6042 	 1.1388116640e+01 	 2.5332455124e-05
6000 	 6144 	 1.1388116628e+01 	 1.1884382979e-05
6100 	 6246 	 1.1388116615e+01 	 1.4146227758e-05
6200 	 6350 	 1.1388116602e+01 	 1.7525060067e-05
6300 	 6452 	 1.1388116590e+01 	 1.2618523168e-05
6400 	 6555 	 1.1388116579e+01 	 1.1783166350e-05
6500 	 6657 	 1.1388116565e+01 	 1.1852642471e-05
6600 	 6758 	 1.1388116553e+01 	 1.1691423796e-05
6700 	 6863 	 1.1388116544e+01 	 1.4011437078e-05
6800 	 6967 	 1.1388116539e+01 	 6.9214099586e-06
6900 	 7071 	 1.1388116534e+01 	 6.9318666869e-06
7000 	 7173 	 1.1388116531e+01 	 2.2021827287e-05
7100 	 7275 	 1.1388116528e+01 	 1.1204486841e-05
7200 	 7376 	 1.1388116525e+01 	 1.3369084915e-05
7300 	 7476 	 1.1388116522e+01 	 5.7925475397e-06
7400 	 7579 	 1.1388116519e+01 	 1.1696755524e-05
7500 	 7680 	 1.1388116516e+01 	 6.1151677417e-06
7600 	 7780 	 1.1388116512e+01 	 6.7474145413e-06
7700 	 7883 	 1.1388116509e+01 	 8.5285493026e-06
7800 	 7987 	 1.1388116506e+01 	 5.6375185769e-06
7900 	 8089 	 1.1388116504e+01 	 4.6590239207e-06
8000 	 8191 	 1.1388116502e+01 	 4.3731926613e-06
8100 	 8292 	 1.1388116500e+01 	 8.3494672574e-06
8200 	 8396 	 1.1388116499e+01 	 7.7498684981e-06
8300 	 8499 	 1.1388116498e+01 	 8.1705636057e-06
8400 	 8603 	 1.1388116497e+01 	 3.0488866954e-06
8500 	 8705 	 1.1388116496e+01 	 2.9030719266e-06
8600 	 8807 	 1.1388116496e+01 	 2.9348577603e-06
8700 	 8910 	 1.1388116495e+01 	 2.3994453226e-06
8800 	 9014 	 1.1388116495e+01 	 2.0676760696e-06
8900 	 9115 	 1.1388116494e+01 	 3.4967784202e-06
9000 	 9218 	 1.1388116494e+01 	 2.7160449420e-06
9100 	 9321 	 1.1388116493e+01 	 4.5066106732e-06
9200 	 9423 	 1.1388116493e+01 	 1.7049230048e-06
9300 	 9525 	 1.1388116493e+01 	 1.8235167329e-06
9400 	 9626 	 1.1388116492e+01 	 1.9411731956e-06
9500 	 9728 	 1.1388116492e+01 	 2.1701725801e-06
9600 	 9833 	 1.1388116492e+01 	 1.3630043913e-06
9700 	 9937 	 1.1388116492e+01 	 1.7400243593e-06
9800 	 10039 	 1.1388116491e+01 	 1.2142875820e-06
9900 	 10142 	 1.1388116491e+01 	 1.2702802965e-06
10000 	 10246 	 1.1388116491e+01 	 1.2339167924e-06
10100 	 10348 	 1.1388116491e+01 	 1.4436123267e-06
10200 	 10451 	 1.1388116491e+01 	 1.8940315753e-06
10300 	 10552 	 1.1388116491e+01 	 1.4011403970e-06
10400 	 10656 	 1.1388116491e+01 	 1.6092523837e-06
10500 	 10758 	 1.1388116490e+01 	 1.5298031739e-06
10600 	 10858 	 1.1388116490e+01 	 1.1714078155e-06
10700 	 10961 	 1.1388116490e+01 	 9.9384537672e-07
10800 	 11062 	 1.1388116490e+01 	 2.3009081111e-06
10900 	 11164 	 1.1388116490e+01 	 9.2245831233e-07
11000 	 11267 	 1.1388116490e+01 	 5.9593894655e-07
11100 	 11373 	 1.1388116490e+01 	 5.0790720989e-07
11200 	 11476 	 1.1388116490e+01 	 7.4230415197e-07
11300 	 11577 	 1.1388116490e+01 	 6.4016458202e-07
11400 	 11681 	 1.1388116490e+01 	 7.4670226305e-07
11500 	 11784 	 1.1388116490e+01 	 6.6850079301e-07
11600 	 11885 	 1.1388116490e+01 	 8.5544940668e-07
11700 	 11988 	 1.1388116490e+01 	 4.9608642212e-07
11800 	 12089 	 1.1388116490e+01 	 9.0620098173e-07
11900 	 12191 	 1.1388116490e+01 	 4.9945389813e-07
12000 	 12292 	 1.1388116490e+01 	 5.7799980290e-07
12100 	 12395 	 1.1388116490e+01 	 1.0058512305e-06
12200 	 12499 	 1.1388116490e+01 	 3.0619633715e-07
12300 	 12602 	 1.1388116490e+01 	 4.2311456993e-07
12400 	 12703 	 1.1388116490e+01 	 3.1318352069e-07
12500 	 12810 	 1.1388116490e+01 	 3.8757236551e-07
12600 	 12915 	 1.1388116490e+01 	 3.3238541518e-07
12700 	 13019 	 1.1388116490e+01 	 4.0960379434e-07
12800 	 13131 	 1.1388116490e+01 	 2.8186773890e-07
12900 	 13238 	 1.1388116490e+01 	 1.8679686522e-07
13000 	 13348 	 1.1388116490e+01 	 3.3424932608e-07
13100 	 13460 	 1.1388116490e+01 	 3.1172246547e-07
13200 	 13579 	 1.1388116490e+01 	 1.8230924252e-07
13300 	 13695 	 1.1388116490e+01 	 1.8963669746e-07
13400 	 13801 	 1.1388116490e+01 	 2.0020019189e-07
13500 	 13927 	 1.1388116490e+01 	 2.1428369362e-07
# ---- 
 1 		 13500 	 13927 		 1.1910073644e+01 	 1.1388116490e+01 	 2.1428369362e-07
# ---- 
100 	 103 	 1.7914661710e+01 	 1.4519986104e-02
200 	 203 	 1.7910287463e+01 	 6.9829599941e-03
300 	 305 	 1.7908629182e+01 	 8.0521768450e-03
400 	 406 	 1.7907495545e+01 	 2.8475614469e-03
500 	 511 	 1.7906848277e+01 	 3.6322460344e-03
600 	 614 	 1.7906465319e+01 	 2.0332653544e-03
700 	 718 	 1.7906221809e+01 	 1.6801451324e-03
800 	 819 	 1.7906080211e+01 	 1.2160372821e-03
900 	 921 	 1.7905989397e+01 	 1.5698252968e-03
1000 	 1022 	 1.7905918683e+01 	 1.3061202546e-03
1100 	 1123 	 1.7905878468e+01 	 7.6988838068e-04
1200 	 1227 	 1.7905853002e+01 	 4.6885984655e-04
1300 	 1329 	 1.7905836612e+01 	 4.5884624841e-04
1400 	 1430 	 1.7905820684e+01 	 4.7711838919e-04
1500 	 1532 	 1.7905808792e+01 	 6.7731191028e-04
1600 	 1634 	 1.7905799874e+01 	 3.8355978545e-04
1700 	 1736 	 1.7905792894e+01 	 3.1332025961e-04
1800 	 1838 	 1.7905785692e+01 	 3.1785515181e-04
1900 	 1940 	 1.7905778647e+01 	 4.1566315114e-04
2000 	 2041 	 1.7905772422e+01 	 2.3253972584e-04
2100 	 2142 	 1.7905767600e+01 	 4.2276929329e-04
2200 	 2244 	 1.7905763352e+01 	 1.7305961088e-04
2300 	 2347 	 1.7905760292e+01 	 1.7766381949e-04
2400 	 2450 	 1.7905757905e+01 	 1.6139246934e-04
2500 	 2554 	 1.7905755574e+01 	 2.9092351460e-04
2600 	 2658 	 1.7905753619e+01 	 1.5172876476e-04
2700 	 2761 	 1.7905752339e+01 	 1.5661063150e-04
2800 	 2862 	 1.7905751205e+01 	 1.9391132339e-04
2900 	 2964 	 1.7905750246e+01 	 1.1979662286e-04
3000 	 3066 	 1.7905749332e+01 	 8.0324108204e-05
3100 	 3171 	 1.7905748596e+01 	 7.7177123432e-05
3200 	 3272 	 1.7905748034e+01 	 8.0344238547e-05
3300 	 3372 	 1.7905747564e+01 	 1.1034074013e-04
3400 	 3475 	 1.7905747149e+01 	 1.5887675239e-04
3500 	 3578 	 1.7905746775e+01 	 7.1729626624e-05
3600 	 3681 	 1.7905746438e+01 	 5.8475623581e-05
3700 	 3782 	 1.7905746149e+01 	 5.7341180549e-05
3800 	 3884 	 1.7905745874e+01 	 5.1766566218e-05
3900 	 3989 	 1.7905745661e+01 	 4.7536359655e-05
4000 	 4092 	 1.7905745476e+01 	 4.4198443529e-05
4100 	 4196 	 1.7905745340e+01 	 5.3093325417e-05
4200 	 4297 	 1.7905745214e+01 	 5.3382796584e-05
4300 	 4399 	 1.7905745091e+01 	 6.1986649629e-05
4400 	 4500 	 1.7905745011e+01 	 3.0720646535e-05
4500 	 4605 	 1.7905744960e+01 	 2.6213672000e-05
4600 	 4707 	 1.7905744912e+01 	 2.0081219757e-05
4700 	 4810 	 1.7905744867e+01 	 2.8030256032e-05
4800 	 4912 	 1.7905744821e+01 	 4.0196690696e-05
4900 	 5012 	 1.7905744773e+01 	 2.8562853889e-05
5000 	 5116 	 1.7905744731e+01 	 2.1873860394e-05
5100 	 5218 	 1.7905744684e+01 	 2.6234091301e-05
5200 	 5320 	 1.7905744640e+01 	 4.9881234533e-05
5300 	 5422 	 1.7905744613e+01 	 1.9530254478e-05
5400 	 5524 	 1.7905744599e+01 	 1.4387860550e-05
5500 	 5626 	 1.7905744586e+01 	 9.6361377591e-06
5600 	 5728 	 1.7905744573e+01 	 1.4314417365e-05
5700 	 5831 	 1.7905744558e+01 	 1.9913167198e-05
5800 	 5933 	 1.7905744543e+01 	 1.5548794323e-05
5900 	 6034 	 1.7905744522e+01 	 1.5911686847e-05
6000 	 6138 	 1.7905744508e+01 	 2.0083211720e-05
6100 	 6243 	 1.7905744496e+01 	 1.1552653951e-05
6200 	 6345 	 1.7905744483e+01 	 1.3774632659e-05
6300 	 6446 	 1.7905744471e+01 	 3.4343056297e-05
6400 	 6548 	 1.7905744461e+01 	 7.6699698298e-06
6500 	 6651 	 1.7905744453e+01 	 8.0083713034e-06
6600 	 6754 	 1.7905744449e+01 	 8.8664717294e-06
6700 	 6857 	 1.7905744445e+01 	 4.6587490716e-06
6800 	 6961 	 1.7905744443e+01 	 5.2966183694e-06
6900 	 7063 	 1.7905744441e+01 	 4.8377795115e-06
7000 	 7165 	 1.7905744438e+01 	 1.0402614363e-05
7100 	 7270 	 1.7905744435e+01 	 5.3365548239e-06
7200 	 7372 	 1.7905744432e+01 	 6.6652550804e-06
7300 	 7475 	 1.7905744429e+01 	 6.5136886944e-06
7400 	 7576 	 1.7905744426e+01 	 8.0136349211e-06
7500 	 7680 	 1.7905744423e+01 	 3.9487330464e-06
7600 	 7782 	 1.7905744421e+01 	 1.9183411987e-05
7700 	 7884 	 1.7905744418e+01 	 3.5214731642e-06
7800 	 7986 	 1.7905744417e+01 	 5.1454371454e-06
7900 	 8090 	 1.7905744415e+01 	 4.0151085339e-06
8000 	 8193 	 1.7905744415e+01 	 5.9680366369e-06
8100 	 8297 	 1.7905744414e+01 	 6.5454616943e-06
8200 	 8398 	 1.7905744413e+01 	 2.1396988258e-06
8300 	 8501 	 1.7905744413e+01 	 1.7507389436e-06
8400 	 8602 	 1.7905744413e+01 	 1.9103917969e-06
8500 	 8705 	 1.7905744412e+01 	 1.8596271275e-06
8600 	 8806 	 1.7905744412e+01 	 1.0118110782e-06
8700 	 8909 	 1.7905744412e+01 	 3.0587582466e-06
8800 	 9012 	 1.7905744412e+01 	 1.4032802480e-06
8900 	 9115 	 1.7905744412e+01 	 1.4632166469e-06
9000 	 9218 	 1.7905744412e+01 	 2.6275424888e-06
9100 	 9318 	 1.7905744411e+01 	 1.1911506789e-06
9200 	 9422 	 1.7905744411e+01 	 1.3065871294e-06
9300 	 9525 	 1.7905744411e+01 	 1.2541138344e-06
9400 	 9628 	 1.7905744411e+01 	 1.3151170410e-06
9500 	 9730 	 1.7905744411e+01 	 1.3400466901e-06
9600 	 9831 	 1.7905744411e+01 	 7.2413689054e-07
9700 	 9934 	 1.7905744411e+01 	 1.3387726957e-06
9800 	 10036 	 1.7905744411e+01 	 1.2079868236e-06
9900 	 10140 	 1.7905744411e+01 	 1.6111768250e-06
10000 	 10243 	 1.7905744411e+01 	 7.5715440396e-07
10100 	 10347 	 1.7905744411e+01 	 6.8212786830e-07
10200 	 10450 	 1.7905744410e+01 	 5.1134593892e-07
10300 	 10558 	 1.7905744410e+01 	 7.9990981504e-07
10400 	 10662 	 1.7905744410e+01 	 7.1258946502e-07
10500 	 10764 	 1.7905744410e+01 	 7.9663861640e-07
10600 	 10867 	 1.7905744410e+01 	 5.9256395533e-07
10700 	 10970 	 1.7905744410e+01 	 4.8091930847e-07
10800 	 11076 	 1.7905744410e+01 	 4.8294505404e-07
10900 	 11181 	 1.7905744410e+01 	 3.6168949427e-07
11000 	 11290 	 1.7905744410e+01 	 5.4806224516e-07
11100 	 11394 	 1.7905744410e+01 	 2.9214426326e-07
11200 	 11505 	 1.7905744410e+01 	 2.7639968152e-07
11300 	 11612 	 1.7905744410e+01 	 4.2071647630e-07
11400 	 11725 	 1.7905744410e+01 	 3.6390010523e-07
11500 	 11838 	 1.7905744410e+01 	 2.8818407283e-07
11600 	 11948 	 1.7905744410e+01 	 2.6534407952e-07
11700 	 12059 	 1.7905744410e+01 	 2.2615387710e-07
11800 	 12178 	 1.7905744410e+01 	 1.4168528640e-07
11900 	 12299 	 1.7905744410e+01 	 2.1746945793e-07
12000 	 12411 	 1.7905744410e+01 	 3.6529694763e-07
12100 	 12530 	 1.7905744410e+01 	 1.9370438403e-07
12200 	 12654 	 1.7905744410e+01 	 3.6371818536e-07
12300 	 12766 	 1.7905744410e+01 	 2.4387912609e-07
12400 	 12882 	 1.7905744410e+01 	 1.3486572847e-07
# ---- 
 1 		 12418 	 12920 		 1.8424641991e+01 	 1.7905744410e+01 	 2.6238555384e-07
# ---- 
100 	 103 	 2.5918823420e+01 	 1.0111594688e-02
200 	 207 	 2.5915114686e+01 	 7.7953312121e-03
300 	 311 	 2.5913623102e+01 	 3.6529622947e-03
400 	 413 	 2.5912648310e+01 	 3.3886644824e-03
500 	 517 	 2.5912049028e+01 	 2.9216094763e-03
600 	 620 	 2.5911684548e+01 	 1.5831266473e-03
700 	 723 	 2.5911457167e+01 	 1.3479906892e-03
800 	 824 	 2.5911337933e+01 	 9.0589285901e-04
900 	 926 	 2.5911255083e+01 	 1.3228995917e-03
1000 	 1026 	 2.5911195939e+01 	 9.0518950571e-04
1100 	 1128 	 2.5911158827e+01 	 7.6628773362e-04
1200 	 1230 	 2.5911136274e+01 	 4.8732997516e-04
1300 	 1330 	 2.5911120446e+01 	 1.3479517401e-03
1400 	 1432 	 2.5911107140e+01 	 3.5012162285e-04
1500 	 1535 	 2.5911098368e+01 	 3.7168296010e-04
1600 	 1635 	 2.5911091155e+01 	 3.4574546727e-04
1700 	 1739 	 2.5911085066e+01 	 2.2546513120e-04
1800 	 1840 	 2.5911079470e+01 	 2.7463568148e-04
1900 	 1941 	 2.5911073432e+01 	 6.5403994236e-04
2000 	 2043 	 2.5911068011e+01 	 3.4056031406e-04
2100 	 2145 	 2.5911063837e+01 	 2.0189729535e-04
2200 	 2247 	 2.5911060746e+01 	 1.7919159584e-04
2300 	 2350 	 2.5911058376e+01 	 1.3223864255e-04
2400 	 2453 	 2.5911056606e+01 	 1.6473004720e-04
2500 	 2557 	 2.5911054962e+01 	 1.1581622613e-04
2600 	 2659 	 2.5911053741e+01 	 8.9665202994e-05
2700 	 2761 	 2.5911052633e+01 	 1.3009932896e-04
2800 	 2863 	 2.5911051842e+01 	 8.4042722313e-05
2900 	 2965 	 2.5911051136e+01 	 1.4317085144e-04
3000 	 3068 	 2.5911050430e+01 	 6.8056190321e-05
3100 	 3170 	 2.5911049945e+01 	 9.6558824142e-05
3200 	 3271 	 2.5911049566e+01 	 7.8797675595e-05
3300 	 3372 	 2.5911049139e+01 	 7.9584140854e-05
3400 	 3474 	 2.5911048721e+01 	 6.4418394853e-05
3500 	 3576 	 2.5911048391e+01 	 6.3567110894e-05
3600 	 3679 	 2.5911048126e+01 	 7.7447068506e-05
3700 	 3782 	 2.5911047891e+01 	 5.0162540801e-05
3800 	 3884 	 2.5911047682e+01 	 4.8630372903e-05
3900 	 3988 	 2.5911047541e+01 	 3.3636780960e-05
4000 	 4092 	 2.5911047449e+01 	 5.2037090304e-05
4100 	 4192 	 2.5911047376e+01 	 3.3038809398e-05
4200 	 4294 	 2.5911047302e+01 	 2.9939305529e-05
4300 	 4395 	 2.5911047232e+01 	 2.8007003341e-05
4400 	 4499 	 2.5911047175e+01 	 3.3632556139e-05
4500 	 4602 	 2.5911047124e+01 	 1.9761547962e-05
4600 	 4704 	 2.5911047084e+01 	 2.5203695909e-05
4700 	 4807 	 2.5911047051e+01 	 4.1646682822e-05
4800 	 4910 	 2.5911047016e+01 	 1.9985362021e-05
4900 	 5010 	 2.5911046985e+01 	 1.5933066964e-05
5000 	 5111 	 2.5911046960e+01 	 1.1520986193e-05
5100 	 5212 	 2.5911046939e+01 	 4.3646071565e-05
5200 	 5314 	 2.5911046919e+01 	 2.1768394921e-05
5300 	 5414 	 2.5911046904e+01 	 1.3577990343e-05
5400 	 5517 	 2.5911046891e+01 	 1.5830717967e-05
5500 	 5620 	 2.5911046880e+01 	 9.0662954861e-06
5600 	 5721 	 2.5911046868e+01 	 9.2131554400e-06
5700 	 5823 	 2.5911046860e+01 	 1.0397670221e-05
5800 	 5925 	 2.5911046852e+01 	 8.7572695021e-06
5900 	 6027 	 2.5911046845e+01 	 8.3676730494e-06
6000 	 6127 	 2.5911046837e+01 	 1.0694659883e-05
6100 	 6229 	 2.5911046831e+01 	 7.3759780845e-06
6200 	 6332 	 2.5911046828e+01 	 4.6497176035e-06
6300 	 6434 	 2.5911046826e+01 	 5.4230080022e-06
6400 	 6536 	 2.5911046824e+01 	 4.8247748893e-06
6500 	 6638 	 2.5911046822e+01 	 6.1545816564e-06
6600 	 6741 	 2.5911046821e+01 	 3.9405386227e-06
6700 	 6842 	 2.5911046819e+01 	 4.6258275044e-06
6800 	 6946 	 2.5911046817e+01 	 4.7074384699e-06
6900 	 7047 	 2.5911046815e+01 	 8.3532826426e-06
7000 	 7149 	 2.5911046813e+01 	 4.6528104521e-06
7100 	 7251 	 2.5911046812e+01 	 3.4594948306e-06
7200 	 7351 	 2.5911046810e+01 	 3.9426792204e-06
7300 	 7453 	 2.5911046809e+01 	 8.7927854590e-06
7400 	 7556 	 2.5911046808e+01 	 3.7276618083e-06
7500 	 7657 	 2.5911046807e+01 	 2.1964767411e-06
7600 	 7760 	 2.5911046806e+01 	 3.9517834037e-06
7700 	 7863 	 2.5911046806e+01 	 4.0715715387e-06
7800 	 7963 	 2.5911046805e+01 	 1.6998160539e-06
7900 	 8065 	 2.5911046805e+01 	 1.9934001623e-06
8000 	 8170 	 2.5911046805e+01 	 2.0609975952e-06
8100 	 8273 	 2.5911046804e+01 	 3.4964611583e-06
8200 	 8376 	 2.5911046804e+01 	 2.8691408027e-06
8300 	 8479 	 2.5911046804e+01 	 1.1990574261e-06
8400 	 8583 	 2.5911046804e+01 	 2.1391477457e-06
8500 	 8690 	 2.5911046804e+01 	 1.7467780656e-06
8600 	 8792 	 2.5911046804e+01 	 1.2036397925e-06
8700 	 8893 	 2.5911046804e+01 	 1.1831654796e-06
8800 	 8996 	 2.5911046804e+01 	 7.9937696800e-07
8900 	 9098 	 2.5911046804e+01 	 7.7558863559e-07
9000 	 9201 	 2.5911046804e+01 	 1.5819232055e-06
9100 	 9301 	 2.5911046804e+01 	 9.1324170836e-07
9200 	 9402 	 2.5911046803e+01 	 7.1160855887e-07
9300 	 9506 	 2.5911046803e+01 	 9.2745371031e-07
9400 	 9609 	 2.5911046803e+01 	 7.8935389069e-07
9500 	 9712 	 2.5911046803e+01 	 7.9673427822e-07
9600 	 9814 	 2.5911046803e+01 	 9.6270506819e-07
9700 	 9920 	 2.5911046803e+01 	 5.5581961589e-07
9800 	 10022 	 2.5911046803e+01 	 5.6885293238e-07
9900 	 10127 	 2.5911046803e+01 	 5.5960236382e-07
10000 	 10237 	 2.5911046803e+01 	 4.4920417408e-07
10100 	 10348 	 2.5911046803e+01 	 4.9397167798e-07
10200 	 10459 	 2.5911046803e+01 	 5.2375366725e-07
10300 	 10571 	 2.5911046803e+01 	 2.4402789764e-07
10400 	 10679 	 2.5911046803e+01 	 3.4965690844e-07
# ---- 
 1 		 10474 	 10773 		 2.6427933354e+01 	 2.5911046803e+01 	 4.0913753513e-07
# ---- 
100 	 105 	 3.5415775870e+01 	 1.1554871619e-02
200 	 209 	 3.5412612650e+01 	 4.2739514654e-03
300 	 314 	 3.5411260765e+01 	 4.1919560028e-03
400 	 415 	 3.5410376998e+01 	 2.6189713074e-03
500 	 517 	 3.5409799583e+01 	 2.4901996166e-03
600 	 618 	 3.5409440021e+01 	 1.9297620291e-03
700 	 721 	 3.5409239288e+01 	 1.2951047574e-03
800 	 824 	 3.5409134653e+01 	 2.1820349830e-03
900 	 927 	 3.5409052807e+01 	 1.4611858681e-03
1000 	 1029 	 3.5409000729e+01 	 8.0769394662e-04
1100 	 1134 	 3.5408967102e+01 	 7.6197413627e-04
1200 	 1236 	 3.5408945842e+01 	 5.2733754894e-04
1300 	 1340 	 3.5408929924e+01 	 4.7276812941e-04
1400 	 1443 	 3.5408920275e+01 	 3.2797544794e-04
1500 	 1543 	 3.5408913016e+01 	 3.3644232940e-04
1600 	 1646 	 3.5408906577e+01 	 5.1686674037e-04
1700 	 1750 	 3.5408900462e+01 	 3.0768601481e-04
1800 	 1853 	 3.5408894458e+01 	 3.4240155119e-04
1900 	 1957 	 3.5408889853e+01 	 2.2901473294e-04
2000 	 2058 	 3.5408885504e+01 	 2.9126794359e-04
2100 	 2162 	 3.5408881790e+01 	 2.2430668505e-04
2200 	 2266 	 3.5408879645e+01 	 1.3572640737e-04
2300 	 2370 	 3.5408877950e+01 	 1.5646115880e-04
2400 	 2475 	 3.5408876450e+01 	 2.1903541486e-04
2500 	 2576 	 3.5408875204e+01 	 2.1928741920e-04
2600 	 2679 	 3.5408874298e+01 	 9.4607587004e-05
2700 	 2780 	 3.5408873547e+01 	 8.0637842854e-05
2800 	 2885 	 3.5408872809e+01 	 1.2310043012e-04
2900 	 2986 	 3.5408872161e+01 	 8.3265027547e-05
3000 	 3089 	 3.5408871669e+01 	 7.4188199086e-05
3100 	 3193 	 3.5408871322e+01 	 7.5130944324e-05
3200 	 3296 	 3.5408870994e+01 	 6.0184233252e-05
3300 	 3401 	 3.5408870685e+01 	 5.1762483787e-05
3400 	 3504 	 3.5408870424e+01 	 3.7245742772e-05
3500 	 3607 	 3.5408870233e+01 	 4.1738874444e-05
3600 	 3710 	 3.5408870082e+01 	 4.0708919687e-05
3700 	 3813 	 3.5408869927e+01 	 3.5813142537e-05
3800 	 3916 	 3.5408869815e+01 	 4.3431138656e-05
3900 	 4018 	 3.5408869716e+01 	 3.8982993030e-05
4000 	 4120 	 3.5408869636e+01 	 2.5852747534e-05
4100 	 4223 	 3.5408869570e+01 	 2.6548664387e-05
4200 	 4327 	 3.5408869506e+01 	 2.5821237738e-05
4300 	 4430 	 3.5408869454e+01 	 3.3490463942e-05
4400 	 4531 	 3.5408869401e+01 	 1.9489335331e-05
4500 	 4633 	 3.5408869357e+01 	 1.7988486086e-05
4600 	 4735 	 3.5408869327e+01 	 4.0914619096e-05
4700 	 4838 	 3.5408869299e+01 	 1.8682521389e-05
4800 	 4938 	 3.5408869278e+01 	 1.9068450360e-05
4900 	 5040 	 3.5408869258e+01 	 1.3924013690e-05
5000 	 5143 	 3.5408869238e+01 	 1.4019163897e-05
5100 	 5244 	 3.5408869222e+01 	 9.6205381360e-06
5200 	 5348 	 3.5408869212e+01 	 7.4922982907e-06
5300 	 5449 	 3.5408869202e+01 	 1.3990641328e-05
5400 	 5550 	 3.5408869192e+01 	 1.3061320635e-05
5500 	 5650 	 3.5408869183e+01 	 9.7042160486e-06
5600 	 5755 	 3.5408869176e+01 	 2.0661669146e-05
5700 	 5857 	 3.5408869168e+01 	 1.0989214858e-05
5800 	 5960 	 3.5408869162e+01 	 1.0316893559e-05
5900 	 6064 	 3.5408869158e+01 	 7.7010414297e-06
6000 	 6166 	 3.5408869155e+01 	 1.4581932598e-05
6100 	 6269 	 3.5408869153e+01 	 6.1918837804e-06
6200 	 6371 	 3.5408869151e+01 	 6.0440646819e-06
6300 	 6473 	 3.5408869149e+01 	 4.9815327429e-06
6400 	 6580 	 3.5408869146e+01 	 5.1803722864e-06
6500 	 6683 	 3.5408869144e+01 	 4.8276951893e-06
6600 	 6786 	 3.5408869142e+01 	 4.9958022044e-06
6700 	 6888 	 3.5408869140e+01 	 3.9388617745e-06
6800 	 6989 	 3.5408869139e+01 	 4.1624097847e-06
6900 	 7094 	 3.5408869137e+01 	 4.0027582014e-06
7000 	 7197 	 3.5408869136e+01 	 2.6352941343e-06
7100 	 7300 	 3.5408869135e+01 	 3.0663037783e-06
7200 	 7402 	 3.5408869135e+01 	 3.1347748432e-06
7300 	 7505 	 3.5408869134e+01 	 2.2700512477e-06
7400 	 7607 	 3.5408869134e+01 	 3.7075944827e-06
7500 	 7710 	 3.5408869133e+01 	 2.1305409713e-06
7600 	 7812 	 3.5408869133e+01 	 1.9817768610e-06
7700 	 7913 	 3.5408869133e+01 	 3.9812711511e-06
7800 	 8016 	 3.5408869132e+01 	 9.8606765045e-07
7900 	 8119 	 3.5408869132e+01 	 1.2046668097e-06
8000 	 8222 	 3.5408869132e+01 	 7.6944601274e-07
8100 	 8324 	 3.5408869132e+01 	 6.4577837068e-07
8200 	 8429 	 3.5408869132e+01 	 8.2433379256e-07
8300 	 8531 	 3.5408869132e+01 	 7.4924984506e-07
8400 	 8634 	 3.5408869132e+01 	 1.0457963673e-06
8500 	 8739 	 3.5408869132e+01 	 6.9575435136e-07
8600 	 8841 	 3.5408869132e+01 	 1.0754233255e-06
8700 	 8944 	 3.5408869132e+01 	 1.1395622478e-06
8800 	 9047 	 3.5408869132e+01 	 7.5112612460e-07
8900 	 9153 	 3.5408869132e+01 	 7.5146845067e-07
9000 	 9259 	 3.5408869132e+01 	 5.9098156278e-07
9100 	 9371 	 3.5408869132e+01 	 4.4610806192e-07
9200 	 9482 	 3.5408869132e+01 	 9.1297555274e-07
9300 	 9588 	 3.5408869132e+01 	 6.2464576946e-07
9400 	 9692 	 3.5408869132e+01 	 5.2527183158e-07
9500 	 9801 	 3.5408869132e+01 	 6.6302405094e-07
9600 	 9907 	 3.5408869131e+01 	 5.7763510488e-07
9700 	 10011 	 3.5408869131e+01 	 6.7796929882e-07
9800 	 10117 	 3.5408869131e+01 	 4.4129036289e-07
9900 	 10224 	 3.5408869131e+01 	 7.3505883158e-07
10000 	 10329 	 3.5408869131e+01 	 8.5775440579e-07
10100 	 10434 	 3.5408869131e+01 	 5.8671210855e-07
10200 	 10546 	 3.5408869131e+01 	 4.8340941389e-07
10300 	 10661 	 3.5408869131e+01 	 2.0504795145e-07
10400 	 10781 	 3.5408869131e+01 	 3.0966421656e-07
10500 	 10911 	 3.5408869131e+01 	 1.0602434967e-07
# ---- 
 1 		 10543 	 10983 		 3.5924382106e+01 	 3.5408869131e+01 	 3.2203589744e-07
# ---- 
100 	 102 	 4.6409381222e+01 	 1.0175392987e-02
200 	 204 	 4.6406452552e+01 	 1.0750245846e-02
300 	 306 	 4.6405230405e+01 	 5.0771958085e-03
400 	 407 	 4.6404428917e+01 	 3.0485184481e-03
500 	 510 	 4.6403867493e+01 	 2.2361328766e-03
600 	 613 	 4.6403531745e+01 	 1.8933518239e-03
700 	 716 	 4.6403355084e+01 	 2.5066678081e-03
800 	 819 	 4.6403258218e+01 	 9.6698513024e-04
900 	 922 	 4.6403181951e+01 	 1.7823070605e-03
1000 	 1026 	 4.6403137014e+01 	 7.6660284535e-04
1100 	 1127 	 4.6403110835e+01 	 5.7981130065e-04
1200 	 1228 	 4.6403092143e+01 	 3.6184815275e-04
1300 	 1329 	 4.6403078322e+01 	 4.3919539071e-04
1400 	 1433 	 4.6403070528e+01 	 2.4344729583e-04
1500 	 1535 	 4.6403064168e+01 	 2.8033602137e-04
1600 	 1639 	 4.6403058197e+01 	 3.0263603613e-04
1700 	 1739 	 4.6403052257e+01 	 3.5433567519e-04
1800 	 1843 	 4.6403047074e+01 	 2.3970749778e-04
1900 	 1948 	 4.6403043014e+01 	 2.3933798099e-04
2000 	 2050 	 4.6403039257e+01 	 1.9385822615e-04
2100 	 2151 	 4.6403036619e+01 	 2.1087968228e-04
2200 	 2251 	 4.6403034818e+01 	 1.8400562944e-04
2300 	 2354 	 4.6403033346e+01 	 1.3941505498e-04
2400 	 2457 	 4.6403032330e+01 	 1.0730220680e-04
2500 	 2560 	 4.6403031513e+01 	 1.1029947968e-04
2600 	 2662 	 4.6403030747e+01 	 1.1383746218e-04
2700 	 2764 	 4.6403030045e+01 	 1.0011247249e-04
2800 	 2866 	 4.6403029344e+01 	 9.9120141828e-05
2900 	 2969 	 4.6403028812e+01 	 7.9355821736e-05
3000 	 3073 	 4.6403028460e+01 	 8.8709858477e-05
3100 	 3174 	 4.6403028126e+01 	 5.3024890719e-05
3200 	 3277 	 4.6403027841e+01 	 5.4435486469e-05
3300 	 3380 	 4.6403027570e+01 	 5.4863472732e-05
3400 	 3481 	 4.6403027368e+01 	 5.4895957311e-05
3500 	 3584 	 4.6403027210e+01 	 5.2951086631e-05
3600 	 3685 	 4.6403027067e+01 	 3.6818763924e-05
3700 	 3787 	 4.6403026963e+01 	 4.5082529367e-05
3800 	 3888 	 4.6403026892e+01 	 3.3384860969e-05
3900 	 3989 	 4.6403026844e+01 	 5.0843915439e-05
4000 	 4090 	 4.6403026797e+01 	 3.6525547000e-05
4100 	 4193 	 4.6403026750e+01 	 2.5917876920e-05
4200 	 4295 	 4.6403026713e+01 	 2.4895593119e-05
4300 	 4398 	 4.6403026680e+01 	 4.1333954651e-05
4400 	 4499 	 4.6403026650e+01 	 2.2332622395e-05
4500 	 4602 	 4.6403026619e+01 	 4.8230699385e-05
4600 	 4705 	 4.6403026596e+01 	 4.7861249115e-05
4700 	 4807 	 4.6403026578e+01 	 1.5906459891e-05
4800 	 4909 	 4.6403026558e+01 	 1.7867056312e-05
4900 	 5013 	 4.6403026544e+01 	 2.2577126633e-05
5000 	 5114 	 4.6403026531e+01 	 8.8836084353e-06
5100 	 5217 	 4.6403026522e+01 	 2.0130524701e-05
5200 	 5320 	 4.6403026514e+01 	 9.6378552874e-06
5300 	 5423 	 4.6403026507e+01 	 8.8825805367e-06
5400 	 5523 	 4.6403026502e+01 	 8.5776519203e-06
5500 	 5625 	 4.6403026497e+01 	 6.6530783822e-06
5600 	 5727 	 4.6403026493e+01 	 8.7315576831e-06
5700 	 5830 	 4.6403026489e+01 	 5.8224976181e-06
5800 	 5932 	 4.6403026487e+01 	 6.4706045018e-06
5900 	 6032 	 4.6403026485e+01 	 1.0050096148e-05
6000 	 6135 	 4.6403026483e+01 	 7.8756338777e-06
6100 	 6235 	 4.6403026481e+01 	 8.5176316666e-06
6200 	 6336 	 4.6403026479e+01 	 4.6848213568e-06
6300 	 6440 	 4.6403026477e+01 	 4.7828139468e-06
6400 	 6544 	 4.6403026475e+01 	 4.3763628414e-06
6500 	 6646 	 4.6403026474e+01 	 4.3375478650e-06
6600 	 6749 	 4.6403026472e+01 	 4.2609077638e-06
6700 	 6851 	 4.6403026471e+01 	 3.5581753922e-06
6800 	 6952 	 4.6403026470e+01 	 6.9873194126e-06
6900 	 7055 	 4.6403026469e+01 	 4.7570194377e-06
7000 	 7156 	 4.6403026469e+01 	 1.8060162693e-06
7100 	 7258 	 4.6403026469e+01 	 1.6272016254e-06
7200 	 7361 	 4.6403026469e+01 	 1.1551667334e-06
7300 	 7464 	 4.6403026468e+01 	 1.2122175442e-06
7400 	 7565 	 4.6403026468e+01 	 1.6172962377e-06
7500 	 7666 	 4.6403026468e+01 	 1.1219371304e-06
7600 	 7770 	 4.6403026468e+01 	 2.8115848509e-06
7700 	 7873 	 4.6403026468e+01 	 8.8336573857e-07
7800 	 7976 	 4.6403026468e+01 	 8.5984279930e-07
7900 	 8078 	 4.6403026468e+01 	 9.4894212840e-07
8000 	 8181 	 4.6403026468e+01 	 5.5160428804e-07
8100 	 8283 	 4.6403026468e+01 	 6.7893296044e-07
8200 	 8388 	 4.6403026468e+01 	 8.0519695286e-07
8300 	 8493 	 4.6403026467e+01 	 1.2389733013e-06
8400 	 8600 	 4.6403026467e+01 	 4.9535726950e-07
8500 	 8704 	 4.6403026467e+01 	 8.3703427418e-07
8600 	 8806 	 4.6403026467e+01 	 6.0670042025e-07
8700 	 8913 	 4.6403026467e+01 	 6.3040961358e-07
8800 	 9021 	 4.6403026467e+01 	 3.5540520259e-07
8900 	 9132 	 4.6403026467e+01 	 4.9272164345e-07
9000 	 9243 	 4.6403026467e+01 	 3.7020272273e-07
9100 	 9354 	 4.6403026467e+01 	 4.9240948356e-07
9200 	 9464 	 4.6403026467e+01 	 5.1977809138e-07
9300 	 9578 	 4.6403026467e+01 	 4.2094893836e-07
9400 	 9691 	 4.6403026467e+01 	 4.4778022121e-07
9500 	 9816 	 4.6403026467e+01 	 3.9532238322e-07
9600 	 9934 	 4.6403026467e+01 	 4.2132928668e-07
# ---- 
 1 		 9665 	 10016 		 4.6917587888e+01 	 4.6403026467e+01 	 1.9472102374e-07
# ---- 
100 	 103 	 5.8902458329e+01 	 9.8073101711e-03
200 	 205 	 5.8899843832e+01 	 5.0347949350e-03
300 	 307 	 5.8898720505e+01 	 4.7077814845e-03
400 	 409 	 5.8897966132e+01 	 3.2601341545e-03
500 	 511 	 5.8897425366e+01 	 2.9851386417e-03
600 	 613 	 5.8897090268e+01 	 1.9907382946e-03
700 	 714 	 5.8896913999e+01 	 1.2679093043e-03
800 	 815 	 5.8896821509e+01 	 2.3162463537e-03
900 	 918 	 5.8896759243e+01 	 9.2333963517e-04
1000 	 1020 	 5.8896714426e+01 	 6.4453376949e-04
1100 	 1122 	 5.8896685314e+01 	 7.5770920422e-04
1200 	 1223 	 5.8896668382e+01 	 4.7365663684e-04
1300 	 1326 	 5.8896657561e+01 	 3.7494343669e-04
1400 	 1427 	 5.8896649364e+01 	 3.2339384211e-04
1500 	 1528 	 5.8896642492e+01 	 3.0276559425e-04
1600 	 1630 	 5.8896637306e+01 	 3.2436982006e-04
1700 	 1733 	 5.8896632143e+01 	 2.6428063028e-04
1800 	 1835 	 5.8896627659e+01 	 2.5302680641e-04
1900 	 1936 	 5.8896624091e+01 	 1.8645667409e-04
2000 	 2041 	 5.8896621135e+01 	 2.0154739777e-04
2100 	 2143 	 5.8896619188e+01 	 1.2154894414e-04
2200 	 2245 	 5.8896617564e+01 	 1.4476951588e-04
2300 	 2350 	 5.8896616272e+01 	 1.7066357991e-04
2400 	 2452 	 5.8896615224e+01 	 1.8912884338e-04
2500 	 2556 	 5.8896614455e+01 	 9.6208105058e-05
2600 	 2657 	 5.8896613810e+01 	 1.0814498556e-04
2700 	 2760 	 5.8896613216e+01 	 7.8596363369e-05
2800 	 2863 	 5.8896612747e+01 	 7.9491838916e-05
2900 	 2966 	 5.8896612391e+01 	 6.8467294460e-05
3000 	 3068 	 5.8896611994e+01 	 6.9638316052e-05
3100 	 3169 	 5.8896611692e+01 	 5.9719053957e-05
3200 	 3272 	 5.8896611434e+01 	 1.2162355550e-04
3300 	 3375 	 5.8896611216e+01 	 4.2714076878e-05
3400 	 3477 	 5.8896611049e+01 	 4.5049457826e-05
3500 	 3579 	 5.8896610934e+01 	 3.6419172227e-05
3600 	 3681 	 5.8896610848e+01 	 3.7601697249e-05
3700 	 3785 	 5.8896610770e+01 	 2.9571676463e-05
3800 	 3885 	 5.8896610719e+01 	 2.9708213683e-05
3900 	 3986 	 5.8896610684e+01 	 2.7440364929e-05
4000 	 4091 	 5.8896610632e+01 	 2.5632289092e-05
4100 	 4193 	 5.8896610598e+01 	 2.0731860108e-05
4200 	 4296 	 5.8896610565e+01 	 1.9170863359e-05
4300 	 4398 	 5.8896610538e+01 	 2.0773411332e-05
4400 	 4503 	 5.8896610510e+01 	 1.8199342287e-05
4500 	 4605 	 5.8896610482e+01 	 2.4240638870e-05
4600 	 4707 	 5.8896610454e+01 	 1.9150282019e-05
4700 	 4811 	 5.8896610432e+01 	 2.4547212278e-05
4800 	 4913 	 5.8896610419e+01 	 1.2057702359e-05
4900 	 5015 	 5.8896610409e+01 	 9.9362682416e-06
5000 	 5117 	 5.8896610400e+01 	 1.0401062399e-05
5100 	 5221 	 5.8896610392e+01 	 1.1700407295e-05
5200 	 5322 	 5.8896610384e+01 	 8.0750819676e-06
5300 	 5424 	 5.8896610377e+01 	 1.0472767095e-05
5400 	 5528 	 5.8896610373e+01 	 7.7151889175e-06
5500 	 5633 	 5.8896610368e+01 	 8.3616295279e-06
5600 	 5735 	 5.8896610364e+01 	 5.8555546324e-06
5700 	 5836 	 5.8896610362e+01 	 5.6856726912e-06
5800 	 5940 	 5.8896610360e+01 	 3.9022894560e-06
5900 	 6045 	 5.8896610357e+01 	 5.3271885115e-06
6000 	 6147 	 5.8896610355e+01 	 1.5407534355e-05
6100 	 6253 	 5.8896610353e+01 	 4.9540074556e-06
6200 	 6356 	 5.8896610351e+01 	 4.1316055038e-06
6300 	 6462 	 5.8896610350e+01 	 8.9035067051e-06
6400 	 6564 	 5.8896610349e+01 	 2.8106172962e-06
6500 	 6666 	 5.8896610348e+01 	 4.6074222669e-06
6600 	 6769 	 5.8896610347e+01 	 4.0921692415e-06
6700 	 6872 	 5.8896610347e+01 	 2.4862524467e-06
6800 	 6976 	 5.8896610346e+01 	 2.5885638926e-06
6900 	 7078 	 5.8896610346e+01 	 3.6745597991e-06
7000 	 7180 	 5.8896610346e+01 	 1.4182339434e-06
7100 	 7282 	 5.8896610346e+01 	 1.4529100257e-06
7200 	 7384 	 5.8896610345e+01 	 1.8376824047e-06
7300 	 7487 	 5.8896610345e+01 	 1.3305529411e-06
7400 	 7590 	 5.8896610345e+01 	 2.1889675806e-06
7500 	 7696 	 5.8896610345e+01 	 1.2825508697e-06
7600 	 7798 	 5.8896610345e+01 	 2.0008504935e-06
7700 	 7900 	 5.8896610345e+01 	 9.4977423269e-07
7800 	 8005 	 5.8896610345e+01 	 5.0638295336e-07
7900 	 8109 	 5.8896610345e+01 	 7.1919587499e-07
8000 	 8212 	 5.8896610345e+01 	 6.3975381824e-07
8100 	 8317 	 5.8896610345e+01 	 5.7058482366e-07
8200 	 8424 	 5.8896610345e+01 	 7.7646202650e-07
8300 	 8527 	 5.8896610345e+01 	 9.2699265049e-07
8400 	 8631 	 5.8896610345e+01 	 7.1316601527e-07
8500 	 8740 	 5.8896610345e+01 	 8.3262363936e-07
8600 	 8846 	 5.8896610345e+01 	 4.9188780459e-07
8700 	 8958 	 5.8896610344e+01 	 5.2530382761e-07
8800 	 9075 	 5.8896610344e+01 	 9.3428856612e-07
8900 	 9195 	 5.8896610344e+01 	 2.8293311638e-07
# ---- 
 1 		 8919 	 9232 		 5.9410518362e+01 	 5.8896610344e+01 	 4.5602940339e-07
# ---- 
100 	 103 	 7.2897684395e+01 	 1.1963618568e-02
200 	 205 	 7.2895240598e+01 	 4.9265104008e-03
300 	 306 	 7.2894184765e+01 	 3.7362148814e-03
400 	 412 	 7.2893449026e+01 	 3.3652957342e-03
500 	 514 	 7.2892919058e+01 	 2.8123724370e-03
600 	 618 	 7.2892611114e+01 	 2.1169324823e-03
700 	 721 	 7.2892460649e+01 	 1.1033464469e-03
800 	 825 	 7.2892369511e+01 	 1.2909228758e-03
900 	 928 	 7.2892305049e+01 	 9.2216540382e-04
1000 	 1031 	 7.2892264856e+01 	 6.1366799852e-04
1100 	 1135 	 7.2892242706e+01 	 6.4182796723e-04
1200 	 1241 	 7.2892226417e+01 	 3.8408055338e-04
1300 	 1345 	 7.2892216724e+01 	 4.8171020598e-04
1400 	 1446 	 7.2892210426e+01 	 2.8273533309e-04
1500 	 1547 	 7.2892205841e+01 	 4.2039391679e-04
1600 	 1649 	 7.2892201216e+01 	 2.6636255455e-04
1700 	 1753 	 7.2892196146e+01 	 7.7969266880e-04
1800 	 1857 	 7.2892191474e+01 	 1.7693132371e-04
1900 	 1959 	 7.2892188041e+01 	 1.4708495034e-04
2000 	 2063 	 7.2892185557e+01 	 1.7514636416e-04
2100 	 2166 	 7.2892183770e+01 	 2.0350332275e-04
2200 	 2270 	 7.2892182570e+01 	 1.7450485502e-04
2300 	 2373 	 7.2892181764e+01 	 9.4846899840e-05
2400 	 2476 	 7.2892181094e+01 	 9.1863296073e-05
2500 	 2580 	 7.2892180355e+01 	 8.3433418650e-05
2600 	 2682 	 7.2892179856e+01 	 6.7121766747e-05
2700 	 2783 	 7.2892179427e+01 	 7.1354905387e-05
2800 	 2885 	 7.2892179043e+01 	 1.1556225524e-04
2900 	 2987 	 7.2892178705e+01 	 6.1811352135e-05
3000 	 3088 	 7.2892178421e+01 	 6.6486083035e-05
3100 	 3190 	 7.2892178193e+01 	 7.2078541901e-05
3200 	 3294 	 7.2892178017e+01 	 4.3169525815e-05
3300 	 3396 	 7.2892177879e+01 	 3.9236372797e-05
3400 	 3500 	 7.2892177753e+01 	 3.6141615403e-05
3500 	 3603 	 7.2892177664e+01 	 3.0707446234e-05
3600 	 3705 	 7.2892177600e+01 	 2.5834253544e-05
100 	 105 	 7.4030576178e-01 	 3.9653798982e-02
200 	 208 	 7.2057848594e-01 	 2.0110638805e-02
300 	 309 	 7.0961382590e-01 	 3.2562129291e-02
400 	 412 	 7.0275308129e-01 	 1.3425001788e-02
500 	 513 	 6.9778709679e-01 	 6.6410424686e-03
600 	 613 	 6.9402361631e-01 	 8.1894498987e-03
700 	 713 	 6.9028836261e-01 	 1.4907498052e-02
800 	 815 	 6.8822661205e-01 	 5.9907920215e-03
900 	 915 	 6.8665297401e-01 	 4.9680690624e-03
1000 	 1017 	 6.8487984793e-01 	 8.2871464130e-03
1100 	 1119 	 6.8383448636e-01 	 3.2785783226e-03
1200 	 1220 	 6.8317805465e-01 	 2.5658658147e-03
1300 	 1320 	 6.8274586507e-01 	 2.0521465242e-03
1400 	 1423 	 6.8231472778e-01 	 2.4554507427e-03
1500 	 1526 	 6.8201606964e-01 	 1.9003621913e-03
1600 	 1629 	 6.8179786427e-01 	 2.6146483435e-03
1700 	 1730 	 6.8163483303e-01 	 3.0945535503e-03
1800 	 1833 	 6.8150972155e-01 	 1.7186038322e-03
1900 	 1936 	 6.8142954565e-01 	 7.6786248741e-04
2000 	 2037 	 6.8136896373e-01 	 8.0050040927e-04
2100 	 2139 	 6.8132064192e-01 	 7.7774222146e-04
2200 	 2240 	 6.8127620865e-01 	 7.5226080145e-04
2300 	 2344 	 6.8122807703e-01 	 8.3209203022e-04
2400 	 2446 	 6.8119624606e-01 	 7.7620670172e-04
2500 	 2548 	 6.8116395033e-01 	 1.1849347869e-03
2600 	 2649 	 6.8113758036e-01 	 1.2342756356e-03
2700 	 2752 	 6.8111568547e-01 	 5.4419084293e-04
2800 	 2856 	 6.8110314850e-01 	 3.5807347878e-04
2900 	 2959 	 6.8109547666e-01 	 2.8503379063e-04
3000 	 3061 	 6.8108826901e-01 	 3.9952119218e-04
3100 	 3161 	 6.8108113403e-01 	 4.8196129897e-04
3200 	 3264 	 6.8107198110e-01 	 3.2480818513e-04
3300 	 3365 	 6.8106153044e-01 	 4.6242001207e-04
3400 	 3467 	 6.8105157049e-01 	 6.9373964781e-04
3500 	 3571 	 6.8104326756e-01 	 4.6463041685e-04
3600 	 3673 	 6.8103446744e-01 	 2.6821689186e-04
3700 	 3775 	 6.8102423493e-01 	 3.1740854653e-04
3800 	 3878 	 6.8101727338e-01 	 2.6295732581e-04
3900 	 3980 	 6.8101189152e-01 	 2.4806616139e-04
4000 	 4083 	 6.8100743267e-01 	 1.8162941427e-04
4100 	 4185 	 6.8100388046e-01 	 3.5849370411e-04
4200 	 4288 	 6.8100052384e-01 	 1.9518345304e-04
4300 	 4390 	 6.8099773256e-01 	 1.6530374210e-04
4400 	 4491 	 6.8099492169e-01 	 1.6658228766e-04
4500 	 4593 	 6.8099278900e-01 	 1.7039706007e-04
4600 	 4694 	 6.8099126691e-01 	 1.0801501960e-04
4700 	 4797 	 6.8098991662e-01 	 1.3961075054e-04
4800 	 4898 	 6.8098821880e-01 	 1.6654250028e-04
4900 	 5001 	 6.8098670483e-01 	 1.3585583354e-04
5000 	 5104 	 6.8098515107e-01 	 1.0919596719e-04
5100 	 5207 	 6.8098358996e-01 	 2.2800186452e-04
5200 	 5309 	 6.8098212764e-01 	 3.3611084260e-04
5300 	 5413 	 6.8098072821e-01 	 1.9540917873e-04
5400 	 5515 	 6.8097986222e-01 	 1.0969975210e-04
5500 	 5618 	 6.8097916012e-01 	 8.5453035948e-05
5600 	 5722 	 6.8097838582e-01 	 1.2500296874e-04
5700 	 5823 	 6.8097777343e-01 	 9.9661823622e-05
5800 	 5925 	 6.8097713137e-01 	 9.5363655640e-05
5900 	 6027 	 6.8097643951e-01 	 9.6531144014e-05
6000 	 6129 	 6.8097588863e-01 	 1.3479955320e-04
6100 	 6230 	 6.8097525778e-01 	 1.1868184021e-04
6200 	 6333 	 6.8097462305e-01 	 9.4970095078e-05
6300 	 6436 	 6.8097407787e-01 	 1.0531817291e-04
6400 	 6538 	 6.8097353680e-01 	 9.4982200136e-05
6500 	 6640 	 6.8097281471e-01 	 9.6253232123e-05
6600 	 6742 	 6.8097219909e-01 	 1.3722024113e-04
6700 	 6843 	 6.8097168145e-01 	 6.7793575577e-05
6800 	 6944 	 6.8097127627e-01 	 7.0540831114e-05
6900 	 7046 	 6.8097097524e-01 	 1.6161293989e-04
7000 	 7149 	 6.8097062929e-01 	 7.0737489057e-05
7100 	 7252 	 6.8097032959e-01 	 7.0659190502e-05
7200 	 7355 	 6.8097008445e-01 	 5.6353611469e-05
7300 	 7459 	 6.8096989385e-01 	 4.1678413814e-05
7400 	 7561 	 6.8096977128e-01 	 6.5061688423e-05
7500 	 7663 	 6.8096959206e-01 	 4.4661425992e-05
7600 	 7764 	 6.8096940142e-01 	 9.6017573422e-05
7700 	 7868 	 6.8096920686e-01 	 1.3773866396e-04
7800 	 7971 	 6.8096904022e-01 	 1.3905013176e-04
7900 	 8073 	 6.8096880929e-01 	 4.8699343031e-05
8000 	 8173 	 6.8096858892e-01 	 3.6979397160e-05
8100 	 8276 	 6.8096842669e-01 	 8.5574815478e-05
8200 	 8378 	 6.8096825999e-01 	 7.4006888803e-05
8300 	 8480 	 6.8096807204e-01 	 1.6311709600e-04
8400 	 8583 	 6.8096787822e-01 	 1.2542200297e-04
8500 	 8686 	 6.8096772306e-01 	 3.8618264769e-05
8600 	 8790 	 6.8096760237e-01 	 3.5033929097e-05
8700 	 8893 	 6.8096748920e-01 	 7.5605268693e-05
8800 	 8993 	 6.8096736616e-01 	 2.8277394646e-05
8900 	 9095 	 6.8096723614e-01 	 4.1346412172e-05
9000 	 9196 	 6.8096711530e-01 	 5.2295950332e-05
9100 	 9300 	 6.8096696141e-01 	 3.9645567613e-05
9200 	 9404 	 6.8096681623e-01 	 6.6571116687e-05
100 	 105 	 7.4030576177e-01 	 3.9653798083e-02
200 	 207 	 7.2071067356e-01 	 1.9573828782e-02
300 	 311 	 7.0960405061e-01 	 1.2837163267e-02
400 	 412 	 7.0268326897e-01 	 1.3343018407e-02
500 	 514 	 6.9784073735e-01 	 6.2871118564e-03
600 	 616 	 6.9409010862e-01 	 7.7785532438e-03
700 	 719 	 6.9040351663e-01 	 6.2639613868e-03
800 	 820 	 6.8816800969e-01 	 3.5094611648e-03
900 	 921 	 6.8656399183e-01 	 7.3886134873e-03
1000 	 1022 	 6.8482918055e-01 	 6.1762556564e-03
1100 	 1126 	 6.8379698501e-01 	 2.9000796125e-03
1200 	 1230 	 6.8311962462e-01 	 2.9854703885e-03
1300 	 1332 	 6.8264929898e-01 	 5.2424134834e-03
1400 	 1433 	 6.8217991901e-01 	 4.2848871385e-03
1500 	 1535 	 6.8192252992e-01 	 3.2088021560e-03
1600 	 1637 	 6.8173288865e-01 	 1.5959673926e-03
1700 	 1739 	 6.8160142932e-01 	 2.4395529068e-03
1800 	 1842 	 6.8149099891e-01 	 9.2488343677e-04
1900 	 1943 	 6.8141260697e-01 	 7.3180892582e-04
2000 	 2044 	 6.8135272055e-01 	 9.7605695471e-04
2100 	 2148 	 6.8130402088e-01 	 9.5586363643e-04
2200 	 2252 	 6.8125128877e-01 	 2.0982601662e-03
2300 	 2352 	 6.8120654594e-01 	 9.8098110511e-04
2400 	 2454 	 6.8117248196e-01 	 6.3928136014e-04
2500 	 2555 	 6.8114009325e-01 	 4.3884189548e-04
2600 	 2658 	 6.8112045621e-01 	 3.7182606115e-04
2700 	 2761 	 6.8110391199e-01 	 8.4443726333e-04
2800 	 2865 	 6.8109213889e-01 	 2.9873342379e-04
2900 	 2967 	 6.8108281004e-01 	 1.0948176687e-03
3000 	 3068 	 6.8107342972e-01 	 5.2405143056e-04
3100 	 3169 	 6.8106530053e-01 	 2.8516856379e-04
3200 	 3271 	 6.8105717871e-01 	 3.2090619165e-04
3300 	 3376 	 6.8104920652e-01 	 2.3221766737e-04
3400 	 3478 	 6.8104280232e-01 	 2.7840842786e-04
3500 	 3581 	 6.8103655663e-01 	 3.4071762818e-04
3600 	 3682 	 6.8103122603e-01 	 3.2988030192e-04
3700 	 3784 	 6.8102598319e-01 	 2.9053099216e-04
3800 	 3887 	 6.8102024191e-01 	 5.7042903059e-04
3900 	 3990 	 6.8101455327e-01 	 2.4726365720e-04
4000 	 4094 	 6.8100914795e-01 	 3.6206749562e-04
4100 	 4196 	 6.8100448051e-01 	 2.3799286231e-04
4200 	 4298 	 6.8100053922e-01 	 1.9725395104e-04
4300 	 4403 	 6.8099644546e-01 	 3.3544392103e-04
4400 	 4508 	 6.8099305442e-01 	 1.8095158052e-04
4500 	 4611 	 6.8099066977e-01 	 1.7687244462e-04
4600 	 4712 	 6.8098894157e-01 	 1.9073892764e-04
4700 	 4815 	 6.8098720290e-01 	 2.3299918219e-04
4800 	 4919 	 6.8098554150e-01 	 1.2037224423e-04
4900 	 5021 	 6.8098410812e-01 	 1.8692404171e-04
5000 	 5122 	 6.8098293615e-01 	 1.1205828630e-04
5100 	 5225 	 6.8098178816e-01 	 2.1213172492e-04
5200 	 5325 	 6.8098073677e-01 	 1.0815604494e-04
5300 	 5427 	 6.8097980120e-01 	 8.0141275047e-05
5400 	 5529 	 6.8097894903e-01 	 8.1413876343e-05
5500 	 5634 	 6.8097830018e-01 	 9.7443028535e-05
5600 	 5737 	 6.8097751718e-01 	 1.3131796756e-04
5700 	 5841 	 6.8097677695e-01 	 7.9511927573e-05
5800 	 5943 	 6.8097608623e-01 	 7.2661075625e-05
5900 	 6044 	 6.8097545756e-01 	 9.3700125121e-05
6000 	 6145 	 6.8097486035e-01 	 8.3907571260e-05
6100 	 6247 	 6.8097436622e-01 	 1.1433489262e-04
6200 	 6348 	 6.8097392834e-01 	 6.9637361453e-05
6300 	 6449 	 6.8097351608e-01 	 6.8015851789e-05
6400 	 6551 	 6.8097311909e-01 	 6.0858458933e-05
6500 	 6653 	 6.8097275106e-01 	 7.2994512128e-05
6600 	 6755 	 6.8097235273e-01 	 1.5453855077e-04
6700 	 6857 	 6.8097192765e-01 	 7.7182227330e-05
6800 	 6959 	 6.8097147533e-01 	 2.0339602571e-04
6900 	 7063 	 6.8097112434e-01 	 5.2970535114e-05
7000 	 7166 	 6.8097085992e-01 	 8.1360142724e-05
7100 	 7269 	 6.8097053602e-01 	 5.8568584680e-05
7200 	 7371 	 6.8097022008e-01 	 1.0636112803e-04
7300 	 7472 	 6.8096993929e-01 	 5.3658162971e-05
7400 	 7577 	 6.8096969217e-01 	 7.2840602787e-05
7500 	 7679 	 6.8096944577e-01 	 4.0520026912e-05
7600 	 7781 	 6.8096925250e-01 	 3.9629971327e-05
7700 	 7883 	 6.8096908502e-01 	 9.2766352356e-05
7800 	 7986 	 6.8096891337e-01 	 7.2242661963e-05
7900 	 8088 	 6.8096876374e-01 	 4.3677531907e-05
8000 	 8190 	 6.8096860108e-01 	 4.4040914843e-05
8100 	 8291 	 6.8096843762e-01 	 4.3890251867e-05
8200 	 8392 	 6.8096827670e-01 	 4.6809826267e-05
8300 	 8495 	 6.8096809565e-01 	 4.9985246805e-05
8400 	 8596 	 6.8096794264e-01 	 5.4113639415e-05
8500 	 8700 	 6.8096782591e-01 	 4.3255531224e-05
8600 	 8802 	 6.8096771078e-01 	 4.0157339043e-05
8700 	 8904 	 6.8096758679e-01 	 8.0830196650e-05
8800 	 9010 	 6.8096745266e-01 	 4.5366223196e-05
8900 	 9114 	 6.8096731519e-01 	 3.4780343387e-05
9000 	 9216 	 6.8096719516e-01 	 2.7915508872e-05
9100 	 9320 	 6.8096708619e-01 	 4.5917883747e-05
9200 	 9421 	 6.8096696297e-01 	 4.4056373722e-05
9300 	 9523 	 6.8096685187e-01 	 9.7060659485e-05
9400 	 9623 	 6.8096674821e-01 	 3.7683810305e-05
9500 	 9728 	 6.8096665799e-01 	 4.3418095423e-05
9600 	 9830 	 6.8096657328e-01 	 4.1397264359e-05
9700 	 9934 	 6.8096650535e-01 	 4.8933513745e-05
9800 	 10037 	 6.8096644468e-01 	 3.1740655432e-05
9900 	 10138 	 6.8096636038e-01 	 3.3018090870e-05
10000 	 10243 	 6.8096625929e-01 	 5.3760807101e-05
10100 	 10345 	 6.8096613277e-01 	 3.3667075479e-05
10200 	 10447 	 6.8096600641e-01 	 4.9607352122e-05
10300 	 10547 	 6.8096586124e-01 	 7.8735167697e-05
10400 	 10648 	 6.8096572950e-01 	 3.7105181577e-05
10500 	 10750 	 6.8096561419e-01 	 4.5525073083e-05
10600 	 10851 	 6.8096548595e-01 	 4.1750191473e-05
10700 	 10955 	 6.8096538303e-01 	 3.0700407804e-05
10800 	 11056 	 6.8096530900e-01 	 2.2520928625e-05
10900 	 11159 	 6.8096525043e-01 	 2.0614662505e-05
11000 	 11263 	 6.8096520170e-01 	 1.9448385911e-05
11100 	 11364 	 6.8096515284e-01 	 3.7696916597e-05
11200 	 11465 	 6.8096510905e-01 	 3.5842064449e-05
11300 	 11567 	 6.8096507570e-01 	 1.9293724411e-05
11400 	 11670 	 6.8096505098e-01 	 1.4563105133e-05
11500 	 11773 	 6.8096503255e-01 	 1.8484482411e-05
11600 	 11875 	 6.8096501115e-01 	 1.7264634672e-05
11700 	 11980 	 6.8096499377e-01 	 2.0151596035e-05
11800 	 12083 	 6.8096497409e-01 	 1.6324447912e-05
11900 	 12184 	 6.8096494919e-01 	 1.7590768363e-05
12000 	 12285 	 6.8096492547e-01 	 1.3268570248e-05
12100 	 12388 	 6.8096490092e-01 	 4.5374766624e-05
12200 	 12490 	 6.8096488236e-01 	 1.2513368424e-05
12300 	 12591 	 6.8096486605e-01 	 1.4009630858e-05
12400 	 12696 	 6.8096485075e-01 	 1.6388646481e-05
12500 	 12797 	 6.8096483043e-01 	 1.1836623614e-05
12600 	 12899 	 6.8096480839e-01 	 1.5714847060e-05
12700 	 13002 	 6.8096478683e-01 	 1.9455977143e-05
12800 	 13104 	 6.8096476449e-01 	 1.4069952993e-05
12900 	 13207 	 6.8096473713e-01 	 1.8843660698e-05
13000 	 13310 	 6.8096470695e-01 	 1.6020875132e-05
13100 	 13412 	 6.8096467589e-01 	 5.6069842243e-05
13200 	 13514 	 6.8096464715e-01 	 2.5063960329e-05
13300 	 13617 	 6.8096461557e-01 	 2.7712690033e-05
13400 	 13717 	 6.8096458798e-01 	 1.2334742737e-05
13500 	 13819 	 6.8096456423e-01 	 2.2625166700e-05
13600 	 13922 	 6.8096454475e-01 	 1.8914488267e-05
13700 	 14022 	 6.8096452296e-01 	 2.6504348425e-05
13800 	 14126 	 6.8096450418e-01 	 1.5018718766e-05
13900 	 14230 	 6.8096448835e-01 	 1.1636982071e-05
14000 	 14331 	 6.8096447769e-01 	 1.3449116263e-05
14100 	 14434 	 6.8096446711e-01 	 1.0496692050e-05
14200 	 14536 	 6.8096445631e-01 	 1.5415477479e-05
14300 	 14637 	 6.8096444775e-01 	 1.2136081491e-05
14400 	 14740 	 6.8096443858e-01 	 8.2428196648e-06
14500 	 14842 	 6.8096442836e-01 	 9.5420982323e-06
14600 	 14945 	 6.8096441678e-01 	 1.2477392907e-05
14700 	 15049 	 6.8096440696e-01 	 1.2016741319e-05
14800 	 15153 	 6.8096439708e-01 	 2.1280754181e-05
14900 	 15255 	 6.8096438997e-01 	 1.8172780442e-05
15000 	 15356 	 6.8096438252e-01 	 1.1355422545e-05
15100 	 15460 	 6.8096437738e-01 	 6.5350195003e-06
15200 	 15561 	 6.8096437258e-01 	 6.4505290601e-06
15300 	 15662 	 6.8096436666e-01 	 6.9923300769e-06
15400 	 15763 	 6.8096435912e-01 	 1.1810836937e-05
15500 	 15864 	 6.8096434848e-01 	 1.3689896882e-05
15600 	 15966 	 6.8096433879e-01 	 1.1284646510e-05
15700 	 16070 	 6.8096432857e-01 	 1.0546573523e-05
15800 	 16173 	 6.8096431747e-01 	 1.1308238756e-05
15900 	 16276 	 6.8096430544e-01 	 1.0412311795e-05
16000 	 16378 	 6.8096429653e-01 	 1.4113950533e-05
16100 	 16479 	 6.8096429055e-01 	 6.9502590312e-06
16200 	 16581 	 6.8096428472e-01 	 8.3465838158e-06
16300 	 16681 	 6.8096427978e-01 	 1.6847621068e-05
16400 	 16783 	 6.8096427468e-01 	 7.0818871845e-06
16500 	 16886 	 6.8096427083e-01 	 7.3489482274e-06
16600 	 16987 	 6.8096426692e-01 	 7.8541884144e-06
16700 	 17087 	 6.8096426213e-01 	 8.5906194308e-06
16800 	 17188 	 6.8096425773e-01 	 6.2660922204e-06
16900 	 17288 	 6.8096425538e-01 	 1.1177422495e-05
17000 	 17391 	 6.8096425373e-01 	 5.7132506490e-06
17100 	 17496 	 6.8096425255e-01 	 4.2246088306e-06
17200 	 17599 	 6.8096425171e-01 	 2.3022501120e-06
17300 	 17701 	 6.8096425100e-01 	 4.0614309740e-06
17400 	 17804 	 6.8096424993e-01 	 3.1131934675e-06
17500 	 17906 	 6.8096424853e-01 	 7.6105398942e-06
17600 	 18008 	 6.8096424721e-01 	 4.1903059821e-06
17700 	 18110 	 6.8096424551e-01 	 5.1532965618e-06
17800 	 18213 	 6.8096424334e-01 	 5.5568358604e-06
17900 	 18314 	 6.8096424100e-01 	 4.2762578962e-06
18000 	 18415 	 6.8096423892e-01 	 3.8960915936e-06
18100 	 18517 	 6.8096423636e-01 	 5.6118465406e-06
18200 	 18619 	 6.8096423353e-01 	 5.1108782149e-06
18300 	 18722 	 6.8096423093e-01 	 4.4902716638e-06
18400 	 18823 	 6.8096422854e-01 	 5.2077931930e-06
18500 	 18927 	 6.8096422649e-01 	 4.8047573466e-06
18600 	 19028 	 6.8096422452e-01 	 5.0169496439e-06
18700 	 19132 	 6.8096422315e-01 	 3.6179203439e-06
18800 	 19234 	 6.8096422157e-01 	 5.0731241460e-06
18900 	 19336 	 6.8096421986e-01 	 5.6026824224e-06
19000 	 19439 	 6.8096421769e-01 	 5.3996508647e-06
19100 	 19542 	 6.8096421583e-01 	 4.6300837832e-06
19200 	 19643 	 6.8096421397e-01 	 4.2434105735e-06
19300 	 19744 	 6.8096421176e-01 	 4.8871367593e-06
19400 	 19845 	 6.8096421012e-01 	 6.7416164390e-06
19500 	 19948 	 6.8096420793e-01 	 6.0160469679e-06
19600 	 20049 	 6.8096420562e-01 	 4.4888732789e-06
19700 	 20153 	 6.8096420377e-01 	 5.9538470757e-06
19800 	 20257 	 6.8096420210e-01 	 4.5770010292e-06
19900 	 20359 	 6.8096420080e-01 	 3.5938522219e-06
20000 	 20460 	 6.8096419979e-01 	 2.4073724016e-06
20100 	 20561 	 6.8096419896e-01 	 3.3983750686e-06
20200 	 20663 	 6.8096419831e-01 	 3.8172341254e-06
20300 	 20766 	 6.8096419772e-01 	 1.8606504621e-06
20400 	 20870 	 6.8096419729e-01 	 2.4818746812e-06
20500 	 20973 	 6.8096419697e-01 	 2.0009525299e-06
20600 	 21074 	 6.8096419667e-01 	 1.5712019038e-06
20700 	 21177 	 6.8096419635e-01 	 1.6118867710e-06
20800 	 21278 	 6.8096419606e-01 	 2.1058328011e-06
20900 	 21380 	 6.8096419580e-01 	 1.4234509057e-06
21000 	 21483 	 6.8096419559e-01 	 4.1103280156e-06
21100 	 21586 	 6.8096419544e-01 	 1.1424676049e-06
21200 	 21689 	 6.8096419528e-01 	 1.6957439119e-06
21300 	 21791 	 6.8096419515e-01 	 2.2931439473e-06
21400 	 21893 	 6.8096419500e-01 	 1.8193848720e-06
21500 	 21995 	 6.8096419481e-01 	 1.5225789384e-06
21600 	 22097 	 6.8096419461e-01 	 1.9027413686e-06
21700 	 22198 	 6.8096419437e-01 	 2.0425054206e-06
21800 	 22300 	 6.8096419415e-01 	 1.5414368103e-06
21900 	 22401 	 6.8096419395e-01 	 4.0551495436e-06
22000 	 22503 	 6.8096419377e-01 	 1.6191413085e-06
22100 	 22606 	 6.8096419359e-01 	 1.3636456427e-06
22200 	 22710 	 6.8096419339e-01 	 1.6847498174e-06
22300 	 22813 	 6.8096419316e-01 	 1.5226888077e-06
22400 	 22917 	 6.8096419299e-01 	 1.9165660982e-06
22500 	 23021 	 6.8096419286e-01 	 1.2633589004e-06
22600 	 23124 	 6.8096419277e-01 	 9.1004782178e-07
22700 	 23229 	 6.8096419268e-01 	 7.2250307078e-07
22800 	 23330 	 6.8096419259e-01 	 9.3647441782e-07
22900 	 23430 	 6.8096419246e-01 	 1.3878422170e-06
23000 	 23535 	 6.8096419232e-01 	 9.7306229361e-07
23100 	 23636 	 6.8096419219e-01 	 1.2407709306e-06
23200 	 23741 	 6.8096419205e-01 	 2.9803077533e-06
23300 	 23844 	 6.8096419190e-01 	 1.1919490986e-06
23400 	 23945 	 6.8096419172e-01 	 1.2101523012e-06
23500 	 24049 	 6.8096419156e-01 	 1.2366992656e-06
23600 	 24151 	 6.8096419139e-01 	 3.3368057107e-06
23700 	 24253 	 6.8096419126e-01 	 1.9656691748e-06
23800 	 24357 	 6.8096419118e-01 	 1.6862828249e-06
23900 	 24458 	 6.8096419109e-01 	 9.9492462914e-07
24000 	 24558 	 6.8096419103e-01 	 1.0556841722e-06
24100 	 24659 	 6.8096419098e-01 	 1.6825279657e-06
24200 	 24764 	 6.8096419094e-01 	 1.7561820631e-06
24300 	 24866 	 6.8096419089e-01 	 4.4552257162e-07
24400 	 24969 	 6.8096419086e-01 	 7.3884067639e-07
24500 	 25071 	 6.8096419082e-01 	 8.5929748181e-07
24600 	 25173 	 6.8096419079e-01 	 6.5079540133e-07
24700 	 25275 	 6.8096419076e-01 	 7.9802837629e-07
24800 	 25376 	 6.8096419074e-01 	 1.1112147244e-06
24900 	 25477 	 6.8096419072e-01 	 4.1270848474e-07
25000 	 25578 	 6.8096419070e-01 	 3.3165316045e-07
25100 	 25681 	 6.8096419069e-01 	 7.0679623865e-07
25200 	 25783 	 6.8096419067e-01 	 4.5179415759e-07
25300 	 25886 	 6.8096419064e-01 	 4.9213359514e-07
25400 	 25988 	 6.8096419062e-01 	 7.5806337279e-07
25500 	 26091 	 6.8096419059e-01 	 5.3444471475e-07
25600 	 26194 	 6.8096419057e-01 	 6.1378292598e-07
25700 	 26296 	 6.8096419055e-01 	 6.9048066995e-07
25800 	 26397 	 6.8096419053e-01 	 4.9094813219e-07
25900 	 26500 	 6.8096419052e-01 	 4.7893189849e-07
26000 	 26602 	 6.8096419050e-01 	 2.9515546396e-07
26100 	 26704 	 6.8096419049e-01 	 3.2530289059e-07
26200 	 26808 	 6.8096419048e-01 	 4.5604777809e-07
26300 	 26910 	 6.8096419046e-01 	 4.4627093617e-07
26400 	 27012 	 6.8096419045e-01 	 5.2947022652e-07
26500 	 27115 	 6.8096419043e-01 	 5.6516070397e-07
26600 	 27216 	 6.8096419041e-01 	 4.4998055935e-07
26700 	 27317 	 6.8096419039e-01 	 9.7421911557e-07
26800 	 27421 	 6.8096419037e-01 	 5.2919753374e-07
26900 	 27523 	 6.8096419035e-01 	 4.1317808501e-07
27000 	 27626 	 6.8096419034e-01 	 3.6840600708e-07
27100 	 27730 	 6.8096419033e-01 	 4.0749451890e-07
27200 	 27834 	 6.8096419032e-01 	 2.3490007615e-07
27300 	 27936 	 6.8096419032e-01 	 3.3210361216e-07
27400 	 28039 	 6.8096419031e-01 	 2.9429706924e-07
27500 	 28143 	 6.8096419030e-01 	 3.2496931866e-07
27600 	 28243 	 6.8096419029e-01 	 2.8206479467e-07
27700 	 28345 	 6.8096419029e-01 	 4.1550913328e-07
27800 	 28448 	 6.8096419028e-01 	 2.7562628827e-07
27900 	 28551 	 6.8096419027e-01 	 3.6868236724e-07
28000 	 28653 	 6.8096419026e-01 	 2.3608340735e-07
28100 	 28755 	 6.8096419025e-01 	 3.4099627312e-07
28200 	 28857 	 6.8096419025e-01 	 4.8916891696e-07
28300 	 28958 	 6.8096419024e-01 	 4.3612630396e-07
28400 	 29060 	 6.8096419023e-01 	 4.0442804708e-07
28500 	 29162 	 6.8096419022e-01 	 3.1120679444e-07
28600 	 29264 	 6.8096419021e-01 	 5.5174560208e-07
28700 	 29368 	 6.8096419021e-01 	 2.2976777391e-07
28800 	 29472 	 6.8096419020e-01 	 3.5504459575e-07
28900 	 29575 	 6.8096419020e-01 	 1.9902506112e-07
29000 	 29676 	 6.8096419019e-01 	 2.5290929347e-07
29100 	 29779 	 6.8096419019e-01 	 3.7679928421e-07
29200 	 29882 	 6.8096419018e-01 	 2.1797754475e-07
29300 	 29986 	 6.8096419017e-01 	 2.2928369149e-07
29400 	 30086 	 6.8096419017e-01 	 2.0035225770e-07
29500 	 30188 	 6.8096419016e-01 	 4.0731590850e-07
29600 	 30290 	 6.8096419016e-01 	 1.4952953209e-07
29700 	 30394 	 6.8096419016e-01 	 1.9282759637e-07
29800 	 30495 	 6.8096419016e-01 	 2.8291950253e-07
29900 	 30599 	 6.8096419015e-01 	 1.4937524299e-07
30000 	 30701 	 6.8096419015e-01 	 2.7725379896e-07
30100 	 30804 	 6.8096419015e-01 	 3.1481557754e-07
30200 	 30907 	 6.8096419015e-01 	 1.8558330098e-07
30300 	 31009 	 6.8096419014e-01 	 1.4981153804e-07
30400 	 31111 	 6.8096419014e-01 	 1.2257238504e-07
30500 	 31215 	 6.8096419014e-01 	 1.2646321457e-07
30600 	 31315 	 6.8096419014e-01 	 1.2736486326e-07
30700 	 31419 	 6.8096419014e-01 	 8.2740595959e-08
30800 	 31523 	 6.8096419014e-01 	 8.9431115097e-08
30900 	 31626 	 6.8096419014e-01 	 9.8644492824e-08
31000 	 31731 	 6.8096419014e-01 	 8.8458557583e-08
31100 	 31834 	 6.8096419013e-01 	 1.4480099328e-07
31200 	 31938 	 6.8096419013e-01 	 9.7813206174e-08
31300 	 32039 	 6.8096419013e-01 	 1.4407325059e-07
31400 	 32143 	 6.8096419013e-01 	 9.8787157358e-08
31500 	 32247 	 6.8096419013e-01 	 1.6562212524e-07
31600 	 32348 	 6.8096419013e-01 	 9.2465541464e-08
31700 	 32450 	 6.8096419013e-01 	 1.4968891370e-07
31800 	 32555 	 6.8096419013e-01 	 1.0019825305e-07
31900 	 32655 	 6.8096419013e-01 	 2.5309965902e-07
32000 	 32757 	 6.8096419012e-01 	 1.3077528055e-07
32100 	 32861 	 6.8096419012e-01 	 2.0505479153e-07
32200 	 32963 	 6.8096419012e-01 	 1.9767570831e-07
32300 	 33066 	 6.8096419012e-01 	 1.7044670251e-07
32400 	 33169 	 6.8096419012e-01 	 1.0300065133e-07
32500 	 33271 	 6.8096419012e-01 	 9.7181358179e-08
32600 	 33372 	 6.8096419012e-01 	 1.0717191647e-07
32700 	 33476 	 6.8096419012e-01 	 7.3016976669e-08
32800 	 33581 	 6.8096419012e-01 	 5.2735212109e-08
32900 	 33688 	 6.8096419011e-01 	 7.0252742707e-08
33000 	 33806 	 6.8096419011e-01 	 5.2912215709e-08
33100 	 33920 	 6.8096419011e-01 	 1.1200597670e-07
33200 	 34031 	 6.8096419011e-01 	 4.9036813735e-08
33300 	 34147 	 6.8096419011e-01 	 5.0621492689e-08
33400 	 34263 	 6.8096419011e-01 	 6.3718166929e-08
33500 	 34379 	 6.8096419011e-01 	 2.3138471937e-08
# ---- 
 1 		 33544 	 34450 		 1.2571356526e+00 	 6.8096419011e-01 	 7.0345299020e-08
# ---- 
100 	 103 	 2.8096389253e+00 	 1.6110813964e-02
200 	 205 	 2.7982435574e+00 	 3.0508180392e-02
300 	 306 	 2.7940223107e+00 	 6.8064757966e-03
400 	 408 	 2.7915869069e+00 	 8.2762862111e-03
500 	 510 	 2.7901268078e+00 	 8.0795885746e-03
600 	 612 	 2.7892051325e+00 	 3.4007480522e-03
700 	 714 	 2.7887623209e+00 	 4.9971633074e-03
800 	 818 	 2.7885160354e+00 	 2.3602082987e-03
900 	 919 	 2.7882748682e+00 	 1.6350292574e-03
1000 	 1022 	 2.7880981035e+00 	 1.4428368155e-03
1100 	 1124 	 2.7879784094e+00 	 1.5593294542e-03
1200 	 1225 	 2.7878970500e+00 	 1.1684454162e-03
1300 	 1327 	 2.7878343354e+00 	 1.1613168518e-03
1400 	 1430 	 2.7877914217e+00 	 1.1920068556e-03
1500 	 1532 	 2.7877595432e+00 	 7.6732448619e-04
1600 	 1635 	 2.7877265095e+00 	 6.9183091105e-04
1700 	 1736 	 2.7876974153e+00 	 1.2467286235e-03
1800 	 1838 	 2.7876689485e+00 	 5.4280024149e-04
1900 	 1941 	 2.7876497796e+00 	 1.2393027204e-03
2000 	 2044 	 2.7876346419e+00 	 4.3003154338e-04
2100 	 2146 	 2.7876225277e+00 	 3.6930497268e-04
2200 	 2248 	 2.7876138217e+00 	 3.3640325896e-04
2300 	 2350 	 2.7876045338e+00 	 2.9875592332e-04
2400 	 2453 	 2.7875970716e+00 	 2.4879396730e-04
2500 	 2555 	 2.7875909688e+00 	 2.3145840249e-04
2600 	 2660 	 2.7875838988e+00 	 8.2090772444e-04
2700 	 2763 	 2.7875776228e+00 	 3.3380753082e-04
2800 	 2867 	 2.7875720522e+00 	 4.0479975451e-04
2900 	 2970 	 2.7875665617e+00 	 2.6822777589e-04
3000 	 3074 	 2.7875619967e+00 	 2.2915893908e-04
3100 	 3176 	 2.7875582475e+00 	 1.6046618236e-04
3200 	 3278 	 2.7875553316e+00 	 2.5682471321e-04
3300 	 3379 	 2.7875523560e+00 	 4.0791128827e-04
3400 	 3481 	 2.7875502186e+00 	 3.2309882113e-04
3500 	 3582 	 2.7875482370e+00 	 1.9641688433e-04
3600 	 3683 	 2.7875462845e+00 	 1.7252664620e-04
3700 	 3784 	 2.7875448159e+00 	 9.4273523821e-05
3800 	 3885 	 2.7875438728e+00 	 7.2364976841e-05
3900 	 3988 	 2.7875431017e+00 	 8.4231235837e-05
4000 	 4090 	 2.7875423011e+00 	 9.0795397037e-05
4100 	 4192 	 2.7875413783e+00 	 2.7210145211e-04
4200 	 4296 	 2.7875404365e+00 	 1.1057700731e-04
4300 	 4399 	 2.7875396959e+00 	 1.6861950359e-04
4400 	 4501 	 2.7875390066e+00 	 6.8575053655e-05
4500 	 4603 	 2.7875382936e+00 	 1.0324800717e-04
4600 	 4706 	 2.7875376936e+00 	 7.0660763253e-05
4700 	 4807 	 2.7875371741e+00 	 2.0228058441e-04
4800 	 4909 	 2.7875366008e+00 	 8.9659963573e-05
4900 	 5012 	 2.7875360958e+00 	 6.2306351819e-05
5000 	 5113 	 2.7875357047e+00 	 5.8805224311e-05
5100 	 5214 	 2.7875354063e+00 	 4.1604717333e-05
5200 	 5318 	 2.7875351730e+00 	 5.6777637471e-05
5300 	 5420 	 2.7875349608e+00 	 4.7553564972e-05
5400 	 5522 	 2.7875347937e+00 	 3.7681369786e-05
5500 	 5623 	 2.7875346876e+00 	 7.1318288031e-05
5600 	 5727 	 2.7875345969e+00 	 4.0280671716e-05
5700 	 5830 	 2.7875345050e+00 	 3.7446734172e-05
5800 	 5932 	 2.7875344071e+00 	 2.9984240881e-05
5900 	 6036 	 2.7875343259e+00 	 2.8550187316e-05
6000 	 6139 	 2.7875342465e+00 	 6.1990370336e-05
6100 	 6242 	 2.7875341738e+00 	 5.3111359457e-05
6200 	 6343 	 2.7875340988e+00 	 5.1949787336e-05
6300 	 6443 	 2.7875340085e+00 	 3.4187861623e-05
6400 	 6546 	 2.7875339340e+00 	 2.6414168310e-05
6500 	 6646 	 2.7875338752e+00 	 2.6305120645e-05
6600 	 6748 	 2.7875338355e+00 	 1.6065798010e-05
6700 	 6849 	 2.7875337973e+00 	 2.9409964687e-05
6800 	 6954 	 2.7875337510e+00 	 2.1107239838e-05
6900 	 7058 	 2.7875337067e+00 	 2.3765856199e-05
7000 	 7161 	 2.7875336644e+00 	 2.1282787146e-05
7100 	 7263 	 2.7875336323e+00 	 1.5464362543e-05
7200 	 7365 	 2.7875336067e+00 	 1.7923354055e-05
7300 	 7466 	 2.7875335781e+00 	 2.6177650002e-05
7400 	 7567 	 2.7875335541e+00 	 1.2765136494e-05
7500 	 7669 	 2.7875335281e+00 	 1.7196491164e-05
7600 	 7772 	 2.7875335027e+00 	 1.8832703479e-05
7700 	 7873 	 2.7875334820e+00 	 1.6103153935e-05
7800 	 7976 	 2.7875334668e+00 	 2.1233430938e-05
7900 	 8077 	 2.7875334544e+00 	 1.5545153963e-05
8000 	 8179 	 2.7875334443e+00 	 1.1443632852e-05
8100 	 8281 	 2.7875334349e+00 	 1.2595908171e-05
8200 	 8383 	 2.7875334266e+00 	 8.6661069909e-06
8300 	 8485 	 2.7875334184e+00 	 8.5675593145e-06
8400 	 8587 	 2.7875334100e+00 	 1.2391334126e-05
8500 	 8689 	 2.7875333995e+00 	 1.1271438050e-05
8600 	 8791 	 2.7875333902e+00 	 1.1603941206e-05
8700 	 8891 	 2.7875333847e+00 	 7.5216434274e-06
8800 	 8992 	 2.7875333799e+00 	 7.7272508550e-06
8900 	 9093 	 2.7875333745e+00 	 1.9491537514e-05
9000 	 9194 	 2.7875333703e+00 	 5.4006211271e-06
9100 	 9294 	 2.7875333667e+00 	 7.3217919506e-06
9200 	 9398 	 2.7875333634e+00 	 1.1407169342e-05
9300 	 9500 	 2.7875333600e+00 	 1.5267292429e-05
9400 	 9603 	 2.7875333563e+00 	 5.7285213551e-06
9500 	 9705 	 2.7875333533e+00 	 4.4715843413e-06
9600 	 9809 	 2.7875333502e+00 	 5.1873361633e-06
9700 	 9912 	 2.7875333477e+00 	 6.2513274088e-06
9800 	 10017 	 2.7875333457e+00 	 6.6997697384e-06
9900 	 10117 	 2.7875333438e+00 	 3.1723990128e-06
10000 	 10219 	 2.7875333421e+00 	 5.0514283283e-06
10100 	 10321 	 2.7875333403e+00 	 4.0036560362e-06
10200 	 10423 	 2.7875333389e+00 	 6.6449417386e-06
10300 	 10525 	 2.7875333372e+00 	 5.0676863230e-06
10400 	 10627 	 2.7875333355e+00 	 1.1341665629e-05
10500 	 10729 	 2.7875333339e+00 	 3.5033219613e-06
10600 	 10830 	 2.7875333326e+00 	 3.9039618288e-06
10700 	 10932 	 2.7875333315e+00 	 2.5565275470e-06
10800 	 11035 	 2.7875333307e+00 	 2.9855535285e-06
10900 	 11139 	 2.7875333298e+00 	 3.9084131007e-06
11000 	 11240 	 2.7875333287e+00 	 2.5316997655e-06
11100 	 11344 	 2.7875333276e+00 	 3.5437054038e-06
11200 	 11446 	 2.7875333267e+00 	 2.5936457985e-06
11300 	 11547 	 2.7875333258e+00 	 3.3271660136e-06
11400 	 11650 	 2.7875333250e+00 	 2.4442352163e-06
11500 	 11753 	 2.7875333243e+00 	 2.5224583783e-06
11600 	 11855 	 2.7875333237e+00 	 5.4705188668e-06
11700 	 11959 	 2.7875333232e+00 	 1.8424511672e-06
11800 	 12060 	 2.7875333227e+00 	 4.3461180423e-06
11900 	 12162 	 2.7875333223e+00 	 2.9867255954e-06
12000 	 12265 	 2.7875333219e+00 	 3.1399692943e-06
12100 	 12367 	 2.7875333216e+00 	 1.6197750295e-06
12200 	 12469 	 2.7875333214e+00 	 3.5777484871e-06
12300 	 12571 	 2.7875333211e+00 	 1.6924430722e-06
12400 	 12673 	 2.7875333209e+00 	 1.8254864088e-06
12500 	 12776 	 2.7875333206e+00 	 1.4600882101e-06
12600 	 12879 	 2.7875333205e+00 	 1.1263163512e-06
12700 	 12981 	 2.7875333203e+00 	 1.3321661511e-06
12800 	 13085 	 2.7875333202e+00 	 1.2666262858e-06
12900 	 13186 	 2.7875333200e+00 	 9.1172524352e-07
13000 	 13289 	 2.7875333199e+00 	 1.3490914651e-06
13100 	 13394 	 2.7875333197e+00 	 1.8514535083e-06
13200 	 13495 	 2.7875333196e+00 	 1.7210618874e-06
13300 	 13599 	 2.7875333195e+00 	 8.5451297515e-07
13400 	 13699 	 2.7875333194e+00 	 2.3698566282e-06
13500 	 13801 	 2.7875333194e+00 	 1.0494820891e-06
13600 	 13904 	 2.7875333192e+00 	 1.5375996702e-06
13700 	 14006 	 2.7875333191e+00 	 1.0570836168e-06
13800 	 14110 	 2.7875333190e+00 	 1.6796497786e-06
13900 	 14212 	 2.7875333189e+00 	 2.9674437493e-06
14000 	 14315 	 2.7875333188e+00 	 1.2539421266e-06
14100 	 14417 	 2.7875333188e+00 	 9.6936795855e-07
14200 	 14519 	 2.7875333187e+00 	 1.0571127925e-06
14300 	 14623 	 2.7875333186e+00 	 1.1104034324e-06
14400 	 14726 	 2.7875333185e+00 	 7.7782429979e-07
14500 	 14827 	 2.7875333185e+00 	 7.5679110978e-07
14600 	 14930 	 2.7875333185e+00 	 1.2486184592e-06
14700 	 15032 	 2.7875333184e+00 	 6.5497724213e-07
14800 	 15134 	 2.7875333184e+00 	 4.5970561174e-07
14900 	 15238 	 2.7875333184e+00 	 5.2743343342e-07
15000 	 15340 	 2.7875333184e+00 	 4.3384691262e-07
15100 	 15442 	 2.7875333184e+00 	 4.7814373762e-07
15200 	 15547 	 2.7875333183e+00 	 6.0113959462e-07
15300 	 15649 	 2.7875333183e+00 	 1.0741442369e-06
15400 	 15751 	 2.7875333183e+00 	 8.5443005498e-07
15500 	 15854 	 2.7875333183e+00 	 4.7904882266e-07
15600 	 15955 	 2.7875333183e+00 	 4.4599330017e-07
15700 	 16059 	 2.7875333182e+00 	 5.7449005669e-07
15800 	 16164 	 2.7875333182e+00 	 3.8231212998e-07
15900 	 16268 	 2.7875333182e+00 	 7.5537937511e-07
16000 	 16371 	 2.7875333182e+00 	 3.9106021401e-07
16100 	 16475 	 2.7875333182e+00 	 3.4408536852e-07
16200 	 16577 	 2.7875333182e+00 	 3.2763581648e-07
16300 	 16680 	 2.7875333182e+00 	 5.0975457574e-07
16400 	 16781 	 2.7875333182e+00 	 3.6788949997e-07
16500 	 16884 	 2.7875333182e+00 	 2.3228223724e-07
16600 	 16987 	 2.7875333181e+00 	 2.2222461029e-07
16700 	 17090 	 2.7875333181e+00 	 3.0007802825e-07
16800 	 17193 	 2.7875333181e+00 	 5.0371702563e-07
16900 	 17294 	 2.7875333181e+00 	 2.6579227837e-07
17000 	 17396 	 2.7875333181e+00 	 2.1108637689e-07
17100 	 17497 	 2.7875333181e+00 	 3.2205099412e-07
17200 	 17599 	 2.7875333181e+00 	 2.7134383526e-07
17300 	 17701 	 2.7875333181e+00 	 1.9808602332e-07
17400 	 17804 	 2.7875333181e+00 	 1.1501972989e-07
17500 	 17906 	 2.7875333181e+00 	 1.0919730861e-07
17600 	 18006 	 2.7875333181e+00 	 2.3732631979e-07
17700 	 18113 	 2.7875333181e+00 	 1.3718742780e-07
17800 	 18218 	 2.7875333181e+00 	 1.8905124929e-07
17900 	 18322 	 2.7875333181e+00 	 1.4197092198e-07
18000 	 18422 	 2.7875333181e+00 	 1.9088403320e-07
18100 	 18527 	 2.7875333181e+00 	 3.5819460007e-07
18200 	 18632 	 2.7875333181e+00 	 1.5621250649e-07
18300 	 18739 	 2.7875333181e+00 	 1.5822225395e-07
18400 	 18845 	 2.7875333181e+00 	 1.7579053083e-07
18500 	 18953 	 2.7875333181e+00 	 2.1722589584e-07
18600 	 19060 	 2.7875333181e+00 	 1.1647318894e-07
18700 	 19172 	 2.7875333181e+00 	 1.4335065282e-07
18800 	 19289 	 2.7875333181e+00 	 8.9774395390e-08
18900 	 19401 	 2.7875333181e+00 	 4.8737862485e-08
19000 	 19521 	 2.7875333181e+00 	 1.0964550692e-07
19100 	 19649 	 2.7875333181e+00 	 1.1872876293e-07
19200 	 19768 	 2.7875333181e+00 	 8.6322477534e-08
# ---- 
 1 		 19242 	 19830 		 3.3242951628e+00 	 2.7875333181e+00 	 7.3930871539e-08
# ---- 
100 	 102 	 6.3660814427e+00 	 1.3477480109e-02
200 	 202 	 6.3585363521e+00 	 7.7959344580e-03
300 	 305 	 6.3559563791e+00 	 6.1516771317e-03
400 	 407 	 6.3542934815e+00 	 1.4378705441e-02
500 	 509 	 6.3533582324e+00 	 3.7221251271e-03
600 	 611 	 6.3527921489e+00 	 3.2435220141e-03
700 	 713 	 6.3525177571e+00 	 2.0284751921e-03
800 	 815 	 6.3522996728e+00 	 2.2637754350e-03
900 	 916 	 6.3521558905e+00 	 9.3557010355e-04
1000 	 1018 	 6.3520610163e+00 	 1.3910192744e-03
1100 	 1120 	 6.3519893490e+00 	 6.2435441696e-04
1200 	 1221 	 6.3519441329e+00 	 7.2680932645e-04
1300 	 1323 	 6.3519146219e+00 	 5.0848192145e-04
1400 	 1427 	 6.3518916500e+00 	 9.9624886889e-04
1500 	 1529 	 6.3518696217e+00 	 4.3957063276e-04
1600 	 1635 	 6.3518500055e+00 	 4.7777249547e-04
1700 	 1739 	 6.3518328509e+00 	 5.2492959226e-04
1800 	 1840 	 6.3518211440e+00 	 5.2815982826e-04
1900 	 1941 	 6.3518131536e+00 	 2.9752432656e-04
2000 	 2044 	 6.3518050494e+00 	 3.3512986091e-04
2100 	 2146 	 6.3517970950e+00 	 3.2193157787e-04
2200 	 2248 	 6.3517889003e+00 	 3.6012747529e-04
2300 	 2349 	 6.3517817891e+00 	 5.2987186980e-04
2400 	 2452 	 6.3517761548e+00 	 3.3505187741e-04
2500 	 2555 	 6.3517712158e+00 	 2.2732593446e-04
2600 	 2657 	 6.3517673526e+00 	 2.0598998337e-04
2700 	 2759 	 6.3517639604e+00 	 3.3509993241e-04
2800 	 2863 	 6.3517611518e+00 	 1.6493880144e-04
2900 	 2964 	 6.3517586454e+00 	 3.3341973295e-04
3000 	 3068 	 6.3517567588e+00 	 2.1716632297e-04
3100 	 3172 	 6.3517548999e+00 	 1.1343453073e-04
3200 	 3274 	 6.3517533742e+00 	 1.4819870253e-04
3300 	 3376 	 6.3517520178e+00 	 1.0801346161e-04
3400 	 3478 	 6.3517507802e+00 	 1.7456261268e-04
3500 	 3579 	 6.3517497674e+00 	 1.0212939188e-04
3600 	 3680 	 6.3517490103e+00 	 8.9442696121e-05
3700 	 3784 	 6.3517483462e+00 	 1.5708411333e-04
3800 	 3886 	 6.3517477229e+00 	 7.1405901356e-05
3900 	 3989 	 6.3517471904e+00 	 1.6327767286e-04
4000 	 4093 	 6.3517467585e+00 	 7.2759039844e-05
4100 	 4198 	 6.3517463309e+00 	 7.2411416594e-05
4200 	 4301 	 6.3517459601e+00 	 1.8684533639e-04
4300 	 4403 	 6.3517455926e+00 	 1.4664688622e-04
4400 	 4506 	 6.3517451678e+00 	 8.1162444668e-05
4500 	 4608 	 6.3517448514e+00 	 5.3345112373e-05
4600 	 4709 	 6.3517446038e+00 	 5.0042800178e-05
4700 	 4811 	 6.3517444312e+00 	 4.7739326328e-05
4800 	 4914 	 6.3517442877e+00 	 4.5004496538e-05
4900 	 5015 	 6.3517441774e+00 	 6.3976571144e-05
5000 	 5120 	 6.3517440897e+00 	 2.6802491948e-05
5100 	 5223 	 6.3517440088e+00 	 4.6808184602e-05
5200 	 5327 	 6.3517439464e+00 	 4.5591546529e-05
5300 	 5430 	 6.3517438875e+00 	 5.9171537820e-05
5400 	 5533 	 6.3517438260e+00 	 3.5186113113e-05
5500 	 5636 	 6.3517437692e+00 	 3.1660326050e-05
5600 	 5739 	 6.3517437032e+00 	 2.2295011028e-05
5700 	 5840 	 6.3517436371e+00 	 1.7615507674e-05
5800 	 5945 	 6.3517436075e+00 	 1.6741759034e-05
5900 	 6047 	 6.3517435784e+00 	 1.6463606115e-05
6000 	 6150 	 6.3517435465e+00 	 1.6682548402e-05
6100 	 6251 	 6.3517435170e+00 	 1.8518860366e-05
6200 	 6354 	 6.3517434895e+00 	 1.7377579686e-05
6300 	 6455 	 6.3517434676e+00 	 1.2111949229e-05
6400 	 6558 	 6.3517434524e+00 	 1.0395386045e-05
6500 	 6660 	 6.3517434377e+00 	 1.1424036227e-05
6600 	 6763 	 6.3517434260e+00 	 2.2937872381e-05
6700 	 6864 	 6.3517434115e+00 	 9.4230687953e-06
6800 	 6966 	 6.3517433993e+00 	 1.3136969356e-05
6900 	 7069 	 6.3517433889e+00 	 7.8344356526e-06
7000 	 7171 	 6.3517433818e+00 	 8.5398983416e-06
7100 	 7276 	 6.3517433756e+00 	 1.5545836895e-05
7200 	 7378 	 6.3517433691e+00 	 9.0719498754e-06
7300 	 7482 	 6.3517433627e+00 	 9.0543525707e-06
7400 	 7583 	 6.3517433576e+00 	 1.1649732122e-05
7500 	 7683 	 6.3517433527e+00 	 2.1366247521e-05
7600 	 7786 	 6.3517433470e+00 	 1.0320287159e-05
7700 	 7886 	 6.3517433416e+00 	 7.4194892783e-06
7800 	 7987 	 6.3517433375e+00 	 7.1820764751e-06
7900 	 8090 	 6.3517433339e+00 	 4.1527010658e-06
8000 	 8192 	 6.3517433304e+00 	 5.5752472447e-06
8100 	 8296 	 6.3517433278e+00 	 3.6933436016e-06
8200 	 8400 	 6.3517433264e+00 	 4.3902592925e-06
8300 	 8501 	 6.3517433250e+00 	 4.3122809593e-06
8400 	 8602 	 6.3517433235e+00 	 4.8091771043e-06
8500 	 8706 	 6.3517433219e+00 	 4.2760890148e-06
8600 	 8808 	 6.3517433204e+00 	 5.4091934330e-06
8700 	 8910 	 6.3517433194e+00 	 4.0511349188e-06
8800 	 9012 	 6.3517433187e+00 	 3.2392732818e-06
8900 	 9116 	 6.3517433180e+00 	 2.5431660422e-06
9000 	 9219 	 6.3517433172e+00 	 2.1941229309e-06
9100 	 9324 	 6.3517433164e+00 	 5.0227508650e-06
9200 	 9427 	 6.3517433157e+00 	 3.9951542817e-06
9300 	 9530 	 6.3517433149e+00 	 2.9077854021e-06
9400 	 9632 	 6.3517433143e+00 	 2.5191185818e-06
9500 	 9734 	 6.3517433138e+00 	 2.4353121897e-06
9600 	 9837 	 6.3517433135e+00 	 1.8198682865e-06
9700 	 9939 	 6.3517433132e+00 	 1.7738345872e-06
9800 	 10040 	 6.3517433129e+00 	 2.1227194627e-06
9900 	 10143 	 6.3517433126e+00 	 1.6677014985e-06
10000 	 10243 	 6.3517433123e+00 	 2.1333748527e-06
10100 	 10344 	 6.3517433120e+00 	 2.2231705136e-06
10200 	 10446 	 6.3517433118e+00 	 1.7680476001e-06
10300 	 10547 	 6.3517433115e+00 	 1.7079222137e-06
10400 	 10649 	 6.3517433111e+00 	 2.8690844734e-06
10500 	 10752 	 6.3517433108e+00 	 1.8328896864e-06
10600 	 10854 	 6.3517433106e+00 	 1.6573682223e-06
10700 	 10955 	 6.3517433103e+00 	 2.0221119258e-06
10800 	 11056 	 6.3517433101e+00 	 2.7275062504e-06
10900 	 11158 	 6.3517433100e+00 	 1.3322533248e-06
11000 	 11259 	 6.3517433099e+00 	 7.8421756826e-07
11100 	 11362 	 6.3517433098e+00 	 6.5912163189e-07
11200 	 11464 	 6.3517433098e+00 	 9.9413495812e-07
11300 	 11566 	 6.3517433097e+00 	 1.9175855861e-06
11400 	 11668 	 6.3517433096e+00 	 2.3722903738e-06
11500 	 11772 	 6.3517433095e+00 	 1.0840381096e-06
11600 	 11875 	 6.3517433094e+00 	 9.3554436712e-07
11700 	 11978 	 6.3517433092e+00 	 7.6481616927e-07
11800 	 12083 	 6.3517433091e+00 	 1.5240526218e-06
11900 	 12186 	 6.3517433090e+00 	 1.2196829477e-06
12000 	 12288 	 6.3517433089e+00 	 1.1949323141e-06
12100 	 12390 	 6.3517433089e+00 	 9.6588471416e-07
12200 	 12494 	 6.3517433088e+00 	 7.2742719520e-07
12300 	 12598 	 6.3517433088e+00 	 6.0737644703e-07
12400 	 12702 	 6.3517433088e+00 	 6.2357235297e-07
12500 	 12804 	 6.3517433087e+00 	 4.9282608818e-07
12600 	 12907 	 6.3517433087e+00 	 5.3928570835e-07
12700 	 13010 	 6.3517433087e+00 	 3.7056419471e-07
12800 	 13112 	 6.3517433087e+00 	 3.0219777676e-07
12900 	 13214 	 6.3517433087e+00 	 3.2564408645e-07
13000 	 13315 	 6.3517433087e+00 	 4.1962797312e-07
13100 	 13419 	 6.3517433086e+00 	 3.1110067844e-07
13200 	 13522 	 6.3517433086e+00 	 4.7331370433e-07
13300 	 13626 	 6.3517433086e+00 	 9.5782480864e-07
13400 	 13731 	 6.3517433086e+00 	 3.4335850801e-07
13500 	 13834 	 6.3517433086e+00 	 3.0025117074e-07
13600 	 13935 	 6.3517433086e+00 	 2.8843646126e-07
13700 	 14039 	 6.3517433086e+00 	 2.7574299556e-07
13800 	 14146 	 6.3517433086e+00 	 6.5994466388e-07
13900 	 14250 	 6.3517433086e+00 	 2.3861148462e-07
14000 	 14355 	 6.3517433086e+00 	 2.5698842864e-07
14100 	 14460 	 6.3517433086e+00 	 2.6326191449e-07
14200 	 14564 	 6.3517433086e+00 	 2.2171502704e-07
14300 	 14666 	 6.3517433086e+00 	 2.9829880191e-07
14400 	 14769 	 6.3517433086e+00 	 5.6729595445e-07
14500 	 14874 	 6.3517433086e+00 	 2.6796734380e-07
14600 	 14977 	 6.3517433085e+00 	 3.2104091435e-07
14700 	 15081 	 6.3517433085e+00 	 3.3467279906e-07
14800 	 15185 	 6.3517433085e+00 	 2.1069264483e-07
14900 	 15294 	 6.3517433085e+00 	 2.0735151524e-07
15000 	 15401 	 6.3517433085e+00 	 1.4102698595e-07
# ---- 
 1 		 15070 	 15497 		 6.8787301369e+00 	 6.3517433085e+00 	 2.8590330463e-07
# ---- 
100 	 105 	 1.1399203336e+01 	 1.2866952549e-02
200 	 208 	 1.1393619654e+01 	 6.2562023778e-03
300 	 309 	 1.1391580692e+01 	 5.2061105465e-03
400 	 411 	 1.1390207296e+01 	 1.0727285071e-02
500 	 512 	 1.1389449015e+01 	 5.5963729449e-03
600 	 615 	 1.1388982566e+01 	 5.0977021307e-03
700 	 717 	 1.1388714028e+01 	 2.1373181605e-03
800 	 819 	 1.1388539998e+01 	 2.0053260740e-03
900 	 921 	 1.1388434678e+01 	 8.2288610960e-04
1000 	 1024 	 1.1388354172e+01 	 1.3966704144e-03
1100 	 1126 	 1.1388297290e+01 	 6.4910486319e-04
1200 	 1228 	 1.1388263385e+01 	 6.1930050413e-04
1300 	 1329 	 1.1388239944e+01 	 6.2729837920e-04
1400 	 1429 	 1.1388219354e+01 	 4.8583190477e-04
1500 	 1532 	 1.1388204124e+01 	 4.2748797368e-04
1600 	 1635 	 1.1388191051e+01 	 1.1329983127e-03
1700 	 1737 	 1.1388180291e+01 	 6.7198380877e-04
1800 	 1840 	 1.1388171727e+01 	 2.7558260895e-04
1900 	 1942 	 1.1388164498e+01 	 6.8718634102e-04
2000 	 2046 	 1.1388157474e+01 	 5.4078054077e-04
2100 	 2149 	 1.1388151207e+01 	 4.4181278569e-04
2200 	 2254 	 1.1388146312e+01 	 1.8502527664e-04
2300 	 2355 	 1.1388142514e+01 	 1.9514493816e-04
2400 	 2457 	 1.1388138632e+01 	 2.4365546547e-04
2500 	 2561 	 1.1388135448e+01 	 1.8675538977e-04
2600 	 2662 	 1.1388132401e+01 	 2.1383850575e-04
2700 	 2766 	 1.1388129953e+01 	 1.6840268635e-04
2800 	 2870 	 1.1388128350e+01 	 1.2272205198e-04
2900 	 2971 	 1.1388126854e+01 	 1.3465209103e-04
3000 	 3074 	 1.1388125385e+01 	 2.5214001797e-04
3100 	 3177 	 1.1388124147e+01 	 1.4325532146e-04
3200 	 3279 	 1.1388123003e+01 	 1.4727883027e-04
3300 	 3382 	 1.1388122016e+01 	 1.1929171737e-04
3400 	 3485 	 1.1388121217e+01 	 8.7678505919e-05
3500 	 3587 	 1.1388120631e+01 	 1.0359795938e-04
3600 	 3690 	 1.1388120270e+01 	 6.0293967313e-05
3700 	 3793 	 1.1388119899e+01 	 7.9863898003e-05
3800 	 3895 	 1.1388119470e+01 	 2.2272837468e-04
3900 	 3996 	 1.1388119079e+01 	 7.7228693199e-05
4000 	 4097 	 1.1388118777e+01 	 4.3364533108e-05
4100 	 4199 	 1.1388118455e+01 	 6.0324674737e-05
4200 	 4301 	 1.1388118156e+01 	 9.2594885303e-05
4300 	 4405 	 1.1388117921e+01 	 5.5196858197e-05
4400 	 4507 	 1.1388117736e+01 	 6.5412004919e-05
4500 	 4607 	 1.1388117577e+01 	 4.7007483212e-05
4600 	 4709 	 1.1388117425e+01 	 4.5680505250e-05
4700 	 4812 	 1.1388117305e+01 	 7.1786008865e-05
4800 	 4914 	 1.1388117199e+01 	 3.1897814998e-05
4900 	 5018 	 1.1388117111e+01 	 5.1068837095e-05
5000 	 5119 	 1.1388117011e+01 	 3.8433010462e-05
5100 	 5221 	 1.1388116937e+01 	 2.9436571080e-05
5200 	 5324 	 1.1388116874e+01 	 2.4449158442e-05
5300 	 5425 	 1.1388116834e+01 	 5.9498237409e-05
5400 	 5528 	 1.1388116802e+01 	 2.2056672646e-05
5500 	 5629 	 1.1388116765e+01 	 1.8544893348e-05
5600 	 5732 	 1.1388116735e+01 	 2.0282595427e-05
5700 	 5836 	 1.1388116706e+01 	 1.8154798964e-05
5800 	 5939 	 1.1388116682e+01 	 2.1809373665e-05
5900 	 6041 	 1.1388116660e+01 	 1.7501139562e-05
6000 	 6143 	 1.1388116640e+01 	 1.5874433748e-05
6100 	 6244 	 1.1388116621e+01 	 2.0274813435e-05
6200 	 6346 	 1.1388116603e+01 	 2.0886070119e-05
6300 	 6448 	 1.1388116587e+01 	 1.3459432691e-05
6400 	 6549 	 1.1388116575e+01 	 7.4275319380e-06
6500 	 6652 	 1.1388116568e+01 	 1.8158549266e-05
6600 	 6753 	 1.1388116560e+01 	 9.7014015490e-06
6700 	 6857 	 1.1388116550e+01 	 9.9211875897e-06
6800 	 6960 	 1.1388116543e+01 	 7.7443102859e-06
6900 	 7063 	 1.1388116537e+01 	 6.7604039319e-06
7000 	 7165 	 1.1388116532e+01 	 6.7858165408e-06
7100 	 7265 	 1.1388116527e+01 	 6.9847021365e-06
7200 	 7367 	 1.1388116523e+01 	 5.4352201557e-06
7300 	 7469 	 1.1388116520e+01 	 6.3576257327e-06
7400 	 7569 	 1.1388116518e+01 	 6.7434460643e-06
7500 	 7672 	 1.1388116515e+01 	 5.6438347233e-06
7600 	 7774 	 1.1388116512e+01 	 6.4859031097e-06
7700 	 7876 	 1.1388116510e+01 	 3.7539830703e-06
7800 	 7979 	 1.1388116508e+01 	 6.3498372190e-06
7900 	 8079 	 1.1388116506e+01 	 4.4677928097e-06
8000 	 8182 	 1.1388116504e+01 	 1.2385318919e-05
8100 	 8285 	 1.1388116503e+01 	 6.0454918453e-06
8200 	 8388 	 1.1388116501e+01 	 5.3680204012e-06
8300 	 8491 	 1.1388116500e+01 	 3.6551992907e-06
8400 	 8594 	 1.1388116499e+01 	 5.2348283142e-06
8500 	 8697 	 1.1388116497e+01 	 4.8919369643e-06
8600 	 8797 	 1.1388116496e+01 	 2.9963332212e-06
8700 	 8899 	 1.1388116495e+01 	 4.0163928357e-06
8800 	 9002 	 1.1388116495e+01 	 2.6987496172e-06
8900 	 9103 	 1.1388116494e+01 	 2.3121117897e-06
9000 	 9206 	 1.1388116494e+01 	 2.2074268179e-06
9100 	 9308 	 1.1388116493e+01 	 2.4247307701e-06
9200 	 9412 	 1.1388116493e+01 	 2.3458337478e-06
9300 	 9518 	 1.1388116493e+01 	 1.3833699470e-06
9400 	 9619 	 1.1388116492e+01 	 1.7055272754e-06
9500 	 9722 	 1.1388116492e+01 	 1.5258559337e-06
9600 	 9824 	 1.1388116492e+01 	 1.5813856804e-06
9700 	 9925 	 1.1388116492e+01 	 1.4032668153e-06
9800 	 10028 	 1.1388116492e+01 	 2.5899412558e-06
9900 	 10130 	 1.1388116491e+01 	 3.7924138030e-06
10000 	 10230 	 1.1388116491e+01 	 1.7270165112e-06
10100 	 10333 	 1.1388116491e+01 	 1.1808831810e-06
10200 	 10434 	 1.1388116491e+01 	 1.5066959600e-06
10300 	 10538 	 1.1388116491e+01 	 1.5796917132e-06
10400 	 10640 	 1.1388116490e+01 	 1.2945876686e-06
10500 	 10743 	 1.1388116490e+01 	 9.9917764893e-07
10600 	 10845 	 1.1388116490e+01 	 1.4928939861e-06
10700 	 10945 	 1.1388116490e+01 	 8.6954816132e-07
10800 	 11047 	 1.1388116490e+01 	 6.8056340118e-07
10900 	 11150 	 1.1388116490e+01 	 1.0481724903e-06
11000 	 11252 	 1.1388116490e+01 	 8.8743505774e-07
11100 	 11353 	 1.1388116490e+01 	 4.4526514648e-07
11200 	 11457 	 1.1388116490e+01 	 6.0772674989e-07
11300 	 11561 	 1.1388116490e+01 	 5.3316729571e-07
11400 	 11664 	 1.1388116490e+01 	 4.9524577881e-07
11500 	 11766 	 1.1388116490e+01 	 4.7071103206e-07
11600 	 11869 	 1.1388116490e+01 	 6.5767559370e-07
11700 	 11972 	 1.1388116490e+01 	 9.9431048487e-07
11800 	 12074 	 1.1388116490e+01 	 4.7200227486e-07
11900 	 12175 	 1.1388116490e+01 	 5.7786505746e-07
12000 	 12277 	 1.1388116490e+01 	 4.2247945187e-07
12100 	 12380 	 1.1388116490e+01 	 4.5950409279e-07
12200 	 12483 	 1.1388116490e+01 	 4.1143475334e-07
12300 	 12588 	 1.1388116490e+01 	 8.3727895070e-07
12400 	 12693 	 1.1388116490e+01 	 2.2806680434e-07
12500 	 12801 	 1.1388116490e+01 	 3.3369804776e-07
12600 	 12908 	 1.1388116490e+01 	 3.3954831133e-07
12700 	 13014 	 1.1388116490e+01 	 2.5551140470e-07
12800 	 13124 	 1.1388116490e+01 	 2.6348790504e-07
12900 	 13241 	 1.1388116490e+01 	 2.1120827751e-07
13000 	 13349 	 1.1388116490e+01 	 1.6437025195e-07
# ---- 
 1 		 13047 	 13426 		 1.1910073707e+01 	 1.1388116490e+01 	 2.2126721571e-07
# ---- 
100 	 103 	 1.7914701894e+01 	 1.3700484671e-02
200 	 204 	 1.7910329928e+01 	 2.3384959881e-02
300 	 306 	 1.7908633913e+01 	 6.7402065262e-03
400 	 409 	 1.7907494672e+01 	 6.8484341559e-03
500 	 512 	 1.7906853234e+01 	 2.3429675938e-03
600 	 613 	 1.7906453358e+01 	 2.0834386013e-03
700 	 715 	 1.7906212788e+01 	 2.0956318498e-03
800 	 816 	 1.7906074974e+01 	 8.9153705632e-04
900 	 917 	 1.7905991281e+01 	 1.3235210643e-03
1000 	 1021 	 1.7905923307e+01 	 1.1089429382e-03
1100 	 1122 	 1.7905879611e+01 	 1.0447933153e-03
1200 	 1224 	 1.7905855160e+01 	 1.2111654893e-03
1300 	 1327 	 1.7905837454e+01 	 4.8461531229e-04
1400 	 1430 	 1.7905821617e+01 	 7.8257669054e-04
1500 	 1532 	 1.7905808972e+01 	 3.9522556807e-04
1600 	 1634 	 1.7905799632e+01 	 3.0639105942e-04
1700 	 1736 	 1.7905792939e+01 	 7.0007950392e-04
1800 	 1838 	 1.7905786082e+01 	 3.3902170493e-04
1900 	 1942 	 1.7905779141e+01 	 4.6192477521e-04
2000 	 2045 	 1.7905772468e+01 	 2.0456557133e-04
2100 	 2146 	 1.7905768210e+01 	 2.3922844566e-04
2200 	 2247 	 1.7905764551e+01 	 2.5946118557e-04
2300 	 2350 	 1.7905761511e+01 	 2.3139066017e-04
2400 	 2452 	 1.7905758891e+01 	 2.1432843857e-04
2500 	 2553 	 1.7905756478e+01 	 2.4826683540e-04
2600 	 2657 	 1.7905754554e+01 	 1.8931888692e-04
2700 	 2759 	 1.7905753012e+01 	 1.4854148793e-04
2800 	 2863 	 1.7905751874e+01 	 1.1073801215e-04
2900 	 2967 	 1.7905750953e+01 	 2.3228650752e-04
3000 	 3069 	 1.7905749979e+01 	 1.3827730087e-04
3100 	 3173 	 1.7905749189e+01 	 8.3238944436e-05
3200 	 3278 	 1.7905748533e+01 	 7.6761917376e-05
3300 	 3380 	 1.7905747972e+01 	 1.2027927919e-04
3400 	 3482 	 1.7905747470e+01 	 5.7842907757e-05
3500 	 3583 	 1.7905747022e+01 	 5.6408773214e-05
3600 	 3686 	 1.7905746687e+01 	 6.8601367209e-05
3700 	 3787 	 1.7905746383e+01 	 9.8177619427e-05
3800 	 3889 	 1.7905746072e+01 	 1.2279008992e-04
3900 	 3991 	 1.7905745823e+01 	 8.5805803578e-05
4000 	 4095 	 1.7905745578e+01 	 7.6563396978e-05
4100 	 4197 	 1.7905745413e+01 	 4.4461558274e-05
4200 	 4299 	 1.7905745255e+01 	 3.9179334793e-05
4300 	 4402 	 1.7905745103e+01 	 6.9569652889e-05
4400 	 4504 	 1.7905744999e+01 	 3.4274164671e-05
4500 	 4606 	 1.7905744915e+01 	 2.2536708881e-05
4600 	 4709 	 1.7905744849e+01 	 2.4752161397e-05
4700 	 4810 	 1.7905744795e+01 	 2.0789327184e-05
4800 	 4913 	 1.7905744751e+01 	 1.7875751911e-05
4900 	 5016 	 1.7905744712e+01 	 2.3604290032e-05
5000 	 5118 	 1.7905744672e+01 	 1.8502278710e-05
5100 	 5220 	 1.7905744640e+01 	 3.2174388587e-05
5200 	 5322 	 1.7905744604e+01 	 1.7041151329e-05
5300 	 5425 	 1.7905744575e+01 	 1.8865602915e-05
5400 	 5527 	 1.7905744558e+01 	 1.9966319598e-05
5500 	 5628 	 1.7905744543e+01 	 8.9257286765e-06
5600 	 5730 	 1.7905744530e+01 	 1.3304931516e-05
5700 	 5832 	 1.7905744517e+01 	 1.0458331031e-05
5800 	 5935 	 1.7905744502e+01 	 2.4035992924e-05
5900 	 6038 	 1.7905744489e+01 	 9.8650338511e-06
6000 	 6141 	 1.7905744478e+01 	 9.4584617808e-06
6100 	 6244 	 1.7905744468e+01 	 8.0341773174e-06
6200 	 6345 	 1.7905744460e+01 	 8.0516604031e-06
6300 	 6447 	 1.7905744451e+01 	 1.2413826673e-05
6400 	 6547 	 1.7905744444e+01 	 9.9145503011e-06
6500 	 6651 	 1.7905744440e+01 	 7.1261222922e-06
6600 	 6752 	 1.7905744436e+01 	 1.9285205179e-05
6700 	 6856 	 1.7905744434e+01 	 5.7736202411e-06
6800 	 6958 	 1.7905744432e+01 	 3.5896003036e-06
6900 	 7059 	 1.7905744430e+01 	 4.4624770564e-06
7000 	 7161 	 1.7905744428e+01 	 6.6472262913e-06
7100 	 7263 	 1.7905744427e+01 	 3.4937745713e-06
7200 	 7366 	 1.7905744426e+01 	 3.4043197929e-06
7300 	 7469 	 1.7905744425e+01 	 5.5918553697e-06
7400 	 7573 	 1.7905744424e+01 	 3.1399036771e-06
7500 	 7676 	 1.7905744422e+01 	 8.0387408694e-06
7600 	 7777 	 1.7905744421e+01 	 5.4042179737e-06
7700 	 7882 	 1.7905744419e+01 	 4.2977049878e-06
7800 	 7983 	 1.7905744417e+01 	 8.5008534306e-06
7900 	 8085 	 1.7905744416e+01 	 4.1972894080e-06
8000 	 8188 	 1.7905744415e+01 	 2.6886464825e-06
8100 	 8289 	 1.7905744414e+01 	 9.3963139910e-06
8200 	 8392 	 1.7905744413e+01 	 2.3045030969e-06
8300 	 8494 	 1.7905744413e+01 	 2.9465458515e-06
8400 	 8597 	 1.7905744412e+01 	 3.3048859432e-06
8500 	 8701 	 1.7905744412e+01 	 1.5136691682e-06
8600 	 8803 	 1.7905744412e+01 	 1.3410451383e-06
8700 	 8906 	 1.7905744412e+01 	 3.9070140974e-06
8800 	 9009 	 1.7905744411e+01 	 9.8089759309e-07
8900 	 9110 	 1.7905744411e+01 	 1.1848897812e-06
9000 	 9214 	 1.7905744411e+01 	 1.4714975677e-06
9100 	 9319 	 1.7905744411e+01 	 2.0318977403e-06
9200 	 9421 	 1.7905744411e+01 	 2.0472342477e-06
9300 	 9522 	 1.7905744411e+01 	 1.1169554800e-06
9400 	 9624 	 1.7905744411e+01 	 1.0236106861e-06
9500 	 9728 	 1.7905744411e+01 	 8.8227482231e-07
9600 	 9830 	 1.7905744411e+01 	 7.4046722485e-07
9700 	 9933 	 1.7905744411e+01 	 7.0691880999e-07
9800 	 10034 	 1.7905744411e+01 	 1.2425821356e-06
9900 	 10135 	 1.7905744411e+01 	 8.8696335308e-07
10000 	 10237 	 1.7905744411e+01 	 7.7922620080e-07
10100 	 10342 	 1.7905744410e+01 	 8.0201757242e-07
10200 	 10445 	 1.7905744410e+01 	 6.5676288168e-07
10300 	 10547 	 1.7905744410e+01 	 6.7789938458e-07
10400 	 10652 	 1.7905744410e+01 	 5.1523002986e-07
10500 	 10755 	 1.7905744410e+01 	 5.0019386372e-07
10600 	 10856 	 1.7905744410e+01 	 6.9181907855e-07
10700 	 10964 	 1.7905744410e+01 	 4.0265520437e-07
10800 	 11074 	 1.7905744410e+01 	 3.2020372551e-07
10900 	 11180 	 1.7905744410e+01 	 1.0771502403e-06
11000 	 11283 	 1.7905744410e+01 	 4.5927763301e-07
11100 	 11392 	 1.7905744410e+01 	 4.1132161309e-07
11200 	 11502 	 1.7905744410e+01 	 4.6911627936e-07
11300 	 11616 	 1.7905744410e+01 	 5.9371181369e-07
11400 	 11730 	 1.7905744410e+01 	 3.0384881845e-07
11500 	 11846 	 1.7905744410e+01 	 2.5021170481e-07
11600 	 11967 	 1.7905744410e+01 	 2.5372720630e-07
11700 	 12080 	 1.7905744410e+01 	 5.0074684063e-07
# ---- 
 1 		 11731 	 12141 		 1.8424642008e+01 	 1.7905744410e+01 	 3.2395397624e-07
# ---- 
100 	 104 	 2.5918806414e+01 	 1.1284186033e-02
200 	 207 	 2.5915132106e+01 	 1.5264033000e-02
300 	 309 	 2.5913627020e+01 	 1.0816484804e-02
400 	 411 	 2.5912646795e+01 	 9.1290238901e-03
500 	 513 	 2.5912035998e+01 	 3.6810716798e-03
600 	 615 	 2.5911665235e+01 	 1.8924976762e-03
700 	 716 	 2.5911447856e+01 	 2.3650896412e-03
800 	 821 	 2.5911333650e+01 	 9.7755313112e-04
900 	 923 	 2.5911250185e+01 	 7.8204370666e-04
1000 	 1027 	 2.5911190537e+01 	 1.0100495937e-03
1100 	 1129 	 2.5911156783e+01 	 4.6240850127e-04
1200 	 1232 	 2.5911136180e+01 	 8.0568606284e-04
1300 	 1335 	 2.5911121002e+01 	 4.5554626698e-04
1400 	 1438 	 2.5911108189e+01 	 2.8488301559e-04
1500 	 1541 	 2.5911099833e+01 	 3.5276528642e-04
1600 	 1642 	 2.5911092473e+01 	 2.7646803109e-04
1700 	 1742 	 2.5911085868e+01 	 3.0414899247e-04
1800 	 1843 	 2.5911079977e+01 	 3.1530658953e-04
1900 	 1946 	 2.5911073619e+01 	 2.9915765544e-04
2000 	 2049 	 2.5911068520e+01 	 2.3083414379e-04
2100 	 2149 	 2.5911064040e+01 	 2.4307130158e-04
2200 	 2253 	 2.5911060720e+01 	 2.4722290220e-04
2300 	 2354 	 2.5911058368e+01 	 3.0959821733e-04
2400 	 2456 	 2.5911056784e+01 	 1.5140866824e-04
2500 	 2557 	 2.5911055432e+01 	 1.3567809314e-04
2600 	 2657 	 2.5911054249e+01 	 1.0918279525e-04
2700 	 2758 	 2.5911053054e+01 	 1.1037977367e-04
2800 	 2861 	 2.5911052019e+01 	 1.0589809876e-04
2900 	 2962 	 2.5911051079e+01 	 1.2887520705e-04
3000 	 3062 	 2.5911050423e+01 	 2.3569172716e-04
3100 	 3164 	 2.5911049851e+01 	 1.0120232296e-04
3200 	 3265 	 2.5911049384e+01 	 7.2622849112e-05
3300 	 3366 	 2.5911048959e+01 	 7.5952049599e-05
3400 	 3468 	 2.5911048616e+01 	 1.0384172749e-04
3500 	 3569 	 2.5911048350e+01 	 7.2734901315e-05
3600 	 3672 	 2.5911048094e+01 	 1.1618770523e-04
3700 	 3774 	 2.5911047862e+01 	 5.8847567272e-05
3800 	 3877 	 2.5911047664e+01 	 4.4884995780e-05
3900 	 3978 	 2.5911047533e+01 	 3.3090691134e-05
4000 	 4082 	 2.5911047453e+01 	 2.4574593545e-05
4100 	 4182 	 2.5911047376e+01 	 2.4068003277e-05
4200 	 4285 	 2.5911047317e+01 	 2.1743104672e-05
4300 	 4387 	 2.5911047250e+01 	 2.7892900061e-05
4400 	 4490 	 2.5911047188e+01 	 3.1021742691e-05
4500 	 4596 	 2.5911047132e+01 	 3.1199096893e-05
4600 	 4698 	 2.5911047090e+01 	 2.3097261443e-05
4700 	 4801 	 2.5911047052e+01 	 3.0240824839e-05
4800 	 4904 	 2.5911047012e+01 	 3.3741340657e-05
4900 	 5006 	 2.5911046983e+01 	 1.7506358889e-05
5000 	 5109 	 2.5911046956e+01 	 1.9025088285e-05
5100 	 5210 	 2.5911046934e+01 	 1.9374111465e-05
5200 	 5313 	 2.5911046916e+01 	 1.1401899934e-05
5300 	 5417 	 2.5911046902e+01 	 1.2319412050e-05
5400 	 5518 	 2.5911046891e+01 	 1.0224184060e-05
5500 	 5621 	 2.5911046883e+01 	 1.7894683828e-05
5600 	 5724 	 2.5911046875e+01 	 1.1633040743e-05
5700 	 5824 	 2.5911046868e+01 	 9.6968503573e-06
5800 	 5927 	 2.5911046860e+01 	 2.0281113259e-05
5900 	 6031 	 2.5911046851e+01 	 1.5839750381e-05
6000 	 6132 	 2.5911046843e+01 	 8.7293963691e-06
6100 	 6235 	 2.5911046837e+01 	 6.1873492660e-06
6200 	 6337 	 2.5911046833e+01 	 5.6663952822e-06
6300 	 6440 	 2.5911046830e+01 	 5.0890867756e-06
6400 	 6542 	 2.5911046827e+01 	 5.7899614202e-06
6500 	 6643 	 2.5911046824e+01 	 1.2188468554e-05
6600 	 6746 	 2.5911046822e+01 	 4.3648775044e-06
6700 	 6848 	 2.5911046820e+01 	 3.4996804866e-06
6800 	 6950 	 2.5911046818e+01 	 4.2143126168e-06
6900 	 7051 	 2.5911046817e+01 	 5.6015048622e-06
7000 	 7153 	 2.5911046815e+01 	 5.7085210343e-06
7100 	 7257 	 2.5911046813e+01 	 6.5607972902e-06
7200 	 7360 	 2.5911046812e+01 	 1.2024284811e-05
7300 	 7464 	 2.5911046810e+01 	 3.8604036864e-06
7400 	 7566 	 2.5911046809e+01 	 4.3254114700e-06
7500 	 7668 	 2.5911046808e+01 	 8.5519472154e-06
7600 	 7771 	 2.5911046807e+01 	 5.1272704194e-06
7700 	 7873 	 2.5911046807e+01 	 2.9601203098e-06
7800 	 7974 	 2.5911046806e+01 	 2.2669881372e-06
7900 	 8078 	 2.5911046805e+01 	 2.3694499546e-06
8000 	 8181 	 2.5911046805e+01 	 3.5112536818e-06
8100 	 8281 	 2.5911046805e+01 	 1.8442524551e-06
8200 	 8384 	 2.5911046805e+01 	 3.2459972295e-06
8300 	 8485 	 2.5911046804e+01 	 1.1234668029e-06
8400 	 8585 	 2.5911046804e+01 	 1.5238270512e-06
8500 	 8687 	 2.5911046804e+01 	 1.5737409293e-06
8600 	 8792 	 2.5911046804e+01 	 2.0121232026e-06
8700 	 8894 	 2.5911046804e+01 	 8.4378896466e-07
8800 	 8996 	 2.5911046804e+01 	 7.9416807524e-07
8900 	 9098 	 2.5911046804e+01 	 1.1563669311e-06
9000 	 9200 	 2.5911046804e+01 	 1.0761240786e-06
9100 	 9303 	 2.5911046804e+01 	 9.2367582906e-07
9200 	 9407 	 2.5911046803e+01 	 1.4037106444e-06
9300 	 9513 	 2.5911046803e+01 	 1.2943182130e-06
9400 	 9615 	 2.5911046803e+01 	 1.9673027545e-06
9500 	 9721 	 2.5911046803e+01 	 7.3391749805e-07
9600 	 9823 	 2.5911046803e+01 	 7.1420560065e-07
9700 	 9926 	 2.5911046803e+01 	 6.4965713384e-07
9800 	 10030 	 2.5911046803e+01 	 3.8432959202e-07
9900 	 10134 	 2.5911046803e+01 	 5.1589511947e-07
10000 	 10241 	 2.5911046803e+01 	 6.4402316776e-07
10100 	 10347 	 2.5911046803e+01 	 3.2873461252e-07
10200 	 10453 	 2.5911046803e+01 	 3.0389181141e-07
10300 	 10560 	 2.5911046803e+01 	 2.8512697548e-07
10400 	 10676 	 2.5911046803e+01 	 3.4285371377e-07
10500 	 10788 	 2.5911046803e+01 	 2.1461162999e-07
# ---- 
 1 		 10591 	 10908 		 2.6427933352e+01 	 2.5911046803e+01 	 3.2378466057e-07
# ---- 
100 	 105 	 3.5415772796e+01 	 1.1567467035e-02
200 	 207 	 3.5412586532e+01 	 5.6276937474e-03
300 	 309 	 3.5411273370e+01 	 4.6382662386e-03
400 	 411 	 3.5410388782e+01 	 5.1968948747e-03
500 	 514 	 3.5409810841e+01 	 2.1309539778e-03
600 	 615 	 3.5409448537e+01 	 1.5871693202e-03
700 	 716 	 3.5409244891e+01 	 1.2558718998e-03
800 	 821 	 3.5409136382e+01 	 2.0010032813e-03
900 	 923 	 3.5409050769e+01 	 1.5351838157e-03
1000 	 1024 	 3.5408995115e+01 	 1.1848090048e-03
1100 	 1125 	 3.5408964263e+01 	 5.8556794413e-04
1200 	 1228 	 3.5408946175e+01 	 4.3318078045e-04
1300 	 1331 	 3.5408930509e+01 	 5.5549896614e-04
1400 	 1434 	 3.5408919554e+01 	 5.1519585588e-04
1500 	 1537 	 3.5408912720e+01 	 3.5520803131e-04
1600 	 1639 	 3.5408906782e+01 	 3.2324909757e-04
1700 	 1741 	 3.5408900657e+01 	 2.8681662750e-04
1800 	 1844 	 3.5408894510e+01 	 2.6225390257e-04
1900 	 1946 	 3.5408889385e+01 	 2.8191980831e-04
2000 	 2049 	 3.5408885522e+01 	 3.1988662062e-04
2100 	 2151 	 3.5408882020e+01 	 1.7759460537e-04
2200 	 2254 	 3.5408879520e+01 	 1.7365210224e-04
2300 	 2355 	 3.5408877640e+01 	 1.4626850145e-04
2400 	 2457 	 3.5408876244e+01 	 2.0963444023e-04
2500 	 2560 	 3.5408875208e+01 	 2.0348853964e-04
2600 	 2661 	 3.5408874309e+01 	 1.0919479958e-04
2700 	 2762 	 3.5408873472e+01 	 7.8410482993e-05
2800 	 2864 	 3.5408872801e+01 	 1.0869532045e-04
2900 	 2966 	 3.5408872243e+01 	 9.6628835903e-05
3000 	 3066 	 3.5408871712e+01 	 5.9813933009e-05
3100 	 3169 	 3.5408871293e+01 	 7.5398143410e-05
3200 	 3270 	 3.5408870965e+01 	 8.8859620130e-05
3300 	 3372 	 3.5408870680e+01 	 8.0121258863e-05
3400 	 3473 	 3.5408870448e+01 	 4.8348916068e-05
3500 	 3575 	 3.5408870227e+01 	 9.8257298004e-05
3600 	 3675 	 3.5408870052e+01 	 3.6231571914e-05
3700 	 3776 	 3.5408869901e+01 	 4.8550191437e-05
3800 	 3878 	 3.5408869779e+01 	 4.1582151006e-05
3900 	 3980 	 3.5408869687e+01 	 3.2604132422e-05
4000 	 4084 	 3.5408869606e+01 	 3.0959989251e-05
4100 	 4188 	 3.5408869549e+01 	 1.9671989169e-05
4200 	 4290 	 3.5408869494e+01 	 2.4220302645e-05
4300 	 4392 	 3.5408869440e+01 	 3.7303907172e-05
4400 	 4495 	 3.5408869399e+01 	 2.7129612450e-05
4500 	 4598 	 3.5408869368e+01 	 2.5298588369e-05
4600 	 4698 	 3.5408869342e+01 	 4.2684733916e-05
4700 	 4800 	 3.5408869311e+01 	 1.7977722935e-05
4800 	 4901 	 3.5408869283e+01 	 2.0537755998e-05
4900 	 5005 	 3.5408869259e+01 	 1.5550320284e-05
5000 	 5109 	 3.5408869241e+01 	 1.3419547528e-05
5100 	 5210 	 3.5408869229e+01 	 3.3530563185e-05
5200 	 5313 	 3.5408869216e+01 	 1.5059242727e-05
5300 	 5417 	 3.5408869204e+01 	 1.5427928350e-05
5400 	 5520 	 3.5408869193e+01 	 9.9076913017e-06
5500 	 5626 	 3.5408869184e+01 	 8.6475704862e-06
5600 	 5728 	 3.5408869175e+01 	 1.2089175986e-05
5700 	 5832 	 3.5408869166e+01 	 9.1103229443e-06
5800 	 5932 	 3.5408869160e+01 	 1.2296093889e-05
5900 	 6034 	 3.5408869155e+01 	 8.3686650291e-06
6000 	 6138 	 3.5408869152e+01 	 4.8600156848e-06
6100 	 6240 	 3.5408869150e+01 	 5.7963845228e-06
6200 	 6342 	 3.5408869148e+01 	 5.0032912532e-06
6300 	 6444 	 3.5408869147e+01 	 3.9910206505e-06
6400 	 6545 	 3.5408869145e+01 	 3.9653219075e-06
6500 	 6648 	 3.5408869144e+01 	 5.0652752641e-06
6600 	 6752 	 3.5408869143e+01 	 2.6395857517e-06
6700 	 6853 	 3.5408869141e+01 	 3.0020986198e-06
6800 	 6954 	 3.5408869140e+01 	 1.5854339375e-05
6900 	 7057 	 3.5408869138e+01 	 6.5840001081e-06
7000 	 7160 	 3.5408869137e+01 	 4.1171863923e-06
7100 	 7263 	 3.5408869136e+01 	 3.0236751822e-06
7200 	 7367 	 3.5408869135e+01 	 3.4282204306e-06
7300 	 7470 	 3.5408869134e+01 	 6.4208958513e-06
7400 	 7571 	 3.5408869134e+01 	 1.5632878242e-06
7500 	 7674 	 3.5408869134e+01 	 1.6978299262e-06
7600 	 7776 	 3.5408869133e+01 	 1.7085196336e-06
7700 	 7879 	 3.5408869133e+01 	 1.8779742271e-06
7800 	 7983 	 3.5408869133e+01 	 2.8509476108e-06
7900 	 8086 	 3.5408869133e+01 	 1.7292443616e-06
8000 	 8189 	 3.5408869132e+01 	 1.1855709561e-06
8100 	 8290 	 3.5408869132e+01 	 1.2083179292e-06
8200 	 8391 	 3.5408869132e+01 	 8.4887210573e-07
100 	 105 	 7.4030576175e-01 	 3.9653792042e-02
200 	 208 	 7.2075980426e-01 	 3.1111374094e-02
300 	 310 	 7.0943855345e-01 	 1.1812467293e-02
400 	 412 	 7.0273820565e-01 	 2.1205697036e-02
500 	 514 	 6.9790260883e-01 	 7.7087772586e-03
600 	 617 	 6.9443620617e-01 	 7.8492493146e-03
700 	 719 	 6.9050836852e-01 	 8.7547172732e-03
800 	 820 	 6.8823698391e-01 	 4.9566610268e-03
900 	 923 	 6.8672670574e-01 	 6.8460489936e-03
1000 	 1024 	 6.8499368973e-01 	 3.4132995740e-03
1100 	 1130 	 6.8386237257e-01 	 3.2443649312e-03
1200 	 1235 	 6.8315108432e-01 	 3.5933959584e-03
1300 	 1336 	 6.8266662506e-01 	 6.3454356244e-03
1400 	 1438 	 6.8223726932e-01 	 6.3248760916e-03
1500 	 1539 	 6.8195665574e-01 	 2.1266257907e-03
1600 	 1642 	 6.8175557907e-01 	 1.2888900392e-03
1700 	 1745 	 6.8161610268e-01 	 1.3314738054e-03
1800 	 1847 	 6.8151030179e-01 	 8.3246477480e-04
1900 	 1951 	 6.8142344069e-01 	 1.2005634317e-03
2000 	 2052 	 6.8135849138e-01 	 8.4909463054e-04
2100 	 2155 	 6.8130933019e-01 	 8.9349216930e-04
2200 	 2256 	 6.8125773976e-01 	 8.8985464555e-04
2300 	 2359 	 6.8121615321e-01 	 6.1247391262e-04
2400 	 2465 	 6.8117785266e-01 	 6.1738773985e-04
2500 	 2566 	 6.8114515074e-01 	 1.3670441680e-03
2600 	 2670 	 6.8112445514e-01 	 5.4715700449e-04
2700 	 2772 	 6.8110912729e-01 	 4.0906663217e-04
2800 	 2875 	 6.8109722984e-01 	 3.3124677702e-04
2900 	 2975 	 6.8108463653e-01 	 3.8167950892e-04
3000 	 3079 	 6.8107590778e-01 	 2.6878745662e-04
3100 	 3181 	 6.8106783650e-01 	 2.8492290083e-04
3200 	 3286 	 6.8105959678e-01 	 2.9204515272e-04
3300 	 3387 	 6.8105030308e-01 	 4.4110225611e-04
3400 	 3490 	 6.8104308606e-01 	 4.8913162807e-04
3500 	 3595 	 6.8103617262e-01 	 3.4872148739e-04
3600 	 3697 	 6.8102900516e-01 	 2.3034048462e-04
3700 	 3800 	 6.8102244333e-01 	 6.0968732568e-04
3800 	 3904 	 6.8101710624e-01 	 2.6196449389e-04
3900 	 4007 	 6.8101138326e-01 	 2.4762627770e-04
4000 	 4109 	 6.8100704869e-01 	 2.4140599112e-04
4100 	 4211 	 6.8100353736e-01 	 3.8371485776e-04
4200 	 4312 	 6.8100026114e-01 	 2.2978302461e-04
4300 	 4414 	 6.8099773918e-01 	 1.6446803172e-04
4400 	 4515 	 6.8099491918e-01 	 2.3175627050e-04
4500 	 4617 	 6.8099258911e-01 	 1.4960902450e-04
4600 	 4721 	 6.8099058225e-01 	 3.7268708099e-04
4700 	 4825 	 6.8098873832e-01 	 1.5379979591e-04
4800 	 4927 	 6.8098682068e-01 	 3.0639073667e-04
4900 	 5029 	 6.8098506616e-01 	 3.7190766240e-04
5000 	 5131 	 6.8098370752e-01 	 1.3139134572e-04
5100 	 5232 	 6.8098231115e-01 	 1.1562463885e-04
5200 	 5335 	 6.8098099959e-01 	 1.5921982847e-04
5300 	 5436 	 6.8097980020e-01 	 1.2340253446e-04
5400 	 5539 	 6.8097883381e-01 	 1.4781760668e-04
5500 	 5640 	 6.8097813564e-01 	 1.4678235107e-04
5600 	 5743 	 6.8097746804e-01 	 1.4048905069e-04
5700 	 5844 	 6.8097686868e-01 	 9.4327196276e-05
5800 	 5946 	 6.8097625322e-01 	 7.8131825023e-05
5900 	 6048 	 6.8097570154e-01 	 7.3116751991e-05
6000 	 6150 	 6.8097518633e-01 	 6.8849816895e-05
6100 	 6251 	 6.8097461485e-01 	 7.2804374166e-05
6200 	 6354 	 6.8097413088e-01 	 2.2561055981e-04
6300 	 6456 	 6.8097366564e-01 	 6.1441519318e-05
6400 	 6557 	 6.8097311321e-01 	 6.4126404967e-05
6500 	 6659 	 6.8097263092e-01 	 1.0049898801e-04
6600 	 6760 	 6.8097220965e-01 	 6.4863230954e-05
6700 	 6863 	 6.8097180587e-01 	 6.2710026544e-05
6800 	 6964 	 6.8097139991e-01 	 6.2563799610e-05
6900 	 7066 	 6.8097109914e-01 	 8.2325457157e-05
7000 	 7166 	 6.8097089147e-01 	 5.5873780588e-05
7100 	 7267 	 6.8097069764e-01 	 5.9780029399e-05
7200 	 7368 	 6.8097048111e-01 	 5.3692550858e-05
7300 	 7470 	 6.8097023267e-01 	 6.6986006297e-05
7400 	 7573 	 6.8096997912e-01 	 5.4963285806e-05
7500 	 7676 	 6.8096966390e-01 	 5.5855367044e-05
7600 	 7776 	 6.8096938173e-01 	 6.5338543886e-05
7700 	 7879 	 6.8096914743e-01 	 4.1513496307e-05
7800 	 7984 	 6.8096891858e-01 	 6.1497615217e-05
7900 	 8084 	 6.8096869592e-01 	 5.7099772899e-05
8000 	 8188 	 6.8096848788e-01 	 4.3370165915e-05
8100 	 8292 	 6.8096834594e-01 	 4.1145555374e-05
8200 	 8395 	 6.8096819100e-01 	 8.6005167686e-05
8300 	 8497 	 6.8096803029e-01 	 3.5567402341e-05
8400 	 8599 	 6.8096791043e-01 	 3.9886391826e-05
8500 	 8702 	 6.8096777991e-01 	 3.1645290207e-05
8600 	 8803 	 6.8096765868e-01 	 3.6468177632e-05
8700 	 8905 	 6.8096754058e-01 	 6.6745552515e-05
8800 	 9006 	 6.8096741388e-01 	 3.5739878171e-05
8900 	 9109 	 6.8096727990e-01 	 4.9513864570e-05
9000 	 9210 	 6.8096712982e-01 	 4.6229687781e-05
9100 	 9312 	 6.8096698196e-01 	 7.2116211144e-05
9200 	 9414 	 6.8096683692e-01 	 4.1965628438e-05
9300 	 9516 	 6.8096671905e-01 	 5.1217794630e-05
9400 	 9618 	 6.8096660728e-01 	 3.8638316109e-05
9500 	 9718 	 6.8096651054e-01 	 3.7380535069e-05
9600 	 9822 	 6.8096640265e-01 	 4.3353701984e-05
9700 	 9924 	 6.8096628628e-01 	 4.3528205785e-05
9800 	 10029 	 6.8096617982e-01 	 5.7214196223e-05
9900 	 10133 	 6.8096605826e-01 	 5.6455123961e-05
10000 	 10234 	 6.8096594566e-01 	 3.5006868061e-05
10100 	 10336 	 6.8096584369e-01 	 5.7723819999e-05
10200 	 10438 	 6.8096574465e-01 	 5.0146885992e-05
10300 	 10540 	 6.8096567300e-01 	 2.8926631017e-05
10400 	 10644 	 6.8096561686e-01 	 2.8000619900e-05
10500 	 10745 	 6.8096555181e-01 	 3.0221056300e-05
10600 	 10848 	 6.8096548472e-01 	 5.0655359117e-05
10700 	 10951 	 6.8096542546e-01 	 2.4479034632e-05
10800 	 11053 	 6.8096537770e-01 	 3.1108108771e-05
10900 	 11155 	 6.8096533090e-01 	 1.9439356234e-05
11000 	 11257 	 6.8096528412e-01 	 2.6877855848e-05
11100 	 11359 	 6.8096523810e-01 	 2.0261046659e-05
11200 	 11460 	 6.8096520008e-01 	 1.6733002417e-05
11300 	 11562 	 6.8096516230e-01 	 2.3547783148e-05
11400 	 11668 	 6.8096512820e-01 	 2.1573814293e-05
11500 	 11770 	 6.8096509008e-01 	 2.3603195524e-05
11600 	 11871 	 6.8096505011e-01 	 2.1352419255e-05
11700 	 11975 	 6.8096501503e-01 	 2.0926259217e-05
11800 	 12076 	 6.8096497983e-01 	 3.4150565866e-05
11900 	 12181 	 6.8096494309e-01 	 2.2193844248e-05
12000 	 12282 	 6.8096491238e-01 	 1.6860891962e-05
12100 	 12385 	 6.8096488501e-01 	 1.8418902691e-05
12200 	 12488 	 6.8096486027e-01 	 1.5564149270e-05
12300 	 12588 	 6.8096483438e-01 	 1.5135286259e-05
12400 	 12690 	 6.8096480669e-01 	 1.5974783922e-05
12500 	 12791 	 6.8096478004e-01 	 1.4752155678e-05
12600 	 12894 	 6.8096475428e-01 	 1.9264333993e-05
12700 	 12997 	 6.8096472668e-01 	 1.6632852480e-05
12800 	 13099 	 6.8096469743e-01 	 2.0206986740e-05
12900 	 13200 	 6.8096466795e-01 	 1.6482882625e-05
13000 	 13303 	 6.8096464477e-01 	 2.4112847640e-05
13100 	 13407 	 6.8096462096e-01 	 1.3819947187e-05
13200 	 13509 	 6.8096459618e-01 	 1.5438388593e-05
13300 	 13613 	 6.8096457596e-01 	 1.7163251128e-05
13400 	 13718 	 6.8096455774e-01 	 1.3238840361e-05
13500 	 13820 	 6.8096453808e-01 	 1.8632708251e-05
13600 	 13920 	 6.8096452096e-01 	 1.3370073051e-05
13700 	 14021 	 6.8096450785e-01 	 1.0480605642e-05
13800 	 14125 	 6.8096449732e-01 	 1.0723158355e-05
13900 	 14228 	 6.8096448547e-01 	 9.5080185207e-06
14000 	 14331 	 6.8096447114e-01 	 9.0637669329e-06
14100 	 14434 	 6.8096445801e-01 	 1.1244315237e-05
14200 	 14537 	 6.8096444438e-01 	 2.3761972979e-05
14300 	 14641 	 6.8096442868e-01 	 1.1279348327e-05
14400 	 14743 	 6.8096441341e-01 	 1.3034765488e-05
14500 	 14847 	 6.8096440262e-01 	 1.2790010351e-05
14600 	 14948 	 6.8096439294e-01 	 1.3498617584e-05
14700 	 15049 	 6.8096438145e-01 	 1.1518107948e-05
14800 	 15153 	 6.8096437142e-01 	 1.6247380147e-05
14900 	 15253 	 6.8096435721e-01 	 1.1525164608e-05
15000 	 15355 	 6.8096434188e-01 	 1.8251956586e-05
15100 	 15456 	 6.8096432815e-01 	 1.1854531045e-05
15200 	 15560 	 6.8096431600e-01 	 9.9338039167e-06
15300 	 15663 	 6.8096430673e-01 	 1.3278286893e-05
15400 	 15766 	 6.8096429968e-01 	 6.3324542968e-06
15500 	 15870 	 6.8096429368e-01 	 6.6018043226e-06
15600 	 15972 	 6.8096428805e-01 	 1.1261007182e-05
15700 	 16076 	 6.8096428274e-01 	 1.3936906058e-05
15800 	 16179 	 6.8096427713e-01 	 7.9464478949e-06
15900 	 16282 	 6.8096427196e-01 	 8.4686392389e-06
16000 	 16388 	 6.8096426805e-01 	 6.4452065512e-06
16100 	 16491 	 6.8096426499e-01 	 3.9676134291e-06
16200 	 16593 	 6.8096426276e-01 	 5.3566908910e-06
16300 	 16697 	 6.8096426096e-01 	 7.3532679971e-06
16400 	 16799 	 6.8096425919e-01 	 4.2165387968e-06
16500 	 16902 	 6.8096425784e-01 	 7.4077055989e-06
16600 	 17006 	 6.8096425646e-01 	 6.9524361074e-06
16700 	 17108 	 6.8096425473e-01 	 3.6768478049e-06
16800 	 17211 	 6.8096425288e-01 	 3.6965713582e-06
16900 	 17314 	 6.8096425059e-01 	 1.5061802481e-05
17000 	 17419 	 6.8096424809e-01 	 6.1739209177e-06
17100 	 17520 	 6.8096424422e-01 	 1.6253632255e-05
17200 	 17624 	 6.8096423772e-01 	 7.9685177928e-06
17300 	 17726 	 6.8096423171e-01 	 7.2083378074e-06
17400 	 17827 	 6.8096422655e-01 	 1.0140349835e-05
17500 	 17927 	 6.8096422123e-01 	 1.3201030172e-05
17600 	 18030 	 6.8096421739e-01 	 5.9280806215e-06
17700 	 18134 	 6.8096421490e-01 	 4.3504399487e-06
17800 	 18236 	 6.8096421312e-01 	 6.6061864426e-06
17900 	 18340 	 6.8096421180e-01 	 3.8643665918e-06
18000 	 18444 	 6.8096421055e-01 	 6.3553835839e-06
18100 	 18547 	 6.8096420921e-01 	 3.7575846689e-06
18200 	 18650 	 6.8096420797e-01 	 2.9720080774e-06
18300 	 18753 	 6.8096420699e-01 	 4.8690100115e-06
18400 	 18856 	 6.8096420610e-01 	 4.9535385885e-06
18500 	 18959 	 6.8096420532e-01 	 2.0629938224e-06
18600 	 19063 	 6.8096420446e-01 	 5.3407369566e-06
18700 	 19166 	 6.8096420379e-01 	 3.0932741921e-06
18800 	 19267 	 6.8096420313e-01 	 2.3089322120e-06
18900 	 19369 	 6.8096420248e-01 	 2.1406694869e-06
19000 	 19472 	 6.8096420183e-01 	 2.7716625126e-06
19100 	 19576 	 6.8096420095e-01 	 2.9054757340e-06
19200 	 19680 	 6.8096420014e-01 	 5.0458056224e-06
19300 	 19783 	 6.8096419942e-01 	 2.7323816796e-06
19400 	 19886 	 6.8096419866e-01 	 5.7794077076e-06
19500 	 19988 	 6.8096419799e-01 	 2.4844840050e-06
19600 	 20088 	 6.8096419738e-01 	 2.7395978290e-06
19700 	 20189 	 6.8096419668e-01 	 2.5242829402e-06
19800 	 20292 	 6.8096419607e-01 	 2.6246950158e-06
19900 	 20393 	 6.8096419549e-01 	 2.2084070709e-06
20000 	 20495 	 6.8096419499e-01 	 2.4857316017e-06
20100 	 20596 	 6.8096419457e-01 	 2.0296919547e-06
20200 	 20699 	 6.8096419418e-01 	 2.4130161375e-06
20300 	 20800 	 6.8096419384e-01 	 1.9562175799e-06
20400 	 20903 	 6.8096419362e-01 	 1.7614314264e-06
20500 	 21004 	 6.8096419346e-01 	 1.2605922064e-06
20600 	 21107 	 6.8096419330e-01 	 2.5980536599e-06
20700 	 21210 	 6.8096419317e-01 	 2.4981170421e-06
20800 	 21313 	 6.8096419302e-01 	 1.4857565804e-06
20900 	 21414 	 6.8096419288e-01 	 1.5996798073e-06
21000 	 21517 	 6.8096419277e-01 	 1.6323167652e-06
21100 	 21620 	 6.8096419267e-01 	 2.1366454966e-06
21200 	 21723 	 6.8096419259e-01 	 1.4271670571e-06
21300 	 21826 	 6.8096419249e-01 	 7.9524988722e-07
21400 	 21927 	 6.8096419238e-01 	 1.3482074288e-06
21500 	 22029 	 6.8096419227e-01 	 1.2833097740e-06
21600 	 22130 	 6.8096419217e-01 	 1.9172995330e-06
21700 	 22231 	 6.8096419209e-01 	 7.7780095381e-07
21800 	 22332 	 6.8096419202e-01 	 9.9405406318e-07
21900 	 22435 	 6.8096419194e-01 	 1.6700932260e-06
22000 	 22536 	 6.8096419185e-01 	 1.0405258500e-06
22100 	 22638 	 6.8096419176e-01 	 1.2980497593e-06
22200 	 22739 	 6.8096419171e-01 	 5.8215004083e-07
22300 	 22842 	 6.8096419167e-01 	 6.1193533710e-07
22400 	 22945 	 6.8096419163e-01 	 1.4938540990e-06
22500 	 23048 	 6.8096419158e-01 	 1.5757521245e-06
22600 	 23149 	 6.8096419152e-01 	 8.0184645491e-07
22700 	 23251 	 6.8096419148e-01 	 8.8863680129e-07
22800 	 23355 	 6.8096419143e-01 	 9.0595924069e-07
22900 	 23456 	 6.8096419139e-01 	 7.4927141315e-07
23000 	 23558 	 6.8096419135e-01 	 5.9282320609e-07
23100 	 23660 	 6.8096419131e-01 	 7.7162032022e-07
23200 	 23765 	 6.8096419126e-01 	 1.1978858562e-06
23300 	 23868 	 6.8096419122e-01 	 6.2474028724e-07
23400 	 23972 	 6.8096419116e-01 	 9.7005534555e-07
23500 	 24073 	 6.8096419110e-01 	 8.8319900370e-07
23600 	 24175 	 6.8096419105e-01 	 6.9042155048e-07
23700 	 24279 	 6.8096419100e-01 	 6.5431585707e-07
23800 	 24382 	 6.8096419095e-01 	 1.5291249070e-06
23900 	 24486 	 6.8096419089e-01 	 1.0417599766e-06
24000 	 24587 	 6.8096419083e-01 	 6.1919685811e-07
24100 	 24690 	 6.8096419079e-01 	 1.6543642032e-06
24200 	 24792 	 6.8096419074e-01 	 8.0240103386e-07
24300 	 24893 	 6.8096419068e-01 	 7.3868387312e-07
24400 	 24997 	 6.8096419061e-01 	 1.1942218092e-06
24500 	 25100 	 6.8096419055e-01 	 8.3163504505e-07
24600 	 25202 	 6.8096419049e-01 	 6.2271167399e-07
24700 	 25305 	 6.8096419044e-01 	 5.8371326446e-07
24800 	 25406 	 6.8096419040e-01 	 1.0632043693e-06
24900 	 25509 	 6.8096419036e-01 	 1.0270448776e-06
25000 	 25610 	 6.8096419032e-01 	 7.5435006361e-07
25100 	 25713 	 6.8096419029e-01 	 1.1019547444e-06
25200 	 25815 	 6.8096419027e-01 	 3.8521594662e-07
25300 	 25917 	 6.8096419026e-01 	 3.7403442151e-07
25400 	 26020 	 6.8096419025e-01 	 3.9707518239e-07
25500 	 26122 	 6.8096419024e-01 	 2.1368339179e-07
25600 	 26224 	 6.8096419023e-01 	 2.3003481824e-07
25700 	 26325 	 6.8096419023e-01 	 3.3988265435e-07
25800 	 26425 	 6.8096419022e-01 	 2.2194694012e-07
25900 	 26529 	 6.8096419022e-01 	 2.8335599948e-07
26000 	 26633 	 6.8096419021e-01 	 3.1392247584e-07
26100 	 26734 	 6.8096419021e-01 	 2.8899280888e-07
26200 	 26837 	 6.8096419020e-01 	 1.6550968251e-07
26300 	 26940 	 6.8096419020e-01 	 1.8433324544e-07
26400 	 27043 	 6.8096419020e-01 	 1.6946092337e-07
26500 	 27143 	 6.8096419020e-01 	 2.0595423633e-07
26600 	 27246 	 6.8096419019e-01 	 1.1678161420e-07
26700 	 27351 	 6.8096419019e-01 	 1.5041276262e-07
26800 	 27454 	 6.8096419019e-01 	 2.0136523588e-07
26900 	 27555 	 6.8096419019e-01 	 1.5465852430e-07
27000 	 27656 	 6.8096419019e-01 	 1.6510646637e-07
27100 	 27760 	 6.8096419018e-01 	 1.3503097940e-07
27200 	 27860 	 6.8096419018e-01 	 1.7932873679e-07
27300 	 27960 	 6.8096419018e-01 	 1.6906699748e-07
27400 	 28063 	 6.8096419018e-01 	 1.2797911964e-07
27500 	 28164 	 6.8096419018e-01 	 1.6540568685e-07
27600 	 28265 	 6.8096419017e-01 	 1.5348766276e-07
27700 	 28367 	 6.8096419017e-01 	 1.9597726515e-07
27800 	 28470 	 6.8096419017e-01 	 2.0536377679e-07
27900 	 28572 	 6.8096419016e-01 	 2.3693382973e-07
28000 	 28675 	 6.8096419016e-01 	 4.6191913563e-07
28100 	 28779 	 6.8096419015e-01 	 1.9183818583e-07
28200 	 28880 	 6.8096419015e-01 	 4.8836139939e-07
28300 	 28984 	 6.8096419015e-01 	 1.7688662051e-07
28400 	 29086 	 6.8096419015e-01 	 1.5593816150e-07
28500 	 29189 	 6.8096419014e-01 	 1.3744312731e-07
28600 	 29292 	 6.8096419014e-01 	 1.4260617297e-07
28700 	 29396 	 6.8096419014e-01 	 1.7036418351e-07
28800 	 29497 	 6.8096419014e-01 	 1.3760957336e-07
28900 	 29599 	 6.8096419014e-01 	 1.2249797238e-07
29000 	 29704 	 6.8096419014e-01 	 1.1408389759e-07
29100 	 29808 	 6.8096419014e-01 	 1.1128599509e-07
29200 	 29917 	 6.8096419014e-01 	 8.3059365713e-08
29300 	 30019 	 6.8096419013e-01 	 1.3839274533e-07
29400 	 30121 	 6.8096419013e-01 	 9.7423991647e-08
29500 	 30225 	 6.8096419013e-01 	 7.6627180265e-08
29600 	 30328 	 6.8096419013e-01 	 1.1448642520e-07
29700 	 30432 	 6.8096419013e-01 	 1.2975856444e-07
29800 	 30535 	 6.8096419013e-01 	 4.5504761325e-08
29900 	 30641 	 6.8096419013e-01 	 1.1699395351e-07
30000 	 30745 	 6.8096419013e-01 	 2.6420704566e-07
30100 	 30851 	 6.8096419013e-01 	 9.0611672029e-08
30200 	 30956 	 6.8096419013e-01 	 1.4745324649e-07
30300 	 31062 	 6.8096419013e-01 	 1.7275486438e-07
30400 	 31172 	 6.8096419013e-01 	 5.7675501090e-08
30500 	 31280 	 6.8096419013e-01 	 9.4659891197e-08
30600 	 31387 	 6.8096419013e-01 	 3.6229267456e-08
30700 	 31502 	 6.8096419013e-01 	 3.5830878912e-08
30800 	 31609 	 6.8096419013e-01 	 4.7134374306e-08
30900 	 31717 	 6.8096419012e-01 	 3.5133855140e-08
31000 	 31826 	 6.8096419012e-01 	 9.2631536323e-08
31100 	 31929 	 6.8096419012e-01 	 8.1218946215e-08
31200 	 32031 	 6.8096419012e-01 	 6.5523029480e-08
31300 	 32137 	 6.8096419012e-01 	 5.9215026925e-08
31400 	 32240 	 6.8096419012e-01 	 7.3410427198e-08
31500 	 32342 	 6.8096419012e-01 	 9.9280933978e-08
31600 	 32443 	 6.8096419012e-01 	 1.3188652034e-07
31700 	 32549 	 6.8096419012e-01 	 9.2121822644e-08
31800 	 32652 	 6.8096419012e-01 	 1.0934180967e-07
31900 	 32757 	 6.8096419012e-01 	 6.1372734971e-08
32000 	 32859 	 6.8096419012e-01 	 7.2390495399e-08
32100 	 32963 	 6.8096419012e-01 	 8.8068465697e-08
32200 	 33068 	 6.8096419011e-01 	 8.9905470874e-08
32300 	 33175 	 6.8096419011e-01 	 7.8279978480e-08
32400 	 33280 	 6.8096419011e-01 	 7.8473695476e-08
32500 	 33387 	 6.8096419011e-01 	 9.2053623001e-08
32600 	 33489 	 6.8096419011e-01 	 7.9315097177e-08
32700 	 33598 	 6.8096419011e-01 	 7.0075562650e-08
32800 	 33708 	 6.8096419011e-01 	 8.5065606697e-08
32900 	 33820 	 6.8096419011e-01 	 5.4819168824e-08
33000 	 33932 	 6.8096419011e-01 	 2.4507776109e-08
33100 	 34055 	 6.8096419011e-01 	 1.8679169597e-08
# ---- 
 1 		 33113 	 34084 		 1.2571356526e+00 	 6.8096419011e-01 	 4.1603555325e-08
# ---- 
100 	 103 	 2.8096382438e+00 	 1.6169378167e-02
200 	 204 	 2.7982307560e+00 	 1.0011274036e-02
300 	 305 	 2.7940011598e+00 	 2.0122105168e-02
400 	 406 	 2.7915940960e+00 	 1.0016395345e-02
500 	 509 	 2.7901025348e+00 	 4.9052447772e-03
600 	 611 	 2.7891905209e+00 	 5.2739488173e-03
700 	 712 	 2.7887580317e+00 	 2.1057317625e-03
800 	 813 	 2.7885049322e+00 	 1.4653392120e-03
900 	 914 	 2.7882570161e+00 	 1.7975456149e-03
1000 	 1018 	 2.7880833938e+00 	 9.6439426666e-04
1100 	 1120 	 2.7879767323e+00 	 8.1182361991e-04
1200 	 1223 	 2.7878980217e+00 	 8.1469757856e-04
1300 	 1325 	 2.7878418086e+00 	 7.7679555337e-04
1400 	 1427 	 2.7877980439e+00 	 1.0494810947e-03
1500 	 1528 	 2.7877616571e+00 	 1.0042803307e-03
1600 	 1630 	 2.7877268023e+00 	 7.1863347424e-04
1700 	 1732 	 2.7876995364e+00 	 6.4993449087e-04
1800 	 1834 	 2.7876719056e+00 	 5.9998467310e-04
1900 	 1937 	 2.7876515346e+00 	 4.2769947576e-04
2000 	 2039 	 2.7876364634e+00 	 5.6436719311e-04
2100 	 2142 	 2.7876237360e+00 	 5.4314842436e-04
2200 	 2242 	 2.7876141527e+00 	 8.4334720641e-04
2300 	 2345 	 2.7876058554e+00 	 4.8074875087e-04
2400 	 2448 	 2.7875982818e+00 	 3.4245039843e-04
2500 	 2550 	 2.7875912672e+00 	 7.8591487421e-04
2600 	 2651 	 2.7875849895e+00 	 5.5384815593e-04
2700 	 2754 	 2.7875785454e+00 	 3.8026266239e-04
2800 	 2856 	 2.7875724818e+00 	 2.9665474042e-04
2900 	 2958 	 2.7875676041e+00 	 1.9016887314e-04
3000 	 3061 	 2.7875628567e+00 	 2.5344574146e-04
3100 	 3166 	 2.7875580644e+00 	 1.8583956630e-04
3200 	 3268 	 2.7875549349e+00 	 2.0247185246e-04
3300 	 3370 	 2.7875522364e+00 	 1.9545304785e-04
3400 	 3474 	 2.7875499033e+00 	 1.3223828239e-04
3500 	 3575 	 2.7875479832e+00 	 1.5356551582e-04
3600 	 3679 	 2.7875464693e+00 	 1.2388918002e-04
3700 	 3782 	 2.7875450143e+00 	 2.4284534305e-04
3800 	 3884 	 2.7875434763e+00 	 1.3076611165e-04
3900 	 3984 	 2.7875421376e+00 	 1.1107233425e-04
4000 	 4088 	 2.7875410555e+00 	 1.7220595343e-04
4100 	 4190 	 2.7875400752e+00 	 1.1933127478e-04
4200 	 4292 	 2.7875393935e+00 	 7.7174210607e-05
4300 	 4393 	 2.7875388430e+00 	 7.7059963644e-05
4400 	 4498 	 2.7875382819e+00 	 6.4064784191e-05
4500 	 4600 	 2.7875378971e+00 	 9.5635796924e-05
4600 	 4702 	 2.7875374959e+00 	 7.0488303200e-05
4700 	 4807 	 2.7875370304e+00 	 9.0080065340e-05
4800 	 4908 	 2.7875364991e+00 	 8.3888586816e-05
4900 	 5012 	 2.7875360396e+00 	 1.1484204847e-04
5000 	 5114 	 2.7875356993e+00 	 1.2166479207e-04
5100 	 5217 	 2.7875354664e+00 	 1.1946850622e-04
5200 	 5319 	 2.7875352589e+00 	 6.5058351321e-05
5300 	 5422 	 2.7875350224e+00 	 8.3938172732e-05
5400 	 5524 	 2.7875348279e+00 	 1.4683824929e-04
5500 	 5629 	 2.7875346744e+00 	 6.9506456027e-05
5600 	 5731 	 2.7875345575e+00 	 3.6835738454e-05
5700 	 5833 	 2.7875344355e+00 	 2.9701713495e-05
5800 	 5935 	 2.7875343279e+00 	 3.7073109198e-05
5900 	 6038 	 2.7875342461e+00 	 3.3540346417e-05
6000 	 6140 	 2.7875341682e+00 	 2.6753936290e-05
6100 	 6243 	 2.7875341019e+00 	 3.6226921890e-05
6200 	 6346 	 2.7875340293e+00 	 5.9293562346e-05
6300 	 6450 	 2.7875339563e+00 	 2.4525520227e-05
6400 	 6553 	 2.7875339074e+00 	 2.5667056440e-05
6500 	 6655 	 2.7875338694e+00 	 3.7064944261e-05
6600 	 6758 	 2.7875338315e+00 	 2.0208693767e-05
6700 	 6863 	 2.7875337940e+00 	 4.1961008953e-05
6800 	 6964 	 2.7875337499e+00 	 1.7446741800e-05
6900 	 7066 	 2.7875337172e+00 	 2.3310392792e-05
7000 	 7167 	 2.7875336806e+00 	 1.9898015973e-05
7100 	 7270 	 2.7875336521e+00 	 1.2074870790e-05
7200 	 7374 	 2.7875336271e+00 	 3.0214456525e-05
7300 	 7479 	 2.7875335955e+00 	 2.6485356243e-05
7400 	 7583 	 2.7875335656e+00 	 1.8193224443e-05
7500 	 7687 	 2.7875335370e+00 	 1.5866542433e-05
7600 	 7789 	 2.7875335135e+00 	 2.1049025452e-05
7700 	 7893 	 2.7875334958e+00 	 1.6298799763e-05
7800 	 7997 	 2.7875334825e+00 	 1.2641988100e-05
7900 	 8100 	 2.7875334708e+00 	 1.2386996113e-05
8000 	 8202 	 2.7875334599e+00 	 1.1853352580e-05
8100 	 8304 	 2.7875334477e+00 	 9.3761899808e-06
8200 	 8409 	 2.7875334397e+00 	 9.7134134691e-06
8300 	 8512 	 2.7875334333e+00 	 7.5215009916e-06
8400 	 8615 	 2.7875334274e+00 	 8.9791564390e-06
8500 	 8718 	 2.7875334208e+00 	 7.7878045347e-06
8600 	 8821 	 2.7875334138e+00 	 8.7088729338e-06
8700 	 8924 	 2.7875334076e+00 	 7.7783318674e-06
8800 	 9027 	 2.7875334012e+00 	 8.4519536630e-06
8900 	 9131 	 2.7875333938e+00 	 1.4134988805e-05
9000 	 9235 	 2.7875333865e+00 	 9.6077284427e-06
9100 	 9337 	 2.7875333792e+00 	 7.5432203138e-06
9200 	 9440 	 2.7875333729e+00 	 7.2840865265e-06
9300 	 9543 	 2.7875333676e+00 	 6.7764753835e-06
9400 	 9648 	 2.7875333633e+00 	 9.5752235801e-06
9500 	 9751 	 2.7875333590e+00 	 7.2379739381e-06
9600 	 9854 	 2.7875333552e+00 	 6.9521501207e-06
9700 	 9954 	 2.7875333514e+00 	 7.0375518181e-06
9800 	 10058 	 2.7875333481e+00 	 6.7081729767e-06
9900 	 10160 	 2.7875333452e+00 	 5.1870732129e-06
10000 	 10262 	 2.7875333433e+00 	 6.7232894647e-06
10100 	 10364 	 2.7875333417e+00 	 3.1346417758e-06
10200 	 10466 	 2.7875333403e+00 	 5.3620033382e-06
10300 	 10569 	 2.7875333388e+00 	 1.1158951458e-05
10400 	 10670 	 2.7875333371e+00 	 4.7896212676e-06
10500 	 10772 	 2.7875333355e+00 	 4.6620221227e-06
10600 	 10875 	 2.7875333338e+00 	 4.3025926063e-06
10700 	 10977 	 2.7875333324e+00 	 3.7521545671e-06
10800 	 11078 	 2.7875333315e+00 	 3.4066759078e-06
10900 	 11183 	 2.7875333305e+00 	 4.8069372563e-06
11000 	 11285 	 2.7875333296e+00 	 3.6368053370e-06
11100 	 11385 	 2.7875333289e+00 	 3.8591036539e-06
11200 	 11486 	 2.7875333283e+00 	 2.8089540699e-06
11300 	 11589 	 2.7875333277e+00 	 3.7380432936e-06
11400 	 11692 	 2.7875333270e+00 	 2.9714451449e-06
11500 	 11794 	 2.7875333263e+00 	 1.9961402506e-06
11600 	 11895 	 2.7875333257e+00 	 4.6865280090e-06
11700 	 11997 	 2.7875333251e+00 	 2.3481460040e-06
11800 	 12100 	 2.7875333244e+00 	 2.8732686956e-06
11900 	 12204 	 2.7875333238e+00 	 4.9285487231e-06
12000 	 12305 	 2.7875333233e+00 	 2.1049937432e-06
12100 	 12405 	 2.7875333228e+00 	 2.4310950403e-06
12200 	 12508 	 2.7875333223e+00 	 2.5933756997e-06
12300 	 12610 	 2.7875333219e+00 	 1.8510786597e-06
12400 	 12714 	 2.7875333215e+00 	 3.0495092790e-06
12500 	 12817 	 2.7875333210e+00 	 3.8485016739e-06
12600 	 12920 	 2.7875333206e+00 	 3.9068024172e-06
12700 	 13024 	 2.7875333203e+00 	 2.4464455959e-06
12800 	 13128 	 2.7875333200e+00 	 3.5803534644e-06
12900 	 13231 	 2.7875333198e+00 	 3.5064470417e-06
13000 	 13333 	 2.7875333196e+00 	 1.1727044069e-06
13100 	 13436 	 2.7875333194e+00 	 3.0469460487e-06
13200 	 13536 	 2.7875333193e+00 	 2.7654333000e-06
13300 	 13640 	 2.7875333191e+00 	 1.0618164830e-06
13400 	 13741 	 2.7875333190e+00 	 1.5097188558e-06
13500 	 13844 	 2.7875333188e+00 	 9.2496297272e-07
13600 	 13944 	 2.7875333188e+00 	 2.9248315277e-06
13700 	 14048 	 2.7875333187e+00 	 7.3553042150e-07
13800 	 14149 	 2.7875333187e+00 	 7.0506229967e-07
13900 	 14251 	 2.7875333186e+00 	 6.1057811592e-07
14000 	 14354 	 2.7875333186e+00 	 6.7392024359e-07
14100 	 14457 	 2.7875333185e+00 	 1.2362766337e-06
14200 	 14557 	 2.7875333185e+00 	 2.8167914545e-06
14300 	 14661 	 2.7875333184e+00 	 5.1061376664e-07
14400 	 14762 	 2.7875333184e+00 	 6.8315328877e-07
14500 	 14865 	 2.7875333184e+00 	 6.4362214783e-07
14600 	 14967 	 2.7875333183e+00 	 5.9516123033e-07
14700 	 15068 	 2.7875333183e+00 	 4.6160655752e-07
14800 	 15171 	 2.7875333183e+00 	 8.2542724779e-07
14900 	 15272 	 2.7875333183e+00 	 2.5123209219e-07
15000 	 15373 	 2.7875333183e+00 	 3.4618156023e-07
15100 	 15475 	 2.7875333183e+00 	 2.8609681038e-07
15200 	 15575 	 2.7875333183e+00 	 2.6907834496e-07
15300 	 15675 	 2.7875333182e+00 	 2.5221642617e-07
15400 	 15777 	 2.7875333182e+00 	 3.5474389862e-07
15500 	 15878 	 2.7875333182e+00 	 3.2415428957e-07
15600 	 15979 	 2.7875333182e+00 	 3.7300656737e-07
15700 	 16079 	 2.7875333182e+00 	 3.4502098732e-07
15800 	 16182 	 2.7875333182e+00 	 3.4126861336e-07
15900 	 16284 	 2.7875333182e+00 	 4.4831747138e-07
16000 	 16390 	 2.7875333182e+00 	 2.9269845859e-07
16100 	 16494 	 2.7875333182e+00 	 3.9695634687e-07
16200 	 16596 	 2.7875333182e+00 	 3.9867494724e-07
16300 	 16700 	 2.7875333181e+00 	 3.1340433147e-07
16400 	 16801 	 2.7875333181e+00 	 2.5995200419e-07
16500 	 16903 	 2.7875333181e+00 	 2.4686972021e-07
16600 	 17006 	 2.7875333181e+00 	 2.3038237171e-07
16700 	 17107 	 2.7875333181e+00 	 2.7789825647e-07
16800 	 17210 	 2.7875333181e+00 	 3.5053385549e-07
16900 	 17313 	 2.7875333181e+00 	 2.0227594632e-07
17000 	 17417 	 2.7875333181e+00 	 2.3706673743e-07
17100 	 17522 	 2.7875333181e+00 	 1.5984551585e-07
17200 	 17628 	 2.7875333181e+00 	 1.2956329228e-07
17300 	 17731 	 2.7875333181e+00 	 1.6131522467e-07
17400 	 17836 	 2.7875333181e+00 	 2.0305658123e-07
17500 	 17939 	 2.7875333181e+00 	 9.5735270920e-08
17600 	 18063 	 2.7875333181e+00 	 6.8266974868e-08
17700 	 18173 	 2.7875333181e+00 	 7.1138304112e-08
17800 	 18285 	 2.7875333181e+00 	 1.1845598905e-07
# ---- 
 1 		 17888 	 18403 		 3.3242951774e+00 	 2.7875333181e+00 	 2.1034111383e-07
# ---- 
100 	 103 	 6.3660894921e+00 	 1.2529885577e-02
200 	 204 	 6.3586033837e+00 	 7.1260156522e-03
300 	 306 	 6.3560313490e+00 	 6.5563286798e-03
400 	 407 	 6.3543259310e+00 	 6.4480926614e-03
500 	 509 	 6.3533883144e+00 	 2.4654640939e-03
600 	 611 	 6.3528042213e+00 	 1.8249381511e-03
700 	 714 	 6.3525203666e+00 	 1.9254332208e-03
800 	 818 	 6.3523019487e+00 	 1.9933393911e-03
900 	 920 	 6.3521609496e+00 	 1.1179294855e-03
1000 	 1023 	 6.3520661256e+00 	 8.9339712538e-04
1100 	 1124 	 6.3519895358e+00 	 7.7816179669e-04
1200 	 1226 	 6.3519453282e+00 	 1.0670966709e-03
1300 	 1328 	 6.3519162146e+00 	 1.4301343661e-03
1400 	 1431 	 6.3518913046e+00 	 1.3310237078e-03
1500 	 1534 	 6.3518681338e+00 	 8.1896040362e-04
1600 	 1637 	 6.3518484514e+00 	 4.0977481145e-04
1700 	 1739 	 6.3518308035e+00 	 3.7123883712e-04
1800 	 1840 	 6.3518192629e+00 	 3.3873853209e-04
1900 	 1944 	 6.3518115849e+00 	 4.3062173647e-04
2000 	 2046 	 6.3518034636e+00 	 3.3498506276e-04
2100 	 2150 	 6.3517954216e+00 	 4.0141597915e-04
2200 	 2253 	 6.3517887059e+00 	 5.1826784235e-04
2300 	 2358 	 6.3517827601e+00 	 2.7466704749e-04
2400 	 2460 	 6.3517763798e+00 	 2.2444637352e-04
2500 	 2562 	 6.3517718279e+00 	 1.9242413144e-04
2600 	 2662 	 6.3517687106e+00 	 3.8791476256e-04
2700 	 2764 	 6.3517659003e+00 	 1.4063538196e-04
2800 	 2867 	 6.3517634481e+00 	 1.7489569639e-04
2900 	 2968 	 6.3517612163e+00 	 1.8508919718e-04
3000 	 3070 	 6.3517590574e+00 	 1.9455049902e-04
3100 	 3172 	 6.3517570929e+00 	 1.7118396616e-04
3200 	 3276 	 6.3517553911e+00 	 2.4299391178e-04
3300 	 3378 	 6.3517538915e+00 	 2.3688425709e-04
3400 	 3478 	 6.3517523238e+00 	 1.3385079312e-04
3500 	 3581 	 6.3517511533e+00 	 2.8440196562e-04
3600 	 3683 	 6.3517503309e+00 	 1.0498199856e-04
3700 	 3785 	 6.3517492647e+00 	 1.1094798424e-04
3800 	 3887 	 6.3517482720e+00 	 1.8600044123e-04
3900 	 3989 	 6.3517474045e+00 	 1.8009562370e-04
4000 	 4093 	 6.3517467975e+00 	 8.3589581166e-05
4100 	 4194 	 6.3517463471e+00 	 9.0057101585e-05
4200 	 4296 	 6.3517459643e+00 	 8.2777865609e-05
4300 	 4399 	 6.3517455419e+00 	 1.3702353102e-04
4400 	 4502 	 6.3517451915e+00 	 5.6970821639e-05
4500 	 4607 	 6.3517450015e+00 	 6.8073506584e-05
4600 	 4712 	 6.3517448555e+00 	 6.9210412733e-05
4700 	 4816 	 6.3517447220e+00 	 3.8999314117e-05
4800 	 4921 	 6.3517445859e+00 	 3.9928897102e-05
4900 	 5022 	 6.3517444350e+00 	 4.5456451944e-05
5000 	 5124 	 6.3517442829e+00 	 4.2389678688e-05
5100 	 5227 	 6.3517441533e+00 	 3.4094881139e-05
5200 	 5330 	 6.3517440609e+00 	 3.9460045036e-05
5300 	 5432 	 6.3517439650e+00 	 2.7703485336e-05
5400 	 5533 	 6.3517438364e+00 	 3.7326172807e-05
5500 	 5636 	 6.3517437514e+00 	 3.1748738904e-05
5600 	 5738 	 6.3517437022e+00 	 3.6922567487e-05
5700 	 5839 	 6.3517436537e+00 	 1.8605965099e-05
5800 	 5940 	 6.3517436202e+00 	 2.0197595438e-05
5900 	 6043 	 6.3517435815e+00 	 1.9616197056e-05
6000 	 6146 	 6.3517435468e+00 	 2.1355604536e-05
6100 	 6248 	 6.3517435097e+00 	 2.0901317704e-05
6200 	 6349 	 6.3517434823e+00 	 2.2613152371e-05
6300 	 6452 	 6.3517434607e+00 	 1.7879621092e-05
6400 	 6554 	 6.3517434446e+00 	 1.4237286601e-05
6500 	 6656 	 6.3517434319e+00 	 1.1608194200e-05
6600 	 6760 	 6.3517434220e+00 	 1.2767254925e-05
6700 	 6863 	 6.3517434138e+00 	 1.0620912080e-05
6800 	 6965 	 6.3517434049e+00 	 8.1129060463e-06
6900 	 7066 	 6.3517433962e+00 	 9.7045153322e-06
7000 	 7167 	 6.3517433872e+00 	 9.0438070117e-06
7100 	 7269 	 6.3517433800e+00 	 8.3739107203e-06
7200 	 7370 	 6.3517433714e+00 	 8.4856504956e-06
7300 	 7474 	 6.3517433618e+00 	 1.0028309847e-05
7400 	 7576 	 6.3517433538e+00 	 5.4910974823e-06
7500 	 7679 	 6.3517433490e+00 	 8.0585919759e-06
7600 	 7782 	 6.3517433441e+00 	 7.5873243646e-06
7700 	 7883 	 6.3517433413e+00 	 1.0866598684e-05
7800 	 7985 	 6.3517433388e+00 	 4.4354876890e-06
7900 	 8090 	 6.3517433361e+00 	 4.5798549009e-06
8000 	 8193 	 6.3517433333e+00 	 5.6669110321e-06
8100 	 8297 	 6.3517433311e+00 	 4.7227311555e-06
8200 	 8401 	 6.3517433296e+00 	 3.4131604336e-06
8300 	 8503 	 6.3517433281e+00 	 6.6716898273e-06
8400 	 8605 	 6.3517433265e+00 	 5.1008242237e-06
8500 	 8709 	 6.3517433242e+00 	 4.3947711314e-06
8600 	 8811 	 6.3517433222e+00 	 5.1556516437e-06
8700 	 8912 	 6.3517433203e+00 	 4.6323871777e-06
8800 	 9014 	 6.3517433190e+00 	 3.8481711941e-06
8900 	 9116 	 6.3517433180e+00 	 3.1065112500e-06
9000 	 9221 	 6.3517433171e+00 	 3.2630273110e-06
9100 	 9324 	 6.3517433162e+00 	 4.9671450422e-06
9200 	 9426 	 6.3517433155e+00 	 3.0979339497e-06
9300 	 9528 	 6.3517433147e+00 	 4.1768776487e-06
9400 	 9630 	 6.3517433140e+00 	 2.3195716806e-06
9500 	 9733 	 6.3517433135e+00 	 2.0575930439e-06
9600 	 9835 	 6.3517433132e+00 	 1.6725024010e-06
9700 	 9937 	 6.3517433128e+00 	 6.5928985291e-06
9800 	 10040 	 6.3517433124e+00 	 2.5065085841e-06
9900 	 10140 	 6.3517433121e+00 	 1.8843077213e-06
10000 	 10242 	 6.3517433118e+00 	 1.3138899719e-06
10100 	 10344 	 6.3517433116e+00 	 1.8997452974e-06
10200 	 10447 	 6.3517433114e+00 	 1.8901512773e-06
10300 	 10552 	 6.3517433111e+00 	 1.2198559369e-06
10400 	 10655 	 6.3517433110e+00 	 2.0604918432e-06
10500 	 10759 	 6.3517433108e+00 	 3.1717023560e-06
10600 	 10861 	 6.3517433106e+00 	 2.3432884534e-06
10700 	 10963 	 6.3517433105e+00 	 4.7852506348e-06
10800 	 11066 	 6.3517433103e+00 	 1.6616930435e-06
10900 	 11168 	 6.3517433102e+00 	 9.6493510252e-07
11000 	 11273 	 6.3517433100e+00 	 1.6741162208e-06
11100 	 11376 	 6.3517433099e+00 	 1.2516364634e-06
11200 	 11478 	 6.3517433097e+00 	 1.3898239985e-06
11300 	 11581 	 6.3517433096e+00 	 1.2133019473e-06
11400 	 11683 	 6.3517433095e+00 	 6.0256591225e-07
11500 	 11786 	 6.3517433095e+00 	 1.0128151066e-06
11600 	 11889 	 6.3517433094e+00 	 8.4857056255e-07
11700 	 11991 	 6.3517433093e+00 	 1.6682398246e-06
11800 	 12094 	 6.3517433093e+00 	 6.4961890512e-07
11900 	 12196 	 6.3517433092e+00 	 8.9571629131e-07
12000 	 12301 	 6.3517433092e+00 	 9.3956108864e-07
12100 	 12403 	 6.3517433091e+00 	 9.1682606779e-07
12200 	 12508 	 6.3517433090e+00 	 1.2042072469e-06
12300 	 12611 	 6.3517433090e+00 	 6.3405151158e-07
12400 	 12713 	 6.3517433089e+00 	 1.0748398590e-06
12500 	 12817 	 6.3517433089e+00 	 6.7771817644e-07
12600 	 12919 	 6.3517433089e+00 	 7.8331050319e-07
12700 	 13020 	 6.3517433088e+00 	 5.7987371774e-07
12800 	 13123 	 6.3517433088e+00 	 3.8598610579e-07
12900 	 13226 	 6.3517433088e+00 	 7.4028715089e-07
13000 	 13328 	 6.3517433088e+00 	 5.4859051327e-07
13100 	 13430 	 6.3517433087e+00 	 7.2772180115e-07
13200 	 13533 	 6.3517433087e+00 	 5.3736104863e-07
13300 	 13633 	 6.3517433087e+00 	 1.0855104211e-06
13400 	 13735 	 6.3517433087e+00 	 1.3833105289e-06
13500 	 13836 	 6.3517433087e+00 	 4.8339439457e-07
13600 	 13936 	 6.3517433086e+00 	 1.3252495792e-06
13700 	 14039 	 6.3517433086e+00 	 4.5542693412e-07
13800 	 14142 	 6.3517433086e+00 	 1.2540689370e-06
13900 	 14246 	 6.3517433086e+00 	 4.5913760824e-07
14000 	 14348 	 6.3517433086e+00 	 4.7982004692e-07
14100 	 14450 	 6.3517433086e+00 	 2.7738148336e-07
14200 	 14555 	 6.3517433086e+00 	 2.3253215283e-07
14300 	 14670 	 6.3517433086e+00 	 2.0805608625e-07
14400 	 14782 	 6.3517433086e+00 	 1.8700907052e-07
14500 	 14895 	 6.3517433086e+00 	 2.9004360784e-07
14600 	 15004 	 6.3517433085e+00 	 1.8254929298e-07
14700 	 15114 	 6.3517433085e+00 	 1.9514566293e-07
14800 	 15231 	 6.3517433085e+00 	 3.7068825014e-07
14900 	 15337 	 6.3517433085e+00 	 1.8297170194e-07
15000 	 15444 	 6.3517433085e+00 	 4.2976764657e-07
15100 	 15553 	 6.3517433085e+00 	 2.0784535511e-07
15200 	 15657 	 6.3517433085e+00 	 3.3198056377e-07
15300 	 15762 	 6.3517433085e+00 	 1.1214017146e-07
15400 	 15868 	 6.3517433085e+00 	 2.5815217228e-07
15500 	 15983 	 6.3517433085e+00 	 1.3996063154e-07
15600 	 16096 	 6.3517433085e+00 	 9.3325852078e-08
15700 	 16212 	 6.3517433085e+00 	 9.4360994815e-08
15800 	 16324 	 6.3517433085e+00 	 1.0128401625e-07
15900 	 16445 	 6.3517433085e+00 	 1.3551586180e-07
16000 	 16565 	 6.3517433085e+00 	 1.3227915645e-07
# ---- 
 1 		 16026 	 16609 		 6.8787301575e+00 	 6.3517433085e+00 	 7.4244164054e-08
# ---- 
100 	 105 	 1.1399203357e+01 	 1.2862854548e-02
200 	 205 	 1.1393549055e+01 	 9.5863118376e-03
300 	 309 	 1.1391551673e+01 	 1.0538841925e-02
400 	 410 	 1.1390238213e+01 	 7.7920616545e-03
500 	 514 	 1.1389460933e+01 	 4.9705617073e-03
600 	 616 	 1.1388983809e+01 	 3.1441494012e-03
700 	 716 	 1.1388719361e+01 	 1.9512708348e-03
800 	 819 	 1.1388544272e+01 	 1.0683031748e-03
900 	 922 	 1.1388428519e+01 	 1.8155888042e-03
1000 	 1025 	 1.1388351024e+01 	 1.2471801067e-03
1100 	 1126 	 1.1388293719e+01 	 5.4721759583e-04
1200 	 1227 	 1.1388260103e+01 	 5.3732427573e-04
1300 	 1329 	 1.1388238536e+01 	 5.2619711243e-04
1400 	 1434 	 1.1388220366e+01 	 5.8252227761e-04
1500 	 1539 	 1.1388201538e+01 	 4.4705532061e-04
1600 	 1642 	 1.1388188715e+01 	 3.9534627199e-04
1700 	 1744 	 1.1388178953e+01 	 3.5424818591e-04
1800 	 1846 	 1.1388170925e+01 	 3.4445302161e-04
1900 	 1948 	 1.1388163749e+01 	 2.7567732424e-04
2000 	 2051 	 1.1388157269e+01 	 2.0504385750e-04
2100 	 2152 	 1.1388151403e+01 	 2.1109567264e-04
2200 	 2255 	 1.1388146176e+01 	 4.1192358788e-04
2300 	 2358 	 1.1388141204e+01 	 3.1032143300e-04
2400 	 2460 	 1.1388137634e+01 	 1.8085636032e-04
2500 	 2561 	 1.1388134964e+01 	 2.8543972559e-04
2600 	 2665 	 1.1388132365e+01 	 1.4519370060e-04
2700 	 2766 	 1.1388130107e+01 	 1.3827035629e-04
2800 	 2871 	 1.1388127826e+01 	 2.9635011547e-04
2900 	 2972 	 1.1388125936e+01 	 1.4537490976e-04
3000 	 3074 	 1.1388124613e+01 	 1.0638116802e-04
3100 	 3179 	 1.1388123307e+01 	 2.0168803146e-04
3200 	 3279 	 1.1388122175e+01 	 1.4490939720e-04
3300 	 3380 	 1.1388121487e+01 	 7.3158150797e-05
3400 	 3481 	 1.1388120807e+01 	 1.8114536392e-04
3500 	 3585 	 1.1388120292e+01 	 1.2210440409e-04
3600 	 3689 	 1.1388119793e+01 	 7.1894732463e-05
3700 	 3792 	 1.1388119336e+01 	 1.1410287060e-04
3800 	 3896 	 1.1388118930e+01 	 7.7531018633e-05
3900 	 3998 	 1.1388118622e+01 	 5.2578292981e-05
4000 	 4101 	 1.1388118387e+01 	 8.8923380700e-05
4100 	 4202 	 1.1388118120e+01 	 4.4727975659e-05
4200 	 4304 	 1.1388117918e+01 	 6.2286700814e-05
4300 	 4407 	 1.1388117771e+01 	 2.7957842696e-05
4400 	 4510 	 1.1388117630e+01 	 4.4196810120e-05
4500 	 4611 	 1.1388117486e+01 	 3.4655844471e-05
4600 	 4715 	 1.1388117335e+01 	 6.4824531608e-05
4700 	 4815 	 1.1388117201e+01 	 3.3543690720e-05
4800 	 4920 	 1.1388117121e+01 	 3.8084642728e-05
4900 	 5022 	 1.1388117046e+01 	 3.2753896589e-05
5000 	 5125 	 1.1388116975e+01 	 3.3954956146e-05
5100 	 5227 	 1.1388116915e+01 	 2.2594313882e-05
5200 	 5329 	 1.1388116861e+01 	 3.8439812753e-05
5300 	 5433 	 1.1388116821e+01 	 1.7003743784e-05
5400 	 5535 	 1.1388116790e+01 	 3.6309115090e-05
5500 	 5637 	 1.1388116751e+01 	 3.8305022133e-05
5600 	 5738 	 1.1388116717e+01 	 2.9146367809e-05
5700 	 5839 	 1.1388116695e+01 	 4.5190301396e-05
5800 	 5940 	 1.1388116672e+01 	 1.8927416383e-05
5900 	 6043 	 1.1388116648e+01 	 1.3283438926e-05
6000 	 6147 	 1.1388116630e+01 	 2.4876012189e-05
6100 	 6248 	 1.1388116615e+01 	 1.4174070217e-05
6200 	 6349 	 1.1388116603e+01 	 1.0095585999e-05
6300 	 6450 	 1.1388116591e+01 	 9.2626212295e-06
6400 	 6553 	 1.1388116582e+01 	 1.1684374041e-05
6500 	 6656 	 1.1388116571e+01 	 1.7166359692e-05
6600 	 6759 	 1.1388116559e+01 	 1.1232769093e-05
6700 	 6860 	 1.1388116550e+01 	 1.6240566764e-05
6800 	 6961 	 1.1388116542e+01 	 1.0608568995e-05
6900 	 7063 	 1.1388116535e+01 	 1.1024200364e-05
7000 	 7164 	 1.1388116529e+01 	 7.1048134615e-06
7100 	 7265 	 1.1388116525e+01 	 9.7407746820e-06
7200 	 7368 	 1.1388116521e+01 	 7.3652356618e-06
7300 	 7470 	 1.1388116518e+01 	 5.8940787786e-06
7400 	 7573 	 1.1388116515e+01 	 4.8024324314e-06
7500 	 7675 	 1.1388116512e+01 	 6.0194490243e-06
7600 	 7775 	 1.1388116511e+01 	 9.1450522445e-06
7700 	 7877 	 1.1388116509e+01 	 2.6765130183e-06
7800 	 7981 	 1.1388116508e+01 	 3.3431146905e-06
7900 	 8084 	 1.1388116508e+01 	 3.6819651425e-06
8000 	 8186 	 1.1388116506e+01 	 4.1129955776e-06
8100 	 8286 	 1.1388116505e+01 	 5.0833286648e-06
8200 	 8388 	 1.1388116503e+01 	 4.2087771805e-06
8300 	 8492 	 1.1388116501e+01 	 4.4487057013e-06
8400 	 8595 	 1.1388116499e+01 	 3.8735861991e-06
8500 	 8699 	 1.1388116498e+01 	 4.0429284502e-06
8600 	 8802 	 1.1388116496e+01 	 4.0734152003e-06
8700 	 8906 	 1.1388116495e+01 	 5.5582035550e-06
8800 	 9009 	 1.1388116494e+01 	 6.6526875374e-06
8900 	 9112 	 1.1388116493e+01 	 7.7462564869e-06
9000 	 9215 	 1.1388116493e+01 	 2.3373649992e-06
9100 	 9319 	 1.1388116492e+01 	 5.9628276549e-06
9200 	 9422 	 1.1388116492e+01 	 1.5916796872e-06
9300 	 9524 	 1.1388116492e+01 	 3.0531521143e-06
9400 	 9624 	 1.1388116491e+01 	 2.3723625757e-06
9500 	 9724 	 1.1388116491e+01 	 2.6177372421e-06
9600 	 9825 	 1.1388116491e+01 	 1.4958428780e-06
9700 	 9928 	 1.1388116491e+01 	 1.9427771924e-06
9800 	 10029 	 1.1388116491e+01 	 8.8025725404e-07
9900 	 10132 	 1.1388116491e+01 	 1.2590067483e-06
10000 	 10234 	 1.1388116491e+01 	 1.1952965284e-06
10100 	 10335 	 1.1388116491e+01 	 9.4640298598e-07
10200 	 10438 	 1.1388116490e+01 	 9.3886499604e-07
10300 	 10541 	 1.1388116490e+01 	 2.2366804492e-06
10400 	 10646 	 1.1388116490e+01 	 1.5126304386e-06
10500 	 10747 	 1.1388116490e+01 	 2.0522374891e-06
10600 	 10850 	 1.1388116490e+01 	 9.7002495833e-07
10700 	 10951 	 1.1388116490e+01 	 7.3028020359e-07
10800 	 11052 	 1.1388116490e+01 	 6.1641295384e-07
10900 	 11152 	 1.1388116490e+01 	 6.1826268501e-07
11000 	 11257 	 1.1388116490e+01 	 5.8969212097e-07
11100 	 11358 	 1.1388116490e+01 	 6.1134637593e-07
11200 	 11459 	 1.1388116490e+01 	 6.2324090756e-07
11300 	 11563 	 1.1388116490e+01 	 4.7700278417e-07
11400 	 11665 	 1.1388116490e+01 	 4.0487563810e-07
11500 	 11767 	 1.1388116490e+01 	 4.0845263680e-07
11600 	 11871 	 1.1388116490e+01 	 4.4826882188e-07
11700 	 11974 	 1.1388116490e+01 	 4.9773370354e-07
11800 	 12076 	 1.1388116490e+01 	 6.5198306574e-07
11900 	 12177 	 1.1388116490e+01 	 6.2916948833e-07
12000 	 12280 	 1.1388116490e+01 	 7.2113052569e-07
12100 	 12384 	 1.1388116490e+01 	 7.1639571996e-07
12200 	 12487 	 1.1388116490e+01 	 4.0299987744e-07
12300 	 12589 	 1.1388116490e+01 	 5.3898910597e-07
12400 	 12691 	 1.1388116490e+01 	 3.4878252739e-07
12500 	 12795 	 1.1388116490e+01 	 3.3730404779e-07
12600 	 12899 	 1.1388116490e+01 	 3.8718373188e-07
12700 	 13008 	 1.1388116490e+01 	 3.7907576922e-07
12800 	 13115 	 1.1388116490e+01 	 2.6884130485e-07
12900 	 13223 	 1.1388116490e+01 	 2.8262957167e-07
13000 	 13334 	 1.1388116490e+01 	 3.3175218165e-07
13100 	 13441 	 1.1388116490e+01 	 1.6418878354e-07
13200 	 13561 	 1.1388116490e+01 	 2.2755343153e-07
13300 	 13672 	 1.1388116490e+01 	 1.6948575595e-07
# ---- 
 1 		 13360 	 13758 		 1.1910073638e+01 	 1.1388116490e+01 	 2.1501126080e-07
# ---- 
100 	 103 	 1.7914618373e+01 	 1.6304492364e-02
200 	 206 	 1.7910337823e+01 	 1.6760190092e-02
300 	 307 	 1.7908645348e+01 	 9.9661863514e-03
400 	 407 	 1.7907502066e+01 	 2.8158293395e-03
500 	 508 	 1.7906854514e+01 	 3.7414486891e-03
600 	 609 	 1.7906455761e+01 	 1.7216075084e-03
700 	 710 	 1.7906215740e+01 	 1.5909527586e-03
800 	 812 	 1.7906079621e+01 	 1.6909024839e-03
900 	 913 	 1.7905990923e+01 	 1.2690873911e-03
1000 	 1015 	 1.7905921241e+01 	 1.0282493330e-03
1100 	 1121 	 1.7905878788e+01 	 1.0545597618e-03
1200 	 1224 	 1.7905854482e+01 	 5.8063336398e-04
1300 	 1327 	 1.7905837133e+01 	 4.8738580191e-04
1400 	 1428 	 1.7905821137e+01 	 1.2365492142e-03
1500 	 1530 	 1.7905808092e+01 	 3.4830244909e-04
1600 	 1634 	 1.7905799432e+01 	 5.2710880190e-04
1700 	 1734 	 1.7905792194e+01 	 3.0043638506e-04
1800 	 1837 	 1.7905785524e+01 	 3.6385170566e-04
1900 	 1939 	 1.7905779397e+01 	 3.3381626830e-04
2000 	 2041 	 1.7905772981e+01 	 2.7211343710e-04
2100 	 2144 	 1.7905767513e+01 	 6.5400474981e-04
2200 	 2245 	 1.7905763401e+01 	 2.4481911345e-04
2300 	 2348 	 1.7905760334e+01 	 1.7185676589e-04
2400 	 2450 	 1.7905757988e+01 	 2.6305997276e-04
2500 	 2553 	 1.7905756018e+01 	 2.0060369404e-04
2600 	 2654 	 1.7905754186e+01 	 2.0854699906e-04
2700 	 2755 	 1.7905752781e+01 	 1.2305820859e-04
2800 	 2859 	 1.7905751775e+01 	 1.0454094904e-04
2900 	 2963 	 1.7905750717e+01 	 1.6290614998e-04
3000 	 3067 	 1.7905749716e+01 	 1.1338591889e-04
3100 	 3169 	 1.7905748858e+01 	 1.8002441612e-04
3200 	 3269 	 1.7905748200e+01 	 8.7488398898e-05
3300 	 3372 	 1.7905747658e+01 	 9.2638791488e-05
3400 	 3472 	 1.7905747247e+01 	 6.0395343858e-05
3500 	 3573 	 1.7905746838e+01 	 7.1425026740e-05
3600 	 3677 	 1.7905746502e+01 	 9.9960258872e-05
3700 	 3780 	 1.7905746232e+01 	 7.0449603683e-05
3800 	 3882 	 1.7905745977e+01 	 7.6941295688e-05
3900 	 3985 	 1.7905745763e+01 	 3.5604852495e-05
4000 	 4088 	 1.7905745576e+01 	 9.4335359455e-05
4100 	 4191 	 1.7905745414e+01 	 3.9061059014e-05
4200 	 4295 	 1.7905745283e+01 	 4.0090410602e-05
4300 	 4399 	 1.7905745167e+01 	 4.5199608408e-05
4400 	 4500 	 1.7905745069e+01 	 3.0644720256e-05
4500 	 4602 	 1.7905744980e+01 	 3.4247273227e-05
4600 	 4705 	 1.7905744900e+01 	 5.2235746458e-05
4700 	 4807 	 1.7905744819e+01 	 2.9487485649e-05
4800 	 4908 	 1.7905744759e+01 	 3.3260246866e-05
4900 	 5009 	 1.7905744717e+01 	 5.6503278163e-05
5000 	 5110 	 1.7905744674e+01 	 1.6343575741e-05
5100 	 5214 	 1.7905744638e+01 	 1.6714831809e-05
5200 	 5315 	 1.7905744606e+01 	 1.4614569611e-05
5300 	 5415 	 1.7905744581e+01 	 1.5623143676e-05
5400 	 5518 	 1.7905744561e+01 	 1.4153993480e-05
5500 	 5620 	 1.7905744541e+01 	 1.1783345341e-05
5600 	 5721 	 1.7905744525e+01 	 1.3773814338e-05
5700 	 5823 	 1.7905744514e+01 	 2.0764252090e-05
5800 	 5926 	 1.7905744503e+01 	 1.0146131336e-05
5900 	 6029 	 1.7905744493e+01 	 9.1141945484e-06
6000 	 6132 	 1.7905744483e+01 	 1.0519417797e-05
6100 	 6232 	 1.7905744472e+01 	 1.2810841641e-05
6200 	 6335 	 1.7905744462e+01 	 1.4466083292e-05
6300 	 6438 	 1.7905744451e+01 	 1.4037086795e-05
6400 	 6543 	 1.7905744444e+01 	 1.1236537512e-05
6500 	 6646 	 1.7905744439e+01 	 9.8763519216e-06
6600 	 6748 	 1.7905744436e+01 	 8.6795634392e-06
6700 	 6850 	 1.7905744434e+01 	 5.1041155290e-06
6800 	 6954 	 1.7905744432e+01 	 4.7662556389e-06
6900 	 7056 	 1.7905744430e+01 	 3.6405802121e-06
7000 	 7161 	 1.7905744429e+01 	 5.4676364190e-06
7100 	 7264 	 1.7905744427e+01 	 6.5247446713e-06
7200 	 7367 	 1.7905744426e+01 	 4.5845667676e-06
7300 	 7471 	 1.7905744424e+01 	 5.6534544465e-06
7400 	 7574 	 1.7905744422e+01 	 4.5841359530e-06
7500 	 7676 	 1.7905744420e+01 	 7.8428980798e-06
7600 	 7779 	 1.7905744419e+01 	 5.4610452538e-06
7700 	 7882 	 1.7905744417e+01 	 3.9998755372e-06
7800 	 7983 	 1.7905744416e+01 	 4.2952261841e-06
7900 	 8084 	 1.7905744415e+01 	 3.3700052330e-06
8000 	 8186 	 1.7905744414e+01 	 2.5224573476e-06
8100 	 8286 	 1.7905744414e+01 	 2.4839569296e-06
8200 	 8390 	 1.7905744413e+01 	 1.9009279417e-06
8300 	 8493 	 1.7905744413e+01 	 2.1405471857e-06
8400 	 8598 	 1.7905744413e+01 	 2.8721820150e-06
8500 	 8699 	 1.7905744412e+01 	 4.0454577355e-06
8600 	 8803 	 1.7905744412e+01 	 1.4690373359e-06
8700 	 8906 	 1.7905744412e+01 	 2.7081157751e-06
8800 	 9006 	 1.7905744412e+01 	 1.6396711019e-06
8900 	 9109 	 1.7905744412e+01 	 1.2454496116e-06
9000 	 9212 	 1.7905744412e+01 	 1.0481705689e-06
9100 	 9314 	 1.7905744411e+01 	 1.2733974035e-06
9200 	 9416 	 1.7905744411e+01 	 1.3362115056e-06
9300 	 9518 	 1.7905744411e+01 	 1.6737333399e-06
9400 	 9620 	 1.7905744411e+01 	 1.8093240540e-06
9500 	 9721 	 1.7905744411e+01 	 1.8423858579e-06
9600 	 9826 	 1.7905744411e+01 	 9.1446745279e-07
9700 	 9927 	 1.7905744411e+01 	 1.1052492167e-06
9800 	 10029 	 1.7905744411e+01 	 1.5548991388e-06
9900 	 10132 	 1.7905744411e+01 	 8.0300673598e-07
10000 	 10239 	 1.7905744410e+01 	 8.9852441345e-07
10100 	 10341 	 1.7905744410e+01 	 3.8096573116e-07
10200 	 10445 	 1.7905744410e+01 	 3.4461577896e-07
10300 	 10551 	 1.7905744410e+01 	 6.1880349596e-07
10400 	 10656 	 1.7905744410e+01 	 4.7767185560e-07
10500 	 10759 	 1.7905744410e+01 	 1.5917363364e-06
10600 	 10865 	 1.7905744410e+01 	 1.2121388394e-06
10700 	 10969 	 1.7905744410e+01 	 4.5199576821e-07
10800 	 11075 	 1.7905744410e+01 	 4.6011057451e-07
10900 	 11190 	 1.7905744410e+01 	 3.7483186325e-07
11000 	 11295 	 1.7905744410e+01 	 7.3218537147e-07
11100 	 11403 	 1.7905744410e+01 	 1.0575361915e-06
11200 	 11510 	 1.7905744410e+01 	 4.8907368687e-07
11300 	 11618 	 1.7905744410e+01 	 3.9141142267e-07
11400 	 11734 	 1.7905744410e+01 	 3.2629203005e-07
11500 	 11848 	 1.7905744410e+01 	 2.3949784262e-07
# ---- 
 1 		 11565 	 11947 		 1.8424642008e+01 	 1.7905744410e+01 	 3.6957538435e-07
# ---- 
100 	 103 	 2.5918767487e+01 	 1.0823782462e-02
200 	 205 	 2.5915106069e+01 	 6.1904479932e-03
300 	 306 	 2.5913615739e+01 	 3.5515717341e-03
400 	 408 	 2.5912652076e+01 	 2.7504109130e-03
500 	 509 	 2.5912034356e+01 	 3.6134310478e-03
600 	 611 	 2.5911666351e+01 	 2.5710180481e-03
700 	 714 	 2.5911450176e+01 	 2.6898728147e-03
800 	 815 	 2.5911338551e+01 	 8.9595598866e-04
900 	 917 	 2.5911253537e+01 	 9.0794207832e-04
1000 	 1021 	 2.5911194515e+01 	 7.4204142771e-04
1100 	 1123 	 2.5911158456e+01 	 6.3431799521e-04
1200 	 1226 	 2.5911137600e+01 	 3.6009042087e-04
1300 	 1327 	 2.5911121508e+01 	 3.6458346880e-04
1400 	 1428 	 2.5911107479e+01 	 5.0348883286e-04
1500 	 1532 	 2.5911098986e+01 	 2.8326152473e-04
1600 	 1636 	 2.5911092271e+01 	 3.1053693771e-04
1700 	 1738 	 2.5911085198e+01 	 9.3852562186e-04
1800 	 1841 	 2.5911078918e+01 	 2.7236975399e-04
1900 	 1944 	 2.5911072934e+01 	 2.3617468326e-04
2000 	 2046 	 2.5911067870e+01 	 2.4318073871e-04
2100 	 2149 	 2.5911063958e+01 	 1.7775992626e-04
2200 	 2249 	 2.5911060729e+01 	 2.0512637531e-04
2300 	 2351 	 2.5911058585e+01 	 2.1396790922e-04
2400 	 2454 	 2.5911056715e+01 	 2.9416564025e-04
2500 	 2557 	 2.5911054871e+01 	 1.5438504355e-04
2600 	 2659 	 2.5911053617e+01 	 8.4905352357e-05
2700 	 2764 	 2.5911052653e+01 	 9.1034719169e-05
2800 	 2869 	 2.5911051825e+01 	 8.1293467599e-05
2900 	 2971 	 2.5911051013e+01 	 7.8360064830e-05
3000 	 3075 	 2.5911050340e+01 	 7.2023312858e-05
3100 	 3176 	 2.5911049810e+01 	 9.5701124052e-05
3200 	 3280 	 2.5911049379e+01 	 6.4033816905e-05
3300 	 3383 	 2.5911049009e+01 	 5.1812732784e-05
3400 	 3486 	 2.5911048667e+01 	 7.0319096345e-05
3500 	 3587 	 2.5911048374e+01 	 6.8401913596e-05
3600 	 3691 	 2.5911048110e+01 	 5.7925328483e-05
3700 	 3794 	 2.5911047912e+01 	 6.7770444538e-05
3800 	 3897 	 2.5911047724e+01 	 7.1147544676e-05
3900 	 4002 	 2.5911047589e+01 	 5.8534625491e-05
4000 	 4105 	 2.5911047484e+01 	 3.4171364944e-05
4100 	 4207 	 2.5911047412e+01 	 2.4058295006e-05
4200 	 4310 	 2.5911047345e+01 	 2.6286489997e-05
4300 	 4412 	 2.5911047282e+01 	 2.7377005856e-05
4400 	 4518 	 2.5911047223e+01 	 2.1533839001e-05
4500 	 4620 	 2.5911047159e+01 	 2.8590620895e-05
4600 	 4722 	 2.5911047104e+01 	 2.1751243467e-05
4700 	 4827 	 2.5911047069e+01 	 4.7456734695e-05
4800 	 4930 	 2.5911047039e+01 	 1.8300894387e-05
4900 	 5032 	 2.5911047010e+01 	 2.6580524430e-05
5000 	 5136 	 2.5911046981e+01 	 2.9576457700e-05
5100 	 5239 	 2.5911046956e+01 	 3.0208531933e-05
5200 	 5341 	 2.5911046939e+01 	 3.0818219872e-05
5300 	 5442 	 2.5911046925e+01 	 1.2713306961e-05
5400 	 5543 	 2.5911046910e+01 	 1.7404568091e-05
5500 	 5646 	 2.5911046898e+01 	 1.4236812447e-05
5600 	 5748 	 2.5911046886e+01 	 1.6719126333e-05
5700 	 5853 	 2.5911046876e+01 	 9.8685406828e-06
5800 	 5956 	 2.5911046867e+01 	 1.2287261885e-05
5900 	 6059 	 2.5911046858e+01 	 1.6905509408e-05
6000 	 6163 	 2.5911046850e+01 	 9.4214674861e-06
6100 	 6267 	 2.5911046843e+01 	 1.4631442416e-05
6200 	 6368 	 2.5911046836e+01 	 9.5609848922e-06
6300 	 6471 	 2.5911046830e+01 	 1.3116803173e-05
6400 	 6574 	 2.5911046827e+01 	 8.2321238894e-06
6500 	 6674 	 2.5911046824e+01 	 4.7178320625e-06
6600 	 6776 	 2.5911046822e+01 	 4.3172643022e-06
6700 	 6878 	 2.5911046820e+01 	 7.5460490907e-06
6800 	 6979 	 2.5911046818e+01 	 3.1142198914e-06
6900 	 7081 	 2.5911046816e+01 	 4.0671594332e-06
7000 	 7184 	 2.5911046815e+01 	 3.4180240962e-06
7100 	 7287 	 2.5911046814e+01 	 3.3608234646e-06
7200 	 7391 	 2.5911046812e+01 	 4.6778533303e-06
7300 	 7495 	 2.5911046811e+01 	 4.0331331460e-06
7400 	 7598 	 2.5911046810e+01 	 3.2003860940e-06
7500 	 7702 	 2.5911046809e+01 	 3.3830800237e-06
7600 	 7807 	 2.5911046808e+01 	 3.5542040084e-06
7700 	 7910 	 2.5911046807e+01 	 3.3184961830e-06
7800 	 8014 	 2.5911046807e+01 	 1.4308817532e-06
7900 	 8118 	 2.5911046807e+01 	 1.5573356541e-06
8000 	 8220 	 2.5911046806e+01 	 1.9428276392e-06
8100 	 8321 	 2.5911046806e+01 	 2.1676987182e-06
8200 	 8423 	 2.5911046806e+01 	 1.9071864743e-06
8300 	 8527 	 2.5911046806e+01 	 4.2737069609e-06
8400 	 8630 	 2.5911046805e+01 	 2.3602038460e-06
8500 	 8732 	 2.5911046805e+01 	 2.1620288875e-06
8600 	 8835 	 2.5911046805e+01 	 1.8530793122e-06
8700 	 8935 	 2.5911046804e+01 	 2.0540508244e-06
8800 	 9037 	 2.5911046804e+01 	 1.4349391817e-06
8900 	 9140 	 2.5911046804e+01 	 1.9896665307e-06
9000 	 9242 	 2.5911046804e+01 	 1.3217059556e-06
9100 	 9343 	 2.5911046804e+01 	 1.1839600894e-06
9200 	 9444 	 2.5911046804e+01 	 1.0269609953e-06
9300 	 9547 	 2.5911046804e+01 	 1.8443347473e-06
9400 	 9649 	 2.5911046803e+01 	 1.0091684469e-06
9500 	 9753 	 2.5911046803e+01 	 1.3952875510e-06
9600 	 9855 	 2.5911046803e+01 	 9.7928293432e-07
9700 	 9956 	 2.5911046803e+01 	 4.7692965388e-07
9800 	 10062 	 2.5911046803e+01 	 5.2766769282e-07
9900 	 10167 	 2.5911046803e+01 	 6.5996181391e-07
10000 	 10274 	 2.5911046803e+01 	 3.7015710811e-07
10100 	 10380 	 2.5911046803e+01 	 3.8189759666e-07
10200 	 10487 	 2.5911046803e+01 	 4.4321494049e-07
10300 	 10600 	 2.5911046803e+01 	 2.1541585544e-07
10400 	 10708 	 2.5911046803e+01 	 4.7692531494e-07
10500 	 10816 	 2.5911046803e+01 	 3.0197615431e-07
10600 	 10924 	 2.5911046803e+01 	 6.8786504136e-07
10700 	 11037 	 2.5911046803e+01 	 3.1540041959e-07
10800 	 11156 	 2.5911046803e+01 	 7.9250056899e-07
# ---- 
 1 		 10854 	 11252 		 2.6427933309e+01 	 2.5911046803e+01 	 3.7932995840e-07
# ---- 
100 	 105 	 3.5415765331e+01 	 1.3441976356e-02
200 	 208 	 3.5412594368e+01 	 1.4442409072e-02
300 	 308 	 3.5411253843e+01 	 5.0031787986e-03
400 	 411 	 3.5410396134e+01 	 4.3082289679e-03
500 	 513 	 3.5409816791e+01 	 3.1120230810e-03
600 	 615 	 3.5409434816e+01 	 2.3247021879e-03
700 	 715 	 3.5409229576e+01 	 1.8964633087e-03
800 	 818 	 3.5409129468e+01 	 2.5478905940e-03
900 	 920 	 3.5409048742e+01 	 6.4304916183e-04
1000 	 1024 	 3.5408994801e+01 	 8.1269725030e-04
1100 	 1128 	 3.5408962370e+01 	 4.1243703669e-04
1200 	 1228 	 3.5408945658e+01 	 4.4880133342e-04
1300 	 1329 	 3.5408932254e+01 	 4.0148102388e-04
1400 	 1430 	 3.5408920514e+01 	 2.9014755279e-04
1500 	 1533 	 3.5408912901e+01 	 2.5516985152e-04
1600 	 1634 	 3.5408906989e+01 	 3.5219442211e-04
1700 	 1735 	 3.5408900768e+01 	 2.3106826387e-04
1800 	 1838 	 3.5408894594e+01 	 2.7678485210e-04
1900 	 1941 	 3.5408889504e+01 	 4.1687262488e-04
2000 	 2044 	 3.5408885886e+01 	 4.0405567245e-04
2100 	 2149 	 3.5408882524e+01 	 1.7938696863e-04
2200 	 2249 	 3.5408880367e+01 	 1.3659470062e-04
2300 	 2350 	 3.5408878486e+01 	 1.6921101554e-04
2400 	 2453 	 3.5408876761e+01 	 3.5207761641e-04
2500 	 2554 	 3.5408875517e+01 	 1.0536176898e-04
2600 	 2655 	 3.5408874609e+01 	 1.0231350815e-04
2700 	 2756 	 3.5408873770e+01 	 1.1367132225e-04
2800 	 2858 	 3.5408872928e+01 	 1.1533006300e-04
2900 	 2961 	 3.5408872305e+01 	 8.9563717314e-05
3000 	 3062 	 3.5408871870e+01 	 8.5724650520e-05
3100 	 3166 	 3.5408871452e+01 	 6.9728102657e-05
3200 	 3268 	 3.5408871116e+01 	 4.7886253872e-05
3300 	 3369 	 3.5408870832e+01 	 5.9576183877e-05
3400 	 3470 	 3.5408870526e+01 	 8.5774864064e-05
3500 	 3573 	 3.5408870317e+01 	 4.8854606238e-05
3600 	 3675 	 3.5408870135e+01 	 5.5986278180e-05
3700 	 3781 	 3.5408869950e+01 	 4.8532199368e-05
3800 	 3883 	 3.5408869841e+01 	 4.4210248490e-05
3900 	 3987 	 3.5408869731e+01 	 2.9296883843e-05
4000 	 4089 	 3.5408869656e+01 	 5.9206853930e-05
4100 	 4191 	 3.5408869586e+01 	 2.1697960669e-05
4200 	 4295 	 3.5408869518e+01 	 4.7479464894e-05
4300 	 4399 	 3.5408869460e+01 	 2.4484984915e-05
4400 	 4500 	 3.5408869402e+01 	 2.7199611006e-05
4500 	 4602 	 3.5408869359e+01 	 1.5972838536e-05
4600 	 4703 	 3.5408869322e+01 	 3.6968774563e-05
4700 	 4804 	 3.5408869289e+01 	 2.2840819377e-05
4800 	 4908 	 3.5408869267e+01 	 1.6363297900e-05
4900 	 5010 	 3.5408869251e+01 	 3.5533355688e-05
5000 	 5113 	 3.5408869239e+01 	 1.1564539613e-05
5100 	 5216 	 3.5408869227e+01 	 1.8935713502e-05
5200 	 5317 	 3.5408869215e+01 	 1.2660567186e-05
5300 	 5422 	 3.5408869205e+01 	 1.0395097824e-05
5400 	 5524 	 3.5408869197e+01 	 1.4356775413e-05
5500 	 5627 	 3.5408869191e+01 	 9.6533008645e-06
5600 	 5730 	 3.5408869182e+01 	 1.1626187994e-05
5700 	 5834 	 3.5408869173e+01 	 1.7265921561e-05
5800 	 5936 	 3.5408869166e+01 	 9.2966088276e-06
5900 	 6040 	 3.5408869162e+01 	 1.4354320733e-05
6000 	 6142 	 3.5408869158e+01 	 1.3462503731e-05
6100 	 6243 	 3.5408869155e+01 	 8.5664287407e-06
6200 	 6346 	 3.5408869152e+01 	 5.9793793305e-06
6300 	 6450 	 3.5408869149e+01 	 5.4309617915e-06
6400 	 6552 	 3.5408869147e+01 	 4.0142321856e-06
6500 	 6654 	 3.5408869145e+01 	 4.9698661834e-06
6600 	 6755 	 3.5408869143e+01 	 9.9308761981e-06
6700 	 6857 	 3.5408869141e+01 	 3.8728664883e-06
6800 	 6960 	 3.5408869139e+01 	 5.2058330345e-06
6900 	 7063 	 3.5408869137e+01 	 6.6021204445e-06
7000 	 7166 	 3.5408869136e+01 	 3.5017519822e-06
7100 	 7269 	 3.5408869135e+01 	 2.8127402052e-06
7200 	 7370 	 3.5408869135e+01 	 2.8728282955e-06
7300 	 7471 	 3.5408869134e+01 	 2.8912957984e-06
7400 	 7574 	 3.5408869134e+01 	 1.5025998581e-06
7500 	 7677 	 3.5408869134e+01 	 2.3877793403e-06
7600 	 7779 	 3.5408869133e+01 	 3.0487482147e-06
7700 	 7881 	 3.5408869133e+01 	 4.1978958697e-06
7800 	 7983 	 3.5408869133e+01 	 2.8375806014e-06
7900 	 8085 	 3.5408869132e+01 	 1.3300944198e-06
8000 	 8187 	 3.5408869132e+01 	 1.2948648251e-06
8100 	 8288 	 3.5408869132e+01 	 2.7023062067e-06
8200 	 8390 	 3.5408869132e+01 	 1.1057041781e-06
8300 	 8491 	 3.5408869132e+01 	 8.7216380541e-07
8400 	 8594 	 3.5408869132e+01 	 1.4466065993e-06
8500 	 8695 	 3.5408869132e+01 	 1.2012338988e-06
8600 	 8800 	 3.5408869132e+01 	 1.4278600655e-06
8700 	 8901 	 3.5408869132e+01 	 1.4374376459e-06
8800 	 9001 	 3.5408869132e+01 	 8.0284194244e-07
8900 	 9107 	 3.5408869132e+01 	 7.7311091282e-07
9000 	 9214 	 3.5408869132e+01 	 5.9095424493e-07
9100 	 9319 	 3.5408869132e+01 	 6.9048310780e-07
9200 	 9425 	 3.5408869132e+01 	 8.7865769402e-07
9300 	 9531 	 3.5408869131e+01 	 5.1616191276e-07
9400 	 9637 	 3.5408869131e+01 	 8.2206084251e-07
9500 	 9742 	 3.5408869131e+01 	 3.2729970083e-07
9600 	 9847 	 3.5408869131e+01 	 3.8059835806e-07
9700 	 9964 	 3.5408869131e+01 	 3.5958210355e-07
9800 	 10077 	 3.5408869131e+01 	 3.9596643027e-07
9900 	 10187 	 3.5408869131e+01 	 1.7584116489e-07
# ---- 
 1 		 9950 	 10267 		 3.5924382053e+01 	 3.5408869131e+01 	 2.5530138487e-07
# ---- 
100 	 102 	 4.6409389960e+01 	 8.8311693035e-03
200 	 204 	 4.6406478343e+01 	 8.8484148127e-03
300 	 306 	 4.6405257318e+01 	 3.1005211187e-03
400 	 407 	 4.6404437030e+01 	 2.8101810284e-03
500 	 510 	 4.6403885469e+01 	 2.4883592846e-03
600 	 611 	 4.6403556397e+01 	 2.2034717663e-03
700 	 714 	 4.6403372185e+01 	 1.3025090584e-03
800 	 817 	 4.6403266489e+01 	 1.0830475835e-03
900 	 919 	 4.6403185714e+01 	 8.0523661747e-04
1000 	 1022 	 4.6403136780e+01 	 7.6201574929e-04
1100 	 1123 	 4.6403108664e+01 	 5.3556930770e-04
1200 	 1223 	 4.6403091897e+01 	 5.0337205621e-04
1300 	 1328 	 4.6403079320e+01 	 4.3643127841e-04
1400 	 1430 	 4.6403070765e+01 	 3.2320745211e-04
1500 	 1534 	 4.6403064556e+01 	 2.9835571610e-04
1600 	 1634 	 4.6403058495e+01 	 2.8278282716e-04
1700 	 1736 	 4.6403052482e+01 	 4.5676279367e-04
1800 	 1839 	 4.6403047300e+01 	 3.3029102956e-04
1900 	 1941 	 4.6403042897e+01 	 1.7938807752e-04
2000 	 2044 	 4.6403039350e+01 	 3.9394412630e-04
2100 	 2146 	 4.6403036443e+01 	 1.9064503883e-04
2200 	 2249 	 4.6403034843e+01 	 1.2402469671e-04
2300 	 2350 	 4.6403033383e+01 	 1.3749269760e-04
2400 	 2451 	 4.6403032176e+01 	 1.2505430464e-04
2500 	 2554 	 4.6403031445e+01 	 9.7315276701e-05
2600 	 2657 	 4.6403030844e+01 	 6.6705233127e-05
2700 	 2761 	 4.6403030189e+01 	 1.5763347864e-04
2800 	 2864 	 4.6403029466e+01 	 7.4511047025e-05
2900 	 2968 	 4.6403028913e+01 	 5.2834467285e-05
3000 	 3071 	 4.6403028581e+01 	 5.5273422027e-05
3100 	 3174 	 4.6403028293e+01 	 5.5106458132e-05
3200 	 3276 	 4.6403027947e+01 	 1.7693393648e-04
3300 	 3378 	 4.6403027685e+01 	 5.1760082081e-05
3400 	 3482 	 4.6403027469e+01 	 1.1955449721e-04
3500 	 3585 	 4.6403027290e+01 	 3.7544690340e-05
3600 	 3686 	 4.6403027143e+01 	 6.8221104698e-05
3700 	 3787 	 4.6403027047e+01 	 2.8108501267e-05
3800 	 3888 	 4.6403026970e+01 	 3.1937810820e-05
3900 	 3989 	 4.6403026906e+01 	 2.0816921848e-05
4000 	 4091 	 4.6403026848e+01 	 2.0622950311e-05
4100 	 4194 	 4.6403026791e+01 	 2.3857871198e-05
4200 	 4296 	 4.6403026742e+01 	 2.4939604672e-05
4300 	 4402 	 4.6403026704e+01 	 2.0322038180e-05
4400 	 4503 	 4.6403026669e+01 	 3.0348074845e-05
4500 	 4606 	 4.6403026637e+01 	 1.6798971145e-05
4600 	 4708 	 4.6403026613e+01 	 2.0684416673e-05
4700 	 4811 	 4.6403026590e+01 	 1.7497403363e-05
4800 	 4911 	 4.6403026569e+01 	 1.3717689455e-05
4900 	 5016 	 4.6403026554e+01 	 1.0912873008e-05
5000 	 5117 	 4.6403026539e+01 	 1.0874881878e-05
5100 	 5222 	 4.6403026526e+01 	 1.3794137085e-05
5200 	 5323 	 4.6403026517e+01 	 2.5096900662e-05
5300 	 5426 	 4.6403026510e+01 	 1.1009075334e-05
5400 	 5527 	 4.6403026504e+01 	 8.6093912332e-06
5500 	 5631 	 4.6403026500e+01 	 7.4976457601e-06
5600 	 5732 	 4.6403026496e+01 	 5.8037882212e-06
5700 	 5834 	 4.6403026493e+01 	 1.5944879598e-05
5800 	 5938 	 4.6403026490e+01 	 4.9149507227e-06
5900 	 6041 	 4.6403026488e+01 	 9.4316330230e-06
6000 	 6144 	 4.6403026486e+01 	 1.5270379017e-05
6100 	 6247 	 4.6403026483e+01 	 6.9077032242e-06
6200 	 6350 	 4.6403026481e+01 	 1.3005647915e-05
6300 	 6453 	 4.6403026479e+01 	 4.2306828832e-06
6400 	 6555 	 4.6403026478e+01 	 6.2457165739e-06
6500 	 6656 	 4.6403026476e+01 	 3.8919420355e-06
6600 	 6760 	 4.6403026475e+01 	 2.9023000505e-06
6700 	 6862 	 4.6403026473e+01 	 3.1450913802e-06
6800 	 6963 	 4.6403026472e+01 	 3.4212195373e-06
6900 	 7064 	 4.6403026472e+01 	 3.7275843202e-06
7000 	 7169 	 4.6403026471e+01 	 1.8888309019e-06
7100 	 7271 	 4.6403026471e+01 	 2.6973718098e-06
7200 	 7373 	 4.6403026471e+01 	 4.1361901852e-06
7300 	 7475 	 4.6403026470e+01 	 2.5117498423e-06
7400 	 7579 	 4.6403026470e+01 	 2.4124823783e-06
7500 	 7680 	 4.6403026469e+01 	 1.5259984619e-06
7600 	 7782 	 4.6403026469e+01 	 1.3706281063e-06
7700 	 7884 	 4.6403026469e+01 	 2.1196850046e-06
7800 	 7987 	 4.6403026468e+01 	 4.4983458601e-06
7900 	 8089 	 4.6403026468e+01 	 1.5247452794e-06
8000 	 8192 	 4.6403026468e+01 	 1.4982093089e-06
8100 	 8297 	 4.6403026468e+01 	 1.5092585222e-06
8200 	 8398 	 4.6403026468e+01 	 2.7059535118e-06
8300 	 8500 	 4.6403026468e+01 	 8.8963116528e-07
8400 	 8602 	 4.6403026468e+01 	 1.1206943214e-06
8500 	 8708 	 4.6403026468e+01 	 2.1874278110e-06
8600 	 8814 	 4.6403026467e+01 	 9.5739217841e-07
8700 	 8917 	 4.6403026467e+01 	 1.4610050770e-06
8800 	 9021 	 4.6403026467e+01 	 9.7144040598e-07
8900 	 9130 	 4.6403026467e+01 	 5.5269561318e-07
9000 	 9245 	 4.6403026467e+01 	 8.2594032243e-07
9100 	 9354 	 4.6403026467e+01 	 1.3031470989e-06
9200 	 9457 	 4.6403026467e+01 	 4.9834521719e-07
9300 	 9565 	 4.6403026467e+01 	 4.1758680271e-07
9400 	 9676 	 4.6403026467e+01 	 6.2699522772e-07
9500 	 9791 	 4.6403026467e+01 	 4.3838449302e-07
9600 	 9907 	 4.6403026467e+01 	 3.5521270123e-07
9700 	 10024 	 4.6403026467e+01 	 4.9497402444e-07
# ---- 
 1 		 9782 	 10152 		 4.6917587920e+01 	 4.6403026467e+01 	 2.9156563394e-07
# ---- 
100 	 103 	 5.8902496017e+01 	 2.7923122047e-02
200 	 205 	 5.8899852233e+01 	 1.5538756151e-02
300 	 307 	 5.8898747813e+01 	 3.6215132705e-03
400 	 407 	 5.8897968512e+01 	 5.9170741717e-03
500 	 508 	 5.8897426381e+01 	 2.7280423898e-03
600 	 609 	 5.8897089891e+01 	 2.4141923393e-03
700 	 712 	 5.8896933007e+01 	 1.0835713679e-03
800 	 813 	 5.8896831936e+01 	 1.1459659121e-03
900 	 914 	 5.8896755974e+01 	 7.8352778039e-04
1000 	 1014 	 5.8896707375e+01 	 7.2590365839e-04
1100 	 1116 	 5.8896681175e+01 	 1.2069747575e-03
1200 	 1218 	 5.8896665881e+01 	 3.5789492228e-04
1300 	 1321 	 5.8896655053e+01 	 5.1470323569e-04
1400 	 1424 	 5.8896647842e+01 	 4.6857593383e-04
1500 	 1525 	 5.8896642144e+01 	 2.5499541427e-04
1600 	 1627 	 5.8896636913e+01 	 3.7108905269e-04
1700 	 1727 	 5.8896631131e+01 	 3.0797079880e-04
1800 	 1831 	 5.8896626610e+01 	 2.3649012741e-04
1900 	 1933 	 5.8896623013e+01 	 1.5907222177e-04
2000 	 2034 	 5.8896620346e+01 	 3.2670232766e-04
2100 	 2135 	 5.8896618614e+01 	 4.2256208999e-04
2200 	 2239 	 5.8896616890e+01 	 2.1081647871e-04
2300 	 2343 	 5.8896615665e+01 	 7.8195537926e-05
2400 	 2445 	 5.8896614887e+01 	 1.3505970715e-04
2500 	 2548 	 5.8896614176e+01 	 1.0415273166e-04
2600 	 2650 	 5.8896613615e+01 	 1.6531988536e-04
2700 	 2750 	 5.8896613137e+01 	 1.1366315916e-04
2800 	 2851 	 5.8896612745e+01 	 7.1278081419e-05
2900 	 2954 	 5.8896612383e+01 	 7.6290796155e-05
3000 	 3058 	 5.8896612056e+01 	 5.1271228028e-05
3100 	 3160 	 5.8896611768e+01 	 4.5550207459e-05
3200 	 3263 	 5.8896611545e+01 	 1.2302239522e-04
3300 	 3366 	 5.8896611369e+01 	 4.9926807606e-05
3400 	 3466 	 5.8896611198e+01 	 4.2207477461e-05
3500 	 3568 	 5.8896611040e+01 	 4.1534089009e-05
3600 	 3670 	 5.8896610915e+01 	 5.1977028574e-05
3700 	 3772 	 5.8896610806e+01 	 2.8752651537e-05
3800 	 3877 	 5.8896610740e+01 	 3.4632694125e-05
3900 	 3980 	 5.8896610681e+01 	 2.0400599995e-05
4000 	 4080 	 5.8896610625e+01 	 4.6923682055e-05
4100 	 4182 	 5.8896610590e+01 	 1.5229936373e-05
4200 	 4285 	 5.8896610562e+01 	 2.5666928606e-05
4300 	 4388 	 5.8896610539e+01 	 1.7733612505e-05
4400 	 4490 	 5.8896610517e+01 	 1.3794097407e-05
4500 	 4593 	 5.8896610495e+01 	 2.1568984122e-05
4600 	 4695 	 5.8896610466e+01 	 6.3115707595e-05
4700 	 4798 	 5.8896610435e+01 	 1.8474473954e-05
4800 	 4899 	 5.8896610420e+01 	 1.4474979243e-05
4900 	 5001 	 5.8896610408e+01 	 1.1653805876e-05
5000 	 5105 	 5.8896610398e+01 	 8.9836564901e-06
5100 	 5208 	 5.8896610389e+01 	 1.1016130207e-05
5200 	 5312 	 5.8896610380e+01 	 9.1207815151e-06
5300 	 5414 	 5.8896610376e+01 	 8.4375106486e-06
5400 	 5516 	 5.8896610372e+01 	 1.0486173252e-05
5500 	 5620 	 5.8896610369e+01 	 5.3771060459e-06
5600 	 5721 	 5.8896610366e+01 	 9.6190955535e-06
5700 	 5824 	 5.8896610363e+01 	 5.3766382923e-06
5800 	 5926 	 5.8896610362e+01 	 4.2247107010e-06
5900 	 6027 	 5.8896610359e+01 	 1.0491293205e-05
6000 	 6130 	 5.8896610357e+01 	 4.8599511501e-06
6100 	 6233 	 5.8896610355e+01 	 4.8659665632e-06
6200 	 6337 	 5.8896610353e+01 	 7.9797216050e-06
6300 	 6441 	 5.8896610351e+01 	 4.8560159808e-06
6400 	 6542 	 5.8896610350e+01 	 4.7165757940e-06
6500 	 6644 	 5.8896610348e+01 	 3.1250471736e-06
6600 	 6744 	 5.8896610347e+01 	 3.4124410864e-06
6700 	 6845 	 5.8896610347e+01 	 4.2854333632e-06
6800 	 6949 	 5.8896610346e+01 	 2.1680868633e-06
6900 	 7051 	 5.8896610346e+01 	 4.1407209022e-06
7000 	 7156 	 5.8896610346e+01 	 2.4836310657e-06
7100 	 7258 	 5.8896610345e+01 	 1.1437074541e-06
7200 	 7362 	 5.8896610345e+01 	 9.5028148121e-07
7300 	 7466 	 5.8896610345e+01 	 9.3059949573e-07
7400 	 7569 	 5.8896610345e+01 	 7.4834707634e-07
7500 	 7675 	 5.8896610345e+01 	 1.9647390552e-06
7600 	 7780 	 5.8896610345e+01 	 1.1461103475e-06
7700 	 7883 	 5.8896610345e+01 	 1.1098646848e-06
7800 	 7988 	 5.8896610345e+01 	 7.7408052822e-07
7900 	 8091 	 5.8896610345e+01 	 6.3470071945e-07
8000 	 8196 	 5.8896610345e+01 	 5.5882687282e-07
8100 	 8302 	 5.8896610345e+01 	 7.3251523883e-07
8200 	 8406 	 5.8896610345e+01 	 7.6454880648e-07
8300 	 8512 	 5.8896610345e+01 	 6.5856565456e-07
8400 	 8614 	 5.8896610345e+01 	 6.2890749780e-07
8500 	 8723 	 5.8896610344e+01 	 5.9147601474e-07
8600 	 8833 	 5.8896610344e+01 	 5.5249688207e-07
8700 	 8943 	 5.8896610344e+01 	 4.6522982737e-07
8800 	 9058 	 5.8896610344e+01 	 2.8326921106e-07
8900 	 9177 	 5.8896610344e+01 	 6.3923264995e-07
9000 	 9306 	 5.8896610344e+01 	 2.8764179903e-07
# ---- 
 1 		 9003 	 9329 		 5.9410518306e+01 	 5.8896610344e+01 	 3.1958418070e-07
# ---- 
100 	 102 	 7.2897661093e+01 	 9.8017092280e-03
200 	 205 	 7.2895231233e+01 	 8.2503144024e-03
300 	 307 	 7.2894199822e+01 	 7.7935268019e-03
400 	 410 	 7.2893478033e+01 	 2.6648447311e-03
500 	 511 	 7.2892949409e+01 	 2.5362124260e-03
600 	 615 	 7.2892644638e+01 	 2.4877314516e-03
700 	 716 	 7.2892483194e+01 	 1.3535770726e-03
800 	 817 	 7.2892387916e+01 	 1.3012481185e-03
900 	 920 	 7.2892313192e+01 	 1.8504341425e-03
1000 	 1022 	 7.2892265963e+01 	 1.2882204364e-03
1100 	 1125 	 7.2892242504e+01 	 6.4827829693e-04
1200 	 1229 	 7.2892226811e+01 	 6.2417770234e-04
1300 	 1332 	 7.2892217074e+01 	 3.9974547997e-04
1400 	 1433 	 7.2892210534e+01 	 4.7610974981e-04
1500 	 1534 	 7.2892204903e+01 	 2.5334422769e-04
1600 	 1638 	 7.2892200115e+01 	 2.7708280717e-04
1700 	 1741 	 7.2892195001e+01 	 2.1381194744e-04
1800 	 1844 	 7.2892191112e+01 	 1.4538804548e-04
1900 	 1946 	 7.2892187945e+01 	 2.1678845392e-04
2000 	 2046 	 7.2892185584e+01 	 2.3424399393e-04
2100 	 2148 	 7.2892183857e+01 	 1.7937353229e-04
2200 	 2252 	 7.2892182518e+01 	 1.3534093081e-04
2300 	 2353 	 7.2892181617e+01 	 1.1872524953e-04
2400 	 2456 	 7.2892180938e+01 	 1.4403041305e-04
2500 	 2561 	 7.2892180338e+01 	 1.0915642220e-04
2600 	 2665 	 7.2892179855e+01 	 7.6105278680e-05
2700 	 2767 	 7.2892179394e+01 	 1.5788207589e-04
2800 	 2868 	 7.2892179010e+01 	 7.4997143873e-05
2900 	 2969 	 7.2892178682e+01 	 6.2642963739e-05
3000 	 3072 	 7.2892178427e+01 	 4.7554018658e-05
3100 	 3174 	 7.2892178202e+01 	 5.0703248343e-05
3200 	 3278 	 7.2892178034e+01 	 5.4205821371e-05
3300 	 3379 	 7.2892177872e+01 	 4.2457736968e-05
3400 	 3481 	 7.2892177763e+01 	 8.3400711206e-05
3500 	 3581 	 7.2892177684e+01 	 2.5374787044e-05
3600 	 3683 	 7.2892177616e+01 	 2.3869887251e-05
3700 	 3786 	 7.2892177547e+01 	 2.1991715412e-05
3800 	 3889 	 7.2892177504e+01 	 2.4556168144e-05
3900 	 3991 	 7.2892177465e+01 	 2.8895098282e-05
4000 	 4093 	 7.2892177432e+01 	 2.0551778031e-05
4100 	 4196 	 7.2892177404e+01 	 1.4799014858e-05
4200 	 4297 	 7.2892177378e+01 	 1.5862293919e-05
4300 	 4400 	 7.2892177356e+01 	 1.5793067877e-05
4400 	 4502 	 7.2892177337e+01 	 1.5010210277e-05
4500 	 4606 	 7.2892177317e+01 	 1.1565067782e-05
4600 	 4708 	 7.2892177307e+01 	 1.5495029485e-05
4700 	 4813 	 7.2892177296e+01 	 1.2265821439e-05
4800 	 4916 	 7.2892177288e+01 	 8.7778727333e-06
4900 	 5019 	 7.2892177281e+01 	 7.7872573171e-06
5000 	 5121 	 7.2892177275e+01 	 8.0196164066e-06
5100 	 5226 	 7.2892177269e+01 	 9.1954783216e-06
5200 	 5327 	 7.2892177265e+01 	 1.0209549709e-05
5300 	 5428 	 7.2892177262e+01 	 5.6430798440e-06
5400 	 5532 	 7.2892177259e+01 	 6.9642696802e-06
5500 	 5634 	 7.2892177257e+01 	 4.1124677554e-06
5600 	 5735 	 7.2892177255e+01 	 4.9342325732e-06
5700 	 5837 	 7.2892177253e+01 	 5.3755699527e-06
5800 	 5941 	 7.2892177252e+01 	 4.3572298381e-06
5900 	 6043 	 7.2892177250e+01 	 5.7431199335e-06
6000 	 6146 	 7.2892177249e+01 	 4.0511274859e-06
6100 	 6248 	 7.2892177247e+01 	 4.8666768841e-06
6200 	 6350 	 7.2892177246e+01 	 2.3541491696e-06
6300 	 6453 	 7.2892177246e+01 	 2.5126308456e-06
6400 	 6556 	 7.2892177245e+01 	 2.9673280770e-06
6500 	 6659 	 7.2892177245e+01 	 1.5015422180e-06
6600 	 6764 	 7.2892177245e+01 	 2.0977997271e-06
6700 	 6867 	 7.2892177244e+01 	 1.7067900207e-06
6800 	 6970 	 7.2892177244e+01 	 2.4346228959e-06
6900 	 7071 	 7.2892177244e+01 	 1.4286318298e-06
7000 	 7175 	 7.2892177244e+01 	 9.4079457325e-07
7100 	 7280 	 7.2892177244e+01 	 1.4836221666e-06
7200 	 7384 	 7.2892177244e+01 	 9.6705890283e-07
7300 	 7492 	 7.2892177244e+01 	 7.4989826668e-07
7400 	 7598 	 7.2892177244e+01 	 1.1017870169e-06
7500 	 7699 	 7.2892177244e+01 	 8.5098198378e-07
7600 	 7806 	 7.2892177244e+01 	 9.0147842202e-07
7700 	 7913 	 7.2892177244e+01 	 1.0268602198e-06
7800 	 8021 	 7.2892177243e+01 	 9.1831363272e-07
7900 	 8130 	 7.2892177243e+01 	 4.5939631030e-07
8000 	 8241 	 7.2892177243e+01 	 5.4561545134e-07
8100 	 8352 	 7.2892177243e+01 	 4.5692129079e-07
8200 	 8468 	 7.2892177243e+01 	 5.6464150055e-07
8300 	 8580 	 7.2892177243e+01 	 4.5332685780e-07
8400 	 8696 	 7.2892177243e+01 	 2.6431241453e-07
8500 	 8822 	 7.2892177243e+01 	 2.2539171241e-07
# ---- 
 1 		 8576 	 8952 		 7.3405653469e+01 	 7.2892177243e+01 	 3.9643965244e-07
# ---- 
100 	 117 	 7.2658200218e+01 	 7.1539138397e-02
200 	 220 	 7.2551848313e+01 	 3.2789798779e-02
300 	 323 	 7.2526010126e+01 	 1.3213873618e-02
400 	 425 	 7.2518238366e+01 	 9.9041365448e-03
500 	 529 	 7.2516236427e+01 	 6.3926873516e-03
600 	 632 	 7.2515383513e+01 	 4.2947111903e-03
700 	 735 	 7.2514936184e+01 	 4.6374290616e-03
800 	 836 	 7.2514679876e+01 	 1.4033052529e-03
900 	 939 	 7.2514516756e+01 	 1.9198061238e-03
1000 	 1041 	 7.2514392584e+01 	 1.8881590243e-03
1100 	 1143 	 7.2514307678e+01 	 1.2863048125e-03
1200 	 1246 	 7.2514229329e+01 	 8.6524709690e-04
1300 	 1348 	 7.2514164255e+01 	 8.4736443125e-04
1400 	 1450 	 7.2514119130e+01 	 7.3170001211e-04
1500 	 1552 	 7.2514075927e+01 	 8.6138805105e-04
1600 	 1653 	 7.2514037585e+01 	 7.7929491816e-04
1700 	 1754 	 7.2514008052e+01 	 6.0986316102e-04
1800 	 1857 	 7.2513972020e+01 	 1.4632467039e-03
1900 	 1961 	 7.2513942662e+01 	 6.2181623777e-04
2000 	 2063 	 7.2513920147e+01 	 5.1718232052e-04
2100 	 2165 	 7.2513903065e+01 	 1.0520297369e-03
2200 	 2267 	 7.2513893183e+01 	 2.5943847407e-04
2300 	 2369 	 7.2513885687e+01 	 3.7776198306e-04
2400 	 2472 	 7.2513878733e+01 	 4.2443374132e-04
2500 	 2575 	 7.2513872476e+01 	 9.6888485663e-04
2600 	 2681 	 7.2513867606e+01 	 2.4119757780e-04
2700 	 2785 	 7.2513863787e+01 	 2.2079320266e-04
2800 	 2887 	 7.2513860583e+01 	 1.8324380275e-04
2900 	 2990 	 7.2513858114e+01 	 1.2873340186e-04
3000 	 3091 	 7.2513856104e+01 	 1.3871870675e-04
3100 	 3193 	 7.2513854391e+01 	 1.8981139410e-04
3200 	 3296 	 7.2513852489e+01 	 1.4084449960e-04
3300 	 3400 	 7.2513850889e+01 	 3.4545666104e-04
3400 	 3501 	 7.2513848669e+01 	 2.3656091984e-04
3500 	 3605 	 7.2513846629e+01 	 1.2234742990e-04
3600 	 3708 	 7.2513844725e+01 	 1.4632344923e-04
3700 	 3809 	 7.2513843304e+01 	 1.1620117331e-04
3800 	 3911 	 7.2513842222e+01 	 1.1449639908e-04
3900 	 4014 	 7.2513841242e+01 	 8.2158354661e-05
4000 	 4115 	 7.2513840541e+01 	 8.3446807498e-05
4100 	 4216 	 7.2513840113e+01 	 7.1086380746e-05
4200 	 4318 	 7.2513839777e+01 	 7.6499052673e-05
4300 	 4422 	 7.2513839480e+01 	 7.7892176453e-05
4400 	 4524 	 7.2513839280e+01 	 7.1753398096e-05
4500 	 4624 	 7.2513839154e+01 	 3.6227241377e-05
4600 	 4728 	 7.2513839056e+01 	 3.8410811071e-05
4700 	 4830 	 7.2513838976e+01 	 4.2144545543e-05
4800 	 4933 	 7.2513838902e+01 	 3.4787537783e-05
4900 	 5038 	 7.2513838784e+01 	 3.9265996682e-05
5000 	 5142 	 7.2513838711e+01 	 2.7059465021e-05
5100 	 5244 	 7.2513838631e+01 	 3.2963730169e-05
5200 	 5347 	 7.2513838560e+01 	 2.9954862000e-05
5300 	 5450 	 7.2513838490e+01 	 2.4203717606e-05
5400 	 5552 	 7.2513838418e+01 	 5.8448164817e-05
5500 	 5653 	 7.2513838365e+01 	 2.9460371873e-05
5600 	 5759 	 7.2513838321e+01 	 2.1411923684e-05
5700 	 5863 	 7.2513838278e+01 	 2.3113789378e-05
5800 	 5964 	 7.2513838249e+01 	 4.4917220312e-05
5900 	 6068 	 7.2513838227e+01 	 1.5652312114e-05
6000 	 6168 	 7.2513838200e+01 	 1.8777841650e-05
6100 	 6272 	 7.2513838175e+01 	 3.5815811911e-05
6200 	 6375 	 7.2513838152e+01 	 2.9362529484e-05
6300 	 6478 	 7.2513838130e+01 	 2.4523705095e-05
6400 	 6580 	 7.2513838114e+01 	 1.0968450993e-05
6500 	 6682 	 7.2513838096e+01 	 1.3784658057e-05
6600 	 6784 	 7.2513838084e+01 	 1.5582118496e-05
6700 	 6885 	 7.2513838074e+01 	 1.2423781477e-05
6800 	 6988 	 7.2513838067e+01 	 1.1594498311e-05
6900 	 7090 	 7.2513838061e+01 	 5.9627869711e-06
7000 	 7192 	 7.2513838056e+01 	 7.3509289950e-06
7100 	 7295 	 7.2513838053e+01 	 5.4318985898e-06
7200 	 7400 	 7.2513838050e+01 	 6.6908190762e-06
7300 	 7503 	 7.2513838047e+01 	 5.2004051183e-06
7400 	 7606 	 7.2513838044e+01 	 5.8784726835e-06
7500 	 7709 	 7.2513838042e+01 	 7.3272585436e-06
7600 	 7812 	 7.2513838039e+01 	 4.1853153302e-06
7700 	 7915 	 7.2513838038e+01 	 4.4564173580e-06
7800 	 8018 	 7.2513838036e+01 	 5.8156532263e-06
7900 	 8121 	 7.2513838035e+01 	 3.6642142927e-06
8000 	 8221 	 7.2513838034e+01 	 3.9514666014e-06
8100 	 8324 	 7.2513838033e+01 	 3.6559744794e-06
8200 	 8426 	 7.2513838032e+01 	 4.2840936543e-06
8300 	 8527 	 7.2513838032e+01 	 2.0997928531e-06
8400 	 8630 	 7.2513838031e+01 	 8.6006038906e-06
8500 	 8734 	 7.2513838031e+01 	 4.0024880712e-06
8600 	 8834 	 7.2513838030e+01 	 2.3108189050e-06
8700 	 8936 	 7.2513838030e+01 	 1.6762660869e-06
8800 	 9039 	 7.2513838029e+01 	 1.8634476899e-06
8900 	 9143 	 7.2513838029e+01 	 1.7619701317e-06
9000 	 9244 	 7.2513838029e+01 	 1.5040735195e-06
9100 	 9347 	 7.2513838029e+01 	 1.6500766477e-06
9200 	 9449 	 7.2513838029e+01 	 1.3391700079e-06
9300 	 9551 	 7.2513838028e+01 	 1.7096915662e-06
9400 	 9651 	 7.2513838028e+01 	 8.5117205604e-07
9500 	 9755 	 7.2513838028e+01 	 8.8441638973e-07
9600 	 9857 	 7.2513838028e+01 	 1.3468958824e-06
9700 	 9966 	 7.2513838028e+01 	 7.8695954773e-07
9800 	 10076 	 7.2513838028e+01 	 9.0469026680e-07
9900 	 10183 	 7.2513838028e+01 	 7.7625586518e-07
10000 	 10290 	 7.2513838028e+01 	 5.4665141176e-07
10100 	 10400 	 7.2513838028e+01 	 5.4035906073e-07
10200 	 10512 	 7.2513838028e+01 	 3.6658470653e-07
# ---- 
 1 		 10296 	 10645 		 7.9936224721e+01 	 7.2513838028e+01 	 4.8626507222e-07
# ---- 
100 	 105 	 7.2328460103e+01 	 8.0418140743e-02
200 	 207 	 7.2237525435e+01 	 2.7746591612e-02
300 	 310 	 7.2216945124e+01 	 1.3470257545e-02
400 	 412 	 7.2209747303e+01 	 7.6450184721e-03
500 	 516 	 7.2207572568e+01 	 4.1175417021e-03
600 	 619 	 7.2206718900e+01 	 2.6243177173e-03
700 	 723 	 7.2206251983e+01 	 2.1526408078e-03
800 	 826 	 7.2205955919e+01 	 2.4943374148e-03
900 	 926 	 7.2205763117e+01 	 1.5791864077e-03
1000 	 1028 	 7.2205629316e+01 	 1.1226291375e-03
1100 	 1128 	 7.2205533456e+01 	 1.2642537213e-03
1200 	 1229 	 7.2205449662e+01 	 1.0088799377e-03
1300 	 1330 	 7.2205385121e+01 	 7.2607846013e-04
1400 	 1432 	 7.2205332582e+01 	 9.3513070626e-04
1500 	 1533 	 7.2205286858e+01 	 1.3876510191e-03
1600 	 1635 	 7.2205241273e+01 	 5.7362761213e-04
1700 	 1738 	 7.2205205995e+01 	 1.1139025033e-03
1800 	 1841 	 7.2205170539e+01 	 1.0552609240e-03
1900 	 1943 	 7.2205131411e+01 	 7.4699503963e-04
2000 	 2045 	 7.2205104004e+01 	 8.7217528054e-04
2100 	 2147 	 7.2205085287e+01 	 5.5505291153e-04
2200 	 2250 	 7.2205070475e+01 	 3.1230396409e-04
2300 	 2355 	 7.2205060369e+01 	 3.4360276455e-04
2400 	 2457 	 7.2205050793e+01 	 3.7857878996e-04
2500 	 2559 	 7.2205042920e+01 	 3.1080106877e-04
2600 	 2660 	 7.2205036276e+01 	 2.2936472495e-04
2700 	 2761 	 7.2205031070e+01 	 2.4938170286e-04
2800 	 2864 	 7.2205025888e+01 	 2.2314183870e-04
2900 	 2965 	 7.2205020536e+01 	 1.7618801548e-04
3000 	 3068 	 7.2205016140e+01 	 2.4311026659e-04
3100 	 3170 	 7.2205012752e+01 	 2.8087021692e-04
3200 	 3271 	 7.2205009705e+01 	 2.1330318754e-04
3300 	 3373 	 7.2205006427e+01 	 1.4208960801e-04
3400 	 3476 	 7.2205003234e+01 	 3.5300824937e-04
3500 	 3578 	 7.2204998950e+01 	 5.8428889134e-04
3600 	 3683 	 7.2204995452e+01 	 1.9223538993e-04
3700 	 3786 	 7.2204992546e+01 	 3.4775943111e-04
3800 	 3890 	 7.2204990183e+01 	 1.8584307157e-04
3900 	 3993 	 7.2204988406e+01 	 2.0527576481e-04
4000 	 4099 	 7.2204986839e+01 	 3.8570887768e-04
4100 	 4202 	 7.2204985663e+01 	 8.7316446436e-05
4200 	 4306 	 7.2204984956e+01 	 1.1512334339e-04
4300 	 4408 	 7.2204984207e+01 	 9.7778951108e-05
4400 	 4510 	 7.2204983559e+01 	 1.8315292702e-04
4500 	 4613 	 7.2204983081e+01 	 8.3449253136e-05
4600 	 4716 	 7.2204982724e+01 	 6.1157086759e-05
4700 	 4816 	 7.2204982464e+01 	 3.8122859149e-05
4800 	 4919 	 7.2204982233e+01 	 5.5526429353e-05
4900 	 5021 	 7.2204982023e+01 	 4.3023393257e-05
5000 	 5123 	 7.2204981837e+01 	 5.9496384408e-05
5100 	 5224 	 7.2204981642e+01 	 5.2084932058e-05
5200 	 5326 	 7.2204981450e+01 	 4.9948157733e-05
5300 	 5431 	 7.2204981289e+01 	 4.6981044955e-05
5400 	 5533 	 7.2204981130e+01 	 5.4160314071e-05
5500 	 5633 	 7.2204980982e+01 	 5.9652974409e-05
5600 	 5735 	 7.2204980879e+01 	 3.8285449512e-05
5700 	 5835 	 7.2204980753e+01 	 3.7930940975e-05
5800 	 5937 	 7.2204980604e+01 	 3.3944753553e-05
5900 	 6041 	 7.2204980477e+01 	 3.8215566798e-05
6000 	 6145 	 7.2204980348e+01 	 5.1662403579e-05
6100 	 6248 	 7.2204980191e+01 	 4.1331977276e-05
6200 	 6353 	 7.2204980066e+01 	 4.7312540391e-05
6300 	 6453 	 7.2204979981e+01 	 1.9460484913e-05
6400 	 6556 	 7.2204979923e+01 	 1.7763982379e-05
6500 	 6660 	 7.2204979887e+01 	 1.9031923207e-05
6600 	 6763 	 7.2204979859e+01 	 4.5064085351e-05
6700 	 6867 	 7.2204979838e+01 	 1.7197775418e-05
6800 	 6971 	 7.2204979819e+01 	 3.8272318545e-05
6900 	 7074 	 7.2204979805e+01 	 1.2145622594e-05
7000 	 7175 	 7.2204979793e+01 	 1.3656050122e-05
7100 	 7277 	 7.2204979782e+01 	 1.1059618616e-05
7200 	 7379 	 7.2204979772e+01 	 2.6504770176e-05
7300 	 7481 	 7.2204979762e+01 	 1.3522441324e-05
7400 	 7582 	 7.2204979754e+01 	 9.7001223013e-06
7500 	 7684 	 7.2204979745e+01 	 9.1746961886e-06
7600 	 7786 	 7.2204979734e+01 	 1.9919476152e-05
7700 	 7889 	 7.2204979725e+01 	 9.3650287942e-06
7800 	 7992 	 7.2204979718e+01 	 1.1032629337e-05
7900 	 8096 	 7.2204979712e+01 	 1.4549759315e-05
8000 	 8200 	 7.2204979708e+01 	 6.5955180101e-06
8100 	 8302 	 7.2204979705e+01 	 6.1953304420e-06
8200 	 8407 	 7.2204979701e+01 	 5.1597314941e-06
8300 	 8510 	 7.2204979699e+01 	 1.1463878751e-05
8400 	 8614 	 7.2204979697e+01 	 3.8428181335e-06
8500 	 8717 	 7.2204979696e+01 	 5.7599976912e-06
8600 	 8819 	 7.2204979694e+01 	 4.9166871742e-06
8700 	 8920 	 7.2204979693e+01 	 2.9335740291e-06
8800 	 9020 	 7.2204979692e+01 	 3.6851233454e-06
8900 	 9125 	 7.2204979691e+01 	 3.6752854994e-06
9000 	 9228 	 7.2204979691e+01 	 3.5255313869e-06
9100 	 9330 	 7.2204979690e+01 	 2.5721385054e-06
9200 	 9432 	 7.2204979689e+01 	 2.5671437343e-06
9300 	 9535 	 7.2204979688e+01 	 2.9633504198e-06
9400 	 9636 	 7.2204979688e+01 	 2.6509654036e-06
9500 	 9741 	 7.2204979687e+01 	 4.6679216700e-06
9600 	 9842 	 7.2204979686e+01 	 2.5008744580e-06
9700 	 9944 	 7.2204979686e+01 	 1.8500098232e-06
9800 	 10046 	 7.2204979686e+01 	 2.0195896474e-06
9900 	 10146 	 7.2204979685e+01 	 2.1113217065e-06
10000 	 10248 	 7.2204979685e+01 	 1.3598296791e-06
10100 	 10349 	 7.2204979685e+01 	 1.4095681384e-06
10200 	 10453 	 7.2204979685e+01 	 1.4811016368e-06
10300 	 10557 	 7.2204979685e+01 	 1.1235745220e-06
10400 	 10660 	 7.2204979685e+01 	 9.8271786490e-07
10500 	 10762 	 7.2204979685e+01 	 9.2207781684e-07
10600 	 10867 	 7.2204979684e+01 	 7.1071687302e-07
10700 	 10977 	 7.2204979684e+01 	 1.0342079145e-06
10800 	 11084 	 7.2204979684e+01 	 7.4832495156e-07
10900 	 11197 	 7.2204979684e+01 	 7.5558471580e-07
11000 	 11306 	 7.2204979684e+01 	 1.6863257852e-06
11100 	 11413 	 7.2204979684e+01 	 9.0557656800e-07
11200 	 11525 	 7.2204979684e+01 	 4.3529398223e-07
# ---- 
 1 		 11229 	 11582 		 7.9591702685e+01 	 7.2204979684e+01 	 6.9596481249e-07
# ---- 
100 	 101 	 7.2061203251e+01 	 1.0033245834e-01
200 	 204 	 7.1983759175e+01 	 2.1067507859e-02
300 	 305 	 7.1965518402e+01 	 1.3246735435e-02
400 	 406 	 7.1958150286e+01 	 6.8653657236e-03
500 	 507 	 7.1955499549e+01 	 4.8690516848e-03
600 	 610 	 7.1954546378e+01 	 2.7364084172e-03
700 	 713 	 7.1954025218e+01 	 2.4848178963e-03
800 	 816 	 7.1953687925e+01 	 1.9381861335e-03
900 	 917 	 7.1953477859e+01 	 1.4724112792e-03
1000 	 1020 	 7.1953335867e+01 	 1.4832703914e-03
1100 	 1120 	 7.1953237397e+01 	 1.1476315292e-03
1200 	 1220 	 7.1953148848e+01 	 9.9735261333e-04
1300 	 1321 	 7.1953081645e+01 	 2.6974800511e-03
1400 	 1421 	 7.1953023711e+01 	 1.9961285766e-03
1500 	 1525 	 7.1952974973e+01 	 7.5016564561e-04
1600 	 1627 	 7.1952930336e+01 	 7.0604391328e-04
1700 	 1730 	 7.1952892486e+01 	 6.2850052127e-04
1800 	 1834 	 7.1952858687e+01 	 9.6618235480e-04
1900 	 1938 	 7.1952824929e+01 	 7.6084498405e-04
2000 	 2040 	 7.1952787095e+01 	 7.1478225557e-04
2100 	 2142 	 7.1952761537e+01 	 1.0359527781e-03
2200 	 2243 	 7.1952743909e+01 	 7.6747045945e-04
2300 	 2346 	 7.1952726662e+01 	 4.5334302334e-04
2400 	 2448 	 7.1952714002e+01 	 4.8105060640e-04
2500 	 2550 	 7.1952703175e+01 	 4.3460271988e-04
2600 	 2650 	 7.1952692847e+01 	 3.1273192280e-04
2700 	 2754 	 7.1952682923e+01 	 5.7697359998e-04
2800 	 2858 	 7.1952674148e+01 	 3.0767323899e-04
2900 	 2959 	 7.1952665780e+01 	 4.9462498926e-04
3000 	 3060 	 7.1952657204e+01 	 2.9218196600e-04
3100 	 3163 	 7.1952650121e+01 	 2.7702311335e-04
3200 	 3268 	 7.1952644172e+01 	 4.8531718594e-04
3300 	 3369 	 7.1952638155e+01 	 3.7354295369e-04
3400 	 3470 	 7.1952632872e+01 	 2.8856631752e-04
3500 	 3573 	 7.1952627533e+01 	 2.8736674206e-04
3600 	 3675 	 7.1952623233e+01 	 5.7734310417e-04
3700 	 3779 	 7.1952619773e+01 	 3.7358874012e-04
3800 	 3882 	 7.1952616396e+01 	 4.2204320293e-04
3900 	 3984 	 7.1952611997e+01 	 2.4627612656e-04
4000 	 4085 	 7.1952607612e+01 	 1.9934507980e-04
4100 	 4187 	 7.1952604539e+01 	 1.9312998094e-04
4200 	 4290 	 7.1952602229e+01 	 2.0280680957e-04
4300 	 4395 	 7.1952600589e+01 	 1.4886741573e-04
4400 	 4497 	 7.1952598890e+01 	 1.7202944667e-04
4500 	 4599 	 7.1952597558e+01 	 1.2702276192e-04
4600 	 4700 	 7.1952596617e+01 	 8.8769290682e-05
4700 	 4803 	 7.1952595827e+01 	 1.4070213320e-04
4800 	 4907 	 7.1952595123e+01 	 1.1830246876e-04
4900 	 5008 	 7.1952594478e+01 	 7.2818320212e-05
5000 	 5108 	 7.1952593665e+01 	 9.1300588606e-05
5100 	 5211 	 7.1952592788e+01 	 2.6417341415e-04
5200 	 5312 	 7.1952592027e+01 	 1.5138917028e-04
5300 	 5414 	 7.1952591320e+01 	 8.4600867924e-05
5400 	 5517 	 7.1952590754e+01 	 8.5258385549e-05
5500 	 5620 	 7.1952590347e+01 	 7.6848147316e-05
5600 	 5723 	 7.1952589984e+01 	 6.7241924761e-05
5700 	 5824 	 7.1952589596e+01 	 6.9899172358e-05
5800 	 5926 	 7.1952589256e+01 	 6.0686907736e-05
5900 	 6029 	 7.1952588981e+01 	 5.0434975902e-05
6000 	 6132 	 7.1952588739e+01 	 9.3407298024e-05
6100 	 6235 	 7.1952588468e+01 	 8.7222927290e-05
6200 	 6337 	 7.1952588216e+01 	 5.8179602078e-05
6300 	 6438 	 7.1952588025e+01 	 8.1124963737e-05
6400 	 6539 	 7.1952587819e+01 	 4.5264761150e-05
6500 	 6642 	 7.1952587655e+01 	 4.9598417544e-05
6600 	 6744 	 7.1952587523e+01 	 3.8675113135e-05
6700 	 6846 	 7.1952587416e+01 	 1.0785461671e-04
6800 	 6947 	 7.1952587322e+01 	 2.8122145882e-05
6900 	 7048 	 7.1952587261e+01 	 5.5077409447e-05
7000 	 7151 	 7.1952587203e+01 	 1.8751056107e-05
7100 	 7253 	 7.1952587161e+01 	 1.9568771844e-05
7200 	 7354 	 7.1952587129e+01 	 1.9908530606e-05
7300 	 7457 	 7.1952587108e+01 	 1.2953625738e-05
7400 	 7560 	 7.1952587091e+01 	 1.8885907869e-05
7500 	 7662 	 7.1952587073e+01 	 3.0952394349e-05
7600 	 7765 	 7.1952587059e+01 	 1.0229300826e-05
7700 	 7870 	 7.1952587048e+01 	 3.2117120491e-05
7800 	 7973 	 7.1952587036e+01 	 1.5683774166e-05
7900 	 8080 	 7.1952587027e+01 	 1.5024160784e-05
8000 	 8182 	 7.1952587019e+01 	 1.1301655723e-05
8100 	 8286 	 7.1952587011e+01 	 1.4296409252e-05
8200 	 8390 	 7.1952587003e+01 	 8.6357927978e-06
8300 	 8493 	 7.1952586997e+01 	 7.1153388610e-06
8400 	 8597 	 7.1952586991e+01 	 9.6359841444e-06
8500 	 8700 	 7.1952586986e+01 	 8.4802660464e-06
8600 	 8803 	 7.1952586979e+01 	 1.7811789117e-05
8700 	 8905 	 7.1952586972e+01 	 6.6332240623e-06
8800 	 9007 	 7.1952586966e+01 	 1.1023849635e-05
8900 	 9113 	 7.1952586960e+01 	 1.1381711641e-05
9000 	 9214 	 7.1952586956e+01 	 6.7161105180e-06
9100 	 9316 	 7.1952586952e+01 	 5.4049343792e-06
9200 	 9420 	 7.1952586950e+01 	 4.0459480566e-06
9300 	 9521 	 7.1952586948e+01 	 4.5421790534e-06
9400 	 9623 	 7.1952586946e+01 	 4.0782032006e-06
9500 	 9724 	 7.1952586944e+01 	 1.0567151155e-05
9600 	 9826 	 7.1952586943e+01 	 7.2401057500e-06
9700 	 9929 	 7.1952586942e+01 	 2.9378704556e-06
9800 	 10030 	 7.1952586941e+01 	 2.8011905856e-06
9900 	 10134 	 7.1952586940e+01 	 3.0429980790e-06
10000 	 10237 	 7.1952586940e+01 	 3.3876147921e-06
10100 	 10340 	 7.1952586939e+01 	 5.1636461161e-06
10200 	 10443 	 7.1952586939e+01 	 2.4052854693e-06
10300 	 10545 	 7.1952586938e+01 	 2.5141749634e-06
10400 	 10649 	 7.1952586938e+01 	 4.4905129225e-06
10500 	 10752 	 7.1952586937e+01 	 3.5933523599e-06
10600 	 10855 	 7.1952586937e+01 	 2.6433549738e-06
10700 	 10959 	 7.1952586936e+01 	 1.7675808934e-06
10800 	 11060 	 7.1952586936e+01 	 1.8488150014e-06
10900 	 11162 	 7.1952586936e+01 	 1.6031230164e-06
11000 	 11264 	 7.1952586935e+01 	 2.7161096774e-06
11100 	 11366 	 7.1952586935e+01 	 1.5450456955e-06
11200 	 11469 	 7.1952586935e+01 	 1.3651653207e-06
11300 	 11576 	 7.1952586935e+01 	 6.8203133502e-07
11400 	 11682 	 7.1952586935e+01 	 5.7810814348e-07
11500 	 11791 	 7.1952586935e+01 	 5.4038607819e-07
11600 	 11908 	 7.1952586935e+01 	 6.1433512613e-07
11700 	 12022 	 7.1952586935e+01 	 5.4354495312e-07
11800 	 12137 	 7.1952586935e+01 	 1.2362246933e-06
11900 	 12252 	 7.1952586935e+01 	 3.9397244136e-07
12000 	 12368 	 7.1952586935e+01 	 7.2723247898e-07
12100 	 12477 	 7.1952586935e+01 	 7.8421350959e-07
12200 	 12586 	 7.1952586935e+01 	 1.3352324502e-06
12300 	 12693 	 7.1952586935e+01 	 5.3825463880e-07
12400 	 12804 	 7.1952586935e+01 	 9.9212926274e-07
12500 	 12918 	 7.1952586935e+01 	 3.4767690039e-07
12600 	 13030 	 7.1952586934e+01 	 6.5947084976e-07
12700 	 13137 	 7.1952586934e+01 	 1.2786890462e-06
12800 	 13252 	 7.1952586934e+01 	 4.1268474546e-07
# ---- 
 1 		 12889 	 13379 		 7.9368666944e+01 	 7.1952586934e+01 	 2.7204648225e-07
# ---- 
# ---- 
 1 		 34 	 173 		 7.9368959606e+01 	 7.2784584690e+01 	 1.7279385856e+03
# ---- 
100 	 113 	 7.2059147239e+01 	 9.2266670847e-02
200 	 213 	 7.1729776179e+01 	 4.4061959062e-02
300 	 316 	 7.1643161297e+01 	 3.0531905693e-02
400 	 419 	 7.1607149336e+01 	 1.9729514092e-02
500 	 522 	 7.1591865490e+01 	 1.1964039467e-02
600 	 623 	 7.1585305985e+01 	 9.5879137117e-03
700 	 726 	 7.1582166682e+01 	 5.6356789762e-03
800 	 828 	 7.1580279831e+01 	 5.7095197280e-03
900 	 931 	 7.1579067803e+01 	 3.9395003504e-03
1000 	 1033 	 7.1578167081e+01 	 3.3250276708e-03
1100 	 1137 	 7.1577511868e+01 	 3.3871459423e-03
1200 	 1239 	 7.1577034465e+01 	 3.2826937588e-03
1300 	 1343 	 7.1576653512e+01 	 2.2597547281e-03
1400 	 1446 	 7.1576329175e+01 	 2.5673158227e-03
1500 	 1546 	 7.1576046911e+01 	 1.3211725446e-03
1600 	 1647 	 7.1575847586e+01 	 1.4081254728e-03
1700 	 1751 	 7.1575694914e+01 	 1.3613866874e-03
1800 	 1852 	 7.1575571134e+01 	 1.1420987552e-03
1900 	 1954 	 7.1575468147e+01 	 1.2542373378e-03
2000 	 2056 	 7.1575364680e+01 	 1.0911184094e-03
2100 	 2157 	 7.1575252016e+01 	 1.7172892204e-03
2200 	 2261 	 7.1575157806e+01 	 1.6822094724e-03
2300 	 2363 	 7.1575052211e+01 	 3.2425246785e-03
2400 	 2465 	 7.1574944858e+01 	 1.2372204518e-03
2500 	 2567 	 7.1574844539e+01 	 1.2846684373e-03
2600 	 2669 	 7.1574773980e+01 	 8.0419506560e-04
2700 	 2770 	 7.1574705083e+01 	 9.6634774928e-04
2800 	 2872 	 7.1574654063e+01 	 7.4978265540e-04
2900 	 2974 	 7.1574616926e+01 	 7.2117786235e-04
3000 	 3076 	 7.1574578809e+01 	 8.9337069218e-04
3100 	 3177 	 7.1574538523e+01 	 7.1480316335e-04
3200 	 3281 	 7.1574492624e+01 	 7.8548249645e-04
3300 	 3384 	 7.1574456980e+01 	 5.6661365693e-04
3400 	 3487 	 7.1574419264e+01 	 1.4921613262e-03
3500 	 3589 	 7.1574380392e+01 	 1.2820379376e-03
3600 	 3693 	 7.1574339025e+01 	 7.8134015954e-04
3700 	 3795 	 7.1574303880e+01 	 5.0641424542e-04
3800 	 3897 	 7.1574272625e+01 	 5.5962854846e-04
3900 	 4000 	 7.1574245086e+01 	 1.5768507222e-03
4000 	 4102 	 7.1574216164e+01 	 5.4695692905e-04
4100 	 4204 	 7.1574191009e+01 	 5.2983934191e-04
4200 	 4308 	 7.1574170418e+01 	 8.6893345930e-04
4300 	 4411 	 7.1574150537e+01 	 1.4277307601e-03
4400 	 4514 	 7.1574134506e+01 	 5.6536499174e-04
4500 	 4615 	 7.1574117991e+01 	 5.7332245478e-04
4600 	 4718 	 7.1574103401e+01 	 4.6364336748e-04
4700 	 4819 	 7.1574090845e+01 	 4.4060291167e-04
4800 	 4921 	 7.1574077598e+01 	 5.0930363846e-04
4900 	 5021 	 7.1574066319e+01 	 7.5655491583e-04
5000 	 5122 	 7.1574057445e+01 	 3.3024788683e-04
5100 	 5224 	 7.1574049622e+01 	 3.3505858225e-04
5200 	 5327 	 7.1574043296e+01 	 6.2447920895e-04
5300 	 5427 	 7.1574037945e+01 	 2.4705281871e-04
5400 	 5530 	 7.1574033855e+01 	 1.5983874149e-04
5500 	 5632 	 7.1574030996e+01 	 1.7973426869e-04
5600 	 5735 	 7.1574028141e+01 	 1.6666262779e-04
5700 	 5837 	 7.1574025275e+01 	 2.1559736280e-04
5800 	 5941 	 7.1574023065e+01 	 1.6691835822e-04
5900 	 6042 	 7.1574020519e+01 	 1.9164848366e-04
6000 	 6143 	 7.1574016986e+01 	 2.2756642049e-04
6100 	 6244 	 7.1574013340e+01 	 1.8526767225e-04
6200 	 6345 	 7.1574010100e+01 	 2.6917530169e-04
6300 	 6447 	 7.1574007658e+01 	 1.1768414698e-04
6400 	 6550 	 7.1574005737e+01 	 1.3888595389e-04
6500 	 6653 	 7.1574004146e+01 	 1.5444664830e-04
6600 	 6754 	 7.1574002944e+01 	 2.4473149530e-04
6700 	 6854 	 7.1574001988e+01 	 7.8702934355e-05
6800 	 6958 	 7.1574001250e+01 	 1.6374666525e-04
6900 	 7058 	 7.1574000389e+01 	 1.0533055072e-04
7000 	 7159 	 7.1573999557e+01 	 1.1762125445e-04
7100 	 7263 	 7.1573998681e+01 	 1.0835182124e-04
7200 	 7366 	 7.1573997940e+01 	 8.5863053554e-05
7300 	 7467 	 7.1573997323e+01 	 7.0305942741e-05
7400 	 7569 	 7.1573996824e+01 	 1.1605937341e-04
7500 	 7672 	 7.1573996411e+01 	 7.8345825478e-05
7600 	 7776 	 7.1573995953e+01 	 1.1357478667e-04
7700 	 7878 	 7.1573995451e+01 	 9.8807601123e-05
7800 	 7978 	 7.1573995109e+01 	 6.6914253360e-05
7900 	 8078 	 7.1573994787e+01 	 5.7199738097e-05
8000 	 8178 	 7.1573994533e+01 	 7.3665158667e-05
8100 	 8281 	 7.1573994323e+01 	 1.3979935788e-04
8200 	 8386 	 7.1573994147e+01 	 4.3585652094e-05
8300 	 8488 	 7.1573993975e+01 	 1.0648766807e-04
8400 	 8591 	 7.1573993774e+01 	 3.9051903506e-05
8500 	 8694 	 7.1573993641e+01 	 5.7862706129e-05
8600 	 8795 	 7.1573993514e+01 	 3.4395322643e-05
8700 	 8898 	 7.1573993391e+01 	 3.4252277609e-05
8800 	 9002 	 7.1573993307e+01 	 3.1156396739e-05
8900 	 9103 	 7.1573993224e+01 	 3.4746789998e-05
9000 	 9205 	 7.1573993157e+01 	 3.4640370096e-05
9100 	 9305 	 7.1573993100e+01 	 2.1279046837e-05
9200 	 9407 	 7.1573993052e+01 	 2.3613213240e-05
9300 	 9511 	 7.1573993004e+01 	 4.8166882003e-05
9400 	 9613 	 7.1573992960e+01 	 2.7744441587e-05
9500 	 9715 	 7.1573992913e+01 	 2.5045829194e-05
9600 	 9817 	 7.1573992860e+01 	 2.7590904323e-05
9700 	 9920 	 7.1573992805e+01 	 2.2694714907e-05
9800 	 10021 	 7.1573992750e+01 	 3.2455920355e-05
9900 	 10123 	 7.1573992715e+01 	 1.5715342199e-05
10000 	 10224 	 7.1573992676e+01 	 3.3554426416e-05
10100 	 10325 	 7.1573992633e+01 	 6.1337360996e-05
10200 	 10428 	 7.1573992581e+01 	 2.0142416954e-05
10300 	 10530 	 7.1573992524e+01 	 2.4606746189e-05
10400 	 10632 	 7.1573992489e+01 	 2.4248756240e-05
10500 	 10732 	 7.1573992456e+01 	 2.2113616028e-05
10600 	 10835 	 7.1573992423e+01 	 1.6387876175e-05
10700 	 10936 	 7.1573992393e+01 	 1.6458508953e-05
10800 	 11038 	 7.1573992358e+01 	 1.8914575458e-05
10900 	 11139 	 7.1573992337e+01 	 3.3226629087e-05
11000 	 11241 	 7.1573992320e+01 	 1.5509444516e-05
11100 	 11342 	 7.1573992308e+01 	 9.0482213691e-06
11200 	 11444 	 7.1573992301e+01 	 6.5588148642e-06
11300 	 11547 	 7.1573992296e+01 	 5.2699050197e-06
11400 	 11649 	 7.1573992292e+01 	 6.3511757046e-06
11500 	 11753 	 7.1573992288e+01 	 8.7156011734e-06
11600 	 11853 	 7.1573992283e+01 	 1.2046534285e-05
11700 	 11956 	 7.1573992278e+01 	 1.5074672209e-05
11800 	 12058 	 7.1573992273e+01 	 2.0586049578e-05
11900 	 12159 	 7.1573992268e+01 	 6.9258491524e-06
12000 	 12261 	 7.1573992264e+01 	 1.0762722854e-05
12100 	 12364 	 7.1573992260e+01 	 9.4197336179e-06
12200 	 12464 	 7.1573992257e+01 	 6.9271978314e-06
12300 	 12566 	 7.1573992255e+01 	 4.3774674689e-06
12400 	 12667 	 7.1573992253e+01 	 4.2316880897e-06
12500 	 12767 	 7.1573992252e+01 	 3.0783072138e-06
12600 	 12870 	 7.1573992251e+01 	 9.0696275776e-06
12700 	 12973 	 7.1573992250e+01 	 3.1649843613e-06
12800 	 13077 	 7.1573992249e+01 	 3.4846940474e-06
12900 	 13179 	 7.1573992248e+01 	 3.9551655501e-06
13000 	 13283 	 7.1573992246e+01 	 1.2221572382e-05
13100 	 13386 	 7.1573992245e+01 	 3.5560963134e-06
13200 	 13488 	 7.1573992243e+01 	 4.6749588510e-06
13300 	 13589 	 7.1573992241e+01 	 3.9284122457e-06
13400 	 13691 	 7.1573992240e+01 	 3.1627074583e-06
13500 	 13793 	 7.1573992239e+01 	 1.0383992605e-05
13600 	 13900 	 7.1573992238e+01 	 3.2183205330e-06
13700 	 14002 	 7.1573992237e+01 	 2.6595814072e-06
13800 	 14106 	 7.1573992237e+01 	 6.8257126313e-06
13900 	 14210 	 7.1573992236e+01 	 2.9138868835e-06
14000 	 14311 	 7.1573992236e+01 	 2.3023949148e-06
14100 	 14411 	 7.1573992235e+01 	 1.4835563988e-06
14200 	 14512 	 7.1573992235e+01 	 1.6147715818e-06
14300 	 14615 	 7.1573992235e+01 	 1.5328547140e-06
14400 	 14718 	 7.1573992234e+01 	 2.0064025874e-06
14500 	 14820 	 7.1573992234e+01 	 9.3782646343e-07
14600 	 14924 	 7.1573992234e+01 	 1.3549173634e-06
14700 	 15027 	 7.1573992234e+01 	 1.7167942514e-06
14800 	 15133 	 7.1573992234e+01 	 7.9657791917e-07
14900 	 15242 	 7.1573992234e+01 	 1.4706196251e-06
15000 	 15352 	 7.1573992234e+01 	 7.6543927374e-07
15100 	 15458 	 7.1573992234e+01 	 1.3923513406e-06
15200 	 15566 	 7.1573992234e+01 	 2.2390889158e-06
15300 	 15673 	 7.1573992234e+01 	 7.9719244092e-07
15400 	 15777 	 7.1573992234e+01 	 9.7937227012e-07
15500 	 15885 	 7.1573992234e+01 	 1.2443026342e-06
15600 	 15996 	 7.1573992234e+01 	 5.8010972178e-07
15700 	 16107 	 7.1573992234e+01 	 4.1452390133e-07
15800 	 16219 	 7.1573992233e+01 	 6.1988700332e-07
15900 	 16329 	 7.1573992233e+01 	 9.0398067836e-07
16000 	 16442 	 7.1573992233e+01 	 5.4417210757e-07
16100 	 16556 	 7.1573992233e+01 	 4.8839604854e-07
16200 	 16664 	 7.1573992233e+01 	 7.1358957737e-07
16300 	 16775 	 7.1573992233e+01 	 6.0903437347e-07
16400 	 16884 	 7.1573992233e+01 	 4.9175837983e-07
16500 	 17012 	 7.1573992233e+01 	 4.2818696336e-07
16600 	 17120 	 7.1573992233e+01 	 5.4426296549e-07
16700 	 17230 	 7.1573992233e+01 	 5.6797470804e-07
# ---- 
 1 		 16799 	 17351 		 8.0930705027e+01 	 7.1573992233e+01 	 2.5139705390e-07
# ---- 
100 	 102 	 7.1530231269e+01 	 1.3150982678e-01
200 	 202 	 7.1461691692e+01 	 1.7367580884e-02
300 	 304 	 7.1445168699e+01 	 1.3636321692e-02
400 	 404 	 7.1438178191e+01 	 8.5910449312e-03
500 	 506 	 7.1435089074e+01 	 5.7196813826e-03
600 	 607 	 7.1433711012e+01 	 4.6504309721e-03
700 	 709 	 7.1432936365e+01 	 3.0735009782e-03
800 	 812 	 7.1432538875e+01 	 3.5188564030e-03
900 	 913 	 7.1432286744e+01 	 2.0121066534e-03
1000 	 1016 	 7.1432120369e+01 	 1.2113767292e-03
1100 	 1118 	 7.1431999596e+01 	 9.7336562560e-04
1200 	 1219 	 7.1431904609e+01 	 1.1308507970e-03
1300 	 1320 	 7.1431825728e+01 	 1.5241589589e-03
1400 	 1420 	 7.1431746694e+01 	 1.1042760635e-03
1500 	 1522 	 7.1431680469e+01 	 9.9193040246e-04
1600 	 1624 	 7.1431625703e+01 	 7.8102659081e-04
1700 	 1726 	 7.1431579840e+01 	 6.5211692721e-04
1800 	 1830 	 7.1431543106e+01 	 6.0932574895e-04
1900 	 1933 	 7.1431513389e+01 	 1.0335340575e-03
2000 	 2035 	 7.1431480974e+01 	 6.1396372037e-04
2100 	 2135 	 7.1431448087e+01 	 6.8948716922e-04
2200 	 2240 	 7.1431412978e+01 	 6.5991097003e-04
2300 	 2343 	 7.1431377716e+01 	 5.1288173606e-04
2400 	 2446 	 7.1431344785e+01 	 6.5411638912e-04
2500 	 2548 	 7.1431316583e+01 	 5.7063047308e-04
2600 	 2650 	 7.1431293865e+01 	 4.6183787031e-04
2700 	 2751 	 7.1431278355e+01 	 6.0837878680e-04
2800 	 2853 	 7.1431265692e+01 	 4.5184323851e-04
2900 	 2958 	 7.1431252892e+01 	 5.0319258247e-04
3000 	 3060 	 7.1431238006e+01 	 4.4209526078e-04
3100 	 3163 	 7.1431222118e+01 	 4.6320241704e-04
3200 	 3265 	 7.1431206262e+01 	 4.4362604963e-04
3300 	 3369 	 7.1431195381e+01 	 3.1991582172e-04
3400 	 3473 	 7.1431177667e+01 	 4.6061129145e-04
3500 	 3577 	 7.1431156318e+01 	 9.2754792219e-04
3600 	 3680 	 7.1431136116e+01 	 6.5635340042e-04
3700 	 3782 	 7.1431120347e+01 	 8.6200002175e-04
3800 	 3885 	 7.1431107371e+01 	 3.9485157963e-04
3900 	 3987 	 7.1431096774e+01 	 6.5121721802e-04
4000 	 4091 	 7.1431086735e+01 	 4.0600980842e-04
4100 	 4193 	 7.1431077421e+01 	 3.0624327726e-04
4200 	 4294 	 7.1431069057e+01 	 3.3599088021e-04
4300 	 4399 	 7.1431061520e+01 	 3.4664694017e-04
4400 	 4500 	 7.1431056052e+01 	 1.9543766453e-04
4500 	 4603 	 7.1431052031e+01 	 3.9028560991e-04
4600 	 4706 	 7.1431047432e+01 	 1.5553623471e-04
4700 	 4808 	 7.1431044715e+01 	 1.6123800630e-04
4800 	 4911 	 7.1431041713e+01 	 2.1247384861e-04
4900 	 5016 	 7.1431038480e+01 	 1.7483790058e-04
5000 	 5120 	 7.1431035355e+01 	 2.1952213266e-04
5100 	 5222 	 7.1431032389e+01 	 2.4078454967e-04
5200 	 5324 	 7.1431028827e+01 	 2.4775002960e-04
5300 	 5426 	 7.1431025864e+01 	 1.6636294680e-04
5400 	 5528 	 7.1431023285e+01 	 2.4683169411e-04
5500 	 5630 	 7.1431020734e+01 	 1.6449097091e-04
5600 	 5732 	 7.1431017543e+01 	 1.9815478959e-04
5700 	 5833 	 7.1431013157e+01 	 2.4377794568e-04
5800 	 5938 	 7.1431007554e+01 	 3.9320855088e-04
5900 	 6039 	 7.1431002605e+01 	 3.5236640771e-04
6000 	 6142 	 7.1430998612e+01 	 4.2774146571e-04
6100 	 6245 	 7.1430995554e+01 	 1.9701438648e-04
6200 	 6348 	 7.1430993233e+01 	 1.7577553403e-04
6300 	 6451 	 7.1430991432e+01 	 2.4121372393e-04
6400 	 6554 	 7.1430989987e+01 	 1.0804211564e-04
6500 	 6655 	 7.1430988850e+01 	 1.1301646867e-04
6600 	 6758 	 7.1430987773e+01 	 1.6889040945e-04
6700 	 6861 	 7.1430986670e+01 	 8.7643443338e-05
6800 	 6961 	 7.1430985748e+01 	 1.4836617979e-04
6900 	 7063 	 7.1430984823e+01 	 1.1353138979e-04
7000 	 7165 	 7.1430983963e+01 	 9.8029692387e-05
7100 	 7269 	 7.1430983370e+01 	 1.6908692004e-04
7200 	 7371 	 7.1430982956e+01 	 1.4640300231e-04
7300 	 7476 	 7.1430982612e+01 	 9.5715121093e-05
7400 	 7580 	 7.1430982339e+01 	 6.4875763143e-05
7500 	 7684 	 7.1430982111e+01 	 8.0135429717e-05
7600 	 7786 	 7.1430981844e+01 	 1.0110358586e-04
7700 	 7887 	 7.1430981593e+01 	 4.4434726132e-05
7800 	 7991 	 7.1430981383e+01 	 7.4381297982e-05
7900 	 8094 	 7.1430981139e+01 	 5.0591081400e-05
8000 	 8197 	 7.1430980951e+01 	 5.4543883160e-05
8100 	 8299 	 7.1430980750e+01 	 4.9384957631e-05
8200 	 8402 	 7.1430980591e+01 	 4.1528609836e-05
8300 	 8505 	 7.1430980452e+01 	 4.1992069235e-05
8400 	 8609 	 7.1430980312e+01 	 3.2449110397e-05
8500 	 8711 	 7.1430980214e+01 	 5.4600291830e-05
8600 	 8814 	 7.1430980129e+01 	 3.0332525794e-05
8700 	 8916 	 7.1430980060e+01 	 3.5413797155e-05
8800 	 9018 	 7.1430980003e+01 	 2.3424727806e-05
8900 	 9119 	 7.1430979946e+01 	 2.6717163944e-05
9000 	 9221 	 7.1430979891e+01 	 1.9261485221e-05
9100 	 9322 	 7.1430979850e+01 	 1.9605979824e-05
9200 	 9423 	 7.1430979819e+01 	 2.4498248393e-05
9300 	 9525 	 7.1430979784e+01 	 2.3154890357e-05
9400 	 9628 	 7.1430979752e+01 	 1.6281378521e-05
9500 	 9730 	 7.1430979724e+01 	 3.1802172261e-05
9600 	 9832 	 7.1430979688e+01 	 2.3103634097e-05
9700 	 9934 	 7.1430979650e+01 	 3.7499889951e-05
9800 	 10037 	 7.1430979619e+01 	 2.2572380791e-05
9900 	 10139 	 7.1430979589e+01 	 1.6477280383e-05
10000 	 10242 	 7.1430979571e+01 	 1.4783754425e-05
10100 	 10347 	 7.1430979554e+01 	 2.4562176172e-05
10200 	 10450 	 7.1430979541e+01 	 9.6179577377e-06
10300 	 10553 	 7.1430979530e+01 	 8.0366465105e-06
10400 	 10655 	 7.1430979522e+01 	 9.6678529724e-06
10500 	 10757 	 7.1430979514e+01 	 1.0272729389e-05
10600 	 10860 	 7.1430979507e+01 	 1.7772070278e-05
10700 	 10964 	 7.1430979500e+01 	 2.2072261515e-05
10800 	 11067 	 7.1430979493e+01 	 8.8060994027e-06
10900 	 11169 	 7.1430979488e+01 	 6.3512668417e-06
11000 	 11274 	 7.1430979482e+01 	 1.9042102473e-05
11100 	 11376 	 7.1430979476e+01 	 6.8903269382e-06
11200 	 11476 	 7.1430979469e+01 	 1.0330396747e-05
11300 	 11578 	 7.1430979461e+01 	 1.0492843096e-05
11400 	 11681 	 7.1430979452e+01 	 1.7514823496e-05
11500 	 11784 	 7.1430979445e+01 	 7.6164134153e-06
11600 	 11885 	 7.1430979440e+01 	 4.9227054979e-06
11700 	 11987 	 7.1430979436e+01 	 6.0949916883e-06
11800 	 12091 	 7.1430979433e+01 	 4.9774387951e-06
11900 	 12192 	 7.1430979431e+01 	 5.6568719998e-06
12000 	 12297 	 7.1430979429e+01 	 4.9167787751e-06
12100 	 12399 	 7.1430979427e+01 	 5.1181142072e-06
12200 	 12502 	 7.1430979425e+01 	 6.2576257850e-06
12300 	 12605 	 7.1430979424e+01 	 4.6192015923e-06
12400 	 12707 	 7.1430979422e+01 	 4.0585222131e-06
12500 	 12809 	 7.1430979421e+01 	 4.5440795486e-06
12600 	 12913 	 7.1430979420e+01 	 3.2723492498e-06
12700 	 13014 	 7.1430979420e+01 	 2.6593803083e-06
12800 	 13117 	 7.1430979418e+01 	 3.8239265698e-06
12900 	 13220 	 7.1430979417e+01 	 4.6547306622e-06
13000 	 13322 	 7.1430979415e+01 	 3.3444129781e-06
13100 	 13425 	 7.1430979415e+01 	 3.0349564138e-06
13200 	 13528 	 7.1430979414e+01 	 2.5161130461e-06
13300 	 13632 	 7.1430979413e+01 	 4.0920365082e-06
13400 	 13736 	 7.1430979413e+01 	 1.7863987504e-06
13500 	 13838 	 7.1430979412e+01 	 1.8248791182e-06
13600 	 13940 	 7.1430979412e+01 	 2.4599273805e-06
13700 	 14042 	 7.1430979412e+01 	 1.8731117201e-06
13800 	 14144 	 7.1430979411e+01 	 3.2149442719e-06
13900 	 14246 	 7.1430979411e+01 	 2.0670649426e-06
14000 	 14350 	 7.1430979411e+01 	 1.3566603804e-06
14100 	 14453 	 7.1430979410e+01 	 1.8975607109e-06
14200 	 14554 	 7.1430979410e+01 	 1.7281938092e-06
14300 	 14657 	 7.1430979410e+01 	 3.3525799137e-06
14400 	 14759 	 7.1430979409e+01 	 2.4102213226e-06
14500 	 14861 	 7.1430979409e+01 	 2.0459988084e-06
14600 	 14963 	 7.1430979409e+01 	 2.0274513029e-06
14700 	 15067 	 7.1430979408e+01 	 2.7559766742e-06
14800 	 15172 	 7.1430979408e+01 	 1.6001000842e-06
14900 	 15274 	 7.1430979408e+01 	 3.7504578475e-06
15000 	 15376 	 7.1430979408e+01 	 2.6436979513e-06
15100 	 15478 	 7.1430979407e+01 	 1.0140034447e-06
15200 	 15584 	 7.1430979407e+01 	 6.0645302434e-07
15300 	 15685 	 7.1430979407e+01 	 2.0119389463e-06
15400 	 15791 	 7.1430979407e+01 	 6.7064061288e-07
15500 	 15905 	 7.1430979407e+01 	 7.3418989437e-07
15600 	 16013 	 7.1430979407e+01 	 4.6134659299e-07
15700 	 16120 	 7.1430979407e+01 	 5.2828130870e-07
15800 	 16227 	 7.1430979407e+01 	 7.2024023619e-07
15900 	 16340 	 7.1430979407e+01 	 7.2033625586e-07
16000 	 16456 	 7.1430979407e+01 	 8.1239166056e-07
16100 	 16569 	 7.1430979407e+01 	 6.6222206648e-07
16200 	 16675 	 7.1430979407e+01 	 1.9184364009e-06
16300 	 16780 	 7.1430979407e+01 	 4.7530481726e-07
16400 	 16892 	 7.1430979407e+01 	 9.5710077004e-07
16500 	 17002 	 7.1430979407e+01 	 1.1723629876e-06
16600 	 17113 	 7.1430979407e+01 	 6.0075893181e-07
16700 	 17225 	 7.1430979407e+01 	 3.7985978783e-07
16800 	 17336 	 7.1430979407e+01 	 2.6290471867e-07
16900 	 17461 	 7.1430979407e+01 	 2.8387573037e-07
17000 	 17576 	 7.1430979407e+01 	 4.3346196931e-07
17100 	 17693 	 7.1430979407e+01 	 6.3257443225e-07
17200 	 17807 	 7.1430979407e+01 	 6.3779386098e-07
# ---- 
 1 		 17263 	 17896 		 7.9035819471e+01 	 7.1430979407e+01 	 5.4334134578e-07
# ---- 
100 	 105 	 7.1402608068e+01 	 5.7297104017e-02
200 	 206 	 7.1340325072e+01 	 2.4783504837e-02
300 	 307 	 7.1324624701e+01 	 2.0423074238e-02
400 	 409 	 7.1318329321e+01 	 6.1359288160e-03
500 	 510 	 7.1315260322e+01 	 5.3962042605e-03
600 	 612 	 7.1313869601e+01 	 4.5707779847e-03
700 	 716 	 7.1313054592e+01 	 4.4039217991e-03
800 	 819 	 7.1312582469e+01 	 3.7688049999e-03
900 	 922 	 7.1312306718e+01 	 1.7492367986e-03
1000 	 1025 	 7.1312128627e+01 	 1.3279685637e-03
1100 	 1127 	 7.1312003136e+01 	 2.6029390342e-03
1200 	 1229 	 7.1311909802e+01 	 1.2916759787e-03
1300 	 1331 	 7.1311831807e+01 	 9.0300550439e-04
1400 	 1432 	 7.1311761968e+01 	 1.4135525257e-03
1500 	 1536 	 7.1311689639e+01 	 9.1362831291e-04
1600 	 1639 	 7.1311619898e+01 	 9.6324548921e-04
1700 	 1741 	 7.1311557474e+01 	 1.8259556399e-03
1800 	 1844 	 7.1311510338e+01 	 7.4772420960e-04
1900 	 1948 	 7.1311477144e+01 	 5.7954280261e-04
2000 	 2050 	 7.1311450178e+01 	 6.0433687147e-04
2100 	 2152 	 7.1311418500e+01 	 6.5419488775e-04
2200 	 2254 	 7.1311384142e+01 	 8.9461605722e-04
2300 	 2356 	 7.1311343705e+01 	 6.7115280536e-04
2400 	 2457 	 7.1311300114e+01 	 2.3225438923e-03
2500 	 2560 	 7.1311258149e+01 	 6.8112474405e-04
2600 	 2662 	 7.1311222613e+01 	 8.6678438407e-04
2700 	 2763 	 7.1311190748e+01 	 7.9522808193e-04
2800 	 2865 	 7.1311160118e+01 	 3.7379352917e-04
2900 	 2968 	 7.1311140443e+01 	 3.3486323030e-04
3000 	 3068 	 7.1311119965e+01 	 4.7883239386e-04
3100 	 3171 	 7.1311099314e+01 	 5.0060672808e-04
3200 	 3274 	 7.1311079612e+01 	 8.0903198185e-04
3300 	 3376 	 7.1311060599e+01 	 1.3368514159e-03
3400 	 3480 	 7.1311042888e+01 	 4.1764232432e-04
3500 	 3581 	 7.1311027438e+01 	 3.5285906664e-04
3600 	 3681 	 7.1311011575e+01 	 4.5684883188e-04
3700 	 3782 	 7.1310997256e+01 	 3.4054596251e-04
3800 	 3885 	 7.1310981966e+01 	 4.5465503259e-04
3900 	 3988 	 7.1310967911e+01 	 4.0766837357e-04
4000 	 4091 	 7.1310954744e+01 	 3.7648529516e-04
4100 	 4192 	 7.1310943182e+01 	 5.3700899381e-04
4200 	 4295 	 7.1310932685e+01 	 4.1040675458e-04
4300 	 4398 	 7.1310920917e+01 	 7.3886710997e-04
4400 	 4499 	 7.1310910136e+01 	 3.1659839973e-04
4500 	 4601 	 7.1310901902e+01 	 4.2490770271e-04
4600 	 4705 	 7.1310893944e+01 	 5.2483151385e-04
4700 	 4808 	 7.1310886286e+01 	 3.2553252094e-04
4800 	 4911 	 7.1310879263e+01 	 2.4663823073e-04
4900 	 5015 	 7.1310873463e+01 	 2.6238702611e-04
5000 	 5117 	 7.1310868804e+01 	 2.8798492755e-04
5100 	 5218 	 7.1310864084e+01 	 1.9858340154e-04
5200 	 5319 	 7.1310859421e+01 	 2.3762938964e-04
5300 	 5421 	 7.1310854443e+01 	 3.5208046010e-04
5400 	 5524 	 7.1310850404e+01 	 1.8407685400e-04
5500 	 5626 	 7.1310847418e+01 	 2.1426451691e-04
5600 	 5727 	 7.1310845006e+01 	 1.6035530541e-04
5700 	 5828 	 7.1310842982e+01 	 1.5613925625e-04
5800 	 5930 	 7.1310840697e+01 	 2.3560345884e-04
5900 	 6032 	 7.1310837944e+01 	 1.9244586111e-04
6000 	 6136 	 7.1310835339e+01 	 1.7497904782e-04
6100 	 6241 	 7.1310833032e+01 	 1.7148630481e-04
6200 	 6344 	 7.1310830345e+01 	 2.4464178479e-04
6300 	 6446 	 7.1310827968e+01 	 1.1352487397e-04
6400 	 6548 	 7.1310826191e+01 	 2.1125562889e-04
6500 	 6651 	 7.1310824620e+01 	 1.4039422445e-04
6600 	 6755 	 7.1310823143e+01 	 1.0509144273e-04
6700 	 6858 	 7.1310821805e+01 	 1.5048160642e-04
6800 	 6960 	 7.1310820735e+01 	 1.1173723596e-04
6900 	 7062 	 7.1310819625e+01 	 1.2954286426e-04
7000 	 7166 	 7.1310818723e+01 	 1.0566924376e-04
7100 	 7269 	 7.1310818014e+01 	 8.9913832258e-05
7200 	 7371 	 7.1310817417e+01 	 7.8076588976e-05
7300 	 7473 	 7.1310816957e+01 	 2.4207144641e-04
7400 	 7576 	 7.1310816593e+01 	 4.5980603713e-05
7500 	 7677 	 7.1310816295e+01 	 9.9746425126e-05
7600 	 7781 	 7.1310815964e+01 	 9.8705810719e-05
7700 	 7883 	 7.1310815625e+01 	 6.7617132504e-05
7800 	 7985 	 7.1310815332e+01 	 7.4028627269e-05
7900 	 8085 	 7.1310815035e+01 	 6.1020127427e-05
8000 	 8186 	 7.1310814694e+01 	 6.7746798881e-05
8100 	 8287 	 7.1310814400e+01 	 8.2760601386e-05
8200 	 8389 	 7.1310814133e+01 	 6.1298720637e-05
8300 	 8490 	 7.1310813967e+01 	 2.9672112199e-05
8400 	 8591 	 7.1310813857e+01 	 4.7125141647e-05
8500 	 8695 	 7.1310813755e+01 	 3.4378930017e-05
8600 	 8797 	 7.1310813649e+01 	 4.9228728048e-05
8700 	 8899 	 7.1310813530e+01 	 6.0637425745e-05
8800 	 9002 	 7.1310813394e+01 	 3.0152353347e-05
8900 	 9104 	 7.1310813270e+01 	 5.4541710055e-05
9000 	 9206 	 7.1310813147e+01 	 5.8111084875e-05
9100 	 9308 	 7.1310813051e+01 	 5.8356385574e-05
9200 	 9411 	 7.1310812961e+01 	 4.7510966626e-05
9300 	 9515 	 7.1310812871e+01 	 4.5835748653e-05
9400 	 9619 	 7.1310812805e+01 	 2.1824168033e-05
9500 	 9723 	 7.1310812753e+01 	 2.3662022694e-05
9600 	 9824 	 7.1310812701e+01 	 4.2657697180e-05
9700 	 9928 	 7.1310812635e+01 	 2.0936980606e-05
9800 	 10033 	 7.1310812568e+01 	 2.0197543640e-05
9900 	 10135 	 7.1310812507e+01 	 5.4893184133e-05
10000 	 10238 	 7.1310812440e+01 	 5.2166828945e-05
10100 	 10340 	 7.1310812379e+01 	 2.5990744684e-05
10200 	 10443 	 7.1310812328e+01 	 2.7227199408e-05
10300 	 10545 	 7.1310812281e+01 	 1.5820686360e-05
10400 	 10649 	 7.1310812244e+01 	 1.8813077597e-05
10500 	 10751 	 7.1310812207e+01 	 2.6451993068e-05
10600 	 10853 	 7.1310812175e+01 	 1.4699103552e-05
10700 	 10955 	 7.1310812149e+01 	 1.3845415453e-05
10800 	 11056 	 7.1310812125e+01 	 1.6128229866e-05
10900 	 11160 	 7.1310812104e+01 	 1.3918967815e-05
11000 	 11266 	 7.1310812093e+01 	 1.4997873751e-05
11100 	 11367 	 7.1310812082e+01 	 1.1581495985e-05
11200 	 11470 	 7.1310812071e+01 	 1.2160071990e-05
11300 	 11574 	 7.1310812062e+01 	 9.2872203141e-06
11400 	 11676 	 7.1310812052e+01 	 8.1929986040e-06
11500 	 11780 	 7.1310812044e+01 	 8.1054309124e-06
11600 	 11883 	 7.1310812035e+01 	 1.7400641668e-05
11700 	 11984 	 7.1310812027e+01 	 7.7135440497e-06
11800 	 12086 	 7.1310812019e+01 	 7.8807498791e-06
11900 	 12188 	 7.1310812010e+01 	 1.1600301318e-05
12000 	 12288 	 7.1310812002e+01 	 1.3363970479e-05
12100 	 12390 	 7.1310811996e+01 	 1.1189801316e-05
12200 	 12493 	 7.1310811991e+01 	 1.0337021976e-05
12300 	 12595 	 7.1310811985e+01 	 7.8934074366e-06
12400 	 12698 	 7.1310811981e+01 	 1.0138801090e-05
12500 	 12800 	 7.1310811978e+01 	 6.7071642648e-06
12600 	 12903 	 7.1310811974e+01 	 9.0975211740e-06
12700 	 13006 	 7.1310811971e+01 	 4.4780113429e-06
12800 	 13108 	 7.1310811968e+01 	 4.9389389445e-06
12900 	 13211 	 7.1310811966e+01 	 1.0261566338e-05
13000 	 13314 	 7.1310811965e+01 	 5.1136126573e-06
13100 	 13417 	 7.1310811963e+01 	 3.8439265490e-06
13200 	 13517 	 7.1310811962e+01 	 4.1014962867e-06
13300 	 13618 	 7.1310811961e+01 	 3.8111599687e-06
13400 	 13720 	 7.1310811960e+01 	 2.9636046672e-06
13500 	 13823 	 7.1310811959e+01 	 3.0021246650e-06
13600 	 13928 	 7.1310811959e+01 	 2.6467134557e-06
13700 	 14029 	 7.1310811958e+01 	 2.3071946922e-06
13800 	 14130 	 7.1310811958e+01 	 2.3444201119e-06
13900 	 14233 	 7.1310811957e+01 	 2.5351900448e-06
14000 	 14336 	 7.1310811957e+01 	 2.6654033817e-06
14100 	 14439 	 7.1310811957e+01 	 2.6175274289e-06
14200 	 14541 	 7.1310811956e+01 	 2.0583009538e-06
14300 	 14644 	 7.1310811956e+01 	 2.2287587154e-06
14400 	 14746 	 7.1310811955e+01 	 5.6612959165e-06
14500 	 14848 	 7.1310811955e+01 	 3.2274789324e-06
14600 	 14950 	 7.1310811955e+01 	 1.7569721651e-06
14700 	 15051 	 7.1310811955e+01 	 4.6888792864e-06
14800 	 15155 	 7.1310811954e+01 	 1.5015060177e-06
14900 	 15258 	 7.1310811954e+01 	 3.1835039557e-06
15000 	 15359 	 7.1310811954e+01 	 2.0422379935e-06
15100 	 15462 	 7.1310811953e+01 	 3.3448293178e-06
15200 	 15563 	 7.1310811953e+01 	 1.6269159575e-06
15300 	 15666 	 7.1310811953e+01 	 1.5790210651e-06
15400 	 15770 	 7.1310811953e+01 	 1.4366127008e-06
15500 	 15872 	 7.1310811953e+01 	 1.4884860079e-06
15600 	 15975 	 7.1310811952e+01 	 1.5041731405e-06
15700 	 16080 	 7.1310811952e+01 	 1.5075302807e-06
15800 	 16184 	 7.1310811952e+01 	 1.2581284674e-06
15900 	 16287 	 7.1310811952e+01 	 1.1352269135e-06
16000 	 16389 	 7.1310811952e+01 	 1.8170711693e-06
16100 	 16497 	 7.1310811952e+01 	 1.4862633144e-06
16200 	 16598 	 7.1310811952e+01 	 1.3120816387e-06
16300 	 16705 	 7.1310811951e+01 	 8.2012705660e-07
16400 	 16816 	 7.1310811951e+01 	 7.2144219455e-07
16500 	 16928 	 7.1310811951e+01 	 6.9818832363e-07
16600 	 17038 	 7.1310811951e+01 	 5.3032489615e-07
16700 	 17145 	 7.1310811951e+01 	 9.5380085579e-07
# ---- 
 1 		 16765 	 17244 		 7.9052273078e+01 	 7.1310811951e+01 	 6.8354889112e-07
# ---- 
100 	 102 	 7.1291170312e+01 	 4.4842791186e-02
200 	 206 	 7.1236538366e+01 	 2.2527925794e-02
300 	 310 	 7.1222374932e+01 	 1.6489855301e-02
400 	 412 	 7.1216594520e+01 	 5.9126558177e-03
500 	 516 	 7.1213589763e+01 	 9.7728077209e-03
600 	 617 	 7.1212169993e+01 	 4.4923918597e-03
700 	 720 	 7.1211268622e+01 	 6.3631528269e-03
800 	 821 	 7.1210716125e+01 	 2.5464782594e-03
900 	 923 	 7.1210396116e+01 	 1.8907517192e-03
1000 	 1024 	 7.1210219353e+01 	 2.4914256612e-03
1100 	 1125 	 7.1210088989e+01 	 1.0408020278e-03
1200 	 1226 	 7.1209967225e+01 	 1.2928243847e-03
1300 	 1330 	 7.1209870948e+01 	 1.3623947930e-03
1400 	 1435 	 7.1209772477e+01 	 1.0693206969e-03
1500 	 1535 	 7.1209683717e+01 	 2.1417424255e-03
1600 	 1638 	 7.1209605087e+01 	 9.8333551740e-04
1700 	 1743 	 7.1209540211e+01 	 7.2173656456e-04
1800 	 1847 	 7.1209497091e+01 	 6.1719660034e-04
1900 	 1950 	 7.1209455170e+01 	 6.0181324163e-04
2000 	 2050 	 7.1209412549e+01 	 2.3712843032e-03
2100 	 2154 	 7.1209367026e+01 	 8.4928815037e-04
2200 	 2256 	 7.1209321501e+01 	 6.6097009831e-04
2300 	 2357 	 7.1209271878e+01 	 1.1947157852e-03
2400 	 2459 	 7.1209218470e+01 	 7.6182124638e-04
2500 	 2563 	 7.1209175524e+01 	 7.3988194276e-04
2600 	 2665 	 7.1209134519e+01 	 6.8598259144e-04
2700 	 2768 	 7.1209096499e+01 	 6.8685843556e-04
2800 	 2869 	 7.1209064943e+01 	 5.1930835447e-04
2900 	 2971 	 7.1209040720e+01 	 5.8237350325e-04
3000 	 3072 	 7.1209019309e+01 	 5.1215677496e-04
3100 	 3177 	 7.1209001047e+01 	 7.3806005671e-04
3200 	 3278 	 7.1208985306e+01 	 6.3076652519e-04
3300 	 3379 	 7.1208969725e+01 	 4.6558607466e-04
3400 	 3480 	 7.1208954984e+01 	 4.1987749763e-04
3500 	 3582 	 7.1208937847e+01 	 4.3550220921e-04
3600 	 3685 	 7.1208921222e+01 	 3.7165566076e-04
3700 	 3787 	 7.1208907725e+01 	 3.0436592120e-04
3800 	 3890 	 7.1208896210e+01 	 3.7681796924e-04
3900 	 3990 	 7.1208884158e+01 	 3.7339003539e-04
4000 	 4092 	 7.1208870625e+01 	 5.1204401022e-04
4100 	 4194 	 7.1208858032e+01 	 7.1269438350e-04
4200 	 4295 	 7.1208846149e+01 	 3.6124703360e-04
4300 	 4397 	 7.1208834371e+01 	 4.0153610748e-04
4400 	 4500 	 7.1208823518e+01 	 3.2172226695e-04
4500 	 4601 	 7.1208812742e+01 	 3.8012677380e-04
4600 	 4701 	 7.1208803399e+01 	 2.9124078345e-04
4700 	 4804 	 7.1208794430e+01 	 4.0593843271e-04
4800 	 4906 	 7.1208784964e+01 	 6.9415947905e-04
4900 	 5008 	 7.1208776692e+01 	 7.1811144972e-04
5000 	 5110 	 7.1208767976e+01 	 4.2669271933e-04
5100 	 5212 	 7.1208760321e+01 	 3.3167451330e-04
5200 	 5313 	 7.1208752665e+01 	 3.1085736526e-04
5300 	 5416 	 7.1208746433e+01 	 3.2764471942e-04
5400 	 5521 	 7.1208741211e+01 	 2.3656093965e-04
5500 	 5624 	 7.1208736289e+01 	 1.9991575395e-04
5600 	 5726 	 7.1208731784e+01 	 1.6816765539e-04
5700 	 5830 	 7.1208728342e+01 	 5.3124748204e-04
5800 	 5931 	 7.1208725411e+01 	 1.7753773243e-04
5900 	 6034 	 7.1208722634e+01 	 1.7466595002e-04
6000 	 6137 	 7.1208719668e+01 	 3.6798216270e-04
6100 	 6240 	 7.1208716670e+01 	 1.5681392133e-04
6200 	 6343 	 7.1208713413e+01 	 2.2096547187e-04
6300 	 6445 	 7.1208710095e+01 	 1.9533899214e-04
6400 	 6549 	 7.1208707209e+01 	 2.4812960739e-04
6500 	 6650 	 7.1208705094e+01 	 2.7594636905e-04
6600 	 6752 	 7.1208703005e+01 	 1.5731531736e-04
6700 	 6853 	 7.1208700805e+01 	 1.9004922326e-04
6800 	 6955 	 7.1208699033e+01 	 2.1105548889e-04
6900 	 7058 	 7.1208697632e+01 	 1.4068336023e-04
7000 	 7160 	 7.1208696087e+01 	 3.6384960500e-04
7100 	 7260 	 7.1208694706e+01 	 1.3691880295e-04
7200 	 7363 	 7.1208693544e+01 	 1.0731793169e-04
7300 	 7466 	 7.1208692718e+01 	 7.9258303512e-05
7400 	 7567 	 7.1208692152e+01 	 9.7258940002e-05
7500 	 7669 	 7.1208691659e+01 	 1.6533855534e-04
7600 	 7773 	 7.1208691290e+01 	 1.3831018388e-04
7700 	 7875 	 7.1208690969e+01 	 1.0571148190e-04
7800 	 7977 	 7.1208690654e+01 	 7.1903251642e-05
7900 	 8079 	 7.1208690397e+01 	 6.0008376013e-05
8000 	 8179 	 7.1208690041e+01 	 8.2224298910e-05
8100 	 8282 	 7.1208689630e+01 	 6.4938012130e-05
8200 	 8386 	 7.1208689300e+01 	 1.4841911345e-04
8300 	 8490 	 7.1208688911e+01 	 6.4123965704e-05
8400 	 8594 	 7.1208688515e+01 	 6.9642974121e-05
8500 	 8696 	 7.1208688145e+01 	 4.8195249206e-05
8600 	 8797 	 7.1208687959e+01 	 4.8327615774e-05
8700 	 8898 	 7.1208687760e+01 	 6.5528744208e-05
8800 	 9000 	 7.1208687539e+01 	 4.3904107583e-05
8900 	 9103 	 7.1208687303e+01 	 6.1734087015e-05
9000 	 9208 	 7.1208687042e+01 	 5.3611940253e-05
9100 	 9311 	 7.1208686795e+01 	 9.1920235622e-05
9200 	 9412 	 7.1208686552e+01 	 6.3098198673e-05
9300 	 9514 	 7.1208686375e+01 	 4.2318359725e-05
9400 	 9616 	 7.1208686188e+01 	 1.1940279362e-04
9500 	 9719 	 7.1208686002e+01 	 4.5954528002e-05
9600 	 9824 	 7.1208685827e+01 	 8.5583023218e-05
9700 	 9927 	 7.1208685664e+01 	 3.4131394268e-05
9800 	 10030 	 7.1208685515e+01 	 6.1393980158e-05
9900 	 10134 	 7.1208685429e+01 	 2.9965916151e-05
10000 	 10235 	 7.1208685337e+01 	 3.0258308708e-05
10100 	 10338 	 7.1208685236e+01 	 2.5236783118e-05
10200 	 10444 	 7.1208685141e+01 	 3.7149708595e-05
10300 	 10545 	 7.1208685055e+01 	 3.3019159703e-05
10400 	 10648 	 7.1208684953e+01 	 2.6649153939e-05
10500 	 10749 	 7.1208684870e+01 	 3.2702901864e-05
10600 	 10852 	 7.1208684811e+01 	 4.7883109729e-05
10700 	 10955 	 7.1208684754e+01 	 4.1029912413e-05
10800 	 11056 	 7.1208684700e+01 	 5.9760602620e-05
10900 	 11158 	 7.1208684649e+01 	 2.3508178363e-05
11000 	 11262 	 7.1208684607e+01 	 4.9743514741e-05
11100 	 11363 	 7.1208684564e+01 	 3.8730153680e-05
11200 	 11466 	 7.1208684522e+01 	 1.7517759868e-05
11300 	 11568 	 7.1208684489e+01 	 2.7316290132e-05
11400 	 11670 	 7.1208684457e+01 	 1.6420494058e-05
11500 	 11771 	 7.1208684426e+01 	 1.3985400336e-05
11600 	 11875 	 7.1208684404e+01 	 2.7475131622e-05
11700 	 11977 	 7.1208684383e+01 	 4.0508178954e-05
11800 	 12080 	 7.1208684360e+01 	 2.1649567789e-05
11900 	 12183 	 7.1208684335e+01 	 4.2675375891e-05
12000 	 12283 	 7.1208684315e+01 	 1.1715214289e-05
12100 	 12386 	 7.1208684297e+01 	 1.3699231618e-05
12200 	 12490 	 7.1208684280e+01 	 2.1220262815e-05
12300 	 12591 	 7.1208684259e+01 	 2.1024911940e-05
12400 	 12693 	 7.1208684238e+01 	 3.2376041506e-05
12500 	 12797 	 7.1208684219e+01 	 1.5304256173e-05
12600 	 12901 	 7.1208684197e+01 	 2.1314481491e-05
12700 	 13003 	 7.1208684175e+01 	 1.0387688542e-05
12800 	 13105 	 7.1208684158e+01 	 1.7848729050e-05
12900 	 13206 	 7.1208684143e+01 	 1.1360933429e-05
13000 	 13308 	 7.1208684134e+01 	 7.3892609080e-06
13100 	 13408 	 7.1208684127e+01 	 1.2247733774e-05
13200 	 13509 	 7.1208684118e+01 	 1.2514058021e-05
13300 	 13612 	 7.1208684110e+01 	 8.2142773446e-06
13400 	 13714 	 7.1208684105e+01 	 6.6677028401e-06
13500 	 13815 	 7.1208684101e+01 	 8.1477071485e-06
13600 	 13918 	 7.1208684097e+01 	 4.9145793677e-06
13700 	 14019 	 7.1208684095e+01 	 4.5314110401e-06
13800 	 14123 	 7.1208684093e+01 	 4.2399366244e-06
13900 	 14226 	 7.1208684091e+01 	 7.2169617563e-06
14000 	 14327 	 7.1208684088e+01 	 4.0486626639e-06
14100 	 14428 	 7.1208684085e+01 	 5.7524489671e-06
14200 	 14529 	 7.1208684081e+01 	 5.9644994656e-06
14300 	 14633 	 7.1208684078e+01 	 9.7683359016e-06
14400 	 14735 	 7.1208684075e+01 	 6.9434352983e-06
14500 	 14838 	 7.1208684071e+01 	 1.0382274971e-05
14600 	 14941 	 7.1208684068e+01 	 6.0844693944e-06
14700 	 15041 	 7.1208684065e+01 	 7.0992953443e-06
14800 	 15143 	 7.1208684062e+01 	 8.4305098853e-06
14900 	 15245 	 7.1208684060e+01 	 4.5056992132e-06
15000 	 15345 	 7.1208684058e+01 	 7.0719432528e-06
15100 	 15448 	 7.1208684056e+01 	 7.8673114596e-06
15200 	 15549 	 7.1208684055e+01 	 5.3972390747e-06
15300 	 15653 	 7.1208684053e+01 	 4.3429440293e-06
15400 	 15754 	 7.1208684051e+01 	 4.7621158573e-06
15500 	 15859 	 7.1208684050e+01 	 3.0341690308e-06
15600 	 15963 	 7.1208684049e+01 	 6.4815197544e-06
15700 	 16065 	 7.1208684047e+01 	 3.2453463500e-06
15800 	 16169 	 7.1208684046e+01 	 8.3034019756e-06
15900 	 16272 	 7.1208684045e+01 	 4.5667921299e-06
16000 	 16372 	 7.1208684044e+01 	 7.6413087153e-06
16100 	 16476 	 7.1208684043e+01 	 2.4687794280e-06
16200 	 16579 	 7.1208684043e+01 	 2.8535339693e-06
16300 	 16679 	 7.1208684042e+01 	 1.8854485210e-06
16400 	 16782 	 7.1208684042e+01 	 2.2856412442e-06
16500 	 16884 	 7.1208684041e+01 	 5.6428303868e-06
16600 	 16984 	 7.1208684041e+01 	 3.8423664348e-06
16700 	 17086 	 7.1208684040e+01 	 2.2273672912e-06
16800 	 17187 	 7.1208684040e+01 	 3.7771035880e-06
16900 	 17289 	 7.1208684039e+01 	 2.7188847348e-06
17000 	 17391 	 7.1208684039e+01 	 2.4153322940e-06
17100 	 17494 	 7.1208684038e+01 	 4.1911547649e-06
17200 	 17598 	 7.1208684038e+01 	 4.3165811660e-06
17300 	 17700 	 7.1208684037e+01 	 3.3130082580e-06
17400 	 17803 	 7.1208684037e+01 	 1.5863959758e-06
17500 	 17906 	 7.1208684037e+01 	 2.2534595817e-06
17600 	 18008 	 7.1208684036e+01 	 1.9398894725e-06
17700 	 18110 	 7.1208684036e+01 	 1.0535793827e-06
17800 	 18214 	 7.1208684036e+01 	 1.4324414401e-06
17900 	 18317 	 7.1208684036e+01 	 1.1811323066e-06
18000 	 18421 	 7.1208684036e+01 	 1.2075192224e-06
18100 	 18530 	 7.1208684036e+01 	 1.1282125426e-06
18200 	 18644 	 7.1208684036e+01 	 8.0105077261e-07
18300 	 18753 	 7.1208684036e+01 	 4.0113901476e-07
# ---- 
 1 		 18315 	 18785 		 7.9026440696e+01 	 7.1208684036e+01 	 6.2992896882e-07
# ---- 
100 	 107 	 7.1213425336e+01 	 5.4352897734e-02
200 	 209 	 7.1150896916e+01 	 2.2419803509e-02
300 	 309 	 7.1135118252e+01 	 9.9447633587e-03
400 	 410 	 7.1129009963e+01 	 8.0861600493e-03
500 	 513 	 7.1125834437e+01 	 7.7898776447e-03
600 	 618 	 7.1124178436e+01 	 6.2159036907e-03
700 	 720 	 7.1123175961e+01 	 9.2991963621e-03
800 	 824 	 7.1122545242e+01 	 2.6934752524e-03
900 	 927 	 7.1122186737e+01 	 3.0637636607e-03
1000 	 1032 	 7.1121954034e+01 	 1.4579362794e-03
1100 	 1134 	 7.1121797331e+01 	 1.3755079178e-03
1200 	 1237 	 7.1121664396e+01 	 1.0272010836e-03
1300 	 1338 	 7.1121556285e+01 	 1.3478075447e-03
1400 	 1439 	 7.1121441907e+01 	 2.5603294273e-03
1500 	 1541 	 7.1121334707e+01 	 1.3213489471e-03
1600 	 1644 	 7.1121243673e+01 	 8.6467730331e-04
1700 	 1745 	 7.1121167755e+01 	 1.0688034799e-03
1800 	 1847 	 7.1121104077e+01 	 9.5206262110e-04
1900 	 1949 	 7.1121047879e+01 	 8.2056396948e-04
2000 	 2049 	 7.1120992656e+01 	 6.1701905206e-04
2100 	 2154 	 7.1120940471e+01 	 8.6277855942e-04
2200 	 2256 	 7.1120893147e+01 	 8.6905229977e-04
2300 	 2358 	 7.1120841234e+01 	 1.5681991848e-03
2400 	 2462 	 7.1120785368e+01 	 1.0330487630e-03
2500 	 2567 	 7.1120747550e+01 	 1.0940304227e-03
2600 	 2669 	 7.1120711276e+01 	 6.7177835798e-04
2700 	 2770 	 7.1120683721e+01 	 5.0769018900e-04
2800 	 2872 	 7.1120656247e+01 	 4.7570505622e-04
2900 	 2973 	 7.1120635141e+01 	 4.9214559770e-04
3000 	 3075 	 7.1120616873e+01 	 1.1440380944e-03
3100 	 3176 	 7.1120601593e+01 	 3.3690648834e-04
3200 	 3276 	 7.1120588737e+01 	 6.6521416050e-04
3300 	 3377 	 7.1120571635e+01 	 4.7083571929e-04
3400 	 3481 	 7.1120555387e+01 	 4.2437210590e-04
3500 	 3584 	 7.1120537993e+01 	 4.5852162869e-04
3600 	 3686 	 7.1120522069e+01 	 4.4358196376e-04
3700 	 3790 	 7.1120505444e+01 	 1.3374151156e-03
3800 	 3895 	 7.1120490551e+01 	 3.3344326755e-04
3900 	 3998 	 7.1120476378e+01 	 4.7148095196e-04
4000 	 4100 	 7.1120457724e+01 	 7.3870431294e-04
4100 	 4201 	 7.1120440390e+01 	 4.5076561560e-04
4200 	 4303 	 7.1120424580e+01 	 4.5867647682e-04
4300 	 4406 	 7.1120413016e+01 	 2.7396332116e-04
4400 	 4508 	 7.1120402715e+01 	 2.7966925595e-04
4500 	 4609 	 7.1120393418e+01 	 2.4390364247e-04
4600 	 4711 	 7.1120384193e+01 	 5.3835042721e-04
4700 	 4811 	 7.1120376206e+01 	 2.6808115446e-04
4800 	 4912 	 7.1120369699e+01 	 3.0651631288e-04
4900 	 5013 	 7.1120362178e+01 	 3.2180910275e-04
5000 	 5116 	 7.1120353600e+01 	 4.3919133630e-04
5100 	 5219 	 7.1120344261e+01 	 3.3335778782e-04
5200 	 5321 	 7.1120335053e+01 	 2.4676660329e-04
5300 	 5423 	 7.1120326646e+01 	 3.3451107344e-04
5400 	 5526 	 7.1120319108e+01 	 2.6683451914e-04
5500 	 5630 	 7.1120313017e+01 	 3.3059846061e-04
5600 	 5733 	 7.1120306609e+01 	 3.3933735019e-04
5700 	 5834 	 7.1120301820e+01 	 1.6715271748e-04
5800 	 5936 	 7.1120297306e+01 	 1.9065654946e-04
5900 	 6038 	 7.1120292618e+01 	 2.7208827187e-04
6000 	 6140 	 7.1120287366e+01 	 2.8828806214e-04
6100 	 6243 	 7.1120282140e+01 	 2.3451402741e-04
6200 	 6346 	 7.1120278325e+01 	 2.1636427410e-04
6300 	 6449 	 7.1120275429e+01 	 2.0054245937e-04
6400 	 6552 	 7.1120273136e+01 	 2.0146851262e-04
6500 	 6656 	 7.1120271030e+01 	 2.9125624465e-04
6600 	 6760 	 7.1120268646e+01 	 1.6069880203e-04
6700 	 6862 	 7.1120265939e+01 	 1.5733638250e-04
6800 	 6962 	 7.1120263661e+01 	 2.5967139332e-04
6900 	 7063 	 7.1120261930e+01 	 2.5380087335e-04
7000 	 7164 	 7.1120260077e+01 	 1.4945221635e-04
7100 	 7268 	 7.1120258436e+01 	 1.4575042146e-04
7200 	 7370 	 7.1120257172e+01 	 8.1547680033e-05
7300 	 7472 	 7.1120256102e+01 	 1.1486911673e-04
7400 	 7575 	 7.1120255250e+01 	 7.9158760282e-05
7500 	 7675 	 7.1120254302e+01 	 1.9128479132e-04
7600 	 7779 	 7.1120253419e+01 	 2.3352704688e-04
7700 	 7881 	 7.1120252615e+01 	 1.1179845517e-04
7800 	 7984 	 7.1120251671e+01 	 1.1446311375e-04
7900 	 8089 	 7.1120250762e+01 	 7.7085432916e-05
8000 	 8191 	 7.1120249753e+01 	 1.7064668670e-04
8100 	 8294 	 7.1120248815e+01 	 9.8947448154e-05
8200 	 8396 	 7.1120247921e+01 	 1.9637888432e-04
8300 	 8498 	 7.1120247088e+01 	 1.8641464265e-04
8400 	 8600 	 7.1120246330e+01 	 6.5354072443e-05
8500 	 8701 	 7.1120245743e+01 	 1.0838466577e-04
8600 	 8801 	 7.1120245187e+01 	 1.3577380761e-04
8700 	 8906 	 7.1120244529e+01 	 8.8453217539e-05
8800 	 9010 	 7.1120244078e+01 	 1.1290869994e-04
8900 	 9112 	 7.1120243667e+01 	 6.2508386173e-05
9000 	 9215 	 7.1120243391e+01 	 6.3432771876e-05
9100 	 9318 	 7.1120243134e+01 	 5.8777372877e-05
9200 	 9420 	 7.1120242881e+01 	 6.0926101460e-05
9300 	 9524 	 7.1120242568e+01 	 8.4148892320e-05
9400 	 9627 	 7.1120242228e+01 	 8.3725509133e-05
9500 	 9729 	 7.1120241955e+01 	 5.7783849338e-05
9600 	 9833 	 7.1120241699e+01 	 5.7391190874e-05
9700 	 9934 	 7.1120241443e+01 	 5.1077134359e-05
9800 	 10037 	 7.1120241117e+01 	 7.7915033960e-05
9900 	 10139 	 7.1120240716e+01 	 8.9634817590e-05
10000 	 10242 	 7.1120240373e+01 	 1.1102924335e-04
10100 	 10345 	 7.1120240040e+01 	 5.9912083651e-05
10200 	 10446 	 7.1120239760e+01 	 6.9526680927e-05
10300 	 10549 	 7.1120239497e+01 	 7.3355442142e-05
10400 	 10651 	 7.1120239285e+01 	 5.1693498989e-05
10500 	 10753 	 7.1120239067e+01 	 4.2447919825e-05
10600 	 10854 	 7.1120238848e+01 	 6.0306644954e-05
10700 	 10956 	 7.1120238597e+01 	 6.8318896434e-05
10800 	 11058 	 7.1120238406e+01 	 1.2648366654e-04
10900 	 11162 	 7.1120238242e+01 	 4.2728507729e-05
11000 	 11263 	 7.1120238106e+01 	 3.8906817293e-05
11100 	 11365 	 7.1120237981e+01 	 3.7664213187e-05
11200 	 11467 	 7.1120237905e+01 	 8.6776337012e-05
11300 	 11571 	 7.1120237850e+01 	 1.9419015478e-05
11400 	 11675 	 7.1120237807e+01 	 2.0410191308e-05
11500 	 11778 	 7.1120237776e+01 	 2.6840530195e-05
11600 	 11879 	 7.1120237742e+01 	 2.0821549069e-05
11700 	 11980 	 7.1120237713e+01 	 1.9718228476e-05
11800 	 12084 	 7.1120237685e+01 	 1.6677459679e-05
11900 	 12186 	 7.1120237652e+01 	 1.6318693441e-05
12000 	 12289 	 7.1120237616e+01 	 1.7719198708e-05
12100 	 12392 	 7.1120237580e+01 	 3.1058875319e-05
12200 	 12493 	 7.1120237557e+01 	 3.0066418386e-05
12300 	 12595 	 7.1120237535e+01 	 3.3563519240e-05
12400 	 12700 	 7.1120237516e+01 	 1.4597347170e-05
12500 	 12803 	 7.1120237500e+01 	 2.3235570948e-05
12600 	 12905 	 7.1120237487e+01 	 1.6536208532e-05
12700 	 13007 	 7.1120237474e+01 	 1.0021320837e-05
12800 	 13109 	 7.1120237462e+01 	 1.0939181059e-05
12900 	 13211 	 7.1120237453e+01 	 1.2028978624e-05
13000 	 13311 	 7.1120237440e+01 	 1.7951502633e-05
13100 	 13413 	 7.1120237429e+01 	 1.1804856721e-05
13200 	 13516 	 7.1120237418e+01 	 1.6950118923e-05
13300 	 13618 	 7.1120237407e+01 	 4.5727437372e-05
13400 	 13721 	 7.1120237395e+01 	 1.0533101107e-05
13500 	 13826 	 7.1120237383e+01 	 1.1019507952e-05
13600 	 13927 	 7.1120237373e+01 	 8.3530932513e-06
13700 	 14030 	 7.1120237363e+01 	 1.0181951986e-05
13800 	 14133 	 7.1120237355e+01 	 1.0340857621e-05
13900 	 14234 	 7.1120237349e+01 	 9.1495842428e-06
14000 	 14337 	 7.1120237342e+01 	 7.7164979777e-06
14100 	 14440 	 7.1120237336e+01 	 1.1911543370e-05
14200 	 14541 	 7.1120237331e+01 	 6.9312165956e-06
14300 	 14643 	 7.1120237327e+01 	 1.1929318451e-05
14400 	 14744 	 7.1120237322e+01 	 7.9007066439e-06
14500 	 14845 	 7.1120237319e+01 	 7.2288086934e-06
14600 	 14949 	 7.1120237316e+01 	 5.7602509472e-06
14700 	 15052 	 7.1120237313e+01 	 4.7785597101e-06
14800 	 15154 	 7.1120237310e+01 	 9.8130458048e-06
14900 	 15257 	 7.1120237309e+01 	 8.2768784189e-06
15000 	 15359 	 7.1120237308e+01 	 2.8027519726e-06
15100 	 15462 	 7.1120237307e+01 	 2.6151300855e-06
15200 	 15566 	 7.1120237306e+01 	 2.7368900106e-06
15300 	 15669 	 7.1120237305e+01 	 5.8066315193e-06
15400 	 15774 	 7.1120237302e+01 	 5.8789742972e-06
15500 	 15875 	 7.1120237298e+01 	 9.5839004811e-06
15600 	 15977 	 7.1120237295e+01 	 8.4042901663e-06
15700 	 16079 	 7.1120237291e+01 	 5.5806521076e-06
15800 	 16183 	 7.1120237288e+01 	 5.7370481857e-06
15900 	 16284 	 7.1120237286e+01 	 8.5874716712e-06
16000 	 16388 	 7.1120237284e+01 	 7.1100110374e-06
16100 	 16491 	 7.1120237283e+01 	 3.8109455010e-06
16200 	 16593 	 7.1120237281e+01 	 5.9737352752e-06
16300 	 16699 	 7.1120237280e+01 	 3.3899504642e-06
16400 	 16801 	 7.1120237279e+01 	 3.5681698115e-06
16500 	 16902 	 7.1120237279e+01 	 2.5906961431e-06
16600 	 17005 	 7.1120237278e+01 	 3.4328211070e-06
16700 	 17110 	 7.1120237278e+01 	 3.1350316131e-06
16800 	 17211 	 7.1120237278e+01 	 2.2627717276e-06
16900 	 17313 	 7.1120237277e+01 	 2.1031449812e-06
17000 	 17416 	 7.1120237277e+01 	 1.4684672411e-06
17100 	 17519 	 7.1120237277e+01 	 2.3132907088e-06
17200 	 17621 	 7.1120237276e+01 	 1.9078268393e-06
17300 	 17724 	 7.1120237276e+01 	 1.5416071778e-06
17400 	 17826 	 7.1120237276e+01 	 2.6126933096e-06
17500 	 17929 	 7.1120237275e+01 	 1.2764916912e-06
17600 	 18035 	 7.1120237275e+01 	 1.7913898500e-06
17700 	 18137 	 7.1120237275e+01 	 2.0361399616e-06
17800 	 18241 	 7.1120237275e+01 	 3.1735744695e-06
17900 	 18342 	 7.1120237275e+01 	 1.2962259463e-06
18000 	 18444 	 7.1120237274e+01 	 1.0819873031e-06
18100 	 18545 	 7.1120237274e+01 	 3.0345671973e-06
18200 	 18648 	 7.1120237274e+01 	 1.3446002713e-06
18300 	 18754 	 7.1120237274e+01 	 1.4082967660e-06
18400 	 18858 	 7.1120237274e+01 	 1.3605332200e-06
18500 	 18961 	 7.1120237274e+01 	 2.0676405093e-06
18600 	 19065 	 7.1120237274e+01 	 1.2209636892e-06
18700 	 19170 	 7.1120237274e+01 	 1.0180703081e-06
18800 	 19271 	 7.1120237273e+01 	 1.9752773647e-06
18900 	 19375 	 7.1120237273e+01 	 1.2272930913e-06
19000 	 19483 	 7.1120237273e+01 	 1.0470425251e-06
19100 	 19588 	 7.1120237273e+01 	 2.0462791931e-06
19200 	 19692 	 7.1120237273e+01 	 1.3454476697e-06
19300 	 19799 	 7.1120237273e+01 	 1.1399866513e-06
19400 	 19903 	 7.1120237273e+01 	 1.0492136657e-06
19500 	 20009 	 7.1120237273e+01 	 9.7722741076e-07
19600 	 20115 	 7.1120237273e+01 	 1.4256757345e-06
19700 	 20224 	 7.1120237273e+01 	 5.9549132830e-07
19800 	 20336 	 7.1120237273e+01 	 1.3648473064e-06
19900 	 20447 	 7.1120237273e+01 	 5.4769904618e-07
20000 	 20559 	 7.1120237273e+01 	 6.7952421707e-07
20100 	 20671 	 7.1120237273e+01 	 4.6915007033e-07
20200 	 20779 	 7.1120237273e+01 	 9.5212941939e-07
20300 	 20896 	 7.1120237273e+01 	 1.0491070345e-06
# ---- 
 1 		 20340 	 20965 		 7.9019738245e+01 	 7.1120237273e+01 	 3.4490643628e-07
# ---- 
100 	 104 	 7.1126561483e+01 	 5.7626448448e-02
200 	 207 	 7.1071060502e+01 	 4.3317053246e-02
300 	 310 	 7.1056165646e+01 	 2.2048762888e-02
400 	 410 	 7.1050582361e+01 	 7.3925958029e-03
500 	 513 	 7.1047838054e+01 	 5.6806885273e-03
600 	 616 	 7.1046259979e+01 	 4.7947001619e-03
700 	 720 	 7.1045362217e+01 	 2.7958010689e-03
800 	 823 	 7.1044845644e+01 	 2.5669371076e-03
900 	 926 	 7.1044488883e+01 	 1.8705010711e-03
1000 	 1027 	 7.1044251161e+01 	 1.6851479365e-03
1100 	 1128 	 7.1044106129e+01 	 1.2485228718e-03
1200 	 1234 	 7.1043996178e+01 	 1.3754772879e-03
1300 	 1336 	 7.1043885600e+01 	 1.2289132963e-03
1400 	 1439 	 7.1043791007e+01 	 1.2159761258e-03
1500 	 1542 	 7.1043702028e+01 	 8.8024100628e-04
1600 	 1646 	 7.1043625719e+01 	 1.1726388623e-03
1700 	 1749 	 7.1043569646e+01 	 6.4523445082e-04
1800 	 1852 	 7.1043516393e+01 	 8.4473039309e-04
1900 	 1954 	 7.1043463436e+01 	 6.8532463082e-04
2000 	 2057 	 7.1043414335e+01 	 1.0229621636e-03
2100 	 2160 	 7.1043374006e+01 	 7.2435198396e-04
2200 	 2264 	 7.1043335469e+01 	 6.4871768142e-04
2300 	 2364 	 7.1043289490e+01 	 8.3877540833e-04
2400 	 2466 	 7.1043241240e+01 	 8.4686620200e-04
2500 	 2569 	 7.1043197455e+01 	 6.4328113665e-04
2600 	 2670 	 7.1043159870e+01 	 2.2009006875e-03
2700 	 2772 	 7.1043122615e+01 	 5.3553373893e-04
2800 	 2873 	 7.1043094403e+01 	 4.6276064218e-04
2900 	 2975 	 7.1043072084e+01 	 5.6242634513e-04
3000 	 3079 	 7.1043049025e+01 	 7.4836535788e-04
3100 	 3179 	 7.1043029315e+01 	 5.0141671190e-04
3200 	 3280 	 7.1043010950e+01 	 8.8095864534e-04
3300 	 3383 	 7.1042992549e+01 	 5.4983725469e-04
3400 	 3488 	 7.1042972933e+01 	 3.6609215698e-04
3500 	 3589 	 7.1042956756e+01 	 3.4434209285e-04
3600 	 3693 	 7.1042940180e+01 	 4.6264790910e-04
3700 	 3795 	 7.1042924523e+01 	 5.9110743431e-04
3800 	 3897 	 7.1042910627e+01 	 7.3984158409e-04
3900 	 3998 	 7.1042896458e+01 	 6.1161796522e-04
4000 	 4101 	 7.1042881994e+01 	 6.3284579674e-04
4100 	 4205 	 7.1042868576e+01 	 3.5589984332e-04
4200 	 4308 	 7.1042857053e+01 	 8.6143019860e-04
4300 	 4408 	 7.1042845384e+01 	 6.7163406423e-04
4400 	 4511 	 7.1042833575e+01 	 4.0605177133e-04
4500 	 4615 	 7.1042821059e+01 	 3.1503838124e-04
4600 	 4718 	 7.1042809680e+01 	 2.5778141093e-04
4700 	 4819 	 7.1042800097e+01 	 3.1001151130e-04
4800 	 4923 	 7.1042790594e+01 	 3.6076074436e-04
4900 	 5024 	 7.1042779430e+01 	 4.5791281524e-04
5000 	 5125 	 7.1042768420e+01 	 2.8668584957e-04
5100 	 5230 	 7.1042755372e+01 	 3.6749712360e-04
5200 	 5333 	 7.1042743240e+01 	 3.4349657078e-04
5300 	 5434 	 7.1042733689e+01 	 4.7811513586e-04
5400 	 5537 	 7.1042725585e+01 	 2.8197821106e-04
5500 	 5641 	 7.1042719823e+01 	 2.7733602584e-04
5600 	 5744 	 7.1042714466e+01 	 2.6189461974e-04
5700 	 5848 	 7.1042709877e+01 	 7.3571369727e-04
5800 	 5951 	 7.1042706296e+01 	 1.6009994862e-04
5900 	 6054 	 7.1042702850e+01 	 5.7292362148e-04
6000 	 6157 	 7.1042699384e+01 	 1.5377822975e-04
6100 	 6259 	 7.1042695769e+01 	 2.7030377889e-04
6200 	 6360 	 7.1042692127e+01 	 1.6820554990e-04
6300 	 6463 	 7.1042688194e+01 	 2.3609467908e-04
6400 	 6566 	 7.1042684485e+01 	 1.7727987624e-04
6500 	 6667 	 7.1042681050e+01 	 3.5132463742e-04
6600 	 6768 	 7.1042677258e+01 	 1.7478341105e-04
6700 	 6870 	 7.1042673756e+01 	 1.9504029323e-04
6800 	 6973 	 7.1042670471e+01 	 1.8206103584e-04
6900 	 7075 	 7.1042667852e+01 	 1.8632035054e-04
7000 	 7179 	 7.1042665227e+01 	 1.9473456815e-04
7100 	 7282 	 7.1042662468e+01 	 2.3032366503e-04
7200 	 7385 	 7.1042660050e+01 	 1.7002198682e-04
7300 	 7486 	 7.1042658018e+01 	 1.4453233083e-04
7400 	 7591 	 7.1042656579e+01 	 1.3188448728e-04
7500 	 7696 	 7.1042655174e+01 	 1.0837004906e-04
7600 	 7799 	 7.1042653879e+01 	 1.1844858487e-04
7700 	 7903 	 7.1042652752e+01 	 1.1882247415e-04
7800 	 8005 	 7.1042651948e+01 	 7.2361854782e-05
7900 	 8106 	 7.1042651181e+01 	 1.6542104834e-04
8000 	 8209 	 7.1042650620e+01 	 9.2532043052e-05
8100 	 8312 	 7.1042650120e+01 	 7.9615233801e-05
8200 	 8413 	 7.1042649643e+01 	 9.2661191053e-05
8300 	 8517 	 7.1042649268e+01 	 5.7730510795e-05
8400 	 8619 	 7.1042648948e+01 	 4.5828766718e-05
8500 	 8722 	 7.1042648701e+01 	 4.7246669511e-05
8600 	 8824 	 7.1042648498e+01 	 3.7122152755e-05
8700 	 8928 	 7.1042648313e+01 	 8.0416211429e-05
8800 	 9032 	 7.1042648149e+01 	 3.8955706244e-05
8900 	 9134 	 7.1042648014e+01 	 3.2551238924e-05
9000 	 9236 	 7.1042647874e+01 	 3.2740367141e-05
9100 	 9339 	 7.1042647737e+01 	 3.7413862622e-05
9200 	 9439 	 7.1042647569e+01 	 5.2477318343e-05
9300 	 9541 	 7.1042647427e+01 	 5.6932623572e-05
9400 	 9645 	 7.1042647318e+01 	 3.5636587116e-05
9500 	 9745 	 7.1042647204e+01 	 3.8227400584e-05
9600 	 9845 	 7.1042647095e+01 	 3.5421431996e-05
9700 	 9947 	 7.1042646949e+01 	 4.6701396994e-05
9800 	 10050 	 7.1042646813e+01 	 3.6008107179e-05
9900 	 10153 	 7.1042646661e+01 	 6.2396951867e-05
10000 	 10258 	 7.1042646511e+01 	 4.1777836415e-05
10100 	 10360 	 7.1042646381e+01 	 6.6129612914e-05
10200 	 10461 	 7.1042646275e+01 	 4.5986855527e-05
10300 	 10565 	 7.1042646173e+01 	 4.9027345728e-05
10400 	 10667 	 7.1042646095e+01 	 3.9757581930e-05
10500 	 10770 	 7.1042646015e+01 	 3.3713956370e-05
10600 	 10873 	 7.1042645942e+01 	 3.4465895742e-05
10700 	 10977 	 7.1042645880e+01 	 2.8064424058e-05
10800 	 11079 	 7.1042645817e+01 	 2.4423211818e-05
10900 	 11184 	 7.1042645762e+01 	 2.9474690057e-05
11000 	 11287 	 7.1042645702e+01 	 2.0448672462e-05
11100 	 11390 	 7.1042645630e+01 	 3.2283256918e-05
11200 	 11492 	 7.1042645577e+01 	 1.6568405652e-05
11300 	 11597 	 7.1042645522e+01 	 2.2795201301e-05
11400 	 11701 	 7.1042645463e+01 	 2.7167415442e-05
11500 	 11804 	 7.1042645410e+01 	 2.1713157052e-05
11600 	 11908 	 7.1042645369e+01 	 2.1612395373e-05
11700 	 12009 	 7.1042645330e+01 	 1.7651486683e-05
11800 	 12111 	 7.1042645303e+01 	 2.1311626191e-05
11900 	 12214 	 7.1042645283e+01 	 1.4497218229e-05
12000 	 12316 	 7.1042645266e+01 	 1.5855266412e-05
12100 	 12420 	 7.1042645249e+01 	 1.9382164827e-05
12200 	 12521 	 7.1042645231e+01 	 1.1457355800e-05
12300 	 12622 	 7.1042645211e+01 	 2.1430347453e-05
12400 	 12724 	 7.1042645193e+01 	 1.1663953545e-05
12500 	 12826 	 7.1042645177e+01 	 1.4559709515e-05
12600 	 12929 	 7.1042645160e+01 	 2.6114847574e-05
12700 	 13031 	 7.1042645143e+01 	 1.2125486995e-05
12800 	 13133 	 7.1042645126e+01 	 1.3337312763e-05
12900 	 13236 	 7.1042645108e+01 	 1.4088745206e-05
13000 	 13340 	 7.1042645089e+01 	 1.7211530692e-05
13100 	 13443 	 7.1042645075e+01 	 2.6583314571e-05
13200 	 13545 	 7.1042645062e+01 	 9.4691685180e-06
13300 	 13647 	 7.1042645050e+01 	 1.2136340703e-05
13400 	 13752 	 7.1042645039e+01 	 1.1810085820e-05
13500 	 13854 	 7.1042645030e+01 	 1.2306838592e-05
13600 	 13959 	 7.1042645019e+01 	 2.1948085120e-05
13700 	 14062 	 7.1042645008e+01 	 1.1963121655e-05
13800 	 14166 	 7.1042644997e+01 	 1.1843745024e-05
13900 	 14268 	 7.1042644988e+01 	 6.4446335021e-06
14000 	 14371 	 7.1042644982e+01 	 1.7328710769e-05
14100 	 14474 	 7.1042644976e+01 	 9.7659060922e-06
14200 	 14578 	 7.1042644970e+01 	 1.0392274676e-05
14300 	 14681 	 7.1042644966e+01 	 9.1973017550e-06
14400 	 14781 	 7.1042644962e+01 	 9.7409342640e-06
14500 	 14882 	 7.1042644958e+01 	 1.6271645536e-05
14600 	 14983 	 7.1042644955e+01 	 1.1604109799e-05
14700 	 15085 	 7.1042644951e+01 	 5.7053589910e-06
14800 	 15187 	 7.1042644949e+01 	 6.7441433129e-06
14900 	 15292 	 7.1042644946e+01 	 5.4846779784e-06
15000 	 15394 	 7.1042644944e+01 	 7.5337415299e-06
15100 	 15495 	 7.1042644943e+01 	 3.6248336879e-06
15200 	 15598 	 7.1042644941e+01 	 2.8536033146e-06
15300 	 15702 	 7.1042644940e+01 	 4.1220407714e-06
15400 	 15805 	 7.1042644940e+01 	 3.2743405248e-06
15500 	 15906 	 7.1042644939e+01 	 2.2834103149e-06
15600 	 16007 	 7.1042644938e+01 	 2.0780844431e-06
15700 	 16110 	 7.1042644937e+01 	 3.3859553868e-06
15800 	 16214 	 7.1042644937e+01 	 2.3052898764e-06
15900 	 16317 	 7.1042644936e+01 	 2.4846265796e-06
16000 	 16418 	 7.1042644936e+01 	 2.2854622131e-06
16100 	 16520 	 7.1042644935e+01 	 1.9711495489e-06
16200 	 16622 	 7.1042644935e+01 	 3.5744666123e-06
16300 	 16727 	 7.1042644935e+01 	 1.5002335299e-06
16400 	 16830 	 7.1042644935e+01 	 2.0899150256e-06
16500 	 16932 	 7.1042644934e+01 	 1.5649336887e-06
16600 	 17035 	 7.1042644934e+01 	 3.7139367310e-06
16700 	 17138 	 7.1042644934e+01 	 2.5661551198e-06
16800 	 17241 	 7.1042644933e+01 	 2.6245706074e-06
16900 	 17346 	 7.1042644933e+01 	 2.1752788685e-06
17000 	 17450 	 7.1042644933e+01 	 3.4962340288e-06
17100 	 17552 	 7.1042644933e+01 	 2.0586054208e-06
17200 	 17653 	 7.1042644932e+01 	 1.7475053881e-06
17300 	 17756 	 7.1042644932e+01 	 1.3194524691e-06
17400 	 17857 	 7.1042644932e+01 	 1.6942148126e-06
17500 	 17960 	 7.1042644932e+01 	 1.7961565753e-06
17600 	 18063 	 7.1042644932e+01 	 1.2715648689e-06
17700 	 18164 	 7.1042644931e+01 	 2.4099989870e-06
17800 	 18265 	 7.1042644931e+01 	 1.1833570042e-06
17900 	 18369 	 7.1042644931e+01 	 1.7938348789e-06
18000 	 18473 	 7.1042644931e+01 	 1.1544218939e-06
18100 	 18579 	 7.1042644931e+01 	 1.0307545986e-06
18200 	 18681 	 7.1042644931e+01 	 1.0249607435e-06
18300 	 18791 	 7.1042644931e+01 	 7.2248690630e-07
18400 	 18895 	 7.1042644931e+01 	 7.8363451052e-07
18500 	 19006 	 7.1042644931e+01 	 1.0620012232e-06
18600 	 19112 	 7.1042644931e+01 	 7.2547184711e-07
18700 	 19218 	 7.1042644931e+01 	 7.4397453707e-07
18800 	 19327 	 7.1042644931e+01 	 9.5450649411e-07
18900 	 19429 	 7.1042644930e+01 	 1.0469425915e-06
19000 	 19534 	 7.1042644930e+01 	 8.1549414010e-07
19100 	 19640 	 7.1042644930e+01 	 8.9711014030e-07
19200 	 19746 	 7.1042644930e+01 	 1.1349887147e-06
19300 	 19854 	 7.1042644930e+01 	 9.9300106976e-07
19400 	 19961 	 7.1042644930e+01 	 4.6484300691e-07
19500 	 20069 	 7.1042644930e+01 	 1.5020383607e-06
19600 	 20180 	 7.1042644930e+01 	 6.8330626263e-07
19700 	 20295 	 7.1042644930e+01 	 5.2200231812e-07
19800 	 20405 	 7.1042644930e+01 	 1.0362975229e-06
# ---- 
 1 		 19879 	 20519 		 7.8944335782e+01 	 7.1042644930e+01 	 1.0285743375e-06
# ---- 
